<?xml version="1.0" encoding="UTF-8"?>
<gpx xmlns="http://www.topografix.com/GPX/1/1" xmlns:xsi="http://www.w3.org/2001/XMLSchema-instance" xsi:schemaLocation="http://www.topografix.com/GPX/1/1 http://www.topografix.com/GPX/1/1/gpx.xsd" version="1.1" creator="Openrunner - https://www.openrunner.com">
  <wpt lat="50.476723" lon="3.333594">
    <ele>0.0</ele>
    <name>Ravitaillement #1</name>
    <sym>3</sym>
  </wpt>
  <wpt lat="50.457201" lon="3.28412">
    <ele>0.0</ele>
    <name>Ravitaillement #2</name>
    <sym>3</sym>
  </wpt>
  <wpt lat="50.534024" lon="3.173645">
    <ele>0.0</ele>
    <name>Ravitaillement #3</name>
    <sym>3</sym>
  </wpt>
  <trk>
    <name>PRC26 - 145km-14232365</name>
    <trkseg>
      <trkpt lat="50.67629" lon="3.20175">
        <ele>36.0</ele>
        <time>2026-03-31T09:48:31Z</time>
      </trkpt>
      <trkpt lat="50.6763" lon="3.20151">
        <ele>36.0</ele>
        <time>2026-03-31T09:48:34Z</time>
      </trkpt>
      <trkpt lat="50.67605" lon="3.20139">
        <ele>37.0</ele>
        <time>2026-03-31T09:48:39Z</time>
      </trkpt>
      <trkpt lat="50.67482" lon="3.20296">
        <ele>37.0</ele>
        <time>2026-03-31T09:49:07Z</time>
      </trkpt>
      <trkpt lat="50.67398" lon="3.20329">
        <ele>38.0</ele>
        <time>2026-03-31T09:49:22Z</time>
      </trkpt>
      <trkpt lat="50.67253" lon="3.20474">
        <ele>39.0</ele>
        <time>2026-03-31T09:49:53Z</time>
      </trkpt>
      <trkpt lat="50.67098" lon="3.20654">
        <ele>37.0</ele>
        <time>2026-03-31T09:50:28Z</time>
      </trkpt>
      <trkpt lat="50.67083" lon="3.20705">
        <ele>36.0</ele>
        <time>2026-03-31T09:50:34Z</time>
      </trkpt>
      <trkpt lat="50.6702" lon="3.20811">
        <ele>34.0</ele>
        <time>2026-03-31T09:50:51Z</time>
      </trkpt>
      <trkpt lat="50.66923" lon="3.20958">
        <ele>34.0</ele>
        <time>2026-03-31T09:51:15Z</time>
      </trkpt>
      <trkpt lat="50.66826" lon="3.21061">
        <ele>33.0</ele>
        <time>2026-03-31T09:51:36Z</time>
      </trkpt>
      <trkpt lat="50.66768" lon="3.21052">
        <ele>34.0</ele>
        <time>2026-03-31T09:51:47Z</time>
      </trkpt>
      <trkpt lat="50.66705" lon="3.21155">
        <ele>35.0</ele>
        <time>2026-03-31T09:52:03Z</time>
      </trkpt>
      <trkpt lat="50.66657" lon="3.21258">
        <ele>35.0</ele>
        <time>2026-03-31T09:52:18Z</time>
      </trkpt>
      <trkpt lat="50.66603" lon="3.21391">
        <ele>35.0</ele>
        <time>2026-03-31T09:52:36Z</time>
      </trkpt>
      <trkpt lat="50.66325" lon="3.21652">
        <ele>36.0</ele>
        <time>2026-03-31T09:53:33Z</time>
      </trkpt>
      <trkpt lat="50.66167" lon="3.21793">
        <ele>39.0</ele>
        <time>2026-03-31T09:54:06Z</time>
      </trkpt>
      <trkpt lat="50.65991" lon="3.21929">
        <ele>41.0</ele>
        <time>2026-03-31T09:54:41Z</time>
      </trkpt>
      <trkpt lat="50.6591" lon="3.21952">
        <ele>44.0</ele>
        <time>2026-03-31T09:54:55Z</time>
      </trkpt>
      <trkpt lat="50.65793" lon="3.21948">
        <ele>43.0</ele>
        <time>2026-03-31T09:55:16Z</time>
      </trkpt>
      <trkpt lat="50.65763" lon="3.21951">
        <ele>43.0</ele>
        <time>2026-03-31T09:55:21Z</time>
      </trkpt>
      <trkpt lat="50.65647" lon="3.22034">
        <ele>43.0</ele>
        <time>2026-03-31T09:55:44Z</time>
      </trkpt>
      <trkpt lat="50.65556" lon="3.22082">
        <ele>41.0</ele>
        <time>2026-03-31T09:56:01Z</time>
      </trkpt>
      <trkpt lat="50.65425" lon="3.22084">
        <ele>39.0</ele>
        <time>2026-03-31T09:56:25Z</time>
      </trkpt>
      <trkpt lat="50.65327" lon="3.22119">
        <ele>42.0</ele>
        <time>2026-03-31T09:56:43Z</time>
      </trkpt>
      <trkpt lat="50.65239" lon="3.22185">
        <ele>41.0</ele>
        <time>2026-03-31T09:57:00Z</time>
      </trkpt>
      <trkpt lat="50.6511" lon="3.22301">
        <ele>41.0</ele>
        <time>2026-03-31T09:57:26Z</time>
      </trkpt>
      <trkpt lat="50.65055" lon="3.22345">
        <ele>40.0</ele>
        <time>2026-03-31T09:57:37Z</time>
      </trkpt>
      <trkpt lat="50.64937" lon="3.22446">
        <ele>39.0</ele>
        <time>2026-03-31T09:58:01Z</time>
      </trkpt>
      <trkpt lat="50.64838" lon="3.22623">
        <ele>40.0</ele>
        <time>2026-03-31T09:58:28Z</time>
      </trkpt>
      <trkpt lat="50.64758" lon="3.22794">
        <ele>39.0</ele>
        <time>2026-03-31T09:58:52Z</time>
      </trkpt>
      <trkpt lat="50.647" lon="3.22866">
        <ele>37.0</ele>
        <time>2026-03-31T09:59:05Z</time>
      </trkpt>
      <trkpt lat="50.64435" lon="3.23122">
        <ele>38.0</ele>
        <time>2026-03-31T10:00:01Z</time>
      </trkpt>
      <trkpt lat="50.6415" lon="3.23383">
        <ele>33.0</ele>
        <time>2026-03-31T10:00:59Z</time>
      </trkpt>
      <trkpt lat="50.64085" lon="3.23495">
        <ele>34.0</ele>
        <time>2026-03-31T10:01:16Z</time>
      </trkpt>
      <trkpt lat="50.64034" lon="3.23536">
        <ele>36.0</ele>
        <time>2026-03-31T10:01:27Z</time>
      </trkpt>
      <trkpt lat="50.63941" lon="3.23522">
        <ele>37.0</ele>
        <time>2026-03-31T10:01:43Z</time>
      </trkpt>
      <trkpt lat="50.63797" lon="3.23518">
        <ele>37.0</ele>
        <time>2026-03-31T10:02:09Z</time>
      </trkpt>
      <trkpt lat="50.63725" lon="3.23545">
        <ele>39.0</ele>
        <time>2026-03-31T10:02:22Z</time>
      </trkpt>
      <trkpt lat="50.63562" lon="3.23613">
        <ele>41.0</ele>
        <time>2026-03-31T10:02:52Z</time>
      </trkpt>
      <trkpt lat="50.63442" lon="3.23643">
        <ele>41.0</ele>
        <time>2026-03-31T10:03:14Z</time>
      </trkpt>
      <trkpt lat="50.63323" lon="3.23688">
        <ele>41.0</ele>
        <time>2026-03-31T10:03:36Z</time>
      </trkpt>
      <trkpt lat="50.63297" lon="3.23674">
        <ele>42.0</ele>
        <time>2026-03-31T10:03:41Z</time>
      </trkpt>
      <trkpt lat="50.63178" lon="3.23541">
        <ele>42.0</ele>
        <time>2026-03-31T10:04:07Z</time>
      </trkpt>
      <trkpt lat="50.63138" lon="3.23554">
        <ele>40.0</ele>
        <time>2026-03-31T10:04:14Z</time>
      </trkpt>
      <trkpt lat="50.63055" lon="3.23755">
        <ele>39.0</ele>
        <time>2026-03-31T10:04:41Z</time>
      </trkpt>
      <trkpt lat="50.63035" lon="3.23825">
        <ele>38.0</ele>
        <time>2026-03-31T10:04:50Z</time>
      </trkpt>
      <trkpt lat="50.63022" lon="3.2383">
        <ele>38.0</ele>
        <time>2026-03-31T10:04:52Z</time>
      </trkpt>
      <trkpt lat="50.62941" lon="3.23794">
        <ele>36.0</ele>
        <time>2026-03-31T10:05:07Z</time>
      </trkpt>
      <trkpt lat="50.62753" lon="3.23558">
        <ele>30.0</ele>
        <time>2026-03-31T10:05:50Z</time>
      </trkpt>
      <trkpt lat="50.62592" lon="3.23366">
        <ele>28.0</ele>
        <time>2026-03-31T10:06:26Z</time>
      </trkpt>
      <trkpt lat="50.62544" lon="3.23248">
        <ele>29.0</ele>
        <time>2026-03-31T10:06:42Z</time>
      </trkpt>
      <trkpt lat="50.62517" lon="3.23185">
        <ele>29.0</ele>
        <time>2026-03-31T10:06:51Z</time>
      </trkpt>
      <trkpt lat="50.62474" lon="3.23191">
        <ele>29.0</ele>
        <time>2026-03-31T10:06:59Z</time>
      </trkpt>
      <trkpt lat="50.62394" lon="3.23281">
        <ele>28.0</ele>
        <time>2026-03-31T10:07:16Z</time>
      </trkpt>
      <trkpt lat="50.62257" lon="3.23367">
        <ele>24.0</ele>
        <time>2026-03-31T10:07:42Z</time>
      </trkpt>
      <trkpt lat="50.62206" lon="3.2338">
        <ele>24.0</ele>
        <time>2026-03-31T10:07:52Z</time>
      </trkpt>
      <trkpt lat="50.61904" lon="3.2336">
        <ele>27.0</ele>
        <time>2026-03-31T10:08:45Z</time>
      </trkpt>
      <trkpt lat="50.61854" lon="3.23343">
        <ele>29.0</ele>
        <time>2026-03-31T10:08:55Z</time>
      </trkpt>
      <trkpt lat="50.61805" lon="3.235">
        <ele>29.0</ele>
        <time>2026-03-31T10:09:15Z</time>
      </trkpt>
      <trkpt lat="50.61801" lon="3.23611">
        <ele>28.0</ele>
        <time>2026-03-31T10:09:27Z</time>
      </trkpt>
      <trkpt lat="50.61762" lon="3.23735">
        <ele>29.0</ele>
        <time>2026-03-31T10:09:43Z</time>
      </trkpt>
      <trkpt lat="50.61725" lon="3.23777">
        <ele>29.0</ele>
        <time>2026-03-31T10:09:51Z</time>
      </trkpt>
      <trkpt lat="50.61699" lon="3.23787">
        <ele>29.0</ele>
        <time>2026-03-31T10:09:56Z</time>
      </trkpt>
      <trkpt lat="50.61643" lon="3.23774">
        <ele>28.0</ele>
        <time>2026-03-31T10:10:06Z</time>
      </trkpt>
      <trkpt lat="50.61603" lon="3.23798">
        <ele>29.0</ele>
        <time>2026-03-31T10:10:14Z</time>
      </trkpt>
      <trkpt lat="50.61536" lon="3.23868">
        <ele>29.0</ele>
        <time>2026-03-31T10:10:28Z</time>
      </trkpt>
      <trkpt lat="50.61494" lon="3.23942">
        <ele>30.0</ele>
        <time>2026-03-31T10:10:39Z</time>
      </trkpt>
      <trkpt lat="50.61479" lon="3.24034">
        <ele>30.0</ele>
        <time>2026-03-31T10:10:50Z</time>
      </trkpt>
      <trkpt lat="50.61384" lon="3.2467">
        <ele>30.0</ele>
        <time>2026-03-31T10:12:04Z</time>
      </trkpt>
      <trkpt lat="50.61343" lon="3.24789">
        <ele>31.0</ele>
        <time>2026-03-31T10:12:20Z</time>
      </trkpt>
      <trkpt lat="50.61289" lon="3.24886">
        <ele>30.0</ele>
        <time>2026-03-31T10:12:34Z</time>
      </trkpt>
      <trkpt lat="50.61293" lon="3.24916">
        <ele>30.0</ele>
        <time>2026-03-31T10:12:38Z</time>
      </trkpt>
      <trkpt lat="50.61293" lon="3.24941">
        <ele>30.0</ele>
        <time>2026-03-31T10:12:41Z</time>
      </trkpt>
      <trkpt lat="50.61258" lon="3.25059">
        <ele>30.0</ele>
        <time>2026-03-31T10:12:56Z</time>
      </trkpt>
      <trkpt lat="50.61265" lon="3.2509">
        <ele>30.0</ele>
        <time>2026-03-31T10:12:59Z</time>
      </trkpt>
      <trkpt lat="50.61177" lon="3.25397">
        <ele>37.0</ele>
        <time>2026-03-31T10:13:38Z</time>
      </trkpt>
      <trkpt lat="50.61162" lon="3.25505">
        <ele>36.0</ele>
        <time>2026-03-31T10:13:50Z</time>
      </trkpt>
      <trkpt lat="50.61131" lon="3.25587">
        <ele>34.0</ele>
        <time>2026-03-31T10:14:01Z</time>
      </trkpt>
      <trkpt lat="50.61104" lon="3.25617">
        <ele>34.0</ele>
        <time>2026-03-31T10:14:07Z</time>
      </trkpt>
      <trkpt lat="50.6108" lon="3.25607">
        <ele>34.0</ele>
        <time>2026-03-31T10:14:11Z</time>
      </trkpt>
      <trkpt lat="50.61045" lon="3.25553">
        <ele>35.0</ele>
        <time>2026-03-31T10:14:20Z</time>
      </trkpt>
      <trkpt lat="50.60998" lon="3.25519">
        <ele>35.0</ele>
        <time>2026-03-31T10:14:29Z</time>
      </trkpt>
      <trkpt lat="50.60929" lon="3.25435">
        <ele>35.0</ele>
        <time>2026-03-31T10:14:45Z</time>
      </trkpt>
      <trkpt lat="50.60879" lon="3.2541">
        <ele>35.0</ele>
        <time>2026-03-31T10:14:54Z</time>
      </trkpt>
      <trkpt lat="50.60848" lon="3.25374">
        <ele>36.0</ele>
        <time>2026-03-31T10:15:01Z</time>
      </trkpt>
      <trkpt lat="50.6084" lon="3.25358">
        <ele>36.0</ele>
        <time>2026-03-31T10:15:03Z</time>
      </trkpt>
      <trkpt lat="50.60823" lon="3.25303">
        <ele>36.0</ele>
        <time>2026-03-31T10:15:10Z</time>
      </trkpt>
      <trkpt lat="50.60801" lon="3.253">
        <ele>36.0</ele>
        <time>2026-03-31T10:15:15Z</time>
      </trkpt>
      <trkpt lat="50.60697" lon="3.25393">
        <ele>37.0</ele>
        <time>2026-03-31T10:15:36Z</time>
      </trkpt>
      <trkpt lat="50.60564" lon="3.25392">
        <ele>38.0</ele>
        <time>2026-03-31T10:16:00Z</time>
      </trkpt>
      <trkpt lat="50.6044" lon="3.25257">
        <ele>39.0</ele>
        <time>2026-03-31T10:16:26Z</time>
      </trkpt>
      <trkpt lat="50.60284" lon="3.25134">
        <ele>40.0</ele>
        <time>2026-03-31T10:16:57Z</time>
      </trkpt>
      <trkpt lat="50.6022" lon="3.25132">
        <ele>41.0</ele>
        <time>2026-03-31T10:17:09Z</time>
      </trkpt>
      <trkpt lat="50.60056" lon="3.25248">
        <ele>50.0</ele>
        <time>2026-03-31T10:17:41Z</time>
      </trkpt>
      <trkpt lat="50.59935" lon="3.25316">
        <ele>49.0</ele>
        <time>2026-03-31T10:18:04Z</time>
      </trkpt>
      <trkpt lat="50.59723" lon="3.25572">
        <ele>48.0</ele>
        <time>2026-03-31T10:18:51Z</time>
      </trkpt>
      <trkpt lat="50.596" lon="3.25727">
        <ele>49.0</ele>
        <time>2026-03-31T10:19:20Z</time>
      </trkpt>
      <trkpt lat="50.59538" lon="3.25882">
        <ele>49.0</ele>
        <time>2026-03-31T10:19:41Z</time>
      </trkpt>
      <trkpt lat="50.59535" lon="3.26007">
        <ele>51.0</ele>
        <time>2026-03-31T10:19:55Z</time>
      </trkpt>
      <trkpt lat="50.59535" lon="3.2607">
        <ele>51.0</ele>
        <time>2026-03-31T10:20:02Z</time>
      </trkpt>
      <trkpt lat="50.59453" lon="3.26063">
        <ele>51.0</ele>
        <time>2026-03-31T10:20:18Z</time>
      </trkpt>
      <trkpt lat="50.59408" lon="3.26096">
        <ele>51.0</ele>
        <time>2026-03-31T10:20:27Z</time>
      </trkpt>
      <trkpt lat="50.59349" lon="3.26299">
        <ele>52.0</ele>
        <time>2026-03-31T10:20:52Z</time>
      </trkpt>
      <trkpt lat="50.5932" lon="3.26358">
        <ele>51.0</ele>
        <time>2026-03-31T10:21:01Z</time>
      </trkpt>
      <trkpt lat="50.59125" lon="3.26648">
        <ele>54.0</ele>
        <time>2026-03-31T10:21:48Z</time>
      </trkpt>
      <trkpt lat="50.59056" lon="3.26746">
        <ele>55.0</ele>
        <time>2026-03-31T10:22:05Z</time>
      </trkpt>
      <trkpt lat="50.58968" lon="3.26808">
        <ele>55.0</ele>
        <time>2026-03-31T10:22:22Z</time>
      </trkpt>
      <trkpt lat="50.58891" lon="3.26853">
        <ele>54.0</ele>
        <time>2026-03-31T10:22:37Z</time>
      </trkpt>
      <trkpt lat="50.58833" lon="3.26916">
        <ele>54.0</ele>
        <time>2026-03-31T10:22:49Z</time>
      </trkpt>
      <trkpt lat="50.58794" lon="3.26958">
        <ele>55.0</ele>
        <time>2026-03-31T10:22:58Z</time>
      </trkpt>
      <trkpt lat="50.58725" lon="3.271">
        <ele>54.0</ele>
        <time>2026-03-31T10:23:18Z</time>
      </trkpt>
      <trkpt lat="50.58684" lon="3.27155">
        <ele>54.0</ele>
        <time>2026-03-31T10:23:28Z</time>
      </trkpt>
      <trkpt lat="50.5862" lon="3.27199">
        <ele>53.0</ele>
        <time>2026-03-31T10:23:40Z</time>
      </trkpt>
      <trkpt lat="50.58571" lon="3.27203">
        <ele>53.0</ele>
        <time>2026-03-31T10:23:49Z</time>
      </trkpt>
      <trkpt lat="50.58308" lon="3.27205">
        <ele>50.0</ele>
        <time>2026-03-31T10:24:36Z</time>
      </trkpt>
      <trkpt lat="50.58179" lon="3.27157">
        <ele>50.0</ele>
        <time>2026-03-31T10:24:59Z</time>
      </trkpt>
      <trkpt lat="50.58028" lon="3.27122">
        <ele>50.0</ele>
        <time>2026-03-31T10:25:27Z</time>
      </trkpt>
      <trkpt lat="50.57984" lon="3.27138">
        <ele>49.0</ele>
        <time>2026-03-31T10:25:35Z</time>
      </trkpt>
      <trkpt lat="50.57896" lon="3.27145">
        <ele>50.0</ele>
        <time>2026-03-31T10:25:51Z</time>
      </trkpt>
      <trkpt lat="50.57798" lon="3.27112">
        <ele>51.0</ele>
        <time>2026-03-31T10:26:09Z</time>
      </trkpt>
      <trkpt lat="50.5775" lon="3.27081">
        <ele>52.0</ele>
        <time>2026-03-31T10:26:18Z</time>
      </trkpt>
      <trkpt lat="50.57687" lon="3.27074">
        <ele>51.0</ele>
        <time>2026-03-31T10:26:29Z</time>
      </trkpt>
      <trkpt lat="50.57513" lon="3.26991">
        <ele>51.0</ele>
        <time>2026-03-31T10:27:02Z</time>
      </trkpt>
      <trkpt lat="50.5745" lon="3.26928">
        <ele>53.0</ele>
        <time>2026-03-31T10:27:15Z</time>
      </trkpt>
      <trkpt lat="50.57398" lon="3.269">
        <ele>54.0</ele>
        <time>2026-03-31T10:27:25Z</time>
      </trkpt>
      <trkpt lat="50.57301" lon="3.26884">
        <ele>54.0</ele>
        <time>2026-03-31T10:27:42Z</time>
      </trkpt>
      <trkpt lat="50.57174" lon="3.26897">
        <ele>56.0</ele>
        <time>2026-03-31T10:28:05Z</time>
      </trkpt>
      <trkpt lat="50.57048" lon="3.26829">
        <ele>49.0</ele>
        <time>2026-03-31T10:28:28Z</time>
      </trkpt>
      <trkpt lat="50.56954" lon="3.26761">
        <ele>45.0</ele>
        <time>2026-03-31T10:28:47Z</time>
      </trkpt>
      <trkpt lat="50.56955" lon="3.26582">
        <ele>45.0</ele>
        <time>2026-03-31T10:29:08Z</time>
      </trkpt>
      <trkpt lat="50.56905" lon="3.26561">
        <ele>44.0</ele>
        <time>2026-03-31T10:29:17Z</time>
      </trkpt>
      <trkpt lat="50.56853" lon="3.26565">
        <ele>43.0</ele>
        <time>2026-03-31T10:29:27Z</time>
      </trkpt>
      <trkpt lat="50.56761" lon="3.26514">
        <ele>45.0</ele>
        <time>2026-03-31T10:29:45Z</time>
      </trkpt>
      <trkpt lat="50.56886" lon="3.26038">
        <ele>45.0</ele>
        <time>2026-03-31T10:30:44Z</time>
      </trkpt>
      <trkpt lat="50.57015" lon="3.25456">
        <ele>48.0</ele>
        <time>2026-03-31T10:31:54Z</time>
      </trkpt>
      <trkpt lat="50.5708" lon="3.25272">
        <ele>50.0</ele>
        <time>2026-03-31T10:32:17Z</time>
      </trkpt>
      <trkpt lat="50.57105" lon="3.25075">
        <ele>49.0</ele>
        <time>2026-03-31T10:32:41Z</time>
      </trkpt>
      <trkpt lat="50.5703" lon="3.24987">
        <ele>49.0</ele>
        <time>2026-03-31T10:32:57Z</time>
      </trkpt>
      <trkpt lat="50.56898" lon="3.24901">
        <ele>49.0</ele>
        <time>2026-03-31T10:33:23Z</time>
      </trkpt>
      <trkpt lat="50.56764" lon="3.24803">
        <ele>45.0</ele>
        <time>2026-03-31T10:33:49Z</time>
      </trkpt>
      <trkpt lat="50.56692" lon="3.24639">
        <ele>47.0</ele>
        <time>2026-03-31T10:34:13Z</time>
      </trkpt>
      <trkpt lat="50.56637" lon="3.24458">
        <ele>47.0</ele>
        <time>2026-03-31T10:34:36Z</time>
      </trkpt>
      <trkpt lat="50.56369" lon="3.24049">
        <ele>52.0</ele>
        <time>2026-03-31T10:35:42Z</time>
      </trkpt>
      <trkpt lat="50.56116" lon="3.239">
        <ele>39.0</ele>
        <time>2026-03-31T10:36:31Z</time>
      </trkpt>
      <trkpt lat="50.56107" lon="3.23873">
        <ele>38.0</ele>
        <time>2026-03-31T10:36:35Z</time>
      </trkpt>
      <trkpt lat="50.56068" lon="3.23881">
        <ele>37.0</ele>
        <time>2026-03-31T10:36:42Z</time>
      </trkpt>
      <trkpt lat="50.55956" lon="3.23842">
        <ele>34.0</ele>
        <time>2026-03-31T10:37:02Z</time>
      </trkpt>
      <trkpt lat="50.55851" lon="3.23908">
        <ele>37.0</ele>
        <time>2026-03-31T10:37:23Z</time>
      </trkpt>
      <trkpt lat="50.55724" lon="3.24074">
        <ele>40.0</ele>
        <time>2026-03-31T10:37:52Z</time>
      </trkpt>
      <trkpt lat="50.5565" lon="3.2431">
        <ele>43.0</ele>
        <time>2026-03-31T10:38:22Z</time>
      </trkpt>
      <trkpt lat="50.5556" lon="3.24456">
        <ele>46.0</ele>
        <time>2026-03-31T10:38:45Z</time>
      </trkpt>
      <trkpt lat="50.55533" lon="3.24535">
        <ele>47.0</ele>
        <time>2026-03-31T10:38:55Z</time>
      </trkpt>
      <trkpt lat="50.55326" lon="3.25093">
        <ele>63.0</ele>
        <time>2026-03-31T10:40:08Z</time>
      </trkpt>
      <trkpt lat="50.55268" lon="3.25234">
        <ele>65.0</ele>
        <time>2026-03-31T10:40:28Z</time>
      </trkpt>
      <trkpt lat="50.55171" lon="3.25324">
        <ele>71.0</ele>
        <time>2026-03-31T10:40:48Z</time>
      </trkpt>
      <trkpt lat="50.54981" lon="3.25467">
        <ele>72.0</ele>
        <time>2026-03-31T10:41:25Z</time>
      </trkpt>
      <trkpt lat="50.54843" lon="3.25556">
        <ele>71.0</ele>
        <time>2026-03-31T10:41:52Z</time>
      </trkpt>
      <trkpt lat="50.54412" lon="3.25867">
        <ele>66.0</ele>
        <time>2026-03-31T10:43:16Z</time>
      </trkpt>
      <trkpt lat="50.54284" lon="3.25965">
        <ele>65.0</ele>
        <time>2026-03-31T10:43:42Z</time>
      </trkpt>
      <trkpt lat="50.52973" lon="3.27661">
        <ele>37.0</ele>
        <time>2026-03-31T10:48:44Z</time>
      </trkpt>
      <trkpt lat="50.52484" lon="3.28282">
        <ele>35.0</ele>
        <time>2026-03-31T10:50:36Z</time>
      </trkpt>
      <trkpt lat="50.52307" lon="3.28149">
        <ele>35.0</ele>
        <time>2026-03-31T10:51:10Z</time>
      </trkpt>
      <trkpt lat="50.52301" lon="3.28144">
        <ele>36.0</ele>
        <time>2026-03-31T10:51:12Z</time>
      </trkpt>
      <trkpt lat="50.52229" lon="3.28355">
        <ele>36.0</ele>
        <time>2026-03-31T10:51:39Z</time>
      </trkpt>
      <trkpt lat="50.52214" lon="3.28374">
        <ele>36.0</ele>
        <time>2026-03-31T10:51:42Z</time>
      </trkpt>
      <trkpt lat="50.52119" lon="3.28426">
        <ele>36.0</ele>
        <time>2026-03-31T10:52:00Z</time>
      </trkpt>
      <trkpt lat="50.5207" lon="3.28528">
        <ele>37.0</ele>
        <time>2026-03-31T10:52:15Z</time>
      </trkpt>
      <trkpt lat="50.52037" lon="3.28632">
        <ele>36.0</ele>
        <time>2026-03-31T10:52:28Z</time>
      </trkpt>
      <trkpt lat="50.51962" lon="3.288">
        <ele>36.0</ele>
        <time>2026-03-31T10:52:51Z</time>
      </trkpt>
      <trkpt lat="50.51893" lon="3.28906">
        <ele>38.0</ele>
        <time>2026-03-31T10:53:08Z</time>
      </trkpt>
      <trkpt lat="50.51791" lon="3.29184">
        <ele>39.0</ele>
        <time>2026-03-31T10:53:45Z</time>
      </trkpt>
      <trkpt lat="50.51777" lon="3.29203">
        <ele>39.0</ele>
        <time>2026-03-31T10:53:49Z</time>
      </trkpt>
      <trkpt lat="50.5171" lon="3.29185">
        <ele>40.0</ele>
        <time>2026-03-31T10:54:03Z</time>
      </trkpt>
      <trkpt lat="50.51597" lon="3.29342">
        <ele>40.0</ele>
        <time>2026-03-31T10:54:30Z</time>
      </trkpt>
      <trkpt lat="50.51538" lon="3.29415">
        <ele>39.0</ele>
        <time>2026-03-31T10:54:44Z</time>
      </trkpt>
      <trkpt lat="50.51395" lon="3.29204">
        <ele>39.0</ele>
        <time>2026-03-31T10:55:19Z</time>
      </trkpt>
      <trkpt lat="50.51314" lon="3.29119">
        <ele>38.0</ele>
        <time>2026-03-31T10:55:36Z</time>
      </trkpt>
      <trkpt lat="50.51281" lon="3.29074">
        <ele>37.0</ele>
        <time>2026-03-31T10:55:44Z</time>
      </trkpt>
      <trkpt lat="50.51238" lon="3.29045">
        <ele>37.0</ele>
        <time>2026-03-31T10:55:52Z</time>
      </trkpt>
      <trkpt lat="50.51185" lon="3.2908">
        <ele>36.0</ele>
        <time>2026-03-31T10:56:03Z</time>
      </trkpt>
      <trkpt lat="50.51142" lon="3.29082">
        <ele>36.0</ele>
        <time>2026-03-31T10:56:11Z</time>
      </trkpt>
      <trkpt lat="50.51057" lon="3.29042">
        <ele>35.0</ele>
        <time>2026-03-31T10:56:26Z</time>
      </trkpt>
      <trkpt lat="50.50946" lon="3.28932">
        <ele>35.0</ele>
        <time>2026-03-31T10:56:50Z</time>
      </trkpt>
      <trkpt lat="50.50841" lon="3.28871">
        <ele>34.0</ele>
        <time>2026-03-31T10:57:10Z</time>
      </trkpt>
      <trkpt lat="50.50625" lon="3.28479">
        <ele>32.0</ele>
        <time>2026-03-31T10:58:08Z</time>
      </trkpt>
      <trkpt lat="50.50602" lon="3.28451">
        <ele>33.0</ele>
        <time>2026-03-31T10:58:14Z</time>
      </trkpt>
      <trkpt lat="50.5044" lon="3.28467">
        <ele>35.0</ele>
        <time>2026-03-31T10:58:43Z</time>
      </trkpt>
      <trkpt lat="50.50273" lon="3.28494">
        <ele>36.0</ele>
        <time>2026-03-31T10:59:13Z</time>
      </trkpt>
      <trkpt lat="50.50212" lon="3.28485">
        <ele>35.0</ele>
        <time>2026-03-31T10:59:24Z</time>
      </trkpt>
      <trkpt lat="50.50193" lon="3.28497">
        <ele>34.0</ele>
        <time>2026-03-31T10:59:27Z</time>
      </trkpt>
      <trkpt lat="50.50188" lon="3.28508">
        <ele>34.0</ele>
        <time>2026-03-31T10:59:29Z</time>
      </trkpt>
      <trkpt lat="50.50169" lon="3.28567">
        <ele>33.0</ele>
        <time>2026-03-31T10:59:37Z</time>
      </trkpt>
      <trkpt lat="50.50076" lon="3.28622">
        <ele>32.0</ele>
        <time>2026-03-31T10:59:54Z</time>
      </trkpt>
      <trkpt lat="50.4989" lon="3.28637">
        <ele>34.0</ele>
        <time>2026-03-31T11:00:27Z</time>
      </trkpt>
      <trkpt lat="50.49691" lon="3.28668">
        <ele>36.0</ele>
        <time>2026-03-31T11:01:03Z</time>
      </trkpt>
      <trkpt lat="50.49625" lon="3.28663">
        <ele>36.0</ele>
        <time>2026-03-31T11:01:15Z</time>
      </trkpt>
      <trkpt lat="50.49568" lon="3.28682">
        <ele>37.0</ele>
        <time>2026-03-31T11:01:25Z</time>
      </trkpt>
      <trkpt lat="50.49466" lon="3.28686">
        <ele>39.0</ele>
        <time>2026-03-31T11:01:43Z</time>
      </trkpt>
      <trkpt lat="50.49344" lon="3.28714">
        <ele>41.0</ele>
        <time>2026-03-31T11:02:05Z</time>
      </trkpt>
      <trkpt lat="50.49281" lon="3.28722">
        <ele>43.0</ele>
        <time>2026-03-31T11:02:17Z</time>
      </trkpt>
      <trkpt lat="50.49267" lon="3.28742">
        <ele>43.0</ele>
        <time>2026-03-31T11:02:20Z</time>
      </trkpt>
      <trkpt lat="50.49211" lon="3.28859">
        <ele>43.0</ele>
        <time>2026-03-31T11:02:37Z</time>
      </trkpt>
      <trkpt lat="50.4921" lon="3.28879">
        <ele>43.0</ele>
        <time>2026-03-31T11:02:40Z</time>
      </trkpt>
      <trkpt lat="50.49218" lon="3.2889">
        <ele>43.0</ele>
        <time>2026-03-31T11:02:42Z</time>
      </trkpt>
      <trkpt lat="50.49228" lon="3.28918">
        <ele>43.0</ele>
        <time>2026-03-31T11:02:46Z</time>
      </trkpt>
      <trkpt lat="50.49215" lon="3.28991">
        <ele>43.0</ele>
        <time>2026-03-31T11:02:54Z</time>
      </trkpt>
      <trkpt lat="50.49174" lon="3.29152">
        <ele>41.0</ele>
        <time>2026-03-31T11:03:14Z</time>
      </trkpt>
      <trkpt lat="50.49286" lon="3.29346">
        <ele>41.0</ele>
        <time>2026-03-31T11:03:44Z</time>
      </trkpt>
      <trkpt lat="50.49251" lon="3.29519">
        <ele>42.0</ele>
        <time>2026-03-31T11:04:11Z</time>
      </trkpt>
      <trkpt lat="50.49227" lon="3.29967">
        <ele>39.0</ele>
        <time>2026-03-31T11:05:02Z</time>
      </trkpt>
      <trkpt lat="50.49221" lon="3.30673">
        <ele>36.0</ele>
        <time>2026-03-31T11:06:22Z</time>
      </trkpt>
      <trkpt lat="50.4916" lon="3.31344">
        <ele>32.0</ele>
        <time>2026-03-31T11:07:39Z</time>
      </trkpt>
      <trkpt lat="50.49025" lon="3.31615">
        <ele>32.0</ele>
        <time>2026-03-31T11:08:19Z</time>
      </trkpt>
      <trkpt lat="50.4885" lon="3.31803">
        <ele>31.0</ele>
        <time>2026-03-31T11:08:57Z</time>
      </trkpt>
      <trkpt lat="50.48786" lon="3.3188">
        <ele>31.0</ele>
        <time>2026-03-31T11:09:11Z</time>
      </trkpt>
      <trkpt lat="50.48691" lon="3.32126">
        <ele>30.0</ele>
        <time>2026-03-31T11:09:44Z</time>
      </trkpt>
      <trkpt lat="50.48589" lon="3.32267">
        <ele>31.0</ele>
        <time>2026-03-31T11:10:08Z</time>
      </trkpt>
      <trkpt lat="50.48512" lon="3.32361">
        <ele>32.0</ele>
        <time>2026-03-31T11:10:26Z</time>
      </trkpt>
      <trkpt lat="50.48453" lon="3.32431">
        <ele>32.0</ele>
        <time>2026-03-31T11:10:39Z</time>
      </trkpt>
      <trkpt lat="50.48411" lon="3.32436">
        <ele>32.0</ele>
        <time>2026-03-31T11:10:46Z</time>
      </trkpt>
      <trkpt lat="50.48368" lon="3.32477">
        <ele>33.0</ele>
        <time>2026-03-31T11:10:55Z</time>
      </trkpt>
      <trkpt lat="50.4827" lon="3.32497">
        <ele>31.0</ele>
        <time>2026-03-31T11:11:13Z</time>
      </trkpt>
      <trkpt lat="50.48226" lon="3.32539">
        <ele>31.0</ele>
        <time>2026-03-31T11:11:22Z</time>
      </trkpt>
      <trkpt lat="50.481" lon="3.32928">
        <ele>28.0</ele>
        <time>2026-03-31T11:12:12Z</time>
      </trkpt>
      <trkpt lat="50.48047" lon="3.32919">
        <ele>27.0</ele>
        <time>2026-03-31T11:12:22Z</time>
      </trkpt>
      <trkpt lat="50.48017" lon="3.32928">
        <ele>27.0</ele>
        <time>2026-03-31T11:12:27Z</time>
      </trkpt>
      <trkpt lat="50.47924" lon="3.33121">
        <ele>26.0</ele>
        <time>2026-03-31T11:12:55Z</time>
      </trkpt>
      <trkpt lat="50.47793" lon="3.33284">
        <ele>25.0</ele>
        <time>2026-03-31T11:13:25Z</time>
      </trkpt>
      <trkpt lat="50.47707" lon="3.33425">
        <ele>26.0</ele>
        <time>2026-03-31T11:13:47Z</time>
      </trkpt>
      <trkpt lat="50.47538" lon="3.33291">
        <ele>25.0</ele>
        <time>2026-03-31T11:14:21Z</time>
      </trkpt>
      <trkpt lat="50.47502" lon="3.33267">
        <ele>26.0</ele>
        <time>2026-03-31T11:14:28Z</time>
      </trkpt>
      <trkpt lat="50.47254" lon="3.33566">
        <ele>23.0</ele>
        <time>2026-03-31T11:15:24Z</time>
      </trkpt>
      <trkpt lat="50.47039" lon="3.33659">
        <ele>21.0</ele>
        <time>2026-03-31T11:16:04Z</time>
      </trkpt>
      <trkpt lat="50.46945" lon="3.3373">
        <ele>20.0</ele>
        <time>2026-03-31T11:16:23Z</time>
      </trkpt>
      <trkpt lat="50.46647" lon="3.34114">
        <ele>18.0</ele>
        <time>2026-03-31T11:17:31Z</time>
      </trkpt>
      <trkpt lat="50.46502" lon="3.34257">
        <ele>19.0</ele>
        <time>2026-03-31T11:18:02Z</time>
      </trkpt>
      <trkpt lat="50.46329" lon="3.34397">
        <ele>19.0</ele>
        <time>2026-03-31T11:18:37Z</time>
      </trkpt>
      <trkpt lat="50.46156" lon="3.34632">
        <ele>18.0</ele>
        <time>2026-03-31T11:19:17Z</time>
      </trkpt>
      <trkpt lat="50.46055" lon="3.34759">
        <ele>19.0</ele>
        <time>2026-03-31T11:19:40Z</time>
      </trkpt>
      <trkpt lat="50.46001" lon="3.34783">
        <ele>18.0</ele>
        <time>2026-03-31T11:19:50Z</time>
      </trkpt>
      <trkpt lat="50.45874" lon="3.34796">
        <ele>18.0</ele>
        <time>2026-03-31T11:20:13Z</time>
      </trkpt>
      <trkpt lat="50.45813" lon="3.34792">
        <ele>18.0</ele>
        <time>2026-03-31T11:20:24Z</time>
      </trkpt>
      <trkpt lat="50.4566" lon="3.34828">
        <ele>19.0</ele>
        <time>2026-03-31T11:20:52Z</time>
      </trkpt>
      <trkpt lat="50.45664" lon="3.34896">
        <ele>19.0</ele>
        <time>2026-03-31T11:20:59Z</time>
      </trkpt>
      <trkpt lat="50.45713" lon="3.35048">
        <ele>19.0</ele>
        <time>2026-03-31T11:21:19Z</time>
      </trkpt>
      <trkpt lat="50.458" lon="3.3534">
        <ele>18.0</ele>
        <time>2026-03-31T11:21:55Z</time>
      </trkpt>
      <trkpt lat="50.45874" lon="3.35565">
        <ele>17.0</ele>
        <time>2026-03-31T11:22:24Z</time>
      </trkpt>
      <trkpt lat="50.45863" lon="3.35724">
        <ele>16.0</ele>
        <time>2026-03-31T11:22:42Z</time>
      </trkpt>
      <trkpt lat="50.45916" lon="3.35892">
        <ele>19.0</ele>
        <time>2026-03-31T11:23:04Z</time>
      </trkpt>
      <trkpt lat="50.45808" lon="3.36033">
        <ele>17.0</ele>
        <time>2026-03-31T11:23:30Z</time>
      </trkpt>
      <trkpt lat="50.45738" lon="3.36155">
        <ele>17.0</ele>
        <time>2026-03-31T11:23:50Z</time>
      </trkpt>
      <trkpt lat="50.45588" lon="3.3638">
        <ele>17.0</ele>
        <time>2026-03-31T11:24:27Z</time>
      </trkpt>
      <trkpt lat="50.45436" lon="3.36846">
        <ele>17.0</ele>
        <time>2026-03-31T11:25:43Z</time>
      </trkpt>
      <trkpt lat="50.45477" lon="3.37006">
        <ele>17.0</ele>
        <time>2026-03-31T11:26:02Z</time>
      </trkpt>
      <trkpt lat="50.45542" lon="3.37121">
        <ele>16.0</ele>
        <time>2026-03-31T11:26:20Z</time>
      </trkpt>
      <trkpt lat="50.45608" lon="3.37189">
        <ele>17.0</ele>
        <time>2026-03-31T11:26:34Z</time>
      </trkpt>
      <trkpt lat="50.45655" lon="3.37218">
        <ele>17.0</ele>
        <time>2026-03-31T11:26:43Z</time>
      </trkpt>
      <trkpt lat="50.45766" lon="3.37313">
        <ele>18.0</ele>
        <time>2026-03-31T11:27:06Z</time>
      </trkpt>
      <trkpt lat="50.45799" lon="3.37472">
        <ele>18.0</ele>
        <time>2026-03-31T11:27:25Z</time>
      </trkpt>
      <trkpt lat="50.45872" lon="3.37847">
        <ele>16.0</ele>
        <time>2026-03-31T11:28:09Z</time>
      </trkpt>
      <trkpt lat="50.45864" lon="3.3792">
        <ele>16.0</ele>
        <time>2026-03-31T11:28:18Z</time>
      </trkpt>
      <trkpt lat="50.45814" lon="3.38077">
        <ele>16.0</ele>
        <time>2026-03-31T11:28:38Z</time>
      </trkpt>
      <trkpt lat="50.4581" lon="3.38161">
        <ele>16.0</ele>
        <time>2026-03-31T11:28:47Z</time>
      </trkpt>
      <trkpt lat="50.4585" lon="3.38423">
        <ele>16.0</ele>
        <time>2026-03-31T11:29:18Z</time>
      </trkpt>
      <trkpt lat="50.45836" lon="3.38495">
        <ele>16.0</ele>
        <time>2026-03-31T11:29:26Z</time>
      </trkpt>
      <trkpt lat="50.45769" lon="3.38617">
        <ele>17.0</ele>
        <time>2026-03-31T11:29:45Z</time>
      </trkpt>
      <trkpt lat="50.45729" lon="3.38717">
        <ele>20.0</ele>
        <time>2026-03-31T11:29:58Z</time>
      </trkpt>
      <trkpt lat="50.45693" lon="3.38928">
        <ele>20.0</ele>
        <time>2026-03-31T11:30:23Z</time>
      </trkpt>
      <trkpt lat="50.45599" lon="3.39205">
        <ele>17.0</ele>
        <time>2026-03-31T11:30:58Z</time>
      </trkpt>
      <trkpt lat="50.45574" lon="3.39243">
        <ele>17.0</ele>
        <time>2026-03-31T11:31:05Z</time>
      </trkpt>
      <trkpt lat="50.45415" lon="3.39399">
        <ele>15.0</ele>
        <time>2026-03-31T11:31:38Z</time>
      </trkpt>
      <trkpt lat="50.45281" lon="3.39626">
        <ele>17.0</ele>
        <time>2026-03-31T11:32:13Z</time>
      </trkpt>
      <trkpt lat="50.45191" lon="3.39707">
        <ele>17.0</ele>
        <time>2026-03-31T11:32:32Z</time>
      </trkpt>
      <trkpt lat="50.45177" lon="3.39739">
        <ele>17.0</ele>
        <time>2026-03-31T11:32:36Z</time>
      </trkpt>
      <trkpt lat="50.45148" lon="3.39945">
        <ele>17.0</ele>
        <time>2026-03-31T11:33:01Z</time>
      </trkpt>
      <trkpt lat="50.45029" lon="3.40046">
        <ele>17.0</ele>
        <time>2026-03-31T11:33:25Z</time>
      </trkpt>
      <trkpt lat="50.44991" lon="3.40129">
        <ele>17.0</ele>
        <time>2026-03-31T11:33:36Z</time>
      </trkpt>
      <trkpt lat="50.44931" lon="3.40329">
        <ele>16.0</ele>
        <time>2026-03-31T11:34:02Z</time>
      </trkpt>
      <trkpt lat="50.44915" lon="3.40355">
        <ele>16.0</ele>
        <time>2026-03-31T11:34:06Z</time>
      </trkpt>
      <trkpt lat="50.44961" lon="3.40418">
        <ele>16.0</ele>
        <time>2026-03-31T11:34:17Z</time>
      </trkpt>
      <trkpt lat="50.45025" lon="3.40677">
        <ele>15.0</ele>
        <time>2026-03-31T11:34:49Z</time>
      </trkpt>
      <trkpt lat="50.45097" lon="3.41006">
        <ele>17.0</ele>
        <time>2026-03-31T11:35:28Z</time>
      </trkpt>
      <trkpt lat="50.451" lon="3.4107">
        <ele>17.0</ele>
        <time>2026-03-31T11:35:36Z</time>
      </trkpt>
      <trkpt lat="50.44981" lon="3.41606">
        <ele>15.0</ele>
        <time>2026-03-31T11:36:48Z</time>
      </trkpt>
      <trkpt lat="50.44779" lon="3.41939">
        <ele>17.0</ele>
        <time>2026-03-31T11:37:40Z</time>
      </trkpt>
      <trkpt lat="50.4473" lon="3.42168">
        <ele>17.0</ele>
        <time>2026-03-31T11:38:07Z</time>
      </trkpt>
      <trkpt lat="50.44691" lon="3.4223">
        <ele>18.0</ele>
        <time>2026-03-31T11:38:17Z</time>
      </trkpt>
      <trkpt lat="50.44657" lon="3.42197">
        <ele>18.0</ele>
        <time>2026-03-31T11:38:25Z</time>
      </trkpt>
      <trkpt lat="50.44626" lon="3.42147">
        <ele>18.0</ele>
        <time>2026-03-31T11:38:36Z</time>
      </trkpt>
      <trkpt lat="50.44516" lon="3.42235">
        <ele>17.0</ele>
        <time>2026-03-31T11:38:58Z</time>
      </trkpt>
      <trkpt lat="50.44401" lon="3.42268">
        <ele>19.0</ele>
        <time>2026-03-31T11:39:22Z</time>
      </trkpt>
      <trkpt lat="50.44241" lon="3.4214">
        <ele>18.0</ele>
        <time>2026-03-31T11:40:06Z</time>
      </trkpt>
      <trkpt lat="50.44202" lon="3.42525">
        <ele>17.0</ele>
        <time>2026-03-31T11:40:50Z</time>
      </trkpt>
      <trkpt lat="50.44218" lon="3.42689">
        <ele>16.0</ele>
        <time>2026-03-31T11:41:09Z</time>
      </trkpt>
      <trkpt lat="50.44265" lon="3.43038">
        <ele>17.0</ele>
        <time>2026-03-31T11:41:50Z</time>
      </trkpt>
      <trkpt lat="50.4423" lon="3.43078">
        <ele>17.0</ele>
        <time>2026-03-31T11:41:58Z</time>
      </trkpt>
      <trkpt lat="50.4422" lon="3.43079">
        <ele>17.0</ele>
        <time>2026-03-31T11:42:00Z</time>
      </trkpt>
      <trkpt lat="50.44202" lon="3.43096">
        <ele>17.0</ele>
        <time>2026-03-31T11:42:04Z</time>
      </trkpt>
      <trkpt lat="50.43963" lon="3.4317">
        <ele>23.0</ele>
        <time>2026-03-31T11:42:47Z</time>
      </trkpt>
      <trkpt lat="50.43701" lon="3.43251">
        <ele>26.0</ele>
        <time>2026-03-31T11:43:35Z</time>
      </trkpt>
      <trkpt lat="50.4367" lon="3.4323">
        <ele>26.0</ele>
        <time>2026-03-31T11:43:41Z</time>
      </trkpt>
      <trkpt lat="50.43644" lon="3.43262">
        <ele>26.0</ele>
        <time>2026-03-31T11:43:47Z</time>
      </trkpt>
      <trkpt lat="50.43565" lon="3.43287">
        <ele>26.0</ele>
        <time>2026-03-31T11:44:01Z</time>
      </trkpt>
      <trkpt lat="50.43501" lon="3.43313">
        <ele>26.0</ele>
        <time>2026-03-31T11:44:13Z</time>
      </trkpt>
      <trkpt lat="50.42926" lon="3.43956">
        <ele>17.0</ele>
        <time>2026-03-31T11:46:19Z</time>
      </trkpt>
      <trkpt lat="50.42888" lon="3.44024">
        <ele>18.0</ele>
        <time>2026-03-31T11:46:29Z</time>
      </trkpt>
      <trkpt lat="50.42818" lon="3.44089">
        <ele>19.0</ele>
        <time>2026-03-31T11:46:44Z</time>
      </trkpt>
      <trkpt lat="50.4255" lon="3.44371">
        <ele>22.0</ele>
        <time>2026-03-31T11:47:41Z</time>
      </trkpt>
      <trkpt lat="50.42427" lon="3.44501">
        <ele>19.0</ele>
        <time>2026-03-31T11:48:08Z</time>
      </trkpt>
      <trkpt lat="50.42369" lon="3.44548">
        <ele>18.0</ele>
        <time>2026-03-31T11:48:19Z</time>
      </trkpt>
      <trkpt lat="50.42261" lon="3.44594">
        <ele>20.0</ele>
        <time>2026-03-31T11:48:39Z</time>
      </trkpt>
      <trkpt lat="50.42152" lon="3.44595">
        <ele>24.0</ele>
        <time>2026-03-31T11:48:58Z</time>
      </trkpt>
      <trkpt lat="50.41864" lon="3.44518">
        <ele>25.0</ele>
        <time>2026-03-31T11:49:51Z</time>
      </trkpt>
      <trkpt lat="50.41854" lon="3.44586">
        <ele>24.0</ele>
        <time>2026-03-31T11:49:59Z</time>
      </trkpt>
      <trkpt lat="50.41801" lon="3.44962">
        <ele>23.0</ele>
        <time>2026-03-31T11:50:43Z</time>
      </trkpt>
      <trkpt lat="50.41743" lon="3.45043">
        <ele>20.0</ele>
        <time>2026-03-31T11:50:56Z</time>
      </trkpt>
      <trkpt lat="50.414" lon="3.45281">
        <ele>18.0</ele>
        <time>2026-03-31T11:52:03Z</time>
      </trkpt>
      <trkpt lat="50.41206" lon="3.45416">
        <ele>17.0</ele>
        <time>2026-03-31T11:52:41Z</time>
      </trkpt>
      <trkpt lat="50.40207" lon="3.46103">
        <ele>23.0</ele>
        <time>2026-03-31T11:55:55Z</time>
      </trkpt>
      <trkpt lat="50.40201" lon="3.4609">
        <ele>23.0</ele>
        <time>2026-03-31T11:55:57Z</time>
      </trkpt>
      <trkpt lat="50.40267" lon="3.45858">
        <ele>22.0</ele>
        <time>2026-03-31T11:56:26Z</time>
      </trkpt>
      <trkpt lat="50.40266" lon="3.45825">
        <ele>23.0</ele>
        <time>2026-03-31T11:56:30Z</time>
      </trkpt>
      <trkpt lat="50.40261" lon="3.45818">
        <ele>24.0</ele>
        <time>2026-03-31T11:56:31Z</time>
      </trkpt>
      <trkpt lat="50.40238" lon="3.45809">
        <ele>25.0</ele>
        <time>2026-03-31T11:56:35Z</time>
      </trkpt>
      <trkpt lat="50.39993" lon="3.45626">
        <ele>26.0</ele>
        <time>2026-03-31T11:57:23Z</time>
      </trkpt>
      <trkpt lat="50.39963" lon="3.45587">
        <ele>26.0</ele>
        <time>2026-03-31T11:57:30Z</time>
      </trkpt>
      <trkpt lat="50.39906" lon="3.45358">
        <ele>27.0</ele>
        <time>2026-03-31T11:57:58Z</time>
      </trkpt>
      <trkpt lat="50.39872" lon="3.45285">
        <ele>28.0</ele>
        <time>2026-03-31T11:58:09Z</time>
      </trkpt>
      <trkpt lat="50.39776" lon="3.45189">
        <ele>32.0</ele>
        <time>2026-03-31T11:58:29Z</time>
      </trkpt>
      <trkpt lat="50.39633" lon="3.44849">
        <ele>31.0</ele>
        <time>2026-03-31T11:59:15Z</time>
      </trkpt>
      <trkpt lat="50.39618" lon="3.44851">
        <ele>31.0</ele>
        <time>2026-03-31T11:59:18Z</time>
      </trkpt>
      <trkpt lat="50.39503" lon="3.44865">
        <ele>39.0</ele>
        <time>2026-03-31T11:59:39Z</time>
      </trkpt>
      <trkpt lat="50.39267" lon="3.4487">
        <ele>40.0</ele>
        <time>2026-03-31T12:00:21Z</time>
      </trkpt>
      <trkpt lat="50.39224" lon="3.44811">
        <ele>39.0</ele>
        <time>2026-03-31T12:00:31Z</time>
      </trkpt>
      <trkpt lat="50.39039" lon="3.44416">
        <ele>38.0</ele>
        <time>2026-03-31T12:01:27Z</time>
      </trkpt>
      <trkpt lat="50.39024" lon="3.44317">
        <ele>37.0</ele>
        <time>2026-03-31T12:01:38Z</time>
      </trkpt>
      <trkpt lat="50.38944" lon="3.43457">
        <ele>33.0</ele>
        <time>2026-03-31T12:03:17Z</time>
      </trkpt>
      <trkpt lat="50.38921" lon="3.43265">
        <ele>34.0</ele>
        <time>2026-03-31T12:03:39Z</time>
      </trkpt>
      <trkpt lat="50.3884" lon="3.42542">
        <ele>33.0</ele>
        <time>2026-03-31T12:05:02Z</time>
      </trkpt>
      <trkpt lat="50.3884" lon="3.42428">
        <ele>35.0</ele>
        <time>2026-03-31T12:05:15Z</time>
      </trkpt>
      <trkpt lat="50.38843" lon="3.4238">
        <ele>36.0</ele>
        <time>2026-03-31T12:05:21Z</time>
      </trkpt>
      <trkpt lat="50.39171" lon="3.42049">
        <ele>31.0</ele>
        <time>2026-03-31T12:06:31Z</time>
      </trkpt>
      <trkpt lat="50.39877" lon="3.41308">
        <ele>24.0</ele>
        <time>2026-03-31T12:09:02Z</time>
      </trkpt>
      <trkpt lat="50.40558" lon="3.40604">
        <ele>24.0</ele>
        <time>2026-03-31T12:11:27Z</time>
      </trkpt>
      <trkpt lat="50.40555" lon="3.40559">
        <ele>22.0</ele>
        <time>2026-03-31T12:11:32Z</time>
      </trkpt>
      <trkpt lat="50.40156" lon="3.40343">
        <ele>24.0</ele>
        <time>2026-03-31T12:12:48Z</time>
      </trkpt>
      <trkpt lat="50.3936" lon="3.39945">
        <ele>23.0</ele>
        <time>2026-03-31T12:15:16Z</time>
      </trkpt>
      <trkpt lat="50.38434" lon="3.39478">
        <ele>21.0</ele>
        <time>2026-03-31T12:18:09Z</time>
      </trkpt>
      <trkpt lat="50.38323" lon="3.39452">
        <ele>19.0</ele>
        <time>2026-03-31T12:18:29Z</time>
      </trkpt>
      <trkpt lat="50.38043" lon="3.39373">
        <ele>19.0</ele>
        <time>2026-03-31T12:19:20Z</time>
      </trkpt>
      <trkpt lat="50.37736" lon="3.39268">
        <ele>19.0</ele>
        <time>2026-03-31T12:20:16Z</time>
      </trkpt>
      <trkpt lat="50.38034" lon="3.38624">
        <ele>14.0</ele>
        <time>2026-03-31T12:21:47Z</time>
      </trkpt>
      <trkpt lat="50.38413" lon="3.38093">
        <ele>18.0</ele>
        <time>2026-03-31T12:23:20Z</time>
      </trkpt>
      <trkpt lat="50.38472" lon="3.3796">
        <ele>17.0</ele>
        <time>2026-03-31T12:23:39Z</time>
      </trkpt>
      <trkpt lat="50.38515" lon="3.37703">
        <ele>17.0</ele>
        <time>2026-03-31T12:24:09Z</time>
      </trkpt>
      <trkpt lat="50.38559" lon="3.37606">
        <ele>16.0</ele>
        <time>2026-03-31T12:24:23Z</time>
      </trkpt>
      <trkpt lat="50.3894" lon="3.37295">
        <ele>16.0</ele>
        <time>2026-03-31T12:25:39Z</time>
      </trkpt>
      <trkpt lat="50.38857" lon="3.37152">
        <ele>15.0</ele>
        <time>2026-03-31T12:26:07Z</time>
      </trkpt>
      <trkpt lat="50.38178" lon="3.36433">
        <ele>16.0</ele>
        <time>2026-03-31T12:28:32Z</time>
      </trkpt>
      <trkpt lat="50.38031" lon="3.36336">
        <ele>15.0</ele>
        <time>2026-03-31T12:29:01Z</time>
      </trkpt>
      <trkpt lat="50.37832" lon="3.36234">
        <ele>19.0</ele>
        <time>2026-03-31T12:29:38Z</time>
      </trkpt>
      <trkpt lat="50.3778" lon="3.36211">
        <ele>18.0</ele>
        <time>2026-03-31T12:29:48Z</time>
      </trkpt>
      <trkpt lat="50.37505" lon="3.35991">
        <ele>18.0</ele>
        <time>2026-03-31T12:30:43Z</time>
      </trkpt>
      <trkpt lat="50.37439" lon="3.36001">
        <ele>17.0</ele>
        <time>2026-03-31T12:30:55Z</time>
      </trkpt>
      <trkpt lat="50.37319" lon="3.35946">
        <ele>19.0</ele>
        <time>2026-03-31T12:31:18Z</time>
      </trkpt>
      <trkpt lat="50.37357" lon="3.35792">
        <ele>19.0</ele>
        <time>2026-03-31T12:31:37Z</time>
      </trkpt>
      <trkpt lat="50.37395" lon="3.35734">
        <ele>18.0</ele>
        <time>2026-03-31T12:31:46Z</time>
      </trkpt>
      <trkpt lat="50.37411" lon="3.35649">
        <ele>18.0</ele>
        <time>2026-03-31T12:31:57Z</time>
      </trkpt>
      <trkpt lat="50.37414" lon="3.35547">
        <ele>19.0</ele>
        <time>2026-03-31T12:32:09Z</time>
      </trkpt>
      <trkpt lat="50.37487" lon="3.35413">
        <ele>18.0</ele>
        <time>2026-03-31T12:32:31Z</time>
      </trkpt>
      <trkpt lat="50.37521" lon="3.35206">
        <ele>18.0</ele>
        <time>2026-03-31T12:32:56Z</time>
      </trkpt>
      <trkpt lat="50.37467" lon="3.3489">
        <ele>21.0</ele>
        <time>2026-03-31T12:33:33Z</time>
      </trkpt>
      <trkpt lat="50.37437" lon="3.34874">
        <ele>21.0</ele>
        <time>2026-03-31T12:33:39Z</time>
      </trkpt>
      <trkpt lat="50.37371" lon="3.34868">
        <ele>21.0</ele>
        <time>2026-03-31T12:33:51Z</time>
      </trkpt>
      <trkpt lat="50.37201" lon="3.34742">
        <ele>20.0</ele>
        <time>2026-03-31T12:34:25Z</time>
      </trkpt>
      <trkpt lat="50.37111" lon="3.34555">
        <ele>22.0</ele>
        <time>2026-03-31T12:34:51Z</time>
      </trkpt>
      <trkpt lat="50.37032" lon="3.34313">
        <ele>24.0</ele>
        <time>2026-03-31T12:35:22Z</time>
      </trkpt>
      <trkpt lat="50.37033" lon="3.34267">
        <ele>23.0</ele>
        <time>2026-03-31T12:35:28Z</time>
      </trkpt>
      <trkpt lat="50.37013" lon="3.34228">
        <ele>23.0</ele>
        <time>2026-03-31T12:35:34Z</time>
      </trkpt>
      <trkpt lat="50.36984" lon="3.34171">
        <ele>23.0</ele>
        <time>2026-03-31T12:35:43Z</time>
      </trkpt>
      <trkpt lat="50.36986" lon="3.34107">
        <ele>23.0</ele>
        <time>2026-03-31T12:35:53Z</time>
      </trkpt>
      <trkpt lat="50.37135" lon="3.33744">
        <ele>22.0</ele>
        <time>2026-03-31T12:36:43Z</time>
      </trkpt>
      <trkpt lat="50.37146" lon="3.3365">
        <ele>21.0</ele>
        <time>2026-03-31T12:36:54Z</time>
      </trkpt>
      <trkpt lat="50.37208" lon="3.33606">
        <ele>21.0</ele>
        <time>2026-03-31T12:37:06Z</time>
      </trkpt>
      <trkpt lat="50.37278" lon="3.33545">
        <ele>20.0</ele>
        <time>2026-03-31T12:37:23Z</time>
      </trkpt>
      <trkpt lat="50.37178" lon="3.3345">
        <ele>21.0</ele>
        <time>2026-03-31T12:37:44Z</time>
      </trkpt>
      <trkpt lat="50.37108" lon="3.33335">
        <ele>21.0</ele>
        <time>2026-03-31T12:38:02Z</time>
      </trkpt>
      <trkpt lat="50.37082" lon="3.33143">
        <ele>20.0</ele>
        <time>2026-03-31T12:38:25Z</time>
      </trkpt>
      <trkpt lat="50.37018" lon="3.33006">
        <ele>20.0</ele>
        <time>2026-03-31T12:38:44Z</time>
      </trkpt>
      <trkpt lat="50.37013" lon="3.32721">
        <ele>21.0</ele>
        <time>2026-03-31T12:39:17Z</time>
      </trkpt>
      <trkpt lat="50.37035" lon="3.32592">
        <ele>19.0</ele>
        <time>2026-03-31T12:39:32Z</time>
      </trkpt>
      <trkpt lat="50.36998" lon="3.32086">
        <ele>20.0</ele>
        <time>2026-03-31T12:40:31Z</time>
      </trkpt>
      <trkpt lat="50.36957" lon="3.31943">
        <ele>19.0</ele>
        <time>2026-03-31T12:40:49Z</time>
      </trkpt>
      <trkpt lat="50.36921" lon="3.31876">
        <ele>19.0</ele>
        <time>2026-03-31T12:40:59Z</time>
      </trkpt>
      <trkpt lat="50.36878" lon="3.31854">
        <ele>20.0</ele>
        <time>2026-03-31T12:41:07Z</time>
      </trkpt>
      <trkpt lat="50.36856" lon="3.31833">
        <ele>21.0</ele>
        <time>2026-03-31T12:41:12Z</time>
      </trkpt>
      <trkpt lat="50.36816" lon="3.31738">
        <ele>20.0</ele>
        <time>2026-03-31T12:41:25Z</time>
      </trkpt>
      <trkpt lat="50.36819" lon="3.31705">
        <ele>20.0</ele>
        <time>2026-03-31T12:41:29Z</time>
      </trkpt>
      <trkpt lat="50.36869" lon="3.31677">
        <ele>21.0</ele>
        <time>2026-03-31T12:41:38Z</time>
      </trkpt>
      <trkpt lat="50.37294" lon="3.31458">
        <ele>20.0</ele>
        <time>2026-03-31T12:42:58Z</time>
      </trkpt>
      <trkpt lat="50.37341" lon="3.3147">
        <ele>20.0</ele>
        <time>2026-03-31T12:43:07Z</time>
      </trkpt>
      <trkpt lat="50.37548" lon="3.31645">
        <ele>18.0</ele>
        <time>2026-03-31T12:43:48Z</time>
      </trkpt>
      <trkpt lat="50.37726" lon="3.31755">
        <ele>18.0</ele>
        <time>2026-03-31T12:44:22Z</time>
      </trkpt>
      <trkpt lat="50.37892" lon="3.31717">
        <ele>18.0</ele>
        <time>2026-03-31T12:44:52Z</time>
      </trkpt>
      <trkpt lat="50.38292" lon="3.31662">
        <ele>17.0</ele>
        <time>2026-03-31T12:46:04Z</time>
      </trkpt>
      <trkpt lat="50.3835" lon="3.31641">
        <ele>17.0</ele>
        <time>2026-03-31T12:46:15Z</time>
      </trkpt>
      <trkpt lat="50.38546" lon="3.31611">
        <ele>16.0</ele>
        <time>2026-03-31T12:46:50Z</time>
      </trkpt>
      <trkpt lat="50.3872" lon="3.31676">
        <ele>15.0</ele>
        <time>2026-03-31T12:47:22Z</time>
      </trkpt>
      <trkpt lat="50.38974" lon="3.31668">
        <ele>15.0</ele>
        <time>2026-03-31T12:48:07Z</time>
      </trkpt>
      <trkpt lat="50.39365" lon="3.31557">
        <ele>15.0</ele>
        <time>2026-03-31T12:49:18Z</time>
      </trkpt>
      <trkpt lat="50.39379" lon="3.3157">
        <ele>16.0</ele>
        <time>2026-03-31T12:49:21Z</time>
      </trkpt>
      <trkpt lat="50.39398" lon="3.31669">
        <ele>18.0</ele>
        <time>2026-03-31T12:49:33Z</time>
      </trkpt>
      <trkpt lat="50.39437" lon="3.31771">
        <ele>16.0</ele>
        <time>2026-03-31T12:49:47Z</time>
      </trkpt>
      <trkpt lat="50.3943" lon="3.31958">
        <ele>16.0</ele>
        <time>2026-03-31T12:50:08Z</time>
      </trkpt>
      <trkpt lat="50.39417" lon="3.32041">
        <ele>16.0</ele>
        <time>2026-03-31T12:50:18Z</time>
      </trkpt>
      <trkpt lat="50.39364" lon="3.32292">
        <ele>17.0</ele>
        <time>2026-03-31T12:50:48Z</time>
      </trkpt>
      <trkpt lat="50.39355" lon="3.32424">
        <ele>17.0</ele>
        <time>2026-03-31T12:51:03Z</time>
      </trkpt>
      <trkpt lat="50.39395" lon="3.32639">
        <ele>17.0</ele>
        <time>2026-03-31T12:51:29Z</time>
      </trkpt>
      <trkpt lat="50.39452" lon="3.32811">
        <ele>17.0</ele>
        <time>2026-03-31T12:51:51Z</time>
      </trkpt>
      <trkpt lat="50.39488" lon="3.32811">
        <ele>18.0</ele>
        <time>2026-03-31T12:51:57Z</time>
      </trkpt>
      <trkpt lat="50.39622" lon="3.32783">
        <ele>17.0</ele>
        <time>2026-03-31T12:52:21Z</time>
      </trkpt>
      <trkpt lat="50.39646" lon="3.33027">
        <ele>16.0</ele>
        <time>2026-03-31T12:52:49Z</time>
      </trkpt>
      <trkpt lat="50.39685" lon="3.33128">
        <ele>15.0</ele>
        <time>2026-03-31T12:53:03Z</time>
      </trkpt>
      <trkpt lat="50.39749" lon="3.33147">
        <ele>16.0</ele>
        <time>2026-03-31T12:53:15Z</time>
      </trkpt>
      <trkpt lat="50.39844" lon="3.33139">
        <ele>15.0</ele>
        <time>2026-03-31T12:53:31Z</time>
      </trkpt>
      <trkpt lat="50.39984" lon="3.33187">
        <ele>18.0</ele>
        <time>2026-03-31T12:53:57Z</time>
      </trkpt>
      <trkpt lat="50.40148" lon="3.33226">
        <ele>16.0</ele>
        <time>2026-03-31T12:54:27Z</time>
      </trkpt>
      <trkpt lat="50.40187" lon="3.33216">
        <ele>15.0</ele>
        <time>2026-03-31T12:54:34Z</time>
      </trkpt>
      <trkpt lat="50.40329" lon="3.33159">
        <ele>16.0</ele>
        <time>2026-03-31T12:55:00Z</time>
      </trkpt>
      <trkpt lat="50.40355" lon="3.33168">
        <ele>16.0</ele>
        <time>2026-03-31T12:55:05Z</time>
      </trkpt>
      <trkpt lat="50.40469" lon="3.33307">
        <ele>18.0</ele>
        <time>2026-03-31T12:55:30Z</time>
      </trkpt>
      <trkpt lat="50.40502" lon="3.33332">
        <ele>18.0</ele>
        <time>2026-03-31T12:55:37Z</time>
      </trkpt>
      <trkpt lat="50.4053" lon="3.33345">
        <ele>18.0</ele>
        <time>2026-03-31T12:55:42Z</time>
      </trkpt>
      <trkpt lat="50.40568" lon="3.33387">
        <ele>17.0</ele>
        <time>2026-03-31T12:55:50Z</time>
      </trkpt>
      <trkpt lat="50.40741" lon="3.33386">
        <ele>17.0</ele>
        <time>2026-03-31T12:56:21Z</time>
      </trkpt>
      <trkpt lat="50.40844" lon="3.33308">
        <ele>16.0</ele>
        <time>2026-03-31T12:56:42Z</time>
      </trkpt>
      <trkpt lat="50.40874" lon="3.33216">
        <ele>16.0</ele>
        <time>2026-03-31T12:56:53Z</time>
      </trkpt>
      <trkpt lat="50.40943" lon="3.33188">
        <ele>17.0</ele>
        <time>2026-03-31T12:57:06Z</time>
      </trkpt>
      <trkpt lat="50.40975" lon="3.33157">
        <ele>17.0</ele>
        <time>2026-03-31T12:57:13Z</time>
      </trkpt>
      <trkpt lat="50.40977" lon="3.33117">
        <ele>17.0</ele>
        <time>2026-03-31T12:57:18Z</time>
      </trkpt>
      <trkpt lat="50.4097" lon="3.33099">
        <ele>17.0</ele>
        <time>2026-03-31T12:57:20Z</time>
      </trkpt>
      <trkpt lat="50.4097" lon="3.32961">
        <ele>17.0</ele>
        <time>2026-03-31T12:57:36Z</time>
      </trkpt>
      <trkpt lat="50.41014" lon="3.32755">
        <ele>19.0</ele>
        <time>2026-03-31T12:58:01Z</time>
      </trkpt>
      <trkpt lat="50.41023" lon="3.32525">
        <ele>18.0</ele>
        <time>2026-03-31T12:58:27Z</time>
      </trkpt>
      <trkpt lat="50.41044" lon="3.32337">
        <ele>17.0</ele>
        <time>2026-03-31T12:58:48Z</time>
      </trkpt>
      <trkpt lat="50.41134" lon="3.32153">
        <ele>16.0</ele>
        <time>2026-03-31T12:59:15Z</time>
      </trkpt>
      <trkpt lat="50.41175" lon="3.32144">
        <ele>16.0</ele>
        <time>2026-03-31T12:59:22Z</time>
      </trkpt>
      <trkpt lat="50.41213" lon="3.32108">
        <ele>16.0</ele>
        <time>2026-03-31T12:59:30Z</time>
      </trkpt>
      <trkpt lat="50.41369" lon="3.31725">
        <ele>16.0</ele>
        <time>2026-03-31T13:00:22Z</time>
      </trkpt>
      <trkpt lat="50.4138" lon="3.3166">
        <ele>17.0</ele>
        <time>2026-03-31T13:00:30Z</time>
      </trkpt>
      <trkpt lat="50.4144" lon="3.31622">
        <ele>17.0</ele>
        <time>2026-03-31T13:00:42Z</time>
      </trkpt>
      <trkpt lat="50.41506" lon="3.31607">
        <ele>16.0</ele>
        <time>2026-03-31T13:00:54Z</time>
      </trkpt>
      <trkpt lat="50.41557" lon="3.31611">
        <ele>16.0</ele>
        <time>2026-03-31T13:01:03Z</time>
      </trkpt>
      <trkpt lat="50.41634" lon="3.31646">
        <ele>16.0</ele>
        <time>2026-03-31T13:01:17Z</time>
      </trkpt>
      <trkpt lat="50.41995" lon="3.31922">
        <ele>15.0</ele>
        <time>2026-03-31T13:02:29Z</time>
      </trkpt>
      <trkpt lat="50.42118" lon="3.32059">
        <ele>15.0</ele>
        <time>2026-03-31T13:02:56Z</time>
      </trkpt>
      <trkpt lat="50.42316" lon="3.32191">
        <ele>16.0</ele>
        <time>2026-03-31T13:03:34Z</time>
      </trkpt>
      <trkpt lat="50.42345" lon="3.32181">
        <ele>16.0</ele>
        <time>2026-03-31T13:03:40Z</time>
      </trkpt>
      <trkpt lat="50.42419" lon="3.32164">
        <ele>15.0</ele>
        <time>2026-03-31T13:03:53Z</time>
      </trkpt>
      <trkpt lat="50.4255" lon="3.3226">
        <ele>15.0</ele>
        <time>2026-03-31T13:04:19Z</time>
      </trkpt>
      <trkpt lat="50.42584" lon="3.32262">
        <ele>15.0</ele>
        <time>2026-03-31T13:04:25Z</time>
      </trkpt>
      <trkpt lat="50.42622" lon="3.3228">
        <ele>15.0</ele>
        <time>2026-03-31T13:04:32Z</time>
      </trkpt>
      <trkpt lat="50.42675" lon="3.32403">
        <ele>15.0</ele>
        <time>2026-03-31T13:04:49Z</time>
      </trkpt>
      <trkpt lat="50.42729" lon="3.32479">
        <ele>15.0</ele>
        <time>2026-03-31T13:05:02Z</time>
      </trkpt>
      <trkpt lat="50.42834" lon="3.32574">
        <ele>14.0</ele>
        <time>2026-03-31T13:05:24Z</time>
      </trkpt>
      <trkpt lat="50.42911" lon="3.32569">
        <ele>15.0</ele>
        <time>2026-03-31T13:05:37Z</time>
      </trkpt>
      <trkpt lat="50.42962" lon="3.32483">
        <ele>16.0</ele>
        <time>2026-03-31T13:05:51Z</time>
      </trkpt>
      <trkpt lat="50.4297" lon="3.32483">
        <ele>17.0</ele>
        <time>2026-03-31T13:05:52Z</time>
      </trkpt>
      <trkpt lat="50.43" lon="3.32506">
        <ele>17.0</ele>
        <time>2026-03-31T13:05:58Z</time>
      </trkpt>
      <trkpt lat="50.43034" lon="3.32483">
        <ele>17.0</ele>
        <time>2026-03-31T13:06:05Z</time>
      </trkpt>
      <trkpt lat="50.4308" lon="3.32507">
        <ele>17.0</ele>
        <time>2026-03-31T13:06:14Z</time>
      </trkpt>
      <trkpt lat="50.43143" lon="3.32538">
        <ele>19.0</ele>
        <time>2026-03-31T13:06:26Z</time>
      </trkpt>
      <trkpt lat="50.43157" lon="3.32521">
        <ele>19.0</ele>
        <time>2026-03-31T13:06:29Z</time>
      </trkpt>
      <trkpt lat="50.43165" lon="3.32291">
        <ele>18.0</ele>
        <time>2026-03-31T13:06:56Z</time>
      </trkpt>
      <trkpt lat="50.43125" lon="3.31898">
        <ele>18.0</ele>
        <time>2026-03-31T13:07:41Z</time>
      </trkpt>
      <trkpt lat="50.43114" lon="3.31814">
        <ele>17.0</ele>
        <time>2026-03-31T13:07:51Z</time>
      </trkpt>
      <trkpt lat="50.43128" lon="3.31781">
        <ele>17.0</ele>
        <time>2026-03-31T13:07:55Z</time>
      </trkpt>
      <trkpt lat="50.43207" lon="3.31725">
        <ele>17.0</ele>
        <time>2026-03-31T13:08:11Z</time>
      </trkpt>
      <trkpt lat="50.43477" lon="3.31658">
        <ele>18.0</ele>
        <time>2026-03-31T13:08:59Z</time>
      </trkpt>
      <trkpt lat="50.43498" lon="3.3169">
        <ele>18.0</ele>
        <time>2026-03-31T13:09:05Z</time>
      </trkpt>
      <trkpt lat="50.43525" lon="3.31815">
        <ele>18.0</ele>
        <time>2026-03-31T13:09:20Z</time>
      </trkpt>
      <trkpt lat="50.4377" lon="3.31881">
        <ele>17.0</ele>
        <time>2026-03-31T13:10:05Z</time>
      </trkpt>
      <trkpt lat="50.44212" lon="3.32">
        <ele>16.0</ele>
        <time>2026-03-31T13:11:24Z</time>
      </trkpt>
      <trkpt lat="50.44236" lon="3.31993">
        <ele>16.0</ele>
        <time>2026-03-31T13:11:29Z</time>
      </trkpt>
      <trkpt lat="50.44469" lon="3.317">
        <ele>17.0</ele>
        <time>2026-03-31T13:12:22Z</time>
      </trkpt>
      <trkpt lat="50.44517" lon="3.31674">
        <ele>17.0</ele>
        <time>2026-03-31T13:12:31Z</time>
      </trkpt>
      <trkpt lat="50.44557" lon="3.31813">
        <ele>17.0</ele>
        <time>2026-03-31T13:12:48Z</time>
      </trkpt>
      <trkpt lat="50.44568" lon="3.3192">
        <ele>17.0</ele>
        <time>2026-03-31T13:13:01Z</time>
      </trkpt>
      <trkpt lat="50.44607" lon="3.3208">
        <ele>18.0</ele>
        <time>2026-03-31T13:13:21Z</time>
      </trkpt>
      <trkpt lat="50.44658" lon="3.32157">
        <ele>17.0</ele>
        <time>2026-03-31T13:13:33Z</time>
      </trkpt>
      <trkpt lat="50.44733" lon="3.32204">
        <ele>18.0</ele>
        <time>2026-03-31T13:13:48Z</time>
      </trkpt>
      <trkpt lat="50.4487" lon="3.32361">
        <ele>17.0</ele>
        <time>2026-03-31T13:14:19Z</time>
      </trkpt>
      <trkpt lat="50.44945" lon="3.32406">
        <ele>17.0</ele>
        <time>2026-03-31T13:14:33Z</time>
      </trkpt>
      <trkpt lat="50.45054" lon="3.32527">
        <ele>19.0</ele>
        <time>2026-03-31T13:14:57Z</time>
      </trkpt>
      <trkpt lat="50.45081" lon="3.3257">
        <ele>20.0</ele>
        <time>2026-03-31T13:15:04Z</time>
      </trkpt>
      <trkpt lat="50.45093" lon="3.32569">
        <ele>20.0</ele>
        <time>2026-03-31T13:15:06Z</time>
      </trkpt>
      <trkpt lat="50.45486" lon="3.30699">
        <ele>20.0</ele>
        <time>2026-03-31T13:18:49Z</time>
      </trkpt>
      <trkpt lat="50.45622" lon="3.30208">
        <ele>22.0</ele>
        <time>2026-03-31T13:19:50Z</time>
      </trkpt>
      <trkpt lat="50.45746" lon="3.29782">
        <ele>22.0</ele>
        <time>2026-03-31T13:20:43Z</time>
      </trkpt>
      <trkpt lat="50.45754" lon="3.29593">
        <ele>20.0</ele>
        <time>2026-03-31T13:21:05Z</time>
      </trkpt>
      <trkpt lat="50.45753" lon="3.29422">
        <ele>21.0</ele>
        <time>2026-03-31T13:21:24Z</time>
      </trkpt>
      <trkpt lat="50.45781" lon="3.29278">
        <ele>22.0</ele>
        <time>2026-03-31T13:21:41Z</time>
      </trkpt>
      <trkpt lat="50.45813" lon="3.29122">
        <ele>22.0</ele>
        <time>2026-03-31T13:22:00Z</time>
      </trkpt>
      <trkpt lat="50.45884" lon="3.28738">
        <ele>24.0</ele>
        <time>2026-03-31T13:22:45Z</time>
      </trkpt>
      <trkpt lat="50.45916" lon="3.28672">
        <ele>24.0</ele>
        <time>2026-03-31T13:22:55Z</time>
      </trkpt>
      <trkpt lat="50.45903" lon="3.28606">
        <ele>23.0</ele>
        <time>2026-03-31T13:23:06Z</time>
      </trkpt>
      <trkpt lat="50.45884" lon="3.2858">
        <ele>23.0</ele>
        <time>2026-03-31T13:23:10Z</time>
      </trkpt>
      <trkpt lat="50.45721" lon="3.28388">
        <ele>22.0</ele>
        <time>2026-03-31T13:23:46Z</time>
      </trkpt>
      <trkpt lat="50.45732" lon="3.28279">
        <ele>22.0</ele>
        <time>2026-03-31T13:24:00Z</time>
      </trkpt>
      <trkpt lat="50.45763" lon="3.28263">
        <ele>22.0</ele>
        <time>2026-03-31T13:24:10Z</time>
      </trkpt>
      <trkpt lat="50.45819" lon="3.28342">
        <ele>24.0</ele>
        <time>2026-03-31T13:24:24Z</time>
      </trkpt>
      <trkpt lat="50.45921" lon="3.28406">
        <ele>24.0</ele>
        <time>2026-03-31T13:24:43Z</time>
      </trkpt>
      <trkpt lat="50.45967" lon="3.28355">
        <ele>24.0</ele>
        <time>2026-03-31T13:24:57Z</time>
      </trkpt>
      <trkpt lat="50.46005" lon="3.28145">
        <ele>24.0</ele>
        <time>2026-03-31T13:25:23Z</time>
      </trkpt>
      <trkpt lat="50.45934" lon="3.27929">
        <ele>22.0</ele>
        <time>2026-03-31T13:25:50Z</time>
      </trkpt>
      <trkpt lat="50.45865" lon="3.27697">
        <ele>24.0</ele>
        <time>2026-03-31T13:26:19Z</time>
      </trkpt>
      <trkpt lat="50.45948" lon="3.2685">
        <ele>27.0</ele>
        <time>2026-03-31T13:27:59Z</time>
      </trkpt>
      <trkpt lat="50.45974" lon="3.2681">
        <ele>27.0</ele>
        <time>2026-03-31T13:28:06Z</time>
      </trkpt>
      <trkpt lat="50.46066" lon="3.26496">
        <ele>29.0</ele>
        <time>2026-03-31T13:28:45Z</time>
      </trkpt>
      <trkpt lat="50.46134" lon="3.26312">
        <ele>26.0</ele>
        <time>2026-03-31T13:29:09Z</time>
      </trkpt>
      <trkpt lat="50.46285" lon="3.26069">
        <ele>26.0</ele>
        <time>2026-03-31T13:29:48Z</time>
      </trkpt>
      <trkpt lat="50.46487" lon="3.25836">
        <ele>26.0</ele>
        <time>2026-03-31T13:30:32Z</time>
      </trkpt>
      <trkpt lat="50.46543" lon="3.2582">
        <ele>27.0</ele>
        <time>2026-03-31T13:30:43Z</time>
      </trkpt>
      <trkpt lat="50.46614" lon="3.25808">
        <ele>27.0</ele>
        <time>2026-03-31T13:30:55Z</time>
      </trkpt>
      <trkpt lat="50.46676" lon="3.25742">
        <ele>27.0</ele>
        <time>2026-03-31T13:31:09Z</time>
      </trkpt>
      <trkpt lat="50.46849" lon="3.25183">
        <ele>30.0</ele>
        <time>2026-03-31T13:32:19Z</time>
      </trkpt>
      <trkpt lat="50.469" lon="3.25078">
        <ele>31.0</ele>
        <time>2026-03-31T13:32:34Z</time>
      </trkpt>
      <trkpt lat="50.46969" lon="3.24957">
        <ele>33.0</ele>
        <time>2026-03-31T13:32:53Z</time>
      </trkpt>
      <trkpt lat="50.47042" lon="3.24872">
        <ele>34.0</ele>
        <time>2026-03-31T13:33:09Z</time>
      </trkpt>
      <trkpt lat="50.47072" lon="3.24822">
        <ele>35.0</ele>
        <time>2026-03-31T13:33:17Z</time>
      </trkpt>
      <trkpt lat="50.47134" lon="3.24865">
        <ele>34.0</ele>
        <time>2026-03-31T13:33:29Z</time>
      </trkpt>
      <trkpt lat="50.47183" lon="3.24847">
        <ele>34.0</ele>
        <time>2026-03-31T13:33:38Z</time>
      </trkpt>
      <trkpt lat="50.4721" lon="3.24813">
        <ele>34.0</ele>
        <time>2026-03-31T13:33:44Z</time>
      </trkpt>
      <trkpt lat="50.47335" lon="3.24668">
        <ele>34.0</ele>
        <time>2026-03-31T13:34:12Z</time>
      </trkpt>
      <trkpt lat="50.47458" lon="3.24555">
        <ele>36.0</ele>
        <time>2026-03-31T13:34:38Z</time>
      </trkpt>
      <trkpt lat="50.47516" lon="3.24465">
        <ele>38.0</ele>
        <time>2026-03-31T13:34:53Z</time>
      </trkpt>
      <trkpt lat="50.47519" lon="3.24415">
        <ele>39.0</ele>
        <time>2026-03-31T13:34:59Z</time>
      </trkpt>
      <trkpt lat="50.47573" lon="3.24329">
        <ele>37.0</ele>
        <time>2026-03-31T13:35:12Z</time>
      </trkpt>
      <trkpt lat="50.47615" lon="3.24296">
        <ele>36.0</ele>
        <time>2026-03-31T13:35:21Z</time>
      </trkpt>
      <trkpt lat="50.47662" lon="3.24237">
        <ele>35.0</ele>
        <time>2026-03-31T13:35:31Z</time>
      </trkpt>
      <trkpt lat="50.4774" lon="3.2415">
        <ele>36.0</ele>
        <time>2026-03-31T13:35:48Z</time>
      </trkpt>
      <trkpt lat="50.47815" lon="3.24069">
        <ele>34.0</ele>
        <time>2026-03-31T13:36:05Z</time>
      </trkpt>
      <trkpt lat="50.47809" lon="3.24042">
        <ele>35.0</ele>
        <time>2026-03-31T13:36:08Z</time>
      </trkpt>
      <trkpt lat="50.47773" lon="3.23965">
        <ele>36.0</ele>
        <time>2026-03-31T13:36:19Z</time>
      </trkpt>
      <trkpt lat="50.47563" lon="3.23592">
        <ele>38.0</ele>
        <time>2026-03-31T13:37:16Z</time>
      </trkpt>
      <trkpt lat="50.47373" lon="3.23384">
        <ele>39.0</ele>
        <time>2026-03-31T13:37:57Z</time>
      </trkpt>
      <trkpt lat="50.47351" lon="3.23358">
        <ele>40.0</ele>
        <time>2026-03-31T13:38:02Z</time>
      </trkpt>
      <trkpt lat="50.4732" lon="3.23223">
        <ele>42.0</ele>
        <time>2026-03-31T13:38:18Z</time>
      </trkpt>
      <trkpt lat="50.47331" lon="3.23196">
        <ele>43.0</ele>
        <time>2026-03-31T13:38:22Z</time>
      </trkpt>
      <trkpt lat="50.47271" lon="3.22791">
        <ele>45.0</ele>
        <time>2026-03-31T13:39:11Z</time>
      </trkpt>
      <trkpt lat="50.47375" lon="3.22405">
        <ele>43.0</ele>
        <time>2026-03-31T13:39:58Z</time>
      </trkpt>
      <trkpt lat="50.47389" lon="3.22386">
        <ele>42.0</ele>
        <time>2026-03-31T13:40:02Z</time>
      </trkpt>
      <trkpt lat="50.47449" lon="3.22445">
        <ele>40.0</ele>
        <time>2026-03-31T13:40:14Z</time>
      </trkpt>
      <trkpt lat="50.47486" lon="3.22525">
        <ele>39.0</ele>
        <time>2026-03-31T13:40:26Z</time>
      </trkpt>
      <trkpt lat="50.47554" lon="3.22599">
        <ele>39.0</ele>
        <time>2026-03-31T13:40:40Z</time>
      </trkpt>
      <trkpt lat="50.47667" lon="3.22711">
        <ele>39.0</ele>
        <time>2026-03-31T13:41:04Z</time>
      </trkpt>
      <trkpt lat="50.47687" lon="3.22816">
        <ele>39.0</ele>
        <time>2026-03-31T13:41:17Z</time>
      </trkpt>
      <trkpt lat="50.47701" lon="3.22876">
        <ele>40.0</ele>
        <time>2026-03-31T13:41:24Z</time>
      </trkpt>
      <trkpt lat="50.4784" lon="3.23109">
        <ele>42.0</ele>
        <time>2026-03-31T13:42:00Z</time>
      </trkpt>
      <trkpt lat="50.47891" lon="3.23203">
        <ele>40.0</ele>
        <time>2026-03-31T13:42:14Z</time>
      </trkpt>
      <trkpt lat="50.47955" lon="3.23381">
        <ele>38.0</ele>
        <time>2026-03-31T13:42:37Z</time>
      </trkpt>
      <trkpt lat="50.47966" lon="3.23442">
        <ele>38.0</ele>
        <time>2026-03-31T13:42:45Z</time>
      </trkpt>
      <trkpt lat="50.47958" lon="3.23513">
        <ele>39.0</ele>
        <time>2026-03-31T13:42:53Z</time>
      </trkpt>
      <trkpt lat="50.47994" lon="3.23548">
        <ele>39.0</ele>
        <time>2026-03-31T13:43:02Z</time>
      </trkpt>
      <trkpt lat="50.48279" lon="3.23008">
        <ele>33.0</ele>
        <time>2026-03-31T13:44:21Z</time>
      </trkpt>
      <trkpt lat="50.48447" lon="3.22716">
        <ele>31.0</ele>
        <time>2026-03-31T13:45:06Z</time>
      </trkpt>
      <trkpt lat="50.48545" lon="3.22596">
        <ele>31.0</ele>
        <time>2026-03-31T13:45:28Z</time>
      </trkpt>
      <trkpt lat="50.48637" lon="3.22376">
        <ele>31.0</ele>
        <time>2026-03-31T13:45:57Z</time>
      </trkpt>
      <trkpt lat="50.48674" lon="3.22227">
        <ele>33.0</ele>
        <time>2026-03-31T13:46:16Z</time>
      </trkpt>
      <trkpt lat="50.48714" lon="3.22195">
        <ele>32.0</ele>
        <time>2026-03-31T13:46:24Z</time>
      </trkpt>
      <trkpt lat="50.48754" lon="3.22091">
        <ele>33.0</ele>
        <time>2026-03-31T13:46:39Z</time>
      </trkpt>
      <trkpt lat="50.48849" lon="3.21915">
        <ele>32.0</ele>
        <time>2026-03-31T13:47:05Z</time>
      </trkpt>
      <trkpt lat="50.48901" lon="3.21809">
        <ele>33.0</ele>
        <time>2026-03-31T13:47:20Z</time>
      </trkpt>
      <trkpt lat="50.48947" lon="3.21662">
        <ele>35.0</ele>
        <time>2026-03-31T13:47:39Z</time>
      </trkpt>
      <trkpt lat="50.48943" lon="3.21574">
        <ele>36.0</ele>
        <time>2026-03-31T13:47:49Z</time>
      </trkpt>
      <trkpt lat="50.48894" lon="3.21395">
        <ele>37.0</ele>
        <time>2026-03-31T13:48:11Z</time>
      </trkpt>
      <trkpt lat="50.48867" lon="3.21208">
        <ele>37.0</ele>
        <time>2026-03-31T13:48:33Z</time>
      </trkpt>
      <trkpt lat="50.48856" lon="3.21098">
        <ele>36.0</ele>
        <time>2026-03-31T13:48:49Z</time>
      </trkpt>
      <trkpt lat="50.48734" lon="3.21051">
        <ele>36.0</ele>
        <time>2026-03-31T13:49:11Z</time>
      </trkpt>
      <trkpt lat="50.48654" lon="3.21048">
        <ele>37.0</ele>
        <time>2026-03-31T13:49:25Z</time>
      </trkpt>
      <trkpt lat="50.485" lon="3.20996">
        <ele>39.0</ele>
        <time>2026-03-31T13:49:54Z</time>
      </trkpt>
      <trkpt lat="50.48408" lon="3.20978">
        <ele>38.0</ele>
        <time>2026-03-31T13:50:10Z</time>
      </trkpt>
      <trkpt lat="50.48121" lon="3.20708">
        <ele>44.0</ele>
        <time>2026-03-31T13:51:10Z</time>
      </trkpt>
      <trkpt lat="50.48009" lon="3.20502">
        <ele>47.0</ele>
        <time>2026-03-31T13:51:40Z</time>
      </trkpt>
      <trkpt lat="50.4796" lon="3.20485">
        <ele>48.0</ele>
        <time>2026-03-31T13:51:49Z</time>
      </trkpt>
      <trkpt lat="50.47957" lon="3.20463">
        <ele>48.0</ele>
        <time>2026-03-31T13:51:52Z</time>
      </trkpt>
      <trkpt lat="50.47964" lon="3.20425">
        <ele>48.0</ele>
        <time>2026-03-31T13:51:57Z</time>
      </trkpt>
      <trkpt lat="50.47976" lon="3.2038">
        <ele>47.0</ele>
        <time>2026-03-31T13:52:02Z</time>
      </trkpt>
      <trkpt lat="50.48109" lon="3.20138">
        <ele>44.0</ele>
        <time>2026-03-31T13:52:39Z</time>
      </trkpt>
      <trkpt lat="50.4814" lon="3.1997">
        <ele>44.0</ele>
        <time>2026-03-31T13:52:59Z</time>
      </trkpt>
      <trkpt lat="50.4825" lon="3.19708">
        <ele>42.0</ele>
        <time>2026-03-31T13:53:34Z</time>
      </trkpt>
      <trkpt lat="50.48285" lon="3.196">
        <ele>41.0</ele>
        <time>2026-03-31T13:53:48Z</time>
      </trkpt>
      <trkpt lat="50.48229" lon="3.19411">
        <ele>41.0</ele>
        <time>2026-03-31T13:54:12Z</time>
      </trkpt>
      <trkpt lat="50.48219" lon="3.19203">
        <ele>41.0</ele>
        <time>2026-03-31T13:54:35Z</time>
      </trkpt>
      <trkpt lat="50.48247" lon="3.19098">
        <ele>40.0</ele>
        <time>2026-03-31T13:54:48Z</time>
      </trkpt>
      <trkpt lat="50.48285" lon="3.19037">
        <ele>39.0</ele>
        <time>2026-03-31T13:54:58Z</time>
      </trkpt>
      <trkpt lat="50.4834" lon="3.18892">
        <ele>40.0</ele>
        <time>2026-03-31T13:55:17Z</time>
      </trkpt>
      <trkpt lat="50.48416" lon="3.18656">
        <ele>40.0</ele>
        <time>2026-03-31T13:55:47Z</time>
      </trkpt>
      <trkpt lat="50.48448" lon="3.18614">
        <ele>40.0</ele>
        <time>2026-03-31T13:55:55Z</time>
      </trkpt>
      <trkpt lat="50.485" lon="3.18581">
        <ele>40.0</ele>
        <time>2026-03-31T13:56:05Z</time>
      </trkpt>
      <trkpt lat="50.48525" lon="3.18597">
        <ele>40.0</ele>
        <time>2026-03-31T13:56:10Z</time>
      </trkpt>
      <trkpt lat="50.48548" lon="3.18584">
        <ele>41.0</ele>
        <time>2026-03-31T13:56:14Z</time>
      </trkpt>
      <trkpt lat="50.48651" lon="3.18459">
        <ele>41.0</ele>
        <time>2026-03-31T13:56:38Z</time>
      </trkpt>
      <trkpt lat="50.48675" lon="3.18381">
        <ele>43.0</ele>
        <time>2026-03-31T13:56:48Z</time>
      </trkpt>
      <trkpt lat="50.4884" lon="3.17703">
        <ele>48.0</ele>
        <time>2026-03-31T13:58:10Z</time>
      </trkpt>
      <trkpt lat="50.4891" lon="3.17503">
        <ele>50.0</ele>
        <time>2026-03-31T13:58:36Z</time>
      </trkpt>
      <trkpt lat="50.48965" lon="3.17118">
        <ele>54.0</ele>
        <time>2026-03-31T13:59:21Z</time>
      </trkpt>
      <trkpt lat="50.48815" lon="3.16644">
        <ele>53.0</ele>
        <time>2026-03-31T14:00:21Z</time>
      </trkpt>
      <trkpt lat="50.48723" lon="3.16395">
        <ele>55.0</ele>
        <time>2026-03-31T14:00:54Z</time>
      </trkpt>
      <trkpt lat="50.48621" lon="3.16096">
        <ele>54.0</ele>
        <time>2026-03-31T14:01:33Z</time>
      </trkpt>
      <trkpt lat="50.48504" lon="3.1619">
        <ele>55.0</ele>
        <time>2026-03-31T14:01:57Z</time>
      </trkpt>
      <trkpt lat="50.48499" lon="3.1619">
        <ele>55.0</ele>
        <time>2026-03-31T14:01:57Z</time>
      </trkpt>
      <trkpt lat="50.48388" lon="3.15789">
        <ele>55.0</ele>
        <time>2026-03-31T14:02:47Z</time>
      </trkpt>
      <trkpt lat="50.4836" lon="3.15796">
        <ele>54.0</ele>
        <time>2026-03-31T14:02:52Z</time>
      </trkpt>
      <trkpt lat="50.48339" lon="3.15784">
        <ele>54.0</ele>
        <time>2026-03-31T14:02:57Z</time>
      </trkpt>
      <trkpt lat="50.48245" lon="3.15308">
        <ele>55.0</ele>
        <time>2026-03-31T14:03:53Z</time>
      </trkpt>
      <trkpt lat="50.48155" lon="3.14907">
        <ele>54.0</ele>
        <time>2026-03-31T14:04:41Z</time>
      </trkpt>
      <trkpt lat="50.4799" lon="3.14718">
        <ele>54.0</ele>
        <time>2026-03-31T14:05:18Z</time>
      </trkpt>
      <trkpt lat="50.47968" lon="3.1469">
        <ele>52.0</ele>
        <time>2026-03-31T14:05:23Z</time>
      </trkpt>
      <trkpt lat="50.48092" lon="3.14305">
        <ele>51.0</ele>
        <time>2026-03-31T14:06:12Z</time>
      </trkpt>
      <trkpt lat="50.48114" lon="3.14267">
        <ele>52.0</ele>
        <time>2026-03-31T14:06:19Z</time>
      </trkpt>
      <trkpt lat="50.48169" lon="3.14284">
        <ele>53.0</ele>
        <time>2026-03-31T14:06:29Z</time>
      </trkpt>
      <trkpt lat="50.48199" lon="3.14305">
        <ele>54.0</ele>
        <time>2026-03-31T14:06:35Z</time>
      </trkpt>
      <trkpt lat="50.48285" lon="3.14288">
        <ele>55.0</ele>
        <time>2026-03-31T14:06:50Z</time>
      </trkpt>
      <trkpt lat="50.48344" lon="3.1429">
        <ele>55.0</ele>
        <time>2026-03-31T14:07:01Z</time>
      </trkpt>
      <trkpt lat="50.48486" lon="3.14129">
        <ele>54.0</ele>
        <time>2026-03-31T14:07:32Z</time>
      </trkpt>
      <trkpt lat="50.48611" lon="3.13938">
        <ele>53.0</ele>
        <time>2026-03-31T14:08:03Z</time>
      </trkpt>
      <trkpt lat="50.48702" lon="3.13661">
        <ele>54.0</ele>
        <time>2026-03-31T14:08:39Z</time>
      </trkpt>
      <trkpt lat="50.48837" lon="3.13434">
        <ele>53.0</ele>
        <time>2026-03-31T14:09:14Z</time>
      </trkpt>
      <trkpt lat="50.48844" lon="3.13403">
        <ele>53.0</ele>
        <time>2026-03-31T14:09:18Z</time>
      </trkpt>
      <trkpt lat="50.48961" lon="3.13324">
        <ele>51.0</ele>
        <time>2026-03-31T14:09:40Z</time>
      </trkpt>
      <trkpt lat="50.49169" lon="3.13166">
        <ele>52.0</ele>
        <time>2026-03-31T14:10:22Z</time>
      </trkpt>
      <trkpt lat="50.49254" lon="3.13129">
        <ele>52.0</ele>
        <time>2026-03-31T14:10:37Z</time>
      </trkpt>
      <trkpt lat="50.49237" lon="3.12913">
        <ele>50.0</ele>
        <time>2026-03-31T14:11:03Z</time>
      </trkpt>
      <trkpt lat="50.49206" lon="3.12824">
        <ele>49.0</ele>
        <time>2026-03-31T14:11:15Z</time>
      </trkpt>
      <trkpt lat="50.49129" lon="3.12757">
        <ele>50.0</ele>
        <time>2026-03-31T14:11:31Z</time>
      </trkpt>
      <trkpt lat="50.49062" lon="3.12716">
        <ele>51.0</ele>
        <time>2026-03-31T14:11:43Z</time>
      </trkpt>
      <trkpt lat="50.49018" lon="3.12663">
        <ele>51.0</ele>
        <time>2026-03-31T14:11:53Z</time>
      </trkpt>
      <trkpt lat="50.48923" lon="3.12556">
        <ele>50.0</ele>
        <time>2026-03-31T14:12:14Z</time>
      </trkpt>
      <trkpt lat="50.48836" lon="3.12469">
        <ele>52.0</ele>
        <time>2026-03-31T14:12:33Z</time>
      </trkpt>
      <trkpt lat="50.48609" lon="3.12138">
        <ele>52.0</ele>
        <time>2026-03-31T14:13:28Z</time>
      </trkpt>
      <trkpt lat="50.4862" lon="3.12115">
        <ele>51.0</ele>
        <time>2026-03-31T14:13:31Z</time>
      </trkpt>
      <trkpt lat="50.4871" lon="3.12098">
        <ele>50.0</ele>
        <time>2026-03-31T14:13:48Z</time>
      </trkpt>
      <trkpt lat="50.48833" lon="3.12104">
        <ele>48.0</ele>
        <time>2026-03-31T14:14:10Z</time>
      </trkpt>
      <trkpt lat="50.48859" lon="3.1209">
        <ele>48.0</ele>
        <time>2026-03-31T14:14:14Z</time>
      </trkpt>
      <trkpt lat="50.4897" lon="3.11941">
        <ele>50.0</ele>
        <time>2026-03-31T14:14:40Z</time>
      </trkpt>
      <trkpt lat="50.49043" lon="3.11824">
        <ele>51.0</ele>
        <time>2026-03-31T14:14:59Z</time>
      </trkpt>
      <trkpt lat="50.49241" lon="3.11698">
        <ele>47.0</ele>
        <time>2026-03-31T14:15:37Z</time>
      </trkpt>
      <trkpt lat="50.49212" lon="3.11611">
        <ele>49.0</ele>
        <time>2026-03-31T14:15:48Z</time>
      </trkpt>
      <trkpt lat="50.48853" lon="3.10826">
        <ele>56.0</ele>
        <time>2026-03-31T14:17:38Z</time>
      </trkpt>
      <trkpt lat="50.48705" lon="3.10363">
        <ele>65.0</ele>
        <time>2026-03-31T14:18:36Z</time>
      </trkpt>
      <trkpt lat="50.48705" lon="3.10354">
        <ele>65.0</ele>
        <time>2026-03-31T14:18:37Z</time>
      </trkpt>
      <trkpt lat="50.49017" lon="3.10256">
        <ele>69.0</ele>
        <time>2026-03-31T14:19:34Z</time>
      </trkpt>
      <trkpt lat="50.49042" lon="3.10254">
        <ele>68.0</ele>
        <time>2026-03-31T14:19:39Z</time>
      </trkpt>
      <trkpt lat="50.49146" lon="3.10248">
        <ele>62.0</ele>
        <time>2026-03-31T14:19:57Z</time>
      </trkpt>
      <trkpt lat="50.49283" lon="3.10296">
        <ele>56.0</ele>
        <time>2026-03-31T14:20:22Z</time>
      </trkpt>
      <trkpt lat="50.49736" lon="3.10566">
        <ele>50.0</ele>
        <time>2026-03-31T14:21:49Z</time>
      </trkpt>
      <trkpt lat="50.49899" lon="3.10678">
        <ele>47.0</ele>
        <time>2026-03-31T14:22:20Z</time>
      </trkpt>
      <trkpt lat="50.50066" lon="3.10767">
        <ele>47.0</ele>
        <time>2026-03-31T14:22:52Z</time>
      </trkpt>
      <trkpt lat="50.50261" lon="3.10791">
        <ele>44.0</ele>
        <time>2026-03-31T14:23:26Z</time>
      </trkpt>
      <trkpt lat="50.50392" lon="3.10873">
        <ele>44.0</ele>
        <time>2026-03-31T14:23:52Z</time>
      </trkpt>
      <trkpt lat="50.50438" lon="3.10902">
        <ele>44.0</ele>
        <time>2026-03-31T14:24:00Z</time>
      </trkpt>
      <trkpt lat="50.50471" lon="3.10929">
        <ele>44.0</ele>
        <time>2026-03-31T14:24:07Z</time>
      </trkpt>
      <trkpt lat="50.50509" lon="3.10973">
        <ele>45.0</ele>
        <time>2026-03-31T14:24:16Z</time>
      </trkpt>
      <trkpt lat="50.50537" lon="3.10975">
        <ele>44.0</ele>
        <time>2026-03-31T14:24:21Z</time>
      </trkpt>
      <trkpt lat="50.50683" lon="3.1084">
        <ele>43.0</ele>
        <time>2026-03-31T14:24:59Z</time>
      </trkpt>
      <trkpt lat="50.50703" lon="3.10757">
        <ele>42.0</ele>
        <time>2026-03-31T14:25:09Z</time>
      </trkpt>
      <trkpt lat="50.50728" lon="3.1067">
        <ele>40.0</ele>
        <time>2026-03-31T14:25:20Z</time>
      </trkpt>
      <trkpt lat="50.50787" lon="3.10665">
        <ele>40.0</ele>
        <time>2026-03-31T14:25:31Z</time>
      </trkpt>
      <trkpt lat="50.51003" lon="3.10565">
        <ele>41.0</ele>
        <time>2026-03-31T14:26:11Z</time>
      </trkpt>
      <trkpt lat="50.51083" lon="3.10575">
        <ele>42.0</ele>
        <time>2026-03-31T14:26:25Z</time>
      </trkpt>
      <trkpt lat="50.51127" lon="3.10569">
        <ele>41.0</ele>
        <time>2026-03-31T14:26:33Z</time>
      </trkpt>
      <trkpt lat="50.51487" lon="3.10234">
        <ele>37.0</ele>
        <time>2026-03-31T14:27:48Z</time>
      </trkpt>
      <trkpt lat="50.51541" lon="3.10211">
        <ele>35.0</ele>
        <time>2026-03-31T14:27:58Z</time>
      </trkpt>
      <trkpt lat="50.51622" lon="3.10199">
        <ele>35.0</ele>
        <time>2026-03-31T14:28:12Z</time>
      </trkpt>
      <trkpt lat="50.51713" lon="3.10161">
        <ele>35.0</ele>
        <time>2026-03-31T14:28:29Z</time>
      </trkpt>
      <trkpt lat="50.51753" lon="3.10143">
        <ele>35.0</ele>
        <time>2026-03-31T14:28:36Z</time>
      </trkpt>
      <trkpt lat="50.51759" lon="3.10151">
        <ele>35.0</ele>
        <time>2026-03-31T14:28:38Z</time>
      </trkpt>
      <trkpt lat="50.51819" lon="3.10373">
        <ele>36.0</ele>
        <time>2026-03-31T14:29:05Z</time>
      </trkpt>
      <trkpt lat="50.51838" lon="3.10569">
        <ele>34.0</ele>
        <time>2026-03-31T14:29:28Z</time>
      </trkpt>
      <trkpt lat="50.51979" lon="3.10769">
        <ele>33.0</ele>
        <time>2026-03-31T14:30:01Z</time>
      </trkpt>
      <trkpt lat="50.52021" lon="3.10781">
        <ele>33.0</ele>
        <time>2026-03-31T14:30:09Z</time>
      </trkpt>
      <trkpt lat="50.5206" lon="3.10758">
        <ele>32.0</ele>
        <time>2026-03-31T14:30:17Z</time>
      </trkpt>
      <trkpt lat="50.52208" lon="3.10675">
        <ele>34.0</ele>
        <time>2026-03-31T14:30:45Z</time>
      </trkpt>
      <trkpt lat="50.52265" lon="3.10691">
        <ele>35.0</ele>
        <time>2026-03-31T14:30:56Z</time>
      </trkpt>
      <trkpt lat="50.52292" lon="3.10827">
        <ele>34.0</ele>
        <time>2026-03-31T14:31:12Z</time>
      </trkpt>
      <trkpt lat="50.52335" lon="3.10955">
        <ele>35.0</ele>
        <time>2026-03-31T14:31:29Z</time>
      </trkpt>
      <trkpt lat="50.52355" lon="3.10995">
        <ele>36.0</ele>
        <time>2026-03-31T14:31:34Z</time>
      </trkpt>
      <trkpt lat="50.52396" lon="3.11145">
        <ele>36.0</ele>
        <time>2026-03-31T14:31:53Z</time>
      </trkpt>
      <trkpt lat="50.52415" lon="3.11178">
        <ele>36.0</ele>
        <time>2026-03-31T14:31:58Z</time>
      </trkpt>
      <trkpt lat="50.52425" lon="3.11196">
        <ele>36.0</ele>
        <time>2026-03-31T14:32:01Z</time>
      </trkpt>
      <trkpt lat="50.52468" lon="3.11176">
        <ele>37.0</ele>
        <time>2026-03-31T14:32:09Z</time>
      </trkpt>
      <trkpt lat="50.52511" lon="3.11143">
        <ele>37.0</ele>
        <time>2026-03-31T14:32:18Z</time>
      </trkpt>
      <trkpt lat="50.52535" lon="3.11115">
        <ele>37.0</ele>
        <time>2026-03-31T14:32:23Z</time>
      </trkpt>
      <trkpt lat="50.53115" lon="3.10595">
        <ele>31.0</ele>
        <time>2026-03-31T14:34:22Z</time>
      </trkpt>
      <trkpt lat="50.53155" lon="3.10588">
        <ele>30.0</ele>
        <time>2026-03-31T14:34:30Z</time>
      </trkpt>
      <trkpt lat="50.53378" lon="3.10585">
        <ele>31.0</ele>
        <time>2026-03-31T14:35:09Z</time>
      </trkpt>
      <trkpt lat="50.53405" lon="3.10657">
        <ele>31.0</ele>
        <time>2026-03-31T14:35:19Z</time>
      </trkpt>
      <trkpt lat="50.53426" lon="3.10759">
        <ele>30.0</ele>
        <time>2026-03-31T14:35:31Z</time>
      </trkpt>
      <trkpt lat="50.53401" lon="3.10867">
        <ele>30.0</ele>
        <time>2026-03-31T14:35:44Z</time>
      </trkpt>
      <trkpt lat="50.53319" lon="3.11146">
        <ele>29.0</ele>
        <time>2026-03-31T14:36:19Z</time>
      </trkpt>
      <trkpt lat="50.53329" lon="3.11197">
        <ele>29.0</ele>
        <time>2026-03-31T14:36:25Z</time>
      </trkpt>
      <trkpt lat="50.53476" lon="3.11556">
        <ele>30.0</ele>
        <time>2026-03-31T14:37:14Z</time>
      </trkpt>
      <trkpt lat="50.53491" lon="3.11621">
        <ele>30.0</ele>
        <time>2026-03-31T14:37:22Z</time>
      </trkpt>
      <trkpt lat="50.53563" lon="3.11928">
        <ele>29.0</ele>
        <time>2026-03-31T14:37:59Z</time>
      </trkpt>
      <trkpt lat="50.53657" lon="3.12165">
        <ele>32.0</ele>
        <time>2026-03-31T14:38:31Z</time>
      </trkpt>
      <trkpt lat="50.53616" lon="3.12217">
        <ele>28.0</ele>
        <time>2026-03-31T14:38:40Z</time>
      </trkpt>
      <trkpt lat="50.53665" lon="3.12382">
        <ele>29.0</ele>
        <time>2026-03-31T14:39:01Z</time>
      </trkpt>
      <trkpt lat="50.53744" lon="3.12555">
        <ele>30.0</ele>
        <time>2026-03-31T14:39:25Z</time>
      </trkpt>
      <trkpt lat="50.53757" lon="3.12593">
        <ele>30.0</ele>
        <time>2026-03-31T14:39:30Z</time>
      </trkpt>
      <trkpt lat="50.53785" lon="3.12591">
        <ele>32.0</ele>
        <time>2026-03-31T14:39:35Z</time>
      </trkpt>
      <trkpt lat="50.53838" lon="3.12608">
        <ele>34.0</ele>
        <time>2026-03-31T14:39:45Z</time>
      </trkpt>
      <trkpt lat="50.53893" lon="3.12714">
        <ele>32.0</ele>
        <time>2026-03-31T14:40:01Z</time>
      </trkpt>
      <trkpt lat="50.54" lon="3.12771">
        <ele>29.0</ele>
        <time>2026-03-31T14:40:21Z</time>
      </trkpt>
      <trkpt lat="50.53995" lon="3.12844">
        <ele>29.0</ele>
        <time>2026-03-31T14:40:33Z</time>
      </trkpt>
      <trkpt lat="50.53991" lon="3.1313">
        <ele>31.0</ele>
        <time>2026-03-31T14:41:08Z</time>
      </trkpt>
      <trkpt lat="50.5401" lon="3.13175">
        <ele>31.0</ele>
        <time>2026-03-31T14:41:14Z</time>
      </trkpt>
      <trkpt lat="50.54018" lon="3.13246">
        <ele>32.0</ele>
        <time>2026-03-31T14:41:22Z</time>
      </trkpt>
      <trkpt lat="50.54044" lon="3.13343">
        <ele>31.0</ele>
        <time>2026-03-31T14:41:34Z</time>
      </trkpt>
      <trkpt lat="50.54124" lon="3.13476">
        <ele>29.0</ele>
        <time>2026-03-31T14:41:55Z</time>
      </trkpt>
      <trkpt lat="50.54381" lon="3.13717">
        <ele>31.0</ele>
        <time>2026-03-31T14:42:48Z</time>
      </trkpt>
      <trkpt lat="50.54315" lon="3.13837">
        <ele>29.0</ele>
        <time>2026-03-31T14:43:06Z</time>
      </trkpt>
      <trkpt lat="50.54272" lon="3.14114">
        <ele>30.0</ele>
        <time>2026-03-31T14:43:39Z</time>
      </trkpt>
      <trkpt lat="50.54234" lon="3.14298">
        <ele>29.0</ele>
        <time>2026-03-31T14:44:01Z</time>
      </trkpt>
      <trkpt lat="50.54245" lon="3.14418">
        <ele>29.0</ele>
        <time>2026-03-31T14:44:14Z</time>
      </trkpt>
      <trkpt lat="50.54251" lon="3.14627">
        <ele>30.0</ele>
        <time>2026-03-31T14:44:39Z</time>
      </trkpt>
      <trkpt lat="50.54252" lon="3.1467">
        <ele>30.0</ele>
        <time>2026-03-31T14:44:43Z</time>
      </trkpt>
      <trkpt lat="50.54236" lon="3.14725">
        <ele>30.0</ele>
        <time>2026-03-31T14:44:50Z</time>
      </trkpt>
      <trkpt lat="50.54225" lon="3.14875">
        <ele>31.0</ele>
        <time>2026-03-31T14:45:07Z</time>
      </trkpt>
      <trkpt lat="50.54246" lon="3.15039">
        <ele>31.0</ele>
        <time>2026-03-31T14:45:26Z</time>
      </trkpt>
      <trkpt lat="50.54252" lon="3.15058">
        <ele>31.0</ele>
        <time>2026-03-31T14:45:29Z</time>
      </trkpt>
      <trkpt lat="50.5428" lon="3.15127">
        <ele>30.0</ele>
        <time>2026-03-31T14:45:38Z</time>
      </trkpt>
      <trkpt lat="50.54223" lon="3.15248">
        <ele>30.0</ele>
        <time>2026-03-31T14:45:55Z</time>
      </trkpt>
      <trkpt lat="50.54164" lon="3.15421">
        <ele>29.0</ele>
        <time>2026-03-31T14:46:17Z</time>
      </trkpt>
      <trkpt lat="50.54043" lon="3.15648">
        <ele>29.0</ele>
        <time>2026-03-31T14:46:51Z</time>
      </trkpt>
      <trkpt lat="50.53975" lon="3.15941">
        <ele>29.0</ele>
        <time>2026-03-31T14:47:26Z</time>
      </trkpt>
      <trkpt lat="50.53932" lon="3.16092">
        <ele>30.0</ele>
        <time>2026-03-31T14:47:45Z</time>
      </trkpt>
      <trkpt lat="50.53766" lon="3.16336">
        <ele>30.0</ele>
        <time>2026-03-31T14:48:26Z</time>
      </trkpt>
      <trkpt lat="50.53706" lon="3.16374">
        <ele>31.0</ele>
        <time>2026-03-31T14:48:37Z</time>
      </trkpt>
      <trkpt lat="50.5367" lon="3.16392">
        <ele>32.0</ele>
        <time>2026-03-31T14:48:45Z</time>
      </trkpt>
      <trkpt lat="50.53675" lon="3.16421">
        <ele>32.0</ele>
        <time>2026-03-31T14:48:48Z</time>
      </trkpt>
      <trkpt lat="50.53631" lon="3.1658">
        <ele>33.0</ele>
        <time>2026-03-31T14:49:08Z</time>
      </trkpt>
      <trkpt lat="50.53552" lon="3.1684">
        <ele>34.0</ele>
        <time>2026-03-31T14:49:41Z</time>
      </trkpt>
      <trkpt lat="50.53546" lon="3.16931">
        <ele>34.0</ele>
        <time>2026-03-31T14:49:51Z</time>
      </trkpt>
      <trkpt lat="50.53517" lon="3.16982">
        <ele>35.0</ele>
        <time>2026-03-31T14:49:59Z</time>
      </trkpt>
      <trkpt lat="50.5346" lon="3.1704">
        <ele>35.0</ele>
        <time>2026-03-31T14:50:11Z</time>
      </trkpt>
      <trkpt lat="50.53383" lon="3.1718">
        <ele>37.0</ele>
        <time>2026-03-31T14:50:32Z</time>
      </trkpt>
      <trkpt lat="50.53338" lon="3.17236">
        <ele>39.0</ele>
        <time>2026-03-31T14:50:42Z</time>
      </trkpt>
      <trkpt lat="50.53327" lon="3.17263">
        <ele>40.0</ele>
        <time>2026-03-31T14:50:47Z</time>
      </trkpt>
      <trkpt lat="50.53364" lon="3.17309">
        <ele>41.0</ele>
        <time>2026-03-31T14:50:55Z</time>
      </trkpt>
      <trkpt lat="50.53551" lon="3.17527">
        <ele>39.0</ele>
        <time>2026-03-31T14:51:36Z</time>
      </trkpt>
      <trkpt lat="50.5368" lon="3.17726">
        <ele>38.0</ele>
        <time>2026-03-31T14:52:10Z</time>
      </trkpt>
      <trkpt lat="50.53859" lon="3.17804">
        <ele>35.0</ele>
        <time>2026-03-31T14:52:43Z</time>
      </trkpt>
      <trkpt lat="50.54086" lon="3.17921">
        <ele>34.0</ele>
        <time>2026-03-31T14:53:25Z</time>
      </trkpt>
      <trkpt lat="50.54123" lon="3.18145">
        <ele>31.0</ele>
        <time>2026-03-31T14:53:52Z</time>
      </trkpt>
      <trkpt lat="50.5415" lon="3.18318">
        <ele>31.0</ele>
        <time>2026-03-31T14:54:13Z</time>
      </trkpt>
      <trkpt lat="50.54146" lon="3.18338">
        <ele>31.0</ele>
        <time>2026-03-31T14:54:15Z</time>
      </trkpt>
      <trkpt lat="50.54151" lon="3.18372">
        <ele>31.0</ele>
        <time>2026-03-31T14:54:19Z</time>
      </trkpt>
      <trkpt lat="50.54206" lon="3.1842">
        <ele>31.0</ele>
        <time>2026-03-31T14:54:30Z</time>
      </trkpt>
      <trkpt lat="50.54296" lon="3.18497">
        <ele>30.0</ele>
        <time>2026-03-31T14:54:49Z</time>
      </trkpt>
      <trkpt lat="50.5433" lon="3.18521">
        <ele>30.0</ele>
        <time>2026-03-31T14:54:55Z</time>
      </trkpt>
      <trkpt lat="50.54319" lon="3.18557">
        <ele>31.0</ele>
        <time>2026-03-31T14:55:00Z</time>
      </trkpt>
      <trkpt lat="50.54185" lon="3.18789">
        <ele>30.0</ele>
        <time>2026-03-31T14:55:36Z</time>
      </trkpt>
      <trkpt lat="50.54226" lon="3.18951">
        <ele>30.0</ele>
        <time>2026-03-31T14:56:02Z</time>
      </trkpt>
      <trkpt lat="50.54281" lon="3.19011">
        <ele>29.0</ele>
        <time>2026-03-31T14:56:14Z</time>
      </trkpt>
      <trkpt lat="50.54341" lon="3.19008">
        <ele>28.0</ele>
        <time>2026-03-31T14:56:25Z</time>
      </trkpt>
      <trkpt lat="50.547" lon="3.19038">
        <ele>32.0</ele>
        <time>2026-03-31T14:57:29Z</time>
      </trkpt>
      <trkpt lat="50.54897" lon="3.19128">
        <ele>29.0</ele>
        <time>2026-03-31T14:58:06Z</time>
      </trkpt>
      <trkpt lat="50.55051" lon="3.19219">
        <ele>30.0</ele>
        <time>2026-03-31T14:58:35Z</time>
      </trkpt>
      <trkpt lat="50.55154" lon="3.19241">
        <ele>30.0</ele>
        <time>2026-03-31T14:58:54Z</time>
      </trkpt>
      <trkpt lat="50.55279" lon="3.19197">
        <ele>29.0</ele>
        <time>2026-03-31T14:59:17Z</time>
      </trkpt>
      <trkpt lat="50.55391" lon="3.19173">
        <ele>29.0</ele>
        <time>2026-03-31T14:59:37Z</time>
      </trkpt>
      <trkpt lat="50.55552" lon="3.19187">
        <ele>30.0</ele>
        <time>2026-03-31T15:00:06Z</time>
      </trkpt>
      <trkpt lat="50.55637" lon="3.19233">
        <ele>32.0</ele>
        <time>2026-03-31T15:00:22Z</time>
      </trkpt>
      <trkpt lat="50.55718" lon="3.19294">
        <ele>33.0</ele>
        <time>2026-03-31T15:00:38Z</time>
      </trkpt>
      <trkpt lat="50.5577" lon="3.19318">
        <ele>33.0</ele>
        <time>2026-03-31T15:00:48Z</time>
      </trkpt>
      <trkpt lat="50.55927" lon="3.19354">
        <ele>31.0</ele>
        <time>2026-03-31T15:01:16Z</time>
      </trkpt>
      <trkpt lat="50.56022" lon="3.19286">
        <ele>30.0</ele>
        <time>2026-03-31T15:01:35Z</time>
      </trkpt>
      <trkpt lat="50.5606" lon="3.19289">
        <ele>30.0</ele>
        <time>2026-03-31T15:01:42Z</time>
      </trkpt>
      <trkpt lat="50.56118" lon="3.19328">
        <ele>31.0</ele>
        <time>2026-03-31T15:01:53Z</time>
      </trkpt>
      <trkpt lat="50.56181" lon="3.19348">
        <ele>31.0</ele>
        <time>2026-03-31T15:02:05Z</time>
      </trkpt>
      <trkpt lat="50.56219" lon="3.19353">
        <ele>29.0</ele>
        <time>2026-03-31T15:02:12Z</time>
      </trkpt>
      <trkpt lat="50.56225" lon="3.19364">
        <ele>29.0</ele>
        <time>2026-03-31T15:02:13Z</time>
      </trkpt>
      <trkpt lat="50.56252" lon="3.19377">
        <ele>28.0</ele>
        <time>2026-03-31T15:02:18Z</time>
      </trkpt>
      <trkpt lat="50.56363" lon="3.19444">
        <ele>27.0</ele>
        <time>2026-03-31T15:02:40Z</time>
      </trkpt>
      <trkpt lat="50.56405" lon="3.19553">
        <ele>28.0</ele>
        <time>2026-03-31T15:02:54Z</time>
      </trkpt>
      <trkpt lat="50.5651" lon="3.19744">
        <ele>28.0</ele>
        <time>2026-03-31T15:03:23Z</time>
      </trkpt>
      <trkpt lat="50.56602" lon="3.1983">
        <ele>28.0</ele>
        <time>2026-03-31T15:03:42Z</time>
      </trkpt>
      <trkpt lat="50.56657" lon="3.19956">
        <ele>28.0</ele>
        <time>2026-03-31T15:03:59Z</time>
      </trkpt>
      <trkpt lat="50.5666" lon="3.20055">
        <ele>29.0</ele>
        <time>2026-03-31T15:04:11Z</time>
      </trkpt>
      <trkpt lat="50.56624" lon="3.20457">
        <ele>27.0</ele>
        <time>2026-03-31T15:04:56Z</time>
      </trkpt>
      <trkpt lat="50.56617" lon="3.20701">
        <ele>30.0</ele>
        <time>2026-03-31T15:05:24Z</time>
      </trkpt>
      <trkpt lat="50.56586" lon="3.20907">
        <ele>32.0</ele>
        <time>2026-03-31T15:05:48Z</time>
      </trkpt>
      <trkpt lat="50.56578" lon="3.21154">
        <ele>32.0</ele>
        <time>2026-03-31T15:06:16Z</time>
      </trkpt>
      <trkpt lat="50.56584" lon="3.21318">
        <ele>34.0</ele>
        <time>2026-03-31T15:06:35Z</time>
      </trkpt>
      <trkpt lat="50.56598" lon="3.21404">
        <ele>35.0</ele>
        <time>2026-03-31T15:06:45Z</time>
      </trkpt>
      <trkpt lat="50.56609" lon="3.21416">
        <ele>35.0</ele>
        <time>2026-03-31T15:06:47Z</time>
      </trkpt>
      <trkpt lat="50.56662" lon="3.21437">
        <ele>35.0</ele>
        <time>2026-03-31T15:06:57Z</time>
      </trkpt>
      <trkpt lat="50.56705" lon="3.21462">
        <ele>37.0</ele>
        <time>2026-03-31T15:07:05Z</time>
      </trkpt>
      <trkpt lat="50.56795" lon="3.21521">
        <ele>39.0</ele>
        <time>2026-03-31T15:07:23Z</time>
      </trkpt>
      <trkpt lat="50.56791" lon="3.21578">
        <ele>38.0</ele>
        <time>2026-03-31T15:07:29Z</time>
      </trkpt>
      <trkpt lat="50.56798" lon="3.21765">
        <ele>40.0</ele>
        <time>2026-03-31T15:07:51Z</time>
      </trkpt>
      <trkpt lat="50.56852" lon="3.21959">
        <ele>40.0</ele>
        <time>2026-03-31T15:08:15Z</time>
      </trkpt>
      <trkpt lat="50.56944" lon="3.22272">
        <ele>42.0</ele>
        <time>2026-03-31T15:08:54Z</time>
      </trkpt>
      <trkpt lat="50.5698" lon="3.2231">
        <ele>44.0</ele>
        <time>2026-03-31T15:09:01Z</time>
      </trkpt>
      <trkpt lat="50.57031" lon="3.22463">
        <ele>48.0</ele>
        <time>2026-03-31T15:09:21Z</time>
      </trkpt>
      <trkpt lat="50.57041" lon="3.22583">
        <ele>46.0</ele>
        <time>2026-03-31T15:09:35Z</time>
      </trkpt>
      <trkpt lat="50.57046" lon="3.22836">
        <ele>45.0</ele>
        <time>2026-03-31T15:10:03Z</time>
      </trkpt>
      <trkpt lat="50.57081" lon="3.2329">
        <ele>45.0</ele>
        <time>2026-03-31T15:10:55Z</time>
      </trkpt>
      <trkpt lat="50.57089" lon="3.23586">
        <ele>46.0</ele>
        <time>2026-03-31T15:11:29Z</time>
      </trkpt>
      <trkpt lat="50.57124" lon="3.23763">
        <ele>46.0</ele>
        <time>2026-03-31T15:11:50Z</time>
      </trkpt>
      <trkpt lat="50.5722" lon="3.24119">
        <ele>47.0</ele>
        <time>2026-03-31T15:12:33Z</time>
      </trkpt>
      <trkpt lat="50.57302" lon="3.24411">
        <ele>49.0</ele>
        <time>2026-03-31T15:13:09Z</time>
      </trkpt>
      <trkpt lat="50.57226" lon="3.24678">
        <ele>48.0</ele>
        <time>2026-03-31T15:13:43Z</time>
      </trkpt>
      <trkpt lat="50.57108" lon="3.2511">
        <ele>49.0</ele>
        <time>2026-03-31T15:14:36Z</time>
      </trkpt>
      <trkpt lat="50.57093" lon="3.25213">
        <ele>49.0</ele>
        <time>2026-03-31T15:14:48Z</time>
      </trkpt>
      <trkpt lat="50.57041" lon="3.25389">
        <ele>50.0</ele>
        <time>2026-03-31T15:15:10Z</time>
      </trkpt>
      <trkpt lat="50.57012" lon="3.25474">
        <ele>47.0</ele>
        <time>2026-03-31T15:15:21Z</time>
      </trkpt>
      <trkpt lat="50.56942" lon="3.2579">
        <ele>45.0</ele>
        <time>2026-03-31T15:15:59Z</time>
      </trkpt>
      <trkpt lat="50.56869" lon="3.26091">
        <ele>45.0</ele>
        <time>2026-03-31T15:16:35Z</time>
      </trkpt>
      <trkpt lat="50.5679" lon="3.26353">
        <ele>44.0</ele>
        <time>2026-03-31T15:17:08Z</time>
      </trkpt>
      <trkpt lat="50.56753" lon="3.26495">
        <ele>45.0</ele>
        <time>2026-03-31T15:17:25Z</time>
      </trkpt>
      <trkpt lat="50.56764" lon="3.26527">
        <ele>44.0</ele>
        <time>2026-03-31T15:17:29Z</time>
      </trkpt>
      <trkpt lat="50.56831" lon="3.26559">
        <ele>43.0</ele>
        <time>2026-03-31T15:17:42Z</time>
      </trkpt>
      <trkpt lat="50.56902" lon="3.26561">
        <ele>44.0</ele>
        <time>2026-03-31T15:17:55Z</time>
      </trkpt>
      <trkpt lat="50.56938" lon="3.26567">
        <ele>45.0</ele>
        <time>2026-03-31T15:18:01Z</time>
      </trkpt>
      <trkpt lat="50.56957" lon="3.26622">
        <ele>45.0</ele>
        <time>2026-03-31T15:18:09Z</time>
      </trkpt>
      <trkpt lat="50.5697" lon="3.26789">
        <ele>45.0</ele>
        <time>2026-03-31T15:18:29Z</time>
      </trkpt>
      <trkpt lat="50.57119" lon="3.26867">
        <ele>54.0</ele>
        <time>2026-03-31T15:18:57Z</time>
      </trkpt>
      <trkpt lat="50.57199" lon="3.26906">
        <ele>56.0</ele>
        <time>2026-03-31T15:19:11Z</time>
      </trkpt>
      <trkpt lat="50.57339" lon="3.26888">
        <ele>53.0</ele>
        <time>2026-03-31T15:19:36Z</time>
      </trkpt>
      <trkpt lat="50.57463" lon="3.26941">
        <ele>53.0</ele>
        <time>2026-03-31T15:19:59Z</time>
      </trkpt>
      <trkpt lat="50.57537" lon="3.27005">
        <ele>51.0</ele>
        <time>2026-03-31T15:20:15Z</time>
      </trkpt>
      <trkpt lat="50.57693" lon="3.27073">
        <ele>51.0</ele>
        <time>2026-03-31T15:20:43Z</time>
      </trkpt>
      <trkpt lat="50.57911" lon="3.27148">
        <ele>50.0</ele>
        <time>2026-03-31T15:21:23Z</time>
      </trkpt>
      <trkpt lat="50.57944" lon="3.27156">
        <ele>50.0</ele>
        <time>2026-03-31T15:21:29Z</time>
      </trkpt>
      <trkpt lat="50.5804" lon="3.2712">
        <ele>50.0</ele>
        <time>2026-03-31T15:21:47Z</time>
      </trkpt>
      <trkpt lat="50.58125" lon="3.27138">
        <ele>51.0</ele>
        <time>2026-03-31T15:22:02Z</time>
      </trkpt>
      <trkpt lat="50.58426" lon="3.27207">
        <ele>51.0</ele>
        <time>2026-03-31T15:22:56Z</time>
      </trkpt>
      <trkpt lat="50.58583" lon="3.27203">
        <ele>53.0</ele>
        <time>2026-03-31T15:23:24Z</time>
      </trkpt>
      <trkpt lat="50.58589" lon="3.27161">
        <ele>53.0</ele>
        <time>2026-03-31T15:23:30Z</time>
      </trkpt>
      <trkpt lat="50.58549" lon="3.26751">
        <ele>52.0</ele>
        <time>2026-03-31T15:24:16Z</time>
      </trkpt>
      <trkpt lat="50.58526" lon="3.26488">
        <ele>52.0</ele>
        <time>2026-03-31T15:24:47Z</time>
      </trkpt>
      <trkpt lat="50.58448" lon="3.26215">
        <ele>50.0</ele>
        <time>2026-03-31T15:25:21Z</time>
      </trkpt>
      <trkpt lat="50.58426" lon="3.26095">
        <ele>51.0</ele>
        <time>2026-03-31T15:25:35Z</time>
      </trkpt>
      <trkpt lat="50.58345" lon="3.25799">
        <ele>52.0</ele>
        <time>2026-03-31T15:26:11Z</time>
      </trkpt>
      <trkpt lat="50.58424" lon="3.25739">
        <ele>53.0</ele>
        <time>2026-03-31T15:26:27Z</time>
      </trkpt>
      <trkpt lat="50.58802" lon="3.25585">
        <ele>51.0</ele>
        <time>2026-03-31T15:27:37Z</time>
      </trkpt>
      <trkpt lat="50.58875" lon="3.25541">
        <ele>51.0</ele>
        <time>2026-03-31T15:27:50Z</time>
      </trkpt>
      <trkpt lat="50.59019" lon="3.25492">
        <ele>50.0</ele>
        <time>2026-03-31T15:28:17Z</time>
      </trkpt>
      <trkpt lat="50.59152" lon="3.25597">
        <ele>51.0</ele>
        <time>2026-03-31T15:28:43Z</time>
      </trkpt>
      <trkpt lat="50.59361" lon="3.25454">
        <ele>51.0</ele>
        <time>2026-03-31T15:29:24Z</time>
      </trkpt>
      <trkpt lat="50.59368" lon="3.25423">
        <ele>51.0</ele>
        <time>2026-03-31T15:29:28Z</time>
      </trkpt>
      <trkpt lat="50.59359" lon="3.25318">
        <ele>50.0</ele>
        <time>2026-03-31T15:29:40Z</time>
      </trkpt>
      <trkpt lat="50.59384" lon="3.25296">
        <ele>50.0</ele>
        <time>2026-03-31T15:29:45Z</time>
      </trkpt>
      <trkpt lat="50.59451" lon="3.25282">
        <ele>50.0</ele>
        <time>2026-03-31T15:29:57Z</time>
      </trkpt>
      <trkpt lat="50.5947" lon="3.25243">
        <ele>49.0</ele>
        <time>2026-03-31T15:30:04Z</time>
      </trkpt>
      <trkpt lat="50.59457" lon="3.25113">
        <ele>48.0</ele>
        <time>2026-03-31T15:30:19Z</time>
      </trkpt>
      <trkpt lat="50.59379" lon="3.24983">
        <ele>48.0</ele>
        <time>2026-03-31T15:30:39Z</time>
      </trkpt>
      <trkpt lat="50.59388" lon="3.24943">
        <ele>48.0</ele>
        <time>2026-03-31T15:30:44Z</time>
      </trkpt>
      <trkpt lat="50.59421" lon="3.24894">
        <ele>48.0</ele>
        <time>2026-03-31T15:30:52Z</time>
      </trkpt>
      <trkpt lat="50.59422" lon="3.24862">
        <ele>47.0</ele>
        <time>2026-03-31T15:30:56Z</time>
      </trkpt>
      <trkpt lat="50.59392" lon="3.24765">
        <ele>47.0</ele>
        <time>2026-03-31T15:31:08Z</time>
      </trkpt>
      <trkpt lat="50.59417" lon="3.24721">
        <ele>47.0</ele>
        <time>2026-03-31T15:31:15Z</time>
      </trkpt>
      <trkpt lat="50.59437" lon="3.24673">
        <ele>48.0</ele>
        <time>2026-03-31T15:31:21Z</time>
      </trkpt>
      <trkpt lat="50.59421" lon="3.24611">
        <ele>48.0</ele>
        <time>2026-03-31T15:31:29Z</time>
      </trkpt>
      <trkpt lat="50.5939" lon="3.24432">
        <ele>52.0</ele>
        <time>2026-03-31T15:31:50Z</time>
      </trkpt>
      <trkpt lat="50.59493" lon="3.24293">
        <ele>50.0</ele>
        <time>2026-03-31T15:32:14Z</time>
      </trkpt>
      <trkpt lat="50.59545" lon="3.24103">
        <ele>45.0</ele>
        <time>2026-03-31T15:32:38Z</time>
      </trkpt>
      <trkpt lat="50.59611" lon="3.23845">
        <ele>46.0</ele>
        <time>2026-03-31T15:33:10Z</time>
      </trkpt>
      <trkpt lat="50.59656" lon="3.23622">
        <ele>46.0</ele>
        <time>2026-03-31T15:33:36Z</time>
      </trkpt>
      <trkpt lat="50.59383" lon="3.2331">
        <ele>46.0</ele>
        <time>2026-03-31T15:34:36Z</time>
      </trkpt>
      <trkpt lat="50.5921" lon="3.23179">
        <ele>48.0</ele>
        <time>2026-03-31T15:35:10Z</time>
      </trkpt>
      <trkpt lat="50.59046" lon="3.23037">
        <ele>49.0</ele>
        <time>2026-03-31T15:35:44Z</time>
      </trkpt>
      <trkpt lat="50.58987" lon="3.22979">
        <ele>49.0</ele>
        <time>2026-03-31T15:35:56Z</time>
      </trkpt>
      <trkpt lat="50.58943" lon="3.22943">
        <ele>50.0</ele>
        <time>2026-03-31T15:36:05Z</time>
      </trkpt>
      <trkpt lat="50.58931" lon="3.22906">
        <ele>51.0</ele>
        <time>2026-03-31T15:36:13Z</time>
      </trkpt>
      <trkpt lat="50.59042" lon="3.22899">
        <ele>49.0</ele>
        <time>2026-03-31T15:36:33Z</time>
      </trkpt>
      <trkpt lat="50.59052" lon="3.22885">
        <ele>49.0</ele>
        <time>2026-03-31T15:36:35Z</time>
      </trkpt>
      <trkpt lat="50.59102" lon="3.22809">
        <ele>48.0</ele>
        <time>2026-03-31T15:36:48Z</time>
      </trkpt>
      <trkpt lat="50.59139" lon="3.22763">
        <ele>47.0</ele>
        <time>2026-03-31T15:36:56Z</time>
      </trkpt>
      <trkpt lat="50.59234" lon="3.22056">
        <ele>47.0</ele>
        <time>2026-03-31T15:38:18Z</time>
      </trkpt>
      <trkpt lat="50.59305" lon="3.21438">
        <ele>46.0</ele>
        <time>2026-03-31T15:39:29Z</time>
      </trkpt>
      <trkpt lat="50.59451" lon="3.21273">
        <ele>45.0</ele>
        <time>2026-03-31T15:40:02Z</time>
      </trkpt>
      <trkpt lat="50.59583" lon="3.21098">
        <ele>45.0</ele>
        <time>2026-03-31T15:40:32Z</time>
      </trkpt>
      <trkpt lat="50.59635" lon="3.20791">
        <ele>44.0</ele>
        <time>2026-03-31T15:41:08Z</time>
      </trkpt>
      <trkpt lat="50.59655" lon="3.20613">
        <ele>42.0</ele>
        <time>2026-03-31T15:41:29Z</time>
      </trkpt>
      <trkpt lat="50.59662" lon="3.20516">
        <ele>40.0</ele>
        <time>2026-03-31T15:41:40Z</time>
      </trkpt>
      <trkpt lat="50.5967" lon="3.20486">
        <ele>39.0</ele>
        <time>2026-03-31T15:41:43Z</time>
      </trkpt>
      <trkpt lat="50.59695" lon="3.20471">
        <ele>39.0</ele>
        <time>2026-03-31T15:41:48Z</time>
      </trkpt>
      <trkpt lat="50.59837" lon="3.20497">
        <ele>37.0</ele>
        <time>2026-03-31T15:42:14Z</time>
      </trkpt>
      <trkpt lat="50.5998" lon="3.20537">
        <ele>31.0</ele>
        <time>2026-03-31T15:42:40Z</time>
      </trkpt>
      <trkpt lat="50.60065" lon="3.20585">
        <ele>31.0</ele>
        <time>2026-03-31T15:42:56Z</time>
      </trkpt>
      <trkpt lat="50.60145" lon="3.20651">
        <ele>33.0</ele>
        <time>2026-03-31T15:43:12Z</time>
      </trkpt>
      <trkpt lat="50.605" lon="3.20709">
        <ele>34.0</ele>
        <time>2026-03-31T15:44:15Z</time>
      </trkpt>
      <trkpt lat="50.60552" lon="3.2066">
        <ele>35.0</ele>
        <time>2026-03-31T15:44:27Z</time>
      </trkpt>
      <trkpt lat="50.60678" lon="3.20446">
        <ele>32.0</ele>
        <time>2026-03-31T15:45:02Z</time>
      </trkpt>
      <trkpt lat="50.60712" lon="3.20331">
        <ele>31.0</ele>
        <time>2026-03-31T15:45:16Z</time>
      </trkpt>
      <trkpt lat="50.60756" lon="3.20228">
        <ele>29.0</ele>
        <time>2026-03-31T15:45:30Z</time>
      </trkpt>
      <trkpt lat="50.6087" lon="3.20071">
        <ele>31.0</ele>
        <time>2026-03-31T15:45:57Z</time>
      </trkpt>
      <trkpt lat="50.6099" lon="3.19927">
        <ele>33.0</ele>
        <time>2026-03-31T15:46:24Z</time>
      </trkpt>
      <trkpt lat="50.61057" lon="3.19853">
        <ele>32.0</ele>
        <time>2026-03-31T15:46:39Z</time>
      </trkpt>
      <trkpt lat="50.61139" lon="3.19837">
        <ele>31.0</ele>
        <time>2026-03-31T15:46:54Z</time>
      </trkpt>
      <trkpt lat="50.61122" lon="3.2007">
        <ele>34.0</ele>
        <time>2026-03-31T15:47:20Z</time>
      </trkpt>
      <trkpt lat="50.61114" lon="3.2029">
        <ele>34.0</ele>
        <time>2026-03-31T15:47:45Z</time>
      </trkpt>
      <trkpt lat="50.61046" lon="3.20488">
        <ele>35.0</ele>
        <time>2026-03-31T15:48:11Z</time>
      </trkpt>
      <trkpt lat="50.61057" lon="3.20718">
        <ele>35.0</ele>
        <time>2026-03-31T15:48:37Z</time>
      </trkpt>
      <trkpt lat="50.61047" lon="3.20911">
        <ele>36.0</ele>
        <time>2026-03-31T15:48:59Z</time>
      </trkpt>
      <trkpt lat="50.61171" lon="3.20833">
        <ele>31.0</ele>
        <time>2026-03-31T15:49:23Z</time>
      </trkpt>
      <trkpt lat="50.612" lon="3.20826">
        <ele>30.0</ele>
        <time>2026-03-31T15:49:28Z</time>
      </trkpt>
      <trkpt lat="50.61242" lon="3.20784">
        <ele>29.0</ele>
        <time>2026-03-31T15:49:37Z</time>
      </trkpt>
      <trkpt lat="50.61264" lon="3.20787">
        <ele>28.0</ele>
        <time>2026-03-31T15:49:41Z</time>
      </trkpt>
      <trkpt lat="50.61309" lon="3.20863">
        <ele>28.0</ele>
        <time>2026-03-31T15:49:53Z</time>
      </trkpt>
      <trkpt lat="50.61344" lon="3.20924">
        <ele>28.0</ele>
        <time>2026-03-31T15:50:02Z</time>
      </trkpt>
      <trkpt lat="50.61359" lon="3.20924">
        <ele>28.0</ele>
        <time>2026-03-31T15:50:05Z</time>
      </trkpt>
      <trkpt lat="50.61381" lon="3.20935">
        <ele>27.0</ele>
        <time>2026-03-31T15:50:09Z</time>
      </trkpt>
      <trkpt lat="50.61409" lon="3.20992">
        <ele>27.0</ele>
        <time>2026-03-31T15:50:17Z</time>
      </trkpt>
      <trkpt lat="50.61496" lon="3.21032">
        <ele>26.0</ele>
        <time>2026-03-31T15:50:33Z</time>
      </trkpt>
      <trkpt lat="50.61578" lon="3.21019">
        <ele>26.0</ele>
        <time>2026-03-31T15:50:48Z</time>
      </trkpt>
      <trkpt lat="50.61613" lon="3.2106">
        <ele>27.0</ele>
        <time>2026-03-31T15:50:56Z</time>
      </trkpt>
      <trkpt lat="50.61661" lon="3.21115">
        <ele>27.0</ele>
        <time>2026-03-31T15:51:07Z</time>
      </trkpt>
      <trkpt lat="50.61704" lon="3.21153">
        <ele>27.0</ele>
        <time>2026-03-31T15:51:15Z</time>
      </trkpt>
      <trkpt lat="50.61744" lon="3.21154">
        <ele>26.0</ele>
        <time>2026-03-31T15:51:23Z</time>
      </trkpt>
      <trkpt lat="50.61766" lon="3.21159">
        <ele>26.0</ele>
        <time>2026-03-31T15:51:27Z</time>
      </trkpt>
      <trkpt lat="50.61844" lon="3.21253">
        <ele>25.0</ele>
        <time>2026-03-31T15:51:44Z</time>
      </trkpt>
      <trkpt lat="50.61881" lon="3.21363">
        <ele>24.0</ele>
        <time>2026-03-31T15:51:58Z</time>
      </trkpt>
      <trkpt lat="50.6221" lon="3.21538">
        <ele>24.0</ele>
        <time>2026-03-31T15:53:00Z</time>
      </trkpt>
      <trkpt lat="50.62261" lon="3.21572">
        <ele>25.0</ele>
        <time>2026-03-31T15:53:10Z</time>
      </trkpt>
      <trkpt lat="50.62658" lon="3.21788">
        <ele>23.0</ele>
        <time>2026-03-31T15:54:25Z</time>
      </trkpt>
      <trkpt lat="50.62814" lon="3.22041">
        <ele>24.0</ele>
        <time>2026-03-31T15:55:05Z</time>
      </trkpt>
      <trkpt lat="50.62836" lon="3.22057">
        <ele>25.0</ele>
        <time>2026-03-31T15:55:10Z</time>
      </trkpt>
      <trkpt lat="50.62944" lon="3.21958">
        <ele>27.0</ele>
        <time>2026-03-31T15:55:33Z</time>
      </trkpt>
      <trkpt lat="50.62993" lon="3.21882">
        <ele>26.0</ele>
        <time>2026-03-31T15:55:45Z</time>
      </trkpt>
      <trkpt lat="50.63023" lon="3.21858">
        <ele>26.0</ele>
        <time>2026-03-31T15:55:51Z</time>
      </trkpt>
      <trkpt lat="50.63123" lon="3.21828">
        <ele>27.0</ele>
        <time>2026-03-31T15:56:09Z</time>
      </trkpt>
      <trkpt lat="50.63177" lon="3.21779">
        <ele>26.0</ele>
        <time>2026-03-31T15:56:20Z</time>
      </trkpt>
      <trkpt lat="50.63498" lon="3.21559">
        <ele>27.0</ele>
        <time>2026-03-31T15:57:22Z</time>
      </trkpt>
      <trkpt lat="50.63559" lon="3.21484">
        <ele>27.0</ele>
        <time>2026-03-31T15:57:36Z</time>
      </trkpt>
      <trkpt lat="50.63725" lon="3.21249">
        <ele>26.0</ele>
        <time>2026-03-31T15:58:16Z</time>
      </trkpt>
      <trkpt lat="50.63744" lon="3.21251">
        <ele>26.0</ele>
        <time>2026-03-31T15:58:19Z</time>
      </trkpt>
      <trkpt lat="50.63761" lon="3.21277">
        <ele>26.0</ele>
        <time>2026-03-31T15:58:24Z</time>
      </trkpt>
      <trkpt lat="50.63782" lon="3.21276">
        <ele>26.0</ele>
        <time>2026-03-31T15:58:28Z</time>
      </trkpt>
      <trkpt lat="50.63839" lon="3.21136">
        <ele>26.0</ele>
        <time>2026-03-31T15:58:47Z</time>
      </trkpt>
      <trkpt lat="50.63838" lon="3.21098">
        <ele>27.0</ele>
        <time>2026-03-31T15:58:51Z</time>
      </trkpt>
      <trkpt lat="50.63871" lon="3.21001">
        <ele>27.0</ele>
        <time>2026-03-31T15:59:04Z</time>
      </trkpt>
      <trkpt lat="50.6396" lon="3.20861">
        <ele>28.0</ele>
        <time>2026-03-31T15:59:26Z</time>
      </trkpt>
      <trkpt lat="50.63963" lon="3.20749">
        <ele>28.0</ele>
        <time>2026-03-31T15:59:39Z</time>
      </trkpt>
      <trkpt lat="50.63999" lon="3.20644">
        <ele>27.0</ele>
        <time>2026-03-31T15:59:53Z</time>
      </trkpt>
      <trkpt lat="50.64036" lon="3.2061">
        <ele>26.0</ele>
        <time>2026-03-31T16:00:01Z</time>
      </trkpt>
      <trkpt lat="50.64057" lon="3.20622">
        <ele>26.0</ele>
        <time>2026-03-31T16:00:05Z</time>
      </trkpt>
      <trkpt lat="50.64085" lon="3.20618">
        <ele>26.0</ele>
        <time>2026-03-31T16:00:10Z</time>
      </trkpt>
      <trkpt lat="50.64175" lon="3.20546">
        <ele>27.0</ele>
        <time>2026-03-31T16:00:28Z</time>
      </trkpt>
      <trkpt lat="50.64235" lon="3.20431">
        <ele>27.0</ele>
        <time>2026-03-31T16:00:45Z</time>
      </trkpt>
      <trkpt lat="50.64246" lon="3.20428">
        <ele>27.0</ele>
        <time>2026-03-31T16:00:47Z</time>
      </trkpt>
      <trkpt lat="50.64272" lon="3.20448">
        <ele>29.0</ele>
        <time>2026-03-31T16:00:52Z</time>
      </trkpt>
      <trkpt lat="50.64338" lon="3.20544">
        <ele>31.0</ele>
        <time>2026-03-31T16:01:08Z</time>
      </trkpt>
      <trkpt lat="50.64364" lon="3.20516">
        <ele>31.0</ele>
        <time>2026-03-31T16:01:14Z</time>
      </trkpt>
      <trkpt lat="50.64423" lon="3.20371">
        <ele>28.0</ele>
        <time>2026-03-31T16:01:33Z</time>
      </trkpt>
      <trkpt lat="50.64474" lon="3.20285">
        <ele>27.0</ele>
        <time>2026-03-31T16:01:47Z</time>
      </trkpt>
      <trkpt lat="50.64533" lon="3.20238">
        <ele>28.0</ele>
        <time>2026-03-31T16:01:58Z</time>
      </trkpt>
      <trkpt lat="50.6456" lon="3.20184">
        <ele>29.0</ele>
        <time>2026-03-31T16:02:06Z</time>
      </trkpt>
      <trkpt lat="50.64559" lon="3.20081">
        <ele>29.0</ele>
        <time>2026-03-31T16:02:18Z</time>
      </trkpt>
      <trkpt lat="50.64562" lon="3.19937">
        <ele>28.0</ele>
        <time>2026-03-31T16:02:34Z</time>
      </trkpt>
      <trkpt lat="50.64605" lon="3.19692">
        <ele>26.0</ele>
        <time>2026-03-31T16:03:03Z</time>
      </trkpt>
      <trkpt lat="50.64598" lon="3.19604">
        <ele>26.0</ele>
        <time>2026-03-31T16:03:13Z</time>
      </trkpt>
      <trkpt lat="50.64574" lon="3.19508">
        <ele>25.0</ele>
        <time>2026-03-31T16:03:25Z</time>
      </trkpt>
      <trkpt lat="50.64488" lon="3.19425">
        <ele>25.0</ele>
        <time>2026-03-31T16:03:44Z</time>
      </trkpt>
      <trkpt lat="50.64491" lon="3.19404">
        <ele>25.0</ele>
        <time>2026-03-31T16:03:46Z</time>
      </trkpt>
      <trkpt lat="50.64676" lon="3.19307">
        <ele>24.0</ele>
        <time>2026-03-31T16:04:21Z</time>
      </trkpt>
      <trkpt lat="50.64714" lon="3.19025">
        <ele>23.0</ele>
        <time>2026-03-31T16:04:54Z</time>
      </trkpt>
      <trkpt lat="50.64761" lon="3.19013">
        <ele>24.0</ele>
        <time>2026-03-31T16:05:03Z</time>
      </trkpt>
      <trkpt lat="50.64855" lon="3.191">
        <ele>30.0</ele>
        <time>2026-03-31T16:05:24Z</time>
      </trkpt>
      <trkpt lat="50.64946" lon="3.19187">
        <ele>33.0</ele>
        <time>2026-03-31T16:05:43Z</time>
      </trkpt>
      <trkpt lat="50.64851" lon="3.1967">
        <ele>29.0</ele>
        <time>2026-03-31T16:06:40Z</time>
      </trkpt>
      <trkpt lat="50.64938" lon="3.19758">
        <ele>30.0</ele>
        <time>2026-03-31T16:06:59Z</time>
      </trkpt>
      <trkpt lat="50.64951" lon="3.19719">
        <ele>30.0</ele>
        <time>2026-03-31T16:07:06Z</time>
      </trkpt>
      <trkpt lat="50.6508" lon="3.19435">
        <ele>34.0</ele>
        <time>2026-03-31T16:07:45Z</time>
      </trkpt>
      <trkpt lat="50.65228" lon="3.19158">
        <ele>34.0</ele>
        <time>2026-03-31T16:08:26Z</time>
      </trkpt>
      <trkpt lat="50.65298" lon="3.19084">
        <ele>35.0</ele>
        <time>2026-03-31T16:08:41Z</time>
      </trkpt>
      <trkpt lat="50.65393" lon="3.19032">
        <ele>36.0</ele>
        <time>2026-03-31T16:08:59Z</time>
      </trkpt>
      <trkpt lat="50.6541" lon="3.19003">
        <ele>36.0</ele>
        <time>2026-03-31T16:09:04Z</time>
      </trkpt>
      <trkpt lat="50.65433" lon="3.18919">
        <ele>36.0</ele>
        <time>2026-03-31T16:09:14Z</time>
      </trkpt>
      <trkpt lat="50.65489" lon="3.18861">
        <ele>38.0</ele>
        <time>2026-03-31T16:09:26Z</time>
      </trkpt>
      <trkpt lat="50.66071" lon="3.18432">
        <ele>50.0</ele>
        <time>2026-03-31T16:11:20Z</time>
      </trkpt>
      <trkpt lat="50.66385" lon="3.182">
        <ele>49.0</ele>
        <time>2026-03-31T16:12:22Z</time>
      </trkpt>
      <trkpt lat="50.66444" lon="3.18196">
        <ele>48.0</ele>
        <time>2026-03-31T16:12:33Z</time>
      </trkpt>
      <trkpt lat="50.66596" lon="3.18334">
        <ele>48.0</ele>
        <time>2026-03-31T16:13:04Z</time>
      </trkpt>
      <trkpt lat="50.6694" lon="3.1865">
        <ele>40.0</ele>
        <time>2026-03-31T16:14:15Z</time>
      </trkpt>
      <trkpt lat="50.67606" lon="3.19695">
        <ele>35.0</ele>
        <time>2026-03-31T16:17:02Z</time>
      </trkpt>
      <trkpt lat="50.67929" lon="3.20213">
        <ele>32.0</ele>
        <time>2026-03-31T16:18:24Z</time>
      </trkpt>
      <trkpt lat="50.6791" lon="3.20242">
        <ele>32.0</ele>
        <time>2026-03-31T16:18:29Z</time>
      </trkpt>
      <trkpt lat="50.67824" lon="3.20325">
        <ele>31.0</ele>
        <time>2026-03-31T16:18:47Z</time>
      </trkpt>
      <trkpt lat="50.67833" lon="3.20397">
        <ele>32.0</ele>
        <time>2026-03-31T16:18:56Z</time>
      </trkpt>
      <trkpt lat="50.67844" lon="3.20418">
        <ele>32.0</ele>
        <time>2026-03-31T16:18:59Z</time>
      </trkpt>
      <trkpt lat="50.6785" lon="3.20456">
        <ele>32.0</ele>
        <time>2026-03-31T16:19:03Z</time>
      </trkpt>
      <trkpt lat="50.67861" lon="3.20518">
        <ele>32.0</ele>
        <time>2026-03-31T16:19:13Z</time>
      </trkpt>
      <trkpt lat="50.67882" lon="3.20612">
        <ele>32.0</ele>
        <time>2026-03-31T16:19:25Z</time>
      </trkpt>
      <trkpt lat="50.67867" lon="3.20649">
        <ele>32.0</ele>
        <time>2026-03-31T16:19:30Z</time>
      </trkpt>
      <trkpt lat="50.67819" lon="3.20661">
        <ele>31.0</ele>
        <time>2026-03-31T16:19:39Z</time>
      </trkpt>
      <trkpt lat="50.67785" lon="3.20609">
        <ele>31.0</ele>
        <time>2026-03-31T16:19:47Z</time>
      </trkpt>
    </trkseg>
  </trk>
</gpx>