<?xml version="1.0" encoding="UTF-8"?>
<gpx xmlns="http://www.topografix.com/GPX/1/1" xmlns:xsi="http://www.w3.org/2001/XMLSchema-instance" xsi:schemaLocation="http://www.topografix.com/GPX/1/1 http://www.topografix.com/GPX/1/1/gpx.xsd" version="1.1" creator="Openrunner - https://www.openrunner.com">
  <wpt lat="50.534073" lon="3.173735">
    <ele>0.0</ele>
    <name>Ravitaillement #1</name>
    <sym>3</sym>
  </wpt>
  <trk>
    <name>PRC26 - 70km-14232353</name>
    <trkseg>
      <trkpt lat="50.6763" lon="3.20175">
        <ele>36.0</ele>
        <time>2026-02-06T16:02:26Z</time>
      </trkpt>
      <trkpt lat="50.67628" lon="3.2017">
        <ele>36.0</ele>
        <time>2026-02-06T16:02:27Z</time>
      </trkpt>
      <trkpt lat="50.67631" lon="3.20162">
        <ele>36.0</ele>
        <time>2026-02-06T16:02:28Z</time>
      </trkpt>
      <trkpt lat="50.67631" lon="3.20152">
        <ele>36.0</ele>
        <time>2026-02-06T16:02:29Z</time>
      </trkpt>
      <trkpt lat="50.67616" lon="3.2015">
        <ele>36.0</ele>
        <time>2026-02-06T16:02:32Z</time>
      </trkpt>
      <trkpt lat="50.67605" lon="3.2014">
        <ele>37.0</ele>
        <time>2026-02-06T16:02:34Z</time>
      </trkpt>
      <trkpt lat="50.67527" lon="3.20255">
        <ele>37.0</ele>
        <time>2026-02-06T16:02:53Z</time>
      </trkpt>
      <trkpt lat="50.67488" lon="3.20289">
        <ele>37.0</ele>
        <time>2026-02-06T16:03:01Z</time>
      </trkpt>
      <trkpt lat="50.67456" lon="3.20304">
        <ele>37.0</ele>
        <time>2026-02-06T16:03:07Z</time>
      </trkpt>
      <trkpt lat="50.67413" lon="3.20318">
        <ele>38.0</ele>
        <time>2026-02-06T16:03:14Z</time>
      </trkpt>
      <trkpt lat="50.67388" lon="3.20335">
        <ele>38.0</ele>
        <time>2026-02-06T16:03:19Z</time>
      </trkpt>
      <trkpt lat="50.67279" lon="3.20445">
        <ele>39.0</ele>
        <time>2026-02-06T16:03:42Z</time>
      </trkpt>
      <trkpt lat="50.67256" lon="3.20471">
        <ele>39.0</ele>
        <time>2026-02-06T16:03:47Z</time>
      </trkpt>
      <trkpt lat="50.672" lon="3.20564">
        <ele>38.0</ele>
        <time>2026-02-06T16:04:02Z</time>
      </trkpt>
      <trkpt lat="50.67095" lon="3.20654">
        <ele>37.0</ele>
        <time>2026-02-06T16:04:23Z</time>
      </trkpt>
      <trkpt lat="50.6708" lon="3.20713">
        <ele>36.0</ele>
        <time>2026-02-06T16:04:30Z</time>
      </trkpt>
      <trkpt lat="50.67058" lon="3.20775">
        <ele>35.0</ele>
        <time>2026-02-06T16:04:38Z</time>
      </trkpt>
      <trkpt lat="50.67015" lon="3.20815">
        <ele>34.0</ele>
        <time>2026-02-06T16:04:47Z</time>
      </trkpt>
      <trkpt lat="50.66979" lon="3.20853">
        <ele>35.0</ele>
        <time>2026-02-06T16:04:55Z</time>
      </trkpt>
      <trkpt lat="50.66941" lon="3.20931">
        <ele>35.0</ele>
        <time>2026-02-06T16:05:06Z</time>
      </trkpt>
      <trkpt lat="50.66902" lon="3.20989">
        <ele>33.0</ele>
        <time>2026-02-06T16:05:15Z</time>
      </trkpt>
      <trkpt lat="50.66844" lon="3.21064">
        <ele>33.0</ele>
        <time>2026-02-06T16:05:29Z</time>
      </trkpt>
      <trkpt lat="50.6679" lon="3.21068">
        <ele>34.0</ele>
        <time>2026-02-06T16:05:38Z</time>
      </trkpt>
      <trkpt lat="50.66768" lon="3.21053">
        <ele>34.0</ele>
        <time>2026-02-06T16:05:43Z</time>
      </trkpt>
      <trkpt lat="50.66713" lon="3.21143">
        <ele>35.0</ele>
        <time>2026-02-06T16:05:57Z</time>
      </trkpt>
      <trkpt lat="50.6668" lon="3.21205">
        <ele>35.0</ele>
        <time>2026-02-06T16:06:06Z</time>
      </trkpt>
      <trkpt lat="50.66657" lon="3.21259">
        <ele>35.0</ele>
        <time>2026-02-06T16:06:13Z</time>
      </trkpt>
      <trkpt lat="50.66651" lon="3.21292">
        <ele>36.0</ele>
        <time>2026-02-06T16:06:17Z</time>
      </trkpt>
      <trkpt lat="50.66603" lon="3.21392">
        <ele>35.0</ele>
        <time>2026-02-06T16:06:31Z</time>
      </trkpt>
      <trkpt lat="50.66564" lon="3.21431">
        <ele>35.0</ele>
        <time>2026-02-06T16:06:40Z</time>
      </trkpt>
      <trkpt lat="50.66484" lon="3.21502">
        <ele>35.0</ele>
        <time>2026-02-06T16:06:56Z</time>
      </trkpt>
      <trkpt lat="50.66341" lon="3.21636">
        <ele>35.0</ele>
        <time>2026-02-06T16:07:25Z</time>
      </trkpt>
      <trkpt lat="50.66295" lon="3.21683">
        <ele>37.0</ele>
        <time>2026-02-06T16:07:35Z</time>
      </trkpt>
      <trkpt lat="50.66161" lon="3.21799">
        <ele>38.0</ele>
        <time>2026-02-06T16:08:02Z</time>
      </trkpt>
      <trkpt lat="50.66138" lon="3.21823">
        <ele>38.0</ele>
        <time>2026-02-06T16:08:07Z</time>
      </trkpt>
      <trkpt lat="50.66101" lon="3.21854">
        <ele>38.0</ele>
        <time>2026-02-06T16:08:15Z</time>
      </trkpt>
      <trkpt lat="50.66002" lon="3.21923">
        <ele>41.0</ele>
        <time>2026-02-06T16:08:34Z</time>
      </trkpt>
      <trkpt lat="50.65955" lon="3.21947">
        <ele>42.0</ele>
        <time>2026-02-06T16:08:43Z</time>
      </trkpt>
      <trkpt lat="50.65924" lon="3.2195">
        <ele>43.0</ele>
        <time>2026-02-06T16:08:48Z</time>
      </trkpt>
      <trkpt lat="50.65882" lon="3.2195">
        <ele>44.0</ele>
        <time>2026-02-06T16:08:56Z</time>
      </trkpt>
      <trkpt lat="50.65841" lon="3.21946">
        <ele>43.0</ele>
        <time>2026-02-06T16:09:03Z</time>
      </trkpt>
      <trkpt lat="50.65784" lon="3.21948">
        <ele>43.0</ele>
        <time>2026-02-06T16:09:13Z</time>
      </trkpt>
      <trkpt lat="50.65762" lon="3.21952">
        <ele>43.0</ele>
        <time>2026-02-06T16:09:17Z</time>
      </trkpt>
      <trkpt lat="50.65719" lon="3.21972">
        <ele>43.0</ele>
        <time>2026-02-06T16:09:25Z</time>
      </trkpt>
      <trkpt lat="50.65642" lon="3.22038">
        <ele>43.0</ele>
        <time>2026-02-06T16:09:41Z</time>
      </trkpt>
      <trkpt lat="50.65613" lon="3.22057">
        <ele>42.0</ele>
        <time>2026-02-06T16:09:46Z</time>
      </trkpt>
      <trkpt lat="50.65592" lon="3.22067">
        <ele>41.0</ele>
        <time>2026-02-06T16:09:50Z</time>
      </trkpt>
      <trkpt lat="50.65564" lon="3.22078">
        <ele>41.0</ele>
        <time>2026-02-06T16:09:55Z</time>
      </trkpt>
      <trkpt lat="50.65518" lon="3.22081">
        <ele>40.0</ele>
        <time>2026-02-06T16:10:04Z</time>
      </trkpt>
      <trkpt lat="50.65463" lon="3.22079">
        <ele>40.0</ele>
        <time>2026-02-06T16:10:13Z</time>
      </trkpt>
      <trkpt lat="50.65383" lon="3.22094">
        <ele>40.0</ele>
        <time>2026-02-06T16:10:28Z</time>
      </trkpt>
      <trkpt lat="50.65324" lon="3.2212">
        <ele>42.0</ele>
        <time>2026-02-06T16:10:39Z</time>
      </trkpt>
      <trkpt lat="50.65277" lon="3.22151">
        <ele>41.0</ele>
        <time>2026-02-06T16:10:48Z</time>
      </trkpt>
      <trkpt lat="50.6524" lon="3.22183">
        <ele>41.0</ele>
        <time>2026-02-06T16:10:55Z</time>
      </trkpt>
      <trkpt lat="50.65188" lon="3.22238">
        <ele>42.0</ele>
        <time>2026-02-06T16:11:06Z</time>
      </trkpt>
      <trkpt lat="50.65164" lon="3.2226">
        <ele>42.0</ele>
        <time>2026-02-06T16:11:11Z</time>
      </trkpt>
      <trkpt lat="50.65074" lon="3.22325">
        <ele>40.0</ele>
        <time>2026-02-06T16:11:29Z</time>
      </trkpt>
      <trkpt lat="50.65052" lon="3.22347">
        <ele>40.0</ele>
        <time>2026-02-06T16:11:33Z</time>
      </trkpt>
      <trkpt lat="50.64936" lon="3.22446">
        <ele>39.0</ele>
        <time>2026-02-06T16:11:57Z</time>
      </trkpt>
      <trkpt lat="50.64901" lon="3.22493">
        <ele>39.0</ele>
        <time>2026-02-06T16:12:05Z</time>
      </trkpt>
      <trkpt lat="50.64865" lon="3.22565">
        <ele>40.0</ele>
        <time>2026-02-06T16:12:15Z</time>
      </trkpt>
      <trkpt lat="50.6476" lon="3.22791">
        <ele>39.0</ele>
        <time>2026-02-06T16:12:47Z</time>
      </trkpt>
      <trkpt lat="50.64723" lon="3.22843">
        <ele>38.0</ele>
        <time>2026-02-06T16:12:56Z</time>
      </trkpt>
      <trkpt lat="50.647" lon="3.22867">
        <ele>37.0</ele>
        <time>2026-02-06T16:13:01Z</time>
      </trkpt>
      <trkpt lat="50.64672" lon="3.22888">
        <ele>37.0</ele>
        <time>2026-02-06T16:13:06Z</time>
      </trkpt>
      <trkpt lat="50.64576" lon="3.22971">
        <ele>40.0</ele>
        <time>2026-02-06T16:13:26Z</time>
      </trkpt>
      <trkpt lat="50.64542" lon="3.23005">
        <ele>39.0</ele>
        <time>2026-02-06T16:13:33Z</time>
      </trkpt>
      <trkpt lat="50.64432" lon="3.23125">
        <ele>38.0</ele>
        <time>2026-02-06T16:13:57Z</time>
      </trkpt>
      <trkpt lat="50.64157" lon="3.23376">
        <ele>33.0</ele>
        <time>2026-02-06T16:14:53Z</time>
      </trkpt>
      <trkpt lat="50.6413" lon="3.23408">
        <ele>33.0</ele>
        <time>2026-02-06T16:14:59Z</time>
      </trkpt>
      <trkpt lat="50.64121" lon="3.23422">
        <ele>33.0</ele>
        <time>2026-02-06T16:15:02Z</time>
      </trkpt>
      <trkpt lat="50.64091" lon="3.23485">
        <ele>34.0</ele>
        <time>2026-02-06T16:15:10Z</time>
      </trkpt>
      <trkpt lat="50.64077" lon="3.23507">
        <ele>34.0</ele>
        <time>2026-02-06T16:15:14Z</time>
      </trkpt>
      <trkpt lat="50.64051" lon="3.23528">
        <ele>35.0</ele>
        <time>2026-02-06T16:15:19Z</time>
      </trkpt>
      <trkpt lat="50.64043" lon="3.23532">
        <ele>36.0</ele>
        <time>2026-02-06T16:15:21Z</time>
      </trkpt>
      <trkpt lat="50.64018" lon="3.23537">
        <ele>36.0</ele>
        <time>2026-02-06T16:15:25Z</time>
      </trkpt>
      <trkpt lat="50.63939" lon="3.23521">
        <ele>37.0</ele>
        <time>2026-02-06T16:15:39Z</time>
      </trkpt>
      <trkpt lat="50.63848" lon="3.23516">
        <ele>37.0</ele>
        <time>2026-02-06T16:15:56Z</time>
      </trkpt>
      <trkpt lat="50.63785" lon="3.2352">
        <ele>38.0</ele>
        <time>2026-02-06T16:16:07Z</time>
      </trkpt>
      <trkpt lat="50.63755" lon="3.2353">
        <ele>38.0</ele>
        <time>2026-02-06T16:16:12Z</time>
      </trkpt>
      <trkpt lat="50.63724" lon="3.23546">
        <ele>39.0</ele>
        <time>2026-02-06T16:16:18Z</time>
      </trkpt>
      <trkpt lat="50.63669" lon="3.23581">
        <ele>41.0</ele>
        <time>2026-02-06T16:16:29Z</time>
      </trkpt>
      <trkpt lat="50.63565" lon="3.23611">
        <ele>41.0</ele>
        <time>2026-02-06T16:16:47Z</time>
      </trkpt>
      <trkpt lat="50.63453" lon="3.23638">
        <ele>41.0</ele>
        <time>2026-02-06T16:17:08Z</time>
      </trkpt>
      <trkpt lat="50.63328" lon="3.23686">
        <ele>41.0</ele>
        <time>2026-02-06T16:17:30Z</time>
      </trkpt>
      <trkpt lat="50.63319" lon="3.23687">
        <ele>42.0</ele>
        <time>2026-02-06T16:17:32Z</time>
      </trkpt>
      <trkpt lat="50.63307" lon="3.23683">
        <ele>42.0</ele>
        <time>2026-02-06T16:17:34Z</time>
      </trkpt>
      <trkpt lat="50.63298" lon="3.23675">
        <ele>42.0</ele>
        <time>2026-02-06T16:17:36Z</time>
      </trkpt>
      <trkpt lat="50.6319" lon="3.23547">
        <ele>42.0</ele>
        <time>2026-02-06T16:18:00Z</time>
      </trkpt>
      <trkpt lat="50.63178" lon="3.23541">
        <ele>42.0</ele>
        <time>2026-02-06T16:18:02Z</time>
      </trkpt>
      <trkpt lat="50.63148" lon="3.23546">
        <ele>41.0</ele>
        <time>2026-02-06T16:18:08Z</time>
      </trkpt>
      <trkpt lat="50.6314" lon="3.23552">
        <ele>40.0</ele>
        <time>2026-02-06T16:18:09Z</time>
      </trkpt>
      <trkpt lat="50.6313" lon="3.23569">
        <ele>40.0</ele>
        <time>2026-02-06T16:18:12Z</time>
      </trkpt>
      <trkpt lat="50.63057" lon="3.23749">
        <ele>39.0</ele>
        <time>2026-02-06T16:18:36Z</time>
      </trkpt>
      <trkpt lat="50.63041" lon="3.23816">
        <ele>39.0</ele>
        <time>2026-02-06T16:18:44Z</time>
      </trkpt>
      <trkpt lat="50.63036" lon="3.23826">
        <ele>38.0</ele>
        <time>2026-02-06T16:18:46Z</time>
      </trkpt>
      <trkpt lat="50.63023" lon="3.23831">
        <ele>38.0</ele>
        <time>2026-02-06T16:18:48Z</time>
      </trkpt>
      <trkpt lat="50.62957" lon="3.23805">
        <ele>36.0</ele>
        <time>2026-02-06T16:19:00Z</time>
      </trkpt>
      <trkpt lat="50.62916" lon="3.2377">
        <ele>35.0</ele>
        <time>2026-02-06T16:19:08Z</time>
      </trkpt>
      <trkpt lat="50.62755" lon="3.23561">
        <ele>30.0</ele>
        <time>2026-02-06T16:19:45Z</time>
      </trkpt>
      <trkpt lat="50.62606" lon="3.23384">
        <ele>28.0</ele>
        <time>2026-02-06T16:20:19Z</time>
      </trkpt>
      <trkpt lat="50.62585" lon="3.23355">
        <ele>28.0</ele>
        <time>2026-02-06T16:20:24Z</time>
      </trkpt>
      <trkpt lat="50.62545" lon="3.23249">
        <ele>29.0</ele>
        <time>2026-02-06T16:20:37Z</time>
      </trkpt>
      <trkpt lat="50.62522" lon="3.23204">
        <ele>29.0</ele>
        <time>2026-02-06T16:20:44Z</time>
      </trkpt>
      <trkpt lat="50.62516" lon="3.23183">
        <ele>29.0</ele>
        <time>2026-02-06T16:20:47Z</time>
      </trkpt>
      <trkpt lat="50.62512" lon="3.23179">
        <ele>29.0</ele>
        <time>2026-02-06T16:20:47Z</time>
      </trkpt>
      <trkpt lat="50.62508" lon="3.23178">
        <ele>29.0</ele>
        <time>2026-02-06T16:20:48Z</time>
      </trkpt>
      <trkpt lat="50.62495" lon="3.23185">
        <ele>29.0</ele>
        <time>2026-02-06T16:20:51Z</time>
      </trkpt>
      <trkpt lat="50.6248" lon="3.23187">
        <ele>29.0</ele>
        <time>2026-02-06T16:20:53Z</time>
      </trkpt>
      <trkpt lat="50.62472" lon="3.23193">
        <ele>29.0</ele>
        <time>2026-02-06T16:20:55Z</time>
      </trkpt>
      <trkpt lat="50.62416" lon="3.23265">
        <ele>28.0</ele>
        <time>2026-02-06T16:21:08Z</time>
      </trkpt>
      <trkpt lat="50.62374" lon="3.23295">
        <ele>28.0</ele>
        <time>2026-02-06T16:21:16Z</time>
      </trkpt>
      <trkpt lat="50.62275" lon="3.23359">
        <ele>25.0</ele>
        <time>2026-02-06T16:21:35Z</time>
      </trkpt>
      <trkpt lat="50.62254" lon="3.23368">
        <ele>24.0</ele>
        <time>2026-02-06T16:21:39Z</time>
      </trkpt>
      <trkpt lat="50.62219" lon="3.23378">
        <ele>24.0</ele>
        <time>2026-02-06T16:21:45Z</time>
      </trkpt>
      <trkpt lat="50.62168" lon="3.2338">
        <ele>25.0</ele>
        <time>2026-02-06T16:21:54Z</time>
      </trkpt>
      <trkpt lat="50.6192" lon="3.23361">
        <ele>27.0</ele>
        <time>2026-02-06T16:22:38Z</time>
      </trkpt>
      <trkpt lat="50.61889" lon="3.23355">
        <ele>28.0</ele>
        <time>2026-02-06T16:22:44Z</time>
      </trkpt>
      <trkpt lat="50.61857" lon="3.23343">
        <ele>29.0</ele>
        <time>2026-02-06T16:22:50Z</time>
      </trkpt>
      <trkpt lat="50.61852" lon="3.23343">
        <ele>29.0</ele>
        <time>2026-02-06T16:22:51Z</time>
      </trkpt>
      <trkpt lat="50.61848" lon="3.23346">
        <ele>29.0</ele>
        <time>2026-02-06T16:22:52Z</time>
      </trkpt>
      <trkpt lat="50.61806" lon="3.235">
        <ele>29.0</ele>
        <time>2026-02-06T16:23:10Z</time>
      </trkpt>
      <trkpt lat="50.618" lon="3.23629">
        <ele>28.0</ele>
        <time>2026-02-06T16:23:25Z</time>
      </trkpt>
      <trkpt lat="50.61795" lon="3.2366">
        <ele>29.0</ele>
        <time>2026-02-06T16:23:29Z</time>
      </trkpt>
      <trkpt lat="50.6177" lon="3.23719">
        <ele>29.0</ele>
        <time>2026-02-06T16:23:37Z</time>
      </trkpt>
      <trkpt lat="50.61758" lon="3.23741">
        <ele>29.0</ele>
        <time>2026-02-06T16:23:40Z</time>
      </trkpt>
      <trkpt lat="50.61751" lon="3.23751">
        <ele>29.0</ele>
        <time>2026-02-06T16:23:42Z</time>
      </trkpt>
      <trkpt lat="50.61725" lon="3.23777">
        <ele>29.0</ele>
        <time>2026-02-06T16:23:47Z</time>
      </trkpt>
      <trkpt lat="50.61714" lon="3.23783">
        <ele>29.0</ele>
        <time>2026-02-06T16:23:49Z</time>
      </trkpt>
      <trkpt lat="50.61703" lon="3.23786">
        <ele>29.0</ele>
        <time>2026-02-06T16:23:51Z</time>
      </trkpt>
      <trkpt lat="50.61692" lon="3.23785">
        <ele>29.0</ele>
        <time>2026-02-06T16:23:53Z</time>
      </trkpt>
      <trkpt lat="50.61652" lon="3.23774">
        <ele>28.0</ele>
        <time>2026-02-06T16:24:00Z</time>
      </trkpt>
      <trkpt lat="50.61635" lon="3.23775">
        <ele>29.0</ele>
        <time>2026-02-06T16:24:03Z</time>
      </trkpt>
      <trkpt lat="50.61625" lon="3.2378">
        <ele>29.0</ele>
        <time>2026-02-06T16:24:05Z</time>
      </trkpt>
      <trkpt lat="50.61585" lon="3.23817">
        <ele>29.0</ele>
        <time>2026-02-06T16:24:13Z</time>
      </trkpt>
      <trkpt lat="50.61527" lon="3.2388">
        <ele>29.0</ele>
        <time>2026-02-06T16:24:26Z</time>
      </trkpt>
      <trkpt lat="50.61506" lon="3.23912">
        <ele>29.0</ele>
        <time>2026-02-06T16:24:31Z</time>
      </trkpt>
      <trkpt lat="50.61496" lon="3.23934">
        <ele>29.0</ele>
        <time>2026-02-06T16:24:34Z</time>
      </trkpt>
      <trkpt lat="50.61481" lon="3.23991">
        <ele>31.0</ele>
        <time>2026-02-06T16:24:41Z</time>
      </trkpt>
      <trkpt lat="50.61479" lon="3.24035">
        <ele>30.0</ele>
        <time>2026-02-06T16:24:46Z</time>
      </trkpt>
      <trkpt lat="50.61438" lon="3.24409">
        <ele>30.0</ele>
        <time>2026-02-06T16:25:29Z</time>
      </trkpt>
      <trkpt lat="50.61376" lon="3.24703">
        <ele>30.0</ele>
        <time>2026-02-06T16:26:04Z</time>
      </trkpt>
      <trkpt lat="50.61351" lon="3.2477">
        <ele>31.0</ele>
        <time>2026-02-06T16:26:13Z</time>
      </trkpt>
      <trkpt lat="50.61307" lon="3.2487">
        <ele>30.0</ele>
        <time>2026-02-06T16:26:27Z</time>
      </trkpt>
      <trkpt lat="50.61289" lon="3.24884">
        <ele>30.0</ele>
        <time>2026-02-06T16:26:30Z</time>
      </trkpt>
      <trkpt lat="50.61288" lon="3.2489">
        <ele>30.0</ele>
        <time>2026-02-06T16:26:31Z</time>
      </trkpt>
      <trkpt lat="50.61294" lon="3.24933">
        <ele>30.0</ele>
        <time>2026-02-06T16:26:36Z</time>
      </trkpt>
      <trkpt lat="50.61293" lon="3.24942">
        <ele>30.0</ele>
        <time>2026-02-06T16:26:37Z</time>
      </trkpt>
      <trkpt lat="50.61278" lon="3.2501">
        <ele>30.0</ele>
        <time>2026-02-06T16:26:45Z</time>
      </trkpt>
      <trkpt lat="50.61258" lon="3.25056">
        <ele>30.0</ele>
        <time>2026-02-06T16:26:51Z</time>
      </trkpt>
      <trkpt lat="50.61258" lon="3.25062">
        <ele>30.0</ele>
        <time>2026-02-06T16:26:52Z</time>
      </trkpt>
      <trkpt lat="50.61263" lon="3.25072">
        <ele>30.0</ele>
        <time>2026-02-06T16:26:53Z</time>
      </trkpt>
      <trkpt lat="50.61266" lon="3.25086">
        <ele>30.0</ele>
        <time>2026-02-06T16:26:55Z</time>
      </trkpt>
      <trkpt lat="50.61219" lon="3.25264">
        <ele>35.0</ele>
        <time>2026-02-06T16:27:17Z</time>
      </trkpt>
      <trkpt lat="50.61178" lon="3.25393">
        <ele>37.0</ele>
        <time>2026-02-06T16:27:33Z</time>
      </trkpt>
      <trkpt lat="50.61167" lon="3.25449">
        <ele>37.0</ele>
        <time>2026-02-06T16:27:40Z</time>
      </trkpt>
      <trkpt lat="50.61162" lon="3.25509">
        <ele>36.0</ele>
        <time>2026-02-06T16:27:47Z</time>
      </trkpt>
      <trkpt lat="50.61154" lon="3.25538">
        <ele>35.0</ele>
        <time>2026-02-06T16:27:50Z</time>
      </trkpt>
      <trkpt lat="50.61135" lon="3.2558">
        <ele>34.0</ele>
        <time>2026-02-06T16:27:56Z</time>
      </trkpt>
      <trkpt lat="50.61114" lon="3.25612">
        <ele>34.0</ele>
        <time>2026-02-06T16:28:01Z</time>
      </trkpt>
      <trkpt lat="50.61107" lon="3.25617">
        <ele>34.0</ele>
        <time>2026-02-06T16:28:03Z</time>
      </trkpt>
      <trkpt lat="50.61101" lon="3.25618">
        <ele>34.0</ele>
        <time>2026-02-06T16:28:04Z</time>
      </trkpt>
      <trkpt lat="50.61094" lon="3.25616">
        <ele>34.0</ele>
        <time>2026-02-06T16:28:05Z</time>
      </trkpt>
      <trkpt lat="50.61079" lon="3.25606">
        <ele>34.0</ele>
        <time>2026-02-06T16:28:08Z</time>
      </trkpt>
      <trkpt lat="50.61073" lon="3.256">
        <ele>35.0</ele>
        <time>2026-02-06T16:28:09Z</time>
      </trkpt>
      <trkpt lat="50.61039" lon="3.25546">
        <ele>35.0</ele>
        <time>2026-02-06T16:28:18Z</time>
      </trkpt>
      <trkpt lat="50.61026" lon="3.25535">
        <ele>35.0</ele>
        <time>2026-02-06T16:28:20Z</time>
      </trkpt>
      <trkpt lat="50.60998" lon="3.25518">
        <ele>35.0</ele>
        <time>2026-02-06T16:28:26Z</time>
      </trkpt>
      <trkpt lat="50.60943" lon="3.25449">
        <ele>35.0</ele>
        <time>2026-02-06T16:28:38Z</time>
      </trkpt>
      <trkpt lat="50.60915" lon="3.25425">
        <ele>35.0</ele>
        <time>2026-02-06T16:28:44Z</time>
      </trkpt>
      <trkpt lat="50.60878" lon="3.2541">
        <ele>36.0</ele>
        <time>2026-02-06T16:28:51Z</time>
      </trkpt>
      <trkpt lat="50.60861" lon="3.25392">
        <ele>36.0</ele>
        <time>2026-02-06T16:28:54Z</time>
      </trkpt>
      <trkpt lat="50.60842" lon="3.25362">
        <ele>36.0</ele>
        <time>2026-02-06T16:28:59Z</time>
      </trkpt>
      <trkpt lat="50.60822" lon="3.25303">
        <ele>36.0</ele>
        <time>2026-02-06T16:29:07Z</time>
      </trkpt>
      <trkpt lat="50.60816" lon="3.25296">
        <ele>36.0</ele>
        <time>2026-02-06T16:29:08Z</time>
      </trkpt>
      <trkpt lat="50.60792" lon="3.25305">
        <ele>36.0</ele>
        <time>2026-02-06T16:29:12Z</time>
      </trkpt>
      <trkpt lat="50.6073" lon="3.25362">
        <ele>36.0</ele>
        <time>2026-02-06T16:29:25Z</time>
      </trkpt>
      <trkpt lat="50.60706" lon="3.25387">
        <ele>37.0</ele>
        <time>2026-02-06T16:29:30Z</time>
      </trkpt>
      <trkpt lat="50.60696" lon="3.25393">
        <ele>37.0</ele>
        <time>2026-02-06T16:29:32Z</time>
      </trkpt>
      <trkpt lat="50.60673" lon="3.25395">
        <ele>37.0</ele>
        <time>2026-02-06T16:29:36Z</time>
      </trkpt>
      <trkpt lat="50.60654" lon="3.25392">
        <ele>37.0</ele>
        <time>2026-02-06T16:29:40Z</time>
      </trkpt>
      <trkpt lat="50.60561" lon="3.25391">
        <ele>38.0</ele>
        <time>2026-02-06T16:29:56Z</time>
      </trkpt>
      <trkpt lat="50.60547" lon="3.25382">
        <ele>38.0</ele>
        <time>2026-02-06T16:29:59Z</time>
      </trkpt>
      <trkpt lat="50.60427" lon="3.25243">
        <ele>39.0</ele>
        <time>2026-02-06T16:30:25Z</time>
      </trkpt>
      <trkpt lat="50.60389" lon="3.25211">
        <ele>39.0</ele>
        <time>2026-02-06T16:30:33Z</time>
      </trkpt>
      <trkpt lat="50.60303" lon="3.25147">
        <ele>40.0</ele>
        <time>2026-02-06T16:30:50Z</time>
      </trkpt>
      <trkpt lat="50.60277" lon="3.25133">
        <ele>40.0</ele>
        <time>2026-02-06T16:30:55Z</time>
      </trkpt>
      <trkpt lat="50.60214" lon="3.25134">
        <ele>42.0</ele>
        <time>2026-02-06T16:31:06Z</time>
      </trkpt>
      <trkpt lat="50.60167" lon="3.25162">
        <ele>45.0</ele>
        <time>2026-02-06T16:31:15Z</time>
      </trkpt>
      <trkpt lat="50.60112" lon="3.25209">
        <ele>47.0</ele>
        <time>2026-02-06T16:31:26Z</time>
      </trkpt>
      <trkpt lat="50.60052" lon="3.25251">
        <ele>50.0</ele>
        <time>2026-02-06T16:31:38Z</time>
      </trkpt>
      <trkpt lat="50.5998" lon="3.25285">
        <ele>52.0</ele>
        <time>2026-02-06T16:31:51Z</time>
      </trkpt>
      <trkpt lat="50.59948" lon="3.25305">
        <ele>50.0</ele>
        <time>2026-02-06T16:31:57Z</time>
      </trkpt>
      <trkpt lat="50.59875" lon="3.25381">
        <ele>50.0</ele>
        <time>2026-02-06T16:32:13Z</time>
      </trkpt>
      <trkpt lat="50.59724" lon="3.25572">
        <ele>48.0</ele>
        <time>2026-02-06T16:32:47Z</time>
      </trkpt>
      <trkpt lat="50.5969" lon="3.25604">
        <ele>48.0</ele>
        <time>2026-02-06T16:32:54Z</time>
      </trkpt>
      <trkpt lat="50.59653" lon="3.25645">
        <ele>49.0</ele>
        <time>2026-02-06T16:33:02Z</time>
      </trkpt>
      <trkpt lat="50.59593" lon="3.25741">
        <ele>50.0</ele>
        <time>2026-02-06T16:33:18Z</time>
      </trkpt>
      <trkpt lat="50.59541" lon="3.25836">
        <ele>49.0</ele>
        <time>2026-02-06T16:33:32Z</time>
      </trkpt>
      <trkpt lat="50.59537" lon="3.25892">
        <ele>49.0</ele>
        <time>2026-02-06T16:33:38Z</time>
      </trkpt>
      <trkpt lat="50.59535" lon="3.26066">
        <ele>51.0</ele>
        <time>2026-02-06T16:33:58Z</time>
      </trkpt>
      <trkpt lat="50.59531" lon="3.26085">
        <ele>51.0</ele>
        <time>2026-02-06T16:34:00Z</time>
      </trkpt>
      <trkpt lat="50.59507" lon="3.26073">
        <ele>51.0</ele>
        <time>2026-02-06T16:34:04Z</time>
      </trkpt>
      <trkpt lat="50.59472" lon="3.26063">
        <ele>51.0</ele>
        <time>2026-02-06T16:34:11Z</time>
      </trkpt>
      <trkpt lat="50.59447" lon="3.26064">
        <ele>51.0</ele>
        <time>2026-02-06T16:34:15Z</time>
      </trkpt>
      <trkpt lat="50.59418" lon="3.26084">
        <ele>51.0</ele>
        <time>2026-02-06T16:34:21Z</time>
      </trkpt>
      <trkpt lat="50.59395" lon="3.26128">
        <ele>51.0</ele>
        <time>2026-02-06T16:34:27Z</time>
      </trkpt>
      <trkpt lat="50.59371" lon="3.26192">
        <ele>51.0</ele>
        <time>2026-02-06T16:34:36Z</time>
      </trkpt>
      <trkpt lat="50.59362" lon="3.26251">
        <ele>52.0</ele>
        <time>2026-02-06T16:34:43Z</time>
      </trkpt>
      <trkpt lat="50.59342" lon="3.26322">
        <ele>51.0</ele>
        <time>2026-02-06T16:34:51Z</time>
      </trkpt>
      <trkpt lat="50.59236" lon="3.26488">
        <ele>53.0</ele>
        <time>2026-02-06T16:35:18Z</time>
      </trkpt>
      <trkpt lat="50.59192" lon="3.26545">
        <ele>53.0</ele>
        <time>2026-02-06T16:35:28Z</time>
      </trkpt>
      <trkpt lat="50.59138" lon="3.2663">
        <ele>54.0</ele>
        <time>2026-02-06T16:35:42Z</time>
      </trkpt>
      <trkpt lat="50.59068" lon="3.26726">
        <ele>55.0</ele>
        <time>2026-02-06T16:35:58Z</time>
      </trkpt>
      <trkpt lat="50.59048" lon="3.26757">
        <ele>55.0</ele>
        <time>2026-02-06T16:36:03Z</time>
      </trkpt>
      <trkpt lat="50.59017" lon="3.2678">
        <ele>55.0</ele>
        <time>2026-02-06T16:36:09Z</time>
      </trkpt>
      <trkpt lat="50.58944" lon="3.26818">
        <ele>54.0</ele>
        <time>2026-02-06T16:36:23Z</time>
      </trkpt>
      <trkpt lat="50.58893" lon="3.26851">
        <ele>54.0</ele>
        <time>2026-02-06T16:36:33Z</time>
      </trkpt>
      <trkpt lat="50.58869" lon="3.26877">
        <ele>54.0</ele>
        <time>2026-02-06T16:36:38Z</time>
      </trkpt>
      <trkpt lat="50.58845" lon="3.26898">
        <ele>54.0</ele>
        <time>2026-02-06T16:36:43Z</time>
      </trkpt>
      <trkpt lat="50.58801" lon="3.26952">
        <ele>55.0</ele>
        <time>2026-02-06T16:36:53Z</time>
      </trkpt>
      <trkpt lat="50.58764" lon="3.27014">
        <ele>55.0</ele>
        <time>2026-02-06T16:37:02Z</time>
      </trkpt>
      <trkpt lat="50.58733" lon="3.27085">
        <ele>54.0</ele>
        <time>2026-02-06T16:37:12Z</time>
      </trkpt>
      <trkpt lat="50.58707" lon="3.27137">
        <ele>54.0</ele>
        <time>2026-02-06T16:37:20Z</time>
      </trkpt>
      <trkpt lat="50.5865" lon="3.27186">
        <ele>54.0</ele>
        <time>2026-02-06T16:37:31Z</time>
      </trkpt>
      <trkpt lat="50.58608" lon="3.27201">
        <ele>53.0</ele>
        <time>2026-02-06T16:37:39Z</time>
      </trkpt>
      <trkpt lat="50.58588" lon="3.272">
        <ele>53.0</ele>
        <time>2026-02-06T16:37:42Z</time>
      </trkpt>
      <trkpt lat="50.58342" lon="3.27213">
        <ele>50.0</ele>
        <time>2026-02-06T16:38:26Z</time>
      </trkpt>
      <trkpt lat="50.58219" lon="3.27172">
        <ele>50.0</ele>
        <time>2026-02-06T16:38:49Z</time>
      </trkpt>
      <trkpt lat="50.58103" lon="3.27128">
        <ele>51.0</ele>
        <time>2026-02-06T16:39:10Z</time>
      </trkpt>
      <trkpt lat="50.58054" lon="3.27121">
        <ele>50.0</ele>
        <time>2026-02-06T16:39:19Z</time>
      </trkpt>
      <trkpt lat="50.57954" lon="3.27154">
        <ele>50.0</ele>
        <time>2026-02-06T16:39:37Z</time>
      </trkpt>
      <trkpt lat="50.57931" lon="3.27157">
        <ele>50.0</ele>
        <time>2026-02-06T16:39:41Z</time>
      </trkpt>
      <trkpt lat="50.57779" lon="3.27103">
        <ele>52.0</ele>
        <time>2026-02-06T16:40:09Z</time>
      </trkpt>
      <trkpt lat="50.57741" lon="3.27078">
        <ele>52.0</ele>
        <time>2026-02-06T16:40:16Z</time>
      </trkpt>
      <trkpt lat="50.57692" lon="3.27078">
        <ele>51.0</ele>
        <time>2026-02-06T16:40:25Z</time>
      </trkpt>
      <trkpt lat="50.5763" lon="3.27048">
        <ele>50.0</ele>
        <time>2026-02-06T16:40:36Z</time>
      </trkpt>
      <trkpt lat="50.57548" lon="3.2702">
        <ele>50.0</ele>
        <time>2026-02-06T16:40:51Z</time>
      </trkpt>
      <trkpt lat="50.57502" lon="3.26974">
        <ele>51.0</ele>
        <time>2026-02-06T16:41:01Z</time>
      </trkpt>
      <trkpt lat="50.57441" lon="3.26925">
        <ele>53.0</ele>
        <time>2026-02-06T16:41:13Z</time>
      </trkpt>
      <trkpt lat="50.57397" lon="3.26894">
        <ele>54.0</ele>
        <time>2026-02-06T16:41:21Z</time>
      </trkpt>
      <trkpt lat="50.57331" lon="3.26885">
        <ele>53.0</ele>
        <time>2026-02-06T16:41:33Z</time>
      </trkpt>
      <trkpt lat="50.57265" lon="3.26886">
        <ele>55.0</ele>
        <time>2026-02-06T16:41:45Z</time>
      </trkpt>
      <trkpt lat="50.57195" lon="3.269">
        <ele>56.0</ele>
        <time>2026-02-06T16:41:58Z</time>
      </trkpt>
      <trkpt lat="50.57011" lon="3.26819">
        <ele>47.0</ele>
        <time>2026-02-06T16:42:32Z</time>
      </trkpt>
      <trkpt lat="50.56975" lon="3.26799">
        <ele>46.0</ele>
        <time>2026-02-06T16:42:38Z</time>
      </trkpt>
      <trkpt lat="50.56959" lon="3.26777">
        <ele>45.0</ele>
        <time>2026-02-06T16:42:42Z</time>
      </trkpt>
      <trkpt lat="50.56952" lon="3.26757">
        <ele>45.0</ele>
        <time>2026-02-06T16:42:45Z</time>
      </trkpt>
      <trkpt lat="50.56958" lon="3.26603">
        <ele>45.0</ele>
        <time>2026-02-06T16:43:02Z</time>
      </trkpt>
      <trkpt lat="50.56952" lon="3.26577">
        <ele>45.0</ele>
        <time>2026-02-06T16:43:05Z</time>
      </trkpt>
      <trkpt lat="50.56928" lon="3.2656">
        <ele>44.0</ele>
        <time>2026-02-06T16:43:10Z</time>
      </trkpt>
      <trkpt lat="50.56852" lon="3.2657">
        <ele>43.0</ele>
        <time>2026-02-06T16:43:24Z</time>
      </trkpt>
      <trkpt lat="50.56837" lon="3.26569">
        <ele>43.0</ele>
        <time>2026-02-06T16:43:26Z</time>
      </trkpt>
      <trkpt lat="50.56775" lon="3.26545">
        <ele>44.0</ele>
        <time>2026-02-06T16:43:38Z</time>
      </trkpt>
      <trkpt lat="50.56755" lon="3.26516">
        <ele>45.0</ele>
        <time>2026-02-06T16:43:42Z</time>
      </trkpt>
      <trkpt lat="50.56756" lon="3.2648">
        <ele>45.0</ele>
        <time>2026-02-06T16:43:46Z</time>
      </trkpt>
      <trkpt lat="50.5685" lon="3.26153">
        <ele>45.0</ele>
        <time>2026-02-06T16:44:27Z</time>
      </trkpt>
      <trkpt lat="50.57017" lon="3.25447">
        <ele>48.0</ele>
        <time>2026-02-06T16:45:52Z</time>
      </trkpt>
      <trkpt lat="50.57046" lon="3.25371">
        <ele>50.0</ele>
        <time>2026-02-06T16:46:02Z</time>
      </trkpt>
      <trkpt lat="50.57082" lon="3.25253">
        <ele>50.0</ele>
        <time>2026-02-06T16:46:17Z</time>
      </trkpt>
      <trkpt lat="50.57112" lon="3.251">
        <ele>49.0</ele>
        <time>2026-02-06T16:46:35Z</time>
      </trkpt>
      <trkpt lat="50.57076" lon="3.2503">
        <ele>49.0</ele>
        <time>2026-02-06T16:46:45Z</time>
      </trkpt>
      <trkpt lat="50.56784" lon="3.24832">
        <ele>45.0</ele>
        <time>2026-02-06T16:47:42Z</time>
      </trkpt>
      <trkpt lat="50.56712" lon="3.24726">
        <ele>46.0</ele>
        <time>2026-02-06T16:47:59Z</time>
      </trkpt>
      <trkpt lat="50.56702" lon="3.2469">
        <ele>46.0</ele>
        <time>2026-02-06T16:48:04Z</time>
      </trkpt>
      <trkpt lat="50.56678" lon="3.24549">
        <ele>48.0</ele>
        <time>2026-02-06T16:48:20Z</time>
      </trkpt>
      <trkpt lat="50.56636" lon="3.2446">
        <ele>47.0</ele>
        <time>2026-02-06T16:48:33Z</time>
      </trkpt>
      <trkpt lat="50.56565" lon="3.24365">
        <ele>48.0</ele>
        <time>2026-02-06T16:48:49Z</time>
      </trkpt>
      <trkpt lat="50.56487" lon="3.24269">
        <ele>51.0</ele>
        <time>2026-02-06T16:49:07Z</time>
      </trkpt>
      <trkpt lat="50.56369" lon="3.24051">
        <ele>52.0</ele>
        <time>2026-02-06T16:49:39Z</time>
      </trkpt>
      <trkpt lat="50.563" lon="3.23981">
        <ele>49.0</ele>
        <time>2026-02-06T16:49:54Z</time>
      </trkpt>
      <trkpt lat="50.56119" lon="3.23904">
        <ele>39.0</ele>
        <time>2026-02-06T16:50:27Z</time>
      </trkpt>
      <trkpt lat="50.56109" lon="3.23892">
        <ele>38.0</ele>
        <time>2026-02-06T16:50:30Z</time>
      </trkpt>
      <trkpt lat="50.56108" lon="3.23873">
        <ele>38.0</ele>
        <time>2026-02-06T16:50:32Z</time>
      </trkpt>
      <trkpt lat="50.56066" lon="3.23879">
        <ele>37.0</ele>
        <time>2026-02-06T16:50:39Z</time>
      </trkpt>
      <trkpt lat="50.56052" lon="3.23877">
        <ele>37.0</ele>
        <time>2026-02-06T16:50:42Z</time>
      </trkpt>
      <trkpt lat="50.55936" lon="3.23843">
        <ele>34.0</ele>
        <time>2026-02-06T16:51:03Z</time>
      </trkpt>
      <trkpt lat="50.55901" lon="3.23857">
        <ele>35.0</ele>
        <time>2026-02-06T16:51:09Z</time>
      </trkpt>
      <trkpt lat="50.55829" lon="3.23928">
        <ele>37.0</ele>
        <time>2026-02-06T16:51:24Z</time>
      </trkpt>
      <trkpt lat="50.55728" lon="3.24071">
        <ele>40.0</ele>
        <time>2026-02-06T16:51:48Z</time>
      </trkpt>
      <trkpt lat="50.55671" lon="3.24276">
        <ele>43.0</ele>
        <time>2026-02-06T16:52:14Z</time>
      </trkpt>
      <trkpt lat="50.55556" lon="3.24469">
        <ele>46.0</ele>
        <time>2026-02-06T16:52:44Z</time>
      </trkpt>
      <trkpt lat="50.55329" lon="3.2507">
        <ele>63.0</ele>
        <time>2026-02-06T16:54:03Z</time>
      </trkpt>
      <trkpt lat="50.55245" lon="3.25253">
        <ele>65.0</ele>
        <time>2026-02-06T16:54:28Z</time>
      </trkpt>
      <trkpt lat="50.5517" lon="3.25324">
        <ele>71.0</ele>
        <time>2026-02-06T16:54:44Z</time>
      </trkpt>
      <trkpt lat="50.54977" lon="3.25469">
        <ele>72.0</ele>
        <time>2026-02-06T16:55:22Z</time>
      </trkpt>
      <trkpt lat="50.549" lon="3.25512">
        <ele>71.0</ele>
        <time>2026-02-06T16:55:36Z</time>
      </trkpt>
      <trkpt lat="50.54786" lon="3.25597">
        <ele>70.0</ele>
        <time>2026-02-06T16:55:59Z</time>
      </trkpt>
      <trkpt lat="50.54703" lon="3.25664">
        <ele>70.0</ele>
        <time>2026-02-06T16:56:15Z</time>
      </trkpt>
      <trkpt lat="50.54391" lon="3.25889">
        <ele>66.0</ele>
        <time>2026-02-06T16:57:17Z</time>
      </trkpt>
      <trkpt lat="50.543" lon="3.25952">
        <ele>65.0</ele>
        <time>2026-02-06T16:57:34Z</time>
      </trkpt>
      <trkpt lat="50.54209" lon="3.26064">
        <ele>63.0</ele>
        <time>2026-02-06T16:57:55Z</time>
      </trkpt>
      <trkpt lat="50.54089" lon="3.26219">
        <ele>59.0</ele>
        <time>2026-02-06T16:58:22Z</time>
      </trkpt>
      <trkpt lat="50.53914" lon="3.26452">
        <ele>53.0</ele>
        <time>2026-02-06T16:59:03Z</time>
      </trkpt>
      <trkpt lat="50.53777" lon="3.26622">
        <ele>51.0</ele>
        <time>2026-02-06T16:59:34Z</time>
      </trkpt>
      <trkpt lat="50.53384" lon="3.27131">
        <ele>43.0</ele>
        <time>2026-02-06T17:01:05Z</time>
      </trkpt>
      <trkpt lat="50.53242" lon="3.27311">
        <ele>41.0</ele>
        <time>2026-02-06T17:01:37Z</time>
      </trkpt>
      <trkpt lat="50.5313" lon="3.27465">
        <ele>39.0</ele>
        <time>2026-02-06T17:02:04Z</time>
      </trkpt>
      <trkpt lat="50.52936" lon="3.27711">
        <ele>35.0</ele>
        <time>2026-02-06T17:02:48Z</time>
      </trkpt>
      <trkpt lat="50.52651" lon="3.28083">
        <ele>34.0</ele>
        <time>2026-02-06T17:03:54Z</time>
      </trkpt>
      <trkpt lat="50.52489" lon="3.28289">
        <ele>35.0</ele>
        <time>2026-02-06T17:04:31Z</time>
      </trkpt>
      <trkpt lat="50.52434" lon="3.28255">
        <ele>35.0</ele>
        <time>2026-02-06T17:04:42Z</time>
      </trkpt>
      <trkpt lat="50.52315" lon="3.28164">
        <ele>35.0</ele>
        <time>2026-02-06T17:05:05Z</time>
      </trkpt>
      <trkpt lat="50.52301" lon="3.28142">
        <ele>36.0</ele>
        <time>2026-02-06T17:05:09Z</time>
      </trkpt>
      <trkpt lat="50.52233" lon="3.27942">
        <ele>36.0</ele>
        <time>2026-02-06T17:05:34Z</time>
      </trkpt>
      <trkpt lat="50.52207" lon="3.27888">
        <ele>37.0</ele>
        <time>2026-02-06T17:05:42Z</time>
      </trkpt>
      <trkpt lat="50.52166" lon="3.27817">
        <ele>38.0</ele>
        <time>2026-02-06T17:05:53Z</time>
      </trkpt>
      <trkpt lat="50.52113" lon="3.27742">
        <ele>39.0</ele>
        <time>2026-02-06T17:06:05Z</time>
      </trkpt>
      <trkpt lat="50.5206" lon="3.2769">
        <ele>42.0</ele>
        <time>2026-02-06T17:06:17Z</time>
      </trkpt>
      <trkpt lat="50.52058" lon="3.27666">
        <ele>42.0</ele>
        <time>2026-02-06T17:06:19Z</time>
      </trkpt>
      <trkpt lat="50.52067" lon="3.27585">
        <ele>42.0</ele>
        <time>2026-02-06T17:06:29Z</time>
      </trkpt>
      <trkpt lat="50.52105" lon="3.27344">
        <ele>43.0</ele>
        <time>2026-02-06T17:06:57Z</time>
      </trkpt>
      <trkpt lat="50.52325" lon="3.25852">
        <ele>48.0</ele>
        <time>2026-02-06T17:09:50Z</time>
      </trkpt>
      <trkpt lat="50.52354" lon="3.25687">
        <ele>49.0</ele>
        <time>2026-02-06T17:10:09Z</time>
      </trkpt>
      <trkpt lat="50.52451" lon="3.25363">
        <ele>52.0</ele>
        <time>2026-02-06T17:10:50Z</time>
      </trkpt>
      <trkpt lat="50.52485" lon="3.25237">
        <ele>54.0</ele>
        <time>2026-02-06T17:11:05Z</time>
      </trkpt>
      <trkpt lat="50.52515" lon="3.25075">
        <ele>53.0</ele>
        <time>2026-02-06T17:11:24Z</time>
      </trkpt>
      <trkpt lat="50.52573" lon="3.24842">
        <ele>55.0</ele>
        <time>2026-02-06T17:11:53Z</time>
      </trkpt>
      <trkpt lat="50.52603" lon="3.24702">
        <ele>56.0</ele>
        <time>2026-02-06T17:12:09Z</time>
      </trkpt>
      <trkpt lat="50.52625" lon="3.24613">
        <ele>56.0</ele>
        <time>2026-02-06T17:12:20Z</time>
      </trkpt>
      <trkpt lat="50.52633" lon="3.24572">
        <ele>57.0</ele>
        <time>2026-02-06T17:12:25Z</time>
      </trkpt>
      <trkpt lat="50.5264" lon="3.24459">
        <ele>57.0</ele>
        <time>2026-02-06T17:12:38Z</time>
      </trkpt>
      <trkpt lat="50.52645" lon="3.24418">
        <ele>57.0</ele>
        <time>2026-02-06T17:12:43Z</time>
      </trkpt>
      <trkpt lat="50.52709" lon="3.24228">
        <ele>54.0</ele>
        <time>2026-02-06T17:13:07Z</time>
      </trkpt>
      <trkpt lat="50.52718" lon="3.24195">
        <ele>53.0</ele>
        <time>2026-02-06T17:13:11Z</time>
      </trkpt>
      <trkpt lat="50.5272" lon="3.24158">
        <ele>53.0</ele>
        <time>2026-02-06T17:13:15Z</time>
      </trkpt>
      <trkpt lat="50.52716" lon="3.2412">
        <ele>53.0</ele>
        <time>2026-02-06T17:13:20Z</time>
      </trkpt>
      <trkpt lat="50.52677" lon="3.23846">
        <ele>56.0</ele>
        <time>2026-02-06T17:13:51Z</time>
      </trkpt>
      <trkpt lat="50.52658" lon="3.23749">
        <ele>55.0</ele>
        <time>2026-02-06T17:14:03Z</time>
      </trkpt>
      <trkpt lat="50.52654" lon="3.23718">
        <ele>55.0</ele>
        <time>2026-02-06T17:14:06Z</time>
      </trkpt>
      <trkpt lat="50.52655" lon="3.23587">
        <ele>54.0</ele>
        <time>2026-02-06T17:14:21Z</time>
      </trkpt>
      <trkpt lat="50.52659" lon="3.23552">
        <ele>54.0</ele>
        <time>2026-02-06T17:14:25Z</time>
      </trkpt>
      <trkpt lat="50.52668" lon="3.2351">
        <ele>53.0</ele>
        <time>2026-02-06T17:14:30Z</time>
      </trkpt>
      <trkpt lat="50.52708" lon="3.23376">
        <ele>52.0</ele>
        <time>2026-02-06T17:14:47Z</time>
      </trkpt>
      <trkpt lat="50.52737" lon="3.23313">
        <ele>52.0</ele>
        <time>2026-02-06T17:14:56Z</time>
      </trkpt>
      <trkpt lat="50.5278" lon="3.23104">
        <ele>53.0</ele>
        <time>2026-02-06T17:15:21Z</time>
      </trkpt>
      <trkpt lat="50.52797" lon="3.23055">
        <ele>54.0</ele>
        <time>2026-02-06T17:15:27Z</time>
      </trkpt>
      <trkpt lat="50.52852" lon="3.22932">
        <ele>53.0</ele>
        <time>2026-02-06T17:15:44Z</time>
      </trkpt>
      <trkpt lat="50.52912" lon="3.22787">
        <ele>53.0</ele>
        <time>2026-02-06T17:16:04Z</time>
      </trkpt>
      <trkpt lat="50.52941" lon="3.22727">
        <ele>52.0</ele>
        <time>2026-02-06T17:16:12Z</time>
      </trkpt>
      <trkpt lat="50.52981" lon="3.22606">
        <ele>51.0</ele>
        <time>2026-02-06T17:16:27Z</time>
      </trkpt>
      <trkpt lat="50.53001" lon="3.22515">
        <ele>50.0</ele>
        <time>2026-02-06T17:16:38Z</time>
      </trkpt>
      <trkpt lat="50.53023" lon="3.22429">
        <ele>49.0</ele>
        <time>2026-02-06T17:16:49Z</time>
      </trkpt>
      <trkpt lat="50.53066" lon="3.22279">
        <ele>48.0</ele>
        <time>2026-02-06T17:17:07Z</time>
      </trkpt>
      <trkpt lat="50.53072" lon="3.22263">
        <ele>47.0</ele>
        <time>2026-02-06T17:17:10Z</time>
      </trkpt>
      <trkpt lat="50.53082" lon="3.22248">
        <ele>47.0</ele>
        <time>2026-02-06T17:17:12Z</time>
      </trkpt>
      <trkpt lat="50.53078" lon="3.22162">
        <ele>47.0</ele>
        <time>2026-02-06T17:17:22Z</time>
      </trkpt>
      <trkpt lat="50.53085" lon="3.21943">
        <ele>47.0</ele>
        <time>2026-02-06T17:17:47Z</time>
      </trkpt>
      <trkpt lat="50.53093" lon="3.21835">
        <ele>47.0</ele>
        <time>2026-02-06T17:17:59Z</time>
      </trkpt>
      <trkpt lat="50.53095" lon="3.21762">
        <ele>46.0</ele>
        <time>2026-02-06T17:18:07Z</time>
      </trkpt>
      <trkpt lat="50.53091" lon="3.21611">
        <ele>46.0</ele>
        <time>2026-02-06T17:18:24Z</time>
      </trkpt>
      <trkpt lat="50.53054" lon="3.21439">
        <ele>45.0</ele>
        <time>2026-02-06T17:18:45Z</time>
      </trkpt>
      <trkpt lat="50.53048" lon="3.21323">
        <ele>45.0</ele>
        <time>2026-02-06T17:18:58Z</time>
      </trkpt>
      <trkpt lat="50.53038" lon="3.21255">
        <ele>44.0</ele>
        <time>2026-02-06T17:19:06Z</time>
      </trkpt>
      <trkpt lat="50.53161" lon="3.21098">
        <ele>42.0</ele>
        <time>2026-02-06T17:19:34Z</time>
      </trkpt>
      <trkpt lat="50.53209" lon="3.2096">
        <ele>41.0</ele>
        <time>2026-02-06T17:19:52Z</time>
      </trkpt>
      <trkpt lat="50.53325" lon="3.20576">
        <ele>38.0</ele>
        <time>2026-02-06T17:20:40Z</time>
      </trkpt>
      <trkpt lat="50.5342" lon="3.20184">
        <ele>35.0</ele>
        <time>2026-02-06T17:21:27Z</time>
      </trkpt>
      <trkpt lat="50.5344" lon="3.20058">
        <ele>35.0</ele>
        <time>2026-02-06T17:21:42Z</time>
      </trkpt>
      <trkpt lat="50.5343" lon="3.1967">
        <ele>35.0</ele>
        <time>2026-02-06T17:22:26Z</time>
      </trkpt>
      <trkpt lat="50.53413" lon="3.19602">
        <ele>35.0</ele>
        <time>2026-02-06T17:22:34Z</time>
      </trkpt>
      <trkpt lat="50.53371" lon="3.19518">
        <ele>35.0</ele>
        <time>2026-02-06T17:22:46Z</time>
      </trkpt>
      <trkpt lat="50.53328" lon="3.19424">
        <ele>34.0</ele>
        <time>2026-02-06T17:22:59Z</time>
      </trkpt>
      <trkpt lat="50.53204" lon="3.1902">
        <ele>36.0</ele>
        <time>2026-02-06T17:23:50Z</time>
      </trkpt>
      <trkpt lat="50.532" lon="3.18708">
        <ele>38.0</ele>
        <time>2026-02-06T17:24:25Z</time>
      </trkpt>
      <trkpt lat="50.53142" lon="3.18375">
        <ele>39.0</ele>
        <time>2026-02-06T17:25:04Z</time>
      </trkpt>
      <trkpt lat="50.53113" lon="3.18304">
        <ele>40.0</ele>
        <time>2026-02-06T17:25:14Z</time>
      </trkpt>
      <trkpt lat="50.53103" lon="3.18242">
        <ele>40.0</ele>
        <time>2026-02-06T17:25:21Z</time>
      </trkpt>
      <trkpt lat="50.53074" lon="3.18159">
        <ele>40.0</ele>
        <time>2026-02-06T17:25:32Z</time>
      </trkpt>
      <trkpt lat="50.53028" lon="3.18063">
        <ele>40.0</ele>
        <time>2026-02-06T17:25:46Z</time>
      </trkpt>
      <trkpt lat="50.52999" lon="3.18008">
        <ele>41.0</ele>
        <time>2026-02-06T17:25:54Z</time>
      </trkpt>
      <trkpt lat="50.52992" lon="3.17963">
        <ele>41.0</ele>
        <time>2026-02-06T17:25:59Z</time>
      </trkpt>
      <trkpt lat="50.5299" lon="3.17926">
        <ele>42.0</ele>
        <time>2026-02-06T17:26:03Z</time>
      </trkpt>
      <trkpt lat="50.53" lon="3.17899">
        <ele>42.0</ele>
        <time>2026-02-06T17:26:07Z</time>
      </trkpt>
      <trkpt lat="50.53036" lon="3.17852">
        <ele>43.0</ele>
        <time>2026-02-06T17:26:15Z</time>
      </trkpt>
      <trkpt lat="50.53047" lon="3.17787">
        <ele>44.0</ele>
        <time>2026-02-06T17:26:23Z</time>
      </trkpt>
      <trkpt lat="50.53043" lon="3.17725">
        <ele>45.0</ele>
        <time>2026-02-06T17:26:30Z</time>
      </trkpt>
      <trkpt lat="50.53046" lon="3.1769">
        <ele>45.0</ele>
        <time>2026-02-06T17:26:34Z</time>
      </trkpt>
      <trkpt lat="50.53059" lon="3.17653">
        <ele>45.0</ele>
        <time>2026-02-06T17:26:38Z</time>
      </trkpt>
      <trkpt lat="50.53076" lon="3.17568">
        <ele>46.0</ele>
        <time>2026-02-06T17:26:48Z</time>
      </trkpt>
      <trkpt lat="50.53087" lon="3.17479">
        <ele>45.0</ele>
        <time>2026-02-06T17:26:59Z</time>
      </trkpt>
      <trkpt lat="50.53055" lon="3.17463">
        <ele>44.0</ele>
        <time>2026-02-06T17:27:05Z</time>
      </trkpt>
      <trkpt lat="50.53019" lon="3.17459">
        <ele>44.0</ele>
        <time>2026-02-06T17:27:11Z</time>
      </trkpt>
      <trkpt lat="50.52995" lon="3.17451">
        <ele>44.0</ele>
        <time>2026-02-06T17:27:15Z</time>
      </trkpt>
      <trkpt lat="50.52943" lon="3.17444">
        <ele>45.0</ele>
        <time>2026-02-06T17:27:25Z</time>
      </trkpt>
      <trkpt lat="50.52917" lon="3.17437">
        <ele>45.0</ele>
        <time>2026-02-06T17:27:29Z</time>
      </trkpt>
      <trkpt lat="50.52872" lon="3.17405">
        <ele>46.0</ele>
        <time>2026-02-06T17:27:38Z</time>
      </trkpt>
      <trkpt lat="50.52818" lon="3.17343">
        <ele>47.0</ele>
        <time>2026-02-06T17:27:50Z</time>
      </trkpt>
      <trkpt lat="50.52786" lon="3.17291">
        <ele>49.0</ele>
        <time>2026-02-06T17:27:58Z</time>
      </trkpt>
      <trkpt lat="50.52711" lon="3.17154">
        <ele>50.0</ele>
        <time>2026-02-06T17:28:19Z</time>
      </trkpt>
      <trkpt lat="50.52704" lon="3.17114">
        <ele>51.0</ele>
        <time>2026-02-06T17:28:23Z</time>
      </trkpt>
      <trkpt lat="50.52698" lon="3.17047">
        <ele>51.0</ele>
        <time>2026-02-06T17:28:31Z</time>
      </trkpt>
      <trkpt lat="50.52672" lon="3.1691">
        <ele>51.0</ele>
        <time>2026-02-06T17:28:47Z</time>
      </trkpt>
      <trkpt lat="50.52642" lon="3.1679">
        <ele>49.0</ele>
        <time>2026-02-06T17:29:02Z</time>
      </trkpt>
      <trkpt lat="50.52634" lon="3.16744">
        <ele>49.0</ele>
        <time>2026-02-06T17:29:07Z</time>
      </trkpt>
      <trkpt lat="50.52626" lon="3.16542">
        <ele>48.0</ele>
        <time>2026-02-06T17:29:30Z</time>
      </trkpt>
      <trkpt lat="50.52644" lon="3.16489">
        <ele>46.0</ele>
        <time>2026-02-06T17:29:37Z</time>
      </trkpt>
      <trkpt lat="50.52656" lon="3.16465">
        <ele>46.0</ele>
        <time>2026-02-06T17:29:40Z</time>
      </trkpt>
      <trkpt lat="50.52707" lon="3.16425">
        <ele>44.0</ele>
        <time>2026-02-06T17:29:51Z</time>
      </trkpt>
      <trkpt lat="50.52734" lon="3.164">
        <ele>44.0</ele>
        <time>2026-02-06T17:29:56Z</time>
      </trkpt>
      <trkpt lat="50.52753" lon="3.1637">
        <ele>43.0</ele>
        <time>2026-02-06T17:30:01Z</time>
      </trkpt>
      <trkpt lat="50.52781" lon="3.16317">
        <ele>43.0</ele>
        <time>2026-02-06T17:30:09Z</time>
      </trkpt>
      <trkpt lat="50.52802" lon="3.16294">
        <ele>43.0</ele>
        <time>2026-02-06T17:30:13Z</time>
      </trkpt>
      <trkpt lat="50.52819" lon="3.1629">
        <ele>42.0</ele>
        <time>2026-02-06T17:30:16Z</time>
      </trkpt>
      <trkpt lat="50.52823" lon="3.16266">
        <ele>42.0</ele>
        <time>2026-02-06T17:30:19Z</time>
      </trkpt>
      <trkpt lat="50.52822" lon="3.16244">
        <ele>42.0</ele>
        <time>2026-02-06T17:30:22Z</time>
      </trkpt>
      <trkpt lat="50.52835" lon="3.16208">
        <ele>41.0</ele>
        <time>2026-02-06T17:30:26Z</time>
      </trkpt>
      <trkpt lat="50.52889" lon="3.16134">
        <ele>40.0</ele>
        <time>2026-02-06T17:30:39Z</time>
      </trkpt>
      <trkpt lat="50.52932" lon="3.16085">
        <ele>40.0</ele>
        <time>2026-02-06T17:30:48Z</time>
      </trkpt>
      <trkpt lat="50.52994" lon="3.16025">
        <ele>37.0</ele>
        <time>2026-02-06T17:31:01Z</time>
      </trkpt>
      <trkpt lat="50.53003" lon="3.16011">
        <ele>37.0</ele>
        <time>2026-02-06T17:31:04Z</time>
      </trkpt>
      <trkpt lat="50.52995" lon="3.15994">
        <ele>37.0</ele>
        <time>2026-02-06T17:31:06Z</time>
      </trkpt>
      <trkpt lat="50.52956" lon="3.15872">
        <ele>37.0</ele>
        <time>2026-02-06T17:31:22Z</time>
      </trkpt>
      <trkpt lat="50.52925" lon="3.15673">
        <ele>39.0</ele>
        <time>2026-02-06T17:31:45Z</time>
      </trkpt>
      <trkpt lat="50.52911" lon="3.15607">
        <ele>39.0</ele>
        <time>2026-02-06T17:31:53Z</time>
      </trkpt>
      <trkpt lat="50.52891" lon="3.15486">
        <ele>38.0</ele>
        <time>2026-02-06T17:32:07Z</time>
      </trkpt>
      <trkpt lat="50.52869" lon="3.15425">
        <ele>39.0</ele>
        <time>2026-02-06T17:32:15Z</time>
      </trkpt>
      <trkpt lat="50.52814" lon="3.15313">
        <ele>42.0</ele>
        <time>2026-02-06T17:32:31Z</time>
      </trkpt>
      <trkpt lat="50.52766" lon="3.15203">
        <ele>42.0</ele>
        <time>2026-02-06T17:32:46Z</time>
      </trkpt>
      <trkpt lat="50.52763" lon="3.15184">
        <ele>42.0</ele>
        <time>2026-02-06T17:32:48Z</time>
      </trkpt>
      <trkpt lat="50.52771" lon="3.15162">
        <ele>41.0</ele>
        <time>2026-02-06T17:32:51Z</time>
      </trkpt>
      <trkpt lat="50.52794" lon="3.15141">
        <ele>41.0</ele>
        <time>2026-02-06T17:32:56Z</time>
      </trkpt>
      <trkpt lat="50.52881" lon="3.15038">
        <ele>38.0</ele>
        <time>2026-02-06T17:33:15Z</time>
      </trkpt>
      <trkpt lat="50.52915" lon="3.15013">
        <ele>36.0</ele>
        <time>2026-02-06T17:33:22Z</time>
      </trkpt>
      <trkpt lat="50.52946" lon="3.14986">
        <ele>36.0</ele>
        <time>2026-02-06T17:33:28Z</time>
      </trkpt>
      <trkpt lat="50.52973" lon="3.14942">
        <ele>35.0</ele>
        <time>2026-02-06T17:33:35Z</time>
      </trkpt>
      <trkpt lat="50.5298" lon="3.14918">
        <ele>35.0</ele>
        <time>2026-02-06T17:33:38Z</time>
      </trkpt>
      <trkpt lat="50.52993" lon="3.149">
        <ele>34.0</ele>
        <time>2026-02-06T17:33:41Z</time>
      </trkpt>
      <trkpt lat="50.53005" lon="3.14901">
        <ele>34.0</ele>
        <time>2026-02-06T17:33:43Z</time>
      </trkpt>
      <trkpt lat="50.53035" lon="3.14922">
        <ele>34.0</ele>
        <time>2026-02-06T17:33:49Z</time>
      </trkpt>
      <trkpt lat="50.53052" lon="3.14929">
        <ele>34.0</ele>
        <time>2026-02-06T17:33:52Z</time>
      </trkpt>
      <trkpt lat="50.53089" lon="3.14937">
        <ele>34.0</ele>
        <time>2026-02-06T17:33:59Z</time>
      </trkpt>
      <trkpt lat="50.53116" lon="3.14936">
        <ele>33.0</ele>
        <time>2026-02-06T17:34:03Z</time>
      </trkpt>
      <trkpt lat="50.53141" lon="3.14925">
        <ele>32.0</ele>
        <time>2026-02-06T17:34:08Z</time>
      </trkpt>
      <trkpt lat="50.53148" lon="3.14906">
        <ele>32.0</ele>
        <time>2026-02-06T17:34:11Z</time>
      </trkpt>
      <trkpt lat="50.53149" lon="3.14893">
        <ele>32.0</ele>
        <time>2026-02-06T17:34:12Z</time>
      </trkpt>
      <trkpt lat="50.53149" lon="3.14799">
        <ele>32.0</ele>
        <time>2026-02-06T17:34:23Z</time>
      </trkpt>
      <trkpt lat="50.53146" lon="3.14743">
        <ele>34.0</ele>
        <time>2026-02-06T17:34:29Z</time>
      </trkpt>
      <trkpt lat="50.53148" lon="3.14733">
        <ele>33.0</ele>
        <time>2026-02-06T17:34:30Z</time>
      </trkpt>
      <trkpt lat="50.53157" lon="3.14717">
        <ele>33.0</ele>
        <time>2026-02-06T17:34:33Z</time>
      </trkpt>
      <trkpt lat="50.53172" lon="3.14708">
        <ele>32.0</ele>
        <time>2026-02-06T17:34:35Z</time>
      </trkpt>
      <trkpt lat="50.5321" lon="3.14695">
        <ele>32.0</ele>
        <time>2026-02-06T17:34:42Z</time>
      </trkpt>
      <trkpt lat="50.53235" lon="3.14691">
        <ele>31.0</ele>
        <time>2026-02-06T17:34:47Z</time>
      </trkpt>
      <trkpt lat="50.53307" lon="3.14702">
        <ele>31.0</ele>
        <time>2026-02-06T17:35:00Z</time>
      </trkpt>
      <trkpt lat="50.53374" lon="3.14706">
        <ele>31.0</ele>
        <time>2026-02-06T17:35:12Z</time>
      </trkpt>
      <trkpt lat="50.53403" lon="3.14698">
        <ele>31.0</ele>
        <time>2026-02-06T17:35:17Z</time>
      </trkpt>
      <trkpt lat="50.53429" lon="3.14687">
        <ele>31.0</ele>
        <time>2026-02-06T17:35:22Z</time>
      </trkpt>
      <trkpt lat="50.53494" lon="3.14652">
        <ele>29.0</ele>
        <time>2026-02-06T17:35:34Z</time>
      </trkpt>
      <trkpt lat="50.53503" lon="3.14655">
        <ele>29.0</ele>
        <time>2026-02-06T17:35:36Z</time>
      </trkpt>
      <trkpt lat="50.53512" lon="3.14664">
        <ele>29.0</ele>
        <time>2026-02-06T17:35:37Z</time>
      </trkpt>
      <trkpt lat="50.53524" lon="3.14681">
        <ele>29.0</ele>
        <time>2026-02-06T17:35:40Z</time>
      </trkpt>
      <trkpt lat="50.53533" lon="3.14701">
        <ele>29.0</ele>
        <time>2026-02-06T17:35:43Z</time>
      </trkpt>
      <trkpt lat="50.53546" lon="3.14717">
        <ele>29.0</ele>
        <time>2026-02-06T17:35:46Z</time>
      </trkpt>
      <trkpt lat="50.53572" lon="3.14712">
        <ele>29.0</ele>
        <time>2026-02-06T17:35:51Z</time>
      </trkpt>
      <trkpt lat="50.53605" lon="3.14698">
        <ele>29.0</ele>
        <time>2026-02-06T17:35:57Z</time>
      </trkpt>
      <trkpt lat="50.5365" lon="3.14684">
        <ele>29.0</ele>
        <time>2026-02-06T17:36:05Z</time>
      </trkpt>
      <trkpt lat="50.53664" lon="3.14685">
        <ele>29.0</ele>
        <time>2026-02-06T17:36:07Z</time>
      </trkpt>
      <trkpt lat="50.53687" lon="3.14692">
        <ele>29.0</ele>
        <time>2026-02-06T17:36:12Z</time>
      </trkpt>
      <trkpt lat="50.53736" lon="3.14712">
        <ele>29.0</ele>
        <time>2026-02-06T17:36:21Z</time>
      </trkpt>
      <trkpt lat="50.53774" lon="3.14705">
        <ele>28.0</ele>
        <time>2026-02-06T17:36:27Z</time>
      </trkpt>
      <trkpt lat="50.53785" lon="3.14712">
        <ele>28.0</ele>
        <time>2026-02-06T17:36:30Z</time>
      </trkpt>
      <trkpt lat="50.53806" lon="3.14733">
        <ele>28.0</ele>
        <time>2026-02-06T17:36:34Z</time>
      </trkpt>
      <trkpt lat="50.53856" lon="3.14787">
        <ele>27.0</ele>
        <time>2026-02-06T17:36:45Z</time>
      </trkpt>
      <trkpt lat="50.53907" lon="3.14827">
        <ele>28.0</ele>
        <time>2026-02-06T17:36:55Z</time>
      </trkpt>
      <trkpt lat="50.53977" lon="3.14873">
        <ele>29.0</ele>
        <time>2026-02-06T17:37:08Z</time>
      </trkpt>
      <trkpt lat="50.53993" lon="3.14886">
        <ele>29.0</ele>
        <time>2026-02-06T17:37:12Z</time>
      </trkpt>
      <trkpt lat="50.54083" lon="3.14906">
        <ele>29.0</ele>
        <time>2026-02-06T17:37:28Z</time>
      </trkpt>
      <trkpt lat="50.54156" lon="3.14909">
        <ele>28.0</ele>
        <time>2026-02-06T17:37:41Z</time>
      </trkpt>
      <trkpt lat="50.54168" lon="3.14905">
        <ele>28.0</ele>
        <time>2026-02-06T17:37:43Z</time>
      </trkpt>
      <trkpt lat="50.54194" lon="3.14884">
        <ele>30.0</ele>
        <time>2026-02-06T17:37:48Z</time>
      </trkpt>
      <trkpt lat="50.54219" lon="3.14874">
        <ele>31.0</ele>
        <time>2026-02-06T17:37:53Z</time>
      </trkpt>
      <trkpt lat="50.54226" lon="3.14879">
        <ele>31.0</ele>
        <time>2026-02-06T17:37:54Z</time>
      </trkpt>
      <trkpt lat="50.54234" lon="3.14936">
        <ele>31.0</ele>
        <time>2026-02-06T17:38:01Z</time>
      </trkpt>
      <trkpt lat="50.54244" lon="3.14982">
        <ele>31.0</ele>
        <time>2026-02-06T17:38:06Z</time>
      </trkpt>
      <trkpt lat="50.54247" lon="3.15045">
        <ele>31.0</ele>
        <time>2026-02-06T17:38:13Z</time>
      </trkpt>
      <trkpt lat="50.54276" lon="3.15109">
        <ele>30.0</ele>
        <time>2026-02-06T17:38:22Z</time>
      </trkpt>
      <trkpt lat="50.5428" lon="3.15125">
        <ele>30.0</ele>
        <time>2026-02-06T17:38:24Z</time>
      </trkpt>
      <trkpt lat="50.54243" lon="3.15199">
        <ele>30.0</ele>
        <time>2026-02-06T17:38:35Z</time>
      </trkpt>
      <trkpt lat="50.54172" lon="3.15392">
        <ele>29.0</ele>
        <time>2026-02-06T17:39:00Z</time>
      </trkpt>
      <trkpt lat="50.5416" lon="3.15419">
        <ele>29.0</ele>
        <time>2026-02-06T17:39:04Z</time>
      </trkpt>
      <trkpt lat="50.54087" lon="3.15541">
        <ele>29.0</ele>
        <time>2026-02-06T17:39:23Z</time>
      </trkpt>
      <trkpt lat="50.54072" lon="3.15572">
        <ele>30.0</ele>
        <time>2026-02-06T17:39:27Z</time>
      </trkpt>
      <trkpt lat="50.54038" lon="3.15657">
        <ele>29.0</ele>
        <time>2026-02-06T17:39:38Z</time>
      </trkpt>
      <trkpt lat="50.54019" lon="3.15724">
        <ele>29.0</ele>
        <time>2026-02-06T17:39:47Z</time>
      </trkpt>
      <trkpt lat="50.53995" lon="3.15844">
        <ele>30.0</ele>
        <time>2026-02-06T17:40:01Z</time>
      </trkpt>
      <trkpt lat="50.53956" lon="3.16016">
        <ele>30.0</ele>
        <time>2026-02-06T17:40:22Z</time>
      </trkpt>
      <trkpt lat="50.53939" lon="3.16069">
        <ele>30.0</ele>
        <time>2026-02-06T17:40:28Z</time>
      </trkpt>
      <trkpt lat="50.53899" lon="3.16146">
        <ele>29.0</ele>
        <time>2026-02-06T17:40:40Z</time>
      </trkpt>
      <trkpt lat="50.53779" lon="3.16317">
        <ele>30.0</ele>
        <time>2026-02-06T17:41:08Z</time>
      </trkpt>
      <trkpt lat="50.53762" lon="3.16335">
        <ele>30.0</ele>
        <time>2026-02-06T17:41:12Z</time>
      </trkpt>
      <trkpt lat="50.53746" lon="3.16345">
        <ele>30.0</ele>
        <time>2026-02-06T17:41:15Z</time>
      </trkpt>
      <trkpt lat="50.53715" lon="3.16363">
        <ele>31.0</ele>
        <time>2026-02-06T17:41:21Z</time>
      </trkpt>
      <trkpt lat="50.53696" lon="3.1637">
        <ele>31.0</ele>
        <time>2026-02-06T17:41:24Z</time>
      </trkpt>
      <trkpt lat="50.5368" lon="3.16373">
        <ele>32.0</ele>
        <time>2026-02-06T17:41:27Z</time>
      </trkpt>
      <trkpt lat="50.5367" lon="3.16382">
        <ele>32.0</ele>
        <time>2026-02-06T17:41:29Z</time>
      </trkpt>
      <trkpt lat="50.53674" lon="3.16411">
        <ele>32.0</ele>
        <time>2026-02-06T17:41:33Z</time>
      </trkpt>
      <trkpt lat="50.53672" lon="3.16434">
        <ele>32.0</ele>
        <time>2026-02-06T17:41:35Z</time>
      </trkpt>
      <trkpt lat="50.53633" lon="3.16559">
        <ele>33.0</ele>
        <time>2026-02-06T17:41:51Z</time>
      </trkpt>
      <trkpt lat="50.53611" lon="3.16616">
        <ele>33.0</ele>
        <time>2026-02-06T17:41:59Z</time>
      </trkpt>
      <trkpt lat="50.53568" lon="3.16753">
        <ele>34.0</ele>
        <time>2026-02-06T17:42:16Z</time>
      </trkpt>
      <trkpt lat="50.53555" lon="3.16817">
        <ele>34.0</ele>
        <time>2026-02-06T17:42:24Z</time>
      </trkpt>
      <trkpt lat="50.53553" lon="3.16901">
        <ele>34.0</ele>
        <time>2026-02-06T17:42:33Z</time>
      </trkpt>
      <trkpt lat="50.53549" lon="3.16933">
        <ele>34.0</ele>
        <time>2026-02-06T17:42:37Z</time>
      </trkpt>
      <trkpt lat="50.53543" lon="3.16954">
        <ele>34.0</ele>
        <time>2026-02-06T17:42:39Z</time>
      </trkpt>
      <trkpt lat="50.53505" lon="3.16985">
        <ele>35.0</ele>
        <time>2026-02-06T17:42:47Z</time>
      </trkpt>
      <trkpt lat="50.53479" lon="3.17012">
        <ele>35.0</ele>
        <time>2026-02-06T17:42:53Z</time>
      </trkpt>
      <trkpt lat="50.53462" lon="3.17039">
        <ele>35.0</ele>
        <time>2026-02-06T17:42:57Z</time>
      </trkpt>
      <trkpt lat="50.53449" lon="3.17067">
        <ele>36.0</ele>
        <time>2026-02-06T17:43:01Z</time>
      </trkpt>
      <trkpt lat="50.53406" lon="3.17136">
        <ele>36.0</ele>
        <time>2026-02-06T17:43:12Z</time>
      </trkpt>
      <trkpt lat="50.53321" lon="3.17252">
        <ele>39.0</ele>
        <time>2026-02-06T17:43:32Z</time>
      </trkpt>
      <trkpt lat="50.53366" lon="3.1731">
        <ele>41.0</ele>
        <time>2026-02-06T17:43:42Z</time>
      </trkpt>
      <trkpt lat="50.53396" lon="3.17344">
        <ele>41.0</ele>
        <time>2026-02-06T17:43:49Z</time>
      </trkpt>
      <trkpt lat="50.53451" lon="3.17393">
        <ele>41.0</ele>
        <time>2026-02-06T17:44:00Z</time>
      </trkpt>
      <trkpt lat="50.53512" lon="3.17476">
        <ele>39.0</ele>
        <time>2026-02-06T17:44:14Z</time>
      </trkpt>
      <trkpt lat="50.53534" lon="3.17502">
        <ele>39.0</ele>
        <time>2026-02-06T17:44:19Z</time>
      </trkpt>
      <trkpt lat="50.5355" lon="3.17527">
        <ele>39.0</ele>
        <time>2026-02-06T17:44:23Z</time>
      </trkpt>
      <trkpt lat="50.53611" lon="3.1767">
        <ele>40.0</ele>
        <time>2026-02-06T17:44:43Z</time>
      </trkpt>
      <trkpt lat="50.53645" lon="3.17698">
        <ele>39.0</ele>
        <time>2026-02-06T17:44:49Z</time>
      </trkpt>
      <trkpt lat="50.53698" lon="3.17733">
        <ele>37.0</ele>
        <time>2026-02-06T17:45:00Z</time>
      </trkpt>
      <trkpt lat="50.53776" lon="3.17775">
        <ele>36.0</ele>
        <time>2026-02-06T17:45:14Z</time>
      </trkpt>
      <trkpt lat="50.53837" lon="3.17798">
        <ele>35.0</ele>
        <time>2026-02-06T17:45:25Z</time>
      </trkpt>
      <trkpt lat="50.53912" lon="3.17815">
        <ele>35.0</ele>
        <time>2026-02-06T17:45:39Z</time>
      </trkpt>
      <trkpt lat="50.53995" lon="3.17865">
        <ele>33.0</ele>
        <time>2026-02-06T17:45:55Z</time>
      </trkpt>
      <trkpt lat="50.54084" lon="3.17925">
        <ele>34.0</ele>
        <time>2026-02-06T17:46:12Z</time>
      </trkpt>
      <trkpt lat="50.54086" lon="3.17945">
        <ele>34.0</ele>
        <time>2026-02-06T17:46:14Z</time>
      </trkpt>
      <trkpt lat="50.54084" lon="3.17974">
        <ele>34.0</ele>
        <time>2026-02-06T17:46:18Z</time>
      </trkpt>
      <trkpt lat="50.54091" lon="3.18024">
        <ele>33.0</ele>
        <time>2026-02-06T17:46:23Z</time>
      </trkpt>
      <trkpt lat="50.5411" lon="3.18109">
        <ele>31.0</ele>
        <time>2026-02-06T17:46:34Z</time>
      </trkpt>
      <trkpt lat="50.54132" lon="3.18168">
        <ele>31.0</ele>
        <time>2026-02-06T17:46:41Z</time>
      </trkpt>
      <trkpt lat="50.54147" lon="3.18245">
        <ele>31.0</ele>
        <time>2026-02-06T17:46:50Z</time>
      </trkpt>
      <trkpt lat="50.54146" lon="3.18355">
        <ele>31.0</ele>
        <time>2026-02-06T17:47:03Z</time>
      </trkpt>
      <trkpt lat="50.54152" lon="3.18365">
        <ele>31.0</ele>
        <time>2026-02-06T17:47:04Z</time>
      </trkpt>
      <trkpt lat="50.54184" lon="3.18394">
        <ele>31.0</ele>
        <time>2026-02-06T17:47:11Z</time>
      </trkpt>
      <trkpt lat="50.54256" lon="3.18471">
        <ele>31.0</ele>
        <time>2026-02-06T17:47:26Z</time>
      </trkpt>
      <trkpt lat="50.54305" lon="3.18504">
        <ele>30.0</ele>
        <time>2026-02-06T17:47:36Z</time>
      </trkpt>
      <trkpt lat="50.54327" lon="3.18522">
        <ele>30.0</ele>
        <time>2026-02-06T17:47:40Z</time>
      </trkpt>
      <trkpt lat="50.54329" lon="3.18538">
        <ele>30.0</ele>
        <time>2026-02-06T17:47:42Z</time>
      </trkpt>
      <trkpt lat="50.54205" lon="3.18751">
        <ele>30.0</ele>
        <time>2026-02-06T17:48:15Z</time>
      </trkpt>
      <trkpt lat="50.54158" lon="3.18846">
        <ele>30.0</ele>
        <time>2026-02-06T17:48:28Z</time>
      </trkpt>
      <trkpt lat="50.54155" lon="3.18862">
        <ele>30.0</ele>
        <time>2026-02-06T17:48:30Z</time>
      </trkpt>
      <trkpt lat="50.54108" lon="3.1894">
        <ele>31.0</ele>
        <time>2026-02-06T17:48:43Z</time>
      </trkpt>
      <trkpt lat="50.54169" lon="3.18966">
        <ele>30.0</ele>
        <time>2026-02-06T17:48:54Z</time>
      </trkpt>
      <trkpt lat="50.54166" lon="3.18975">
        <ele>30.0</ele>
        <time>2026-02-06T17:48:55Z</time>
      </trkpt>
      <trkpt lat="50.54212" lon="3.18995">
        <ele>29.0</ele>
        <time>2026-02-06T17:49:03Z</time>
      </trkpt>
      <trkpt lat="50.54239" lon="3.19001">
        <ele>29.0</ele>
        <time>2026-02-06T17:49:08Z</time>
      </trkpt>
      <trkpt lat="50.54268" lon="3.19004">
        <ele>29.0</ele>
        <time>2026-02-06T17:49:13Z</time>
      </trkpt>
      <trkpt lat="50.54278" lon="3.19013">
        <ele>29.0</ele>
        <time>2026-02-06T17:49:15Z</time>
      </trkpt>
      <trkpt lat="50.54292" lon="3.19011">
        <ele>29.0</ele>
        <time>2026-02-06T17:49:18Z</time>
      </trkpt>
      <trkpt lat="50.5435" lon="3.19013">
        <ele>28.0</ele>
        <time>2026-02-06T17:49:28Z</time>
      </trkpt>
      <trkpt lat="50.54466" lon="3.18999">
        <ele>29.0</ele>
        <time>2026-02-06T17:49:49Z</time>
      </trkpt>
      <trkpt lat="50.54539" lon="3.18995">
        <ele>30.0</ele>
        <time>2026-02-06T17:50:02Z</time>
      </trkpt>
      <trkpt lat="50.54622" lon="3.19017">
        <ele>31.0</ele>
        <time>2026-02-06T17:50:17Z</time>
      </trkpt>
      <trkpt lat="50.5476" lon="3.1906">
        <ele>32.0</ele>
        <time>2026-02-06T17:50:42Z</time>
      </trkpt>
      <trkpt lat="50.5484" lon="3.19094">
        <ele>30.0</ele>
        <time>2026-02-06T17:50:57Z</time>
      </trkpt>
      <trkpt lat="50.54918" lon="3.19141">
        <ele>29.0</ele>
        <time>2026-02-06T17:51:12Z</time>
      </trkpt>
      <trkpt lat="50.54962" lon="3.19177">
        <ele>29.0</ele>
        <time>2026-02-06T17:51:20Z</time>
      </trkpt>
      <trkpt lat="50.54996" lon="3.19198">
        <ele>29.0</ele>
        <time>2026-02-06T17:51:27Z</time>
      </trkpt>
      <trkpt lat="50.55019" lon="3.19209">
        <ele>30.0</ele>
        <time>2026-02-06T17:51:31Z</time>
      </trkpt>
      <trkpt lat="50.55135" lon="3.19236">
        <ele>30.0</ele>
        <time>2026-02-06T17:51:52Z</time>
      </trkpt>
      <trkpt lat="50.55189" lon="3.1924">
        <ele>30.0</ele>
        <time>2026-02-06T17:52:02Z</time>
      </trkpt>
      <trkpt lat="50.55215" lon="3.19229">
        <ele>29.0</ele>
        <time>2026-02-06T17:52:06Z</time>
      </trkpt>
      <trkpt lat="50.5524" lon="3.19214">
        <ele>29.0</ele>
        <time>2026-02-06T17:52:11Z</time>
      </trkpt>
      <trkpt lat="50.55299" lon="3.19192">
        <ele>29.0</ele>
        <time>2026-02-06T17:52:22Z</time>
      </trkpt>
      <trkpt lat="50.5533" lon="3.19176">
        <ele>28.0</ele>
        <time>2026-02-06T17:52:28Z</time>
      </trkpt>
      <trkpt lat="50.55467" lon="3.19164">
        <ele>29.0</ele>
        <time>2026-02-06T17:52:52Z</time>
      </trkpt>
      <trkpt lat="50.55537" lon="3.1918">
        <ele>30.0</ele>
        <time>2026-02-06T17:53:05Z</time>
      </trkpt>
      <trkpt lat="50.55667" lon="3.19257">
        <ele>33.0</ele>
        <time>2026-02-06T17:53:30Z</time>
      </trkpt>
      <trkpt lat="50.55719" lon="3.19299">
        <ele>33.0</ele>
        <time>2026-02-06T17:53:40Z</time>
      </trkpt>
      <trkpt lat="50.55728" lon="3.19313">
        <ele>33.0</ele>
        <time>2026-02-06T17:53:42Z</time>
      </trkpt>
      <trkpt lat="50.55926" lon="3.19354">
        <ele>31.0</ele>
        <time>2026-02-06T17:54:18Z</time>
      </trkpt>
      <trkpt lat="50.55936" lon="3.19351">
        <ele>31.0</ele>
        <time>2026-02-06T17:54:20Z</time>
      </trkpt>
      <trkpt lat="50.55967" lon="3.19324">
        <ele>30.0</ele>
        <time>2026-02-06T17:54:26Z</time>
      </trkpt>
      <trkpt lat="50.56002" lon="3.19298">
        <ele>30.0</ele>
        <time>2026-02-06T17:54:33Z</time>
      </trkpt>
      <trkpt lat="50.56018" lon="3.19289">
        <ele>30.0</ele>
        <time>2026-02-06T17:54:36Z</time>
      </trkpt>
      <trkpt lat="50.56046" lon="3.19287">
        <ele>30.0</ele>
        <time>2026-02-06T17:54:41Z</time>
      </trkpt>
      <trkpt lat="50.56067" lon="3.19297">
        <ele>30.0</ele>
        <time>2026-02-06T17:54:45Z</time>
      </trkpt>
      <trkpt lat="50.56122" lon="3.19331">
        <ele>31.0</ele>
        <time>2026-02-06T17:54:55Z</time>
      </trkpt>
      <trkpt lat="50.56158" lon="3.19347">
        <ele>31.0</ele>
        <time>2026-02-06T17:55:02Z</time>
      </trkpt>
      <trkpt lat="50.56203" lon="3.19345">
        <ele>30.0</ele>
        <time>2026-02-06T17:55:10Z</time>
      </trkpt>
      <trkpt lat="50.56228" lon="3.19365">
        <ele>29.0</ele>
        <time>2026-02-06T17:55:15Z</time>
      </trkpt>
      <trkpt lat="50.56337" lon="3.1942">
        <ele>27.0</ele>
        <time>2026-02-06T17:55:35Z</time>
      </trkpt>
      <trkpt lat="50.56358" lon="3.19439">
        <ele>27.0</ele>
        <time>2026-02-06T17:55:39Z</time>
      </trkpt>
      <trkpt lat="50.56381" lon="3.19488">
        <ele>27.0</ele>
        <time>2026-02-06T17:55:46Z</time>
      </trkpt>
      <trkpt lat="50.56401" lon="3.19543">
        <ele>28.0</ele>
        <time>2026-02-06T17:55:54Z</time>
      </trkpt>
      <trkpt lat="50.56439" lon="3.1962">
        <ele>30.0</ele>
        <time>2026-02-06T17:56:05Z</time>
      </trkpt>
      <trkpt lat="50.56504" lon="3.19738">
        <ele>28.0</ele>
        <time>2026-02-06T17:56:22Z</time>
      </trkpt>
      <trkpt lat="50.56543" lon="3.19782">
        <ele>29.0</ele>
        <time>2026-02-06T17:56:31Z</time>
      </trkpt>
      <trkpt lat="50.56616" lon="3.19845">
        <ele>28.0</ele>
        <time>2026-02-06T17:56:46Z</time>
      </trkpt>
      <trkpt lat="50.5664" lon="3.19899">
        <ele>28.0</ele>
        <time>2026-02-06T17:56:53Z</time>
      </trkpt>
      <trkpt lat="50.56656" lon="3.19963">
        <ele>28.0</ele>
        <time>2026-02-06T17:57:01Z</time>
      </trkpt>
      <trkpt lat="50.5666" lon="3.20002">
        <ele>29.0</ele>
        <time>2026-02-06T17:57:05Z</time>
      </trkpt>
      <trkpt lat="50.5666" lon="3.20048">
        <ele>29.0</ele>
        <time>2026-02-06T17:57:10Z</time>
      </trkpt>
      <trkpt lat="50.56625" lon="3.20406">
        <ele>27.0</ele>
        <time>2026-02-06T17:57:51Z</time>
      </trkpt>
      <trkpt lat="50.56623" lon="3.20468">
        <ele>27.0</ele>
        <time>2026-02-06T17:57:58Z</time>
      </trkpt>
      <trkpt lat="50.56627" lon="3.20545">
        <ele>28.0</ele>
        <time>2026-02-06T17:58:07Z</time>
      </trkpt>
      <trkpt lat="50.56625" lon="3.20654">
        <ele>29.0</ele>
        <time>2026-02-06T17:58:19Z</time>
      </trkpt>
      <trkpt lat="50.56592" lon="3.20859">
        <ele>32.0</ele>
        <time>2026-02-06T17:58:43Z</time>
      </trkpt>
      <trkpt lat="50.56585" lon="3.20951">
        <ele>32.0</ele>
        <time>2026-02-06T17:58:54Z</time>
      </trkpt>
      <trkpt lat="50.56574" lon="3.21263">
        <ele>34.0</ele>
        <time>2026-02-06T17:59:29Z</time>
      </trkpt>
      <trkpt lat="50.56581" lon="3.2134">
        <ele>34.0</ele>
        <time>2026-02-06T17:59:38Z</time>
      </trkpt>
      <trkpt lat="50.56591" lon="3.21395">
        <ele>35.0</ele>
        <time>2026-02-06T17:59:44Z</time>
      </trkpt>
      <trkpt lat="50.56605" lon="3.21407">
        <ele>35.0</ele>
        <time>2026-02-06T17:59:47Z</time>
      </trkpt>
      <trkpt lat="50.56639" lon="3.2143">
        <ele>35.0</ele>
        <time>2026-02-06T17:59:54Z</time>
      </trkpt>
      <trkpt lat="50.56692" lon="3.21455">
        <ele>36.0</ele>
        <time>2026-02-06T18:00:04Z</time>
      </trkpt>
      <trkpt lat="50.56781" lon="3.21507">
        <ele>38.0</ele>
        <time>2026-02-06T18:00:21Z</time>
      </trkpt>
      <trkpt lat="50.56792" lon="3.21518">
        <ele>39.0</ele>
        <time>2026-02-06T18:00:23Z</time>
      </trkpt>
      <trkpt lat="50.56795" lon="3.21534">
        <ele>39.0</ele>
        <time>2026-02-06T18:00:25Z</time>
      </trkpt>
      <trkpt lat="50.56794" lon="3.21569">
        <ele>39.0</ele>
        <time>2026-02-06T18:00:29Z</time>
      </trkpt>
      <trkpt lat="50.56789" lon="3.21612">
        <ele>39.0</ele>
        <time>2026-02-06T18:00:34Z</time>
      </trkpt>
      <trkpt lat="50.56787" lon="3.21672">
        <ele>39.0</ele>
        <time>2026-02-06T18:00:40Z</time>
      </trkpt>
      <trkpt lat="50.56791" lon="3.21732">
        <ele>40.0</ele>
        <time>2026-02-06T18:00:47Z</time>
      </trkpt>
      <trkpt lat="50.56828" lon="3.21889">
        <ele>40.0</ele>
        <time>2026-02-06T18:01:06Z</time>
      </trkpt>
      <trkpt lat="50.56922" lon="3.2221">
        <ele>42.0</ele>
        <time>2026-02-06T18:01:46Z</time>
      </trkpt>
      <trkpt lat="50.56946" lon="3.22278">
        <ele>42.0</ele>
        <time>2026-02-06T18:01:55Z</time>
      </trkpt>
      <trkpt lat="50.56985" lon="3.22318">
        <ele>44.0</ele>
        <time>2026-02-06T18:02:03Z</time>
      </trkpt>
      <trkpt lat="50.57026" lon="3.22429">
        <ele>48.0</ele>
        <time>2026-02-06T18:02:18Z</time>
      </trkpt>
      <trkpt lat="50.57039" lon="3.22538">
        <ele>47.0</ele>
        <time>2026-02-06T18:02:30Z</time>
      </trkpt>
      <trkpt lat="50.57044" lon="3.22618">
        <ele>45.0</ele>
        <time>2026-02-06T18:02:39Z</time>
      </trkpt>
      <trkpt lat="50.57047" lon="3.22879">
        <ele>44.0</ele>
        <time>2026-02-06T18:03:09Z</time>
      </trkpt>
      <trkpt lat="50.57052" lon="3.2302">
        <ele>43.0</ele>
        <time>2026-02-06T18:03:25Z</time>
      </trkpt>
      <trkpt lat="50.57078" lon="3.2331">
        <ele>46.0</ele>
        <time>2026-02-06T18:03:58Z</time>
      </trkpt>
      <trkpt lat="50.57084" lon="3.23462">
        <ele>46.0</ele>
        <time>2026-02-06T18:04:15Z</time>
      </trkpt>
      <trkpt lat="50.57085" lon="3.23564">
        <ele>46.0</ele>
        <time>2026-02-06T18:04:27Z</time>
      </trkpt>
      <trkpt lat="50.57107" lon="3.2369">
        <ele>47.0</ele>
        <time>2026-02-06T18:04:41Z</time>
      </trkpt>
      <trkpt lat="50.57119" lon="3.23746">
        <ele>46.0</ele>
        <time>2026-02-06T18:04:48Z</time>
      </trkpt>
      <trkpt lat="50.5717" lon="3.2392">
        <ele>46.0</ele>
        <time>2026-02-06T18:05:10Z</time>
      </trkpt>
      <trkpt lat="50.57223" lon="3.24143">
        <ele>47.0</ele>
        <time>2026-02-06T18:05:37Z</time>
      </trkpt>
      <trkpt lat="50.57228" lon="3.24175">
        <ele>48.0</ele>
        <time>2026-02-06T18:05:40Z</time>
      </trkpt>
      <trkpt lat="50.57303" lon="3.24412">
        <ele>49.0</ele>
        <time>2026-02-06T18:06:10Z</time>
      </trkpt>
      <trkpt lat="50.57277" lon="3.24494">
        <ele>49.0</ele>
        <time>2026-02-06T18:06:21Z</time>
      </trkpt>
      <trkpt lat="50.57237" lon="3.24643">
        <ele>49.0</ele>
        <time>2026-02-06T18:06:39Z</time>
      </trkpt>
      <trkpt lat="50.57207" lon="3.24743">
        <ele>48.0</ele>
        <time>2026-02-06T18:06:51Z</time>
      </trkpt>
      <trkpt lat="50.5716" lon="3.24939">
        <ele>47.0</ele>
        <time>2026-02-06T18:07:15Z</time>
      </trkpt>
      <trkpt lat="50.57123" lon="3.25079">
        <ele>49.0</ele>
        <time>2026-02-06T18:07:32Z</time>
      </trkpt>
      <trkpt lat="50.57111" lon="3.25101">
        <ele>49.0</ele>
        <time>2026-02-06T18:07:36Z</time>
      </trkpt>
      <trkpt lat="50.57103" lon="3.25134">
        <ele>49.0</ele>
        <time>2026-02-06T18:07:39Z</time>
      </trkpt>
      <trkpt lat="50.57097" lon="3.25192">
        <ele>49.0</ele>
        <time>2026-02-06T18:07:46Z</time>
      </trkpt>
      <trkpt lat="50.5708" lon="3.25257">
        <ele>50.0</ele>
        <time>2026-02-06T18:07:54Z</time>
      </trkpt>
      <trkpt lat="50.57043" lon="3.25389">
        <ele>50.0</ele>
        <time>2026-02-06T18:08:10Z</time>
      </trkpt>
      <trkpt lat="50.57019" lon="3.25441">
        <ele>48.0</ele>
        <time>2026-02-06T18:08:18Z</time>
      </trkpt>
      <trkpt lat="50.57005" lon="3.2549">
        <ele>47.0</ele>
        <time>2026-02-06T18:08:24Z</time>
      </trkpt>
      <trkpt lat="50.56962" lon="3.25694">
        <ele>44.0</ele>
        <time>2026-02-06T18:08:48Z</time>
      </trkpt>
      <trkpt lat="50.56903" lon="3.25954">
        <ele>44.0</ele>
        <time>2026-02-06T18:09:19Z</time>
      </trkpt>
      <trkpt lat="50.56812" lon="3.26266">
        <ele>44.0</ele>
        <time>2026-02-06T18:09:58Z</time>
      </trkpt>
      <trkpt lat="50.56783" lon="3.26382">
        <ele>44.0</ele>
        <time>2026-02-06T18:10:12Z</time>
      </trkpt>
      <trkpt lat="50.56761" lon="3.26453">
        <ele>45.0</ele>
        <time>2026-02-06T18:10:21Z</time>
      </trkpt>
      <trkpt lat="50.56756" lon="3.26498">
        <ele>45.0</ele>
        <time>2026-02-06T18:10:26Z</time>
      </trkpt>
      <trkpt lat="50.56768" lon="3.26528">
        <ele>44.0</ele>
        <time>2026-02-06T18:10:30Z</time>
      </trkpt>
      <trkpt lat="50.56791" lon="3.26548">
        <ele>44.0</ele>
        <time>2026-02-06T18:10:35Z</time>
      </trkpt>
      <trkpt lat="50.56826" lon="3.26561">
        <ele>43.0</ele>
        <time>2026-02-06T18:10:41Z</time>
      </trkpt>
      <trkpt lat="50.56857" lon="3.26569">
        <ele>43.0</ele>
        <time>2026-02-06T18:10:47Z</time>
      </trkpt>
      <trkpt lat="50.56901" lon="3.26563">
        <ele>44.0</ele>
        <time>2026-02-06T18:10:55Z</time>
      </trkpt>
      <trkpt lat="50.56921" lon="3.26563">
        <ele>44.0</ele>
        <time>2026-02-06T18:10:58Z</time>
      </trkpt>
      <trkpt lat="50.56936" lon="3.26567">
        <ele>45.0</ele>
        <time>2026-02-06T18:11:01Z</time>
      </trkpt>
      <trkpt lat="50.56946" lon="3.26577">
        <ele>45.0</ele>
        <time>2026-02-06T18:11:03Z</time>
      </trkpt>
      <trkpt lat="50.56952" lon="3.26594">
        <ele>45.0</ele>
        <time>2026-02-06T18:11:05Z</time>
      </trkpt>
      <trkpt lat="50.56955" lon="3.26615">
        <ele>45.0</ele>
        <time>2026-02-06T18:11:08Z</time>
      </trkpt>
      <trkpt lat="50.56951" lon="3.26746">
        <ele>45.0</ele>
        <time>2026-02-06T18:11:23Z</time>
      </trkpt>
      <trkpt lat="50.56956" lon="3.26769">
        <ele>45.0</ele>
        <time>2026-02-06T18:11:25Z</time>
      </trkpt>
      <trkpt lat="50.56985" lon="3.26802">
        <ele>46.0</ele>
        <time>2026-02-06T18:11:32Z</time>
      </trkpt>
      <trkpt lat="50.57105" lon="3.26857">
        <ele>53.0</ele>
        <time>2026-02-06T18:11:54Z</time>
      </trkpt>
      <trkpt lat="50.57177" lon="3.26899">
        <ele>56.0</ele>
        <time>2026-02-06T18:12:08Z</time>
      </trkpt>
      <trkpt lat="50.57207" lon="3.26901">
        <ele>56.0</ele>
        <time>2026-02-06T18:12:13Z</time>
      </trkpt>
      <trkpt lat="50.57298" lon="3.26887">
        <ele>54.0</ele>
        <time>2026-02-06T18:12:29Z</time>
      </trkpt>
      <trkpt lat="50.57383" lon="3.26898">
        <ele>53.0</ele>
        <time>2026-02-06T18:12:44Z</time>
      </trkpt>
      <trkpt lat="50.57432" lon="3.26916">
        <ele>54.0</ele>
        <time>2026-02-06T18:12:53Z</time>
      </trkpt>
      <trkpt lat="50.57482" lon="3.26954">
        <ele>52.0</ele>
        <time>2026-02-06T18:13:03Z</time>
      </trkpt>
      <trkpt lat="50.57546" lon="3.27014">
        <ele>50.0</ele>
        <time>2026-02-06T18:13:16Z</time>
      </trkpt>
      <trkpt lat="50.57611" lon="3.27044">
        <ele>50.0</ele>
        <time>2026-02-06T18:13:28Z</time>
      </trkpt>
      <trkpt lat="50.57707" lon="3.27079">
        <ele>51.0</ele>
        <time>2026-02-06T18:13:46Z</time>
      </trkpt>
      <trkpt lat="50.57753" lon="3.27082">
        <ele>52.0</ele>
        <time>2026-02-06T18:13:54Z</time>
      </trkpt>
      <trkpt lat="50.57905" lon="3.2715">
        <ele>50.0</ele>
        <time>2026-02-06T18:14:22Z</time>
      </trkpt>
      <trkpt lat="50.57946" lon="3.27157">
        <ele>50.0</ele>
        <time>2026-02-06T18:14:30Z</time>
      </trkpt>
      <trkpt lat="50.57994" lon="3.27139">
        <ele>49.0</ele>
        <time>2026-02-06T18:14:38Z</time>
      </trkpt>
      <trkpt lat="50.58048" lon="3.27123">
        <ele>50.0</ele>
        <time>2026-02-06T18:14:48Z</time>
      </trkpt>
      <trkpt lat="50.58081" lon="3.27124">
        <ele>51.0</ele>
        <time>2026-02-06T18:14:54Z</time>
      </trkpt>
      <trkpt lat="50.58172" lon="3.27156">
        <ele>50.0</ele>
        <time>2026-02-06T18:15:11Z</time>
      </trkpt>
      <trkpt lat="50.58226" lon="3.27171">
        <ele>50.0</ele>
        <time>2026-02-06T18:15:20Z</time>
      </trkpt>
      <trkpt lat="50.58322" lon="3.27208">
        <ele>50.0</ele>
        <time>2026-02-06T18:15:38Z</time>
      </trkpt>
      <trkpt lat="50.58491" lon="3.27207">
        <ele>52.0</ele>
        <time>2026-02-06T18:16:08Z</time>
      </trkpt>
      <trkpt lat="50.58566" lon="3.27203">
        <ele>53.0</ele>
        <time>2026-02-06T18:16:21Z</time>
      </trkpt>
      <trkpt lat="50.5859" lon="3.27187">
        <ele>53.0</ele>
        <time>2026-02-06T18:16:26Z</time>
      </trkpt>
      <trkpt lat="50.58589" lon="3.27139">
        <ele>53.0</ele>
        <time>2026-02-06T18:16:32Z</time>
      </trkpt>
      <trkpt lat="50.58575" lon="3.26966">
        <ele>53.0</ele>
        <time>2026-02-06T18:16:51Z</time>
      </trkpt>
      <trkpt lat="50.58549" lon="3.26741">
        <ele>52.0</ele>
        <time>2026-02-06T18:17:17Z</time>
      </trkpt>
      <trkpt lat="50.5855" lon="3.2661">
        <ele>52.0</ele>
        <time>2026-02-06T18:17:32Z</time>
      </trkpt>
      <trkpt lat="50.58529" lon="3.26499">
        <ele>52.0</ele>
        <time>2026-02-06T18:17:45Z</time>
      </trkpt>
      <trkpt lat="50.58448" lon="3.26201">
        <ele>50.0</ele>
        <time>2026-02-06T18:18:22Z</time>
      </trkpt>
      <trkpt lat="50.58428" lon="3.26105">
        <ele>51.0</ele>
        <time>2026-02-06T18:18:33Z</time>
      </trkpt>
      <trkpt lat="50.58345" lon="3.25815">
        <ele>52.0</ele>
        <time>2026-02-06T18:19:09Z</time>
      </trkpt>
      <trkpt lat="50.58348" lon="3.25803">
        <ele>52.0</ele>
        <time>2026-02-06T18:19:10Z</time>
      </trkpt>
      <trkpt lat="50.58356" lon="3.25789">
        <ele>52.0</ele>
        <time>2026-02-06T18:19:12Z</time>
      </trkpt>
      <trkpt lat="50.58378" lon="3.25771">
        <ele>52.0</ele>
        <time>2026-02-06T18:19:17Z</time>
      </trkpt>
      <trkpt lat="50.58431" lon="3.25741">
        <ele>53.0</ele>
        <time>2026-02-06T18:19:27Z</time>
      </trkpt>
      <trkpt lat="50.58577" lon="3.25686">
        <ele>51.0</ele>
        <time>2026-02-06T18:19:54Z</time>
      </trkpt>
      <trkpt lat="50.58667" lon="3.25656">
        <ele>51.0</ele>
        <time>2026-02-06T18:20:10Z</time>
      </trkpt>
      <trkpt lat="50.58732" lon="3.25623">
        <ele>52.0</ele>
        <time>2026-02-06T18:20:22Z</time>
      </trkpt>
      <trkpt lat="50.58858" lon="3.25554">
        <ele>51.0</ele>
        <time>2026-02-06T18:20:46Z</time>
      </trkpt>
      <trkpt lat="50.5888" lon="3.25538">
        <ele>51.0</ele>
        <time>2026-02-06T18:20:50Z</time>
      </trkpt>
      <trkpt lat="50.59017" lon="3.25487">
        <ele>50.0</ele>
        <time>2026-02-06T18:21:15Z</time>
      </trkpt>
      <trkpt lat="50.59024" lon="3.25493">
        <ele>50.0</ele>
        <time>2026-02-06T18:21:17Z</time>
      </trkpt>
      <trkpt lat="50.59032" lon="3.25507">
        <ele>50.0</ele>
        <time>2026-02-06T18:21:19Z</time>
      </trkpt>
      <trkpt lat="50.59077" lon="3.25547">
        <ele>50.0</ele>
        <time>2026-02-06T18:21:28Z</time>
      </trkpt>
      <trkpt lat="50.59157" lon="3.25602">
        <ele>51.0</ele>
        <time>2026-02-06T18:21:44Z</time>
      </trkpt>
      <trkpt lat="50.59179" lon="3.2559">
        <ele>51.0</ele>
        <time>2026-02-06T18:21:48Z</time>
      </trkpt>
      <trkpt lat="50.59201" lon="3.25574">
        <ele>51.0</ele>
        <time>2026-02-06T18:21:52Z</time>
      </trkpt>
      <trkpt lat="50.59329" lon="3.25474">
        <ele>51.0</ele>
        <time>2026-02-06T18:22:17Z</time>
      </trkpt>
      <trkpt lat="50.59355" lon="3.2546">
        <ele>51.0</ele>
        <time>2026-02-06T18:22:22Z</time>
      </trkpt>
      <trkpt lat="50.59367" lon="3.25445">
        <ele>51.0</ele>
        <time>2026-02-06T18:22:25Z</time>
      </trkpt>
      <trkpt lat="50.59367" lon="3.25424">
        <ele>51.0</ele>
        <time>2026-02-06T18:22:27Z</time>
      </trkpt>
      <trkpt lat="50.59361" lon="3.25397">
        <ele>51.0</ele>
        <time>2026-02-06T18:22:31Z</time>
      </trkpt>
      <trkpt lat="50.59357" lon="3.25335">
        <ele>50.0</ele>
        <time>2026-02-06T18:22:38Z</time>
      </trkpt>
      <trkpt lat="50.59361" lon="3.25315">
        <ele>50.0</ele>
        <time>2026-02-06T18:22:40Z</time>
      </trkpt>
      <trkpt lat="50.59367" lon="3.25304">
        <ele>50.0</ele>
        <time>2026-02-06T18:22:42Z</time>
      </trkpt>
      <trkpt lat="50.59378" lon="3.25297">
        <ele>50.0</ele>
        <time>2026-02-06T18:22:44Z</time>
      </trkpt>
      <trkpt lat="50.59418" lon="3.25286">
        <ele>50.0</ele>
        <time>2026-02-06T18:22:51Z</time>
      </trkpt>
      <trkpt lat="50.59449" lon="3.25282">
        <ele>50.0</ele>
        <time>2026-02-06T18:22:57Z</time>
      </trkpt>
      <trkpt lat="50.5946" lon="3.25274">
        <ele>49.0</ele>
        <time>2026-02-06T18:22:59Z</time>
      </trkpt>
      <trkpt lat="50.59466" lon="3.25264">
        <ele>49.0</ele>
        <time>2026-02-06T18:23:00Z</time>
      </trkpt>
      <trkpt lat="50.59466" lon="3.25205">
        <ele>48.0</ele>
        <time>2026-02-06T18:23:07Z</time>
      </trkpt>
      <trkpt lat="50.59458" lon="3.25121">
        <ele>48.0</ele>
        <time>2026-02-06T18:23:16Z</time>
      </trkpt>
      <trkpt lat="50.5945" lon="3.251">
        <ele>48.0</ele>
        <time>2026-02-06T18:23:19Z</time>
      </trkpt>
      <trkpt lat="50.59406" lon="3.25029">
        <ele>49.0</ele>
        <time>2026-02-06T18:23:30Z</time>
      </trkpt>
      <trkpt lat="50.59378" lon="3.24977">
        <ele>48.0</ele>
        <time>2026-02-06T18:23:38Z</time>
      </trkpt>
      <trkpt lat="50.59379" lon="3.24958">
        <ele>48.0</ele>
        <time>2026-02-06T18:23:40Z</time>
      </trkpt>
      <trkpt lat="50.59418" lon="3.24909">
        <ele>48.0</ele>
        <time>2026-02-06T18:23:49Z</time>
      </trkpt>
      <trkpt lat="50.59423" lon="3.24891">
        <ele>48.0</ele>
        <time>2026-02-06T18:23:51Z</time>
      </trkpt>
      <trkpt lat="50.5942" lon="3.24857">
        <ele>47.0</ele>
        <time>2026-02-06T18:23:55Z</time>
      </trkpt>
      <trkpt lat="50.59393" lon="3.2477">
        <ele>47.0</ele>
        <time>2026-02-06T18:24:06Z</time>
      </trkpt>
      <trkpt lat="50.59396" lon="3.24748">
        <ele>47.0</ele>
        <time>2026-02-06T18:24:09Z</time>
      </trkpt>
      <trkpt lat="50.59437" lon="3.24686">
        <ele>48.0</ele>
        <time>2026-02-06T18:24:19Z</time>
      </trkpt>
      <trkpt lat="50.59437" lon="3.2467">
        <ele>48.0</ele>
        <time>2026-02-06T18:24:21Z</time>
      </trkpt>
      <trkpt lat="50.59427" lon="3.2464">
        <ele>48.0</ele>
        <time>2026-02-06T18:24:25Z</time>
      </trkpt>
      <trkpt lat="50.59396" lon="3.24513">
        <ele>50.0</ele>
        <time>2026-02-06T18:24:40Z</time>
      </trkpt>
      <trkpt lat="50.59387" lon="3.24445">
        <ele>51.0</ele>
        <time>2026-02-06T18:24:48Z</time>
      </trkpt>
      <trkpt lat="50.59391" lon="3.24425">
        <ele>52.0</ele>
        <time>2026-02-06T18:24:50Z</time>
      </trkpt>
      <trkpt lat="50.59435" lon="3.24361">
        <ele>52.0</ele>
        <time>2026-02-06T18:25:01Z</time>
      </trkpt>
      <trkpt lat="50.5951" lon="3.24264">
        <ele>48.0</ele>
        <time>2026-02-06T18:25:18Z</time>
      </trkpt>
      <trkpt lat="50.59532" lon="3.24186">
        <ele>46.0</ele>
        <time>2026-02-06T18:25:28Z</time>
      </trkpt>
      <trkpt lat="50.59541" lon="3.24111">
        <ele>45.0</ele>
        <time>2026-02-06T18:25:36Z</time>
      </trkpt>
      <trkpt lat="50.59557" lon="3.24015">
        <ele>45.0</ele>
        <time>2026-02-06T18:25:47Z</time>
      </trkpt>
      <trkpt lat="50.5959" lon="3.23914">
        <ele>45.0</ele>
        <time>2026-02-06T18:26:00Z</time>
      </trkpt>
      <trkpt lat="50.59637" lon="3.23745">
        <ele>46.0</ele>
        <time>2026-02-06T18:26:21Z</time>
      </trkpt>
      <trkpt lat="50.59655" lon="3.23661">
        <ele>46.0</ele>
        <time>2026-02-06T18:26:31Z</time>
      </trkpt>
      <trkpt lat="50.59658" lon="3.2363">
        <ele>46.0</ele>
        <time>2026-02-06T18:26:35Z</time>
      </trkpt>
      <trkpt lat="50.59648" lon="3.23608">
        <ele>46.0</ele>
        <time>2026-02-06T18:26:38Z</time>
      </trkpt>
      <trkpt lat="50.59615" lon="3.23575">
        <ele>46.0</ele>
        <time>2026-02-06T18:26:45Z</time>
      </trkpt>
      <trkpt lat="50.59489" lon="3.23425">
        <ele>46.0</ele>
        <time>2026-02-06T18:27:13Z</time>
      </trkpt>
      <trkpt lat="50.59415" lon="3.23344">
        <ele>46.0</ele>
        <time>2026-02-06T18:27:29Z</time>
      </trkpt>
      <trkpt lat="50.59319" lon="3.23256">
        <ele>46.0</ele>
        <time>2026-02-06T18:27:49Z</time>
      </trkpt>
      <trkpt lat="50.59117" lon="3.23103">
        <ele>47.0</ele>
        <time>2026-02-06T18:28:29Z</time>
      </trkpt>
      <trkpt lat="50.59001" lon="3.22998">
        <ele>49.0</ele>
        <time>2026-02-06T18:28:52Z</time>
      </trkpt>
      <trkpt lat="50.58991" lon="3.22982">
        <ele>49.0</ele>
        <time>2026-02-06T18:28:55Z</time>
      </trkpt>
      <trkpt lat="50.58921" lon="3.22923">
        <ele>51.0</ele>
        <time>2026-02-06T18:29:09Z</time>
      </trkpt>
      <trkpt lat="50.58935" lon="3.22905">
        <ele>50.0</ele>
        <time>2026-02-06T18:29:12Z</time>
      </trkpt>
      <trkpt lat="50.5905" lon="3.22891">
        <ele>49.0</ele>
        <time>2026-02-06T18:29:33Z</time>
      </trkpt>
      <trkpt lat="50.59094" lon="3.22819">
        <ele>49.0</ele>
        <time>2026-02-06T18:29:44Z</time>
      </trkpt>
      <trkpt lat="50.59123" lon="3.22796">
        <ele>48.0</ele>
        <time>2026-02-06T18:29:50Z</time>
      </trkpt>
      <trkpt lat="50.59132" lon="3.22779">
        <ele>48.0</ele>
        <time>2026-02-06T18:29:52Z</time>
      </trkpt>
      <trkpt lat="50.59147" lon="3.22714">
        <ele>47.0</ele>
        <time>2026-02-06T18:30:00Z</time>
      </trkpt>
      <trkpt lat="50.59194" lon="3.22407">
        <ele>48.0</ele>
        <time>2026-02-06T18:30:36Z</time>
      </trkpt>
      <trkpt lat="50.59291" lon="3.21541">
        <ele>45.0</ele>
        <time>2026-02-06T18:32:15Z</time>
      </trkpt>
      <trkpt lat="50.5931" lon="3.21408">
        <ele>46.0</ele>
        <time>2026-02-06T18:32:30Z</time>
      </trkpt>
      <trkpt lat="50.59422" lon="3.21302">
        <ele>45.0</ele>
        <time>2026-02-06T18:32:54Z</time>
      </trkpt>
      <trkpt lat="50.5956" lon="3.21135">
        <ele>44.0</ele>
        <time>2026-02-06T18:33:25Z</time>
      </trkpt>
      <trkpt lat="50.59583" lon="3.21099">
        <ele>45.0</ele>
        <time>2026-02-06T18:33:30Z</time>
      </trkpt>
      <trkpt lat="50.59619" lon="3.20903">
        <ele>47.0</ele>
        <time>2026-02-06T18:33:54Z</time>
      </trkpt>
      <trkpt lat="50.59652" lon="3.20698">
        <ele>42.0</ele>
        <time>2026-02-06T18:34:17Z</time>
      </trkpt>
      <trkpt lat="50.59656" lon="3.20558">
        <ele>41.0</ele>
        <time>2026-02-06T18:34:33Z</time>
      </trkpt>
      <trkpt lat="50.59664" lon="3.20494">
        <ele>40.0</ele>
        <time>2026-02-06T18:34:41Z</time>
      </trkpt>
      <trkpt lat="50.59675" lon="3.20483">
        <ele>39.0</ele>
        <time>2026-02-06T18:34:43Z</time>
      </trkpt>
      <trkpt lat="50.59692" lon="3.20472">
        <ele>39.0</ele>
        <time>2026-02-06T18:34:46Z</time>
      </trkpt>
      <trkpt lat="50.59757" lon="3.20478">
        <ele>38.0</ele>
        <time>2026-02-06T18:34:58Z</time>
      </trkpt>
      <trkpt lat="50.59895" lon="3.20513">
        <ele>34.0</ele>
        <time>2026-02-06T18:35:23Z</time>
      </trkpt>
      <trkpt lat="50.59988" lon="3.20542">
        <ele>31.0</ele>
        <time>2026-02-06T18:35:40Z</time>
      </trkpt>
      <trkpt lat="50.60053" lon="3.20579">
        <ele>31.0</ele>
        <time>2026-02-06T18:35:52Z</time>
      </trkpt>
      <trkpt lat="50.60145" lon="3.2065">
        <ele>33.0</ele>
        <time>2026-02-06T18:36:10Z</time>
      </trkpt>
      <trkpt lat="50.60186" lon="3.2066">
        <ele>34.0</ele>
        <time>2026-02-06T18:36:17Z</time>
      </trkpt>
      <trkpt lat="50.60362" lon="3.20687">
        <ele>33.0</ele>
        <time>2026-02-06T18:36:49Z</time>
      </trkpt>
      <trkpt lat="50.60511" lon="3.20707">
        <ele>34.0</ele>
        <time>2026-02-06T18:37:15Z</time>
      </trkpt>
      <trkpt lat="50.6053" lon="3.20704">
        <ele>35.0</ele>
        <time>2026-02-06T18:37:19Z</time>
      </trkpt>
      <trkpt lat="50.60551" lon="3.20656">
        <ele>35.0</ele>
        <time>2026-02-06T18:37:25Z</time>
      </trkpt>
      <trkpt lat="50.60567" lon="3.20573">
        <ele>33.0</ele>
        <time>2026-02-06T18:37:35Z</time>
      </trkpt>
      <trkpt lat="50.60576" lon="3.20549">
        <ele>32.0</ele>
        <time>2026-02-06T18:37:38Z</time>
      </trkpt>
      <trkpt lat="50.60671" lon="3.20456">
        <ele>32.0</ele>
        <time>2026-02-06T18:37:58Z</time>
      </trkpt>
      <trkpt lat="50.60683" lon="3.20439">
        <ele>32.0</ele>
        <time>2026-02-06T18:38:01Z</time>
      </trkpt>
      <trkpt lat="50.60698" lon="3.20364">
        <ele>31.0</ele>
        <time>2026-02-06T18:38:10Z</time>
      </trkpt>
      <trkpt lat="50.6071" lon="3.20331">
        <ele>31.0</ele>
        <time>2026-02-06T18:38:14Z</time>
      </trkpt>
      <trkpt lat="50.60754" lon="3.20246">
        <ele>30.0</ele>
        <time>2026-02-06T18:38:27Z</time>
      </trkpt>
      <trkpt lat="50.6077" lon="3.20209">
        <ele>29.0</ele>
        <time>2026-02-06T18:38:32Z</time>
      </trkpt>
      <trkpt lat="50.60808" lon="3.20147">
        <ele>30.0</ele>
        <time>2026-02-06T18:38:42Z</time>
      </trkpt>
      <trkpt lat="50.60874" lon="3.20062">
        <ele>31.0</ele>
        <time>2026-02-06T18:38:57Z</time>
      </trkpt>
      <trkpt lat="50.60888" lon="3.20028">
        <ele>31.0</ele>
        <time>2026-02-06T18:39:01Z</time>
      </trkpt>
      <trkpt lat="50.60948" lon="3.19969">
        <ele>32.0</ele>
        <time>2026-02-06T18:39:14Z</time>
      </trkpt>
      <trkpt lat="50.61055" lon="3.19856">
        <ele>32.0</ele>
        <time>2026-02-06T18:39:37Z</time>
      </trkpt>
      <trkpt lat="50.6109" lon="3.19839">
        <ele>32.0</ele>
        <time>2026-02-06T18:39:43Z</time>
      </trkpt>
      <trkpt lat="50.61139" lon="3.19839">
        <ele>31.0</ele>
        <time>2026-02-06T18:39:52Z</time>
      </trkpt>
      <trkpt lat="50.61129" lon="3.19943">
        <ele>33.0</ele>
        <time>2026-02-06T18:40:04Z</time>
      </trkpt>
      <trkpt lat="50.6112" lon="3.20079">
        <ele>34.0</ele>
        <time>2026-02-06T18:40:19Z</time>
      </trkpt>
      <trkpt lat="50.61119" lon="3.20249">
        <ele>33.0</ele>
        <time>2026-02-06T18:40:39Z</time>
      </trkpt>
      <trkpt lat="50.61114" lon="3.20291">
        <ele>34.0</ele>
        <time>2026-02-06T18:40:43Z</time>
      </trkpt>
      <trkpt lat="50.61076" lon="3.20395">
        <ele>35.0</ele>
        <time>2026-02-06T18:40:57Z</time>
      </trkpt>
      <trkpt lat="50.61052" lon="3.20471">
        <ele>35.0</ele>
        <time>2026-02-06T18:41:06Z</time>
      </trkpt>
      <trkpt lat="50.61055" lon="3.20718">
        <ele>35.0</ele>
        <time>2026-02-06T18:41:34Z</time>
      </trkpt>
      <trkpt lat="50.61048" lon="3.20837">
        <ele>35.0</ele>
        <time>2026-02-06T18:41:48Z</time>
      </trkpt>
      <trkpt lat="50.61049" lon="3.20876">
        <ele>36.0</ele>
        <time>2026-02-06T18:41:52Z</time>
      </trkpt>
      <trkpt lat="50.61053" lon="3.20904">
        <ele>36.0</ele>
        <time>2026-02-06T18:41:56Z</time>
      </trkpt>
      <trkpt lat="50.61064" lon="3.209">
        <ele>35.0</ele>
        <time>2026-02-06T18:41:58Z</time>
      </trkpt>
      <trkpt lat="50.61169" lon="3.20835">
        <ele>31.0</ele>
        <time>2026-02-06T18:42:18Z</time>
      </trkpt>
      <trkpt lat="50.61184" lon="3.20834">
        <ele>30.0</ele>
        <time>2026-02-06T18:42:20Z</time>
      </trkpt>
      <trkpt lat="50.6125" lon="3.2078">
        <ele>29.0</ele>
        <time>2026-02-06T18:42:34Z</time>
      </trkpt>
      <trkpt lat="50.61263" lon="3.20786">
        <ele>28.0</ele>
        <time>2026-02-06T18:42:36Z</time>
      </trkpt>
      <trkpt lat="50.61271" lon="3.20797">
        <ele>28.0</ele>
        <time>2026-02-06T18:42:38Z</time>
      </trkpt>
      <trkpt lat="50.61322" lon="3.20895">
        <ele>28.0</ele>
        <time>2026-02-06T18:42:52Z</time>
      </trkpt>
      <trkpt lat="50.61353" lon="3.20922">
        <ele>28.0</ele>
        <time>2026-02-06T18:42:58Z</time>
      </trkpt>
      <trkpt lat="50.61366" lon="3.20923">
        <ele>27.0</ele>
        <time>2026-02-06T18:43:01Z</time>
      </trkpt>
      <trkpt lat="50.61379" lon="3.20933">
        <ele>27.0</ele>
        <time>2026-02-06T18:43:03Z</time>
      </trkpt>
      <trkpt lat="50.61408" lon="3.20988">
        <ele>27.0</ele>
        <time>2026-02-06T18:43:11Z</time>
      </trkpt>
      <trkpt lat="50.61434" lon="3.21009">
        <ele>27.0</ele>
        <time>2026-02-06T18:43:17Z</time>
      </trkpt>
      <trkpt lat="50.61469" lon="3.21029">
        <ele>26.0</ele>
        <time>2026-02-06T18:43:23Z</time>
      </trkpt>
      <trkpt lat="50.61495" lon="3.2103">
        <ele>26.0</ele>
        <time>2026-02-06T18:43:28Z</time>
      </trkpt>
      <trkpt lat="50.61533" lon="3.21018">
        <ele>26.0</ele>
        <time>2026-02-06T18:43:35Z</time>
      </trkpt>
      <trkpt lat="50.61584" lon="3.21021">
        <ele>26.0</ele>
        <time>2026-02-06T18:43:44Z</time>
      </trkpt>
      <trkpt lat="50.61598" lon="3.21032">
        <ele>26.0</ele>
        <time>2026-02-06T18:43:47Z</time>
      </trkpt>
      <trkpt lat="50.61656" lon="3.2111">
        <ele>27.0</ele>
        <time>2026-02-06T18:44:00Z</time>
      </trkpt>
      <trkpt lat="50.61713" lon="3.21158">
        <ele>26.0</ele>
        <time>2026-02-06T18:44:12Z</time>
      </trkpt>
      <trkpt lat="50.61733" lon="3.21162">
        <ele>26.0</ele>
        <time>2026-02-06T18:44:15Z</time>
      </trkpt>
      <trkpt lat="50.61745" lon="3.21155">
        <ele>26.0</ele>
        <time>2026-02-06T18:44:18Z</time>
      </trkpt>
      <trkpt lat="50.61754" lon="3.21155">
        <ele>26.0</ele>
        <time>2026-02-06T18:44:19Z</time>
      </trkpt>
      <trkpt lat="50.61767" lon="3.21161">
        <ele>26.0</ele>
        <time>2026-02-06T18:44:22Z</time>
      </trkpt>
      <trkpt lat="50.61842" lon="3.21247">
        <ele>25.0</ele>
        <time>2026-02-06T18:44:38Z</time>
      </trkpt>
      <trkpt lat="50.61856" lon="3.2129">
        <ele>25.0</ele>
        <time>2026-02-06T18:44:43Z</time>
      </trkpt>
      <trkpt lat="50.61866" lon="3.21332">
        <ele>25.0</ele>
        <time>2026-02-06T18:44:49Z</time>
      </trkpt>
      <trkpt lat="50.61884" lon="3.21367">
        <ele>24.0</ele>
        <time>2026-02-06T18:44:54Z</time>
      </trkpt>
      <trkpt lat="50.62101" lon="3.21482">
        <ele>22.0</ele>
        <time>2026-02-06T18:45:34Z</time>
      </trkpt>
      <trkpt lat="50.62287" lon="3.21585">
        <ele>25.0</ele>
        <time>2026-02-06T18:46:09Z</time>
      </trkpt>
      <trkpt lat="50.62329" lon="3.21613">
        <ele>24.0</ele>
        <time>2026-02-06T18:46:18Z</time>
      </trkpt>
      <trkpt lat="50.62413" lon="3.2166">
        <ele>23.0</ele>
        <time>2026-02-06T18:46:33Z</time>
      </trkpt>
      <trkpt lat="50.62702" lon="3.21812">
        <ele>22.0</ele>
        <time>2026-02-06T18:47:28Z</time>
      </trkpt>
      <trkpt lat="50.62715" lon="3.21827">
        <ele>22.0</ele>
        <time>2026-02-06T18:47:31Z</time>
      </trkpt>
      <trkpt lat="50.62728" lon="3.21865">
        <ele>23.0</ele>
        <time>2026-02-06T18:47:35Z</time>
      </trkpt>
      <trkpt lat="50.62821" lon="3.22051">
        <ele>25.0</ele>
        <time>2026-02-06T18:48:02Z</time>
      </trkpt>
      <trkpt lat="50.62829" lon="3.22059">
        <ele>25.0</ele>
        <time>2026-02-06T18:48:04Z</time>
      </trkpt>
      <trkpt lat="50.62838" lon="3.22058">
        <ele>25.0</ele>
        <time>2026-02-06T18:48:05Z</time>
      </trkpt>
      <trkpt lat="50.62859" lon="3.22034">
        <ele>25.0</ele>
        <time>2026-02-06T18:48:10Z</time>
      </trkpt>
      <trkpt lat="50.62951" lon="3.21951">
        <ele>27.0</ele>
        <time>2026-02-06T18:48:29Z</time>
      </trkpt>
      <trkpt lat="50.6297" lon="3.21926">
        <ele>26.0</ele>
        <time>2026-02-06T18:48:33Z</time>
      </trkpt>
      <trkpt lat="50.63" lon="3.21877">
        <ele>26.0</ele>
        <time>2026-02-06T18:48:41Z</time>
      </trkpt>
      <trkpt lat="50.63025" lon="3.21859">
        <ele>26.0</ele>
        <time>2026-02-06T18:48:46Z</time>
      </trkpt>
      <trkpt lat="50.6306" lon="3.21857">
        <ele>26.0</ele>
        <time>2026-02-06T18:48:52Z</time>
      </trkpt>
      <trkpt lat="50.63117" lon="3.21833">
        <ele>27.0</ele>
        <time>2026-02-06T18:49:03Z</time>
      </trkpt>
      <trkpt lat="50.63156" lon="3.21807">
        <ele>27.0</ele>
        <time>2026-02-06T18:49:10Z</time>
      </trkpt>
      <trkpt lat="50.63178" lon="3.21784">
        <ele>27.0</ele>
        <time>2026-02-06T18:49:15Z</time>
      </trkpt>
      <trkpt lat="50.63292" lon="3.21701">
        <ele>27.0</ele>
        <time>2026-02-06T18:49:37Z</time>
      </trkpt>
      <trkpt lat="50.63498" lon="3.21563">
        <ele>26.0</ele>
        <time>2026-02-06T18:50:17Z</time>
      </trkpt>
      <trkpt lat="50.63551" lon="3.21507">
        <ele>27.0</ele>
        <time>2026-02-06T18:50:28Z</time>
      </trkpt>
      <trkpt lat="50.6359" lon="3.21454">
        <ele>26.0</ele>
        <time>2026-02-06T18:50:37Z</time>
      </trkpt>
      <trkpt lat="50.63722" lon="3.21255">
        <ele>26.0</ele>
        <time>2026-02-06T18:51:10Z</time>
      </trkpt>
      <trkpt lat="50.63731" lon="3.21247">
        <ele>26.0</ele>
        <time>2026-02-06T18:51:12Z</time>
      </trkpt>
      <trkpt lat="50.63745" lon="3.21253">
        <ele>26.0</ele>
        <time>2026-02-06T18:51:14Z</time>
      </trkpt>
      <trkpt lat="50.6376" lon="3.21276">
        <ele>26.0</ele>
        <time>2026-02-06T18:51:18Z</time>
      </trkpt>
      <trkpt lat="50.6377" lon="3.21279">
        <ele>26.0</ele>
        <time>2026-02-06T18:51:20Z</time>
      </trkpt>
      <trkpt lat="50.63782" lon="3.21272">
        <ele>26.0</ele>
        <time>2026-02-06T18:51:22Z</time>
      </trkpt>
      <trkpt lat="50.63794" lon="3.21255">
        <ele>26.0</ele>
        <time>2026-02-06T18:51:25Z</time>
      </trkpt>
      <trkpt lat="50.63804" lon="3.21234">
        <ele>26.0</ele>
        <time>2026-02-06T18:51:28Z</time>
      </trkpt>
      <trkpt lat="50.63841" lon="3.21137">
        <ele>26.0</ele>
        <time>2026-02-06T18:51:41Z</time>
      </trkpt>
      <trkpt lat="50.63841" lon="3.21058">
        <ele>27.0</ele>
        <time>2026-02-06T18:51:50Z</time>
      </trkpt>
      <trkpt lat="50.6386" lon="3.2102">
        <ele>27.0</ele>
        <time>2026-02-06T18:51:55Z</time>
      </trkpt>
      <trkpt lat="50.63956" lon="3.20871">
        <ele>28.0</ele>
        <time>2026-02-06T18:52:19Z</time>
      </trkpt>
      <trkpt lat="50.63964" lon="3.20852">
        <ele>28.0</ele>
        <time>2026-02-06T18:52:22Z</time>
      </trkpt>
      <trkpt lat="50.63964" lon="3.20761">
        <ele>28.0</ele>
        <time>2026-02-06T18:52:32Z</time>
      </trkpt>
      <trkpt lat="50.63972" lon="3.20718">
        <ele>28.0</ele>
        <time>2026-02-06T18:52:37Z</time>
      </trkpt>
      <trkpt lat="50.63996" lon="3.20656">
        <ele>27.0</ele>
        <time>2026-02-06T18:52:45Z</time>
      </trkpt>
      <trkpt lat="50.6401" lon="3.20634">
        <ele>27.0</ele>
        <time>2026-02-06T18:52:49Z</time>
      </trkpt>
      <trkpt lat="50.64023" lon="3.20622">
        <ele>26.0</ele>
        <time>2026-02-06T18:52:51Z</time>
      </trkpt>
      <trkpt lat="50.64042" lon="3.20618">
        <ele>26.0</ele>
        <time>2026-02-06T18:52:55Z</time>
      </trkpt>
      <trkpt lat="50.64076" lon="3.20622">
        <ele>26.0</ele>
        <time>2026-02-06T18:53:01Z</time>
      </trkpt>
      <trkpt lat="50.64095" lon="3.20618">
        <ele>26.0</ele>
        <time>2026-02-06T18:53:04Z</time>
      </trkpt>
      <trkpt lat="50.64119" lon="3.20599">
        <ele>26.0</ele>
        <time>2026-02-06T18:53:09Z</time>
      </trkpt>
      <trkpt lat="50.64155" lon="3.20577">
        <ele>26.0</ele>
        <time>2026-02-06T18:53:16Z</time>
      </trkpt>
      <trkpt lat="50.64193" lon="3.20514">
        <ele>28.0</ele>
        <time>2026-02-06T18:53:26Z</time>
      </trkpt>
      <trkpt lat="50.64207" lon="3.20478">
        <ele>28.0</ele>
        <time>2026-02-06T18:53:31Z</time>
      </trkpt>
      <trkpt lat="50.64224" lon="3.20448">
        <ele>28.0</ele>
        <time>2026-02-06T18:53:35Z</time>
      </trkpt>
      <trkpt lat="50.6424" lon="3.20435">
        <ele>28.0</ele>
        <time>2026-02-06T18:53:38Z</time>
      </trkpt>
      <trkpt lat="50.64254" lon="3.20432">
        <ele>28.0</ele>
        <time>2026-02-06T18:53:41Z</time>
      </trkpt>
      <trkpt lat="50.64338" lon="3.20547">
        <ele>31.0</ele>
        <time>2026-02-06T18:54:01Z</time>
      </trkpt>
      <trkpt lat="50.64346" lon="3.20547">
        <ele>31.0</ele>
        <time>2026-02-06T18:54:02Z</time>
      </trkpt>
      <trkpt lat="50.64361" lon="3.20527">
        <ele>31.0</ele>
        <time>2026-02-06T18:54:06Z</time>
      </trkpt>
      <trkpt lat="50.64394" lon="3.20455">
        <ele>30.0</ele>
        <time>2026-02-06T18:54:16Z</time>
      </trkpt>
      <trkpt lat="50.64434" lon="3.20346">
        <ele>28.0</ele>
        <time>2026-02-06T18:54:30Z</time>
      </trkpt>
      <trkpt lat="50.64464" lon="3.20297">
        <ele>27.0</ele>
        <time>2026-02-06T18:54:37Z</time>
      </trkpt>
      <trkpt lat="50.6451" lon="3.20254">
        <ele>27.0</ele>
        <time>2026-02-06T18:54:47Z</time>
      </trkpt>
      <trkpt lat="50.64534" lon="3.20238">
        <ele>28.0</ele>
        <time>2026-02-06T18:54:52Z</time>
      </trkpt>
      <trkpt lat="50.64547" lon="3.20222">
        <ele>28.0</ele>
        <time>2026-02-06T18:54:55Z</time>
      </trkpt>
      <trkpt lat="50.64558" lon="3.202">
        <ele>29.0</ele>
        <time>2026-02-06T18:54:58Z</time>
      </trkpt>
      <trkpt lat="50.64561" lon="3.20155">
        <ele>30.0</ele>
        <time>2026-02-06T18:55:03Z</time>
      </trkpt>
      <trkpt lat="50.64557" lon="3.20057">
        <ele>29.0</ele>
        <time>2026-02-06T18:55:14Z</time>
      </trkpt>
      <trkpt lat="50.64564" lon="3.19919">
        <ele>28.0</ele>
        <time>2026-02-06T18:55:30Z</time>
      </trkpt>
      <trkpt lat="50.64603" lon="3.19692">
        <ele>26.0</ele>
        <time>2026-02-06T18:55:56Z</time>
      </trkpt>
      <trkpt lat="50.64604" lon="3.19656">
        <ele>26.0</ele>
        <time>2026-02-06T18:56:00Z</time>
      </trkpt>
      <trkpt lat="50.64598" lon="3.19624">
        <ele>26.0</ele>
        <time>2026-02-06T18:56:04Z</time>
      </trkpt>
      <trkpt lat="50.64582" lon="3.1957">
        <ele>26.0</ele>
        <time>2026-02-06T18:56:11Z</time>
      </trkpt>
      <trkpt lat="50.64577" lon="3.19541">
        <ele>25.0</ele>
        <time>2026-02-06T18:56:14Z</time>
      </trkpt>
      <trkpt lat="50.64578" lon="3.19506">
        <ele>25.0</ele>
        <time>2026-02-06T18:56:18Z</time>
      </trkpt>
      <trkpt lat="50.6454" lon="3.19498">
        <ele>24.0</ele>
        <time>2026-02-06T18:56:25Z</time>
      </trkpt>
      <trkpt lat="50.64507" lon="3.19456">
        <ele>24.0</ele>
        <time>2026-02-06T18:56:32Z</time>
      </trkpt>
      <trkpt lat="50.64487" lon="3.19419">
        <ele>25.0</ele>
        <time>2026-02-06T18:56:38Z</time>
      </trkpt>
      <trkpt lat="50.64503" lon="3.19401">
        <ele>25.0</ele>
        <time>2026-02-06T18:56:41Z</time>
      </trkpt>
      <trkpt lat="50.64675" lon="3.19309">
        <ele>24.0</ele>
        <time>2026-02-06T18:57:14Z</time>
      </trkpt>
      <trkpt lat="50.64704" lon="3.19113">
        <ele>24.0</ele>
        <time>2026-02-06T18:57:36Z</time>
      </trkpt>
      <trkpt lat="50.64715" lon="3.19016">
        <ele>23.0</ele>
        <time>2026-02-06T18:57:47Z</time>
      </trkpt>
      <trkpt lat="50.64759" lon="3.19018">
        <ele>24.0</ele>
        <time>2026-02-06T18:57:55Z</time>
      </trkpt>
      <trkpt lat="50.64767" lon="3.19049">
        <ele>25.0</ele>
        <time>2026-02-06T18:57:59Z</time>
      </trkpt>
      <trkpt lat="50.64919" lon="3.19141">
        <ele>32.0</ele>
        <time>2026-02-06T18:58:28Z</time>
      </trkpt>
      <trkpt lat="50.64937" lon="3.19157">
        <ele>32.0</ele>
        <time>2026-02-06T18:58:32Z</time>
      </trkpt>
      <trkpt lat="50.64946" lon="3.19183">
        <ele>33.0</ele>
        <time>2026-02-06T18:58:35Z</time>
      </trkpt>
      <trkpt lat="50.64905" lon="3.19372">
        <ele>31.0</ele>
        <time>2026-02-06T18:58:58Z</time>
      </trkpt>
      <trkpt lat="50.6485" lon="3.1967">
        <ele>29.0</ele>
        <time>2026-02-06T18:59:33Z</time>
      </trkpt>
      <trkpt lat="50.64923" lon="3.19733">
        <ele>29.0</ele>
        <time>2026-02-06T18:59:47Z</time>
      </trkpt>
      <trkpt lat="50.64937" lon="3.19753">
        <ele>30.0</ele>
        <time>2026-02-06T18:59:51Z</time>
      </trkpt>
      <trkpt lat="50.64944" lon="3.19755">
        <ele>30.0</ele>
        <time>2026-02-06T18:59:52Z</time>
      </trkpt>
      <trkpt lat="50.64953" lon="3.19743">
        <ele>30.0</ele>
        <time>2026-02-06T18:59:54Z</time>
      </trkpt>
      <trkpt lat="50.64949" lon="3.1972">
        <ele>30.0</ele>
        <time>2026-02-06T18:59:57Z</time>
      </trkpt>
      <trkpt lat="50.65078" lon="3.19436">
        <ele>34.0</ele>
        <time>2026-02-06T19:00:36Z</time>
      </trkpt>
      <trkpt lat="50.65224" lon="3.1916">
        <ele>34.0</ele>
        <time>2026-02-06T19:01:17Z</time>
      </trkpt>
      <trkpt lat="50.6526" lon="3.19111">
        <ele>34.0</ele>
        <time>2026-02-06T19:01:25Z</time>
      </trkpt>
      <trkpt lat="50.65289" lon="3.1909">
        <ele>34.0</ele>
        <time>2026-02-06T19:01:31Z</time>
      </trkpt>
      <trkpt lat="50.65366" lon="3.19052">
        <ele>36.0</ele>
        <time>2026-02-06T19:01:45Z</time>
      </trkpt>
      <trkpt lat="50.65391" lon="3.19029">
        <ele>36.0</ele>
        <time>2026-02-06T19:01:50Z</time>
      </trkpt>
      <trkpt lat="50.65408" lon="3.19004">
        <ele>36.0</ele>
        <time>2026-02-06T19:01:55Z</time>
      </trkpt>
      <trkpt lat="50.6542" lon="3.18969">
        <ele>36.0</ele>
        <time>2026-02-06T19:01:59Z</time>
      </trkpt>
      <trkpt lat="50.65423" lon="3.1895">
        <ele>36.0</ele>
        <time>2026-02-06T19:02:01Z</time>
      </trkpt>
      <trkpt lat="50.65435" lon="3.18912">
        <ele>36.0</ele>
        <time>2026-02-06T19:02:06Z</time>
      </trkpt>
      <trkpt lat="50.65467" lon="3.18883">
        <ele>37.0</ele>
        <time>2026-02-06T19:02:13Z</time>
      </trkpt>
      <trkpt lat="50.65776" lon="3.18648">
        <ele>49.0</ele>
        <time>2026-02-06T19:03:14Z</time>
      </trkpt>
      <trkpt lat="50.66035" lon="3.18456">
        <ele>50.0</ele>
        <time>2026-02-06T19:04:05Z</time>
      </trkpt>
      <trkpt lat="50.66299" lon="3.18266">
        <ele>51.0</ele>
        <time>2026-02-06T19:04:56Z</time>
      </trkpt>
      <trkpt lat="50.66406" lon="3.18194">
        <ele>49.0</ele>
        <time>2026-02-06T19:05:17Z</time>
      </trkpt>
      <trkpt lat="50.66421" lon="3.18194">
        <ele>49.0</ele>
        <time>2026-02-06T19:05:20Z</time>
      </trkpt>
      <trkpt lat="50.66441" lon="3.18198">
        <ele>49.0</ele>
        <time>2026-02-06T19:05:23Z</time>
      </trkpt>
      <trkpt lat="50.66458" lon="3.18207">
        <ele>48.0</ele>
        <time>2026-02-06T19:05:26Z</time>
      </trkpt>
      <trkpt lat="50.66738" lon="3.1846">
        <ele>44.0</ele>
        <time>2026-02-06T19:06:24Z</time>
      </trkpt>
      <trkpt lat="50.66896" lon="3.18606">
        <ele>40.0</ele>
        <time>2026-02-06T19:06:56Z</time>
      </trkpt>
      <trkpt lat="50.66966" lon="3.18679">
        <ele>40.0</ele>
        <time>2026-02-06T19:07:11Z</time>
      </trkpt>
      <trkpt lat="50.66978" lon="3.18708">
        <ele>40.0</ele>
        <time>2026-02-06T19:07:15Z</time>
      </trkpt>
      <trkpt lat="50.67011" lon="3.18748">
        <ele>40.0</ele>
        <time>2026-02-06T19:07:23Z</time>
      </trkpt>
      <trkpt lat="50.67495" lon="3.19516">
        <ele>35.0</ele>
        <time>2026-02-06T19:09:25Z</time>
      </trkpt>
      <trkpt lat="50.67884" lon="3.20148">
        <ele>33.0</ele>
        <time>2026-02-06T19:11:04Z</time>
      </trkpt>
      <trkpt lat="50.67921" lon="3.20204">
        <ele>32.0</ele>
        <time>2026-02-06T19:11:13Z</time>
      </trkpt>
      <trkpt lat="50.67926" lon="3.20216">
        <ele>32.0</ele>
        <time>2026-02-06T19:11:15Z</time>
      </trkpt>
      <trkpt lat="50.67922" lon="3.2023">
        <ele>32.0</ele>
        <time>2026-02-06T19:11:17Z</time>
      </trkpt>
      <trkpt lat="50.67906" lon="3.20243">
        <ele>32.0</ele>
        <time>2026-02-06T19:11:20Z</time>
      </trkpt>
      <trkpt lat="50.67861" lon="3.20272">
        <ele>32.0</ele>
        <time>2026-02-06T19:11:28Z</time>
      </trkpt>
      <trkpt lat="50.6784" lon="3.20291">
        <ele>32.0</ele>
        <time>2026-02-06T19:11:33Z</time>
      </trkpt>
      <trkpt lat="50.67826" lon="3.20322">
        <ele>31.0</ele>
        <time>2026-02-06T19:11:37Z</time>
      </trkpt>
      <trkpt lat="50.67821" lon="3.20358">
        <ele>31.0</ele>
        <time>2026-02-06T19:11:41Z</time>
      </trkpt>
      <trkpt lat="50.67837" lon="3.20397">
        <ele>32.0</ele>
        <time>2026-02-06T19:11:46Z</time>
      </trkpt>
      <trkpt lat="50.67848" lon="3.20442">
        <ele>32.0</ele>
        <time>2026-02-06T19:11:52Z</time>
      </trkpt>
      <trkpt lat="50.67843" lon="3.2046">
        <ele>32.0</ele>
        <time>2026-02-06T19:11:54Z</time>
      </trkpt>
      <trkpt lat="50.67835" lon="3.20475">
        <ele>32.0</ele>
        <time>2026-02-06T19:11:56Z</time>
      </trkpt>
      <trkpt lat="50.67841" lon="3.2049">
        <ele>32.0</ele>
        <time>2026-02-06T19:11:58Z</time>
      </trkpt>
      <trkpt lat="50.6786" lon="3.20516">
        <ele>32.0</ele>
        <time>2026-02-06T19:12:03Z</time>
      </trkpt>
      <trkpt lat="50.67877" lon="3.20567">
        <ele>32.0</ele>
        <time>2026-02-06T19:12:09Z</time>
      </trkpt>
      <trkpt lat="50.67883" lon="3.20591">
        <ele>32.0</ele>
        <time>2026-02-06T19:12:12Z</time>
      </trkpt>
      <trkpt lat="50.67881" lon="3.20623">
        <ele>32.0</ele>
        <time>2026-02-06T19:12:16Z</time>
      </trkpt>
      <trkpt lat="50.67872" lon="3.20644">
        <ele>32.0</ele>
        <time>2026-02-06T19:12:19Z</time>
      </trkpt>
      <trkpt lat="50.67855" lon="3.20659">
        <ele>32.0</ele>
        <time>2026-02-06T19:12:22Z</time>
      </trkpt>
      <trkpt lat="50.67841" lon="3.20663">
        <ele>31.0</ele>
        <time>2026-02-06T19:12:25Z</time>
      </trkpt>
      <trkpt lat="50.6782" lon="3.20659">
        <ele>31.0</ele>
        <time>2026-02-06T19:12:28Z</time>
      </trkpt>
      <trkpt lat="50.67806" lon="3.20646">
        <ele>31.0</ele>
        <time>2026-02-06T19:12:31Z</time>
      </trkpt>
      <trkpt lat="50.67787" lon="3.20613">
        <ele>31.0</ele>
        <time>2026-02-06T19:12:36Z</time>
      </trkpt>
    </trkseg>
  </trk>
</gpx>