<?xml version="1.0" encoding="UTF-8"?>
<gpx xmlns="http://www.topografix.com/GPX/1/1" xmlns:xsi="http://www.w3.org/2001/XMLSchema-instance" xsi:schemaLocation="http://www.topografix.com/GPX/1/1 http://www.topografix.com/GPX/1/1/gpx.xsd" version="1.1" creator="StravaGPX">
  <metadata>
    <name>SDR definitivo 125</name>
    <author>
      <name>Ivan Piol</name>
      <link href="https://www.strava.com/athletes/4440350">
      </link>
    </author>
    <copyright author="OpenStreetMap contributors">
      <year>2020</year>
      <license>https://www.openstreetmap.org/copyright</license>
    </copyright>
    <link href="https://www.strava.com/routes/3223176756108634156">
    </link>
  </metadata>
  <trk>
    <name>SDR definitivo 125</name>
    <link href="https://www.strava.com/routes/3223176756108634156">
    </link>
    <type>cycling</type>
    <trkseg>
      <trkpt lat="46.01664" lon="11.905990000000001">
        <ele>273.53</ele>
      </trkpt>
      <trkpt lat="46.016490000000005" lon="11.905320000000001">
        <ele>273.25000000000006</ele>
      </trkpt>
      <trkpt lat="46.01655" lon="11.90465">
        <ele>272.51000000000005</ele>
      </trkpt>
      <trkpt lat="46.016670000000005" lon="11.90445">
        <ele>272.41</ele>
      </trkpt>
      <trkpt lat="46.017390000000006" lon="11.90417">
        <ele>272.78000000000003</ele>
      </trkpt>
      <trkpt lat="46.018010000000004" lon="11.9045">
        <ele>274.86000000000007</ele>
      </trkpt>
      <trkpt lat="46.01843" lon="11.905140000000001">
        <ele>275.71</ele>
      </trkpt>
      <trkpt lat="46.021060000000006" lon="11.91238">
        <ele>278.7</ele>
      </trkpt>
      <trkpt lat="46.021300000000004" lon="11.91243">
        <ele>277.87</ele>
      </trkpt>
      <trkpt lat="46.02253" lon="11.912460000000001">
        <ele>279.15</ele>
      </trkpt>
      <trkpt lat="46.02261" lon="11.912590000000002">
        <ele>278.57000000000005</ele>
      </trkpt>
      <trkpt lat="46.02272000000001" lon="11.91243">
        <ele>278.96000000000004</ele>
      </trkpt>
      <trkpt lat="46.02695000000001" lon="11.912550000000001">
        <ele>288.85</ele>
      </trkpt>
      <trkpt lat="46.029270000000004" lon="11.91238">
        <ele>293.36</ele>
      </trkpt>
      <trkpt lat="46.031150000000004" lon="11.912030000000001">
        <ele>298.00000000000006</ele>
      </trkpt>
      <trkpt lat="46.03745000000001" lon="11.912260000000002">
        <ele>309.94000000000005</ele>
      </trkpt>
      <trkpt lat="46.038070000000005" lon="11.911950000000001">
        <ele>310.57</ele>
      </trkpt>
      <trkpt lat="46.03929" lon="11.910290000000002">
        <ele>311.4</ele>
      </trkpt>
      <trkpt lat="46.039880000000004" lon="11.909930000000001">
        <ele>312.74</ele>
      </trkpt>
      <trkpt lat="46.04023" lon="11.909980000000001">
        <ele>312.68</ele>
      </trkpt>
      <trkpt lat="46.040470000000006" lon="11.90981">
        <ele>313.77000000000004</ele>
      </trkpt>
      <trkpt lat="46.044290000000004" lon="11.911280000000001">
        <ele>327.35</ele>
      </trkpt>
      <trkpt lat="46.04549" lon="11.91225">
        <ele>333.37</ele>
      </trkpt>
      <trkpt lat="46.04625" lon="11.913350000000001">
        <ele>333.68</ele>
      </trkpt>
      <trkpt lat="46.04757" lon="11.915930000000001">
        <ele>334.05</ele>
      </trkpt>
      <trkpt lat="46.052170000000004" lon="11.92046">
        <ele>342.57000000000005</ele>
      </trkpt>
      <trkpt lat="46.053270000000005" lon="11.922880000000001">
        <ele>345.7</ele>
      </trkpt>
      <trkpt lat="46.054930000000006" lon="11.925920000000001">
        <ele>355.00000000000006</ele>
      </trkpt>
      <trkpt lat="46.05812" lon="11.92904">
        <ele>364.88000000000005</ele>
      </trkpt>
      <trkpt lat="46.059270000000005" lon="11.93073">
        <ele>365.69</ele>
      </trkpt>
      <trkpt lat="46.059830000000005" lon="11.931970000000002">
        <ele>365.35</ele>
      </trkpt>
      <trkpt lat="46.06007" lon="11.933570000000001">
        <ele>363.97</ele>
      </trkpt>
      <trkpt lat="46.060700000000004" lon="11.934800000000001">
        <ele>359.23</ele>
      </trkpt>
      <trkpt lat="46.061040000000006" lon="11.93482">
        <ele>357.3</ele>
      </trkpt>
      <trkpt lat="46.061370000000004" lon="11.933390000000001">
        <ele>352.61</ele>
      </trkpt>
      <trkpt lat="46.06217" lon="11.932170000000001">
        <ele>346.19000000000005</ele>
      </trkpt>
      <trkpt lat="46.063280000000006" lon="11.931870000000002">
        <ele>342.37</ele>
      </trkpt>
      <trkpt lat="46.063790000000004" lon="11.93213">
        <ele>340.07000000000005</ele>
      </trkpt>
      <trkpt lat="46.06436" lon="11.93335">
        <ele>337.57000000000005</ele>
      </trkpt>
      <trkpt lat="46.06443" lon="11.93383">
        <ele>337.4200000000001</ele>
      </trkpt>
      <trkpt lat="46.06389" lon="11.936770000000001">
        <ele>343.87</ele>
      </trkpt>
      <trkpt lat="46.063100000000006" lon="11.938920000000001">
        <ele>352.11</ele>
      </trkpt>
      <trkpt lat="46.063100000000006" lon="11.939860000000001">
        <ele>355.87</ele>
      </trkpt>
      <trkpt lat="46.06335000000001" lon="11.940560000000001">
        <ele>360.02</ele>
      </trkpt>
      <trkpt lat="46.06405" lon="11.941260000000002">
        <ele>365.19</ele>
      </trkpt>
      <trkpt lat="46.066770000000005" lon="11.94162">
        <ele>386.06</ele>
      </trkpt>
      <trkpt lat="46.067710000000005" lon="11.941980000000001">
        <ele>393.03000000000003</ele>
      </trkpt>
      <trkpt lat="46.06895" lon="11.942630000000001">
        <ele>398.47</ele>
      </trkpt>
      <trkpt lat="46.06994" lon="11.94358">
        <ele>403.27</ele>
      </trkpt>
      <trkpt lat="46.07074" lon="11.945020000000001">
        <ele>407.53000000000003</ele>
      </trkpt>
      <trkpt lat="46.071560000000005" lon="11.947220000000002">
        <ele>415.96999999999997</ele>
      </trkpt>
      <trkpt lat="46.071870000000004" lon="11.94749">
        <ele>416.78000000000003</ele>
      </trkpt>
      <trkpt lat="46.07318" lon="11.947920000000002">
        <ele>419.26</ele>
      </trkpt>
      <trkpt lat="46.073510000000006" lon="11.94828">
        <ele>420.36</ele>
      </trkpt>
      <trkpt lat="46.074830000000006" lon="11.952750000000002">
        <ele>428.91</ele>
      </trkpt>
      <trkpt lat="46.077180000000006" lon="11.95803">
        <ele>444.81</ele>
      </trkpt>
      <trkpt lat="46.07768" lon="11.958810000000001">
        <ele>447.55000000000007</ele>
      </trkpt>
      <trkpt lat="46.07884000000001" lon="11.95991">
        <ele>453.22</ele>
      </trkpt>
      <trkpt lat="46.079460000000005" lon="11.96108">
        <ele>457.91</ele>
      </trkpt>
      <trkpt lat="46.079750000000004" lon="11.962860000000001">
        <ele>460.28000000000003</ele>
      </trkpt>
      <trkpt lat="46.07965" lon="11.96395">
        <ele>462.08000000000004</ele>
      </trkpt>
      <trkpt lat="46.07916" lon="11.965670000000001">
        <ele>465.3</ele>
      </trkpt>
      <trkpt lat="46.07914" lon="11.96818">
        <ele>464.70000000000005</ele>
      </trkpt>
      <trkpt lat="46.079420000000006" lon="11.969520000000001">
        <ele>464.47</ele>
      </trkpt>
      <trkpt lat="46.080040000000004" lon="11.971340000000001">
        <ele>467.82</ele>
      </trkpt>
      <trkpt lat="46.081160000000004" lon="11.97606">
        <ele>472.05</ele>
      </trkpt>
      <trkpt lat="46.083760000000005" lon="11.980690000000001">
        <ele>463.4800000000001</ele>
      </trkpt>
      <trkpt lat="46.084390000000006" lon="11.982740000000002">
        <ele>455.75000000000006</ele>
      </trkpt>
      <trkpt lat="46.08599" lon="11.98596">
        <ele>456.06</ele>
      </trkpt>
      <trkpt lat="46.08637" lon="11.98773">
        <ele>461.56</ele>
      </trkpt>
      <trkpt lat="46.08744" lon="11.98864">
        <ele>471.12</ele>
      </trkpt>
      <trkpt lat="46.08767" lon="11.98986">
        <ele>471.05</ele>
      </trkpt>
      <trkpt lat="46.088170000000005" lon="11.99005">
        <ele>469.82</ele>
      </trkpt>
      <trkpt lat="46.088860000000004" lon="11.989490000000002">
        <ele>466.08000000000004</ele>
      </trkpt>
      <trkpt lat="46.08908" lon="11.98947">
        <ele>465.25000000000006</ele>
      </trkpt>
      <trkpt lat="46.089180000000006" lon="11.989640000000001">
        <ele>464.99</ele>
      </trkpt>
      <trkpt lat="46.08905" lon="11.99033">
        <ele>464.67</ele>
      </trkpt>
      <trkpt lat="46.08908" lon="11.990990000000002">
        <ele>464.89000000000004</ele>
      </trkpt>
      <trkpt lat="46.088080000000005" lon="11.99351">
        <ele>469.02000000000004</ele>
      </trkpt>
      <trkpt lat="46.08807" lon="11.996110000000002">
        <ele>473.18</ele>
      </trkpt>
      <trkpt lat="46.08831000000001" lon="11.99685">
        <ele>475.72</ele>
      </trkpt>
      <trkpt lat="46.08932" lon="11.99802">
        <ele>479.56000000000006</ele>
      </trkpt>
      <trkpt lat="46.09136" lon="11.99895">
        <ele>487.82</ele>
      </trkpt>
      <trkpt lat="46.09189000000001" lon="11.998980000000001">
        <ele>490.01000000000005</ele>
      </trkpt>
      <trkpt lat="46.09219" lon="11.9998">
        <ele>491.82000000000005</ele>
      </trkpt>
      <trkpt lat="46.092690000000005" lon="12.000520000000002">
        <ele>491.42</ele>
      </trkpt>
      <trkpt lat="46.094950000000004" lon="12.00497">
        <ele>481.74000000000007</ele>
      </trkpt>
      <trkpt lat="46.096680000000006" lon="12.00712">
        <ele>487.81</ele>
      </trkpt>
      <trkpt lat="46.099340000000005" lon="12.009260000000001">
        <ele>496.7300000000001</ele>
      </trkpt>
      <trkpt lat="46.101000000000006" lon="12.00894">
        <ele>505.21999999999997</ele>
      </trkpt>
      <trkpt lat="46.10152" lon="12.0097">
        <ele>509.44</ele>
      </trkpt>
      <trkpt lat="46.10210000000001" lon="12.01121">
        <ele>515.14</ele>
      </trkpt>
      <trkpt lat="46.10242" lon="12.011180000000001">
        <ele>515.21</ele>
      </trkpt>
      <trkpt lat="46.103210000000004" lon="12.01064">
        <ele>514.05</ele>
      </trkpt>
      <trkpt lat="46.10428" lon="12.010670000000001">
        <ele>512.6500000000001</ele>
      </trkpt>
      <trkpt lat="46.10512000000001" lon="12.012080000000001">
        <ele>511.53999999999996</ele>
      </trkpt>
      <trkpt lat="46.10725" lon="12.01397">
        <ele>509.89000000000004</ele>
      </trkpt>
      <trkpt lat="46.107440000000004" lon="12.01548">
        <ele>509.82000000000005</ele>
      </trkpt>
      <trkpt lat="46.106500000000004" lon="12.016630000000001">
        <ele>512.24</ele>
      </trkpt>
      <trkpt lat="46.10638" lon="12.01725">
        <ele>513.58</ele>
      </trkpt>
      <trkpt lat="46.105790000000006" lon="12.01706">
        <ele>514.93</ele>
      </trkpt>
      <trkpt lat="46.10513" lon="12.017500000000002">
        <ele>516.5000000000001</ele>
      </trkpt>
      <trkpt lat="46.10488" lon="12.018070000000002">
        <ele>518.21</ele>
      </trkpt>
      <trkpt lat="46.10441" lon="12.01809">
        <ele>518.7400000000001</ele>
      </trkpt>
      <trkpt lat="46.10394" lon="12.016800000000002">
        <ele>519.6500000000001</ele>
      </trkpt>
      <trkpt lat="46.103730000000006" lon="12.0166">
        <ele>519.73</ele>
      </trkpt>
      <trkpt lat="46.10296" lon="12.017650000000001">
        <ele>519.5000000000001</ele>
      </trkpt>
      <trkpt lat="46.10268000000001" lon="12.021830000000001">
        <ele>528.6800000000001</ele>
      </trkpt>
      <trkpt lat="46.10289" lon="12.02264">
        <ele>533.09</ele>
      </trkpt>
      <trkpt lat="46.10392" lon="12.025170000000001">
        <ele>535.96</ele>
      </trkpt>
      <trkpt lat="46.104110000000006" lon="12.02607">
        <ele>538.46</ele>
      </trkpt>
      <trkpt lat="46.104240000000004" lon="12.02781">
        <ele>544.2800000000001</ele>
      </trkpt>
      <trkpt lat="46.10559000000001" lon="12.031350000000002">
        <ele>549.3800000000001</ele>
      </trkpt>
      <trkpt lat="46.106460000000006" lon="12.03579">
        <ele>549.4300000000001</ele>
      </trkpt>
      <trkpt lat="46.107020000000006" lon="12.03706">
        <ele>548.7800000000001</ele>
      </trkpt>
      <trkpt lat="46.110780000000005" lon="12.0424">
        <ele>550.3</ele>
      </trkpt>
      <trkpt lat="46.11133" lon="12.043920000000002">
        <ele>553.03</ele>
      </trkpt>
      <trkpt lat="46.11162" lon="12.04438">
        <ele>555.1</ele>
      </trkpt>
      <trkpt lat="46.113760000000006" lon="12.046030000000002">
        <ele>550.48</ele>
      </trkpt>
      <trkpt lat="46.11361" lon="12.04706">
        <ele>543.74</ele>
      </trkpt>
      <trkpt lat="46.113670000000006" lon="12.04728">
        <ele>540.66</ele>
      </trkpt>
      <trkpt lat="46.11582000000001" lon="12.04715">
        <ele>520.37</ele>
      </trkpt>
      <trkpt lat="46.11583" lon="12.047400000000001">
        <ele>518.85</ele>
      </trkpt>
      <trkpt lat="46.114630000000005" lon="12.04765">
        <ele>507.7900000000001</ele>
      </trkpt>
      <trkpt lat="46.114560000000004" lon="12.047910000000002">
        <ele>504.36</ele>
      </trkpt>
      <trkpt lat="46.117200000000004" lon="12.04879">
        <ele>482.59000000000003</ele>
      </trkpt>
      <trkpt lat="46.11712000000001" lon="12.049050000000001">
        <ele>481.36000000000007</ele>
      </trkpt>
      <trkpt lat="46.1159" lon="12.049040000000002">
        <ele>468.74</ele>
      </trkpt>
      <trkpt lat="46.115080000000006" lon="12.049220000000002">
        <ele>462.95000000000005</ele>
      </trkpt>
      <trkpt lat="46.115100000000005" lon="12.04949">
        <ele>461.88</ele>
      </trkpt>
      <trkpt lat="46.11596" lon="12.049800000000001">
        <ele>453.89</ele>
      </trkpt>
      <trkpt lat="46.11703000000001" lon="12.05081">
        <ele>444.38000000000005</ele>
      </trkpt>
      <trkpt lat="46.11683000000001" lon="12.051010000000002">
        <ele>442.99000000000007</ele>
      </trkpt>
      <trkpt lat="46.11603" lon="12.05072">
        <ele>436.08000000000004</ele>
      </trkpt>
      <trkpt lat="46.115140000000004" lon="12.051150000000002">
        <ele>427.96000000000004</ele>
      </trkpt>
      <trkpt lat="46.11449" lon="12.052330000000001">
        <ele>418.89000000000004</ele>
      </trkpt>
      <trkpt lat="46.114520000000006" lon="12.052610000000001">
        <ele>418.34000000000003</ele>
      </trkpt>
      <trkpt lat="46.11556" lon="12.052370000000002">
        <ele>411.38</ele>
      </trkpt>
      <trkpt lat="46.11605" lon="12.052470000000001">
        <ele>404.79</ele>
      </trkpt>
      <trkpt lat="46.11672" lon="12.05292">
        <ele>399.22</ele>
      </trkpt>
      <trkpt lat="46.1201" lon="12.057900000000002">
        <ele>413.56</ele>
      </trkpt>
      <trkpt lat="46.120450000000005" lon="12.058470000000002">
        <ele>412.98</ele>
      </trkpt>
      <trkpt lat="46.12041000000001" lon="12.058720000000001">
        <ele>411.90000000000003</ele>
      </trkpt>
      <trkpt lat="46.120810000000006" lon="12.058840000000002">
        <ele>415.2</ele>
      </trkpt>
      <trkpt lat="46.122710000000005" lon="12.060170000000001">
        <ele>426.96000000000004</ele>
      </trkpt>
      <trkpt lat="46.12393" lon="12.060080000000001">
        <ele>434.45000000000005</ele>
      </trkpt>
      <trkpt lat="46.12496" lon="12.06042">
        <ele>439.70000000000005</ele>
      </trkpt>
      <trkpt lat="46.12675" lon="12.062090000000001">
        <ele>449.64000000000004</ele>
      </trkpt>
      <trkpt lat="46.1276" lon="12.06314">
        <ele>451.76000000000005</ele>
      </trkpt>
      <trkpt lat="46.128260000000004" lon="12.06348">
        <ele>451.79</ele>
      </trkpt>
      <trkpt lat="46.13017000000001" lon="12.063920000000001">
        <ele>457.77</ele>
      </trkpt>
      <trkpt lat="46.13141" lon="12.06459">
        <ele>456.20000000000005</ele>
      </trkpt>
      <trkpt lat="46.1323" lon="12.06605">
        <ele>454.12</ele>
      </trkpt>
      <trkpt lat="46.13342" lon="12.06695">
        <ele>454.89</ele>
      </trkpt>
      <trkpt lat="46.13514000000001" lon="12.067520000000002">
        <ele>457.69000000000005</ele>
      </trkpt>
      <trkpt lat="46.13595" lon="12.067570000000002">
        <ele>464.09000000000003</ele>
      </trkpt>
      <trkpt lat="46.13696" lon="12.06788">
        <ele>470.69000000000005</ele>
      </trkpt>
      <trkpt lat="46.137350000000005" lon="12.068370000000002">
        <ele>472.52000000000004</ele>
      </trkpt>
      <trkpt lat="46.137980000000006" lon="12.06878">
        <ele>473.40000000000003</ele>
      </trkpt>
      <trkpt lat="46.13929" lon="12.07084">
        <ele>478.22</ele>
      </trkpt>
      <trkpt lat="46.14025" lon="12.071110000000001">
        <ele>476.22</ele>
      </trkpt>
      <trkpt lat="46.1422" lon="12.072680000000002">
        <ele>457.15000000000003</ele>
      </trkpt>
      <trkpt lat="46.142450000000004" lon="12.07328">
        <ele>452.47</ele>
      </trkpt>
      <trkpt lat="46.14226" lon="12.073760000000002">
        <ele>449.35</ele>
      </trkpt>
      <trkpt lat="46.142450000000004" lon="12.074230000000002">
        <ele>446.08000000000004</ele>
      </trkpt>
      <trkpt lat="46.143060000000006" lon="12.073950000000002">
        <ele>446.50000000000006</ele>
      </trkpt>
      <trkpt lat="46.143820000000005" lon="12.07506">
        <ele>453.19000000000005</ele>
      </trkpt>
      <trkpt lat="46.144420000000004" lon="12.077150000000001">
        <ele>450.84000000000003</ele>
      </trkpt>
      <trkpt lat="46.145480000000006" lon="12.0776">
        <ele>442.16</ele>
      </trkpt>
      <trkpt lat="46.146190000000004" lon="12.07826">
        <ele>435.8</ele>
      </trkpt>
      <trkpt lat="46.1473" lon="12.07862">
        <ele>426.22</ele>
      </trkpt>
      <trkpt lat="46.147960000000005" lon="12.07966">
        <ele>420.26</ele>
      </trkpt>
      <trkpt lat="46.14913000000001" lon="12.07961">
        <ele>413.45000000000005</ele>
      </trkpt>
      <trkpt lat="46.14976" lon="12.07938">
        <ele>409.14000000000004</ele>
      </trkpt>
      <trkpt lat="46.15124" lon="12.07952">
        <ele>411.49</ele>
      </trkpt>
      <trkpt lat="46.15203" lon="12.07937">
        <ele>413.74000000000007</ele>
      </trkpt>
      <trkpt lat="46.15303" lon="12.079730000000001">
        <ele>409.42</ele>
      </trkpt>
      <trkpt lat="46.15337" lon="12.080250000000001">
        <ele>408.21000000000004</ele>
      </trkpt>
      <trkpt lat="46.15337" lon="12.08084">
        <ele>406.85</ele>
      </trkpt>
      <trkpt lat="46.15372000000001" lon="12.081610000000001">
        <ele>405.69000000000005</ele>
      </trkpt>
      <trkpt lat="46.15484000000001" lon="12.082080000000001">
        <ele>408.2</ele>
      </trkpt>
      <trkpt lat="46.15565" lon="12.082910000000002">
        <ele>414.05</ele>
      </trkpt>
      <trkpt lat="46.15598000000001" lon="12.083720000000001">
        <ele>417.71000000000004</ele>
      </trkpt>
      <trkpt lat="46.156330000000004" lon="12.08417">
        <ele>419.65000000000003</ele>
      </trkpt>
      <trkpt lat="46.15699" lon="12.08472">
        <ele>421.06000000000006</ele>
      </trkpt>
      <trkpt lat="46.158910000000006" lon="12.084760000000001">
        <ele>429.93</ele>
      </trkpt>
      <trkpt lat="46.15932" lon="12.08454">
        <ele>430.92</ele>
      </trkpt>
      <trkpt lat="46.15952" lon="12.084130000000002">
        <ele>431.42</ele>
      </trkpt>
      <trkpt lat="46.160250000000005" lon="12.080620000000001">
        <ele>433.64000000000004</ele>
      </trkpt>
      <trkpt lat="46.161190000000005" lon="12.073350000000001">
        <ele>433.6</ele>
      </trkpt>
      <trkpt lat="46.16192" lon="12.071040000000002">
        <ele>434.07</ele>
      </trkpt>
      <trkpt lat="46.16196" lon="12.070430000000002">
        <ele>434.68</ele>
      </trkpt>
      <trkpt lat="46.162220000000005" lon="12.069540000000002">
        <ele>434.92</ele>
      </trkpt>
      <trkpt lat="46.162420000000004" lon="12.067520000000002">
        <ele>434.82000000000005</ele>
      </trkpt>
      <trkpt lat="46.163090000000004" lon="12.066020000000002">
        <ele>435.08000000000004</ele>
      </trkpt>
      <trkpt lat="46.16342" lon="12.063310000000001">
        <ele>435.59000000000003</ele>
      </trkpt>
      <trkpt lat="46.16322" lon="12.061610000000002">
        <ele>437.29</ele>
      </trkpt>
      <trkpt lat="46.16335" lon="12.06103">
        <ele>437.98</ele>
      </trkpt>
      <trkpt lat="46.16483" lon="12.059870000000002">
        <ele>438.36</ele>
      </trkpt>
      <trkpt lat="46.166090000000004" lon="12.05807">
        <ele>433.54</ele>
      </trkpt>
      <trkpt lat="46.16758" lon="12.05761">
        <ele>434.51000000000005</ele>
      </trkpt>
      <trkpt lat="46.168000000000006" lon="12.057630000000001">
        <ele>434.65000000000003</ele>
      </trkpt>
      <trkpt lat="46.16866" lon="12.05709">
        <ele>434.98</ele>
      </trkpt>
      <trkpt lat="46.16955" lon="12.05686">
        <ele>435.7300000000001</ele>
      </trkpt>
      <trkpt lat="46.17096" lon="12.055610000000001">
        <ele>434.92</ele>
      </trkpt>
      <trkpt lat="46.17161" lon="12.05544">
        <ele>434.98</ele>
      </trkpt>
      <trkpt lat="46.1721" lon="12.054490000000001">
        <ele>435.36</ele>
      </trkpt>
      <trkpt lat="46.172740000000005" lon="12.05386">
        <ele>435.41</ele>
      </trkpt>
      <trkpt lat="46.17362000000001" lon="12.05375">
        <ele>435.19</ele>
      </trkpt>
      <trkpt lat="46.17504" lon="12.053210000000002">
        <ele>435.68</ele>
      </trkpt>
      <trkpt lat="46.17615000000001" lon="12.05311">
        <ele>435.94000000000005</ele>
      </trkpt>
      <trkpt lat="46.177110000000006" lon="12.05198">
        <ele>435.32000000000005</ele>
      </trkpt>
      <trkpt lat="46.178630000000005" lon="12.05099">
        <ele>435.09000000000003</ele>
      </trkpt>
      <trkpt lat="46.180040000000005" lon="12.049130000000002">
        <ele>435.59000000000003</ele>
      </trkpt>
      <trkpt lat="46.180780000000006" lon="12.04887">
        <ele>435.45000000000005</ele>
      </trkpt>
      <trkpt lat="46.18222" lon="12.04734">
        <ele>435.62000000000006</ele>
      </trkpt>
      <trkpt lat="46.18385000000001" lon="12.04607">
        <ele>436.19</ele>
      </trkpt>
      <trkpt lat="46.18450000000001" lon="12.045850000000002">
        <ele>436.6</ele>
      </trkpt>
      <trkpt lat="46.1861" lon="12.04334">
        <ele>435.91</ele>
      </trkpt>
      <trkpt lat="46.18639" lon="12.04254">
        <ele>435.98</ele>
      </trkpt>
      <trkpt lat="46.18717" lon="12.04119">
        <ele>436.44000000000005</ele>
      </trkpt>
      <trkpt lat="46.18802" lon="12.04142">
        <ele>436.51</ele>
      </trkpt>
      <trkpt lat="46.188700000000004" lon="12.039790000000002">
        <ele>442.13</ele>
      </trkpt>
      <trkpt lat="46.18923" lon="12.03897">
        <ele>445.74</ele>
      </trkpt>
      <trkpt lat="46.18958000000001" lon="12.038">
        <ele>451.3</ele>
      </trkpt>
      <trkpt lat="46.190490000000004" lon="12.036710000000001">
        <ele>459.11</ele>
      </trkpt>
      <trkpt lat="46.19153000000001" lon="12.036380000000001">
        <ele>463.6</ele>
      </trkpt>
      <trkpt lat="46.19232" lon="12.0365">
        <ele>465.85</ele>
      </trkpt>
      <trkpt lat="46.19288" lon="12.03625">
        <ele>466.27</ele>
      </trkpt>
      <trkpt lat="46.194" lon="12.03683">
        <ele>466.14000000000004</ele>
      </trkpt>
      <trkpt lat="46.19473000000001" lon="12.03658">
        <ele>466.13000000000005</ele>
      </trkpt>
      <trkpt lat="46.19523" lon="12.037030000000001">
        <ele>465.9200000000001</ele>
      </trkpt>
      <trkpt lat="46.19577" lon="12.03711">
        <ele>465.73</ele>
      </trkpt>
      <trkpt lat="46.19709" lon="12.03659">
        <ele>465.4800000000001</ele>
      </trkpt>
      <trkpt lat="46.197700000000005" lon="12.035520000000002">
        <ele>465.06</ele>
      </trkpt>
      <trkpt lat="46.198780000000006" lon="12.034260000000002">
        <ele>464.57000000000005</ele>
      </trkpt>
      <trkpt lat="46.19896000000001" lon="12.033710000000001">
        <ele>465.21</ele>
      </trkpt>
      <trkpt lat="46.199070000000006" lon="12.032330000000002">
        <ele>466.36000000000007</ele>
      </trkpt>
      <trkpt lat="46.19924" lon="12.032070000000001">
        <ele>466.79</ele>
      </trkpt>
      <trkpt lat="46.19982" lon="12.031780000000001">
        <ele>468.99</ele>
      </trkpt>
      <trkpt lat="46.200790000000005" lon="12.030510000000001">
        <ele>473.72</ele>
      </trkpt>
      <trkpt lat="46.20091" lon="12.03007">
        <ele>475.29</ele>
      </trkpt>
      <trkpt lat="46.200810000000004" lon="12.028810000000002">
        <ele>477.6</ele>
      </trkpt>
      <trkpt lat="46.20248" lon="12.02654">
        <ele>483.09000000000003</ele>
      </trkpt>
      <trkpt lat="46.20262" lon="12.02561">
        <ele>484.35</ele>
      </trkpt>
      <trkpt lat="46.20297" lon="12.02447">
        <ele>484.72</ele>
      </trkpt>
      <trkpt lat="46.203520000000005" lon="12.023370000000002">
        <ele>484.59000000000003</ele>
      </trkpt>
      <trkpt lat="46.20326000000001" lon="12.020980000000002">
        <ele>488.82000000000005</ele>
      </trkpt>
      <trkpt lat="46.203390000000006" lon="12.02035">
        <ele>489.37</ele>
      </trkpt>
      <trkpt lat="46.203880000000005" lon="12.01927">
        <ele>492.62000000000006</ele>
      </trkpt>
      <trkpt lat="46.203970000000005" lon="12.018">
        <ele>494.91</ele>
      </trkpt>
      <trkpt lat="46.20389" lon="12.017100000000001">
        <ele>495.7900000000001</ele>
      </trkpt>
      <trkpt lat="46.20467000000001" lon="12.01495">
        <ele>499.2900000000001</ele>
      </trkpt>
      <trkpt lat="46.204730000000005" lon="12.0121">
        <ele>503.07</ele>
      </trkpt>
      <trkpt lat="46.205130000000004" lon="12.01045">
        <ele>507.01000000000005</ele>
      </trkpt>
      <trkpt lat="46.20478000000001" lon="12.00927">
        <ele>510.95</ele>
      </trkpt>
      <trkpt lat="46.20479" lon="12.008640000000002">
        <ele>512.54</ele>
      </trkpt>
      <trkpt lat="46.20595" lon="12.00472">
        <ele>519.86</ele>
      </trkpt>
      <trkpt lat="46.20606" lon="12.002540000000002">
        <ele>525.7700000000001</ele>
      </trkpt>
      <trkpt lat="46.205980000000004" lon="12.001320000000002">
        <ele>532.98</ele>
      </trkpt>
      <trkpt lat="46.20665" lon="12.00101">
        <ele>537.2600000000001</ele>
      </trkpt>
      <trkpt lat="46.20682" lon="11.999630000000002">
        <ele>546.03</ele>
      </trkpt>
      <trkpt lat="46.20747" lon="11.99887">
        <ele>551.44</ele>
      </trkpt>
      <trkpt lat="46.2077" lon="11.9983">
        <ele>556.8700000000001</ele>
      </trkpt>
      <trkpt lat="46.2077" lon="11.99787">
        <ele>556.8700000000001</ele>
      </trkpt>
      <trkpt lat="46.207370000000004" lon="11.996820000000001">
        <ele>563.79</ele>
      </trkpt>
      <trkpt lat="46.206430000000005" lon="11.99568">
        <ele>572.6300000000001</ele>
      </trkpt>
      <trkpt lat="46.20669" lon="11.99374">
        <ele>580.9300000000001</ele>
      </trkpt>
      <trkpt lat="46.20712" lon="11.99327">
        <ele>583.9100000000001</ele>
      </trkpt>
      <trkpt lat="46.20778000000001" lon="11.99323">
        <ele>589.87</ele>
      </trkpt>
      <trkpt lat="46.20761" lon="11.99252">
        <ele>592.31</ele>
      </trkpt>
      <trkpt lat="46.20801" lon="11.99159">
        <ele>590.32</ele>
      </trkpt>
      <trkpt lat="46.209030000000006" lon="11.99042">
        <ele>592.26</ele>
      </trkpt>
      <trkpt lat="46.21022000000001" lon="11.990020000000001">
        <ele>597.57</ele>
      </trkpt>
      <trkpt lat="46.21072" lon="11.989160000000002">
        <ele>600.74</ele>
      </trkpt>
      <trkpt lat="46.21193" lon="11.988890000000001">
        <ele>604.5</ele>
      </trkpt>
      <trkpt lat="46.212430000000005" lon="11.98901">
        <ele>605.57</ele>
      </trkpt>
      <trkpt lat="46.21352" lon="11.99023">
        <ele>620.1500000000001</ele>
      </trkpt>
      <trkpt lat="46.21529" lon="11.992740000000001">
        <ele>640.1600000000001</ele>
      </trkpt>
      <trkpt lat="46.21667" lon="11.993530000000002">
        <ele>656.33</ele>
      </trkpt>
      <trkpt lat="46.217330000000004" lon="11.99416">
        <ele>662.3500000000001</ele>
      </trkpt>
      <trkpt lat="46.217850000000006" lon="11.994200000000001">
        <ele>666.98</ele>
      </trkpt>
      <trkpt lat="46.21844" lon="11.993390000000002">
        <ele>674.61</ele>
      </trkpt>
      <trkpt lat="46.21873" lon="11.9946">
        <ele>682.6500000000001</ele>
      </trkpt>
      <trkpt lat="46.219590000000004" lon="11.995800000000001">
        <ele>695.55</ele>
      </trkpt>
      <trkpt lat="46.219910000000006" lon="11.995650000000001">
        <ele>696.8000000000001</ele>
      </trkpt>
      <trkpt lat="46.220470000000006" lon="11.9944">
        <ele>708.04</ele>
      </trkpt>
      <trkpt lat="46.22063000000001" lon="11.99426">
        <ele>708.04</ele>
      </trkpt>
      <trkpt lat="46.22084" lon="11.994340000000001">
        <ele>709.9000000000001</ele>
      </trkpt>
      <trkpt lat="46.22106" lon="11.995320000000001">
        <ele>715.71</ele>
      </trkpt>
      <trkpt lat="46.221740000000004" lon="11.99567">
        <ele>722.07</ele>
      </trkpt>
      <trkpt lat="46.221700000000006" lon="11.99707">
        <ele>730.83</ele>
      </trkpt>
      <trkpt lat="46.222710000000006" lon="11.99952">
        <ele>752.0300000000001</ele>
      </trkpt>
      <trkpt lat="46.223000000000006" lon="12.001410000000002">
        <ele>765.33</ele>
      </trkpt>
      <trkpt lat="46.22314" lon="12.0013">
        <ele>765.97</ele>
      </trkpt>
      <trkpt lat="46.223040000000005" lon="12.00018">
        <ele>771.45</ele>
      </trkpt>
      <trkpt lat="46.223130000000005" lon="11.998030000000002">
        <ele>783.34</ele>
      </trkpt>
      <trkpt lat="46.2235" lon="11.995640000000002">
        <ele>801.1800000000001</ele>
      </trkpt>
      <trkpt lat="46.22364" lon="11.99535">
        <ele>804.0600000000001</ele>
      </trkpt>
      <trkpt lat="46.224430000000005" lon="11.994840000000002">
        <ele>812.33</ele>
      </trkpt>
      <trkpt lat="46.224990000000005" lon="11.99488">
        <ele>817.08</ele>
      </trkpt>
      <trkpt lat="46.224940000000004" lon="11.99505">
        <ele>817.23</ele>
      </trkpt>
      <trkpt lat="46.224450000000004" lon="11.995030000000002">
        <ele>818.46</ele>
      </trkpt>
      <trkpt lat="46.22415" lon="11.99549">
        <ele>820.3900000000001</ele>
      </trkpt>
      <trkpt lat="46.224030000000006" lon="11.995980000000001">
        <ele>823.25</ele>
      </trkpt>
      <trkpt lat="46.22431" lon="11.99877">
        <ele>834.97</ele>
      </trkpt>
      <trkpt lat="46.224810000000005" lon="12.0013">
        <ele>845.33</ele>
      </trkpt>
      <trkpt lat="46.22551000000001" lon="12.002310000000001">
        <ele>851.1800000000001</ele>
      </trkpt>
      <trkpt lat="46.225010000000005" lon="12.00111">
        <ele>857.6800000000001</ele>
      </trkpt>
      <trkpt lat="46.22511" lon="11.999870000000001">
        <ele>861.5800000000002</ele>
      </trkpt>
      <trkpt lat="46.22496" lon="11.99698">
        <ele>877.3700000000001</ele>
      </trkpt>
      <trkpt lat="46.225010000000005" lon="11.996670000000002">
        <ele>881.0500000000001</ele>
      </trkpt>
      <trkpt lat="46.225730000000006" lon="11.996490000000001">
        <ele>885.73</ele>
      </trkpt>
      <trkpt lat="46.225750000000005" lon="11.996640000000001">
        <ele>886.6400000000001</ele>
      </trkpt>
      <trkpt lat="46.22529" lon="11.996780000000001">
        <ele>889.85</ele>
      </trkpt>
      <trkpt lat="46.22522000000001" lon="11.996950000000002">
        <ele>890.6500000000001</ele>
      </trkpt>
      <trkpt lat="46.22567" lon="11.997530000000001">
        <ele>894.21</ele>
      </trkpt>
      <trkpt lat="46.226040000000005" lon="11.999490000000002">
        <ele>906.8000000000001</ele>
      </trkpt>
      <trkpt lat="46.226440000000004" lon="12.000340000000001">
        <ele>913.08</ele>
      </trkpt>
      <trkpt lat="46.22654000000001" lon="12.0012">
        <ele>918.46</ele>
      </trkpt>
      <trkpt lat="46.22758" lon="12.003940000000002">
        <ele>929.1100000000001</ele>
      </trkpt>
      <trkpt lat="46.22804000000001" lon="12.00435">
        <ele>931.07</ele>
      </trkpt>
      <trkpt lat="46.228190000000005" lon="12.00614">
        <ele>938.61</ele>
      </trkpt>
      <trkpt lat="46.229240000000004" lon="12.006960000000001">
        <ele>949.3800000000001</ele>
      </trkpt>
      <trkpt lat="46.229290000000006" lon="12.008280000000001">
        <ele>961.0500000000001</ele>
      </trkpt>
      <trkpt lat="46.229980000000005" lon="12.009860000000002">
        <ele>978.7600000000001</ele>
      </trkpt>
      <trkpt lat="46.23093" lon="12.010190000000001">
        <ele>988.6400000000001</ele>
      </trkpt>
      <trkpt lat="46.23299" lon="12.01299">
        <ele>992.7900000000001</ele>
      </trkpt>
      <trkpt lat="46.23492" lon="12.014050000000001">
        <ele>990.47</ele>
      </trkpt>
      <trkpt lat="46.23633" lon="12.015880000000001">
        <ele>985.6100000000001</ele>
      </trkpt>
      <trkpt lat="46.237350000000006" lon="12.016140000000002">
        <ele>980.9000000000001</ele>
      </trkpt>
      <trkpt lat="46.23807" lon="12.017470000000001">
        <ele>975.5</ele>
      </trkpt>
      <trkpt lat="46.2394" lon="12.017600000000002">
        <ele>971.32</ele>
      </trkpt>
      <trkpt lat="46.24038" lon="12.018210000000002">
        <ele>970.2100000000002</ele>
      </trkpt>
      <trkpt lat="46.24080000000001" lon="12.018920000000001">
        <ele>969.47</ele>
      </trkpt>
      <trkpt lat="46.24302" lon="12.019520000000002">
        <ele>967.6000000000001</ele>
      </trkpt>
      <trkpt lat="46.244150000000005" lon="12.02008">
        <ele>967.45</ele>
      </trkpt>
      <trkpt lat="46.24483" lon="12.01989">
        <ele>967.4200000000001</ele>
      </trkpt>
      <trkpt lat="46.2453" lon="12.020480000000001">
        <ele>967.9900000000001</ele>
      </trkpt>
      <trkpt lat="46.24671000000001" lon="12.021450000000002">
        <ele>969.8500000000001</ele>
      </trkpt>
      <trkpt lat="46.2486" lon="12.02186">
        <ele>969.3600000000001</ele>
      </trkpt>
      <trkpt lat="46.24922" lon="12.022710000000002">
        <ele>969.0600000000001</ele>
      </trkpt>
      <trkpt lat="46.24998" lon="12.02265">
        <ele>968.79</ele>
      </trkpt>
      <trkpt lat="46.250350000000005" lon="12.02327">
        <ele>968.7700000000001</ele>
      </trkpt>
      <trkpt lat="46.251810000000006" lon="12.023190000000001">
        <ele>966.6600000000001</ele>
      </trkpt>
      <trkpt lat="46.25278" lon="12.024650000000001">
        <ele>960.5100000000001</ele>
      </trkpt>
      <trkpt lat="46.25401" lon="12.02585">
        <ele>947.19</ele>
      </trkpt>
      <trkpt lat="46.25663" lon="12.027260000000002">
        <ele>923.57</ele>
      </trkpt>
      <trkpt lat="46.25813" lon="12.029900000000001">
        <ele>902.6400000000001</ele>
      </trkpt>
      <trkpt lat="46.25885" lon="12.029810000000001">
        <ele>895.8100000000001</ele>
      </trkpt>
      <trkpt lat="46.259600000000006" lon="12.02927">
        <ele>889.96</ele>
      </trkpt>
      <trkpt lat="46.260670000000005" lon="12.02884">
        <ele>880.0400000000001</ele>
      </trkpt>
      <trkpt lat="46.26118" lon="12.02814">
        <ele>877.9100000000001</ele>
      </trkpt>
      <trkpt lat="46.26138" lon="12.027260000000002">
        <ele>878.4300000000001</ele>
      </trkpt>
      <trkpt lat="46.26171" lon="12.026980000000002">
        <ele>878.14</ele>
      </trkpt>
      <trkpt lat="46.262570000000004" lon="12.026650000000002">
        <ele>878.1500000000001</ele>
      </trkpt>
      <trkpt lat="46.262800000000006" lon="12.025530000000002">
        <ele>876.6600000000001</ele>
      </trkpt>
      <trkpt lat="46.26362" lon="12.025350000000001">
        <ele>876.1700000000001</ele>
      </trkpt>
      <trkpt lat="46.265350000000005" lon="12.02321">
        <ele>883.63</ele>
      </trkpt>
      <trkpt lat="46.265370000000004" lon="12.022540000000001">
        <ele>885.6</ele>
      </trkpt>
      <trkpt lat="46.264990000000004" lon="12.021790000000001">
        <ele>887.97</ele>
      </trkpt>
      <trkpt lat="46.264660000000006" lon="12.02053">
        <ele>890.94</ele>
      </trkpt>
      <trkpt lat="46.26427" lon="12.019990000000002">
        <ele>892.4300000000001</ele>
      </trkpt>
      <trkpt lat="46.26429" lon="12.019760000000002">
        <ele>892.44</ele>
      </trkpt>
      <trkpt lat="46.264630000000004" lon="12.018720000000002">
        <ele>892.0100000000001</ele>
      </trkpt>
      <trkpt lat="46.264990000000004" lon="12.01838">
        <ele>891.84</ele>
      </trkpt>
      <trkpt lat="46.26614000000001" lon="12.01612">
        <ele>889.7700000000001</ele>
      </trkpt>
      <trkpt lat="46.26614000000001" lon="12.015960000000002">
        <ele>889.59</ele>
      </trkpt>
      <trkpt lat="46.26581" lon="12.015630000000002">
        <ele>888.2</ele>
      </trkpt>
      <trkpt lat="46.265750000000004" lon="12.014640000000002">
        <ele>885.7800000000001</ele>
      </trkpt>
      <trkpt lat="46.2659" lon="12.0129">
        <ele>881.65</ele>
      </trkpt>
      <trkpt lat="46.26572" lon="12.01209">
        <ele>881.0400000000001</ele>
      </trkpt>
      <trkpt lat="46.266040000000004" lon="12.01069">
        <ele>881.5600000000001</ele>
      </trkpt>
      <trkpt lat="46.26733" lon="12.010010000000001">
        <ele>879.9000000000001</ele>
      </trkpt>
      <trkpt lat="46.26747" lon="12.009570000000002">
        <ele>876.89</ele>
      </trkpt>
      <trkpt lat="46.26718" lon="12.00899">
        <ele>873.7300000000001</ele>
      </trkpt>
      <trkpt lat="46.266870000000004" lon="12.00735">
        <ele>864.38</ele>
      </trkpt>
      <trkpt lat="46.267070000000004" lon="12.007520000000001">
        <ele>861.62</ele>
      </trkpt>
      <trkpt lat="46.26764000000001" lon="12.008870000000002">
        <ele>853.35</ele>
      </trkpt>
      <trkpt lat="46.26796" lon="12.009070000000001">
        <ele>850.47</ele>
      </trkpt>
      <trkpt lat="46.26793000000001" lon="12.00839">
        <ele>847.1400000000001</ele>
      </trkpt>
      <trkpt lat="46.267320000000005" lon="12.00698">
        <ele>834.52</ele>
      </trkpt>
      <trkpt lat="46.26733" lon="12.006710000000002">
        <ele>833.1</ele>
      </trkpt>
      <trkpt lat="46.267950000000006" lon="12.00646">
        <ele>831.85</ele>
      </trkpt>
      <trkpt lat="46.268420000000006" lon="12.00711">
        <ele>834.3000000000001</ele>
      </trkpt>
      <trkpt lat="46.26923" lon="12.007380000000001">
        <ele>840.6</ele>
      </trkpt>
      <trkpt lat="46.26997" lon="12.00792">
        <ele>846.82</ele>
      </trkpt>
      <trkpt lat="46.27084000000001" lon="12.007370000000002">
        <ele>850.37</ele>
      </trkpt>
      <trkpt lat="46.271330000000006" lon="12.006760000000002">
        <ele>855.98</ele>
      </trkpt>
      <trkpt lat="46.272020000000005" lon="12.00497">
        <ele>873.0000000000001</ele>
      </trkpt>
      <trkpt lat="46.27161" lon="12.004790000000002">
        <ele>874.1000000000001</ele>
      </trkpt>
      <trkpt lat="46.27102000000001" lon="12.00501">
        <ele>879.9300000000001</ele>
      </trkpt>
      <trkpt lat="46.27037000000001" lon="12.004700000000001">
        <ele>885.3700000000001</ele>
      </trkpt>
      <trkpt lat="46.27002" lon="12.004290000000001">
        <ele>888.3000000000001</ele>
      </trkpt>
      <trkpt lat="46.26903" lon="12.00389">
        <ele>893.69</ele>
      </trkpt>
      <trkpt lat="46.267360000000004" lon="12.002640000000001">
        <ele>902.5500000000001</ele>
      </trkpt>
      <trkpt lat="46.26568" lon="12.00079">
        <ele>921.3000000000001</ele>
      </trkpt>
      <trkpt lat="46.26368" lon="11.99948">
        <ele>938.3</ele>
      </trkpt>
      <trkpt lat="46.26312" lon="11.999300000000002">
        <ele>944.2</ele>
      </trkpt>
      <trkpt lat="46.26312" lon="11.999020000000002">
        <ele>946.21</ele>
      </trkpt>
      <trkpt lat="46.26359" lon="11.99868">
        <ele>950.4800000000001</ele>
      </trkpt>
      <trkpt lat="46.26485" lon="11.999020000000002">
        <ele>959.0</ele>
      </trkpt>
      <trkpt lat="46.265" lon="11.99886">
        <ele>962.5300000000001</ele>
      </trkpt>
      <trkpt lat="46.262950000000004" lon="11.997100000000001">
        <ele>978.9700000000001</ele>
      </trkpt>
      <trkpt lat="46.26102" lon="11.99454">
        <ele>999.8100000000001</ele>
      </trkpt>
      <trkpt lat="46.26077" lon="11.993920000000001">
        <ele>1003.5200000000002</ele>
      </trkpt>
      <trkpt lat="46.26052000000001" lon="11.99266">
        <ele>1009.87</ele>
      </trkpt>
      <trkpt lat="46.26033" lon="11.99083">
        <ele>1027.32</ele>
      </trkpt>
      <trkpt lat="46.260180000000005" lon="11.99075">
        <ele>1028.0800000000002</ele>
      </trkpt>
      <trkpt lat="46.25988" lon="11.991380000000001">
        <ele>1032.3</ele>
      </trkpt>
      <trkpt lat="46.25963" lon="11.99131">
        <ele>1034.73</ele>
      </trkpt>
      <trkpt lat="46.25952" lon="11.98957">
        <ele>1041.64</ele>
      </trkpt>
      <trkpt lat="46.25963" lon="11.98863">
        <ele>1045.52</ele>
      </trkpt>
      <trkpt lat="46.25939" lon="11.98858">
        <ele>1045.88</ele>
      </trkpt>
      <trkpt lat="46.258720000000004" lon="11.98905">
        <ele>1052.57</ele>
      </trkpt>
      <trkpt lat="46.25833" lon="11.98877">
        <ele>1054.99</ele>
      </trkpt>
      <trkpt lat="46.258190000000006" lon="11.98806">
        <ele>1060.2900000000002</ele>
      </trkpt>
      <trkpt lat="46.25827" lon="11.987190000000002">
        <ele>1064.4</ele>
      </trkpt>
      <trkpt lat="46.257650000000005" lon="11.98651">
        <ele>1069.48</ele>
      </trkpt>
      <trkpt lat="46.257830000000006" lon="11.984890000000002">
        <ele>1074.99</ele>
      </trkpt>
      <trkpt lat="46.25779000000001" lon="11.984390000000001">
        <ele>1079.23</ele>
      </trkpt>
      <trkpt lat="46.257670000000005" lon="11.984210000000001">
        <ele>1081.25</ele>
      </trkpt>
      <trkpt lat="46.256660000000004" lon="11.98451">
        <ele>1090.5500000000002</ele>
      </trkpt>
      <trkpt lat="46.255900000000004" lon="11.984440000000001">
        <ele>1093.67</ele>
      </trkpt>
      <trkpt lat="46.253710000000005" lon="11.983540000000001">
        <ele>1090.3</ele>
      </trkpt>
      <trkpt lat="46.25247" lon="11.982640000000002">
        <ele>1091.3700000000001</ele>
      </trkpt>
      <trkpt lat="46.251630000000006" lon="11.982460000000001">
        <ele>1093.18</ele>
      </trkpt>
      <trkpt lat="46.251400000000004" lon="11.98207">
        <ele>1093.34</ele>
      </trkpt>
      <trkpt lat="46.25144" lon="11.980780000000001">
        <ele>1092.98</ele>
      </trkpt>
      <trkpt lat="46.251110000000004" lon="11.98038">
        <ele>1093.08</ele>
      </trkpt>
      <trkpt lat="46.25045" lon="11.98112">
        <ele>1093.91</ele>
      </trkpt>
      <trkpt lat="46.249550000000006" lon="11.98121">
        <ele>1097.97</ele>
      </trkpt>
      <trkpt lat="46.247330000000005" lon="11.98197">
        <ele>1102.8</ele>
      </trkpt>
      <trkpt lat="46.24607" lon="11.981610000000002">
        <ele>1108.3</ele>
      </trkpt>
      <trkpt lat="46.245340000000006" lon="11.9823">
        <ele>1113.48</ele>
      </trkpt>
      <trkpt lat="46.24506" lon="11.982310000000002">
        <ele>1115.55</ele>
      </trkpt>
      <trkpt lat="46.24206" lon="11.98061">
        <ele>1142.95</ele>
      </trkpt>
      <trkpt lat="46.241040000000005" lon="11.980640000000001">
        <ele>1151.9</ele>
      </trkpt>
      <trkpt lat="46.240520000000004" lon="11.98088">
        <ele>1156.3400000000001</ele>
      </trkpt>
      <trkpt lat="46.23953" lon="11.980390000000002">
        <ele>1164.83</ele>
      </trkpt>
      <trkpt lat="46.23839" lon="11.980670000000002">
        <ele>1174.13</ele>
      </trkpt>
      <trkpt lat="46.23913" lon="11.980070000000001">
        <ele>1178.4</ele>
      </trkpt>
      <trkpt lat="46.23959000000001" lon="11.979920000000002">
        <ele>1182.96</ele>
      </trkpt>
      <trkpt lat="46.240300000000005" lon="11.979970000000002">
        <ele>1187.6200000000001</ele>
      </trkpt>
      <trkpt lat="46.24157" lon="11.979170000000002">
        <ele>1198.8700000000001</ele>
      </trkpt>
      <trkpt lat="46.2415" lon="11.979030000000002">
        <ele>1199.4900000000002</ele>
      </trkpt>
      <trkpt lat="46.24015000000001" lon="11.979470000000001">
        <ele>1205.43</ele>
      </trkpt>
      <trkpt lat="46.23950000000001" lon="11.97924">
        <ele>1210.0700000000002</ele>
      </trkpt>
      <trkpt lat="46.238420000000005" lon="11.979360000000002">
        <ele>1215.8200000000002</ele>
      </trkpt>
      <trkpt lat="46.23832" lon="11.9793">
        <ele>1217.0500000000002</ele>
      </trkpt>
      <trkpt lat="46.23839" lon="11.979080000000002">
        <ele>1217.91</ele>
      </trkpt>
      <trkpt lat="46.239920000000005" lon="11.978840000000002">
        <ele>1228.38</ele>
      </trkpt>
      <trkpt lat="46.240520000000004" lon="11.97826">
        <ele>1233.7900000000002</ele>
      </trkpt>
      <trkpt lat="46.241530000000004" lon="11.977900000000002">
        <ele>1242.99</ele>
      </trkpt>
      <trkpt lat="46.241710000000005" lon="11.97747">
        <ele>1245.16</ele>
      </trkpt>
      <trkpt lat="46.24116" lon="11.97785">
        <ele>1251.48</ele>
      </trkpt>
      <trkpt lat="46.23984" lon="11.9776">
        <ele>1262.7</ele>
      </trkpt>
      <trkpt lat="46.239000000000004" lon="11.97788">
        <ele>1271.9600000000003</ele>
      </trkpt>
      <trkpt lat="46.2385" lon="11.977780000000001">
        <ele>1276.04</ele>
      </trkpt>
      <trkpt lat="46.23677000000001" lon="11.97644">
        <ele>1294.01</ele>
      </trkpt>
      <trkpt lat="46.23648" lon="11.975740000000002">
        <ele>1297.5</ele>
      </trkpt>
      <trkpt lat="46.23671" lon="11.97366">
        <ele>1298.07</ele>
      </trkpt>
      <trkpt lat="46.236610000000006" lon="11.972510000000002">
        <ele>1297.16</ele>
      </trkpt>
      <trkpt lat="46.23357" lon="11.96714">
        <ele>1285.42</ele>
      </trkpt>
      <trkpt lat="46.23333" lon="11.965750000000002">
        <ele>1285.0000000000002</ele>
      </trkpt>
      <trkpt lat="46.23241" lon="11.96377">
        <ele>1284.63</ele>
      </trkpt>
      <trkpt lat="46.23212" lon="11.962710000000001">
        <ele>1282.37</ele>
      </trkpt>
      <trkpt lat="46.23216" lon="11.962000000000002">
        <ele>1279.64</ele>
      </trkpt>
      <trkpt lat="46.232620000000004" lon="11.96067">
        <ele>1276.5700000000002</ele>
      </trkpt>
      <trkpt lat="46.23312000000001" lon="11.960260000000002">
        <ele>1274.2300000000002</ele>
      </trkpt>
      <trkpt lat="46.23317" lon="11.959840000000002">
        <ele>1273.0400000000002</ele>
      </trkpt>
      <trkpt lat="46.23218000000001" lon="11.95935">
        <ele>1267.19</ele>
      </trkpt>
      <trkpt lat="46.231500000000004" lon="11.957920000000001">
        <ele>1264.91</ele>
      </trkpt>
      <trkpt lat="46.23098" lon="11.957780000000001">
        <ele>1264.78</ele>
      </trkpt>
      <trkpt lat="46.23042" lon="11.957270000000001">
        <ele>1263.9</ele>
      </trkpt>
      <trkpt lat="46.22943" lon="11.957080000000001">
        <ele>1261.74</ele>
      </trkpt>
      <trkpt lat="46.22861" lon="11.957630000000002">
        <ele>1256.2600000000002</ele>
      </trkpt>
      <trkpt lat="46.227880000000006" lon="11.957870000000002">
        <ele>1250.0</ele>
      </trkpt>
      <trkpt lat="46.227120000000006" lon="11.957770000000002">
        <ele>1242.1100000000001</ele>
      </trkpt>
      <trkpt lat="46.22659" lon="11.957160000000002">
        <ele>1234.52</ele>
      </trkpt>
      <trkpt lat="46.22614" lon="11.956980000000001">
        <ele>1229.17</ele>
      </trkpt>
      <trkpt lat="46.22532" lon="11.9562">
        <ele>1221.3</ele>
      </trkpt>
      <trkpt lat="46.224880000000006" lon="11.95756">
        <ele>1208.47</ele>
      </trkpt>
      <trkpt lat="46.224700000000006" lon="11.95771">
        <ele>1205.9</ele>
      </trkpt>
      <trkpt lat="46.22395" lon="11.957790000000001">
        <ele>1200.93</ele>
      </trkpt>
      <trkpt lat="46.2237" lon="11.95762">
        <ele>1199.98</ele>
      </trkpt>
      <trkpt lat="46.223670000000006" lon="11.957370000000001">
        <ele>1199.0700000000002</ele>
      </trkpt>
      <trkpt lat="46.223940000000006" lon="11.9557">
        <ele>1190.29</ele>
      </trkpt>
      <trkpt lat="46.22332" lon="11.95559">
        <ele>1185.6200000000001</ele>
      </trkpt>
      <trkpt lat="46.22269000000001" lon="11.95512">
        <ele>1179.43</ele>
      </trkpt>
      <trkpt lat="46.222620000000006" lon="11.95527">
        <ele>1177.5200000000002</ele>
      </trkpt>
      <trkpt lat="46.22298000000001" lon="11.955720000000001">
        <ele>1174.2100000000003</ele>
      </trkpt>
      <trkpt lat="46.22243" lon="11.955430000000002">
        <ele>1168.01</ele>
      </trkpt>
      <trkpt lat="46.22242000000001" lon="11.954070000000002">
        <ele>1159.25</ele>
      </trkpt>
      <trkpt lat="46.22202" lon="11.953410000000002">
        <ele>1153.5600000000002</ele>
      </trkpt>
      <trkpt lat="46.221810000000005" lon="11.953500000000002">
        <ele>1150.32</ele>
      </trkpt>
      <trkpt lat="46.221720000000005" lon="11.95453">
        <ele>1144.65</ele>
      </trkpt>
      <trkpt lat="46.221430000000005" lon="11.954690000000001">
        <ele>1144.1100000000001</ele>
      </trkpt>
      <trkpt lat="46.220980000000004" lon="11.95358">
        <ele>1142.65</ele>
      </trkpt>
      <trkpt lat="46.220530000000004" lon="11.95316">
        <ele>1140.05</ele>
      </trkpt>
      <trkpt lat="46.21967" lon="11.953560000000001">
        <ele>1141.39</ele>
      </trkpt>
      <trkpt lat="46.2186" lon="11.953180000000001">
        <ele>1145.37</ele>
      </trkpt>
      <trkpt lat="46.21815" lon="11.952860000000001">
        <ele>1146.06</ele>
      </trkpt>
      <trkpt lat="46.21683" lon="11.953040000000001">
        <ele>1164.76</ele>
      </trkpt>
      <trkpt lat="46.214490000000005" lon="11.95208">
        <ele>1186.68</ele>
      </trkpt>
      <trkpt lat="46.214000000000006" lon="11.95227">
        <ele>1186.29</ele>
      </trkpt>
      <trkpt lat="46.213640000000005" lon="11.95292">
        <ele>1184.41</ele>
      </trkpt>
      <trkpt lat="46.21316" lon="11.953000000000001">
        <ele>1184.0000000000002</ele>
      </trkpt>
      <trkpt lat="46.212430000000005" lon="11.953420000000001">
        <ele>1184.66</ele>
      </trkpt>
      <trkpt lat="46.21201000000001" lon="11.954130000000001">
        <ele>1187.3100000000002</ele>
      </trkpt>
      <trkpt lat="46.21139" lon="11.95443">
        <ele>1191.0</ele>
      </trkpt>
      <trkpt lat="46.21103" lon="11.954930000000001">
        <ele>1193.45</ele>
      </trkpt>
      <trkpt lat="46.20989" lon="11.95573">
        <ele>1198.7500000000002</ele>
      </trkpt>
      <trkpt lat="46.209680000000006" lon="11.95574">
        <ele>1200.31</ele>
      </trkpt>
      <trkpt lat="46.20906" lon="11.955240000000002">
        <ele>1203.3700000000001</ele>
      </trkpt>
      <trkpt lat="46.20801" lon="11.954780000000001">
        <ele>1204.2700000000002</ele>
      </trkpt>
      <trkpt lat="46.207770000000004" lon="11.954250000000002">
        <ele>1203.3700000000001</ele>
      </trkpt>
      <trkpt lat="46.207950000000004" lon="11.953660000000001">
        <ele>1201.44</ele>
      </trkpt>
      <trkpt lat="46.20799" lon="11.952960000000001">
        <ele>1200.29</ele>
      </trkpt>
      <trkpt lat="46.207820000000005" lon="11.95148">
        <ele>1194.93</ele>
      </trkpt>
      <trkpt lat="46.20761" lon="11.95081">
        <ele>1191.9</ele>
      </trkpt>
      <trkpt lat="46.20705" lon="11.949950000000001">
        <ele>1190.23</ele>
      </trkpt>
      <trkpt lat="46.20665" lon="11.948730000000001">
        <ele>1185.81</ele>
      </trkpt>
      <trkpt lat="46.20674" lon="11.94697">
        <ele>1179.8500000000001</ele>
      </trkpt>
      <trkpt lat="46.20646000000001" lon="11.94536">
        <ele>1173.9400000000003</ele>
      </trkpt>
      <trkpt lat="46.206540000000004" lon="11.94284">
        <ele>1167.27</ele>
      </trkpt>
      <trkpt lat="46.20628000000001" lon="11.94208">
        <ele>1164.43</ele>
      </trkpt>
      <trkpt lat="46.20624" lon="11.941540000000002">
        <ele>1163.48</ele>
      </trkpt>
      <trkpt lat="46.20656" lon="11.93898">
        <ele>1157.7700000000002</ele>
      </trkpt>
      <trkpt lat="46.207860000000004" lon="11.93632">
        <ele>1160.25</ele>
      </trkpt>
      <trkpt lat="46.20861000000001" lon="11.931370000000001">
        <ele>1130.94</ele>
      </trkpt>
      <trkpt lat="46.20924" lon="11.929240000000002">
        <ele>1121.9</ele>
      </trkpt>
      <trkpt lat="46.209230000000005" lon="11.92833">
        <ele>1117.63</ele>
      </trkpt>
      <trkpt lat="46.20881000000001" lon="11.927570000000001">
        <ele>1115.7700000000002</ele>
      </trkpt>
      <trkpt lat="46.20823" lon="11.9275">
        <ele>1117.4700000000003</ele>
      </trkpt>
      <trkpt lat="46.207530000000006" lon="11.9281">
        <ele>1122.97</ele>
      </trkpt>
      <trkpt lat="46.20718" lon="11.927290000000001">
        <ele>1127.25</ele>
      </trkpt>
      <trkpt lat="46.20633" lon="11.927520000000001">
        <ele>1124.42</ele>
      </trkpt>
      <trkpt lat="46.20553" lon="11.92721">
        <ele>1122.48</ele>
      </trkpt>
      <trkpt lat="46.204800000000006" lon="11.926050000000002">
        <ele>1114.53</ele>
      </trkpt>
      <trkpt lat="46.20467000000001" lon="11.926250000000001">
        <ele>1111.79</ele>
      </trkpt>
      <trkpt lat="46.20477" lon="11.926480000000002">
        <ele>1110.93</ele>
      </trkpt>
      <trkpt lat="46.20481" lon="11.9275">
        <ele>1105.04</ele>
      </trkpt>
      <trkpt lat="46.20562" lon="11.928830000000001">
        <ele>1094.15</ele>
      </trkpt>
      <trkpt lat="46.20584" lon="11.92966">
        <ele>1088.8</ele>
      </trkpt>
      <trkpt lat="46.20570000000001" lon="11.93007">
        <ele>1085.19</ele>
      </trkpt>
      <trkpt lat="46.20468" lon="11.930570000000001">
        <ele>1072.92</ele>
      </trkpt>
      <trkpt lat="46.203810000000004" lon="11.930100000000001">
        <ele>1062.3600000000001</ele>
      </trkpt>
      <trkpt lat="46.202670000000005" lon="11.93012">
        <ele>1056.64</ele>
      </trkpt>
      <trkpt lat="46.20266" lon="11.929730000000001">
        <ele>1055.88</ele>
      </trkpt>
      <trkpt lat="46.2032" lon="11.929290000000002">
        <ele>1051.98</ele>
      </trkpt>
      <trkpt lat="46.20333" lon="11.928220000000001">
        <ele>1049.8700000000001</ele>
      </trkpt>
      <trkpt lat="46.203140000000005" lon="11.92806">
        <ele>1049.6100000000001</ele>
      </trkpt>
      <trkpt lat="46.20284" lon="11.928360000000001">
        <ele>1049.1000000000001</ele>
      </trkpt>
      <trkpt lat="46.202560000000005" lon="11.92792">
        <ele>1047.96</ele>
      </trkpt>
      <trkpt lat="46.202360000000006" lon="11.92786">
        <ele>1047.56</ele>
      </trkpt>
      <trkpt lat="46.201080000000005" lon="11.92834">
        <ele>1044.8500000000001</ele>
      </trkpt>
      <trkpt lat="46.20109" lon="11.929590000000001">
        <ele>1045.65</ele>
      </trkpt>
      <trkpt lat="46.20092" lon="11.9298">
        <ele>1045.8</ele>
      </trkpt>
      <trkpt lat="46.2004" lon="11.92979">
        <ele>1046.17</ele>
      </trkpt>
      <trkpt lat="46.20033" lon="11.93083">
        <ele>1046.67</ele>
      </trkpt>
      <trkpt lat="46.199540000000006" lon="11.930460000000002">
        <ele>1047.83</ele>
      </trkpt>
      <trkpt lat="46.199110000000005" lon="11.93058">
        <ele>1048.77</ele>
      </trkpt>
      <trkpt lat="46.19897" lon="11.93097">
        <ele>1049.46</ele>
      </trkpt>
      <trkpt lat="46.19914000000001" lon="11.93166">
        <ele>1049.69</ele>
      </trkpt>
      <trkpt lat="46.198690000000006" lon="11.93195">
        <ele>1048.6100000000001</ele>
      </trkpt>
      <trkpt lat="46.19858000000001" lon="11.93255">
        <ele>1047.96</ele>
      </trkpt>
      <trkpt lat="46.19847" lon="11.932590000000001">
        <ele>1047.39</ele>
      </trkpt>
      <trkpt lat="46.198100000000004" lon="11.932220000000001">
        <ele>1046.04</ele>
      </trkpt>
      <trkpt lat="46.197750000000006" lon="11.932400000000001">
        <ele>1045.8899999999999</ele>
      </trkpt>
      <trkpt lat="46.19789" lon="11.933990000000001">
        <ele>1048.34</ele>
      </trkpt>
      <trkpt lat="46.19688000000001" lon="11.93434">
        <ele>1051.86</ele>
      </trkpt>
      <trkpt lat="46.19670000000001" lon="11.934560000000001">
        <ele>1052.4600000000003</ele>
      </trkpt>
      <trkpt lat="46.19659" lon="11.93579">
        <ele>1053.91</ele>
      </trkpt>
      <trkpt lat="46.196720000000006" lon="11.93684">
        <ele>1056.8300000000002</ele>
      </trkpt>
      <trkpt lat="46.196560000000005" lon="11.93716">
        <ele>1057.7500000000002</ele>
      </trkpt>
      <trkpt lat="46.196450000000006" lon="11.9379">
        <ele>1059.2400000000002</ele>
      </trkpt>
      <trkpt lat="46.19583" lon="11.93942">
        <ele>1061.44</ele>
      </trkpt>
      <trkpt lat="46.19503" lon="11.942530000000001">
        <ele>1066.87</ele>
      </trkpt>
      <trkpt lat="46.194750000000006" lon="11.94283">
        <ele>1067.1200000000001</ele>
      </trkpt>
      <trkpt lat="46.19507" lon="11.944210000000002">
        <ele>1063.91</ele>
      </trkpt>
      <trkpt lat="46.1948" lon="11.94485">
        <ele>1059.7800000000002</ele>
      </trkpt>
      <trkpt lat="46.19418" lon="11.944830000000001">
        <ele>1054.27</ele>
      </trkpt>
      <trkpt lat="46.19370000000001" lon="11.94448">
        <ele>1051.0900000000001</ele>
      </trkpt>
      <trkpt lat="46.19424" lon="11.94363">
        <ele>1051.3600000000001</ele>
      </trkpt>
      <trkpt lat="46.1942" lon="11.94284">
        <ele>1059.05</ele>
      </trkpt>
      <trkpt lat="46.19407" lon="11.94355">
        <ele>1065.45</ele>
      </trkpt>
      <trkpt lat="46.19397000000001" lon="11.943620000000001">
        <ele>1065.45</ele>
      </trkpt>
      <trkpt lat="46.19382" lon="11.94303">
        <ele>1070.8300000000002</ele>
      </trkpt>
      <trkpt lat="46.19346" lon="11.942670000000001">
        <ele>1076.16</ele>
      </trkpt>
      <trkpt lat="46.19303" lon="11.94369">
        <ele>1087.0900000000001</ele>
      </trkpt>
      <trkpt lat="46.19285000000001" lon="11.943800000000001">
        <ele>1088.45</ele>
      </trkpt>
      <trkpt lat="46.19257" lon="11.943010000000001">
        <ele>1097.28</ele>
      </trkpt>
      <trkpt lat="46.19176" lon="11.94283">
        <ele>1108.53</ele>
      </trkpt>
      <trkpt lat="46.191500000000005" lon="11.94223">
        <ele>1112.41</ele>
      </trkpt>
      <trkpt lat="46.19068" lon="11.94186">
        <ele>1122.12</ele>
      </trkpt>
      <trkpt lat="46.19068" lon="11.941160000000002">
        <ele>1125.38</ele>
      </trkpt>
      <trkpt lat="46.19053" lon="11.94082">
        <ele>1130.1499999999999</ele>
      </trkpt>
      <trkpt lat="46.190940000000005" lon="11.9396">
        <ele>1142.43</ele>
      </trkpt>
      <trkpt lat="46.19106" lon="11.93806">
        <ele>1151.8300000000002</ele>
      </trkpt>
      <trkpt lat="46.19156" lon="11.937360000000002">
        <ele>1157.8400000000001</ele>
      </trkpt>
      <trkpt lat="46.19169" lon="11.93651">
        <ele>1163.38</ele>
      </trkpt>
      <trkpt lat="46.19171" lon="11.93607">
        <ele>1167.5900000000001</ele>
      </trkpt>
      <trkpt lat="46.19149" lon="11.93491">
        <ele>1174.83</ele>
      </trkpt>
      <trkpt lat="46.19164000000001" lon="11.934790000000001">
        <ele>1175.0800000000002</ele>
      </trkpt>
      <trkpt lat="46.192280000000004" lon="11.93499">
        <ele>1179.1299999999999</ele>
      </trkpt>
      <trkpt lat="46.19355" lon="11.936470000000002">
        <ele>1192.6100000000001</ele>
      </trkpt>
      <trkpt lat="46.19388000000001" lon="11.936340000000001">
        <ele>1193.15</ele>
      </trkpt>
      <trkpt lat="46.194160000000004" lon="11.93515">
        <ele>1187.94</ele>
      </trkpt>
      <trkpt lat="46.194030000000005" lon="11.93457">
        <ele>1189.99</ele>
      </trkpt>
      <trkpt lat="46.19407" lon="11.93354">
        <ele>1193.2</ele>
      </trkpt>
      <trkpt lat="46.19462" lon="11.932480000000002">
        <ele>1201.65</ele>
      </trkpt>
      <trkpt lat="46.194630000000004" lon="11.9318">
        <ele>1206.76</ele>
      </trkpt>
      <trkpt lat="46.194770000000005" lon="11.931470000000001">
        <ele>1210.58</ele>
      </trkpt>
      <trkpt lat="46.19453" lon="11.93049">
        <ele>1217.78</ele>
      </trkpt>
      <trkpt lat="46.194680000000005" lon="11.929680000000001">
        <ele>1223.81</ele>
      </trkpt>
      <trkpt lat="46.1946" lon="11.929020000000001">
        <ele>1229.45</ele>
      </trkpt>
      <trkpt lat="46.195" lon="11.92875">
        <ele>1232.7700000000002</ele>
      </trkpt>
      <trkpt lat="46.19539" lon="11.92872">
        <ele>1236.25</ele>
      </trkpt>
      <trkpt lat="46.195800000000006" lon="11.929100000000002">
        <ele>1240.1000000000001</ele>
      </trkpt>
      <trkpt lat="46.196070000000006" lon="11.9283">
        <ele>1247.4900000000002</ele>
      </trkpt>
      <trkpt lat="46.196200000000005" lon="11.92487">
        <ele>1271.3500000000001</ele>
      </trkpt>
      <trkpt lat="46.19604" lon="11.92435">
        <ele>1275.7</ele>
      </trkpt>
      <trkpt lat="46.19628" lon="11.923610000000002">
        <ele>1281.71</ele>
      </trkpt>
      <trkpt lat="46.19624" lon="11.92294">
        <ele>1286.9700000000003</ele>
      </trkpt>
      <trkpt lat="46.195930000000004" lon="11.922360000000001">
        <ele>1289.89</ele>
      </trkpt>
      <trkpt lat="46.19518" lon="11.921460000000002">
        <ele>1292.93</ele>
      </trkpt>
      <trkpt lat="46.194900000000004" lon="11.920480000000001">
        <ele>1293.39</ele>
      </trkpt>
      <trkpt lat="46.19503" lon="11.91975">
        <ele>1293.08</ele>
      </trkpt>
      <trkpt lat="46.195440000000005" lon="11.919220000000001">
        <ele>1292.9</ele>
      </trkpt>
      <trkpt lat="46.196580000000004" lon="11.918500000000002">
        <ele>1292.37</ele>
      </trkpt>
      <trkpt lat="46.19762" lon="11.919">
        <ele>1296.9700000000003</ele>
      </trkpt>
      <trkpt lat="46.1974" lon="11.918230000000001">
        <ele>1302.2</ele>
      </trkpt>
      <trkpt lat="46.19643000000001" lon="11.916970000000001">
        <ele>1310.57</ele>
      </trkpt>
      <trkpt lat="46.19540000000001" lon="11.915120000000002">
        <ele>1320.78</ele>
      </trkpt>
      <trkpt lat="46.195130000000006" lon="11.914850000000001">
        <ele>1321.6000000000001</ele>
      </trkpt>
      <trkpt lat="46.1944" lon="11.914620000000001">
        <ele>1326.45</ele>
      </trkpt>
      <trkpt lat="46.194210000000005" lon="11.914250000000001">
        <ele>1329.7800000000002</ele>
      </trkpt>
      <trkpt lat="46.194120000000005" lon="11.913120000000001">
        <ele>1334.81</ele>
      </trkpt>
      <trkpt lat="46.19353" lon="11.91051">
        <ele>1346.21</ele>
      </trkpt>
      <trkpt lat="46.193310000000004" lon="11.907000000000002">
        <ele>1365.69</ele>
      </trkpt>
      <trkpt lat="46.19221" lon="11.899360000000001">
        <ele>1335.2700000000002</ele>
      </trkpt>
      <trkpt lat="46.19209" lon="11.897730000000001">
        <ele>1326.65</ele>
      </trkpt>
      <trkpt lat="46.192150000000005" lon="11.896700000000001">
        <ele>1323.94</ele>
      </trkpt>
      <trkpt lat="46.19201" lon="11.89666">
        <ele>1323.3100000000002</ele>
      </trkpt>
      <trkpt lat="46.191750000000006" lon="11.897170000000001">
        <ele>1320.2800000000002</ele>
      </trkpt>
      <trkpt lat="46.19163" lon="11.89708">
        <ele>1319.8700000000001</ele>
      </trkpt>
      <trkpt lat="46.191880000000005" lon="11.894290000000002">
        <ele>1298.9400000000003</ele>
      </trkpt>
      <trkpt lat="46.19187" lon="11.890160000000002">
        <ele>1275.98</ele>
      </trkpt>
      <trkpt lat="46.191750000000006" lon="11.890130000000001">
        <ele>1272.96</ele>
      </trkpt>
      <trkpt lat="46.19149" lon="11.89132">
        <ele>1266.1100000000001</ele>
      </trkpt>
      <trkpt lat="46.191390000000006" lon="11.891380000000002">
        <ele>1265.4500000000003</ele>
      </trkpt>
      <trkpt lat="46.19135000000001" lon="11.889920000000002">
        <ele>1255.47</ele>
      </trkpt>
      <trkpt lat="46.191" lon="11.89047">
        <ele>1248.49</ele>
      </trkpt>
      <trkpt lat="46.19075" lon="11.89056">
        <ele>1246.1100000000001</ele>
      </trkpt>
      <trkpt lat="46.19061000000001" lon="11.89042">
        <ele>1246.1100000000001</ele>
      </trkpt>
      <trkpt lat="46.190470000000005" lon="11.889650000000001">
        <ele>1239.71</ele>
      </trkpt>
      <trkpt lat="46.18992" lon="11.889790000000001">
        <ele>1233.96</ele>
      </trkpt>
      <trkpt lat="46.189730000000004" lon="11.889650000000001">
        <ele>1231.2200000000003</ele>
      </trkpt>
      <trkpt lat="46.18914" lon="11.887220000000001">
        <ele>1206.69</ele>
      </trkpt>
      <trkpt lat="46.187400000000004" lon="11.884630000000001">
        <ele>1176.35</ele>
      </trkpt>
      <trkpt lat="46.185370000000006" lon="11.87859">
        <ele>1125.13</ele>
      </trkpt>
      <trkpt lat="46.184960000000004" lon="11.87494">
        <ele>1104.65</ele>
      </trkpt>
      <trkpt lat="46.18506000000001" lon="11.87448">
        <ele>1102.8600000000001</ele>
      </trkpt>
      <trkpt lat="46.18592" lon="11.873090000000001">
        <ele>1093.94</ele>
      </trkpt>
      <trkpt lat="46.185990000000004" lon="11.872610000000002">
        <ele>1091.29</ele>
      </trkpt>
      <trkpt lat="46.18585" lon="11.87133">
        <ele>1084.8300000000002</ele>
      </trkpt>
      <trkpt lat="46.186330000000005" lon="11.870140000000001">
        <ele>1075.89</ele>
      </trkpt>
      <trkpt lat="46.18619" lon="11.869890000000002">
        <ele>1071.9800000000002</ele>
      </trkpt>
      <trkpt lat="46.18569" lon="11.869840000000002">
        <ele>1068.3100000000002</ele>
      </trkpt>
      <trkpt lat="46.18567" lon="11.869560000000002">
        <ele>1067.1399999999999</ele>
      </trkpt>
      <trkpt lat="46.186170000000004" lon="11.8694">
        <ele>1061.72</ele>
      </trkpt>
      <trkpt lat="46.18627" lon="11.86922">
        <ele>1057.72</ele>
      </trkpt>
      <trkpt lat="46.18632" lon="11.868670000000002">
        <ele>1054.45</ele>
      </trkpt>
      <trkpt lat="46.1869" lon="11.866930000000002">
        <ele>1040.3</ele>
      </trkpt>
      <trkpt lat="46.18715" lon="11.865310000000001">
        <ele>1033.9900000000002</ele>
      </trkpt>
      <trkpt lat="46.18793" lon="11.86466">
        <ele>1022.08</ele>
      </trkpt>
      <trkpt lat="46.189150000000005" lon="11.8642">
        <ele>1010.4200000000001</ele>
      </trkpt>
      <trkpt lat="46.18912" lon="11.86395">
        <ele>1008.27</ele>
      </trkpt>
      <trkpt lat="46.18867" lon="11.864">
        <ele>1003.1300000000001</ele>
      </trkpt>
      <trkpt lat="46.188590000000005" lon="11.86386">
        <ele>1002.2900000000001</ele>
      </trkpt>
      <trkpt lat="46.188950000000006" lon="11.86336">
        <ele>994.9000000000001</ele>
      </trkpt>
      <trkpt lat="46.18894" lon="11.862">
        <ele>984.9300000000001</ele>
      </trkpt>
      <trkpt lat="46.18918" lon="11.86157">
        <ele>982.01</ele>
      </trkpt>
      <trkpt lat="46.18976000000001" lon="11.86157">
        <ele>980.98</ele>
      </trkpt>
      <trkpt lat="46.189890000000005" lon="11.861410000000001">
        <ele>981.2400000000001</ele>
      </trkpt>
      <trkpt lat="46.18914" lon="11.860850000000001">
        <ele>969.5</ele>
      </trkpt>
      <trkpt lat="46.18864000000001" lon="11.860790000000001">
        <ele>963.2700000000001</ele>
      </trkpt>
      <trkpt lat="46.18802" lon="11.860130000000002">
        <ele>953.15</ele>
      </trkpt>
      <trkpt lat="46.187180000000005" lon="11.860650000000001">
        <ele>939.76</ele>
      </trkpt>
      <trkpt lat="46.186840000000004" lon="11.860600000000002">
        <ele>936.03</ele>
      </trkpt>
      <trkpt lat="46.186550000000004" lon="11.860230000000001">
        <ele>936.0</ele>
      </trkpt>
      <trkpt lat="46.186530000000005" lon="11.85973">
        <ele>927.8000000000001</ele>
      </trkpt>
      <trkpt lat="46.187290000000004" lon="11.85818">
        <ele>909.05</ele>
      </trkpt>
      <trkpt lat="46.18735" lon="11.856380000000001">
        <ele>893.1800000000001</ele>
      </trkpt>
      <trkpt lat="46.186930000000004" lon="11.855010000000002">
        <ele>878.02</ele>
      </trkpt>
      <trkpt lat="46.1858" lon="11.853510000000002">
        <ele>859.25</ele>
      </trkpt>
      <trkpt lat="46.18531" lon="11.852500000000001">
        <ele>850.3000000000001</ele>
      </trkpt>
      <trkpt lat="46.18542" lon="11.852260000000001">
        <ele>848.0300000000001</ele>
      </trkpt>
      <trkpt lat="46.18598" lon="11.85299">
        <ele>837.7500000000001</ele>
      </trkpt>
      <trkpt lat="46.18609000000001" lon="11.852910000000001">
        <ele>833.5100000000001</ele>
      </trkpt>
      <trkpt lat="46.18587" lon="11.851930000000001">
        <ele>826.52</ele>
      </trkpt>
      <trkpt lat="46.185520000000004" lon="11.85111">
        <ele>817.8900000000001</ele>
      </trkpt>
      <trkpt lat="46.18556" lon="11.850880000000002">
        <ele>815.0200000000001</ele>
      </trkpt>
      <trkpt lat="46.18629000000001" lon="11.851640000000002">
        <ele>809.1100000000001</ele>
      </trkpt>
      <trkpt lat="46.18656000000001" lon="11.851360000000001">
        <ele>808.85</ele>
      </trkpt>
      <trkpt lat="46.186640000000004" lon="11.850990000000001">
        <ele>806.15</ele>
      </trkpt>
      <trkpt lat="46.18657" lon="11.850560000000002">
        <ele>803.3500000000001</ele>
      </trkpt>
      <trkpt lat="46.18558" lon="11.84889">
        <ele>790.6</ele>
      </trkpt>
      <trkpt lat="46.18509" lon="11.84585">
        <ele>772.35</ele>
      </trkpt>
      <trkpt lat="46.183510000000005" lon="11.844320000000002">
        <ele>760.5400000000001</ele>
      </trkpt>
      <trkpt lat="46.18108" lon="11.840990000000001">
        <ele>746.1800000000001</ele>
      </trkpt>
      <trkpt lat="46.18029000000001" lon="11.837940000000001">
        <ele>737.5400000000001</ele>
      </trkpt>
      <trkpt lat="46.17967" lon="11.83797">
        <ele>736.3400000000001</ele>
      </trkpt>
      <trkpt lat="46.17887" lon="11.836300000000001">
        <ele>729.82</ele>
      </trkpt>
      <trkpt lat="46.175630000000005" lon="11.83134">
        <ele>713.95</ele>
      </trkpt>
      <trkpt lat="46.17506" lon="11.83073">
        <ele>711.44</ele>
      </trkpt>
      <trkpt lat="46.173280000000005" lon="11.829360000000001">
        <ele>707.5600000000001</ele>
      </trkpt>
      <trkpt lat="46.17212000000001" lon="11.82797">
        <ele>706.74</ele>
      </trkpt>
      <trkpt lat="46.171890000000005" lon="11.827050000000002">
        <ele>704.4</ele>
      </trkpt>
      <trkpt lat="46.171260000000004" lon="11.82623">
        <ele>700.55</ele>
      </trkpt>
      <trkpt lat="46.170550000000006" lon="11.82432">
        <ele>696.4200000000001</ele>
      </trkpt>
      <trkpt lat="46.17053000000001" lon="11.82351">
        <ele>696.84</ele>
      </trkpt>
      <trkpt lat="46.170970000000004" lon="11.82328">
        <ele>698.64</ele>
      </trkpt>
      <trkpt lat="46.17013" lon="11.8223">
        <ele>696.2900000000001</ele>
      </trkpt>
      <trkpt lat="46.169880000000006" lon="11.822090000000001">
        <ele>696.2900000000001</ele>
      </trkpt>
      <trkpt lat="46.168600000000005" lon="11.821700000000002">
        <ele>692.23</ele>
      </trkpt>
      <trkpt lat="46.16355" lon="11.821050000000001">
        <ele>678.5600000000001</ele>
      </trkpt>
      <trkpt lat="46.16098" lon="11.820530000000002">
        <ele>672.46</ele>
      </trkpt>
      <trkpt lat="46.15762" lon="11.81761">
        <ele>661.0</ele>
      </trkpt>
      <trkpt lat="46.1574" lon="11.81732">
        <ele>660.2800000000001</ele>
      </trkpt>
      <trkpt lat="46.15598000000001" lon="11.81404">
        <ele>655.2800000000001</ele>
      </trkpt>
      <trkpt lat="46.15561" lon="11.81408">
        <ele>646.9100000000001</ele>
      </trkpt>
      <trkpt lat="46.153650000000006" lon="11.813">
        <ele>645.22</ele>
      </trkpt>
      <trkpt lat="46.15175000000001" lon="11.811480000000001">
        <ele>642.0600000000001</ele>
      </trkpt>
      <trkpt lat="46.15082" lon="11.81028">
        <ele>639.4300000000001</ele>
      </trkpt>
      <trkpt lat="46.149860000000004" lon="11.808140000000002">
        <ele>636.75</ele>
      </trkpt>
      <trkpt lat="46.149930000000005" lon="11.807480000000002">
        <ele>631.62</ele>
      </trkpt>
      <trkpt lat="46.149440000000006" lon="11.807120000000001">
        <ele>633.8100000000001</ele>
      </trkpt>
      <trkpt lat="46.148070000000004" lon="11.80259">
        <ele>628.9</ele>
      </trkpt>
      <trkpt lat="46.14759" lon="11.799800000000001">
        <ele>624.69</ele>
      </trkpt>
      <trkpt lat="46.147420000000004" lon="11.79742">
        <ele>623.82</ele>
      </trkpt>
      <trkpt lat="46.147490000000005" lon="11.796750000000001">
        <ele>622.8100000000001</ele>
      </trkpt>
      <trkpt lat="46.145920000000004" lon="11.79451">
        <ele>611.97</ele>
      </trkpt>
      <trkpt lat="46.14320000000001" lon="11.78912">
        <ele>610.0500000000001</ele>
      </trkpt>
      <trkpt lat="46.14267" lon="11.787700000000001">
        <ele>609.2800000000001</ele>
      </trkpt>
      <trkpt lat="46.14159" lon="11.78349">
        <ele>606.0000000000001</ele>
      </trkpt>
      <trkpt lat="46.14097" lon="11.778270000000001">
        <ele>600.1899999999999</ele>
      </trkpt>
      <trkpt lat="46.13985" lon="11.7741">
        <ele>599.25</ele>
      </trkpt>
      <trkpt lat="46.13996" lon="11.77354">
        <ele>600.26</ele>
      </trkpt>
      <trkpt lat="46.139520000000005" lon="11.773290000000001">
        <ele>597.44</ele>
      </trkpt>
      <trkpt lat="46.139010000000006" lon="11.772620000000002">
        <ele>596.48</ele>
      </trkpt>
      <trkpt lat="46.13805000000001" lon="11.77063">
        <ele>593.0500000000001</ele>
      </trkpt>
      <trkpt lat="46.13644" lon="11.76928">
        <ele>586.5</ele>
      </trkpt>
      <trkpt lat="46.13443" lon="11.769810000000001">
        <ele>582.25</ele>
      </trkpt>
      <trkpt lat="46.13356" lon="11.76979">
        <ele>582.23</ele>
      </trkpt>
      <trkpt lat="46.132600000000004" lon="11.76876">
        <ele>576.19</ele>
      </trkpt>
      <trkpt lat="46.13224" lon="11.768580000000002">
        <ele>575.69</ele>
      </trkpt>
      <trkpt lat="46.130520000000004" lon="11.769390000000001">
        <ele>575.5600000000001</ele>
      </trkpt>
      <trkpt lat="46.129200000000004" lon="11.768960000000002">
        <ele>576.57</ele>
      </trkpt>
      <trkpt lat="46.12803" lon="11.769530000000001">
        <ele>576.6300000000001</ele>
      </trkpt>
      <trkpt lat="46.12650000000001" lon="11.769660000000002">
        <ele>576.84</ele>
      </trkpt>
      <trkpt lat="46.12623000000001" lon="11.76983">
        <ele>576.67</ele>
      </trkpt>
      <trkpt lat="46.1253" lon="11.77111">
        <ele>576.74</ele>
      </trkpt>
      <trkpt lat="46.123610000000006" lon="11.772">
        <ele>578.08</ele>
      </trkpt>
      <trkpt lat="46.12272" lon="11.77321">
        <ele>578.3100000000001</ele>
      </trkpt>
      <trkpt lat="46.12223" lon="11.773610000000001">
        <ele>578.45</ele>
      </trkpt>
      <trkpt lat="46.121770000000005" lon="11.77368">
        <ele>578.91</ele>
      </trkpt>
      <trkpt lat="46.12122" lon="11.774000000000001">
        <ele>579.44</ele>
      </trkpt>
      <trkpt lat="46.119440000000004" lon="11.77598">
        <ele>576.62</ele>
      </trkpt>
      <trkpt lat="46.11891000000001" lon="11.776340000000001">
        <ele>577.3100000000001</ele>
      </trkpt>
      <trkpt lat="46.116980000000005" lon="11.775680000000001">
        <ele>577.9200000000001</ele>
      </trkpt>
      <trkpt lat="46.115460000000006" lon="11.77646">
        <ele>577.8199999999999</ele>
      </trkpt>
      <trkpt lat="46.11292" lon="11.77738">
        <ele>577.6</ele>
      </trkpt>
      <trkpt lat="46.111790000000006" lon="11.7781">
        <ele>577.57</ele>
      </trkpt>
      <trkpt lat="46.110690000000005" lon="11.77801">
        <ele>577.1800000000001</ele>
      </trkpt>
      <trkpt lat="46.108920000000005" lon="11.77818">
        <ele>576.16</ele>
      </trkpt>
      <trkpt lat="46.10817" lon="11.77757">
        <ele>575.07</ele>
      </trkpt>
      <trkpt lat="46.1069" lon="11.774140000000001">
        <ele>571.65</ele>
      </trkpt>
      <trkpt lat="46.10598" lon="11.773280000000002">
        <ele>571.21</ele>
      </trkpt>
      <trkpt lat="46.1054" lon="11.77325">
        <ele>572.79</ele>
      </trkpt>
      <trkpt lat="46.104560000000006" lon="11.772590000000001">
        <ele>576.3900000000001</ele>
      </trkpt>
      <trkpt lat="46.103570000000005" lon="11.772540000000001">
        <ele>577.62</ele>
      </trkpt>
      <trkpt lat="46.10291" lon="11.772170000000001">
        <ele>578.16</ele>
      </trkpt>
      <trkpt lat="46.10197" lon="11.77054">
        <ele>609.6100000000001</ele>
      </trkpt>
      <trkpt lat="46.09463" lon="11.76215">
        <ele>573.6800000000001</ele>
      </trkpt>
      <trkpt lat="46.09385" lon="11.761590000000002">
        <ele>547.8700000000001</ele>
      </trkpt>
      <trkpt lat="46.092310000000005" lon="11.761700000000001">
        <ele>507.07</ele>
      </trkpt>
      <trkpt lat="46.090120000000006" lon="11.762970000000001">
        <ele>511.41</ele>
      </trkpt>
      <trkpt lat="46.08715" lon="11.76406">
        <ele>528.6800000000001</ele>
      </trkpt>
      <trkpt lat="46.08409" lon="11.764450000000002">
        <ele>476.29</ele>
      </trkpt>
      <trkpt lat="46.078540000000004" lon="11.766440000000001">
        <ele>465.11</ele>
      </trkpt>
      <trkpt lat="46.077040000000004" lon="11.76576">
        <ele>461.8</ele>
      </trkpt>
      <trkpt lat="46.07567" lon="11.76487">
        <ele>459.38</ele>
      </trkpt>
      <trkpt lat="46.07515" lon="11.764420000000001">
        <ele>458.31000000000006</ele>
      </trkpt>
      <trkpt lat="46.074600000000004" lon="11.763430000000001">
        <ele>456.6000000000001</ele>
      </trkpt>
      <trkpt lat="46.07336" lon="11.76346">
        <ele>455.28000000000003</ele>
      </trkpt>
      <trkpt lat="46.07213" lon="11.76238">
        <ele>450.6</ele>
      </trkpt>
      <trkpt lat="46.070910000000005" lon="11.76172">
        <ele>447.91</ele>
      </trkpt>
      <trkpt lat="46.069680000000005" lon="11.762080000000001">
        <ele>446.84000000000003</ele>
      </trkpt>
      <trkpt lat="46.069100000000006" lon="11.762880000000001">
        <ele>446.50000000000006</ele>
      </trkpt>
      <trkpt lat="46.06861000000001" lon="11.763290000000001">
        <ele>447.81000000000006</ele>
      </trkpt>
      <trkpt lat="46.066460000000006" lon="11.76459">
        <ele>461.65000000000003</ele>
      </trkpt>
      <trkpt lat="46.065090000000005" lon="11.76458">
        <ele>433.91</ele>
      </trkpt>
      <trkpt lat="46.06316" lon="11.764000000000001">
        <ele>424.2</ele>
      </trkpt>
      <trkpt lat="46.06219" lon="11.763940000000002">
        <ele>420.89000000000004</ele>
      </trkpt>
      <trkpt lat="46.06143" lon="11.76335">
        <ele>418.15000000000003</ele>
      </trkpt>
      <trkpt lat="46.060880000000004" lon="11.763520000000002">
        <ele>417.49</ele>
      </trkpt>
      <trkpt lat="46.06047" lon="11.763420000000002">
        <ele>418.23</ele>
      </trkpt>
      <trkpt lat="46.059940000000005" lon="11.763940000000002">
        <ele>424.50000000000006</ele>
      </trkpt>
      <trkpt lat="46.059870000000004" lon="11.76425">
        <ele>426.81</ele>
      </trkpt>
      <trkpt lat="46.060390000000005" lon="11.76584">
        <ele>438.88000000000005</ele>
      </trkpt>
      <trkpt lat="46.06062000000001" lon="11.76609">
        <ele>441.32000000000005</ele>
      </trkpt>
      <trkpt lat="46.0606" lon="11.76632">
        <ele>442.78000000000003</ele>
      </trkpt>
      <trkpt lat="46.05986" lon="11.765640000000001">
        <ele>450.23</ele>
      </trkpt>
      <trkpt lat="46.05946" lon="11.765680000000001">
        <ele>455.03000000000003</ele>
      </trkpt>
      <trkpt lat="46.05931" lon="11.76589">
        <ele>457.61</ele>
      </trkpt>
      <trkpt lat="46.059920000000005" lon="11.766070000000001">
        <ele>462.88</ele>
      </trkpt>
      <trkpt lat="46.06022" lon="11.766610000000002">
        <ele>467.54</ele>
      </trkpt>
      <trkpt lat="46.060750000000006" lon="11.76687">
        <ele>472.07000000000005</ele>
      </trkpt>
      <trkpt lat="46.060790000000004" lon="11.767100000000001">
        <ele>472.75000000000006</ele>
      </trkpt>
      <trkpt lat="46.06069" lon="11.7672">
        <ele>473.64000000000004</ele>
      </trkpt>
      <trkpt lat="46.060080000000006" lon="11.766760000000001">
        <ele>478.45000000000005</ele>
      </trkpt>
      <trkpt lat="46.0598" lon="11.76631">
        <ele>482.28000000000003</ele>
      </trkpt>
      <trkpt lat="46.0591" lon="11.766350000000001">
        <ele>487.52000000000004</ele>
      </trkpt>
      <trkpt lat="46.058930000000004" lon="11.76642">
        <ele>488.1</ele>
      </trkpt>
      <trkpt lat="46.058730000000004" lon="11.766860000000001">
        <ele>489.95000000000005</ele>
      </trkpt>
      <trkpt lat="46.05812" lon="11.76759">
        <ele>494.1</ele>
      </trkpt>
      <trkpt lat="46.05778" lon="11.76749">
        <ele>497.15000000000003</ele>
      </trkpt>
      <trkpt lat="46.05738" lon="11.76762">
        <ele>499.90000000000003</ele>
      </trkpt>
      <trkpt lat="46.056990000000006" lon="11.76786">
        <ele>504.78</ele>
      </trkpt>
      <trkpt lat="46.05695" lon="11.76833">
        <ele>506.49</ele>
      </trkpt>
      <trkpt lat="46.05673" lon="11.76842">
        <ele>507.58000000000004</ele>
      </trkpt>
      <trkpt lat="46.05586" lon="11.768220000000001">
        <ele>516.6800000000001</ele>
      </trkpt>
      <trkpt lat="46.05575" lon="11.767930000000002">
        <ele>517.7900000000001</ele>
      </trkpt>
      <trkpt lat="46.05584" lon="11.767410000000002">
        <ele>520.4100000000001</ele>
      </trkpt>
      <trkpt lat="46.05548" lon="11.76715">
        <ele>522.6</ele>
      </trkpt>
      <trkpt lat="46.05393" lon="11.76703">
        <ele>534.66</ele>
      </trkpt>
      <trkpt lat="46.05303000000001" lon="11.767380000000001">
        <ele>541.47</ele>
      </trkpt>
      <trkpt lat="46.052640000000004" lon="11.76838">
        <ele>546.97</ele>
      </trkpt>
      <trkpt lat="46.05268" lon="11.768920000000001">
        <ele>550.5500000000001</ele>
      </trkpt>
      <trkpt lat="46.052530000000004" lon="11.769800000000002">
        <ele>554.9200000000001</ele>
      </trkpt>
      <trkpt lat="46.051680000000005" lon="11.770100000000001">
        <ele>561.1</ele>
      </trkpt>
      <trkpt lat="46.05125" lon="11.769870000000001">
        <ele>562.21</ele>
      </trkpt>
      <trkpt lat="46.050700000000006" lon="11.769260000000001">
        <ele>566.89</ele>
      </trkpt>
      <trkpt lat="46.049960000000006" lon="11.7689">
        <ele>570.8700000000001</ele>
      </trkpt>
      <trkpt lat="46.04907" lon="11.76918">
        <ele>572.89</ele>
      </trkpt>
      <trkpt lat="46.04887" lon="11.76978">
        <ele>574.84</ele>
      </trkpt>
      <trkpt lat="46.04914" lon="11.77096">
        <ele>581.49</ele>
      </trkpt>
      <trkpt lat="46.051550000000006" lon="11.77115">
        <ele>599.01</ele>
      </trkpt>
      <trkpt lat="46.05162000000001" lon="11.771230000000001">
        <ele>599.01</ele>
      </trkpt>
      <trkpt lat="46.051390000000005" lon="11.77157">
        <ele>603.74</ele>
      </trkpt>
      <trkpt lat="46.051390000000005" lon="11.77195">
        <ele>605.28</ele>
      </trkpt>
      <trkpt lat="46.051820000000006" lon="11.772910000000001">
        <ele>609.23</ele>
      </trkpt>
      <trkpt lat="46.05481" lon="11.77429">
        <ele>615.2</ele>
      </trkpt>
      <trkpt lat="46.056110000000004" lon="11.77462">
        <ele>615.46</ele>
      </trkpt>
      <trkpt lat="46.056400000000004" lon="11.775500000000001">
        <ele>612.3100000000001</ele>
      </trkpt>
      <trkpt lat="46.05597" lon="11.778580000000002">
        <ele>604.84</ele>
      </trkpt>
      <trkpt lat="46.05619" lon="11.77996">
        <ele>603.21</ele>
      </trkpt>
      <trkpt lat="46.05675" lon="11.7812">
        <ele>602.8100000000001</ele>
      </trkpt>
      <trkpt lat="46.05711" lon="11.781550000000001">
        <ele>602.0500000000001</ele>
      </trkpt>
      <trkpt lat="46.057570000000005" lon="11.781580000000002">
        <ele>600.59</ele>
      </trkpt>
      <trkpt lat="46.058330000000005" lon="11.781320000000001">
        <ele>600.4900000000001</ele>
      </trkpt>
      <trkpt lat="46.05876000000001" lon="11.78265">
        <ele>601.2900000000001</ele>
      </trkpt>
      <trkpt lat="46.05841" lon="11.78345">
        <ele>604.5500000000001</ele>
      </trkpt>
      <trkpt lat="46.05828" lon="11.78423">
        <ele>609.13</ele>
      </trkpt>
      <trkpt lat="46.058580000000006" lon="11.78536">
        <ele>613.83</ele>
      </trkpt>
      <trkpt lat="46.058240000000005" lon="11.786190000000001">
        <ele>614.6400000000001</ele>
      </trkpt>
      <trkpt lat="46.05841" lon="11.78714">
        <ele>616.6600000000001</ele>
      </trkpt>
      <trkpt lat="46.057990000000004" lon="11.7872">
        <ele>618.17</ele>
      </trkpt>
      <trkpt lat="46.057500000000005" lon="11.788440000000001">
        <ele>613.1700000000001</ele>
      </trkpt>
      <trkpt lat="46.057680000000005" lon="11.78908">
        <ele>610.92</ele>
      </trkpt>
      <trkpt lat="46.05823" lon="11.790000000000001">
        <ele>607.4900000000001</ele>
      </trkpt>
      <trkpt lat="46.058400000000006" lon="11.791580000000002">
        <ele>606.65</ele>
      </trkpt>
      <trkpt lat="46.0581" lon="11.791540000000001">
        <ele>605.5</ele>
      </trkpt>
      <trkpt lat="46.05763" lon="11.79085">
        <ele>604.6700000000001</ele>
      </trkpt>
      <trkpt lat="46.05615" lon="11.790170000000002">
        <ele>607.9</ele>
      </trkpt>
      <trkpt lat="46.05576000000001" lon="11.79016">
        <ele>609.92</ele>
      </trkpt>
      <trkpt lat="46.055550000000004" lon="11.790510000000001">
        <ele>611.38</ele>
      </trkpt>
      <trkpt lat="46.055530000000005" lon="11.79152">
        <ele>614.41</ele>
      </trkpt>
      <trkpt lat="46.054930000000006" lon="11.794820000000001">
        <ele>620.4000000000001</ele>
      </trkpt>
      <trkpt lat="46.05501" lon="11.795480000000001">
        <ele>623.69</ele>
      </trkpt>
      <trkpt lat="46.056050000000006" lon="11.79845">
        <ele>635.83</ele>
      </trkpt>
      <trkpt lat="46.056160000000006" lon="11.80053">
        <ele>642.4300000000001</ele>
      </trkpt>
      <trkpt lat="46.057050000000004" lon="11.80123">
        <ele>648.34</ele>
      </trkpt>
      <trkpt lat="46.057010000000005" lon="11.801720000000001">
        <ele>650.48</ele>
      </trkpt>
      <trkpt lat="46.05679000000001" lon="11.80217">
        <ele>651.6800000000001</ele>
      </trkpt>
      <trkpt lat="46.057230000000004" lon="11.804160000000001">
        <ele>658.7</ele>
      </trkpt>
      <trkpt lat="46.057370000000006" lon="11.804310000000001">
        <ele>659.0400000000001</ele>
      </trkpt>
      <trkpt lat="46.05794" lon="11.80418">
        <ele>659.1800000000001</ele>
      </trkpt>
      <trkpt lat="46.05803" lon="11.80437">
        <ele>659.46</ele>
      </trkpt>
      <trkpt lat="46.05800000000001" lon="11.8046">
        <ele>659.97</ele>
      </trkpt>
      <trkpt lat="46.05711" lon="11.80606">
        <ele>666.5000000000001</ele>
      </trkpt>
      <trkpt lat="46.057210000000005" lon="11.806640000000002">
        <ele>668.07</ele>
      </trkpt>
      <trkpt lat="46.057880000000004" lon="11.80761">
        <ele>671.25</ele>
      </trkpt>
      <trkpt lat="46.059070000000006" lon="11.807630000000001">
        <ele>674.9200000000001</ele>
      </trkpt>
      <trkpt lat="46.059070000000006" lon="11.808000000000002">
        <ele>678.07</ele>
      </trkpt>
      <trkpt lat="46.05881" lon="11.80863">
        <ele>681.15</ele>
      </trkpt>
      <trkpt lat="46.05886" lon="11.80892">
        <ele>683.3800000000001</ele>
      </trkpt>
      <trkpt lat="46.05964" lon="11.810220000000001">
        <ele>693.88</ele>
      </trkpt>
      <trkpt lat="46.060520000000004" lon="11.811280000000002">
        <ele>705.5400000000001</ele>
      </trkpt>
      <trkpt lat="46.060590000000005" lon="11.812370000000001">
        <ele>711.5300000000001</ele>
      </trkpt>
      <trkpt lat="46.061110000000006" lon="11.812930000000001">
        <ele>718.84</ele>
      </trkpt>
      <trkpt lat="46.06120000000001" lon="11.813250000000002">
        <ele>721.87</ele>
      </trkpt>
      <trkpt lat="46.06119" lon="11.813730000000001">
        <ele>723.23</ele>
      </trkpt>
      <trkpt lat="46.060930000000006" lon="11.814150000000001">
        <ele>726.32</ele>
      </trkpt>
      <trkpt lat="46.06105" lon="11.814990000000002">
        <ele>730.7900000000001</ele>
      </trkpt>
      <trkpt lat="46.061820000000004" lon="11.81657">
        <ele>743.21</ele>
      </trkpt>
      <trkpt lat="46.06439" lon="11.81694">
        <ele>768.88</ele>
      </trkpt>
      <trkpt lat="46.0647" lon="11.816840000000001">
        <ele>771.8100000000001</ele>
      </trkpt>
      <trkpt lat="46.06488" lon="11.817540000000001">
        <ele>779.3500000000001</ele>
      </trkpt>
      <trkpt lat="46.066280000000006" lon="11.817850000000002">
        <ele>795.34</ele>
      </trkpt>
      <trkpt lat="46.06714" lon="11.81859">
        <ele>806.1600000000001</ele>
      </trkpt>
      <trkpt lat="46.067310000000006" lon="11.81891">
        <ele>810.1700000000001</ele>
      </trkpt>
      <trkpt lat="46.0673" lon="11.818460000000002">
        <ele>812.6300000000001</ele>
      </trkpt>
      <trkpt lat="46.066840000000006" lon="11.8176">
        <ele>821.3100000000001</ele>
      </trkpt>
      <trkpt lat="46.06676" lon="11.81647">
        <ele>831.57</ele>
      </trkpt>
      <trkpt lat="46.06687" lon="11.81648">
        <ele>831.57</ele>
      </trkpt>
      <trkpt lat="46.0673" lon="11.817540000000001">
        <ele>838.8000000000001</ele>
      </trkpt>
      <trkpt lat="46.067710000000005" lon="11.817540000000001">
        <ele>844.1500000000001</ele>
      </trkpt>
      <trkpt lat="46.06895" lon="11.81812">
        <ele>856.5</ele>
      </trkpt>
      <trkpt lat="46.069190000000006" lon="11.818470000000001">
        <ele>860.3000000000001</ele>
      </trkpt>
      <trkpt lat="46.06904" lon="11.81792">
        <ele>865.23</ele>
      </trkpt>
      <trkpt lat="46.069120000000005" lon="11.817820000000001">
        <ele>865.9100000000001</ele>
      </trkpt>
      <trkpt lat="46.069430000000004" lon="11.81844">
        <ele>869.5600000000001</ele>
      </trkpt>
      <trkpt lat="46.0692" lon="11.81914">
        <ele>874.3100000000001</ele>
      </trkpt>
      <trkpt lat="46.069190000000006" lon="11.819680000000002">
        <ele>879.4200000000001</ele>
      </trkpt>
      <trkpt lat="46.069770000000005" lon="11.82108">
        <ele>889.0500000000001</ele>
      </trkpt>
      <trkpt lat="46.07011000000001" lon="11.821430000000001">
        <ele>889.72</ele>
      </trkpt>
      <trkpt lat="46.070310000000006" lon="11.821940000000001">
        <ele>887.4000000000001</ele>
      </trkpt>
      <trkpt lat="46.07009" lon="11.82332">
        <ele>892.5</ele>
      </trkpt>
      <trkpt lat="46.06909" lon="11.824370000000002">
        <ele>902.73</ele>
      </trkpt>
      <trkpt lat="46.06844" lon="11.824580000000001">
        <ele>909.3700000000001</ele>
      </trkpt>
      <trkpt lat="46.06806" lon="11.82549">
        <ele>921.0400000000001</ele>
      </trkpt>
      <trkpt lat="46.06701" lon="11.82587">
        <ele>934.1600000000001</ele>
      </trkpt>
      <trkpt lat="46.06622" lon="11.82661">
        <ele>947.98</ele>
      </trkpt>
      <trkpt lat="46.06593" lon="11.82707">
        <ele>953.2800000000001</ele>
      </trkpt>
      <trkpt lat="46.06636" lon="11.8268">
        <ele>956.9900000000001</ele>
      </trkpt>
      <trkpt lat="46.066460000000006" lon="11.82689">
        <ele>959.6300000000001</ele>
      </trkpt>
      <trkpt lat="46.06622" lon="11.82699">
        <ele>961.97</ele>
      </trkpt>
      <trkpt lat="46.06537" lon="11.82807">
        <ele>972.7900000000001</ele>
      </trkpt>
      <trkpt lat="46.06497" lon="11.826810000000002">
        <ele>984.13</ele>
      </trkpt>
      <trkpt lat="46.06436" lon="11.825890000000001">
        <ele>993.3400000000001</ele>
      </trkpt>
      <trkpt lat="46.06407" lon="11.826950000000002">
        <ele>999.1300000000001</ele>
      </trkpt>
      <trkpt lat="46.063990000000004" lon="11.827810000000001">
        <ele>1000.14</ele>
      </trkpt>
      <trkpt lat="46.06333" lon="11.82868">
        <ele>1001.6200000000001</ele>
      </trkpt>
      <trkpt lat="46.062470000000005" lon="11.828800000000001">
        <ele>1006.7000000000002</ele>
      </trkpt>
      <trkpt lat="46.06217" lon="11.829400000000001">
        <ele>1009.36</ele>
      </trkpt>
      <trkpt lat="46.06204" lon="11.830010000000001">
        <ele>1011.1800000000002</ele>
      </trkpt>
      <trkpt lat="46.06136" lon="11.830100000000002">
        <ele>1005.6899999999999</ele>
      </trkpt>
      <trkpt lat="46.061440000000005" lon="11.83028">
        <ele>1004.61</ele>
      </trkpt>
      <trkpt lat="46.06222" lon="11.83074">
        <ele>995.84</ele>
      </trkpt>
      <trkpt lat="46.061440000000005" lon="11.830760000000001">
        <ele>984.8800000000001</ele>
      </trkpt>
      <trkpt lat="46.06017000000001" lon="11.831090000000001">
        <ele>971.2400000000001</ele>
      </trkpt>
      <trkpt lat="46.05935" lon="11.83084">
        <ele>962.07</ele>
      </trkpt>
      <trkpt lat="46.059050000000006" lon="11.831220000000002">
        <ele>959.95</ele>
      </trkpt>
      <trkpt lat="46.058960000000006" lon="11.83258">
        <ele>949.0500000000001</ele>
      </trkpt>
      <trkpt lat="46.0587" lon="11.83303">
        <ele>946.3800000000001</ele>
      </trkpt>
      <trkpt lat="46.05689" lon="11.83342">
        <ele>933.58</ele>
      </trkpt>
      <trkpt lat="46.05650000000001" lon="11.83422">
        <ele>929.5000000000001</ele>
      </trkpt>
      <trkpt lat="46.05651" lon="11.83445">
        <ele>928.5200000000001</ele>
      </trkpt>
      <trkpt lat="46.057080000000006" lon="11.833770000000001">
        <ele>918.87</ele>
      </trkpt>
      <trkpt lat="46.057770000000005" lon="11.833910000000001">
        <ele>911.22</ele>
      </trkpt>
      <trkpt lat="46.058890000000005" lon="11.834990000000001">
        <ele>900.63</ele>
      </trkpt>
      <trkpt lat="46.059180000000005" lon="11.83496">
        <ele>899.7900000000001</ele>
      </trkpt>
      <trkpt lat="46.05951" lon="11.834650000000002">
        <ele>898.0300000000001</ele>
      </trkpt>
      <trkpt lat="46.059110000000004" lon="11.835740000000001">
        <ele>887.14</ele>
      </trkpt>
      <trkpt lat="46.058460000000004" lon="11.836720000000001">
        <ele>879.46</ele>
      </trkpt>
      <trkpt lat="46.05805" lon="11.8367">
        <ele>876.26</ele>
      </trkpt>
      <trkpt lat="46.05758" lon="11.83572">
        <ele>869.96</ele>
      </trkpt>
      <trkpt lat="46.05744000000001" lon="11.8358">
        <ele>868.32</ele>
      </trkpt>
      <trkpt lat="46.05724000000001" lon="11.836530000000002">
        <ele>861.5400000000001</ele>
      </trkpt>
      <trkpt lat="46.05697000000001" lon="11.83685">
        <ele>859.5800000000002</ele>
      </trkpt>
      <trkpt lat="46.05483" lon="11.836620000000002">
        <ele>839.0900000000001</ele>
      </trkpt>
      <trkpt lat="46.05395" lon="11.837390000000001">
        <ele>830.52</ele>
      </trkpt>
      <trkpt lat="46.0536" lon="11.838140000000001">
        <ele>824.34</ele>
      </trkpt>
      <trkpt lat="46.05306" lon="11.838650000000001">
        <ele>818.6000000000001</ele>
      </trkpt>
      <trkpt lat="46.051860000000005" lon="11.839350000000001">
        <ele>812.96</ele>
      </trkpt>
      <trkpt lat="46.051970000000004" lon="11.83951">
        <ele>811.08</ele>
      </trkpt>
      <trkpt lat="46.0538" lon="11.839030000000001">
        <ele>793.9900000000001</ele>
      </trkpt>
      <trkpt lat="46.05407" lon="11.83933">
        <ele>790.46</ele>
      </trkpt>
      <trkpt lat="46.053940000000004" lon="11.839690000000001">
        <ele>785.95</ele>
      </trkpt>
      <trkpt lat="46.05125" lon="11.842020000000002">
        <ele>764.29</ele>
      </trkpt>
      <trkpt lat="46.05089" lon="11.84284">
        <ele>759.71</ele>
      </trkpt>
      <trkpt lat="46.05051" lon="11.845580000000002">
        <ele>738.1800000000001</ele>
      </trkpt>
      <trkpt lat="46.05048" lon="11.847840000000001">
        <ele>726.9000000000001</ele>
      </trkpt>
      <trkpt lat="46.05008" lon="11.84903">
        <ele>721.9300000000001</ele>
      </trkpt>
      <trkpt lat="46.049620000000004" lon="11.849440000000001">
        <ele>719.2400000000001</ele>
      </trkpt>
      <trkpt lat="46.049960000000006" lon="11.850650000000002">
        <ele>715.64</ele>
      </trkpt>
      <trkpt lat="46.049910000000004" lon="11.851360000000001">
        <ele>711.73</ele>
      </trkpt>
      <trkpt lat="46.049220000000005" lon="11.85322">
        <ele>699.9200000000001</ele>
      </trkpt>
      <trkpt lat="46.049080000000004" lon="11.854270000000001">
        <ele>693.09</ele>
      </trkpt>
      <trkpt lat="46.04815000000001" lon="11.856610000000002">
        <ele>675.4100000000001</ele>
      </trkpt>
      <trkpt lat="46.04744" lon="11.85781">
        <ele>672.0100000000001</ele>
      </trkpt>
      <trkpt lat="46.047450000000005" lon="11.857990000000001">
        <ele>670.9300000000001</ele>
      </trkpt>
      <trkpt lat="46.04984" lon="11.85557">
        <ele>645.83</ele>
      </trkpt>
      <trkpt lat="46.04993" lon="11.85565">
        <ele>644.44</ele>
      </trkpt>
      <trkpt lat="46.04807" lon="11.859620000000001">
        <ele>603.6100000000001</ele>
      </trkpt>
      <trkpt lat="46.04737" lon="11.860320000000002">
        <ele>597.4200000000001</ele>
      </trkpt>
      <trkpt lat="46.046780000000005" lon="11.861550000000001">
        <ele>588.2700000000001</ele>
      </trkpt>
      <trkpt lat="46.044070000000005" lon="11.865010000000002">
        <ele>559.9900000000001</ele>
      </trkpt>
      <trkpt lat="46.04363" lon="11.86533">
        <ele>555.71</ele>
      </trkpt>
      <trkpt lat="46.04258" lon="11.865710000000002">
        <ele>548.21</ele>
      </trkpt>
      <trkpt lat="46.04171" lon="11.865240000000002">
        <ele>539.7700000000001</ele>
      </trkpt>
      <trkpt lat="46.041270000000004" lon="11.865210000000001">
        <ele>536.2900000000001</ele>
      </trkpt>
      <trkpt lat="46.04043" lon="11.86575">
        <ele>530.78</ele>
      </trkpt>
      <trkpt lat="46.03938" lon="11.8657">
        <ele>524.4100000000001</ele>
      </trkpt>
      <trkpt lat="46.04037" lon="11.866200000000001">
        <ele>513.05</ele>
      </trkpt>
      <trkpt lat="46.0409" lon="11.866040000000002">
        <ele>508.04</ele>
      </trkpt>
      <trkpt lat="46.041740000000004" lon="11.8663">
        <ele>499.33000000000004</ele>
      </trkpt>
      <trkpt lat="46.04227" lon="11.866620000000001">
        <ele>495.27000000000004</ele>
      </trkpt>
      <trkpt lat="46.04318000000001" lon="11.86777">
        <ele>486.05</ele>
      </trkpt>
      <trkpt lat="46.04421000000001" lon="11.86781">
        <ele>478.63000000000005</ele>
      </trkpt>
      <trkpt lat="46.0452" lon="11.868430000000002">
        <ele>471.88</ele>
      </trkpt>
      <trkpt lat="46.04563" lon="11.868310000000001">
        <ele>468.86000000000007</ele>
      </trkpt>
      <trkpt lat="46.045700000000004" lon="11.868480000000002">
        <ele>466.07000000000005</ele>
      </trkpt>
      <trkpt lat="46.044740000000004" lon="11.869720000000001">
        <ele>448.36</ele>
      </trkpt>
      <trkpt lat="46.04430000000001" lon="11.87007">
        <ele>443.13</ele>
      </trkpt>
      <trkpt lat="46.04352" lon="11.8719">
        <ele>428.2900000000001</ele>
      </trkpt>
      <trkpt lat="46.04274" lon="11.871950000000002">
        <ele>418.02000000000004</ele>
      </trkpt>
      <trkpt lat="46.04242000000001" lon="11.87218">
        <ele>411.65000000000003</ele>
      </trkpt>
      <trkpt lat="46.04137" lon="11.874680000000001">
        <ele>388.72</ele>
      </trkpt>
      <trkpt lat="46.04142" lon="11.875290000000001">
        <ele>383.87000000000006</ele>
      </trkpt>
      <trkpt lat="46.042500000000004" lon="11.87634">
        <ele>370.98</ele>
      </trkpt>
      <trkpt lat="46.04285" lon="11.87756">
        <ele>362.08</ele>
      </trkpt>
      <trkpt lat="46.04101000000001" lon="11.879130000000002">
        <ele>350.37</ele>
      </trkpt>
      <trkpt lat="46.040000000000006" lon="11.87922">
        <ele>348.19000000000005</ele>
      </trkpt>
      <trkpt lat="46.04014" lon="11.87997">
        <ele>347.33000000000004</ele>
      </trkpt>
      <trkpt lat="46.0399" lon="11.880210000000002">
        <ele>347.07000000000005</ele>
      </trkpt>
      <trkpt lat="46.040020000000005" lon="11.880690000000001">
        <ele>348.18000000000006</ele>
      </trkpt>
      <trkpt lat="46.04045000000001" lon="11.8809">
        <ele>350.07000000000005</ele>
      </trkpt>
      <trkpt lat="46.04095" lon="11.882320000000002">
        <ele>354.21000000000004</ele>
      </trkpt>
      <trkpt lat="46.041650000000004" lon="11.882390000000001">
        <ele>354.65000000000003</ele>
      </trkpt>
      <trkpt lat="46.04167" lon="11.88311">
        <ele>353.27000000000004</ele>
      </trkpt>
      <trkpt lat="46.04301" lon="11.88747">
        <ele>342.28000000000003</ele>
      </trkpt>
      <trkpt lat="46.043060000000004" lon="11.889040000000001">
        <ele>344.18</ele>
      </trkpt>
      <trkpt lat="46.04301" lon="11.89089">
        <ele>345.04</ele>
      </trkpt>
      <trkpt lat="46.04278" lon="11.89131">
        <ele>342.73</ele>
      </trkpt>
      <trkpt lat="46.04229" lon="11.893300000000002">
        <ele>336.78000000000003</ele>
      </trkpt>
      <trkpt lat="46.041720000000005" lon="11.896210000000002">
        <ele>336.9200000000001</ele>
      </trkpt>
      <trkpt lat="46.041720000000005" lon="11.90136">
        <ele>338.0</ele>
      </trkpt>
      <trkpt lat="46.041270000000004" lon="11.902600000000001">
        <ele>336.19000000000005</ele>
      </trkpt>
      <trkpt lat="46.04075" lon="11.903550000000001">
        <ele>334.76</ele>
      </trkpt>
      <trkpt lat="46.040780000000005" lon="11.904990000000002">
        <ele>328.72</ele>
      </trkpt>
      <trkpt lat="46.04059" lon="11.905780000000002">
        <ele>323.25000000000006</ele>
      </trkpt>
      <trkpt lat="46.040310000000005" lon="11.905920000000002">
        <ele>320.81000000000006</ele>
      </trkpt>
      <trkpt lat="46.03936" lon="11.90543">
        <ele>311.07</ele>
      </trkpt>
      <trkpt lat="46.039210000000004" lon="11.905560000000001">
        <ele>310.76000000000005</ele>
      </trkpt>
      <trkpt lat="46.03895000000001" lon="11.906770000000002">
        <ele>307.21000000000004</ele>
      </trkpt>
      <trkpt lat="46.03895000000001" lon="11.90742">
        <ele>308.26000000000005</ele>
      </trkpt>
      <trkpt lat="46.03909" lon="11.907900000000001">
        <ele>308.83000000000004</ele>
      </trkpt>
      <trkpt lat="46.03998000000001" lon="11.90929">
        <ele>313.11</ele>
      </trkpt>
      <trkpt lat="46.04003" lon="11.90976">
        <ele>313.43000000000006</ele>
      </trkpt>
      <trkpt lat="46.039190000000005" lon="11.910380000000002">
        <ele>311.13</ele>
      </trkpt>
      <trkpt lat="46.038070000000005" lon="11.911950000000001">
        <ele>310.57</ele>
      </trkpt>
      <trkpt lat="46.03745000000001" lon="11.912260000000002">
        <ele>309.94000000000005</ele>
      </trkpt>
      <trkpt lat="46.031150000000004" lon="11.912030000000001">
        <ele>297.11</ele>
      </trkpt>
      <trkpt lat="46.029270000000004" lon="11.91238">
        <ele>293.36</ele>
      </trkpt>
      <trkpt lat="46.02695000000001" lon="11.912550000000001">
        <ele>288.85</ele>
      </trkpt>
      <trkpt lat="46.023410000000005" lon="11.912490000000002">
        <ele>282.15000000000003</ele>
      </trkpt>
      <trkpt lat="46.02262" lon="11.912320000000001">
        <ele>279.08000000000004</ele>
      </trkpt>
      <trkpt lat="46.02214" lon="11.91252">
        <ele>278.96000000000004</ele>
      </trkpt>
      <trkpt lat="46.021060000000006" lon="11.91238">
        <ele>279.39000000000004</ele>
      </trkpt>
      <trkpt lat="46.01843" lon="11.905140000000001">
        <ele>275.71</ele>
      </trkpt>
      <trkpt lat="46.018010000000004" lon="11.9045">
        <ele>274.86000000000007</ele>
      </trkpt>
      <trkpt lat="46.017610000000005" lon="11.90422">
        <ele>273.58000000000004</ele>
      </trkpt>
      <trkpt lat="46.01675" lon="11.904390000000001">
        <ele>272.41</ele>
      </trkpt>
      <trkpt lat="46.016510000000004" lon="11.90492">
        <ele>273.27</ele>
      </trkpt>
      <trkpt lat="46.01675" lon="11.90496">
        <ele>274.52000000000004</ele>
      </trkpt>
      <trkpt lat="46.01727" lon="11.90637">
        <ele>280.31</ele>
      </trkpt>
      <trkpt lat="46.01805" lon="11.910050000000002">
        <ele>305.89000000000004</ele>
      </trkpt>
    </trkseg>
  </trk>
</gpx>