<?xml version="1.0" encoding="UTF-8"?>
<gpx xmlns="http://www.topografix.com/GPX/1/0" xmlns:xsi="http://www.w3.org/2001/XMLSchema-instance" xsi:schemaLocation="http://www.topografix.com/GPX/1/0 http://www.topografix.com/GPX/1/0/gpx.xsd" version="1.0" creator="GPSBabel - https://www.gpsbabel.org">
  <time>2026-02-02T08:40:55.300000Z</time>
  <bounds minlat="45.05325" maxlat="46.20261" minlon="4.64322" maxlon="4.8314" />
  <trk>
    <trkseg>
      <trkpt lat="46.20261" lon="4.8314">
        <ele>198.0</ele>
      </trkpt>
      <trkpt lat="46.20163" lon="4.83066">
        <ele>196.0</ele>
      </trkpt>
      <trkpt lat="46.20039" lon="4.8289">
        <ele>191.0</ele>
      </trkpt>
      <trkpt lat="46.19972" lon="4.82834">
        <ele>190.0</ele>
      </trkpt>
      <trkpt lat="46.19906" lon="4.82812">
        <ele>188.0</ele>
      </trkpt>
      <trkpt lat="46.19752" lon="4.82802">
        <ele>186.0</ele>
      </trkpt>
      <trkpt lat="46.19676" lon="4.82757">
        <ele>185.0</ele>
      </trkpt>
      <trkpt lat="46.19576" lon="4.82658">
        <ele>183.0</ele>
      </trkpt>
      <trkpt lat="46.19391" lon="4.82584">
        <ele>181.0</ele>
      </trkpt>
      <trkpt lat="46.19064" lon="4.82413">
        <ele>179.0</ele>
      </trkpt>
      <trkpt lat="46.18815" lon="4.82362">
        <ele>177.0</ele>
      </trkpt>
      <trkpt lat="46.18666" lon="4.82385">
        <ele>176.0</ele>
      </trkpt>
      <trkpt lat="46.18499" lon="4.82387">
        <ele>176.0</ele>
      </trkpt>
      <trkpt lat="46.18353" lon="4.82331">
        <ele>176.0</ele>
      </trkpt>
      <trkpt lat="46.18238" lon="4.82262">
        <ele>176.0</ele>
      </trkpt>
      <trkpt lat="46.18085" lon="4.82138">
        <ele>176.0</ele>
      </trkpt>
      <trkpt lat="46.17959" lon="4.82024">
        <ele>176.0</ele>
      </trkpt>
      <trkpt lat="46.17925" lon="4.81974">
        <ele>176.0</ele>
      </trkpt>
      <trkpt lat="46.17924" lon="4.81952">
        <ele>176.0</ele>
      </trkpt>
      <trkpt lat="46.1791" lon="4.81956">
        <ele>176.0</ele>
      </trkpt>
      <trkpt lat="46.17875" lon="4.81927">
        <ele>176.0</ele>
      </trkpt>
      <trkpt lat="46.17798" lon="4.81836">
        <ele>177.0</ele>
      </trkpt>
      <trkpt lat="46.17402" lon="4.81879">
        <ele>177.0</ele>
      </trkpt>
      <trkpt lat="46.17149" lon="4.81989">
        <ele>174.0</ele>
      </trkpt>
      <trkpt lat="46.16965" lon="4.81976">
        <ele>179.0</ele>
      </trkpt>
      <trkpt lat="46.16945" lon="4.81963">
        <ele>181.0</ele>
      </trkpt>
      <trkpt lat="46.16937" lon="4.8194">
        <ele>181.0</ele>
      </trkpt>
      <trkpt lat="46.16971" lon="4.8188">
        <ele>181.0</ele>
      </trkpt>
      <trkpt lat="46.16983" lon="4.81715">
        <ele>180.0</ele>
      </trkpt>
      <trkpt lat="46.17031" lon="4.81414">
        <ele>178.0</ele>
      </trkpt>
      <trkpt lat="46.17128" lon="4.80516">
        <ele>174.0</ele>
      </trkpt>
      <trkpt lat="46.17205" lon="4.80431">
        <ele>174.0</ele>
      </trkpt>
      <trkpt lat="46.17147" lon="4.80208">
        <ele>174.0</ele>
      </trkpt>
      <trkpt lat="46.17227" lon="4.80175">
        <ele>174.0</ele>
      </trkpt>
      <trkpt lat="46.17198" lon="4.79931">
        <ele>174.0</ele>
      </trkpt>
      <trkpt lat="46.17131" lon="4.79937">
        <ele>174.0</ele>
      </trkpt>
      <trkpt lat="46.16672" lon="4.79359">
        <ele>173.0</ele>
      </trkpt>
      <trkpt lat="46.16588" lon="4.79021">
        <ele>170.0</ele>
      </trkpt>
      <trkpt lat="46.16432" lon="4.78802">
        <ele>169.0</ele>
      </trkpt>
      <trkpt lat="46.15721" lon="4.76645">
        <ele>172.0</ele>
      </trkpt>
      <trkpt lat="46.1572" lon="4.7658">
        <ele>174.0</ele>
      </trkpt>
      <trkpt lat="46.15755" lon="4.76439">
        <ele>176.0</ele>
      </trkpt>
      <trkpt lat="46.15655" lon="4.76471">
        <ele>177.0</ele>
      </trkpt>
      <trkpt lat="46.15594" lon="4.76517">
        <ele>177.0</ele>
      </trkpt>
      <trkpt lat="46.15458" lon="4.76549">
        <ele>176.0</ele>
      </trkpt>
      <trkpt lat="46.15398" lon="4.7652">
        <ele>176.0</ele>
      </trkpt>
      <trkpt lat="46.1529" lon="4.76433">
        <ele>176.0</ele>
      </trkpt>
      <trkpt lat="46.14927" lon="4.76309">
        <ele>176.0</ele>
      </trkpt>
      <trkpt lat="46.14645" lon="4.76279">
        <ele>176.0</ele>
      </trkpt>
      <trkpt lat="46.14508" lon="4.76336">
        <ele>176.0</ele>
      </trkpt>
      <trkpt lat="46.14378" lon="4.76359">
        <ele>176.0</ele>
      </trkpt>
      <trkpt lat="46.14282" lon="4.76349">
        <ele>176.0</ele>
      </trkpt>
      <trkpt lat="46.14134" lon="4.76293">
        <ele>176.0</ele>
      </trkpt>
      <trkpt lat="46.13946" lon="4.763">
        <ele>176.0</ele>
      </trkpt>
      <trkpt lat="46.13573" lon="4.76133">
        <ele>177.0</ele>
      </trkpt>
      <trkpt lat="46.13208" lon="4.75859">
        <ele>179.0</ele>
      </trkpt>
      <trkpt lat="46.13198" lon="4.75776">
        <ele>180.0</ele>
      </trkpt>
      <trkpt lat="46.13141" lon="4.75632">
        <ele>179.0</ele>
      </trkpt>
      <trkpt lat="46.13065" lon="4.75356">
        <ele>179.0</ele>
      </trkpt>
      <trkpt lat="46.13087" lon="4.75124">
        <ele>179.0</ele>
      </trkpt>
      <trkpt lat="46.13133" lon="4.74936">
        <ele>180.0</ele>
      </trkpt>
      <trkpt lat="46.13135" lon="4.74869">
        <ele>180.0</ele>
      </trkpt>
      <trkpt lat="46.13107" lon="4.74739">
        <ele>181.0</ele>
      </trkpt>
      <trkpt lat="46.13083" lon="4.74688">
        <ele>182.0</ele>
      </trkpt>
      <trkpt lat="46.12809" lon="4.74377">
        <ele>183.0</ele>
      </trkpt>
      <trkpt lat="46.12724" lon="4.73915">
        <ele>184.0</ele>
      </trkpt>
      <trkpt lat="46.12835" lon="4.73464">
        <ele>188.0</ele>
      </trkpt>
      <trkpt lat="46.12924" lon="4.73245">
        <ele>190.0</ele>
      </trkpt>
      <trkpt lat="46.12937" lon="4.72953">
        <ele>193.0</ele>
      </trkpt>
      <trkpt lat="46.13283" lon="4.71248">
        <ele>207.0</ele>
      </trkpt>
      <trkpt lat="46.13272" lon="4.71208">
        <ele>210.0</ele>
      </trkpt>
      <trkpt lat="46.13303" lon="4.71146">
        <ele>211.0</ele>
      </trkpt>
      <trkpt lat="46.13389" lon="4.70777">
        <ele>218.0</ele>
      </trkpt>
      <trkpt lat="46.1341" lon="4.70639">
        <ele>219.0</ele>
      </trkpt>
      <trkpt lat="46.13424" lon="4.70614">
        <ele>219.0</ele>
      </trkpt>
      <trkpt lat="46.13279" lon="4.70156">
        <ele>219.0</ele>
      </trkpt>
      <trkpt lat="46.13248" lon="4.70004">
        <ele>217.0</ele>
      </trkpt>
      <trkpt lat="46.13173" lon="4.69834">
        <ele>214.0</ele>
      </trkpt>
      <trkpt lat="46.13108" lon="4.69768">
        <ele>212.0</ele>
      </trkpt>
      <trkpt lat="46.12929" lon="4.69746">
        <ele>209.0</ele>
      </trkpt>
      <trkpt lat="46.12905" lon="4.69712">
        <ele>209.0</ele>
      </trkpt>
      <trkpt lat="46.1292" lon="4.6948">
        <ele>210.0</ele>
      </trkpt>
      <trkpt lat="46.12877" lon="4.69327">
        <ele>211.0</ele>
      </trkpt>
      <trkpt lat="46.12837" lon="4.69103">
        <ele>212.0</ele>
      </trkpt>
      <trkpt lat="46.12781" lon="4.68962">
        <ele>212.0</ele>
      </trkpt>
      <trkpt lat="46.12763" lon="4.68828">
        <ele>212.0</ele>
      </trkpt>
      <trkpt lat="46.12686" lon="4.68647">
        <ele>210.0</ele>
      </trkpt>
      <trkpt lat="46.12551" lon="4.68462">
        <ele>208.0</ele>
      </trkpt>
      <trkpt lat="46.12507" lon="4.68318">
        <ele>208.0</ele>
      </trkpt>
      <trkpt lat="46.1237" lon="4.6809">
        <ele>211.0</ele>
      </trkpt>
      <trkpt lat="46.1234" lon="4.67973">
        <ele>211.0</ele>
      </trkpt>
      <trkpt lat="46.12312" lon="4.6796">
        <ele>212.0</ele>
      </trkpt>
      <trkpt lat="46.12198" lon="4.68027">
        <ele>216.0</ele>
      </trkpt>
      <trkpt lat="46.12144" lon="4.68019">
        <ele>218.0</ele>
      </trkpt>
      <trkpt lat="46.12088" lon="4.67938">
        <ele>220.0</ele>
      </trkpt>
      <trkpt lat="46.12026" lon="4.67685">
        <ele>224.0</ele>
      </trkpt>
      <trkpt lat="46.11994" lon="4.67675">
        <ele>225.0</ele>
      </trkpt>
      <trkpt lat="46.11984" lon="4.67651">
        <ele>226.0</ele>
      </trkpt>
      <trkpt lat="46.11966" lon="4.67672">
        <ele>227.0</ele>
      </trkpt>
      <trkpt lat="46.11868" lon="4.67684">
        <ele>230.0</ele>
      </trkpt>
      <trkpt lat="46.11763" lon="4.67719">
        <ele>236.0</ele>
      </trkpt>
      <trkpt lat="46.11654" lon="4.67692">
        <ele>240.0</ele>
      </trkpt>
      <trkpt lat="46.11443" lon="4.67516">
        <ele>243.0</ele>
      </trkpt>
      <trkpt lat="46.11297" lon="4.67275">
        <ele>241.0</ele>
      </trkpt>
      <trkpt lat="46.11129" lon="4.67255">
        <ele>240.0</ele>
      </trkpt>
      <trkpt lat="46.11032" lon="4.672">
        <ele>239.0</ele>
      </trkpt>
      <trkpt lat="46.10932" lon="4.67171">
        <ele>241.0</ele>
      </trkpt>
      <trkpt lat="46.10817" lon="4.67063">
        <ele>245.0</ele>
      </trkpt>
      <trkpt lat="46.10659" lon="4.6699">
        <ele>251.0</ele>
      </trkpt>
      <trkpt lat="46.10531" lon="4.67023">
        <ele>255.0</ele>
      </trkpt>
      <trkpt lat="46.1048" lon="4.66967">
        <ele>256.0</ele>
      </trkpt>
      <trkpt lat="46.10411" lon="4.66936">
        <ele>256.0</ele>
      </trkpt>
      <trkpt lat="46.10317" lon="4.66862">
        <ele>257.0</ele>
      </trkpt>
      <trkpt lat="46.10136" lon="4.66773">
        <ele>256.0</ele>
      </trkpt>
      <trkpt lat="46.10029" lon="4.66652">
        <ele>252.0</ele>
      </trkpt>
      <trkpt lat="46.09887" lon="4.66281">
        <ele>245.0</ele>
      </trkpt>
      <trkpt lat="46.09824" lon="4.66206">
        <ele>247.0</ele>
      </trkpt>
      <trkpt lat="46.09729" lon="4.66173">
        <ele>250.0</ele>
      </trkpt>
      <trkpt lat="46.09715" lon="4.66155">
        <ele>252.0</ele>
      </trkpt>
      <trkpt lat="46.0972" lon="4.66025">
        <ele>257.0</ele>
      </trkpt>
      <trkpt lat="46.097" lon="4.65565">
        <ele>274.0</ele>
      </trkpt>
      <trkpt lat="46.09671" lon="4.65463">
        <ele>279.0</ele>
      </trkpt>
      <trkpt lat="46.09558" lon="4.65295">
        <ele>288.0</ele>
      </trkpt>
      <trkpt lat="46.09523" lon="4.65261">
        <ele>289.0</ele>
      </trkpt>
      <trkpt lat="46.09419" lon="4.65208">
        <ele>293.0</ele>
      </trkpt>
      <trkpt lat="46.09169" lon="4.64955">
        <ele>294.0</ele>
      </trkpt>
      <trkpt lat="46.09034" lon="4.64848">
        <ele>297.0</ele>
      </trkpt>
      <trkpt lat="46.08969" lon="4.64719">
        <ele>297.0</ele>
      </trkpt>
      <trkpt lat="46.08972" lon="4.64702">
        <ele>298.0</ele>
      </trkpt>
      <trkpt lat="46.08864" lon="4.6467">
        <ele>298.0</ele>
      </trkpt>
      <trkpt lat="46.08731" lon="4.64654">
        <ele>298.0</ele>
      </trkpt>
      <trkpt lat="46.08571" lon="4.64568">
        <ele>297.0</ele>
      </trkpt>
      <trkpt lat="46.08565" lon="4.64546">
        <ele>296.0</ele>
      </trkpt>
      <trkpt lat="46.08552" lon="4.64558">
        <ele>296.0</ele>
      </trkpt>
      <trkpt lat="46.08305" lon="4.64461">
        <ele>291.0</ele>
      </trkpt>
      <trkpt lat="46.08215" lon="4.64454">
        <ele>291.0</ele>
      </trkpt>
      <trkpt lat="46.0814" lon="4.64473">
        <ele>291.0</ele>
      </trkpt>
      <trkpt lat="46.07908" lon="4.64536">
        <ele>288.0</ele>
      </trkpt>
      <trkpt lat="46.07531" lon="4.64676">
        <ele>283.0</ele>
      </trkpt>
      <trkpt lat="46.07018" lon="4.64808">
        <ele>273.0</ele>
      </trkpt>
      <trkpt lat="46.06547" lon="4.65072">
        <ele>267.0</ele>
      </trkpt>
      <trkpt lat="46.06277" lon="4.65125">
        <ele>264.0</ele>
      </trkpt>
      <trkpt lat="46.06083" lon="4.65192">
        <ele>263.0</ele>
      </trkpt>
      <trkpt lat="46.05992" lon="4.65255">
        <ele>262.0</ele>
      </trkpt>
      <trkpt lat="46.05947" lon="4.65329">
        <ele>260.0</ele>
      </trkpt>
      <trkpt lat="46.05924" lon="4.65407">
        <ele>258.0</ele>
      </trkpt>
      <trkpt lat="46.05897" lon="4.65661">
        <ele>253.0</ele>
      </trkpt>
      <trkpt lat="46.05865" lon="4.65719">
        <ele>248.0</ele>
      </trkpt>
      <trkpt lat="46.05822" lon="4.65707">
        <ele>245.0</ele>
      </trkpt>
      <trkpt lat="46.05678" lon="4.65465">
        <ele>235.0</ele>
      </trkpt>
      <trkpt lat="46.05652" lon="4.65443">
        <ele>233.0</ele>
      </trkpt>
      <trkpt lat="46.05609" lon="4.65438">
        <ele>231.0</ele>
      </trkpt>
      <trkpt lat="46.05515" lon="4.65495">
        <ele>229.0</ele>
      </trkpt>
      <trkpt lat="46.05457" lon="4.65548">
        <ele>227.0</ele>
      </trkpt>
      <trkpt lat="46.05371" lon="4.65678">
        <ele>227.0</ele>
      </trkpt>
      <trkpt lat="46.05284" lon="4.66116">
        <ele>230.0</ele>
      </trkpt>
      <trkpt lat="46.05178" lon="4.66399">
        <ele>240.0</ele>
      </trkpt>
      <trkpt lat="46.05134" lon="4.6643">
        <ele>244.0</ele>
      </trkpt>
      <trkpt lat="46.05008" lon="4.66429">
        <ele>247.0</ele>
      </trkpt>
      <trkpt lat="46.04971" lon="4.66442">
        <ele>250.0</ele>
      </trkpt>
      <trkpt lat="46.04684" lon="4.66888">
        <ele>251.0</ele>
      </trkpt>
      <trkpt lat="46.04277" lon="4.66137">
        <ele>248.0</ele>
      </trkpt>
      <trkpt lat="46.04178" lon="4.66015">
        <ele>247.0</ele>
      </trkpt>
      <trkpt lat="46.03973" lon="4.66253">
        <ele>244.0</ele>
      </trkpt>
      <trkpt lat="46.03755" lon="4.66374">
        <ele>241.0</ele>
      </trkpt>
      <trkpt lat="46.0362" lon="4.66468">
        <ele>239.0</ele>
      </trkpt>
      <trkpt lat="46.03569" lon="4.66476">
        <ele>240.0</ele>
      </trkpt>
      <trkpt lat="46.0353" lon="4.66517">
        <ele>242.0</ele>
      </trkpt>
      <trkpt lat="46.03452" lon="4.66555">
        <ele>243.0</ele>
      </trkpt>
      <trkpt lat="46.03417" lon="4.66556">
        <ele>244.0</ele>
      </trkpt>
      <trkpt lat="46.03399" lon="4.665">
        <ele>243.0</ele>
      </trkpt>
      <trkpt lat="46.0325" lon="4.66345">
        <ele>243.0</ele>
      </trkpt>
      <trkpt lat="46.03202" lon="4.66259">
        <ele>245.0</ele>
      </trkpt>
      <trkpt lat="46.03106" lon="4.66196">
        <ele>246.0</ele>
      </trkpt>
      <trkpt lat="46.0306" lon="4.66124">
        <ele>246.0</ele>
      </trkpt>
      <trkpt lat="46.02928" lon="4.66008">
        <ele>243.0</ele>
      </trkpt>
      <trkpt lat="46.0288" lon="4.66012">
        <ele>239.0</ele>
      </trkpt>
      <trkpt lat="46.02747" lon="4.66125">
        <ele>235.0</ele>
      </trkpt>
      <trkpt lat="46.02624" lon="4.6617">
        <ele>237.0</ele>
      </trkpt>
      <trkpt lat="46.02606" lon="4.66256">
        <ele>241.0</ele>
      </trkpt>
      <trkpt lat="46.02587" lon="4.66277">
        <ele>243.0</ele>
      </trkpt>
      <trkpt lat="46.02565" lon="4.66273">
        <ele>245.0</ele>
      </trkpt>
      <trkpt lat="46.02513" lon="4.66193">
        <ele>250.0</ele>
      </trkpt>
      <trkpt lat="46.02477" lon="4.66163">
        <ele>252.0</ele>
      </trkpt>
      <trkpt lat="46.02442" lon="4.66059">
        <ele>254.0</ele>
      </trkpt>
      <trkpt lat="46.02404" lon="4.6586">
        <ele>259.0</ele>
      </trkpt>
      <trkpt lat="46.023" lon="4.65726">
        <ele>264.0</ele>
      </trkpt>
      <trkpt lat="46.02221" lon="4.6577">
        <ele>267.0</ele>
      </trkpt>
      <trkpt lat="46.02129" lon="4.65777">
        <ele>270.0</ele>
      </trkpt>
      <trkpt lat="46.01999" lon="4.6573">
        <ele>276.0</ele>
      </trkpt>
      <trkpt lat="46.019" lon="4.65755">
        <ele>278.0</ele>
      </trkpt>
      <trkpt lat="46.01735" lon="4.65716">
        <ele>280.0</ele>
      </trkpt>
      <trkpt lat="46.01615" lon="4.65577">
        <ele>284.0</ele>
      </trkpt>
      <trkpt lat="46.01485" lon="4.6558">
        <ele>278.0</ele>
      </trkpt>
      <trkpt lat="46.01428" lon="4.65565">
        <ele>275.0</ele>
      </trkpt>
      <trkpt lat="46.01376" lon="4.65436">
        <ele>275.0</ele>
      </trkpt>
      <trkpt lat="46.01343" lon="4.654">
        <ele>275.0</ele>
      </trkpt>
      <trkpt lat="46.01277" lon="4.65364">
        <ele>277.0</ele>
      </trkpt>
      <trkpt lat="46.01205" lon="4.65219">
        <ele>283.0</ele>
      </trkpt>
      <trkpt lat="46.01102" lon="4.65091">
        <ele>288.0</ele>
      </trkpt>
      <trkpt lat="46.00989" lon="4.65039">
        <ele>290.0</ele>
      </trkpt>
      <trkpt lat="46.00941" lon="4.64985">
        <ele>288.0</ele>
      </trkpt>
      <trkpt lat="46.00886" lon="4.64951">
        <ele>286.0</ele>
      </trkpt>
      <trkpt lat="46.00799" lon="4.64922">
        <ele>286.0</ele>
      </trkpt>
      <trkpt lat="46.00543" lon="4.649">
        <ele>287.0</ele>
      </trkpt>
      <trkpt lat="46.00504" lon="4.64877">
        <ele>285.0</ele>
      </trkpt>
      <trkpt lat="46.00487" lon="4.64825">
        <ele>283.0</ele>
      </trkpt>
      <trkpt lat="46.00482" lon="4.6472">
        <ele>282.0</ele>
      </trkpt>
      <trkpt lat="46.00485" lon="4.6458">
        <ele>278.0</ele>
      </trkpt>
      <trkpt lat="46.00502" lon="4.64483">
        <ele>275.0</ele>
      </trkpt>
      <trkpt lat="46.00492" lon="4.64378">
        <ele>274.0</ele>
      </trkpt>
      <trkpt lat="46.00473" lon="4.64353">
        <ele>273.0</ele>
      </trkpt>
      <trkpt lat="46.00271" lon="4.64586">
        <ele>267.0</ele>
      </trkpt>
      <trkpt lat="46.00155" lon="4.6459">
        <ele>276.0</ele>
      </trkpt>
      <trkpt lat="46.00061" lon="4.64531">
        <ele>279.0</ele>
      </trkpt>
      <trkpt lat="45.99984" lon="4.64519">
        <ele>282.0</ele>
      </trkpt>
      <trkpt lat="45.99864" lon="4.64545">
        <ele>286.0</ele>
      </trkpt>
      <trkpt lat="45.99861" lon="4.64569">
        <ele>288.0</ele>
      </trkpt>
      <trkpt lat="45.99774" lon="4.64655">
        <ele>291.0</ele>
      </trkpt>
      <trkpt lat="45.99619" lon="4.64692">
        <ele>293.0</ele>
      </trkpt>
      <trkpt lat="45.99561" lon="4.6469">
        <ele>293.0</ele>
      </trkpt>
      <trkpt lat="45.99374" lon="4.64621">
        <ele>292.0</ele>
      </trkpt>
      <trkpt lat="45.99339" lon="4.64597">
        <ele>291.0</ele>
      </trkpt>
      <trkpt lat="45.99336" lon="4.64566">
        <ele>291.0</ele>
      </trkpt>
      <trkpt lat="45.99062" lon="4.64514">
        <ele>288.0</ele>
      </trkpt>
      <trkpt lat="45.98798" lon="4.6451">
        <ele>288.0</ele>
      </trkpt>
      <trkpt lat="45.98725" lon="4.64432">
        <ele>288.0</ele>
      </trkpt>
      <trkpt lat="45.98629" lon="4.64388">
        <ele>285.0</ele>
      </trkpt>
      <trkpt lat="45.98521" lon="4.6438">
        <ele>279.0</ele>
      </trkpt>
      <trkpt lat="45.98447" lon="4.64396">
        <ele>275.0</ele>
      </trkpt>
      <trkpt lat="45.9828" lon="4.64497">
        <ele>262.0</ele>
      </trkpt>
      <trkpt lat="45.98222" lon="4.64496">
        <ele>258.0</ele>
      </trkpt>
      <trkpt lat="45.98163" lon="4.6453">
        <ele>255.0</ele>
      </trkpt>
      <trkpt lat="45.98124" lon="4.645">
        <ele>256.0</ele>
      </trkpt>
      <trkpt lat="45.98092" lon="4.64503">
        <ele>257.0</ele>
      </trkpt>
      <trkpt lat="45.98082" lon="4.64545">
        <ele>259.0</ele>
      </trkpt>
      <trkpt lat="45.98111" lon="4.64686">
        <ele>265.0</ele>
      </trkpt>
      <trkpt lat="45.98085" lon="4.64795">
        <ele>270.0</ele>
      </trkpt>
      <trkpt lat="45.98018" lon="4.6492">
        <ele>277.0</ele>
      </trkpt>
      <trkpt lat="45.97721" lon="4.65041">
        <ele>284.0</ele>
      </trkpt>
      <trkpt lat="45.97711" lon="4.65033">
        <ele>284.0</ele>
      </trkpt>
      <trkpt lat="45.97457" lon="4.65127">
        <ele>282.0</ele>
      </trkpt>
      <trkpt lat="45.97252" lon="4.65454">
        <ele>277.0</ele>
      </trkpt>
      <trkpt lat="45.97237" lon="4.65486">
        <ele>274.0</ele>
      </trkpt>
      <trkpt lat="45.97214" lon="4.65633">
        <ele>269.0</ele>
      </trkpt>
      <trkpt lat="45.9717" lon="4.65766">
        <ele>266.0</ele>
      </trkpt>
      <trkpt lat="45.97173" lon="4.65911">
        <ele>265.0</ele>
      </trkpt>
      <trkpt lat="45.9716" lon="4.66004">
        <ele>261.0</ele>
      </trkpt>
      <trkpt lat="45.9711" lon="4.66052">
        <ele>257.0</ele>
      </trkpt>
      <trkpt lat="45.96987" lon="4.66228">
        <ele>250.0</ele>
      </trkpt>
      <trkpt lat="45.96899" lon="4.66753">
        <ele>232.0</ele>
      </trkpt>
      <trkpt lat="45.96814" lon="4.66789">
        <ele>226.0</ele>
      </trkpt>
      <trkpt lat="45.96779" lon="4.66765">
        <ele>223.0</ele>
      </trkpt>
      <trkpt lat="45.96765" lon="4.66786">
        <ele>223.0</ele>
      </trkpt>
      <trkpt lat="45.96681" lon="4.66781">
        <ele>223.0</ele>
      </trkpt>
      <trkpt lat="45.96635" lon="4.66798">
        <ele>223.0</ele>
      </trkpt>
      <trkpt lat="45.96557" lon="4.66883">
        <ele>221.0</ele>
      </trkpt>
      <trkpt lat="45.9655" lon="4.66976">
        <ele>220.0</ele>
      </trkpt>
      <trkpt lat="45.96537" lon="4.67012">
        <ele>220.0</ele>
      </trkpt>
      <trkpt lat="45.96376" lon="4.66878">
        <ele>225.0</ele>
      </trkpt>
      <trkpt lat="45.96288" lon="4.66831">
        <ele>228.0</ele>
      </trkpt>
      <trkpt lat="45.95798" lon="4.66746">
        <ele>231.0</ele>
      </trkpt>
      <trkpt lat="45.95649" lon="4.66698">
        <ele>234.0</ele>
      </trkpt>
      <trkpt lat="45.95536" lon="4.66625">
        <ele>235.0</ele>
      </trkpt>
      <trkpt lat="45.95289" lon="4.66389">
        <ele>238.0</ele>
      </trkpt>
      <trkpt lat="45.94972" lon="4.6623">
        <ele>239.0</ele>
      </trkpt>
      <trkpt lat="45.94601" lon="4.66102">
        <ele>260.0</ele>
      </trkpt>
      <trkpt lat="45.93569" lon="4.65483">
        <ele>296.0</ele>
      </trkpt>
      <trkpt lat="45.93518" lon="4.65573">
        <ele>303.0</ele>
      </trkpt>
      <trkpt lat="45.93451" lon="4.65609">
        <ele>305.0</ele>
      </trkpt>
      <trkpt lat="45.92696" lon="4.65648">
        <ele>305.0</ele>
      </trkpt>
      <trkpt lat="45.92551" lon="4.6568">
        <ele>304.0</ele>
      </trkpt>
      <trkpt lat="45.9226" lon="4.65667">
        <ele>299.0</ele>
      </trkpt>
      <trkpt lat="45.91945" lon="4.65485">
        <ele>293.0</ele>
      </trkpt>
      <trkpt lat="45.91546" lon="4.65318">
        <ele>280.0</ele>
      </trkpt>
      <trkpt lat="45.91374" lon="4.65255">
        <ele>273.0</ele>
      </trkpt>
      <trkpt lat="45.91259" lon="4.65297">
        <ele>273.0</ele>
      </trkpt>
      <trkpt lat="45.91235" lon="4.65293">
        <ele>274.0</ele>
      </trkpt>
      <trkpt lat="45.91184" lon="4.65275">
        <ele>275.0</ele>
      </trkpt>
      <trkpt lat="45.90903" lon="4.65095">
        <ele>271.0</ele>
      </trkpt>
      <trkpt lat="45.90768" lon="4.65074">
        <ele>268.0</ele>
      </trkpt>
      <trkpt lat="45.9074" lon="4.65047">
        <ele>267.0</ele>
      </trkpt>
      <trkpt lat="45.90742" lon="4.64946">
        <ele>264.0</ele>
      </trkpt>
      <trkpt lat="45.9071" lon="4.64911">
        <ele>262.0</ele>
      </trkpt>
      <trkpt lat="45.90526" lon="4.64914">
        <ele>262.0</ele>
      </trkpt>
      <trkpt lat="45.90228" lon="4.64857">
        <ele>257.0</ele>
      </trkpt>
      <trkpt lat="45.90191" lon="4.6482">
        <ele>255.0</ele>
      </trkpt>
      <trkpt lat="45.90194" lon="4.64703">
        <ele>252.0</ele>
      </trkpt>
      <trkpt lat="45.9018" lon="4.64689">
        <ele>252.0</ele>
      </trkpt>
      <trkpt lat="45.90044" lon="4.64712">
        <ele>253.0</ele>
      </trkpt>
      <trkpt lat="45.89855" lon="4.64632">
        <ele>254.0</ele>
      </trkpt>
      <trkpt lat="45.89568" lon="4.64585">
        <ele>249.0</ele>
      </trkpt>
      <trkpt lat="45.89319" lon="4.64521">
        <ele>249.0</ele>
      </trkpt>
      <trkpt lat="45.89252" lon="4.64511">
        <ele>247.0</ele>
      </trkpt>
      <trkpt lat="45.89142" lon="4.64526">
        <ele>245.0</ele>
      </trkpt>
      <trkpt lat="45.88892" lon="4.64343">
        <ele>242.0</ele>
      </trkpt>
      <trkpt lat="45.88817" lon="4.64322">
        <ele>241.0</ele>
      </trkpt>
      <trkpt lat="45.88757" lon="4.64332">
        <ele>240.0</ele>
      </trkpt>
      <trkpt lat="45.88564" lon="4.6444">
        <ele>236.0</ele>
      </trkpt>
      <trkpt lat="45.88426" lon="4.64462">
        <ele>238.0</ele>
      </trkpt>
      <trkpt lat="45.88239" lon="4.64559">
        <ele>231.0</ele>
      </trkpt>
      <trkpt lat="45.88148" lon="4.64663">
        <ele>226.0</ele>
      </trkpt>
      <trkpt lat="45.88088" lon="4.64693">
        <ele>224.0</ele>
      </trkpt>
      <trkpt lat="45.87961" lon="4.64715">
        <ele>222.0</ele>
      </trkpt>
      <trkpt lat="45.87855" lon="4.64717">
        <ele>219.0</ele>
      </trkpt>
      <trkpt lat="45.87731" lon="4.64642">
        <ele>218.0</ele>
      </trkpt>
      <trkpt lat="45.8772" lon="4.64548">
        <ele>217.0</ele>
      </trkpt>
      <trkpt lat="45.87683" lon="4.64492">
        <ele>216.0</ele>
      </trkpt>
      <trkpt lat="45.87725" lon="4.64435">
        <ele>215.0</ele>
      </trkpt>
      <trkpt lat="45.87602" lon="4.6441">
        <ele>212.0</ele>
      </trkpt>
      <trkpt lat="45.87505" lon="4.64589">
        <ele>212.0</ele>
      </trkpt>
      <trkpt lat="45.87177" lon="4.65095">
        <ele>212.0</ele>
      </trkpt>
      <trkpt lat="45.87042" lon="4.65347">
        <ele>218.0</ele>
      </trkpt>
      <trkpt lat="45.86932" lon="4.65498">
        <ele>220.0</ele>
      </trkpt>
      <trkpt lat="45.86892" lon="4.65622">
        <ele>221.0</ele>
      </trkpt>
      <trkpt lat="45.86881" lon="4.65756">
        <ele>221.0</ele>
      </trkpt>
      <trkpt lat="45.86861" lon="4.65843">
        <ele>221.0</ele>
      </trkpt>
      <trkpt lat="45.86767" lon="4.6601">
        <ele>221.0</ele>
      </trkpt>
      <trkpt lat="45.86707" lon="4.6606">
        <ele>220.0</ele>
      </trkpt>
      <trkpt lat="45.86608" lon="4.66099">
        <ele>218.0</ele>
      </trkpt>
      <trkpt lat="45.86504" lon="4.66185">
        <ele>217.0</ele>
      </trkpt>
      <trkpt lat="45.86369" lon="4.6623">
        <ele>216.0</ele>
      </trkpt>
      <trkpt lat="45.86312" lon="4.66276">
        <ele>214.0</ele>
      </trkpt>
      <trkpt lat="45.86161" lon="4.6654">
        <ele>214.0</ele>
      </trkpt>
      <trkpt lat="45.86002" lon="4.66684">
        <ele>215.0</ele>
      </trkpt>
      <trkpt lat="45.8597" lon="4.6675">
        <ele>214.0</ele>
      </trkpt>
      <trkpt lat="45.8591" lon="4.66951">
        <ele>208.0</ele>
      </trkpt>
      <trkpt lat="45.85677" lon="4.66914">
        <ele>210.0</ele>
      </trkpt>
      <trkpt lat="45.85465" lon="4.66961">
        <ele>210.0</ele>
      </trkpt>
      <trkpt lat="45.85408" lon="4.66957">
        <ele>212.0</ele>
      </trkpt>
      <trkpt lat="45.8532" lon="4.67014">
        <ele>215.0</ele>
      </trkpt>
      <trkpt lat="45.85246" lon="4.67032">
        <ele>217.0</ele>
      </trkpt>
      <trkpt lat="45.8509" lon="4.66992">
        <ele>221.0</ele>
      </trkpt>
      <trkpt lat="45.84733" lon="4.67025">
        <ele>232.0</ele>
      </trkpt>
      <trkpt lat="45.84714" lon="4.66999">
        <ele>240.0</ele>
      </trkpt>
      <trkpt lat="45.84697" lon="4.67029">
        <ele>243.0</ele>
      </trkpt>
      <trkpt lat="45.84208" lon="4.67079">
        <ele>260.0</ele>
      </trkpt>
      <trkpt lat="45.84034" lon="4.67059">
        <ele>269.0</ele>
      </trkpt>
      <trkpt lat="45.83837" lon="4.66986">
        <ele>277.0</ele>
      </trkpt>
      <trkpt lat="45.83526" lon="4.66946">
        <ele>288.0</ele>
      </trkpt>
      <trkpt lat="45.8329" lon="4.66966">
        <ele>301.0</ele>
      </trkpt>
      <trkpt lat="45.8307" lon="4.66848">
        <ele>306.0</ele>
      </trkpt>
      <trkpt lat="45.82891" lon="4.66815">
        <ele>307.0</ele>
      </trkpt>
      <trkpt lat="45.82643" lon="4.66816">
        <ele>304.0</ele>
      </trkpt>
      <trkpt lat="45.82563" lon="4.66833">
        <ele>303.0</ele>
      </trkpt>
      <trkpt lat="45.82527" lon="4.66791">
        <ele>301.0</ele>
      </trkpt>
      <trkpt lat="45.82426" lon="4.66851">
        <ele>299.0</ele>
      </trkpt>
      <trkpt lat="45.8216" lon="4.66869">
        <ele>297.0</ele>
      </trkpt>
      <trkpt lat="45.82126" lon="4.66849">
        <ele>297.0</ele>
      </trkpt>
      <trkpt lat="45.82075" lon="4.66769">
        <ele>299.0</ele>
      </trkpt>
      <trkpt lat="45.82053" lon="4.66772">
        <ele>300.0</ele>
      </trkpt>
      <trkpt lat="45.81741" lon="4.66525">
        <ele>307.0</ele>
      </trkpt>
      <trkpt lat="45.81721" lon="4.66489">
        <ele>313.0</ele>
      </trkpt>
      <trkpt lat="45.81686" lon="4.6648">
        <ele>315.0</ele>
      </trkpt>
      <trkpt lat="45.81503" lon="4.66333">
        <ele>322.0</ele>
      </trkpt>
      <trkpt lat="45.81447" lon="4.66304">
        <ele>326.0</ele>
      </trkpt>
      <trkpt lat="45.81325" lon="4.66304">
        <ele>330.0</ele>
      </trkpt>
      <trkpt lat="45.80816" lon="4.66448">
        <ele>355.0</ele>
      </trkpt>
      <trkpt lat="45.80685" lon="4.66455">
        <ele>369.0</ele>
      </trkpt>
      <trkpt lat="45.80663" lon="4.66444">
        <ele>373.0</ele>
      </trkpt>
      <trkpt lat="45.80629" lon="4.66462">
        <ele>374.0</ele>
      </trkpt>
      <trkpt lat="45.80523" lon="4.66462">
        <ele>375.0</ele>
      </trkpt>
      <trkpt lat="45.80398" lon="4.6639">
        <ele>379.0</ele>
      </trkpt>
      <trkpt lat="45.80376" lon="4.66325">
        <ele>380.0</ele>
      </trkpt>
      <trkpt lat="45.80365" lon="4.66237">
        <ele>384.0</ele>
      </trkpt>
      <trkpt lat="45.80344" lon="4.6619">
        <ele>387.0</ele>
      </trkpt>
      <trkpt lat="45.80237" lon="4.66063">
        <ele>398.0</ele>
      </trkpt>
      <trkpt lat="45.80195" lon="4.65974">
        <ele>404.0</ele>
      </trkpt>
      <trkpt lat="45.80169" lon="4.6596">
        <ele>407.0</ele>
      </trkpt>
      <trkpt lat="45.80147" lon="4.65972">
        <ele>409.0</ele>
      </trkpt>
      <trkpt lat="45.80102" lon="4.66056">
        <ele>413.0</ele>
      </trkpt>
      <trkpt lat="45.80058" lon="4.66084">
        <ele>415.0</ele>
      </trkpt>
      <trkpt lat="45.80029" lon="4.6609">
        <ele>416.0</ele>
      </trkpt>
      <trkpt lat="45.7995" lon="4.66042">
        <ele>421.0</ele>
      </trkpt>
      <trkpt lat="45.79926" lon="4.66111">
        <ele>423.0</ele>
      </trkpt>
      <trkpt lat="45.79797" lon="4.66236">
        <ele>428.0</ele>
      </trkpt>
      <trkpt lat="45.79743" lon="4.66338">
        <ele>429.0</ele>
      </trkpt>
      <trkpt lat="45.79728" lon="4.66348">
        <ele>430.0</ele>
      </trkpt>
      <trkpt lat="45.79669" lon="4.66324">
        <ele>431.0</ele>
      </trkpt>
      <trkpt lat="45.79653" lon="4.66333">
        <ele>432.0</ele>
      </trkpt>
      <trkpt lat="45.7963" lon="4.66454">
        <ele>434.0</ele>
      </trkpt>
      <trkpt lat="45.79612" lon="4.66487">
        <ele>435.0</ele>
      </trkpt>
      <trkpt lat="45.7956" lon="4.6653">
        <ele>437.0</ele>
      </trkpt>
      <trkpt lat="45.79519" lon="4.66533">
        <ele>438.0</ele>
      </trkpt>
      <trkpt lat="45.79472" lon="4.66606">
        <ele>440.0</ele>
      </trkpt>
      <trkpt lat="45.79445" lon="4.66763">
        <ele>444.0</ele>
      </trkpt>
      <trkpt lat="45.79372" lon="4.66792">
        <ele>447.0</ele>
      </trkpt>
      <trkpt lat="45.79286" lon="4.66762">
        <ele>451.0</ele>
      </trkpt>
      <trkpt lat="45.79248" lon="4.66913">
        <ele>444.0</ele>
      </trkpt>
      <trkpt lat="45.79192" lon="4.66959">
        <ele>437.0</ele>
      </trkpt>
      <trkpt lat="45.79115" lon="4.66967">
        <ele>434.0</ele>
      </trkpt>
      <trkpt lat="45.78997" lon="4.66839">
        <ele>435.0</ele>
      </trkpt>
      <trkpt lat="45.78973" lon="4.66845">
        <ele>434.0</ele>
      </trkpt>
      <trkpt lat="45.7894" lon="4.66908">
        <ele>431.0</ele>
      </trkpt>
      <trkpt lat="45.78892" lon="4.66925">
        <ele>428.0</ele>
      </trkpt>
      <trkpt lat="45.78855" lon="4.66892">
        <ele>425.0</ele>
      </trkpt>
      <trkpt lat="45.7876" lon="4.66755">
        <ele>421.0</ele>
      </trkpt>
      <trkpt lat="45.78714" lon="4.6676">
        <ele>419.0</ele>
      </trkpt>
      <trkpt lat="45.78654" lon="4.66815">
        <ele>417.0</ele>
      </trkpt>
      <trkpt lat="45.78601" lon="4.66809">
        <ele>414.0</ele>
      </trkpt>
      <trkpt lat="45.78531" lon="4.66565">
        <ele>408.0</ele>
      </trkpt>
      <trkpt lat="45.78517" lon="4.66453">
        <ele>406.0</ele>
      </trkpt>
      <trkpt lat="45.78505" lon="4.66432">
        <ele>405.0</ele>
      </trkpt>
      <trkpt lat="45.78416" lon="4.66511">
        <ele>404.0</ele>
      </trkpt>
      <trkpt lat="45.78315" lon="4.66662">
        <ele>403.0</ele>
      </trkpt>
      <trkpt lat="45.78269" lon="4.66671">
        <ele>402.0</ele>
      </trkpt>
      <trkpt lat="45.78207" lon="4.6657">
        <ele>406.0</ele>
      </trkpt>
      <trkpt lat="45.78177" lon="4.66574">
        <ele>410.0</ele>
      </trkpt>
      <trkpt lat="45.78149" lon="4.66672">
        <ele>413.0</ele>
      </trkpt>
      <trkpt lat="45.78128" lon="4.66821">
        <ele>416.0</ele>
      </trkpt>
      <trkpt lat="45.7808" lon="4.66874">
        <ele>418.0</ele>
      </trkpt>
      <trkpt lat="45.77951" lon="4.66839">
        <ele>421.0</ele>
      </trkpt>
      <trkpt lat="45.77808" lon="4.66858">
        <ele>426.0</ele>
      </trkpt>
      <trkpt lat="45.77746" lon="4.66714">
        <ele>432.0</ele>
      </trkpt>
      <trkpt lat="45.77689" lon="4.66506">
        <ele>435.0</ele>
      </trkpt>
      <trkpt lat="45.77675" lon="4.66442">
        <ele>435.0</ele>
      </trkpt>
      <trkpt lat="45.77672" lon="4.66288">
        <ele>434.0</ele>
      </trkpt>
      <trkpt lat="45.77643" lon="4.66273">
        <ele>434.0</ele>
      </trkpt>
      <trkpt lat="45.77594" lon="4.66279">
        <ele>434.0</ele>
      </trkpt>
      <trkpt lat="45.77502" lon="4.66315">
        <ele>433.0</ele>
      </trkpt>
      <trkpt lat="45.77437" lon="4.66277">
        <ele>432.0</ele>
      </trkpt>
      <trkpt lat="45.77395" lon="4.66194">
        <ele>431.0</ele>
      </trkpt>
      <trkpt lat="45.77335" lon="4.65982">
        <ele>424.0</ele>
      </trkpt>
      <trkpt lat="45.77312" lon="4.6597">
        <ele>422.0</ele>
      </trkpt>
      <trkpt lat="45.77204" lon="4.66003">
        <ele>417.0</ele>
      </trkpt>
      <trkpt lat="45.77173" lon="4.65952">
        <ele>415.0</ele>
      </trkpt>
      <trkpt lat="45.77132" lon="4.65803">
        <ele>413.0</ele>
      </trkpt>
      <trkpt lat="45.77119" lon="4.65792">
        <ele>413.0</ele>
      </trkpt>
      <trkpt lat="45.77096" lon="4.65799">
        <ele>412.0</ele>
      </trkpt>
      <trkpt lat="45.77077" lon="4.65862">
        <ele>411.0</ele>
      </trkpt>
      <trkpt lat="45.77076" lon="4.66066">
        <ele>410.0</ele>
      </trkpt>
      <trkpt lat="45.7706" lon="4.66173">
        <ele>414.0</ele>
      </trkpt>
      <trkpt lat="45.77024" lon="4.66217">
        <ele>416.0</ele>
      </trkpt>
      <trkpt lat="45.76982" lon="4.66229">
        <ele>418.0</ele>
      </trkpt>
      <trkpt lat="45.76888" lon="4.66168">
        <ele>423.0</ele>
      </trkpt>
      <trkpt lat="45.76814" lon="4.66204">
        <ele>426.0</ele>
      </trkpt>
      <trkpt lat="45.76743" lon="4.66217">
        <ele>425.0</ele>
      </trkpt>
      <trkpt lat="45.76668" lon="4.66111">
        <ele>423.0</ele>
      </trkpt>
      <trkpt lat="45.76611" lon="4.66095">
        <ele>423.0</ele>
      </trkpt>
      <trkpt lat="45.76517" lon="4.66112">
        <ele>424.0</ele>
      </trkpt>
      <trkpt lat="45.76494" lon="4.66075">
        <ele>424.0</ele>
      </trkpt>
      <trkpt lat="45.76414" lon="4.66033">
        <ele>424.0</ele>
      </trkpt>
      <trkpt lat="45.76282" lon="4.66105">
        <ele>418.0</ele>
      </trkpt>
      <trkpt lat="45.76192" lon="4.6608">
        <ele>413.0</ele>
      </trkpt>
      <trkpt lat="45.76141" lon="4.6604">
        <ele>406.0</ele>
      </trkpt>
      <trkpt lat="45.76084" lon="4.659">
        <ele>401.0</ele>
      </trkpt>
      <trkpt lat="45.76041" lon="4.65874">
        <ele>398.0</ele>
      </trkpt>
      <trkpt lat="45.75999" lon="4.65887">
        <ele>396.0</ele>
      </trkpt>
      <trkpt lat="45.7594" lon="4.65991">
        <ele>394.0</ele>
      </trkpt>
      <trkpt lat="45.75876" lon="4.66029">
        <ele>392.0</ele>
      </trkpt>
      <trkpt lat="45.75779" lon="4.66048">
        <ele>392.0</ele>
      </trkpt>
      <trkpt lat="45.75572" lon="4.66017">
        <ele>390.0</ele>
      </trkpt>
      <trkpt lat="45.75489" lon="4.65973">
        <ele>384.0</ele>
      </trkpt>
      <trkpt lat="45.75308" lon="4.65795">
        <ele>387.0</ele>
      </trkpt>
      <trkpt lat="45.75289" lon="4.65791">
        <ele>389.0</ele>
      </trkpt>
      <trkpt lat="45.75167" lon="4.65938">
        <ele>398.0</ele>
      </trkpt>
      <trkpt lat="45.75181" lon="4.66008">
        <ele>401.0</ele>
      </trkpt>
      <trkpt lat="45.75238" lon="4.66046">
        <ele>404.0</ele>
      </trkpt>
      <trkpt lat="45.75257" lon="4.66075">
        <ele>406.0</ele>
      </trkpt>
      <trkpt lat="45.75257" lon="4.66138">
        <ele>409.0</ele>
      </trkpt>
      <trkpt lat="45.75167" lon="4.66315">
        <ele>416.0</ele>
      </trkpt>
      <trkpt lat="45.75016" lon="4.66435">
        <ele>422.0</ele>
      </trkpt>
      <trkpt lat="45.74971" lon="4.66453">
        <ele>423.0</ele>
      </trkpt>
      <trkpt lat="45.74932" lon="4.66444">
        <ele>422.0</ele>
      </trkpt>
      <trkpt lat="45.74863" lon="4.66364">
        <ele>420.0</ele>
      </trkpt>
      <trkpt lat="45.74751" lon="4.66182">
        <ele>420.0</ele>
      </trkpt>
      <trkpt lat="45.74731" lon="4.66176">
        <ele>420.0</ele>
      </trkpt>
      <trkpt lat="45.7472" lon="4.662">
        <ele>420.0</ele>
      </trkpt>
      <trkpt lat="45.74717" lon="4.66313">
        <ele>420.0</ele>
      </trkpt>
      <trkpt lat="45.74706" lon="4.66349">
        <ele>419.0</ele>
      </trkpt>
      <trkpt lat="45.74633" lon="4.6643">
        <ele>418.0</ele>
      </trkpt>
      <trkpt lat="45.74549" lon="4.66473">
        <ele>417.0</ele>
      </trkpt>
      <trkpt lat="45.74518" lon="4.66474">
        <ele>417.0</ele>
      </trkpt>
      <trkpt lat="45.7441" lon="4.66456">
        <ele>416.0</ele>
      </trkpt>
      <trkpt lat="45.7429" lon="4.66411">
        <ele>420.0</ele>
      </trkpt>
      <trkpt lat="45.74184" lon="4.66418">
        <ele>424.0</ele>
      </trkpt>
      <trkpt lat="45.74152" lon="4.66451">
        <ele>426.0</ele>
      </trkpt>
      <trkpt lat="45.74129" lon="4.66545">
        <ele>428.0</ele>
      </trkpt>
      <trkpt lat="45.74108" lon="4.66576">
        <ele>428.0</ele>
      </trkpt>
      <trkpt lat="45.7398" lon="4.66732">
        <ele>427.0</ele>
      </trkpt>
      <trkpt lat="45.73916" lon="4.66763">
        <ele>426.0</ele>
      </trkpt>
      <trkpt lat="45.73823" lon="4.66714">
        <ele>426.0</ele>
      </trkpt>
      <trkpt lat="45.73765" lon="4.66612">
        <ele>426.0</ele>
      </trkpt>
      <trkpt lat="45.73676" lon="4.66526">
        <ele>424.0</ele>
      </trkpt>
      <trkpt lat="45.73639" lon="4.66514">
        <ele>423.0</ele>
      </trkpt>
      <trkpt lat="45.73546" lon="4.6653">
        <ele>416.0</ele>
      </trkpt>
      <trkpt lat="45.7348" lon="4.66471">
        <ele>410.0</ele>
      </trkpt>
      <trkpt lat="45.73453" lon="4.6642">
        <ele>407.0</ele>
      </trkpt>
      <trkpt lat="45.73385" lon="4.66507">
        <ele>403.0</ele>
      </trkpt>
      <trkpt lat="45.73374" lon="4.66555">
        <ele>400.0</ele>
      </trkpt>
      <trkpt lat="45.73379" lon="4.6661">
        <ele>398.0</ele>
      </trkpt>
      <trkpt lat="45.73459" lon="4.6674">
        <ele>393.0</ele>
      </trkpt>
      <trkpt lat="45.73543" lon="4.66813">
        <ele>387.0</ele>
      </trkpt>
      <trkpt lat="45.73539" lon="4.66909">
        <ele>384.0</ele>
      </trkpt>
      <trkpt lat="45.73514" lon="4.66967">
        <ele>381.0</ele>
      </trkpt>
      <trkpt lat="45.73267" lon="4.67222">
        <ele>363.0</ele>
      </trkpt>
      <trkpt lat="45.73261" lon="4.67271">
        <ele>361.0</ele>
      </trkpt>
      <trkpt lat="45.73074" lon="4.67291">
        <ele>354.0</ele>
      </trkpt>
      <trkpt lat="45.73025" lon="4.67359">
        <ele>349.0</ele>
      </trkpt>
      <trkpt lat="45.72862" lon="4.67482">
        <ele>338.0</ele>
      </trkpt>
      <trkpt lat="45.72832" lon="4.6749">
        <ele>335.0</ele>
      </trkpt>
      <trkpt lat="45.728" lon="4.67468">
        <ele>333.0</ele>
      </trkpt>
      <trkpt lat="45.72738" lon="4.67329">
        <ele>327.0</ele>
      </trkpt>
      <trkpt lat="45.72539" lon="4.67177">
        <ele>314.0</ele>
      </trkpt>
      <trkpt lat="45.72463" lon="4.67172">
        <ele>312.0</ele>
      </trkpt>
      <trkpt lat="45.72389" lon="4.67238">
        <ele>312.0</ele>
      </trkpt>
      <trkpt lat="45.72261" lon="4.67501">
        <ele>318.0</ele>
      </trkpt>
      <trkpt lat="45.72177" lon="4.67715">
        <ele>325.0</ele>
      </trkpt>
      <trkpt lat="45.72085" lon="4.67892">
        <ele>330.0</ele>
      </trkpt>
      <trkpt lat="45.71924" lon="4.68406">
        <ele>328.0</ele>
      </trkpt>
      <trkpt lat="45.71805" lon="4.68673">
        <ele>324.0</ele>
      </trkpt>
      <trkpt lat="45.71831" lon="4.69223">
        <ele>326.0</ele>
      </trkpt>
      <trkpt lat="45.71362" lon="4.68988">
        <ele>314.0</ele>
      </trkpt>
      <trkpt lat="45.71247" lon="4.68992">
        <ele>312.0</ele>
      </trkpt>
      <trkpt lat="45.71168" lon="4.69017">
        <ele>310.0</ele>
      </trkpt>
      <trkpt lat="45.71114" lon="4.69053">
        <ele>308.0</ele>
      </trkpt>
      <trkpt lat="45.70993" lon="4.69068">
        <ele>306.0</ele>
      </trkpt>
      <trkpt lat="45.70795" lon="4.69064">
        <ele>302.0</ele>
      </trkpt>
      <trkpt lat="45.70601" lon="4.68881">
        <ele>300.0</ele>
      </trkpt>
      <trkpt lat="45.70549" lon="4.68851">
        <ele>301.0</ele>
      </trkpt>
      <trkpt lat="45.70326" lon="4.68771">
        <ele>303.0</ele>
      </trkpt>
      <trkpt lat="45.70075" lon="4.68707">
        <ele>313.0</ele>
      </trkpt>
      <trkpt lat="45.69911" lon="4.68736">
        <ele>314.0</ele>
      </trkpt>
      <trkpt lat="45.6989" lon="4.69063">
        <ele>310.0</ele>
      </trkpt>
      <trkpt lat="45.69825" lon="4.69309">
        <ele>301.0</ele>
      </trkpt>
      <trkpt lat="45.69754" lon="4.69433">
        <ele>296.0</ele>
      </trkpt>
      <trkpt lat="45.69606" lon="4.69547">
        <ele>290.0</ele>
      </trkpt>
      <trkpt lat="45.6958" lon="4.69588">
        <ele>288.0</ele>
      </trkpt>
      <trkpt lat="45.69535" lon="4.69712">
        <ele>283.0</ele>
      </trkpt>
      <trkpt lat="45.69544" lon="4.69745">
        <ele>282.0</ele>
      </trkpt>
      <trkpt lat="45.6958" lon="4.69783">
        <ele>283.0</ele>
      </trkpt>
      <trkpt lat="45.69571" lon="4.69831">
        <ele>284.0</ele>
      </trkpt>
      <trkpt lat="45.6949" lon="4.69848">
        <ele>286.0</ele>
      </trkpt>
      <trkpt lat="45.6944" lon="4.69937">
        <ele>289.0</ele>
      </trkpt>
      <trkpt lat="45.69372" lon="4.70017">
        <ele>293.0</ele>
      </trkpt>
      <trkpt lat="45.69342" lon="4.70021">
        <ele>296.0</ele>
      </trkpt>
      <trkpt lat="45.6925" lon="4.69964">
        <ele>300.0</ele>
      </trkpt>
      <trkpt lat="45.69205" lon="4.69967">
        <ele>302.0</ele>
      </trkpt>
      <trkpt lat="45.6891" lon="4.70129">
        <ele>311.0</ele>
      </trkpt>
      <trkpt lat="45.68773" lon="4.70185">
        <ele>316.0</ele>
      </trkpt>
      <trkpt lat="45.68677" lon="4.70297">
        <ele>325.0</ele>
      </trkpt>
      <trkpt lat="45.68577" lon="4.70371">
        <ele>329.0</ele>
      </trkpt>
      <trkpt lat="45.68462" lon="4.70426">
        <ele>342.0</ele>
      </trkpt>
      <trkpt lat="45.68443" lon="4.70408">
        <ele>343.0</ele>
      </trkpt>
      <trkpt lat="45.68408" lon="4.70316">
        <ele>345.0</ele>
      </trkpt>
      <trkpt lat="45.68389" lon="4.70302">
        <ele>346.0</ele>
      </trkpt>
      <trkpt lat="45.68133" lon="4.70316">
        <ele>342.0</ele>
      </trkpt>
      <trkpt lat="45.67998" lon="4.70386">
        <ele>342.0</ele>
      </trkpt>
      <trkpt lat="45.67927" lon="4.70377">
        <ele>341.0</ele>
      </trkpt>
      <trkpt lat="45.67697" lon="4.70181">
        <ele>342.0</ele>
      </trkpt>
      <trkpt lat="45.67451" lon="4.70112">
        <ele>338.0</ele>
      </trkpt>
      <trkpt lat="45.67371" lon="4.70031">
        <ele>333.0</ele>
      </trkpt>
      <trkpt lat="45.67335" lon="4.70022">
        <ele>331.0</ele>
      </trkpt>
      <trkpt lat="45.6724" lon="4.69893">
        <ele>329.0</ele>
      </trkpt>
      <trkpt lat="45.67162" lon="4.69886">
        <ele>329.0</ele>
      </trkpt>
      <trkpt lat="45.66974" lon="4.6975">
        <ele>335.0</ele>
      </trkpt>
      <trkpt lat="45.66848" lon="4.69635">
        <ele>341.0</ele>
      </trkpt>
      <trkpt lat="45.66746" lon="4.69572">
        <ele>344.0</ele>
      </trkpt>
      <trkpt lat="45.66441" lon="4.69492">
        <ele>347.0</ele>
      </trkpt>
      <trkpt lat="45.66312" lon="4.69437">
        <ele>347.0</ele>
      </trkpt>
      <trkpt lat="45.66175" lon="4.69341">
        <ele>347.0</ele>
      </trkpt>
      <trkpt lat="45.66144" lon="4.69334">
        <ele>346.0</ele>
      </trkpt>
      <trkpt lat="45.66101" lon="4.69365">
        <ele>346.0</ele>
      </trkpt>
      <trkpt lat="45.66075" lon="4.69365">
        <ele>346.0</ele>
      </trkpt>
      <trkpt lat="45.65658" lon="4.69181">
        <ele>362.0</ele>
      </trkpt>
      <trkpt lat="45.65528" lon="4.69237">
        <ele>365.0</ele>
      </trkpt>
      <trkpt lat="45.65444" lon="4.69229">
        <ele>368.0</ele>
      </trkpt>
      <trkpt lat="45.65365" lon="4.69118">
        <ele>374.0</ele>
      </trkpt>
      <trkpt lat="45.65121" lon="4.68924">
        <ele>386.0</ele>
      </trkpt>
      <trkpt lat="45.64806" lon="4.68727">
        <ele>403.0</ele>
      </trkpt>
      <trkpt lat="45.64648" lon="4.68684">
        <ele>412.0</ele>
      </trkpt>
      <trkpt lat="45.64491" lon="4.68709">
        <ele>411.0</ele>
      </trkpt>
      <trkpt lat="45.64364" lon="4.68662">
        <ele>404.0</ele>
      </trkpt>
      <trkpt lat="45.64337" lon="4.68599">
        <ele>400.0</ele>
      </trkpt>
      <trkpt lat="45.6434" lon="4.68492">
        <ele>395.0</ele>
      </trkpt>
      <trkpt lat="45.64316" lon="4.68454">
        <ele>394.0</ele>
      </trkpt>
      <trkpt lat="45.64244" lon="4.68465">
        <ele>391.0</ele>
      </trkpt>
      <trkpt lat="45.64098" lon="4.68566">
        <ele>386.0</ele>
      </trkpt>
      <trkpt lat="45.64015" lon="4.68535">
        <ele>384.0</ele>
      </trkpt>
      <trkpt lat="45.63854" lon="4.68537">
        <ele>382.0</ele>
      </trkpt>
      <trkpt lat="45.6374" lon="4.68502">
        <ele>383.0</ele>
      </trkpt>
      <trkpt lat="45.63697" lon="4.68454">
        <ele>384.0</ele>
      </trkpt>
      <trkpt lat="45.63604" lon="4.68186">
        <ele>385.0</ele>
      </trkpt>
      <trkpt lat="45.6353" lon="4.68097">
        <ele>384.0</ele>
      </trkpt>
      <trkpt lat="45.63434" lon="4.68025">
        <ele>384.0</ele>
      </trkpt>
      <trkpt lat="45.63366" lon="4.67931">
        <ele>381.0</ele>
      </trkpt>
      <trkpt lat="45.63238" lon="4.67797">
        <ele>377.0</ele>
      </trkpt>
      <trkpt lat="45.63164" lon="4.67739">
        <ele>372.0</ele>
      </trkpt>
      <trkpt lat="45.63144" lon="4.67699">
        <ele>369.0</ele>
      </trkpt>
      <trkpt lat="45.6311" lon="4.67559">
        <ele>364.0</ele>
      </trkpt>
      <trkpt lat="45.63004" lon="4.67424">
        <ele>363.0</ele>
      </trkpt>
      <trkpt lat="45.62956" lon="4.67265">
        <ele>364.0</ele>
      </trkpt>
      <trkpt lat="45.62806" lon="4.67059">
        <ele>367.0</ele>
      </trkpt>
      <trkpt lat="45.62649" lon="4.6693">
        <ele>370.0</ele>
      </trkpt>
      <trkpt lat="45.62623" lon="4.66884">
        <ele>371.0</ele>
      </trkpt>
      <trkpt lat="45.62586" lon="4.66871">
        <ele>372.0</ele>
      </trkpt>
      <trkpt lat="45.62499" lon="4.66794">
        <ele>373.0</ele>
      </trkpt>
      <trkpt lat="45.62479" lon="4.66752">
        <ele>375.0</ele>
      </trkpt>
      <trkpt lat="45.62442" lon="4.66734">
        <ele>375.0</ele>
      </trkpt>
      <trkpt lat="45.62317" lon="4.66561">
        <ele>372.0</ele>
      </trkpt>
      <trkpt lat="45.62255" lon="4.66544">
        <ele>367.0</ele>
      </trkpt>
      <trkpt lat="45.62113" lon="4.66674">
        <ele>355.0</ele>
      </trkpt>
      <trkpt lat="45.61986" lon="4.66657">
        <ele>349.0</ele>
      </trkpt>
      <trkpt lat="45.61894" lon="4.66709">
        <ele>348.0</ele>
      </trkpt>
      <trkpt lat="45.61811" lon="4.66791">
        <ele>346.0</ele>
      </trkpt>
      <trkpt lat="45.61734" lon="4.66829">
        <ele>346.0</ele>
      </trkpt>
      <trkpt lat="45.61583" lon="4.67033">
        <ele>336.0</ele>
      </trkpt>
      <trkpt lat="45.61576" lon="4.67083">
        <ele>337.0</ele>
      </trkpt>
      <trkpt lat="45.61479" lon="4.67278">
        <ele>338.0</ele>
      </trkpt>
      <trkpt lat="45.61433" lon="4.67319">
        <ele>337.0</ele>
      </trkpt>
      <trkpt lat="45.61304" lon="4.6737">
        <ele>334.0</ele>
      </trkpt>
      <trkpt lat="45.61178" lon="4.67597">
        <ele>331.0</ele>
      </trkpt>
      <trkpt lat="45.60916" lon="4.67846">
        <ele>327.0</ele>
      </trkpt>
      <trkpt lat="45.60884" lon="4.67938">
        <ele>326.0</ele>
      </trkpt>
      <trkpt lat="45.60891" lon="4.68044">
        <ele>324.0</ele>
      </trkpt>
      <trkpt lat="45.6088" lon="4.68108">
        <ele>322.0</ele>
      </trkpt>
      <trkpt lat="45.60731" lon="4.68408">
        <ele>317.0</ele>
      </trkpt>
      <trkpt lat="45.60742" lon="4.68424">
        <ele>315.0</ele>
      </trkpt>
      <trkpt lat="45.60731" lon="4.68408">
        <ele>313.0</ele>
      </trkpt>
      <trkpt lat="45.60688" lon="4.68476">
        <ele>311.0</ele>
      </trkpt>
      <trkpt lat="45.60578" lon="4.68554">
        <ele>306.0</ele>
      </trkpt>
      <trkpt lat="45.60543" lon="4.68605">
        <ele>304.0</ele>
      </trkpt>
      <trkpt lat="45.605" lon="4.68854">
        <ele>299.0</ele>
      </trkpt>
      <trkpt lat="45.60486" lon="4.6889">
        <ele>298.0</ele>
      </trkpt>
      <trkpt lat="45.60452" lon="4.68918">
        <ele>298.0</ele>
      </trkpt>
      <trkpt lat="45.6044" lon="4.68975">
        <ele>298.0</ele>
      </trkpt>
      <trkpt lat="45.60391" lon="4.69079">
        <ele>298.0</ele>
      </trkpt>
      <trkpt lat="45.60261" lon="4.69121">
        <ele>301.0</ele>
      </trkpt>
      <trkpt lat="45.60124" lon="4.69202">
        <ele>305.0</ele>
      </trkpt>
      <trkpt lat="45.60043" lon="4.69227">
        <ele>309.0</ele>
      </trkpt>
      <trkpt lat="45.59998" lon="4.69265">
        <ele>313.0</ele>
      </trkpt>
      <trkpt lat="45.59893" lon="4.69404">
        <ele>317.0</ele>
      </trkpt>
      <trkpt lat="45.59799" lon="4.69435">
        <ele>326.0</ele>
      </trkpt>
      <trkpt lat="45.59597" lon="4.69537">
        <ele>330.0</ele>
      </trkpt>
      <trkpt lat="45.5946" lon="4.6953">
        <ele>332.0</ele>
      </trkpt>
      <trkpt lat="45.59322" lon="4.69579">
        <ele>333.0</ele>
      </trkpt>
      <trkpt lat="45.59246" lon="4.69558">
        <ele>333.0</ele>
      </trkpt>
      <trkpt lat="45.59134" lon="4.69557">
        <ele>333.0</ele>
      </trkpt>
      <trkpt lat="45.59" lon="4.69508">
        <ele>332.0</ele>
      </trkpt>
      <trkpt lat="45.58883" lon="4.69539">
        <ele>332.0</ele>
      </trkpt>
      <trkpt lat="45.58792" lon="4.69526">
        <ele>330.0</ele>
      </trkpt>
      <trkpt lat="45.58616" lon="4.69572">
        <ele>324.0</ele>
      </trkpt>
      <trkpt lat="45.58555" lon="4.69619">
        <ele>321.0</ele>
      </trkpt>
      <trkpt lat="45.58409" lon="4.6969">
        <ele>315.0</ele>
      </trkpt>
      <trkpt lat="45.58371" lon="4.69752">
        <ele>311.0</ele>
      </trkpt>
      <trkpt lat="45.58153" lon="4.69799">
        <ele>300.0</ele>
      </trkpt>
      <trkpt lat="45.57984" lon="4.69925">
        <ele>285.0</ele>
      </trkpt>
      <trkpt lat="45.57919" lon="4.69933">
        <ele>275.0</ele>
      </trkpt>
      <trkpt lat="45.57862" lon="4.70021">
        <ele>272.0</ele>
      </trkpt>
      <trkpt lat="45.57664" lon="4.70071">
        <ele>255.0</ele>
      </trkpt>
      <trkpt lat="45.57638" lon="4.70122">
        <ele>251.0</ele>
      </trkpt>
      <trkpt lat="45.5766" lon="4.70232">
        <ele>248.0</ele>
      </trkpt>
      <trkpt lat="45.57576" lon="4.70318">
        <ele>244.0</ele>
      </trkpt>
      <trkpt lat="45.57487" lon="4.70521">
        <ele>236.0</ele>
      </trkpt>
      <trkpt lat="45.5739" lon="4.70619">
        <ele>230.0</ele>
      </trkpt>
      <trkpt lat="45.57395" lon="4.70702">
        <ele>225.0</ele>
      </trkpt>
      <trkpt lat="45.57376" lon="4.71008">
        <ele>206.0</ele>
      </trkpt>
      <trkpt lat="45.57469" lon="4.71175">
        <ele>195.0</ele>
      </trkpt>
      <trkpt lat="45.57466" lon="4.71198">
        <ele>193.0</ele>
      </trkpt>
      <trkpt lat="45.57422" lon="4.71248">
        <ele>191.0</ele>
      </trkpt>
      <trkpt lat="45.57419" lon="4.71316">
        <ele>189.0</ele>
      </trkpt>
      <trkpt lat="45.57402" lon="4.71357">
        <ele>188.0</ele>
      </trkpt>
      <trkpt lat="45.57287" lon="4.71322">
        <ele>188.0</ele>
      </trkpt>
      <trkpt lat="45.57041" lon="4.71047">
        <ele>193.0</ele>
      </trkpt>
      <trkpt lat="45.56953" lon="4.70976">
        <ele>194.0</ele>
      </trkpt>
      <trkpt lat="45.5687" lon="4.70841">
        <ele>195.0</ele>
      </trkpt>
      <trkpt lat="45.56813" lon="4.70702">
        <ele>197.0</ele>
      </trkpt>
      <trkpt lat="45.56804" lon="4.70646">
        <ele>199.0</ele>
      </trkpt>
      <trkpt lat="45.56811" lon="4.70579">
        <ele>200.0</ele>
      </trkpt>
      <trkpt lat="45.56794" lon="4.70519">
        <ele>198.0</ele>
      </trkpt>
      <trkpt lat="45.56655" lon="4.70346">
        <ele>192.0</ele>
      </trkpt>
      <trkpt lat="45.56601" lon="4.70305">
        <ele>189.0</ele>
      </trkpt>
      <trkpt lat="45.56532" lon="4.70408">
        <ele>186.0</ele>
      </trkpt>
      <trkpt lat="45.56518" lon="4.70487">
        <ele>185.0</ele>
      </trkpt>
      <trkpt lat="45.56517" lon="4.70624">
        <ele>189.0</ele>
      </trkpt>
      <trkpt lat="45.56531" lon="4.70697">
        <ele>191.0</ele>
      </trkpt>
      <trkpt lat="45.56513" lon="4.70739">
        <ele>193.0</ele>
      </trkpt>
      <trkpt lat="45.56563" lon="4.70844">
        <ele>197.0</ele>
      </trkpt>
      <trkpt lat="45.56576" lon="4.70932">
        <ele>201.0</ele>
      </trkpt>
      <trkpt lat="45.5657" lon="4.70961">
        <ele>204.0</ele>
      </trkpt>
      <trkpt lat="45.5642" lon="4.71073">
        <ele>230.0</ele>
      </trkpt>
      <trkpt lat="45.56318" lon="4.71125">
        <ele>239.0</ele>
      </trkpt>
      <trkpt lat="45.56278" lon="4.71176">
        <ele>247.0</ele>
      </trkpt>
      <trkpt lat="45.56272" lon="4.71147">
        <ele>251.0</ele>
      </trkpt>
      <trkpt lat="45.56312" lon="4.71086">
        <ele>252.0</ele>
      </trkpt>
      <trkpt lat="45.56392" lon="4.71023">
        <ele>251.0</ele>
      </trkpt>
      <trkpt lat="45.56407" lon="4.70983">
        <ele>250.0</ele>
      </trkpt>
      <trkpt lat="45.564" lon="4.70946">
        <ele>250.0</ele>
      </trkpt>
      <trkpt lat="45.5623" lon="4.70804">
        <ele>255.0</ele>
      </trkpt>
      <trkpt lat="45.56072" lon="4.70738">
        <ele>280.0</ele>
      </trkpt>
      <trkpt lat="45.56042" lon="4.7066">
        <ele>284.0</ele>
      </trkpt>
      <trkpt lat="45.56009" lon="4.70641">
        <ele>286.0</ele>
      </trkpt>
      <trkpt lat="45.56002" lon="4.7066">
        <ele>287.0</ele>
      </trkpt>
      <trkpt lat="45.56032" lon="4.70709">
        <ele>288.0</ele>
      </trkpt>
      <trkpt lat="45.56057" lon="4.70788">
        <ele>291.0</ele>
      </trkpt>
      <trkpt lat="45.56129" lon="4.70877">
        <ele>295.0</ele>
      </trkpt>
      <trkpt lat="45.56133" lon="4.70926">
        <ele>297.0</ele>
      </trkpt>
      <trkpt lat="45.56121" lon="4.70955">
        <ele>298.0</ele>
      </trkpt>
      <trkpt lat="45.56058" lon="4.71008">
        <ele>302.0</ele>
      </trkpt>
      <trkpt lat="45.55821" lon="4.71022">
        <ele>316.0</ele>
      </trkpt>
      <trkpt lat="45.55545" lon="4.71097">
        <ele>333.0</ele>
      </trkpt>
      <trkpt lat="45.55486" lon="4.71143">
        <ele>340.0</ele>
      </trkpt>
      <trkpt lat="45.55231" lon="4.71475">
        <ele>362.0</ele>
      </trkpt>
      <trkpt lat="45.55173" lon="4.71506">
        <ele>364.0</ele>
      </trkpt>
      <trkpt lat="45.55131" lon="4.71699">
        <ele>368.0</ele>
      </trkpt>
      <trkpt lat="45.55046" lon="4.71904">
        <ele>370.0</ele>
      </trkpt>
      <trkpt lat="45.54968" lon="4.72019">
        <ele>375.0</ele>
      </trkpt>
      <trkpt lat="45.54565" lon="4.72382">
        <ele>407.0</ele>
      </trkpt>
      <trkpt lat="45.54485" lon="4.72469">
        <ele>413.0</ele>
      </trkpt>
      <trkpt lat="45.54376" lon="4.72659">
        <ele>419.0</ele>
      </trkpt>
      <trkpt lat="45.5431" lon="4.7282">
        <ele>425.0</ele>
      </trkpt>
      <trkpt lat="45.54086" lon="4.73191">
        <ele>431.0</ele>
      </trkpt>
      <trkpt lat="45.54045" lon="4.73334">
        <ele>437.0</ele>
      </trkpt>
      <trkpt lat="45.54055" lon="4.73362">
        <ele>437.0</ele>
      </trkpt>
      <trkpt lat="45.54108" lon="4.73407">
        <ele>437.0</ele>
      </trkpt>
      <trkpt lat="45.5411" lon="4.73448">
        <ele>437.0</ele>
      </trkpt>
      <trkpt lat="45.54093" lon="4.7352">
        <ele>437.0</ele>
      </trkpt>
      <trkpt lat="45.54035" lon="4.73625">
        <ele>436.0</ele>
      </trkpt>
      <trkpt lat="45.54026" lon="4.737">
        <ele>435.0</ele>
      </trkpt>
      <trkpt lat="45.54077" lon="4.7378">
        <ele>435.0</ele>
      </trkpt>
      <trkpt lat="45.54098" lon="4.7388">
        <ele>434.0</ele>
      </trkpt>
      <trkpt lat="45.5414" lon="4.7393">
        <ele>433.0</ele>
      </trkpt>
      <trkpt lat="45.54197" lon="4.73965">
        <ele>429.0</ele>
      </trkpt>
      <trkpt lat="45.54192" lon="4.73994">
        <ele>428.0</ele>
      </trkpt>
      <trkpt lat="45.54133" lon="4.74073">
        <ele>427.0</ele>
      </trkpt>
      <trkpt lat="45.54104" lon="4.74147">
        <ele>427.0</ele>
      </trkpt>
      <trkpt lat="45.54102" lon="4.74174">
        <ele>427.0</ele>
      </trkpt>
      <trkpt lat="45.54129" lon="4.74267">
        <ele>426.0</ele>
      </trkpt>
      <trkpt lat="45.54102" lon="4.74378">
        <ele>426.0</ele>
      </trkpt>
      <trkpt lat="45.53935" lon="4.74338">
        <ele>425.0</ele>
      </trkpt>
      <trkpt lat="45.53816" lon="4.74342">
        <ele>422.0</ele>
      </trkpt>
      <trkpt lat="45.53677" lon="4.74398">
        <ele>426.0</ele>
      </trkpt>
      <trkpt lat="45.53508" lon="4.74494">
        <ele>440.0</ele>
      </trkpt>
      <trkpt lat="45.53476" lon="4.74457">
        <ele>445.0</ele>
      </trkpt>
      <trkpt lat="45.53498" lon="4.74386">
        <ele>446.0</ele>
      </trkpt>
      <trkpt lat="45.53495" lon="4.74321">
        <ele>446.0</ele>
      </trkpt>
      <trkpt lat="45.53433" lon="4.74245">
        <ele>446.0</ele>
      </trkpt>
      <trkpt lat="45.53342" lon="4.74221">
        <ele>449.0</ele>
      </trkpt>
      <trkpt lat="45.53222" lon="4.74341">
        <ele>456.0</ele>
      </trkpt>
      <trkpt lat="45.53161" lon="4.74351">
        <ele>459.0</ele>
      </trkpt>
      <trkpt lat="45.53078" lon="4.74292">
        <ele>460.0</ele>
      </trkpt>
      <trkpt lat="45.53022" lon="4.74215">
        <ele>464.0</ele>
      </trkpt>
      <trkpt lat="45.52938" lon="4.74178">
        <ele>469.0</ele>
      </trkpt>
      <trkpt lat="45.52886" lon="4.74096">
        <ele>473.0</ele>
      </trkpt>
      <trkpt lat="45.52851" lon="4.74079">
        <ele>475.0</ele>
      </trkpt>
      <trkpt lat="45.52667" lon="4.74209">
        <ele>484.0</ele>
      </trkpt>
      <trkpt lat="45.5262" lon="4.7422">
        <ele>487.0</ele>
      </trkpt>
      <trkpt lat="45.52457" lon="4.74209">
        <ele>490.0</ele>
      </trkpt>
      <trkpt lat="45.52395" lon="4.74248">
        <ele>490.0</ele>
      </trkpt>
      <trkpt lat="45.52304" lon="4.74339">
        <ele>494.0</ele>
      </trkpt>
      <trkpt lat="45.52231" lon="4.74352">
        <ele>499.0</ele>
      </trkpt>
      <trkpt lat="45.52175" lon="4.74019">
        <ele>495.0</ele>
      </trkpt>
      <trkpt lat="45.52146" lon="4.73954">
        <ele>492.0</ele>
      </trkpt>
      <trkpt lat="45.52083" lon="4.739">
        <ele>490.0</ele>
      </trkpt>
      <trkpt lat="45.51922" lon="4.73855">
        <ele>484.0</ele>
      </trkpt>
      <trkpt lat="45.51905" lon="4.73825">
        <ele>481.0</ele>
      </trkpt>
      <trkpt lat="45.51923" lon="4.73558">
        <ele>469.0</ele>
      </trkpt>
      <trkpt lat="45.51906" lon="4.73507">
        <ele>465.0</ele>
      </trkpt>
      <trkpt lat="45.51637" lon="4.73248">
        <ele>450.0</ele>
      </trkpt>
      <trkpt lat="45.51621" lon="4.73219">
        <ele>447.0</ele>
      </trkpt>
      <trkpt lat="45.51633" lon="4.72631">
        <ele>432.0</ele>
      </trkpt>
      <trkpt lat="45.5161" lon="4.72576">
        <ele>427.0</ele>
      </trkpt>
      <trkpt lat="45.51537" lon="4.7254">
        <ele>423.0</ele>
      </trkpt>
      <trkpt lat="45.51518" lon="4.72496">
        <ele>421.0</ele>
      </trkpt>
      <trkpt lat="45.51525" lon="4.72446">
        <ele>419.0</ele>
      </trkpt>
      <trkpt lat="45.51592" lon="4.72304">
        <ele>415.0</ele>
      </trkpt>
      <trkpt lat="45.51599" lon="4.72261">
        <ele>413.0</ele>
      </trkpt>
      <trkpt lat="45.5154" lon="4.72162">
        <ele>413.0</ele>
      </trkpt>
      <trkpt lat="45.51481" lon="4.72135">
        <ele>413.0</ele>
      </trkpt>
      <trkpt lat="45.51405" lon="4.72119">
        <ele>414.0</ele>
      </trkpt>
      <trkpt lat="45.51245" lon="4.72149">
        <ele>419.0</ele>
      </trkpt>
      <trkpt lat="45.5112" lon="4.72221">
        <ele>423.0</ele>
      </trkpt>
      <trkpt lat="45.51056" lon="4.72238">
        <ele>426.0</ele>
      </trkpt>
      <trkpt lat="45.51025" lon="4.72212">
        <ele>430.0</ele>
      </trkpt>
      <trkpt lat="45.51004" lon="4.72124">
        <ele>434.0</ele>
      </trkpt>
      <trkpt lat="45.5097" lon="4.72111">
        <ele>437.0</ele>
      </trkpt>
      <trkpt lat="45.50836" lon="4.72225">
        <ele>440.0</ele>
      </trkpt>
      <trkpt lat="45.50762" lon="4.72245">
        <ele>440.0</ele>
      </trkpt>
      <trkpt lat="45.50724" lon="4.72217">
        <ele>441.0</ele>
      </trkpt>
      <trkpt lat="45.50698" lon="4.72163">
        <ele>441.0</ele>
      </trkpt>
      <trkpt lat="45.50692" lon="4.72011">
        <ele>441.0</ele>
      </trkpt>
      <trkpt lat="45.50681" lon="4.7199">
        <ele>441.0</ele>
      </trkpt>
      <trkpt lat="45.50567" lon="4.72033">
        <ele>441.0</ele>
      </trkpt>
      <trkpt lat="45.50533" lon="4.72016">
        <ele>442.0</ele>
      </trkpt>
      <trkpt lat="45.50502" lon="4.7195">
        <ele>444.0</ele>
      </trkpt>
      <trkpt lat="45.50477" lon="4.71935">
        <ele>446.0</ele>
      </trkpt>
      <trkpt lat="45.50405" lon="4.71985">
        <ele>448.0</ele>
      </trkpt>
      <trkpt lat="45.50368" lon="4.71984">
        <ele>450.0</ele>
      </trkpt>
      <trkpt lat="45.50343" lon="4.71941">
        <ele>451.0</ele>
      </trkpt>
      <trkpt lat="45.50329" lon="4.71816">
        <ele>454.0</ele>
      </trkpt>
      <trkpt lat="45.50313" lon="4.71812">
        <ele>454.0</ele>
      </trkpt>
      <trkpt lat="45.50252" lon="4.71863">
        <ele>454.0</ele>
      </trkpt>
      <trkpt lat="45.50223" lon="4.71869">
        <ele>454.0</ele>
      </trkpt>
      <trkpt lat="45.50142" lon="4.71795">
        <ele>454.0</ele>
      </trkpt>
      <trkpt lat="45.50118" lon="4.71904">
        <ele>457.0</ele>
      </trkpt>
      <trkpt lat="45.50058" lon="4.71923">
        <ele>460.0</ele>
      </trkpt>
      <trkpt lat="45.50043" lon="4.71943">
        <ele>460.0</ele>
      </trkpt>
      <trkpt lat="45.5005" lon="4.72041">
        <ele>460.0</ele>
      </trkpt>
      <trkpt lat="45.50038" lon="4.72073">
        <ele>459.0</ele>
      </trkpt>
      <trkpt lat="45.49944" lon="4.72186">
        <ele>460.0</ele>
      </trkpt>
      <trkpt lat="45.49896" lon="4.72209">
        <ele>462.0</ele>
      </trkpt>
      <trkpt lat="45.49698" lon="4.72188">
        <ele>468.0</ele>
      </trkpt>
      <trkpt lat="45.49665" lon="4.7218">
        <ele>469.0</ele>
      </trkpt>
      <trkpt lat="45.49636" lon="4.72143">
        <ele>470.0</ele>
      </trkpt>
      <trkpt lat="45.49607" lon="4.71977">
        <ele>472.0</ele>
      </trkpt>
      <trkpt lat="45.49562" lon="4.71855">
        <ele>473.0</ele>
      </trkpt>
      <trkpt lat="45.49455" lon="4.71687">
        <ele>474.0</ele>
      </trkpt>
      <trkpt lat="45.49424" lon="4.71674">
        <ele>476.0</ele>
      </trkpt>
      <trkpt lat="45.4938" lon="4.71727">
        <ele>477.0</ele>
      </trkpt>
      <trkpt lat="45.49306" lon="4.71759">
        <ele>480.0</ele>
      </trkpt>
      <trkpt lat="45.49219" lon="4.71925">
        <ele>476.0</ele>
      </trkpt>
      <trkpt lat="45.49193" lon="4.7195">
        <ele>473.0</ele>
      </trkpt>
      <trkpt lat="45.48915" lon="4.72034">
        <ele>466.0</ele>
      </trkpt>
      <trkpt lat="45.48868" lon="4.72128">
        <ele>460.0</ele>
      </trkpt>
      <trkpt lat="45.48783" lon="4.72229">
        <ele>455.0</ele>
      </trkpt>
      <trkpt lat="45.48591" lon="4.72325">
        <ele>445.0</ele>
      </trkpt>
      <trkpt lat="45.48419" lon="4.72483">
        <ele>430.0</ele>
      </trkpt>
      <trkpt lat="45.48379" lon="4.7249">
        <ele>427.0</ele>
      </trkpt>
      <trkpt lat="45.48245" lon="4.72439">
        <ele>422.0</ele>
      </trkpt>
      <trkpt lat="45.48154" lon="4.72464">
        <ele>423.0</ele>
      </trkpt>
      <trkpt lat="45.48053" lon="4.72557">
        <ele>426.0</ele>
      </trkpt>
      <trkpt lat="45.47922" lon="4.72578">
        <ele>428.0</ele>
      </trkpt>
      <trkpt lat="45.47766" lon="4.72579">
        <ele>426.0</ele>
      </trkpt>
      <trkpt lat="45.47624" lon="4.72537">
        <ele>423.0</ele>
      </trkpt>
      <trkpt lat="45.47496" lon="4.72464">
        <ele>422.0</ele>
      </trkpt>
      <trkpt lat="45.47418" lon="4.7239">
        <ele>419.0</ele>
      </trkpt>
      <trkpt lat="45.47332" lon="4.72266">
        <ele>415.0</ele>
      </trkpt>
      <trkpt lat="45.47197" lon="4.72142">
        <ele>409.0</ele>
      </trkpt>
      <trkpt lat="45.47064" lon="4.71824">
        <ele>405.0</ele>
      </trkpt>
      <trkpt lat="45.47028" lon="4.71781">
        <ele>402.0</ele>
      </trkpt>
      <trkpt lat="45.4699" lon="4.71777">
        <ele>401.0</ele>
      </trkpt>
      <trkpt lat="45.4697" lon="4.71794">
        <ele>401.0</ele>
      </trkpt>
      <trkpt lat="45.46932" lon="4.7203">
        <ele>401.0</ele>
      </trkpt>
      <trkpt lat="45.46916" lon="4.72059">
        <ele>400.0</ele>
      </trkpt>
      <trkpt lat="45.46849" lon="4.72107">
        <ele>399.0</ele>
      </trkpt>
      <trkpt lat="45.46699" lon="4.72098">
        <ele>400.0</ele>
      </trkpt>
      <trkpt lat="45.46446" lon="4.71896">
        <ele>403.0</ele>
      </trkpt>
      <trkpt lat="45.46326" lon="4.71877">
        <ele>403.0</ele>
      </trkpt>
      <trkpt lat="45.46246" lon="4.71764">
        <ele>403.0</ele>
      </trkpt>
      <trkpt lat="45.46174" lon="4.715">
        <ele>398.0</ele>
      </trkpt>
      <trkpt lat="45.46036" lon="4.71269">
        <ele>394.0</ele>
      </trkpt>
      <trkpt lat="45.45981" lon="4.71056">
        <ele>390.0</ele>
      </trkpt>
      <trkpt lat="45.45911" lon="4.70929">
        <ele>389.0</ele>
      </trkpt>
      <trkpt lat="45.45794" lon="4.70863">
        <ele>387.0</ele>
      </trkpt>
      <trkpt lat="45.45754" lon="4.70735">
        <ele>386.0</ele>
      </trkpt>
      <trkpt lat="45.45716" lon="4.70676">
        <ele>387.0</ele>
      </trkpt>
      <trkpt lat="45.45676" lon="4.70655">
        <ele>388.0</ele>
      </trkpt>
      <trkpt lat="45.45621" lon="4.70661">
        <ele>389.0</ele>
      </trkpt>
      <trkpt lat="45.4552" lon="4.70735">
        <ele>393.0</ele>
      </trkpt>
      <trkpt lat="45.454" lon="4.707">
        <ele>397.0</ele>
      </trkpt>
      <trkpt lat="45.45329" lon="4.70776">
        <ele>400.0</ele>
      </trkpt>
      <trkpt lat="45.45136" lon="4.70871">
        <ele>407.0</ele>
      </trkpt>
      <trkpt lat="45.45065" lon="4.7084">
        <ele>410.0</ele>
      </trkpt>
      <trkpt lat="45.44966" lon="4.70832">
        <ele>413.0</ele>
      </trkpt>
      <trkpt lat="45.44887" lon="4.70713">
        <ele>416.0</ele>
      </trkpt>
      <trkpt lat="45.44779" lon="4.70618">
        <ele>419.0</ele>
      </trkpt>
      <trkpt lat="45.44645" lon="4.70413">
        <ele>424.0</ele>
      </trkpt>
      <trkpt lat="45.44576" lon="4.70176">
        <ele>431.0</ele>
      </trkpt>
      <trkpt lat="45.44557" lon="4.70062">
        <ele>435.0</ele>
      </trkpt>
      <trkpt lat="45.44414" lon="4.6972">
        <ele>448.0</ele>
      </trkpt>
      <trkpt lat="45.44211" lon="4.69649">
        <ele>458.0</ele>
      </trkpt>
      <trkpt lat="45.44076" lon="4.69575">
        <ele>462.0</ele>
      </trkpt>
      <trkpt lat="45.43943" lon="4.69547">
        <ele>465.0</ele>
      </trkpt>
      <trkpt lat="45.43868" lon="4.69484">
        <ele>468.0</ele>
      </trkpt>
      <trkpt lat="45.4376" lon="4.69434">
        <ele>471.0</ele>
      </trkpt>
      <trkpt lat="45.43665" lon="4.69129">
        <ele>471.0</ele>
      </trkpt>
      <trkpt lat="45.43635" lon="4.68783">
        <ele>470.0</ele>
      </trkpt>
      <trkpt lat="45.43559" lon="4.68705">
        <ele>468.0</ele>
      </trkpt>
      <trkpt lat="45.43474" lon="4.68485">
        <ele>463.0</ele>
      </trkpt>
      <trkpt lat="45.43415" lon="4.68382">
        <ele>460.0</ele>
      </trkpt>
      <trkpt lat="45.43295" lon="4.68224">
        <ele>455.0</ele>
      </trkpt>
      <trkpt lat="45.43249" lon="4.68094">
        <ele>452.0</ele>
      </trkpt>
      <trkpt lat="45.43239" lon="4.67851">
        <ele>448.0</ele>
      </trkpt>
      <trkpt lat="45.43303" lon="4.67751">
        <ele>447.0</ele>
      </trkpt>
      <trkpt lat="45.43314" lon="4.67654">
        <ele>447.0</ele>
      </trkpt>
      <trkpt lat="45.43291" lon="4.6751">
        <ele>444.0</ele>
      </trkpt>
      <trkpt lat="45.43258" lon="4.67407">
        <ele>439.0</ele>
      </trkpt>
      <trkpt lat="45.43272" lon="4.67322">
        <ele>437.0</ele>
      </trkpt>
      <trkpt lat="45.43267" lon="4.67282">
        <ele>436.0</ele>
      </trkpt>
      <trkpt lat="45.43175" lon="4.67094">
        <ele>432.0</ele>
      </trkpt>
      <trkpt lat="45.43147" lon="4.67085">
        <ele>431.0</ele>
      </trkpt>
      <trkpt lat="45.43121" lon="4.67103">
        <ele>430.0</ele>
      </trkpt>
      <trkpt lat="45.43111" lon="4.67171">
        <ele>430.0</ele>
      </trkpt>
      <trkpt lat="45.4305" lon="4.67337">
        <ele>428.0</ele>
      </trkpt>
      <trkpt lat="45.43001" lon="4.67418">
        <ele>428.0</ele>
      </trkpt>
      <trkpt lat="45.42798" lon="4.67487">
        <ele>428.0</ele>
      </trkpt>
      <trkpt lat="45.42578" lon="4.67618">
        <ele>430.0</ele>
      </trkpt>
      <trkpt lat="45.42528" lon="4.67594">
        <ele>432.0</ele>
      </trkpt>
      <trkpt lat="45.42466" lon="4.6735">
        <ele>438.0</ele>
      </trkpt>
      <trkpt lat="45.42442" lon="4.67318">
        <ele>439.0</ele>
      </trkpt>
      <trkpt lat="45.42416" lon="4.67311">
        <ele>439.0</ele>
      </trkpt>
      <trkpt lat="45.42094" lon="4.67402">
        <ele>447.0</ele>
      </trkpt>
      <trkpt lat="45.41763" lon="4.67593">
        <ele>458.0</ele>
      </trkpt>
      <trkpt lat="45.41651" lon="4.67582">
        <ele>453.0</ele>
      </trkpt>
      <trkpt lat="45.41633" lon="4.67426">
        <ele>453.0</ele>
      </trkpt>
      <trkpt lat="45.41616" lon="4.67073">
        <ele>467.0</ele>
      </trkpt>
      <trkpt lat="45.41637" lon="4.6689">
        <ele>472.0</ele>
      </trkpt>
      <trkpt lat="45.41653" lon="4.66853">
        <ele>474.0</ele>
      </trkpt>
      <trkpt lat="45.41611" lon="4.6671">
        <ele>476.0</ele>
      </trkpt>
      <trkpt lat="45.41678" lon="4.66538">
        <ele>476.0</ele>
      </trkpt>
      <trkpt lat="45.41662" lon="4.66503">
        <ele>476.0</ele>
      </trkpt>
      <trkpt lat="45.41639" lon="4.66492">
        <ele>475.0</ele>
      </trkpt>
      <trkpt lat="45.41596" lon="4.6652">
        <ele>475.0</ele>
      </trkpt>
      <trkpt lat="45.41527" lon="4.66688">
        <ele>471.0</ele>
      </trkpt>
      <trkpt lat="45.41511" lon="4.66841">
        <ele>469.0</ele>
      </trkpt>
      <trkpt lat="45.41481" lon="4.66836">
        <ele>470.0</ele>
      </trkpt>
      <trkpt lat="45.41457" lon="4.66711">
        <ele>473.0</ele>
      </trkpt>
      <trkpt lat="45.4144" lon="4.6668">
        <ele>475.0</ele>
      </trkpt>
      <trkpt lat="45.41403" lon="4.66681">
        <ele>475.0</ele>
      </trkpt>
      <trkpt lat="45.41385" lon="4.66705">
        <ele>474.0</ele>
      </trkpt>
      <trkpt lat="45.4138" lon="4.66765">
        <ele>473.0</ele>
      </trkpt>
      <trkpt lat="45.4142" lon="4.66944">
        <ele>468.0</ele>
      </trkpt>
      <trkpt lat="45.41413" lon="4.66996">
        <ele>467.0</ele>
      </trkpt>
      <trkpt lat="45.41395" lon="4.67029">
        <ele>467.0</ele>
      </trkpt>
      <trkpt lat="45.41357" lon="4.67053">
        <ele>467.0</ele>
      </trkpt>
      <trkpt lat="45.41245" lon="4.67057">
        <ele>467.0</ele>
      </trkpt>
      <trkpt lat="45.41211" lon="4.67096">
        <ele>467.0</ele>
      </trkpt>
      <trkpt lat="45.412" lon="4.67162">
        <ele>466.0</ele>
      </trkpt>
      <trkpt lat="45.41203" lon="4.67411">
        <ele>464.0</ele>
      </trkpt>
      <trkpt lat="45.41164" lon="4.67574">
        <ele>462.0</ele>
      </trkpt>
      <trkpt lat="45.41159" lon="4.67924">
        <ele>455.0</ele>
      </trkpt>
      <trkpt lat="45.41138" lon="4.67985">
        <ele>452.0</ele>
      </trkpt>
      <trkpt lat="45.40967" lon="4.68072">
        <ele>451.0</ele>
      </trkpt>
      <trkpt lat="45.40682" lon="4.68108">
        <ele>447.0</ele>
      </trkpt>
      <trkpt lat="45.40588" lon="4.68246">
        <ele>442.0</ele>
      </trkpt>
      <trkpt lat="45.40305" lon="4.68367">
        <ele>437.0</ele>
      </trkpt>
      <trkpt lat="45.40192" lon="4.6859">
        <ele>434.0</ele>
      </trkpt>
      <trkpt lat="45.40056" lon="4.68699">
        <ele>435.0</ele>
      </trkpt>
      <trkpt lat="45.39946" lon="4.68684">
        <ele>437.0</ele>
      </trkpt>
      <trkpt lat="45.39884" lon="4.6862">
        <ele>438.0</ele>
      </trkpt>
      <trkpt lat="45.398" lon="4.68594">
        <ele>435.0</ele>
      </trkpt>
      <trkpt lat="45.39726" lon="4.68628">
        <ele>431.0</ele>
      </trkpt>
      <trkpt lat="45.39507" lon="4.68657">
        <ele>427.0</ele>
      </trkpt>
      <trkpt lat="45.39472" lon="4.68683">
        <ele>426.0</ele>
      </trkpt>
      <trkpt lat="45.394" lon="4.68788">
        <ele>425.0</ele>
      </trkpt>
      <trkpt lat="45.39369" lon="4.68812">
        <ele>424.0</ele>
      </trkpt>
      <trkpt lat="45.39144" lon="4.68785">
        <ele>420.0</ele>
      </trkpt>
      <trkpt lat="45.3901" lon="4.68696">
        <ele>422.0</ele>
      </trkpt>
      <trkpt lat="45.38848" lon="4.6869">
        <ele>424.0</ele>
      </trkpt>
      <trkpt lat="45.38834" lon="4.68667">
        <ele>424.0</ele>
      </trkpt>
      <trkpt lat="45.38819" lon="4.68686">
        <ele>424.0</ele>
      </trkpt>
      <trkpt lat="45.38728" lon="4.68612">
        <ele>424.0</ele>
      </trkpt>
      <trkpt lat="45.38657" lon="4.68524">
        <ele>424.0</ele>
      </trkpt>
      <trkpt lat="45.38404" lon="4.68348">
        <ele>426.0</ele>
      </trkpt>
      <trkpt lat="45.38271" lon="4.68311">
        <ele>427.0</ele>
      </trkpt>
      <trkpt lat="45.38068" lon="4.68378">
        <ele>420.0</ele>
      </trkpt>
      <trkpt lat="45.38007" lon="4.6837">
        <ele>418.0</ele>
      </trkpt>
      <trkpt lat="45.37905" lon="4.68347">
        <ele>413.0</ele>
      </trkpt>
      <trkpt lat="45.37768" lon="4.68264">
        <ele>415.0</ele>
      </trkpt>
      <trkpt lat="45.37635" lon="4.68205">
        <ele>415.0</ele>
      </trkpt>
      <trkpt lat="45.37289" lon="4.68275">
        <ele>412.0</ele>
      </trkpt>
      <trkpt lat="45.37221" lon="4.6826">
        <ele>412.0</ele>
      </trkpt>
      <trkpt lat="45.37137" lon="4.68202">
        <ele>411.0</ele>
      </trkpt>
      <trkpt lat="45.37093" lon="4.68189">
        <ele>411.0</ele>
      </trkpt>
      <trkpt lat="45.36943" lon="4.68204">
        <ele>411.0</ele>
      </trkpt>
      <trkpt lat="45.36804" lon="4.68182">
        <ele>414.0</ele>
      </trkpt>
      <trkpt lat="45.36605" lon="4.68243">
        <ele>413.0</ele>
      </trkpt>
      <trkpt lat="45.36457" lon="4.68245">
        <ele>411.0</ele>
      </trkpt>
      <trkpt lat="45.36411" lon="4.68275">
        <ele>410.0</ele>
      </trkpt>
      <trkpt lat="45.36351" lon="4.68351">
        <ele>409.0</ele>
      </trkpt>
      <trkpt lat="45.36289" lon="4.68447">
        <ele>407.0</ele>
      </trkpt>
      <trkpt lat="45.36282" lon="4.68483">
        <ele>406.0</ele>
      </trkpt>
      <trkpt lat="45.36245" lon="4.68524">
        <ele>406.0</ele>
      </trkpt>
      <trkpt lat="45.36217" lon="4.68495">
        <ele>405.0</ele>
      </trkpt>
      <trkpt lat="45.3611" lon="4.68526">
        <ele>404.0</ele>
      </trkpt>
      <trkpt lat="45.36053" lon="4.68518">
        <ele>404.0</ele>
      </trkpt>
      <trkpt lat="45.35865" lon="4.68442">
        <ele>404.0</ele>
      </trkpt>
      <trkpt lat="45.35822" lon="4.68394">
        <ele>404.0</ele>
      </trkpt>
      <trkpt lat="45.35565" lon="4.68247">
        <ele>404.0</ele>
      </trkpt>
      <trkpt lat="45.35366" lon="4.68185">
        <ele>403.0</ele>
      </trkpt>
      <trkpt lat="45.35216" lon="4.68018">
        <ele>399.0</ele>
      </trkpt>
      <trkpt lat="45.35166" lon="4.67985">
        <ele>396.0</ele>
      </trkpt>
      <trkpt lat="45.35052" lon="4.68026">
        <ele>393.0</ele>
      </trkpt>
      <trkpt lat="45.34881" lon="4.68119">
        <ele>389.0</ele>
      </trkpt>
      <trkpt lat="45.34714" lon="4.68293">
        <ele>371.0</ele>
      </trkpt>
      <trkpt lat="45.34622" lon="4.68309">
        <ele>373.0</ele>
      </trkpt>
      <trkpt lat="45.34613" lon="4.68384">
        <ele>377.0</ele>
      </trkpt>
      <trkpt lat="45.34516" lon="4.68689">
        <ele>382.0</ele>
      </trkpt>
      <trkpt lat="45.34512" lon="4.68811">
        <ele>384.0</ele>
      </trkpt>
      <trkpt lat="45.34488" lon="4.68862">
        <ele>385.0</ele>
      </trkpt>
      <trkpt lat="45.34413" lon="4.68916">
        <ele>384.0</ele>
      </trkpt>
      <trkpt lat="45.34376" lon="4.68919">
        <ele>382.0</ele>
      </trkpt>
      <trkpt lat="45.34288" lon="4.6886">
        <ele>377.0</ele>
      </trkpt>
      <trkpt lat="45.34243" lon="4.6873">
        <ele>376.0</ele>
      </trkpt>
      <trkpt lat="45.342" lon="4.68724">
        <ele>376.0</ele>
      </trkpt>
      <trkpt lat="45.34201" lon="4.68857">
        <ele>375.0</ele>
      </trkpt>
      <trkpt lat="45.34308" lon="4.69197">
        <ele>370.0</ele>
      </trkpt>
      <trkpt lat="45.34312" lon="4.69569">
        <ele>374.0</ele>
      </trkpt>
      <trkpt lat="45.34297" lon="4.69675">
        <ele>376.0</ele>
      </trkpt>
      <trkpt lat="45.34296" lon="4.6979">
        <ele>379.0</ele>
      </trkpt>
      <trkpt lat="45.34341" lon="4.69909">
        <ele>382.0</ele>
      </trkpt>
      <trkpt lat="45.34365" lon="4.70082">
        <ele>384.0</ele>
      </trkpt>
      <trkpt lat="45.34415" lon="4.70167">
        <ele>385.0</ele>
      </trkpt>
      <trkpt lat="45.34443" lon="4.7035">
        <ele>386.0</ele>
      </trkpt>
      <trkpt lat="45.34491" lon="4.70457">
        <ele>388.0</ele>
      </trkpt>
      <trkpt lat="45.34532" lon="4.7081">
        <ele>395.0</ele>
      </trkpt>
      <trkpt lat="45.34593" lon="4.7095">
        <ele>393.0</ele>
      </trkpt>
      <trkpt lat="45.34608" lon="4.71024">
        <ele>392.0</ele>
      </trkpt>
      <trkpt lat="45.34508" lon="4.71346">
        <ele>388.0</ele>
      </trkpt>
      <trkpt lat="45.34414" lon="4.71491">
        <ele>383.0</ele>
      </trkpt>
      <trkpt lat="45.34223" lon="4.71597">
        <ele>376.0</ele>
      </trkpt>
      <trkpt lat="45.33937" lon="4.71902">
        <ele>362.0</ele>
      </trkpt>
      <trkpt lat="45.33884" lon="4.71994">
        <ele>359.0</ele>
      </trkpt>
      <trkpt lat="45.33918" lon="4.72128">
        <ele>352.0</ele>
      </trkpt>
      <trkpt lat="45.3392" lon="4.72236">
        <ele>348.0</ele>
      </trkpt>
      <trkpt lat="45.33979" lon="4.72418">
        <ele>346.0</ele>
      </trkpt>
      <trkpt lat="45.33991" lon="4.72528">
        <ele>346.0</ele>
      </trkpt>
      <trkpt lat="45.33986" lon="4.72672">
        <ele>346.0</ele>
      </trkpt>
      <trkpt lat="45.33953" lon="4.72874">
        <ele>342.0</ele>
      </trkpt>
      <trkpt lat="45.33849" lon="4.73131">
        <ele>337.0</ele>
      </trkpt>
      <trkpt lat="45.33759" lon="4.73475">
        <ele>335.0</ele>
      </trkpt>
      <trkpt lat="45.3374" lon="4.73629">
        <ele>334.0</ele>
      </trkpt>
      <trkpt lat="45.33758" lon="4.73998">
        <ele>331.0</ele>
      </trkpt>
      <trkpt lat="45.33711" lon="4.74236">
        <ele>333.0</ele>
      </trkpt>
      <trkpt lat="45.33635" lon="4.74336">
        <ele>334.0</ele>
      </trkpt>
      <trkpt lat="45.3359" lon="4.74363">
        <ele>333.0</ele>
      </trkpt>
      <trkpt lat="45.33552" lon="4.74259">
        <ele>332.0</ele>
      </trkpt>
      <trkpt lat="45.334" lon="4.74298">
        <ele>325.0</ele>
      </trkpt>
      <trkpt lat="45.33329" lon="4.74347">
        <ele>320.0</ele>
      </trkpt>
      <trkpt lat="45.33268" lon="4.7434">
        <ele>316.0</ele>
      </trkpt>
      <trkpt lat="45.33251" lon="4.74304">
        <ele>313.0</ele>
      </trkpt>
      <trkpt lat="45.33266" lon="4.74211">
        <ele>309.0</ele>
      </trkpt>
      <trkpt lat="45.33256" lon="4.74072">
        <ele>312.0</ele>
      </trkpt>
      <trkpt lat="45.33198" lon="4.74011">
        <ele>316.0</ele>
      </trkpt>
      <trkpt lat="45.33174" lon="4.74026">
        <ele>317.0</ele>
      </trkpt>
      <trkpt lat="45.33175" lon="4.7405">
        <ele>316.0</ele>
      </trkpt>
      <trkpt lat="45.33204" lon="4.74094">
        <ele>313.0</ele>
      </trkpt>
      <trkpt lat="45.33209" lon="4.74135">
        <ele>311.0</ele>
      </trkpt>
      <trkpt lat="45.332" lon="4.74177">
        <ele>308.0</ele>
      </trkpt>
      <trkpt lat="45.33154" lon="4.74261">
        <ele>302.0</ele>
      </trkpt>
      <trkpt lat="45.33152" lon="4.74353">
        <ele>297.0</ele>
      </trkpt>
      <trkpt lat="45.33175" lon="4.74516">
        <ele>287.0</ele>
      </trkpt>
      <trkpt lat="45.33168" lon="4.74584">
        <ele>279.0</ele>
      </trkpt>
      <trkpt lat="45.33197" lon="4.74669">
        <ele>271.0</ele>
      </trkpt>
      <trkpt lat="45.33203" lon="4.74726">
        <ele>264.0</ele>
      </trkpt>
      <trkpt lat="45.33242" lon="4.74814">
        <ele>256.0</ele>
      </trkpt>
      <trkpt lat="45.33246" lon="4.74865">
        <ele>250.0</ele>
      </trkpt>
      <trkpt lat="45.33226" lon="4.75005">
        <ele>239.0</ele>
      </trkpt>
      <trkpt lat="45.33171" lon="4.75055">
        <ele>230.0</ele>
      </trkpt>
      <trkpt lat="45.33142" lon="4.75147">
        <ele>225.0</ele>
      </trkpt>
      <trkpt lat="45.33122" lon="4.75177">
        <ele>224.0</ele>
      </trkpt>
      <trkpt lat="45.33041" lon="4.75223">
        <ele>220.0</ele>
      </trkpt>
      <trkpt lat="45.32975" lon="4.75225">
        <ele>217.0</ele>
      </trkpt>
      <trkpt lat="45.32963" lon="4.75291">
        <ele>215.0</ele>
      </trkpt>
      <trkpt lat="45.32894" lon="4.75406">
        <ele>211.0</ele>
      </trkpt>
      <trkpt lat="45.32869" lon="4.7541">
        <ele>210.0</ele>
      </trkpt>
      <trkpt lat="45.32804" lon="4.75369">
        <ele>204.0</ele>
      </trkpt>
      <trkpt lat="45.32832" lon="4.75534">
        <ele>188.0</ele>
      </trkpt>
      <trkpt lat="45.32705" lon="4.757">
        <ele>175.0</ele>
      </trkpt>
      <trkpt lat="45.32435" lon="4.75905">
        <ele>160.0</ele>
      </trkpt>
      <trkpt lat="45.3233" lon="4.75933">
        <ele>154.0</ele>
      </trkpt>
      <trkpt lat="45.32345" lon="4.76004">
        <ele>151.0</ele>
      </trkpt>
      <trkpt lat="45.3211" lon="4.7614">
        <ele>143.0</ele>
      </trkpt>
      <trkpt lat="45.32079" lon="4.76182">
        <ele>140.0</ele>
      </trkpt>
      <trkpt lat="45.32005" lon="4.76352">
        <ele>139.0</ele>
      </trkpt>
      <trkpt lat="45.31892" lon="4.76462">
        <ele>141.0</ele>
      </trkpt>
      <trkpt lat="45.31812" lon="4.76568">
        <ele>140.0</ele>
      </trkpt>
      <trkpt lat="45.31774" lon="4.76581">
        <ele>139.0</ele>
      </trkpt>
      <trkpt lat="45.31751" lon="4.76626">
        <ele>139.0</ele>
      </trkpt>
      <trkpt lat="45.31687" lon="4.76659">
        <ele>140.0</ele>
      </trkpt>
      <trkpt lat="45.31607" lon="4.76735">
        <ele>141.0</ele>
      </trkpt>
      <trkpt lat="45.31385" lon="4.77049">
        <ele>139.0</ele>
      </trkpt>
      <trkpt lat="45.31178" lon="4.7724">
        <ele>138.0</ele>
      </trkpt>
      <trkpt lat="45.31011" lon="4.77362">
        <ele>137.0</ele>
      </trkpt>
      <trkpt lat="45.30913" lon="4.7742">
        <ele>137.0</ele>
      </trkpt>
      <trkpt lat="45.30831" lon="4.77418">
        <ele>139.0</ele>
      </trkpt>
      <trkpt lat="45.30779" lon="4.77454">
        <ele>141.0</ele>
      </trkpt>
      <trkpt lat="45.30668" lon="4.7768">
        <ele>146.0</ele>
      </trkpt>
      <trkpt lat="45.30612" lon="4.77973">
        <ele>148.0</ele>
      </trkpt>
      <trkpt lat="45.30614" lon="4.78109">
        <ele>151.0</ele>
      </trkpt>
      <trkpt lat="45.30569" lon="4.78486">
        <ele>146.0</ele>
      </trkpt>
      <trkpt lat="45.30548" lon="4.78565">
        <ele>143.0</ele>
      </trkpt>
      <trkpt lat="45.30501" lon="4.78665">
        <ele>138.0</ele>
      </trkpt>
      <trkpt lat="45.30456" lon="4.78728">
        <ele>137.0</ele>
      </trkpt>
      <trkpt lat="45.30346" lon="4.78805">
        <ele>136.0</ele>
      </trkpt>
      <trkpt lat="45.30293" lon="4.78823">
        <ele>136.0</ele>
      </trkpt>
      <trkpt lat="45.2993" lon="4.79077">
        <ele>137.0</ele>
      </trkpt>
      <trkpt lat="45.29881" lon="4.79136">
        <ele>137.0</ele>
      </trkpt>
      <trkpt lat="45.29854" lon="4.79248">
        <ele>136.0</ele>
      </trkpt>
      <trkpt lat="45.29703" lon="4.79515">
        <ele>135.0</ele>
      </trkpt>
      <trkpt lat="45.29622" lon="4.79629">
        <ele>135.0</ele>
      </trkpt>
      <trkpt lat="45.29529" lon="4.7969">
        <ele>135.0</ele>
      </trkpt>
      <trkpt lat="45.29272" lon="4.79769">
        <ele>134.0</ele>
      </trkpt>
      <trkpt lat="45.29021" lon="4.79785">
        <ele>133.0</ele>
      </trkpt>
      <trkpt lat="45.28855" lon="4.79769">
        <ele>134.0</ele>
      </trkpt>
      <trkpt lat="45.28347" lon="4.79953">
        <ele>137.0</ele>
      </trkpt>
      <trkpt lat="45.27761" lon="4.80032">
        <ele>137.0</ele>
      </trkpt>
      <trkpt lat="45.27368" lon="4.80005">
        <ele>138.0</ele>
      </trkpt>
      <trkpt lat="45.27144" lon="4.80023">
        <ele>137.0</ele>
      </trkpt>
      <trkpt lat="45.26989" lon="4.80053">
        <ele>136.0</ele>
      </trkpt>
      <trkpt lat="45.26075" lon="4.80066">
        <ele>134.0</ele>
      </trkpt>
      <trkpt lat="45.25737" lon="4.80021">
        <ele>133.0</ele>
      </trkpt>
      <trkpt lat="45.25319" lon="4.80038">
        <ele>138.0</ele>
      </trkpt>
      <trkpt lat="45.24756" lon="4.80026">
        <ele>140.0</ele>
      </trkpt>
      <trkpt lat="45.24596" lon="4.80045">
        <ele>139.0</ele>
      </trkpt>
      <trkpt lat="45.24472" lon="4.80041">
        <ele>139.0</ele>
      </trkpt>
      <trkpt lat="45.24363" lon="4.80013">
        <ele>140.0</ele>
      </trkpt>
      <trkpt lat="45.24013" lon="4.79863">
        <ele>137.0</ele>
      </trkpt>
      <trkpt lat="45.23845" lon="4.79741">
        <ele>136.0</ele>
      </trkpt>
      <trkpt lat="45.23831" lon="4.79704">
        <ele>136.0</ele>
      </trkpt>
      <trkpt lat="45.23597" lon="4.79845">
        <ele>139.0</ele>
      </trkpt>
      <trkpt lat="45.23521" lon="4.79857">
        <ele>140.0</ele>
      </trkpt>
      <trkpt lat="45.23383" lon="4.79951">
        <ele>141.0</ele>
      </trkpt>
      <trkpt lat="45.22938" lon="4.80004">
        <ele>135.0</ele>
      </trkpt>
      <trkpt lat="45.22777" lon="4.80042">
        <ele>134.0</ele>
      </trkpt>
      <trkpt lat="45.2258" lon="4.8014">
        <ele>134.0</ele>
      </trkpt>
      <trkpt lat="45.2242" lon="4.8025">
        <ele>138.0</ele>
      </trkpt>
      <trkpt lat="45.22263" lon="4.80317">
        <ele>138.0</ele>
      </trkpt>
      <trkpt lat="45.22173" lon="4.80331">
        <ele>135.0</ele>
      </trkpt>
      <trkpt lat="45.20924" lon="4.80317">
        <ele>133.0</ele>
      </trkpt>
      <trkpt lat="45.20547" lon="4.80206">
        <ele>130.0</ele>
      </trkpt>
      <trkpt lat="45.194" lon="4.80097">
        <ele>129.0</ele>
      </trkpt>
      <trkpt lat="45.19314" lon="4.80053">
        <ele>128.0</ele>
      </trkpt>
      <trkpt lat="45.1914" lon="4.79835">
        <ele>128.0</ele>
      </trkpt>
      <trkpt lat="45.19094" lon="4.79821">
        <ele>128.0</ele>
      </trkpt>
      <trkpt lat="45.1822" lon="4.79988">
        <ele>137.0</ele>
      </trkpt>
      <trkpt lat="45.18135" lon="4.8002">
        <ele>137.0</ele>
      </trkpt>
      <trkpt lat="45.1808" lon="4.80049">
        <ele>137.0</ele>
      </trkpt>
      <trkpt lat="45.18044" lon="4.80143">
        <ele>138.0</ele>
      </trkpt>
      <trkpt lat="45.18022" lon="4.80169">
        <ele>138.0</ele>
      </trkpt>
      <trkpt lat="45.17862" lon="4.80244">
        <ele>140.0</ele>
      </trkpt>
      <trkpt lat="45.17651" lon="4.80442">
        <ele>138.0</ele>
      </trkpt>
      <trkpt lat="45.17585" lon="4.80475">
        <ele>136.0</ele>
      </trkpt>
      <trkpt lat="45.17482" lon="4.80499">
        <ele>136.0</ele>
      </trkpt>
      <trkpt lat="45.17303" lon="4.80452">
        <ele>138.0</ele>
      </trkpt>
      <trkpt lat="45.16945" lon="4.80549">
        <ele>142.0</ele>
      </trkpt>
      <trkpt lat="45.16462" lon="4.80891">
        <ele>140.0</ele>
      </trkpt>
      <trkpt lat="45.16282" lon="4.81">
        <ele>139.0</ele>
      </trkpt>
      <trkpt lat="45.16203" lon="4.81092">
        <ele>138.0</ele>
      </trkpt>
      <trkpt lat="45.16132" lon="4.81077">
        <ele>138.0</ele>
      </trkpt>
      <trkpt lat="45.16098" lon="4.81088">
        <ele>138.0</ele>
      </trkpt>
      <trkpt lat="45.16051" lon="4.81203">
        <ele>138.0</ele>
      </trkpt>
      <trkpt lat="45.15948" lon="4.81285">
        <ele>138.0</ele>
      </trkpt>
      <trkpt lat="45.15591" lon="4.81484">
        <ele>136.0</ele>
      </trkpt>
      <trkpt lat="45.15499" lon="4.81505">
        <ele>138.0</ele>
      </trkpt>
      <trkpt lat="45.15426" lon="4.81503">
        <ele>139.0</ele>
      </trkpt>
      <trkpt lat="45.14944" lon="4.81339">
        <ele>138.0</ele>
      </trkpt>
      <trkpt lat="45.14598" lon="4.81107">
        <ele>133.0</ele>
      </trkpt>
      <trkpt lat="45.14417" lon="4.80929">
        <ele>134.0</ele>
      </trkpt>
      <trkpt lat="45.14381" lon="4.80876">
        <ele>134.0</ele>
      </trkpt>
      <trkpt lat="45.14313" lon="4.8083">
        <ele>133.0</ele>
      </trkpt>
      <trkpt lat="45.14121" lon="4.80787">
        <ele>129.0</ele>
      </trkpt>
      <trkpt lat="45.1396" lon="4.80715">
        <ele>134.0</ele>
      </trkpt>
      <trkpt lat="45.13954" lon="4.80668">
        <ele>137.0</ele>
      </trkpt>
      <trkpt lat="45.13982" lon="4.80571">
        <ele>142.0</ele>
      </trkpt>
      <trkpt lat="45.13979" lon="4.80479">
        <ele>149.0</ele>
      </trkpt>
      <trkpt lat="45.13968" lon="4.80475">
        <ele>150.0</ele>
      </trkpt>
      <trkpt lat="45.13946" lon="4.80512">
        <ele>151.0</ele>
      </trkpt>
      <trkpt lat="45.13816" lon="4.80427">
        <ele>156.0</ele>
      </trkpt>
      <trkpt lat="45.13789" lon="4.80334">
        <ele>160.0</ele>
      </trkpt>
      <trkpt lat="45.13709" lon="4.80308">
        <ele>164.0</ele>
      </trkpt>
      <trkpt lat="45.13666" lon="4.80261">
        <ele>169.0</ele>
      </trkpt>
      <trkpt lat="45.13613" lon="4.80234">
        <ele>175.0</ele>
      </trkpt>
      <trkpt lat="45.13517" lon="4.80072">
        <ele>194.0</ele>
      </trkpt>
      <trkpt lat="45.13385" lon="4.79931">
        <ele>211.0</ele>
      </trkpt>
      <trkpt lat="45.13202" lon="4.79894">
        <ele>220.0</ele>
      </trkpt>
      <trkpt lat="45.13174" lon="4.79875">
        <ele>225.0</ele>
      </trkpt>
      <trkpt lat="45.13157" lon="4.79822">
        <ele>229.0</ele>
      </trkpt>
      <trkpt lat="45.13184" lon="4.7977">
        <ele>234.0</ele>
      </trkpt>
      <trkpt lat="45.13224" lon="4.79578">
        <ele>247.0</ele>
      </trkpt>
      <trkpt lat="45.13223" lon="4.79759">
        <ele>250.0</ele>
      </trkpt>
      <trkpt lat="45.13241" lon="4.79805">
        <ele>253.0</ele>
      </trkpt>
      <trkpt lat="45.13444" lon="4.7978">
        <ele>273.0</ele>
      </trkpt>
      <trkpt lat="45.13558" lon="4.7987">
        <ele>282.0</ele>
      </trkpt>
      <trkpt lat="45.13656" lon="4.79922">
        <ele>290.0</ele>
      </trkpt>
      <trkpt lat="45.13628" lon="4.79822">
        <ele>295.0</ele>
      </trkpt>
      <trkpt lat="45.13614" lon="4.79716">
        <ele>305.0</ele>
      </trkpt>
      <trkpt lat="45.13713" lon="4.79347">
        <ele>332.0</ele>
      </trkpt>
      <trkpt lat="45.13801" lon="4.79132">
        <ele>343.0</ele>
      </trkpt>
      <trkpt lat="45.13804" lon="4.79099">
        <ele>345.0</ele>
      </trkpt>
      <trkpt lat="45.1378" lon="4.79053">
        <ele>348.0</ele>
      </trkpt>
      <trkpt lat="45.13794" lon="4.78947">
        <ele>351.0</ele>
      </trkpt>
      <trkpt lat="45.13892" lon="4.78813">
        <ele>358.0</ele>
      </trkpt>
      <trkpt lat="45.13934" lon="4.78668">
        <ele>367.0</ele>
      </trkpt>
      <trkpt lat="45.13941" lon="4.78634">
        <ele>370.0</ele>
      </trkpt>
      <trkpt lat="45.13924" lon="4.78548">
        <ele>377.0</ele>
      </trkpt>
      <trkpt lat="45.13944" lon="4.78483">
        <ele>382.0</ele>
      </trkpt>
      <trkpt lat="45.13884" lon="4.78495">
        <ele>386.0</ele>
      </trkpt>
      <trkpt lat="45.13829" lon="4.78419">
        <ele>391.0</ele>
      </trkpt>
      <trkpt lat="45.13753" lon="4.78367">
        <ele>393.0</ele>
      </trkpt>
      <trkpt lat="45.13693" lon="4.78359">
        <ele>397.0</ele>
      </trkpt>
      <trkpt lat="45.13651" lon="4.78324">
        <ele>400.0</ele>
      </trkpt>
      <trkpt lat="45.13623" lon="4.78195">
        <ele>401.0</ele>
      </trkpt>
      <trkpt lat="45.13555" lon="4.78011">
        <ele>402.0</ele>
      </trkpt>
      <trkpt lat="45.13483" lon="4.77905">
        <ele>402.0</ele>
      </trkpt>
      <trkpt lat="45.1346" lon="4.77845">
        <ele>403.0</ele>
      </trkpt>
      <trkpt lat="45.13418" lon="4.77698">
        <ele>404.0</ele>
      </trkpt>
      <trkpt lat="45.13397" lon="4.776">
        <ele>405.0</ele>
      </trkpt>
      <trkpt lat="45.13404" lon="4.77596">
        <ele>406.0</ele>
      </trkpt>
      <trkpt lat="45.13397" lon="4.776">
        <ele>406.0</ele>
      </trkpt>
      <trkpt lat="45.1334" lon="4.77401">
        <ele>411.0</ele>
      </trkpt>
      <trkpt lat="45.1313" lon="4.77119">
        <ele>421.0</ele>
      </trkpt>
      <trkpt lat="45.12968" lon="4.77039">
        <ele>424.0</ele>
      </trkpt>
      <trkpt lat="45.12924" lon="4.77037">
        <ele>424.0</ele>
      </trkpt>
      <trkpt lat="45.12837" lon="4.77175">
        <ele>420.0</ele>
      </trkpt>
      <trkpt lat="45.12725" lon="4.77196">
        <ele>416.0</ele>
      </trkpt>
      <trkpt lat="45.1259" lon="4.77255">
        <ele>412.0</ele>
      </trkpt>
      <trkpt lat="45.12389" lon="4.77285">
        <ele>404.0</ele>
      </trkpt>
      <trkpt lat="45.12325" lon="4.77433">
        <ele>398.0</ele>
      </trkpt>
      <trkpt lat="45.12324" lon="4.77779">
        <ele>388.0</ele>
      </trkpt>
      <trkpt lat="45.12357" lon="4.77903">
        <ele>388.0</ele>
      </trkpt>
      <trkpt lat="45.12368" lon="4.7807">
        <ele>387.0</ele>
      </trkpt>
      <trkpt lat="45.12391" lon="4.78195">
        <ele>386.0</ele>
      </trkpt>
      <trkpt lat="45.12388" lon="4.78286">
        <ele>384.0</ele>
      </trkpt>
      <trkpt lat="45.12369" lon="4.78374">
        <ele>382.0</ele>
      </trkpt>
      <trkpt lat="45.1238" lon="4.78662">
        <ele>377.0</ele>
      </trkpt>
      <trkpt lat="45.12365" lon="4.78799">
        <ele>372.0</ele>
      </trkpt>
      <trkpt lat="45.12421" lon="4.79017">
        <ele>363.0</ele>
      </trkpt>
      <trkpt lat="45.12417" lon="4.79047">
        <ele>360.0</ele>
      </trkpt>
      <trkpt lat="45.12367" lon="4.79131">
        <ele>352.0</ele>
      </trkpt>
      <trkpt lat="45.1236" lon="4.79183">
        <ele>346.0</ele>
      </trkpt>
      <trkpt lat="45.1238" lon="4.79233">
        <ele>340.0</ele>
      </trkpt>
      <trkpt lat="45.1248" lon="4.79257">
        <ele>333.0</ele>
      </trkpt>
      <trkpt lat="45.12583" lon="4.79333">
        <ele>325.0</ele>
      </trkpt>
      <trkpt lat="45.12614" lon="4.79363">
        <ele>322.0</ele>
      </trkpt>
      <trkpt lat="45.12623" lon="4.79392">
        <ele>318.0</ele>
      </trkpt>
      <trkpt lat="45.12564" lon="4.79383">
        <ele>313.0</ele>
      </trkpt>
      <trkpt lat="45.12519" lon="4.79398">
        <ele>310.0</ele>
      </trkpt>
      <trkpt lat="45.1245" lon="4.79329">
        <ele>306.0</ele>
      </trkpt>
      <trkpt lat="45.12304" lon="4.79417">
        <ele>296.0</ele>
      </trkpt>
      <trkpt lat="45.12248" lon="4.79407">
        <ele>288.0</ele>
      </trkpt>
      <trkpt lat="45.12186" lon="4.79349">
        <ele>273.0</ele>
      </trkpt>
      <trkpt lat="45.12179" lon="4.79362">
        <ele>270.0</ele>
      </trkpt>
      <trkpt lat="45.12297" lon="4.79566">
        <ele>250.0</ele>
      </trkpt>
      <trkpt lat="45.12328" lon="4.79565">
        <ele>246.0</ele>
      </trkpt>
      <trkpt lat="45.12351" lon="4.79502">
        <ele>243.0</ele>
      </trkpt>
      <trkpt lat="45.12407" lon="4.79503">
        <ele>242.0</ele>
      </trkpt>
      <trkpt lat="45.12482" lon="4.79679">
        <ele>236.0</ele>
      </trkpt>
      <trkpt lat="45.12549" lon="4.79695">
        <ele>229.0</ele>
      </trkpt>
      <trkpt lat="45.12598" lon="4.79773">
        <ele>223.0</ele>
      </trkpt>
      <trkpt lat="45.12657" lon="4.79824">
        <ele>214.0</ele>
      </trkpt>
      <trkpt lat="45.12682" lon="4.79892">
        <ele>205.0</ele>
      </trkpt>
      <trkpt lat="45.12769" lon="4.79961">
        <ele>193.0</ele>
      </trkpt>
      <trkpt lat="45.12655" lon="4.7993">
        <ele>184.0</ele>
      </trkpt>
      <trkpt lat="45.12525" lon="4.79835">
        <ele>174.0</ele>
      </trkpt>
      <trkpt lat="45.12447" lon="4.79858">
        <ele>170.0</ele>
      </trkpt>
      <trkpt lat="45.12407" lon="4.79826">
        <ele>166.0</ele>
      </trkpt>
      <trkpt lat="45.12326" lon="4.79841">
        <ele>163.0</ele>
      </trkpt>
      <trkpt lat="45.12277" lon="4.79889">
        <ele>156.0</ele>
      </trkpt>
      <trkpt lat="45.12203" lon="4.80003">
        <ele>139.0</ele>
      </trkpt>
      <trkpt lat="45.12207" lon="4.80049">
        <ele>131.0</ele>
      </trkpt>
      <trkpt lat="45.1227" lon="4.8004">
        <ele>129.0</ele>
      </trkpt>
      <trkpt lat="45.12293" lon="4.8002">
        <ele>128.0</ele>
      </trkpt>
      <trkpt lat="45.12308" lon="4.8005">
        <ele>127.0</ele>
      </trkpt>
      <trkpt lat="45.12087" lon="4.80103">
        <ele>126.0</ele>
      </trkpt>
      <trkpt lat="45.11265" lon="4.80538">
        <ele>127.0</ele>
      </trkpt>
      <trkpt lat="45.11232" lon="4.80598">
        <ele>127.0</ele>
      </trkpt>
      <trkpt lat="45.10753" lon="4.81183">
        <ele>127.0</ele>
      </trkpt>
      <trkpt lat="45.10653" lon="4.81365">
        <ele>131.0</ele>
      </trkpt>
      <trkpt lat="45.1054" lon="4.81503">
        <ele>132.0</ele>
      </trkpt>
      <trkpt lat="45.10385" lon="4.81583">
        <ele>130.0</ele>
      </trkpt>
      <trkpt lat="45.1012" lon="4.81781">
        <ele>127.0</ele>
      </trkpt>
      <trkpt lat="45.09923" lon="4.81821">
        <ele>128.0</ele>
      </trkpt>
      <trkpt lat="45.09889" lon="4.81808">
        <ele>128.0</ele>
      </trkpt>
      <trkpt lat="45.09853" lon="4.81835">
        <ele>128.0</ele>
      </trkpt>
      <trkpt lat="45.09743" lon="4.81851">
        <ele>126.0</ele>
      </trkpt>
      <trkpt lat="45.09299" lon="4.81899">
        <ele>126.0</ele>
      </trkpt>
      <trkpt lat="45.09043" lon="4.81802">
        <ele>124.0</ele>
      </trkpt>
      <trkpt lat="45.08667" lon="4.81757">
        <ele>127.0</ele>
      </trkpt>
      <trkpt lat="45.08542" lon="4.81678">
        <ele>128.0</ele>
      </trkpt>
      <trkpt lat="45.08505" lon="4.81633">
        <ele>129.0</ele>
      </trkpt>
      <trkpt lat="45.08443" lon="4.81611">
        <ele>129.0</ele>
      </trkpt>
      <trkpt lat="45.08242" lon="4.81483">
        <ele>131.0</ele>
      </trkpt>
      <trkpt lat="45.08158" lon="4.81454">
        <ele>132.0</ele>
      </trkpt>
      <trkpt lat="45.08214" lon="4.81235">
        <ele>138.0</ele>
      </trkpt>
      <trkpt lat="45.08206" lon="4.81141">
        <ele>142.0</ele>
      </trkpt>
      <trkpt lat="45.08231" lon="4.81027">
        <ele>147.0</ele>
      </trkpt>
      <trkpt lat="45.0834" lon="4.80905">
        <ele>155.0</ele>
      </trkpt>
      <trkpt lat="45.08363" lon="4.80909">
        <ele>160.0</ele>
      </trkpt>
      <trkpt lat="45.08391" lon="4.80955">
        <ele>165.0</ele>
      </trkpt>
      <trkpt lat="45.08451" lon="4.80942">
        <ele>172.0</ele>
      </trkpt>
      <trkpt lat="45.08464" lon="4.80908">
        <ele>179.0</ele>
      </trkpt>
      <trkpt lat="45.08437" lon="4.80824">
        <ele>189.0</ele>
      </trkpt>
      <trkpt lat="45.08399" lon="4.80608">
        <ele>211.0</ele>
      </trkpt>
      <trkpt lat="45.08367" lon="4.80539">
        <ele>218.0</ele>
      </trkpt>
      <trkpt lat="45.08332" lon="4.80534">
        <ele>228.0</ele>
      </trkpt>
      <trkpt lat="45.08318" lon="4.80596">
        <ele>236.0</ele>
      </trkpt>
      <trkpt lat="45.08295" lon="4.80634">
        <ele>239.0</ele>
      </trkpt>
      <trkpt lat="45.08273" lon="4.80561">
        <ele>244.0</ele>
      </trkpt>
      <trkpt lat="45.08238" lon="4.80528">
        <ele>246.0</ele>
      </trkpt>
      <trkpt lat="45.08202" lon="4.80446">
        <ele>253.0</ele>
      </trkpt>
      <trkpt lat="45.07979" lon="4.803">
        <ele>282.0</ele>
      </trkpt>
      <trkpt lat="45.07957" lon="4.80274">
        <ele>284.0</ele>
      </trkpt>
      <trkpt lat="45.0795" lon="4.80232">
        <ele>286.0</ele>
      </trkpt>
      <trkpt lat="45.0795" lon="4.80203">
        <ele>290.0</ele>
      </trkpt>
      <trkpt lat="45.0799" lon="4.80144">
        <ele>300.0</ele>
      </trkpt>
      <trkpt lat="45.08054" lon="4.80117">
        <ele>307.0</ele>
      </trkpt>
      <trkpt lat="45.08132" lon="4.80112">
        <ele>320.0</ele>
      </trkpt>
      <trkpt lat="45.08182" lon="4.80134">
        <ele>332.0</ele>
      </trkpt>
      <trkpt lat="45.08354" lon="4.79987">
        <ele>353.0</ele>
      </trkpt>
      <trkpt lat="45.08369" lon="4.79957">
        <ele>357.0</ele>
      </trkpt>
      <trkpt lat="45.08362" lon="4.79879">
        <ele>362.0</ele>
      </trkpt>
      <trkpt lat="45.08375" lon="4.79754">
        <ele>368.0</ele>
      </trkpt>
      <trkpt lat="45.08365" lon="4.79491">
        <ele>374.0</ele>
      </trkpt>
      <trkpt lat="45.08299" lon="4.79182">
        <ele>377.0</ele>
      </trkpt>
      <trkpt lat="45.08206" lon="4.79095">
        <ele>383.0</ele>
      </trkpt>
      <trkpt lat="45.08209" lon="4.78983">
        <ele>387.0</ele>
      </trkpt>
      <trkpt lat="45.08153" lon="4.78876">
        <ele>387.0</ele>
      </trkpt>
      <trkpt lat="45.08165" lon="4.78719">
        <ele>384.0</ele>
      </trkpt>
      <trkpt lat="45.08159" lon="4.78648">
        <ele>381.0</ele>
      </trkpt>
      <trkpt lat="45.08081" lon="4.78389">
        <ele>371.0</ele>
      </trkpt>
      <trkpt lat="45.08083" lon="4.78235">
        <ele>369.0</ele>
      </trkpt>
      <trkpt lat="45.08105" lon="4.78103">
        <ele>370.0</ele>
      </trkpt>
      <trkpt lat="45.08178" lon="4.77954">
        <ele>372.0</ele>
      </trkpt>
      <trkpt lat="45.08204" lon="4.77831">
        <ele>375.0</ele>
      </trkpt>
      <trkpt lat="45.08187" lon="4.77688">
        <ele>377.0</ele>
      </trkpt>
      <trkpt lat="45.08138" lon="4.7785">
        <ele>375.0</ele>
      </trkpt>
      <trkpt lat="45.08067" lon="4.77887">
        <ele>372.0</ele>
      </trkpt>
      <trkpt lat="45.08021" lon="4.77967">
        <ele>368.0</ele>
      </trkpt>
      <trkpt lat="45.0788" lon="4.78038">
        <ele>360.0</ele>
      </trkpt>
      <trkpt lat="45.07796" lon="4.78048">
        <ele>357.0</ele>
      </trkpt>
      <trkpt lat="45.07702" lon="4.78022">
        <ele>353.0</ele>
      </trkpt>
      <trkpt lat="45.07439" lon="4.77838">
        <ele>329.0</ele>
      </trkpt>
      <trkpt lat="45.07355" lon="4.77871">
        <ele>321.0</ele>
      </trkpt>
      <trkpt lat="45.07188" lon="4.77892">
        <ele>312.0</ele>
      </trkpt>
      <trkpt lat="45.07133" lon="4.77927">
        <ele>302.0</ele>
      </trkpt>
      <trkpt lat="45.07069" lon="4.77939">
        <ele>296.0</ele>
      </trkpt>
      <trkpt lat="45.07054" lon="4.77973">
        <ele>292.0</ele>
      </trkpt>
      <trkpt lat="45.07056" lon="4.78001">
        <ele>291.0</ele>
      </trkpt>
      <trkpt lat="45.07119" lon="4.78136">
        <ele>291.0</ele>
      </trkpt>
      <trkpt lat="45.07194" lon="4.78196">
        <ele>292.0</ele>
      </trkpt>
      <trkpt lat="45.07281" lon="4.78317">
        <ele>290.0</ele>
      </trkpt>
      <trkpt lat="45.07299" lon="4.78396">
        <ele>286.0</ele>
      </trkpt>
      <trkpt lat="45.07282" lon="4.78424">
        <ele>282.0</ele>
      </trkpt>
      <trkpt lat="45.07176" lon="4.78369">
        <ele>268.0</ele>
      </trkpt>
      <trkpt lat="45.07101" lon="4.78374">
        <ele>259.0</ele>
      </trkpt>
      <trkpt lat="45.0707" lon="4.78435">
        <ele>256.0</ele>
      </trkpt>
      <trkpt lat="45.07067" lon="4.785">
        <ele>252.0</ele>
      </trkpt>
      <trkpt lat="45.07003" lon="4.78572">
        <ele>249.0</ele>
      </trkpt>
      <trkpt lat="45.06989" lon="4.78635">
        <ele>245.0</ele>
      </trkpt>
      <trkpt lat="45.07019" lon="4.78714">
        <ele>239.0</ele>
      </trkpt>
      <trkpt lat="45.0701" lon="4.78811">
        <ele>235.0</ele>
      </trkpt>
      <trkpt lat="45.07036" lon="4.78912">
        <ele>228.0</ele>
      </trkpt>
      <trkpt lat="45.06988" lon="4.78955">
        <ele>222.0</ele>
      </trkpt>
      <trkpt lat="45.06963" lon="4.79016">
        <ele>218.0</ele>
      </trkpt>
      <trkpt lat="45.06972" lon="4.79058">
        <ele>215.0</ele>
      </trkpt>
      <trkpt lat="45.07019" lon="4.79105">
        <ele>212.0</ele>
      </trkpt>
      <trkpt lat="45.07015" lon="4.7912">
        <ele>210.0</ele>
      </trkpt>
      <trkpt lat="45.06954" lon="4.79075">
        <ele>207.0</ele>
      </trkpt>
      <trkpt lat="45.06941" lon="4.79044">
        <ele>206.0</ele>
      </trkpt>
      <trkpt lat="45.0694" lon="4.78952">
        <ele>205.0</ele>
      </trkpt>
      <trkpt lat="45.06978" lon="4.78883">
        <ele>203.0</ele>
      </trkpt>
      <trkpt lat="45.06955" lon="4.78829">
        <ele>203.0</ele>
      </trkpt>
      <trkpt lat="45.06955" lon="4.78768">
        <ele>201.0</ele>
      </trkpt>
      <trkpt lat="45.06912" lon="4.78683">
        <ele>196.0</ele>
      </trkpt>
      <trkpt lat="45.06877" lon="4.78474">
        <ele>187.0</ele>
      </trkpt>
      <trkpt lat="45.06879" lon="4.78445">
        <ele>184.0</ele>
      </trkpt>
      <trkpt lat="45.06913" lon="4.78382">
        <ele>181.0</ele>
      </trkpt>
      <trkpt lat="45.06894" lon="4.78353">
        <ele>180.0</ele>
      </trkpt>
      <trkpt lat="45.06819" lon="4.78336">
        <ele>177.0</ele>
      </trkpt>
      <trkpt lat="45.06773" lon="4.78297">
        <ele>173.0</ele>
      </trkpt>
      <trkpt lat="45.06732" lon="4.78122">
        <ele>161.0</ele>
      </trkpt>
      <trkpt lat="45.06712" lon="4.78091">
        <ele>158.0</ele>
      </trkpt>
      <trkpt lat="45.06637" lon="4.78119">
        <ele>155.0</ele>
      </trkpt>
      <trkpt lat="45.06602" lon="4.78165">
        <ele>150.0</ele>
      </trkpt>
      <trkpt lat="45.06535" lon="4.78137">
        <ele>149.0</ele>
      </trkpt>
      <trkpt lat="45.06445" lon="4.78141">
        <ele>148.0</ele>
      </trkpt>
      <trkpt lat="45.06364" lon="4.78326">
        <ele>156.0</ele>
      </trkpt>
      <trkpt lat="45.06327" lon="4.78501">
        <ele>165.0</ele>
      </trkpt>
      <trkpt lat="45.06261" lon="4.78606">
        <ele>167.0</ele>
      </trkpt>
      <trkpt lat="45.06163" lon="4.78669">
        <ele>171.0</ele>
      </trkpt>
      <trkpt lat="45.06064" lon="4.78677">
        <ele>174.0</ele>
      </trkpt>
      <trkpt lat="45.0598" lon="4.78641">
        <ele>174.0</ele>
      </trkpt>
      <trkpt lat="45.05881" lon="4.78482">
        <ele>172.0</ele>
      </trkpt>
      <trkpt lat="45.0577" lon="4.7847">
        <ele>180.0</ele>
      </trkpt>
      <trkpt lat="45.0572" lon="4.78498">
        <ele>184.0</ele>
      </trkpt>
      <trkpt lat="45.05658" lon="4.78472">
        <ele>185.0</ele>
      </trkpt>
      <trkpt lat="45.05644" lon="4.78444">
        <ele>184.0</ele>
      </trkpt>
      <trkpt lat="45.05696" lon="4.78233">
        <ele>180.0</ele>
      </trkpt>
      <trkpt lat="45.0554" lon="4.78163">
        <ele>180.0</ele>
      </trkpt>
      <trkpt lat="45.05521" lon="4.78126">
        <ele>181.0</ele>
      </trkpt>
      <trkpt lat="45.05498" lon="4.78117">
        <ele>183.0</ele>
      </trkpt>
      <trkpt lat="45.0541" lon="4.78004">
        <ele>189.0</ele>
      </trkpt>
      <trkpt lat="45.05399" lon="4.77804">
        <ele>204.0</ele>
      </trkpt>
      <trkpt lat="45.05368" lon="4.77719">
        <ele>211.0</ele>
      </trkpt>
      <trkpt lat="45.05363" lon="4.77662">
        <ele>215.0</ele>
      </trkpt>
      <trkpt lat="45.05337" lon="4.77624">
        <ele>216.0</ele>
      </trkpt>
      <trkpt lat="45.05326" lon="4.77532">
        <ele>220.0</ele>
      </trkpt>
      <trkpt lat="45.05362" lon="4.77447">
        <ele>225.0</ele>
      </trkpt>
      <trkpt lat="45.05486" lon="4.77292">
        <ele>249.0</ele>
      </trkpt>
      <trkpt lat="45.05504" lon="4.77252">
        <ele>254.0</ele>
      </trkpt>
      <trkpt lat="45.05509" lon="4.77201">
        <ele>258.0</ele>
      </trkpt>
      <trkpt lat="45.05496" lon="4.77079">
        <ele>266.0</ele>
      </trkpt>
      <trkpt lat="45.05463" lon="4.76941">
        <ele>271.0</ele>
      </trkpt>
      <trkpt lat="45.05439" lon="4.7691">
        <ele>271.0</ele>
      </trkpt>
      <trkpt lat="45.05374" lon="4.76916">
        <ele>271.0</ele>
      </trkpt>
      <trkpt lat="45.05356" lon="4.76902">
        <ele>272.0</ele>
      </trkpt>
      <trkpt lat="45.05413" lon="4.76831">
        <ele>277.0</ele>
      </trkpt>
      <trkpt lat="45.05435" lon="4.76717">
        <ele>283.0</ele>
      </trkpt>
      <trkpt lat="45.05504" lon="4.76581">
        <ele>298.0</ele>
      </trkpt>
      <trkpt lat="45.05557" lon="4.76361">
        <ele>325.0</ele>
      </trkpt>
      <trkpt lat="45.05568" lon="4.7627">
        <ele>335.0</ele>
      </trkpt>
      <trkpt lat="45.05667" lon="4.75983">
        <ele>352.0</ele>
      </trkpt>
      <trkpt lat="45.05682" lon="4.75985">
        <ele>354.0</ele>
      </trkpt>
      <trkpt lat="45.05662" lon="4.76051">
        <ele>356.0</ele>
      </trkpt>
      <trkpt lat="45.05667" lon="4.76105">
        <ele>358.0</ele>
      </trkpt>
      <trkpt lat="45.05721" lon="4.76164">
        <ele>361.0</ele>
      </trkpt>
      <trkpt lat="45.0573" lon="4.76239">
        <ele>364.0</ele>
      </trkpt>
      <trkpt lat="45.05773" lon="4.76254">
        <ele>367.0</ele>
      </trkpt>
      <trkpt lat="45.0583" lon="4.76196">
        <ele>371.0</ele>
      </trkpt>
      <trkpt lat="45.05877" lon="4.75924">
        <ele>386.0</ele>
      </trkpt>
      <trkpt lat="45.05871" lon="4.75812">
        <ele>394.0</ele>
      </trkpt>
      <trkpt lat="45.05742" lon="4.75472">
        <ele>413.0</ele>
      </trkpt>
      <trkpt lat="45.05768" lon="4.7538">
        <ele>417.0</ele>
      </trkpt>
      <trkpt lat="45.05763" lon="4.75299">
        <ele>420.0</ele>
      </trkpt>
      <trkpt lat="45.05635" lon="4.75009">
        <ele>418.0</ele>
      </trkpt>
      <trkpt lat="45.05626" lon="4.7495">
        <ele>415.0</ele>
      </trkpt>
      <trkpt lat="45.05651" lon="4.74914">
        <ele>413.0</ele>
      </trkpt>
      <trkpt lat="45.05681" lon="4.74811">
        <ele>407.0</ele>
      </trkpt>
      <trkpt lat="45.05734" lon="4.7471">
        <ele>401.0</ele>
      </trkpt>
      <trkpt lat="45.05704" lon="4.74584">
        <ele>400.0</ele>
      </trkpt>
      <trkpt lat="45.0565" lon="4.74483">
        <ele>402.0</ele>
      </trkpt>
      <trkpt lat="45.05669" lon="4.74359">
        <ele>397.0</ele>
      </trkpt>
      <trkpt lat="45.05616" lon="4.74262">
        <ele>386.0</ele>
      </trkpt>
      <trkpt lat="45.05681" lon="4.74338">
        <ele>383.0</ele>
      </trkpt>
      <trkpt lat="45.05687" lon="4.74474">
        <ele>385.0</ele>
      </trkpt>
      <trkpt lat="45.05717" lon="4.74517">
        <ele>384.0</ele>
      </trkpt>
      <trkpt lat="45.0575" lon="4.74624">
        <ele>377.0</ele>
      </trkpt>
      <trkpt lat="45.05779" lon="4.74662">
        <ele>373.0</ele>
      </trkpt>
      <trkpt lat="45.05793" lon="4.74734">
        <ele>370.0</ele>
      </trkpt>
      <trkpt lat="45.0575" lon="4.74857">
        <ele>375.0</ele>
      </trkpt>
      <trkpt lat="45.05758" lon="4.74918">
        <ele>379.0</ele>
      </trkpt>
      <trkpt lat="45.05794" lon="4.74961">
        <ele>380.0</ele>
      </trkpt>
      <trkpt lat="45.05845" lon="4.74965">
        <ele>378.0</ele>
      </trkpt>
      <trkpt lat="45.05897" lon="4.7493">
        <ele>374.0</ele>
      </trkpt>
      <trkpt lat="45.05984" lon="4.74908">
        <ele>369.0</ele>
      </trkpt>
      <trkpt lat="45.06036" lon="4.74866">
        <ele>367.0</ele>
      </trkpt>
      <trkpt lat="45.06126" lon="4.7485">
        <ele>363.0</ele>
      </trkpt>
      <trkpt lat="45.06241" lon="4.74758">
        <ele>339.0</ele>
      </trkpt>
      <trkpt lat="45.06278" lon="4.7471">
        <ele>330.0</ele>
      </trkpt>
      <trkpt lat="45.06305" lon="4.74717">
        <ele>328.0</ele>
      </trkpt>
      <trkpt lat="45.06307" lon="4.74695">
        <ele>328.0</ele>
      </trkpt>
      <trkpt lat="45.0628" lon="4.74684">
        <ele>328.0</ele>
      </trkpt>
      <trkpt lat="45.06226" lon="4.74756">
        <ele>330.0</ele>
      </trkpt>
      <trkpt lat="45.06162" lon="4.74778">
        <ele>331.0</ele>
      </trkpt>
      <trkpt lat="45.06103" lon="4.74825">
        <ele>330.0</ele>
      </trkpt>
      <trkpt lat="45.06021" lon="4.74825">
        <ele>328.0</ele>
      </trkpt>
      <trkpt lat="45.05962" lon="4.74848">
        <ele>328.0</ele>
      </trkpt>
      <trkpt lat="45.05865" lon="4.7484">
        <ele>331.0</ele>
      </trkpt>
      <trkpt lat="45.05855" lon="4.74808">
        <ele>332.0</ele>
      </trkpt>
      <trkpt lat="45.05882" lon="4.74707">
        <ele>330.0</ele>
      </trkpt>
      <trkpt lat="45.05829" lon="4.74556">
        <ele>322.0</ele>
      </trkpt>
      <trkpt lat="45.05838" lon="4.74508">
        <ele>319.0</ele>
      </trkpt>
      <trkpt lat="45.05821" lon="4.7447">
        <ele>316.0</ele>
      </trkpt>
      <trkpt lat="45.05815" lon="4.74408">
        <ele>311.0</ele>
      </trkpt>
      <trkpt lat="45.05815" lon="4.74232">
        <ele>298.0</ele>
      </trkpt>
      <trkpt lat="45.0579" lon="4.74181">
        <ele>298.0</ele>
      </trkpt>
      <trkpt lat="45.05743" lon="4.74138">
        <ele>298.0</ele>
      </trkpt>
      <trkpt lat="45.05667" lon="4.74028">
        <ele>295.0</ele>
      </trkpt>
      <trkpt lat="45.05686" lon="4.74001">
        <ele>293.0</ele>
      </trkpt>
      <trkpt lat="45.05832" lon="4.74014">
        <ele>285.0</ele>
      </trkpt>
      <trkpt lat="45.05859" lon="4.73984">
        <ele>282.0</ele>
      </trkpt>
      <trkpt lat="45.05901" lon="4.73786">
        <ele>277.0</ele>
      </trkpt>
      <trkpt lat="45.05818" lon="4.73609">
        <ele>274.0</ele>
      </trkpt>
      <trkpt lat="45.05806" lon="4.73552">
        <ele>271.0</ele>
      </trkpt>
      <trkpt lat="45.05832" lon="4.73392">
        <ele>262.0</ele>
      </trkpt>
      <trkpt lat="45.05819" lon="4.73287">
        <ele>257.0</ele>
      </trkpt>
      <trkpt lat="45.05871" lon="4.73246">
        <ele>258.0</ele>
      </trkpt>
      <trkpt lat="45.05873" lon="4.73151">
        <ele>258.0</ele>
      </trkpt>
      <trkpt lat="45.05886" lon="4.73122">
        <ele>259.0</ele>
      </trkpt>
      <trkpt lat="45.05973" lon="4.73055">
        <ele>260.0</ele>
      </trkpt>
      <trkpt lat="45.06031" lon="4.7296">
        <ele>263.0</ele>
      </trkpt>
      <trkpt lat="45.06091" lon="4.72945">
        <ele>269.0</ele>
      </trkpt>
      <trkpt lat="45.06009" lon="4.72657">
        <ele>282.0</ele>
      </trkpt>
      <trkpt lat="45.06025" lon="4.72624">
        <ele>285.0</ele>
      </trkpt>
      <trkpt lat="45.06068" lon="4.72607">
        <ele>286.0</ele>
      </trkpt>
      <trkpt lat="45.06077" lon="4.72585">
        <ele>287.0</ele>
      </trkpt>
      <trkpt lat="45.06057" lon="4.72529">
        <ele>286.0</ele>
      </trkpt>
      <trkpt lat="45.05959" lon="4.72476">
        <ele>282.0</ele>
      </trkpt>
      <trkpt lat="45.05918" lon="4.72346">
        <ele>283.0</ele>
      </trkpt>
      <trkpt lat="45.05907" lon="4.72271">
        <ele>286.0</ele>
      </trkpt>
      <trkpt lat="45.05822" lon="4.72056">
        <ele>295.0</ele>
      </trkpt>
      <trkpt lat="45.05805" lon="4.71945">
        <ele>300.0</ele>
      </trkpt>
      <trkpt lat="45.05778" lon="4.71924">
        <ele>302.0</ele>
      </trkpt>
      <trkpt lat="45.05737" lon="4.71932">
        <ele>303.0</ele>
      </trkpt>
      <trkpt lat="45.05633" lon="4.718">
        <ele>303.0</ele>
      </trkpt>
      <trkpt lat="45.05585" lon="4.71614">
        <ele>310.0</ele>
      </trkpt>
      <trkpt lat="45.05577" lon="4.71492">
        <ele>316.0</ele>
      </trkpt>
      <trkpt lat="45.05562" lon="4.71476">
        <ele>317.0</ele>
      </trkpt>
      <trkpt lat="45.05517" lon="4.71479">
        <ele>319.0</ele>
      </trkpt>
      <trkpt lat="45.05498" lon="4.71454">
        <ele>319.0</ele>
      </trkpt>
      <trkpt lat="45.0548" lon="4.71305">
        <ele>325.0</ele>
      </trkpt>
      <trkpt lat="45.05518" lon="4.71218">
        <ele>331.0</ele>
      </trkpt>
      <trkpt lat="45.05459" lon="4.71126">
        <ele>337.0</ele>
      </trkpt>
      <trkpt lat="45.05443" lon="4.71069">
        <ele>339.0</ele>
      </trkpt>
      <trkpt lat="45.05479" lon="4.70972">
        <ele>344.0</ele>
      </trkpt>
      <trkpt lat="45.05416" lon="4.70884">
        <ele>344.0</ele>
      </trkpt>
      <trkpt lat="45.05398" lon="4.70807">
        <ele>344.0</ele>
      </trkpt>
      <trkpt lat="45.05399" lon="4.70744">
        <ele>343.0</ele>
      </trkpt>
      <trkpt lat="45.05415" lon="4.7071">
        <ele>344.0</ele>
      </trkpt>
      <trkpt lat="45.05464" lon="4.70692">
        <ele>346.0</ele>
      </trkpt>
      <trkpt lat="45.05493" lon="4.7061">
        <ele>348.0</ele>
      </trkpt>
      <trkpt lat="45.0554" lon="4.70587">
        <ele>350.0</ele>
      </trkpt>
      <trkpt lat="45.05769" lon="4.70636">
        <ele>359.0</ele>
      </trkpt>
      <trkpt lat="45.05836" lon="4.7063">
        <ele>367.0</ele>
      </trkpt>
      <trkpt lat="45.06032" lon="4.70667">
        <ele>373.0</ele>
      </trkpt>
      <trkpt lat="45.06101" lon="4.70617">
        <ele>379.0</ele>
      </trkpt>
      <trkpt lat="45.06209" lon="4.70616">
        <ele>384.0</ele>
      </trkpt>
      <trkpt lat="45.06254" lon="4.70596">
        <ele>387.0</ele>
      </trkpt>
      <trkpt lat="45.06265" lon="4.70561">
        <ele>388.0</ele>
      </trkpt>
      <trkpt lat="45.0626" lon="4.70462">
        <ele>389.0</ele>
      </trkpt>
      <trkpt lat="45.06338" lon="4.70244">
        <ele>398.0</ele>
      </trkpt>
      <trkpt lat="45.06316" lon="4.70057">
        <ele>403.0</ele>
      </trkpt>
      <trkpt lat="45.06325" lon="4.69998">
        <ele>405.0</ele>
      </trkpt>
      <trkpt lat="45.06334" lon="4.69972">
        <ele>406.0</ele>
      </trkpt>
      <trkpt lat="45.06584" lon="4.69707">
        <ele>416.0</ele>
      </trkpt>
      <trkpt lat="45.06599" lon="4.696">
        <ele>419.0</ele>
      </trkpt>
      <trkpt lat="45.06581" lon="4.69477">
        <ele>421.0</ele>
      </trkpt>
    </trkseg>
  </trk>
</gpx>