<?xml version="1.0" encoding="UTF-8"?>
<gpx xmlns="http://www.topografix.com/GPX/1/0" xmlns:xsi="http://www.w3.org/2001/XMLSchema-instance" xsi:schemaLocation="http://www.topografix.com/GPX/1/0 http://www.topografix.com/GPX/1/0/gpx.xsd" version="1.0" creator="GPSBabel - https://www.gpsbabel.org">
  <time>2026-02-02T08:41:02.115000Z</time>
  <bounds minlat="43.70915" maxlat="44.24287" minlon="6.93213" maxlon="7.20527" />
  <trk>
    <trkseg>
      <trkpt lat="43.70915" lon="7.18795">
        <ele>20.0</ele>
      </trkpt>
      <trkpt lat="43.71995" lon="7.18636">
        <ele>20.0</ele>
      </trkpt>
      <trkpt lat="43.72267" lon="7.18617">
        <ele>21.0</ele>
      </trkpt>
      <trkpt lat="43.72431" lon="7.18581">
        <ele>25.0</ele>
      </trkpt>
      <trkpt lat="43.73152" lon="7.18481">
        <ele>32.0</ele>
      </trkpt>
      <trkpt lat="43.73271" lon="7.18479">
        <ele>33.0</ele>
      </trkpt>
      <trkpt lat="43.73322" lon="7.18501">
        <ele>32.0</ele>
      </trkpt>
      <trkpt lat="43.73338" lon="7.18478">
        <ele>31.0</ele>
      </trkpt>
      <trkpt lat="43.73425" lon="7.18447">
        <ele>32.0</ele>
      </trkpt>
      <trkpt lat="43.73595" lon="7.18421">
        <ele>35.0</ele>
      </trkpt>
      <trkpt lat="43.7386" lon="7.18421">
        <ele>39.0</ele>
      </trkpt>
      <trkpt lat="43.74126" lon="7.18475">
        <ele>48.0</ele>
      </trkpt>
      <trkpt lat="43.7442" lon="7.18601">
        <ele>54.0</ele>
      </trkpt>
      <trkpt lat="43.74702" lon="7.18806">
        <ele>51.0</ele>
      </trkpt>
      <trkpt lat="43.74741" lon="7.18858">
        <ele>53.0</ele>
      </trkpt>
      <trkpt lat="43.74755" lon="7.189">
        <ele>54.0</ele>
      </trkpt>
      <trkpt lat="43.74815" lon="7.18914">
        <ele>56.0</ele>
      </trkpt>
      <trkpt lat="43.75574" lon="7.19699">
        <ele>53.0</ele>
      </trkpt>
      <trkpt lat="43.75612" lon="7.19748">
        <ele>51.0</ele>
      </trkpt>
      <trkpt lat="43.75627" lon="7.19795">
        <ele>52.0</ele>
      </trkpt>
      <trkpt lat="43.75671" lon="7.198">
        <ele>54.0</ele>
      </trkpt>
      <trkpt lat="43.75732" lon="7.19848">
        <ele>56.0</ele>
      </trkpt>
      <trkpt lat="43.76406" lon="7.20527">
        <ele>64.0</ele>
      </trkpt>
      <trkpt lat="43.76584" lon="7.20189">
        <ele>60.0</ele>
      </trkpt>
      <trkpt lat="43.76611" lon="7.20153">
        <ele>60.0</ele>
      </trkpt>
      <trkpt lat="43.76654" lon="7.20143">
        <ele>61.0</ele>
      </trkpt>
      <trkpt lat="43.76747" lon="7.19973">
        <ele>66.0</ele>
      </trkpt>
      <trkpt lat="43.76848" lon="7.19975">
        <ele>73.0</ele>
      </trkpt>
      <trkpt lat="43.76952" lon="7.19855">
        <ele>77.0</ele>
      </trkpt>
      <trkpt lat="43.7698" lon="7.19874">
        <ele>75.0</ele>
      </trkpt>
      <trkpt lat="43.76985" lon="7.19895">
        <ele>75.0</ele>
      </trkpt>
      <trkpt lat="43.76951" lon="7.20017">
        <ele>73.0</ele>
      </trkpt>
      <trkpt lat="43.76962" lon="7.20053">
        <ele>75.0</ele>
      </trkpt>
      <trkpt lat="43.7698" lon="7.20064">
        <ele>77.0</ele>
      </trkpt>
      <trkpt lat="43.7701" lon="7.2006">
        <ele>80.0</ele>
      </trkpt>
      <trkpt lat="43.77075" lon="7.20005">
        <ele>89.0</ele>
      </trkpt>
      <trkpt lat="43.77142" lon="7.20033">
        <ele>93.0</ele>
      </trkpt>
      <trkpt lat="43.77256" lon="7.19928">
        <ele>96.0</ele>
      </trkpt>
      <trkpt lat="43.77288" lon="7.19914">
        <ele>99.0</ele>
      </trkpt>
      <trkpt lat="43.77349" lon="7.19914">
        <ele>104.0</ele>
      </trkpt>
      <trkpt lat="43.77425" lon="7.1995">
        <ele>112.0</ele>
      </trkpt>
      <trkpt lat="43.77479" lon="7.19954">
        <ele>117.0</ele>
      </trkpt>
      <trkpt lat="43.77508" lon="7.19848">
        <ele>119.0</ele>
      </trkpt>
      <trkpt lat="43.77598" lon="7.19776">
        <ele>123.0</ele>
      </trkpt>
      <trkpt lat="43.77685" lon="7.19591">
        <ele>128.0</ele>
      </trkpt>
      <trkpt lat="43.77773" lon="7.19629">
        <ele>134.0</ele>
      </trkpt>
      <trkpt lat="43.77829" lon="7.19636">
        <ele>139.0</ele>
      </trkpt>
      <trkpt lat="43.7788" lon="7.19689">
        <ele>143.0</ele>
      </trkpt>
      <trkpt lat="43.77966" lon="7.19709">
        <ele>147.0</ele>
      </trkpt>
      <trkpt lat="43.77992" lon="7.19695">
        <ele>149.0</ele>
      </trkpt>
      <trkpt lat="43.78061" lon="7.19562">
        <ele>155.0</ele>
      </trkpt>
      <trkpt lat="43.78069" lon="7.1959">
        <ele>158.0</ele>
      </trkpt>
      <trkpt lat="43.78059" lon="7.19671">
        <ele>161.0</ele>
      </trkpt>
      <trkpt lat="43.78069" lon="7.19705">
        <ele>162.0</ele>
      </trkpt>
      <trkpt lat="43.78092" lon="7.19729">
        <ele>165.0</ele>
      </trkpt>
      <trkpt lat="43.78133" lon="7.19738">
        <ele>167.0</ele>
      </trkpt>
      <trkpt lat="43.78156" lon="7.19729">
        <ele>169.0</ele>
      </trkpt>
      <trkpt lat="43.78176" lon="7.19698">
        <ele>171.0</ele>
      </trkpt>
      <trkpt lat="43.78172" lon="7.19608">
        <ele>174.0</ele>
      </trkpt>
      <trkpt lat="43.78191" lon="7.19544">
        <ele>179.0</ele>
      </trkpt>
      <trkpt lat="43.78349" lon="7.1942">
        <ele>190.0</ele>
      </trkpt>
      <trkpt lat="43.78356" lon="7.19437">
        <ele>190.0</ele>
      </trkpt>
      <trkpt lat="43.78305" lon="7.19562">
        <ele>190.0</ele>
      </trkpt>
      <trkpt lat="43.78313" lon="7.19592">
        <ele>193.0</ele>
      </trkpt>
      <trkpt lat="43.7852" lon="7.19713">
        <ele>221.0</ele>
      </trkpt>
      <trkpt lat="43.78571" lon="7.19695">
        <ele>226.0</ele>
      </trkpt>
      <trkpt lat="43.78584" lon="7.19668">
        <ele>227.0</ele>
      </trkpt>
      <trkpt lat="43.78581" lon="7.19636">
        <ele>227.0</ele>
      </trkpt>
      <trkpt lat="43.78571" lon="7.19637">
        <ele>227.0</ele>
      </trkpt>
      <trkpt lat="43.7856" lon="7.19676">
        <ele>228.0</ele>
      </trkpt>
      <trkpt lat="43.78544" lon="7.19681">
        <ele>229.0</ele>
      </trkpt>
      <trkpt lat="43.78482" lon="7.19644">
        <ele>231.0</ele>
      </trkpt>
      <trkpt lat="43.78479" lon="7.19625">
        <ele>233.0</ele>
      </trkpt>
      <trkpt lat="43.78537" lon="7.19619">
        <ele>236.0</ele>
      </trkpt>
      <trkpt lat="43.78624" lon="7.19335">
        <ele>254.0</ele>
      </trkpt>
      <trkpt lat="43.78789" lon="7.19134">
        <ele>270.0</ele>
      </trkpt>
      <trkpt lat="43.78844" lon="7.19033">
        <ele>270.0</ele>
      </trkpt>
      <trkpt lat="43.78842" lon="7.18979">
        <ele>271.0</ele>
      </trkpt>
      <trkpt lat="43.78852" lon="7.18952">
        <ele>272.0</ele>
      </trkpt>
      <trkpt lat="43.78935" lon="7.18902">
        <ele>275.0</ele>
      </trkpt>
      <trkpt lat="43.78968" lon="7.18864">
        <ele>280.0</ele>
      </trkpt>
      <trkpt lat="43.78981" lon="7.18788">
        <ele>286.0</ele>
      </trkpt>
      <trkpt lat="43.78967" lon="7.18763">
        <ele>290.0</ele>
      </trkpt>
      <trkpt lat="43.78895" lon="7.18734">
        <ele>299.0</ele>
      </trkpt>
      <trkpt lat="43.78862" lon="7.18681">
        <ele>304.0</ele>
      </trkpt>
      <trkpt lat="43.78813" lon="7.18645">
        <ele>307.0</ele>
      </trkpt>
      <trkpt lat="43.78788" lon="7.18461">
        <ele>309.0</ele>
      </trkpt>
      <trkpt lat="43.78752" lon="7.18377">
        <ele>313.0</ele>
      </trkpt>
      <trkpt lat="43.7862" lon="7.18307">
        <ele>325.0</ele>
      </trkpt>
      <trkpt lat="43.78619" lon="7.18281">
        <ele>328.0</ele>
      </trkpt>
      <trkpt lat="43.78773" lon="7.18311">
        <ele>339.0</ele>
      </trkpt>
      <trkpt lat="43.78855" lon="7.18399">
        <ele>341.0</ele>
      </trkpt>
      <trkpt lat="43.78884" lon="7.18476">
        <ele>341.0</ele>
      </trkpt>
      <trkpt lat="43.78931" lon="7.18511">
        <ele>343.0</ele>
      </trkpt>
      <trkpt lat="43.78983" lon="7.18519">
        <ele>348.0</ele>
      </trkpt>
      <trkpt lat="43.7908" lon="7.18462">
        <ele>359.0</ele>
      </trkpt>
      <trkpt lat="43.79128" lon="7.18483">
        <ele>359.0</ele>
      </trkpt>
      <trkpt lat="43.79194" lon="7.18487">
        <ele>359.0</ele>
      </trkpt>
      <trkpt lat="43.79226" lon="7.18551">
        <ele>359.0</ele>
      </trkpt>
      <trkpt lat="43.79266" lon="7.18478">
        <ele>366.0</ele>
      </trkpt>
      <trkpt lat="43.79326" lon="7.18419">
        <ele>372.0</ele>
      </trkpt>
      <trkpt lat="43.79427" lon="7.18356">
        <ele>381.0</ele>
      </trkpt>
      <trkpt lat="43.79487" lon="7.18284">
        <ele>385.0</ele>
      </trkpt>
      <trkpt lat="43.79604" lon="7.18229">
        <ele>390.0</ele>
      </trkpt>
      <trkpt lat="43.79671" lon="7.18243">
        <ele>393.0</ele>
      </trkpt>
      <trkpt lat="43.79713" lon="7.18343">
        <ele>394.0</ele>
      </trkpt>
      <trkpt lat="43.79743" lon="7.18384">
        <ele>397.0</ele>
      </trkpt>
      <trkpt lat="43.7982" lon="7.18406">
        <ele>403.0</ele>
      </trkpt>
      <trkpt lat="43.7984" lon="7.18365">
        <ele>406.0</ele>
      </trkpt>
      <trkpt lat="43.79822" lon="7.18236">
        <ele>412.0</ele>
      </trkpt>
      <trkpt lat="43.798" lon="7.18178">
        <ele>416.0</ele>
      </trkpt>
      <trkpt lat="43.79819" lon="7.18139">
        <ele>420.0</ele>
      </trkpt>
      <trkpt lat="43.79839" lon="7.18142">
        <ele>421.0</ele>
      </trkpt>
      <trkpt lat="43.79919" lon="7.18243">
        <ele>426.0</ele>
      </trkpt>
      <trkpt lat="43.79959" lon="7.18213">
        <ele>427.0</ele>
      </trkpt>
      <trkpt lat="43.79991" lon="7.18153">
        <ele>429.0</ele>
      </trkpt>
      <trkpt lat="43.8001" lon="7.18153">
        <ele>429.0</ele>
      </trkpt>
      <trkpt lat="43.80028" lon="7.18295">
        <ele>432.0</ele>
      </trkpt>
      <trkpt lat="43.80054" lon="7.18306">
        <ele>433.0</ele>
      </trkpt>
      <trkpt lat="43.80109" lon="7.18236">
        <ele>434.0</ele>
      </trkpt>
      <trkpt lat="43.80158" lon="7.18142">
        <ele>431.0</ele>
      </trkpt>
      <trkpt lat="43.80194" lon="7.18032">
        <ele>424.0</ele>
      </trkpt>
      <trkpt lat="43.80169" lon="7.17874">
        <ele>430.0</ele>
      </trkpt>
      <trkpt lat="43.80175" lon="7.17779">
        <ele>438.0</ele>
      </trkpt>
      <trkpt lat="43.80232" lon="7.17685">
        <ele>443.0</ele>
      </trkpt>
      <trkpt lat="43.80287" lon="7.17454">
        <ele>448.0</ele>
      </trkpt>
      <trkpt lat="43.80317" lon="7.17415">
        <ele>448.0</ele>
      </trkpt>
      <trkpt lat="43.80333" lon="7.17368">
        <ele>448.0</ele>
      </trkpt>
      <trkpt lat="43.80393" lon="7.17326">
        <ele>449.0</ele>
      </trkpt>
      <trkpt lat="43.80431" lon="7.171">
        <ele>459.0</ele>
      </trkpt>
      <trkpt lat="43.8047" lon="7.17053">
        <ele>462.0</ele>
      </trkpt>
      <trkpt lat="43.80497" lon="7.16982">
        <ele>461.0</ele>
      </trkpt>
      <trkpt lat="43.80503" lon="7.16913">
        <ele>460.0</ele>
      </trkpt>
      <trkpt lat="43.80532" lon="7.16841">
        <ele>459.0</ele>
      </trkpt>
      <trkpt lat="43.80575" lon="7.16662">
        <ele>464.0</ele>
      </trkpt>
      <trkpt lat="43.80636" lon="7.16676">
        <ele>463.0</ele>
      </trkpt>
      <trkpt lat="43.80699" lon="7.16648">
        <ele>457.0</ele>
      </trkpt>
      <trkpt lat="43.80913" lon="7.16858">
        <ele>464.0</ele>
      </trkpt>
      <trkpt lat="43.81028" lon="7.16732">
        <ele>471.0</ele>
      </trkpt>
      <trkpt lat="43.81057" lon="7.1664">
        <ele>474.0</ele>
      </trkpt>
      <trkpt lat="43.81081" lon="7.16614">
        <ele>476.0</ele>
      </trkpt>
      <trkpt lat="43.8122" lon="7.16559">
        <ele>480.0</ele>
      </trkpt>
      <trkpt lat="43.8128" lon="7.16566">
        <ele>487.0</ele>
      </trkpt>
      <trkpt lat="43.81349" lon="7.16528">
        <ele>494.0</ele>
      </trkpt>
      <trkpt lat="43.81415" lon="7.16563">
        <ele>498.0</ele>
      </trkpt>
      <trkpt lat="43.81496" lon="7.16532">
        <ele>500.0</ele>
      </trkpt>
      <trkpt lat="43.81558" lon="7.16552">
        <ele>501.0</ele>
      </trkpt>
      <trkpt lat="43.81656" lon="7.16545">
        <ele>507.0</ele>
      </trkpt>
      <trkpt lat="43.81676" lon="7.16518">
        <ele>510.0</ele>
      </trkpt>
      <trkpt lat="43.81692" lon="7.16446">
        <ele>513.0</ele>
      </trkpt>
      <trkpt lat="43.81734" lon="7.16392">
        <ele>516.0</ele>
      </trkpt>
      <trkpt lat="43.81742" lon="7.16319">
        <ele>517.0</ele>
      </trkpt>
      <trkpt lat="43.81784" lon="7.16238">
        <ele>519.0</ele>
      </trkpt>
      <trkpt lat="43.81762" lon="7.15994">
        <ele>538.0</ele>
      </trkpt>
      <trkpt lat="43.81775" lon="7.15957">
        <ele>542.0</ele>
      </trkpt>
      <trkpt lat="43.81905" lon="7.16002">
        <ele>547.0</ele>
      </trkpt>
      <trkpt lat="43.81947" lon="7.15965">
        <ele>549.0</ele>
      </trkpt>
      <trkpt lat="43.82007" lon="7.15956">
        <ele>551.0</ele>
      </trkpt>
      <trkpt lat="43.821" lon="7.15896">
        <ele>553.0</ele>
      </trkpt>
      <trkpt lat="43.82215" lon="7.15873">
        <ele>558.0</ele>
      </trkpt>
      <trkpt lat="43.82277" lon="7.15834">
        <ele>564.0</ele>
      </trkpt>
      <trkpt lat="43.82376" lon="7.15838">
        <ele>565.0</ele>
      </trkpt>
      <trkpt lat="43.82414" lon="7.15814">
        <ele>564.0</ele>
      </trkpt>
      <trkpt lat="43.82438" lon="7.15738">
        <ele>562.0</ele>
      </trkpt>
      <trkpt lat="43.82419" lon="7.1552">
        <ele>562.0</ele>
      </trkpt>
      <trkpt lat="43.82443" lon="7.15436">
        <ele>562.0</ele>
      </trkpt>
      <trkpt lat="43.82497" lon="7.15336">
        <ele>563.0</ele>
      </trkpt>
      <trkpt lat="43.82491" lon="7.153">
        <ele>564.0</ele>
      </trkpt>
      <trkpt lat="43.82462" lon="7.1525">
        <ele>564.0</ele>
      </trkpt>
      <trkpt lat="43.82456" lon="7.1512">
        <ele>563.0</ele>
      </trkpt>
      <trkpt lat="43.82404" lon="7.14959">
        <ele>560.0</ele>
      </trkpt>
      <trkpt lat="43.82408" lon="7.14909">
        <ele>559.0</ele>
      </trkpt>
      <trkpt lat="43.82441" lon="7.14857">
        <ele>558.0</ele>
      </trkpt>
      <trkpt lat="43.82421" lon="7.14726">
        <ele>557.0</ele>
      </trkpt>
      <trkpt lat="43.82425" lon="7.14632">
        <ele>552.0</ele>
      </trkpt>
      <trkpt lat="43.82401" lon="7.14492">
        <ele>544.0</ele>
      </trkpt>
      <trkpt lat="43.82359" lon="7.1436">
        <ele>539.0</ele>
      </trkpt>
      <trkpt lat="43.82351" lon="7.14283">
        <ele>536.0</ele>
      </trkpt>
      <trkpt lat="43.8228" lon="7.14259">
        <ele>534.0</ele>
      </trkpt>
      <trkpt lat="43.82252" lon="7.14218">
        <ele>533.0</ele>
      </trkpt>
      <trkpt lat="43.82236" lon="7.14091">
        <ele>530.0</ele>
      </trkpt>
      <trkpt lat="43.82255" lon="7.13974">
        <ele>527.0</ele>
      </trkpt>
      <trkpt lat="43.822" lon="7.1379">
        <ele>522.0</ele>
      </trkpt>
      <trkpt lat="43.82079" lon="7.13556">
        <ele>519.0</ele>
      </trkpt>
      <trkpt lat="43.81983" lon="7.13446">
        <ele>517.0</ele>
      </trkpt>
      <trkpt lat="43.81957" lon="7.13365">
        <ele>516.0</ele>
      </trkpt>
      <trkpt lat="43.8192" lon="7.13309">
        <ele>514.0</ele>
      </trkpt>
      <trkpt lat="43.81847" lon="7.131">
        <ele>496.0</ele>
      </trkpt>
      <trkpt lat="43.81784" lon="7.13048">
        <ele>500.0</ele>
      </trkpt>
      <trkpt lat="43.81698" lon="7.13018">
        <ele>508.0</ele>
      </trkpt>
      <trkpt lat="43.81709" lon="7.12929">
        <ele>512.0</ele>
      </trkpt>
      <trkpt lat="43.81738" lon="7.1289">
        <ele>511.0</ele>
      </trkpt>
      <trkpt lat="43.81733" lon="7.12807">
        <ele>508.0</ele>
      </trkpt>
      <trkpt lat="43.81638" lon="7.12612">
        <ele>503.0</ele>
      </trkpt>
      <trkpt lat="43.81651" lon="7.12395">
        <ele>510.0</ele>
      </trkpt>
      <trkpt lat="43.81617" lon="7.12312">
        <ele>511.0</ele>
      </trkpt>
      <trkpt lat="43.81633" lon="7.12183">
        <ele>509.0</ele>
      </trkpt>
      <trkpt lat="43.81583" lon="7.12036">
        <ele>514.0</ele>
      </trkpt>
      <trkpt lat="43.81581" lon="7.11876">
        <ele>523.0</ele>
      </trkpt>
      <trkpt lat="43.81527" lon="7.11749">
        <ele>529.0</ele>
      </trkpt>
      <trkpt lat="43.81552" lon="7.11733">
        <ele>531.0</ele>
      </trkpt>
      <trkpt lat="43.8161" lon="7.11778">
        <ele>533.0</ele>
      </trkpt>
      <trkpt lat="43.81676" lon="7.11889">
        <ele>533.0</ele>
      </trkpt>
      <trkpt lat="43.8173" lon="7.12012">
        <ele>539.0</ele>
      </trkpt>
      <trkpt lat="43.81807" lon="7.12024">
        <ele>545.0</ele>
      </trkpt>
      <trkpt lat="43.81838" lon="7.12049">
        <ele>548.0</ele>
      </trkpt>
      <trkpt lat="43.81851" lon="7.12153">
        <ele>554.0</ele>
      </trkpt>
      <trkpt lat="43.81887" lon="7.12235">
        <ele>560.0</ele>
      </trkpt>
      <trkpt lat="43.81958" lon="7.12211">
        <ele>566.0</ele>
      </trkpt>
      <trkpt lat="43.82023" lon="7.12226">
        <ele>575.0</ele>
      </trkpt>
      <trkpt lat="43.82096" lon="7.12192">
        <ele>584.0</ele>
      </trkpt>
      <trkpt lat="43.8227" lon="7.12191">
        <ele>598.0</ele>
      </trkpt>
      <trkpt lat="43.82324" lon="7.12237">
        <ele>602.0</ele>
      </trkpt>
      <trkpt lat="43.82361" lon="7.12319">
        <ele>605.0</ele>
      </trkpt>
      <trkpt lat="43.82451" lon="7.12379">
        <ele>610.0</ele>
      </trkpt>
      <trkpt lat="43.82501" lon="7.12451">
        <ele>612.0</ele>
      </trkpt>
      <trkpt lat="43.82509" lon="7.12502">
        <ele>613.0</ele>
      </trkpt>
      <trkpt lat="43.82537" lon="7.12515">
        <ele>614.0</ele>
      </trkpt>
      <trkpt lat="43.8256" lon="7.12551">
        <ele>614.0</ele>
      </trkpt>
      <trkpt lat="43.82743" lon="7.12605">
        <ele>615.0</ele>
      </trkpt>
      <trkpt lat="43.8275" lon="7.12579">
        <ele>617.0</ele>
      </trkpt>
      <trkpt lat="43.82579" lon="7.1236">
        <ele>623.0</ele>
      </trkpt>
      <trkpt lat="43.82601" lon="7.12298">
        <ele>626.0</ele>
      </trkpt>
      <trkpt lat="43.82661" lon="7.12239">
        <ele>627.0</ele>
      </trkpt>
      <trkpt lat="43.8269" lon="7.12233">
        <ele>628.0</ele>
      </trkpt>
      <trkpt lat="43.82811" lon="7.12316">
        <ele>626.0</ele>
      </trkpt>
      <trkpt lat="43.82862" lon="7.12315">
        <ele>624.0</ele>
      </trkpt>
      <trkpt lat="43.82886" lon="7.12331">
        <ele>623.0</ele>
      </trkpt>
      <trkpt lat="43.829" lon="7.12356">
        <ele>623.0</ele>
      </trkpt>
      <trkpt lat="43.82911" lon="7.12432">
        <ele>621.0</ele>
      </trkpt>
      <trkpt lat="43.83091" lon="7.12716">
        <ele>610.0</ele>
      </trkpt>
      <trkpt lat="43.83143" lon="7.12744">
        <ele>606.0</ele>
      </trkpt>
      <trkpt lat="43.833" lon="7.12756">
        <ele>603.0</ele>
      </trkpt>
      <trkpt lat="43.83352" lon="7.12812">
        <ele>596.0</ele>
      </trkpt>
      <trkpt lat="43.83501" lon="7.12858">
        <ele>581.0</ele>
      </trkpt>
      <trkpt lat="43.83519" lon="7.1285">
        <ele>582.0</ele>
      </trkpt>
      <trkpt lat="43.83541" lon="7.12787">
        <ele>584.0</ele>
      </trkpt>
      <trkpt lat="43.83533" lon="7.12711">
        <ele>588.0</ele>
      </trkpt>
      <trkpt lat="43.8357" lon="7.12571">
        <ele>585.0</ele>
      </trkpt>
      <trkpt lat="43.83587" lon="7.1234">
        <ele>576.0</ele>
      </trkpt>
      <trkpt lat="43.83608" lon="7.12319">
        <ele>574.0</ele>
      </trkpt>
      <trkpt lat="43.83679" lon="7.12319">
        <ele>575.0</ele>
      </trkpt>
      <trkpt lat="43.83699" lon="7.1228">
        <ele>576.0</ele>
      </trkpt>
      <trkpt lat="43.83714" lon="7.12188">
        <ele>577.0</ele>
      </trkpt>
      <trkpt lat="43.8374" lon="7.12157">
        <ele>580.0</ele>
      </trkpt>
      <trkpt lat="43.83899" lon="7.12162">
        <ele>587.0</ele>
      </trkpt>
      <trkpt lat="43.84019" lon="7.12241">
        <ele>589.0</ele>
      </trkpt>
      <trkpt lat="43.84204" lon="7.12308">
        <ele>586.0</ele>
      </trkpt>
      <trkpt lat="43.84298" lon="7.12402">
        <ele>580.0</ele>
      </trkpt>
      <trkpt lat="43.84316" lon="7.12394">
        <ele>581.0</ele>
      </trkpt>
      <trkpt lat="43.84351" lon="7.12315">
        <ele>588.0</ele>
      </trkpt>
      <trkpt lat="43.84392" lon="7.12266">
        <ele>600.0</ele>
      </trkpt>
      <trkpt lat="43.84507" lon="7.12293">
        <ele>600.0</ele>
      </trkpt>
      <trkpt lat="43.84547" lon="7.12264">
        <ele>594.0</ele>
      </trkpt>
      <trkpt lat="43.84615" lon="7.12268">
        <ele>586.0</ele>
      </trkpt>
      <trkpt lat="43.84644" lon="7.12237">
        <ele>584.0</ele>
      </trkpt>
      <trkpt lat="43.84647" lon="7.12208">
        <ele>583.0</ele>
      </trkpt>
      <trkpt lat="43.84622" lon="7.12138">
        <ele>584.0</ele>
      </trkpt>
      <trkpt lat="43.84656" lon="7.12022">
        <ele>585.0</ele>
      </trkpt>
      <trkpt lat="43.84633" lon="7.11944">
        <ele>584.0</ele>
      </trkpt>
      <trkpt lat="43.84621" lon="7.11686">
        <ele>581.0</ele>
      </trkpt>
      <trkpt lat="43.84594" lon="7.1161">
        <ele>581.0</ele>
      </trkpt>
      <trkpt lat="43.84604" lon="7.11538">
        <ele>584.0</ele>
      </trkpt>
      <trkpt lat="43.84503" lon="7.11108">
        <ele>594.0</ele>
      </trkpt>
      <trkpt lat="43.84452" lon="7.10823">
        <ele>593.0</ele>
      </trkpt>
      <trkpt lat="43.84415" lon="7.10702">
        <ele>592.0</ele>
      </trkpt>
      <trkpt lat="43.84403" lon="7.10486">
        <ele>595.0</ele>
      </trkpt>
      <trkpt lat="43.84372" lon="7.10322">
        <ele>596.0</ele>
      </trkpt>
      <trkpt lat="43.84404" lon="7.10217">
        <ele>598.0</ele>
      </trkpt>
      <trkpt lat="43.84392" lon="7.10135">
        <ele>598.0</ele>
      </trkpt>
      <trkpt lat="43.84398" lon="7.09944">
        <ele>602.0</ele>
      </trkpt>
      <trkpt lat="43.84383" lon="7.09873">
        <ele>605.0</ele>
      </trkpt>
      <trkpt lat="43.84378" lon="7.09759">
        <ele>607.0</ele>
      </trkpt>
      <trkpt lat="43.84346" lon="7.09661">
        <ele>606.0</ele>
      </trkpt>
      <trkpt lat="43.84346" lon="7.09626">
        <ele>605.0</ele>
      </trkpt>
      <trkpt lat="43.84395" lon="7.09585">
        <ele>601.0</ele>
      </trkpt>
      <trkpt lat="43.84413" lon="7.0949">
        <ele>599.0</ele>
      </trkpt>
      <trkpt lat="43.84493" lon="7.09332">
        <ele>594.0</ele>
      </trkpt>
      <trkpt lat="43.84505" lon="7.09285">
        <ele>592.0</ele>
      </trkpt>
      <trkpt lat="43.84469" lon="7.09234">
        <ele>590.0</ele>
      </trkpt>
      <trkpt lat="43.8441" lon="7.09248">
        <ele>590.0</ele>
      </trkpt>
      <trkpt lat="43.84389" lon="7.09235">
        <ele>589.0</ele>
      </trkpt>
      <trkpt lat="43.84349" lon="7.09064">
        <ele>590.0</ele>
      </trkpt>
      <trkpt lat="43.84287" lon="7.0897">
        <ele>591.0</ele>
      </trkpt>
      <trkpt lat="43.84244" lon="7.08972">
        <ele>590.0</ele>
      </trkpt>
      <trkpt lat="43.84241" lon="7.09084">
        <ele>587.0</ele>
      </trkpt>
      <trkpt lat="43.84217" lon="7.09105">
        <ele>585.0</ele>
      </trkpt>
      <trkpt lat="43.84146" lon="7.09013">
        <ele>588.0</ele>
      </trkpt>
      <trkpt lat="43.84059" lon="7.08951">
        <ele>592.0</ele>
      </trkpt>
      <trkpt lat="43.84041" lon="7.08919">
        <ele>594.0</ele>
      </trkpt>
      <trkpt lat="43.84009" lon="7.08785">
        <ele>596.0</ele>
      </trkpt>
      <trkpt lat="43.84011" lon="7.08522">
        <ele>593.0</ele>
      </trkpt>
      <trkpt lat="43.84038" lon="7.0849">
        <ele>590.0</ele>
      </trkpt>
      <trkpt lat="43.84045" lon="7.08446">
        <ele>589.0</ele>
      </trkpt>
      <trkpt lat="43.84029" lon="7.08379">
        <ele>590.0</ele>
      </trkpt>
      <trkpt lat="43.84038" lon="7.0834">
        <ele>591.0</ele>
      </trkpt>
      <trkpt lat="43.84029" lon="7.08249">
        <ele>593.0</ele>
      </trkpt>
      <trkpt lat="43.84038" lon="7.08168">
        <ele>593.0</ele>
      </trkpt>
      <trkpt lat="43.84016" lon="7.08058">
        <ele>593.0</ele>
      </trkpt>
      <trkpt lat="43.84025" lon="7.07987">
        <ele>593.0</ele>
      </trkpt>
      <trkpt lat="43.84005" lon="7.07856">
        <ele>594.0</ele>
      </trkpt>
      <trkpt lat="43.83997" lon="7.0767">
        <ele>596.0</ele>
      </trkpt>
      <trkpt lat="43.84012" lon="7.07454">
        <ele>599.0</ele>
      </trkpt>
      <trkpt lat="43.83987" lon="7.07343">
        <ele>600.0</ele>
      </trkpt>
      <trkpt lat="43.83996" lon="7.07278">
        <ele>600.0</ele>
      </trkpt>
      <trkpt lat="43.83966" lon="7.0689">
        <ele>596.0</ele>
      </trkpt>
      <trkpt lat="43.83984" lon="7.06659">
        <ele>598.0</ele>
      </trkpt>
      <trkpt lat="43.83977" lon="7.06604">
        <ele>599.0</ele>
      </trkpt>
      <trkpt lat="43.8401" lon="7.0651">
        <ele>606.0</ele>
      </trkpt>
      <trkpt lat="43.84" lon="7.06379">
        <ele>616.0</ele>
      </trkpt>
      <trkpt lat="43.84004" lon="7.06224">
        <ele>620.0</ele>
      </trkpt>
      <trkpt lat="43.83992" lon="7.06185">
        <ele>621.0</ele>
      </trkpt>
      <trkpt lat="43.83949" lon="7.06173">
        <ele>621.0</ele>
      </trkpt>
      <trkpt lat="43.83938" lon="7.06132">
        <ele>619.0</ele>
      </trkpt>
      <trkpt lat="43.83909" lon="7.06109">
        <ele>617.0</ele>
      </trkpt>
      <trkpt lat="43.83905" lon="7.06088">
        <ele>615.0</ele>
      </trkpt>
      <trkpt lat="43.83951" lon="7.0594">
        <ele>607.0</ele>
      </trkpt>
      <trkpt lat="43.83934" lon="7.05854">
        <ele>605.0</ele>
      </trkpt>
      <trkpt lat="43.8395" lon="7.05785">
        <ele>605.0</ele>
      </trkpt>
      <trkpt lat="43.83938" lon="7.0572">
        <ele>605.0</ele>
      </trkpt>
      <trkpt lat="43.83943" lon="7.05682">
        <ele>605.0</ele>
      </trkpt>
      <trkpt lat="43.83978" lon="7.05615">
        <ele>608.0</ele>
      </trkpt>
      <trkpt lat="43.84016" lon="7.05624">
        <ele>610.0</ele>
      </trkpt>
      <trkpt lat="43.84039" lon="7.05612">
        <ele>611.0</ele>
      </trkpt>
      <trkpt lat="43.84067" lon="7.05519">
        <ele>613.0</ele>
      </trkpt>
      <trkpt lat="43.84065" lon="7.05457">
        <ele>612.0</ele>
      </trkpt>
      <trkpt lat="43.84096" lon="7.05388">
        <ele>610.0</ele>
      </trkpt>
      <trkpt lat="43.84091" lon="7.05301">
        <ele>609.0</ele>
      </trkpt>
      <trkpt lat="43.84057" lon="7.05172">
        <ele>612.0</ele>
      </trkpt>
      <trkpt lat="43.83991" lon="7.05153">
        <ele>615.0</ele>
      </trkpt>
      <trkpt lat="43.83977" lon="7.05136">
        <ele>616.0</ele>
      </trkpt>
      <trkpt lat="43.83982" lon="7.05048">
        <ele>618.0</ele>
      </trkpt>
      <trkpt lat="43.84048" lon="7.05019">
        <ele>620.0</ele>
      </trkpt>
      <trkpt lat="43.84074" lon="7.04952">
        <ele>621.0</ele>
      </trkpt>
      <trkpt lat="43.84128" lon="7.04957">
        <ele>619.0</ele>
      </trkpt>
      <trkpt lat="43.84242" lon="7.04892">
        <ele>610.0</ele>
      </trkpt>
      <trkpt lat="43.84278" lon="7.04724">
        <ele>605.0</ele>
      </trkpt>
      <trkpt lat="43.84277" lon="7.04663">
        <ele>604.0</ele>
      </trkpt>
      <trkpt lat="43.84309" lon="7.046">
        <ele>601.0</ele>
      </trkpt>
      <trkpt lat="43.84308" lon="7.04538">
        <ele>599.0</ele>
      </trkpt>
      <trkpt lat="43.84362" lon="7.043">
        <ele>590.0</ele>
      </trkpt>
      <trkpt lat="43.84414" lon="7.04233">
        <ele>588.0</ele>
      </trkpt>
      <trkpt lat="43.84403" lon="7.04119">
        <ele>584.0</ele>
      </trkpt>
      <trkpt lat="43.84441" lon="7.04037">
        <ele>581.0</ele>
      </trkpt>
      <trkpt lat="43.84466" lon="7.03924">
        <ele>576.0</ele>
      </trkpt>
      <trkpt lat="43.84463" lon="7.03793">
        <ele>568.0</ele>
      </trkpt>
      <trkpt lat="43.84474" lon="7.03754">
        <ele>567.0</ele>
      </trkpt>
      <trkpt lat="43.84577" lon="7.0352">
        <ele>555.0</ele>
      </trkpt>
      <trkpt lat="43.84656" lon="7.03384">
        <ele>548.0</ele>
      </trkpt>
      <trkpt lat="43.84715" lon="7.03327">
        <ele>540.0</ele>
      </trkpt>
      <trkpt lat="43.84665" lon="7.0335">
        <ele>535.0</ele>
      </trkpt>
      <trkpt lat="43.8459" lon="7.03452">
        <ele>530.0</ele>
      </trkpt>
      <trkpt lat="43.84504" lon="7.03536">
        <ele>519.0</ele>
      </trkpt>
      <trkpt lat="43.84434" lon="7.0364">
        <ele>518.0</ele>
      </trkpt>
      <trkpt lat="43.84429" lon="7.03688">
        <ele>519.0</ele>
      </trkpt>
      <trkpt lat="43.84369" lon="7.0378">
        <ele>518.0</ele>
      </trkpt>
      <trkpt lat="43.84351" lon="7.03849">
        <ele>513.0</ele>
      </trkpt>
      <trkpt lat="43.84307" lon="7.03918">
        <ele>508.0</ele>
      </trkpt>
      <trkpt lat="43.84279" lon="7.03927">
        <ele>504.0</ele>
      </trkpt>
      <trkpt lat="43.84275" lon="7.03883">
        <ele>501.0</ele>
      </trkpt>
      <trkpt lat="43.84247" lon="7.03812">
        <ele>498.0</ele>
      </trkpt>
      <trkpt lat="43.84254" lon="7.03503">
        <ele>488.0</ele>
      </trkpt>
      <trkpt lat="43.84341" lon="7.0324">
        <ele>469.0</ele>
      </trkpt>
      <trkpt lat="43.84331" lon="7.03196">
        <ele>465.0</ele>
      </trkpt>
      <trkpt lat="43.84339" lon="7.03131">
        <ele>463.0</ele>
      </trkpt>
      <trkpt lat="43.84321" lon="7.03046">
        <ele>461.0</ele>
      </trkpt>
      <trkpt lat="43.84349" lon="7.0299">
        <ele>460.0</ele>
      </trkpt>
      <trkpt lat="43.8435" lon="7.02924">
        <ele>458.0</ele>
      </trkpt>
      <trkpt lat="43.84402" lon="7.02853">
        <ele>450.0</ele>
      </trkpt>
      <trkpt lat="43.84388" lon="7.02687">
        <ele>435.0</ele>
      </trkpt>
      <trkpt lat="43.84396" lon="7.02667">
        <ele>434.0</ele>
      </trkpt>
      <trkpt lat="43.84418" lon="7.0266">
        <ele>432.0</ele>
      </trkpt>
      <trkpt lat="43.84448" lon="7.02714">
        <ele>429.0</ele>
      </trkpt>
      <trkpt lat="43.84446" lon="7.0278">
        <ele>425.0</ele>
      </trkpt>
      <trkpt lat="43.84478" lon="7.0283">
        <ele>422.0</ele>
      </trkpt>
      <trkpt lat="43.84493" lon="7.02832">
        <ele>421.0</ele>
      </trkpt>
      <trkpt lat="43.84484" lon="7.02593">
        <ele>415.0</ele>
      </trkpt>
      <trkpt lat="43.84502" lon="7.02535">
        <ele>413.0</ele>
      </trkpt>
      <trkpt lat="43.84515" lon="7.02529">
        <ele>412.0</ele>
      </trkpt>
      <trkpt lat="43.84519" lon="7.02647">
        <ele>410.0</ele>
      </trkpt>
      <trkpt lat="43.84537" lon="7.02701">
        <ele>408.0</ele>
      </trkpt>
      <trkpt lat="43.84537" lon="7.0288">
        <ele>398.0</ele>
      </trkpt>
      <trkpt lat="43.84548" lon="7.02807">
        <ele>392.0</ele>
      </trkpt>
      <trkpt lat="43.84575" lon="7.02799">
        <ele>390.0</ele>
      </trkpt>
      <trkpt lat="43.84608" lon="7.02749">
        <ele>387.0</ele>
      </trkpt>
      <trkpt lat="43.84643" lon="7.02737">
        <ele>384.0</ele>
      </trkpt>
      <trkpt lat="43.84711" lon="7.02854">
        <ele>380.0</ele>
      </trkpt>
      <trkpt lat="43.84777" lon="7.02858">
        <ele>381.0</ele>
      </trkpt>
      <trkpt lat="43.84831" lon="7.02839">
        <ele>382.0</ele>
      </trkpt>
      <trkpt lat="43.84866" lon="7.02778">
        <ele>384.0</ele>
      </trkpt>
      <trkpt lat="43.84926" lon="7.0276">
        <ele>386.0</ele>
      </trkpt>
      <trkpt lat="43.84979" lon="7.02802">
        <ele>389.0</ele>
      </trkpt>
      <trkpt lat="43.84997" lon="7.02871">
        <ele>388.0</ele>
      </trkpt>
      <trkpt lat="43.85051" lon="7.02905">
        <ele>385.0</ele>
      </trkpt>
      <trkpt lat="43.85108" lon="7.0289">
        <ele>382.0</ele>
      </trkpt>
      <trkpt lat="43.85129" lon="7.02851">
        <ele>379.0</ele>
      </trkpt>
      <trkpt lat="43.85221" lon="7.02902">
        <ele>372.0</ele>
      </trkpt>
      <trkpt lat="43.85256" lon="7.02894">
        <ele>368.0</ele>
      </trkpt>
      <trkpt lat="43.85285" lon="7.02915">
        <ele>365.0</ele>
      </trkpt>
      <trkpt lat="43.85314" lon="7.02881">
        <ele>363.0</ele>
      </trkpt>
      <trkpt lat="43.8538" lon="7.02902">
        <ele>363.0</ele>
      </trkpt>
      <trkpt lat="43.85428" lon="7.0287">
        <ele>362.0</ele>
      </trkpt>
      <trkpt lat="43.85437" lon="7.02843">
        <ele>362.0</ele>
      </trkpt>
      <trkpt lat="43.85395" lon="7.02767">
        <ele>364.0</ele>
      </trkpt>
      <trkpt lat="43.85386" lon="7.027">
        <ele>366.0</ele>
      </trkpt>
      <trkpt lat="43.85398" lon="7.02692">
        <ele>368.0</ele>
      </trkpt>
      <trkpt lat="43.85438" lon="7.02726">
        <ele>369.0</ele>
      </trkpt>
      <trkpt lat="43.85484" lon="7.02741">
        <ele>370.0</ele>
      </trkpt>
      <trkpt lat="43.8555" lon="7.02689">
        <ele>370.0</ele>
      </trkpt>
      <trkpt lat="43.85591" lon="7.02595">
        <ele>370.0</ele>
      </trkpt>
      <trkpt lat="43.85606" lon="7.02427">
        <ele>367.0</ele>
      </trkpt>
      <trkpt lat="43.856" lon="7.02378">
        <ele>365.0</ele>
      </trkpt>
      <trkpt lat="43.85569" lon="7.0229">
        <ele>363.0</ele>
      </trkpt>
      <trkpt lat="43.85543" lon="7.02252">
        <ele>361.0</ele>
      </trkpt>
      <trkpt lat="43.85502" lon="7.02101">
        <ele>360.0</ele>
      </trkpt>
      <trkpt lat="43.8553" lon="7.02003">
        <ele>362.0</ele>
      </trkpt>
      <trkpt lat="43.85502" lon="7.01945">
        <ele>364.0</ele>
      </trkpt>
      <trkpt lat="43.85509" lon="7.0192">
        <ele>365.0</ele>
      </trkpt>
      <trkpt lat="43.85543" lon="7.01912">
        <ele>365.0</ele>
      </trkpt>
      <trkpt lat="43.85559" lon="7.01822">
        <ele>362.0</ele>
      </trkpt>
      <trkpt lat="43.85622" lon="7.01839">
        <ele>359.0</ele>
      </trkpt>
      <trkpt lat="43.85634" lon="7.01825">
        <ele>358.0</ele>
      </trkpt>
      <trkpt lat="43.85638" lon="7.01697">
        <ele>361.0</ele>
      </trkpt>
      <trkpt lat="43.85662" lon="7.01572">
        <ele>364.0</ele>
      </trkpt>
      <trkpt lat="43.85658" lon="7.01514">
        <ele>365.0</ele>
      </trkpt>
      <trkpt lat="43.8568" lon="7.01509">
        <ele>365.0</ele>
      </trkpt>
      <trkpt lat="43.85698" lon="7.01545">
        <ele>364.0</ele>
      </trkpt>
      <trkpt lat="43.85711" lon="7.01628">
        <ele>362.0</ele>
      </trkpt>
      <trkpt lat="43.85774" lon="7.01565">
        <ele>360.0</ele>
      </trkpt>
      <trkpt lat="43.85803" lon="7.0159">
        <ele>359.0</ele>
      </trkpt>
      <trkpt lat="43.85809" lon="7.01609">
        <ele>359.0</ele>
      </trkpt>
      <trkpt lat="43.85796" lon="7.0168">
        <ele>358.0</ele>
      </trkpt>
      <trkpt lat="43.85814" lon="7.01703">
        <ele>358.0</ele>
      </trkpt>
      <trkpt lat="43.85874" lon="7.01702">
        <ele>360.0</ele>
      </trkpt>
      <trkpt lat="43.85986" lon="7.01661">
        <ele>366.0</ele>
      </trkpt>
      <trkpt lat="43.86015" lon="7.01668">
        <ele>365.0</ele>
      </trkpt>
      <trkpt lat="43.86059" lon="7.01643">
        <ele>362.0</ele>
      </trkpt>
      <trkpt lat="43.86093" lon="7.01664">
        <ele>359.0</ele>
      </trkpt>
      <trkpt lat="43.86133" lon="7.01642">
        <ele>356.0</ele>
      </trkpt>
      <trkpt lat="43.86154" lon="7.01673">
        <ele>354.0</ele>
      </trkpt>
      <trkpt lat="43.86249" lon="7.0169">
        <ele>359.0</ele>
      </trkpt>
      <trkpt lat="43.86319" lon="7.01664">
        <ele>365.0</ele>
      </trkpt>
      <trkpt lat="43.86409" lon="7.01551">
        <ele>367.0</ele>
      </trkpt>
      <trkpt lat="43.86476" lon="7.01412">
        <ele>367.0</ele>
      </trkpt>
      <trkpt lat="43.86472" lon="7.01354">
        <ele>365.0</ele>
      </trkpt>
      <trkpt lat="43.86494" lon="7.01327">
        <ele>364.0</ele>
      </trkpt>
      <trkpt lat="43.86509" lon="7.01278">
        <ele>363.0</ele>
      </trkpt>
      <trkpt lat="43.86589" lon="7.00959">
        <ele>345.0</ele>
      </trkpt>
      <trkpt lat="43.86615" lon="7.00764">
        <ele>345.0</ele>
      </trkpt>
      <trkpt lat="43.86604" lon="7.00722">
        <ele>347.0</ele>
      </trkpt>
      <trkpt lat="43.8665" lon="7.00688">
        <ele>348.0</ele>
      </trkpt>
      <trkpt lat="43.8665" lon="7.00582">
        <ele>345.0</ele>
      </trkpt>
      <trkpt lat="43.86669" lon="7.0057">
        <ele>344.0</ele>
      </trkpt>
      <trkpt lat="43.86712" lon="7.00582">
        <ele>342.0</ele>
      </trkpt>
      <trkpt lat="43.86733" lon="7.00534">
        <ele>341.0</ele>
      </trkpt>
      <trkpt lat="43.86786" lon="7.00485">
        <ele>341.0</ele>
      </trkpt>
      <trkpt lat="43.86847" lon="7.00469">
        <ele>340.0</ele>
      </trkpt>
      <trkpt lat="43.86869" lon="7.00443">
        <ele>339.0</ele>
      </trkpt>
      <trkpt lat="43.86909" lon="7.00467">
        <ele>338.0</ele>
      </trkpt>
      <trkpt lat="43.86958" lon="7.00427">
        <ele>336.0</ele>
      </trkpt>
      <trkpt lat="43.86987" lon="7.00425">
        <ele>335.0</ele>
      </trkpt>
      <trkpt lat="43.87072" lon="7.00471">
        <ele>332.0</ele>
      </trkpt>
      <trkpt lat="43.87232" lon="7.00609">
        <ele>325.0</ele>
      </trkpt>
      <trkpt lat="43.87262" lon="7.00599">
        <ele>323.0</ele>
      </trkpt>
      <trkpt lat="43.87324" lon="7.00618">
        <ele>321.0</ele>
      </trkpt>
      <trkpt lat="43.87383" lon="7.00669">
        <ele>320.0</ele>
      </trkpt>
      <trkpt lat="43.87416" lon="7.00732">
        <ele>321.0</ele>
      </trkpt>
      <trkpt lat="43.87469" lon="7.00855">
        <ele>324.0</ele>
      </trkpt>
      <trkpt lat="43.87483" lon="7.00925">
        <ele>326.0</ele>
      </trkpt>
      <trkpt lat="43.8741" lon="7.00947">
        <ele>328.0</ele>
      </trkpt>
      <trkpt lat="43.87324" lon="7.00839">
        <ele>331.0</ele>
      </trkpt>
      <trkpt lat="43.8725" lon="7.00797">
        <ele>333.0</ele>
      </trkpt>
      <trkpt lat="43.87229" lon="7.00721">
        <ele>334.0</ele>
      </trkpt>
      <trkpt lat="43.87192" lon="7.00667">
        <ele>333.0</ele>
      </trkpt>
      <trkpt lat="43.87163" lon="7.00653">
        <ele>330.0</ele>
      </trkpt>
      <trkpt lat="43.87135" lon="7.00661">
        <ele>328.0</ele>
      </trkpt>
      <trkpt lat="43.87048" lon="7.00797">
        <ele>322.0</ele>
      </trkpt>
      <trkpt lat="43.87015" lon="7.00943">
        <ele>327.0</ele>
      </trkpt>
      <trkpt lat="43.86855" lon="7.01303">
        <ele>333.0</ele>
      </trkpt>
      <trkpt lat="43.86857" lon="7.01372">
        <ele>335.0</ele>
      </trkpt>
      <trkpt lat="43.86846" lon="7.01397">
        <ele>335.0</ele>
      </trkpt>
      <trkpt lat="43.86803" lon="7.01397">
        <ele>336.0</ele>
      </trkpt>
      <trkpt lat="43.86762" lon="7.01423">
        <ele>337.0</ele>
      </trkpt>
      <trkpt lat="43.8674" lon="7.01499">
        <ele>336.0</ele>
      </trkpt>
      <trkpt lat="43.86673" lon="7.01589">
        <ele>328.0</ele>
      </trkpt>
      <trkpt lat="43.86604" lon="7.01644">
        <ele>322.0</ele>
      </trkpt>
      <trkpt lat="43.86561" lon="7.01748">
        <ele>326.0</ele>
      </trkpt>
      <trkpt lat="43.86471" lon="7.01809">
        <ele>336.0</ele>
      </trkpt>
      <trkpt lat="43.86436" lon="7.01849">
        <ele>338.0</ele>
      </trkpt>
      <trkpt lat="43.86353" lon="7.01893">
        <ele>340.0</ele>
      </trkpt>
      <trkpt lat="43.8628" lon="7.01898">
        <ele>341.0</ele>
      </trkpt>
      <trkpt lat="43.86221" lon="7.01882">
        <ele>343.0</ele>
      </trkpt>
      <trkpt lat="43.86142" lon="7.01893">
        <ele>346.0</ele>
      </trkpt>
      <trkpt lat="43.86064" lon="7.01959">
        <ele>348.0</ele>
      </trkpt>
      <trkpt lat="43.86012" lon="7.02053">
        <ele>349.0</ele>
      </trkpt>
      <trkpt lat="43.86006" lon="7.02128">
        <ele>349.0</ele>
      </trkpt>
      <trkpt lat="43.86079" lon="7.02327">
        <ele>355.0</ele>
      </trkpt>
      <trkpt lat="43.86079" lon="7.02588">
        <ele>356.0</ele>
      </trkpt>
      <trkpt lat="43.86097" lon="7.02648">
        <ele>355.0</ele>
      </trkpt>
      <trkpt lat="43.86054" lon="7.03042">
        <ele>358.0</ele>
      </trkpt>
      <trkpt lat="43.85985" lon="7.03449">
        <ele>360.0</ele>
      </trkpt>
      <trkpt lat="43.85901" lon="7.03538">
        <ele>361.0</ele>
      </trkpt>
      <trkpt lat="43.85893" lon="7.03563">
        <ele>360.0</ele>
      </trkpt>
      <trkpt lat="43.85888" lon="7.03702">
        <ele>360.0</ele>
      </trkpt>
      <trkpt lat="43.859" lon="7.03761">
        <ele>362.0</ele>
      </trkpt>
      <trkpt lat="43.85865" lon="7.03808">
        <ele>364.0</ele>
      </trkpt>
      <trkpt lat="43.85854" lon="7.03858">
        <ele>366.0</ele>
      </trkpt>
      <trkpt lat="43.8588" lon="7.04026">
        <ele>370.0</ele>
      </trkpt>
      <trkpt lat="43.85838" lon="7.04053">
        <ele>371.0</ele>
      </trkpt>
      <trkpt lat="43.85817" lon="7.04112">
        <ele>372.0</ele>
      </trkpt>
      <trkpt lat="43.85771" lon="7.04169">
        <ele>372.0</ele>
      </trkpt>
      <trkpt lat="43.85745" lon="7.04261">
        <ele>370.0</ele>
      </trkpt>
      <trkpt lat="43.85752" lon="7.04327">
        <ele>370.0</ele>
      </trkpt>
      <trkpt lat="43.85796" lon="7.04439">
        <ele>371.0</ele>
      </trkpt>
      <trkpt lat="43.858" lon="7.04615">
        <ele>372.0</ele>
      </trkpt>
      <trkpt lat="43.85821" lon="7.04702">
        <ele>372.0</ele>
      </trkpt>
      <trkpt lat="43.85815" lon="7.04772">
        <ele>371.0</ele>
      </trkpt>
      <trkpt lat="43.85857" lon="7.04851">
        <ele>369.0</ele>
      </trkpt>
      <trkpt lat="43.8584" lon="7.04921">
        <ele>366.0</ele>
      </trkpt>
      <trkpt lat="43.85852" lon="7.04968">
        <ele>364.0</ele>
      </trkpt>
      <trkpt lat="43.85843" lon="7.05063">
        <ele>360.0</ele>
      </trkpt>
      <trkpt lat="43.85856" lon="7.05114">
        <ele>359.0</ele>
      </trkpt>
      <trkpt lat="43.85843" lon="7.05145">
        <ele>359.0</ele>
      </trkpt>
      <trkpt lat="43.85766" lon="7.05169">
        <ele>360.0</ele>
      </trkpt>
      <trkpt lat="43.85745" lon="7.052">
        <ele>361.0</ele>
      </trkpt>
      <trkpt lat="43.85745" lon="7.056">
        <ele>358.0</ele>
      </trkpt>
      <trkpt lat="43.85775" lon="7.05687">
        <ele>358.0</ele>
      </trkpt>
      <trkpt lat="43.85719" lon="7.06103">
        <ele>358.0</ele>
      </trkpt>
      <trkpt lat="43.85731" lon="7.06159">
        <ele>357.0</ele>
      </trkpt>
      <trkpt lat="43.85705" lon="7.06233">
        <ele>356.0</ele>
      </trkpt>
      <trkpt lat="43.8569" lon="7.06434">
        <ele>354.0</ele>
      </trkpt>
      <trkpt lat="43.85694" lon="7.06827">
        <ele>359.0</ele>
      </trkpt>
      <trkpt lat="43.85705" lon="7.06879">
        <ele>357.0</ele>
      </trkpt>
      <trkpt lat="43.85698" lon="7.06949">
        <ele>356.0</ele>
      </trkpt>
      <trkpt lat="43.85712" lon="7.07115">
        <ele>353.0</ele>
      </trkpt>
      <trkpt lat="43.85756" lon="7.07372">
        <ele>350.0</ele>
      </trkpt>
      <trkpt lat="43.85738" lon="7.07522">
        <ele>350.0</ele>
      </trkpt>
      <trkpt lat="43.85755" lon="7.07579">
        <ele>350.0</ele>
      </trkpt>
      <trkpt lat="43.85724" lon="7.07675">
        <ele>350.0</ele>
      </trkpt>
      <trkpt lat="43.85719" lon="7.0777">
        <ele>350.0</ele>
      </trkpt>
      <trkpt lat="43.85672" lon="7.08044">
        <ele>348.0</ele>
      </trkpt>
      <trkpt lat="43.85737" lon="7.08206">
        <ele>348.0</ele>
      </trkpt>
      <trkpt lat="43.85754" lon="7.08299">
        <ele>349.0</ele>
      </trkpt>
      <trkpt lat="43.85745" lon="7.08407">
        <ele>350.0</ele>
      </trkpt>
      <trkpt lat="43.85754" lon="7.08434">
        <ele>351.0</ele>
      </trkpt>
      <trkpt lat="43.85774" lon="7.0844">
        <ele>352.0</ele>
      </trkpt>
      <trkpt lat="43.85828" lon="7.08416">
        <ele>353.0</ele>
      </trkpt>
      <trkpt lat="43.8595" lon="7.08493">
        <ele>345.0</ele>
      </trkpt>
      <trkpt lat="43.86007" lon="7.08489">
        <ele>342.0</ele>
      </trkpt>
      <trkpt lat="43.86159" lon="7.08556">
        <ele>331.0</ele>
      </trkpt>
      <trkpt lat="43.86184" lon="7.08551">
        <ele>328.0</ele>
      </trkpt>
      <trkpt lat="43.86217" lon="7.08517">
        <ele>329.0</ele>
      </trkpt>
      <trkpt lat="43.86246" lon="7.0853">
        <ele>330.0</ele>
      </trkpt>
      <trkpt lat="43.86251" lon="7.0857">
        <ele>331.0</ele>
      </trkpt>
      <trkpt lat="43.86215" lon="7.0865">
        <ele>333.0</ele>
      </trkpt>
      <trkpt lat="43.86152" lon="7.08682">
        <ele>333.0</ele>
      </trkpt>
      <trkpt lat="43.86093" lon="7.08671">
        <ele>332.0</ele>
      </trkpt>
      <trkpt lat="43.86037" lon="7.08745">
        <ele>331.0</ele>
      </trkpt>
      <trkpt lat="43.86066" lon="7.08915">
        <ele>334.0</ele>
      </trkpt>
      <trkpt lat="43.86069" lon="7.09081">
        <ele>340.0</ele>
      </trkpt>
      <trkpt lat="43.86108" lon="7.09134">
        <ele>343.0</ele>
      </trkpt>
      <trkpt lat="43.86142" lon="7.09151">
        <ele>346.0</ele>
      </trkpt>
      <trkpt lat="43.86201" lon="7.09152">
        <ele>349.0</ele>
      </trkpt>
      <trkpt lat="43.86297" lon="7.09115">
        <ele>349.0</ele>
      </trkpt>
      <trkpt lat="43.86327" lon="7.0918">
        <ele>348.0</ele>
      </trkpt>
      <trkpt lat="43.86421" lon="7.09245">
        <ele>347.0</ele>
      </trkpt>
      <trkpt lat="43.86431" lon="7.09282">
        <ele>347.0</ele>
      </trkpt>
      <trkpt lat="43.86381" lon="7.0954">
        <ele>350.0</ele>
      </trkpt>
      <trkpt lat="43.86388" lon="7.09568">
        <ele>351.0</ele>
      </trkpt>
      <trkpt lat="43.86469" lon="7.09657">
        <ele>354.0</ele>
      </trkpt>
      <trkpt lat="43.86506" lon="7.09662">
        <ele>356.0</ele>
      </trkpt>
      <trkpt lat="43.86638" lon="7.09615">
        <ele>354.0</ele>
      </trkpt>
      <trkpt lat="43.86715" lon="7.09566">
        <ele>358.0</ele>
      </trkpt>
      <trkpt lat="43.86754" lon="7.09504">
        <ele>364.0</ele>
      </trkpt>
      <trkpt lat="43.86775" lon="7.09509">
        <ele>367.0</ele>
      </trkpt>
      <trkpt lat="43.86787" lon="7.09534">
        <ele>369.0</ele>
      </trkpt>
      <trkpt lat="43.86785" lon="7.0964">
        <ele>364.0</ele>
      </trkpt>
      <trkpt lat="43.8673" lon="7.09797">
        <ele>351.0</ele>
      </trkpt>
      <trkpt lat="43.86729" lon="7.09828">
        <ele>351.0</ele>
      </trkpt>
      <trkpt lat="43.86768" lon="7.0993">
        <ele>357.0</ele>
      </trkpt>
      <trkpt lat="43.86803" lon="7.0996">
        <ele>362.0</ele>
      </trkpt>
      <trkpt lat="43.86848" lon="7.09956">
        <ele>365.0</ele>
      </trkpt>
      <trkpt lat="43.86865" lon="7.09989">
        <ele>363.0</ele>
      </trkpt>
      <trkpt lat="43.86853" lon="7.10023">
        <ele>360.0</ele>
      </trkpt>
      <trkpt lat="43.86786" lon="7.10058">
        <ele>354.0</ele>
      </trkpt>
      <trkpt lat="43.86615" lon="7.09997">
        <ele>346.0</ele>
      </trkpt>
      <trkpt lat="43.86575" lon="7.10007">
        <ele>345.0</ele>
      </trkpt>
      <trkpt lat="43.86547" lon="7.10038">
        <ele>346.0</ele>
      </trkpt>
      <trkpt lat="43.86564" lon="7.10141">
        <ele>349.0</ele>
      </trkpt>
      <trkpt lat="43.86635" lon="7.10215">
        <ele>354.0</ele>
      </trkpt>
      <trkpt lat="43.86699" lon="7.10256">
        <ele>353.0</ele>
      </trkpt>
      <trkpt lat="43.86707" lon="7.10289">
        <ele>352.0</ele>
      </trkpt>
      <trkpt lat="43.86663" lon="7.10349">
        <ele>350.0</ele>
      </trkpt>
      <trkpt lat="43.86601" lon="7.10349">
        <ele>348.0</ele>
      </trkpt>
      <trkpt lat="43.86575" lon="7.10371">
        <ele>347.0</ele>
      </trkpt>
      <trkpt lat="43.86517" lon="7.10502">
        <ele>345.0</ele>
      </trkpt>
      <trkpt lat="43.86507" lon="7.10596">
        <ele>347.0</ele>
      </trkpt>
      <trkpt lat="43.86452" lon="7.1064">
        <ele>352.0</ele>
      </trkpt>
      <trkpt lat="43.86445" lon="7.10665">
        <ele>354.0</ele>
      </trkpt>
      <trkpt lat="43.86473" lon="7.10768">
        <ele>358.0</ele>
      </trkpt>
      <trkpt lat="43.86617" lon="7.10821">
        <ele>355.0</ele>
      </trkpt>
      <trkpt lat="43.86635" lon="7.10847">
        <ele>348.0</ele>
      </trkpt>
      <trkpt lat="43.86633" lon="7.10879">
        <ele>346.0</ele>
      </trkpt>
      <trkpt lat="43.86599" lon="7.10906">
        <ele>339.0</ele>
      </trkpt>
      <trkpt lat="43.86535" lon="7.10898">
        <ele>330.0</ele>
      </trkpt>
      <trkpt lat="43.86479" lon="7.10953">
        <ele>323.0</ele>
      </trkpt>
      <trkpt lat="43.86446" lon="7.11007">
        <ele>325.0</ele>
      </trkpt>
      <trkpt lat="43.86397" lon="7.1116">
        <ele>335.0</ele>
      </trkpt>
      <trkpt lat="43.86395" lon="7.11204">
        <ele>335.0</ele>
      </trkpt>
      <trkpt lat="43.86375" lon="7.11239">
        <ele>330.0</ele>
      </trkpt>
      <trkpt lat="43.86371" lon="7.11327">
        <ele>316.0</ele>
      </trkpt>
      <trkpt lat="43.8635" lon="7.11358">
        <ele>308.0</ele>
      </trkpt>
      <trkpt lat="43.86315" lon="7.11369">
        <ele>301.0</ele>
      </trkpt>
      <trkpt lat="43.86298" lon="7.11393">
        <ele>298.0</ele>
      </trkpt>
      <trkpt lat="43.8632" lon="7.1148">
        <ele>298.0</ele>
      </trkpt>
      <trkpt lat="43.86357" lon="7.1154">
        <ele>298.0</ele>
      </trkpt>
      <trkpt lat="43.86353" lon="7.11573">
        <ele>298.0</ele>
      </trkpt>
      <trkpt lat="43.86314" lon="7.11608">
        <ele>294.0</ele>
      </trkpt>
      <trkpt lat="43.86292" lon="7.11603">
        <ele>291.0</ele>
      </trkpt>
      <trkpt lat="43.8624" lon="7.1148">
        <ele>282.0</ele>
      </trkpt>
      <trkpt lat="43.86187" lon="7.11417">
        <ele>276.0</ele>
      </trkpt>
      <trkpt lat="43.86164" lon="7.11413">
        <ele>276.0</ele>
      </trkpt>
      <trkpt lat="43.86133" lon="7.11437">
        <ele>280.0</ele>
      </trkpt>
      <trkpt lat="43.86073" lon="7.11567">
        <ele>295.0</ele>
      </trkpt>
      <trkpt lat="43.85986" lon="7.1165">
        <ele>302.0</ele>
      </trkpt>
      <trkpt lat="43.85848" lon="7.11723">
        <ele>300.0</ele>
      </trkpt>
      <trkpt lat="43.85799" lon="7.1171">
        <ele>297.0</ele>
      </trkpt>
      <trkpt lat="43.85757" lon="7.11731">
        <ele>296.0</ele>
      </trkpt>
      <trkpt lat="43.85716" lon="7.11717">
        <ele>294.0</ele>
      </trkpt>
      <trkpt lat="43.85692" lon="7.11744">
        <ele>296.0</ele>
      </trkpt>
      <trkpt lat="43.85682" lon="7.11808">
        <ele>301.0</ele>
      </trkpt>
      <trkpt lat="43.85732" lon="7.11913">
        <ele>309.0</ele>
      </trkpt>
      <trkpt lat="43.85742" lon="7.1208">
        <ele>314.0</ele>
      </trkpt>
      <trkpt lat="43.85808" lon="7.12252">
        <ele>317.0</ele>
      </trkpt>
      <trkpt lat="43.85802" lon="7.12413">
        <ele>320.0</ele>
      </trkpt>
      <trkpt lat="43.85757" lon="7.12559">
        <ele>325.0</ele>
      </trkpt>
      <trkpt lat="43.85775" lon="7.12661">
        <ele>328.0</ele>
      </trkpt>
      <trkpt lat="43.85762" lon="7.12814">
        <ele>333.0</ele>
      </trkpt>
      <trkpt lat="43.85738" lon="7.12903">
        <ele>342.0</ele>
      </trkpt>
      <trkpt lat="43.85799" lon="7.13052">
        <ele>354.0</ele>
      </trkpt>
      <trkpt lat="43.85896" lon="7.1308">
        <ele>361.0</ele>
      </trkpt>
      <trkpt lat="43.85904" lon="7.13113">
        <ele>364.0</ele>
      </trkpt>
      <trkpt lat="43.85815" lon="7.13261">
        <ele>361.0</ele>
      </trkpt>
      <trkpt lat="43.85737" lon="7.13346">
        <ele>364.0</ele>
      </trkpt>
      <trkpt lat="43.85772" lon="7.13542">
        <ele>375.0</ele>
      </trkpt>
      <trkpt lat="43.85768" lon="7.13569">
        <ele>376.0</ele>
      </trkpt>
      <trkpt lat="43.85728" lon="7.13595">
        <ele>375.0</ele>
      </trkpt>
      <trkpt lat="43.85658" lon="7.13605">
        <ele>374.0</ele>
      </trkpt>
      <trkpt lat="43.85617" lon="7.13679">
        <ele>375.0</ele>
      </trkpt>
      <trkpt lat="43.85475" lon="7.13681">
        <ele>385.0</ele>
      </trkpt>
      <trkpt lat="43.85366" lon="7.14022">
        <ele>416.0</ele>
      </trkpt>
      <trkpt lat="43.85314" lon="7.14121">
        <ele>425.0</ele>
      </trkpt>
      <trkpt lat="43.85319" lon="7.14175">
        <ele>426.0</ele>
      </trkpt>
      <trkpt lat="43.85343" lon="7.14211">
        <ele>427.0</ele>
      </trkpt>
      <trkpt lat="43.85377" lon="7.14223">
        <ele>428.0</ele>
      </trkpt>
      <trkpt lat="43.85435" lon="7.14214">
        <ele>428.0</ele>
      </trkpt>
      <trkpt lat="43.85462" lon="7.14238">
        <ele>429.0</ele>
      </trkpt>
      <trkpt lat="43.85497" lon="7.14333">
        <ele>430.0</ele>
      </trkpt>
      <trkpt lat="43.85531" lon="7.14378">
        <ele>431.0</ele>
      </trkpt>
      <trkpt lat="43.85595" lon="7.14417">
        <ele>432.0</ele>
      </trkpt>
      <trkpt lat="43.8564" lon="7.14411">
        <ele>432.0</ele>
      </trkpt>
      <trkpt lat="43.85711" lon="7.14437">
        <ele>433.0</ele>
      </trkpt>
      <trkpt lat="43.85786" lon="7.14433">
        <ele>432.0</ele>
      </trkpt>
      <trkpt lat="43.85841" lon="7.14472">
        <ele>431.0</ele>
      </trkpt>
      <trkpt lat="43.85847" lon="7.145">
        <ele>431.0</ele>
      </trkpt>
      <trkpt lat="43.85831" lon="7.14633">
        <ele>430.0</ele>
      </trkpt>
      <trkpt lat="43.8586" lon="7.14712">
        <ele>428.0</ele>
      </trkpt>
      <trkpt lat="43.85747" lon="7.14885">
        <ele>425.0</ele>
      </trkpt>
      <trkpt lat="43.85757" lon="7.14926">
        <ele>425.0</ele>
      </trkpt>
      <trkpt lat="43.85839" lon="7.15039">
        <ele>430.0</ele>
      </trkpt>
      <trkpt lat="43.85839" lon="7.15147">
        <ele>430.0</ele>
      </trkpt>
      <trkpt lat="43.85808" lon="7.15195">
        <ele>428.0</ele>
      </trkpt>
      <trkpt lat="43.85682" lon="7.15287">
        <ele>422.0</ele>
      </trkpt>
      <trkpt lat="43.85641" lon="7.1536">
        <ele>417.0</ele>
      </trkpt>
      <trkpt lat="43.85642" lon="7.15434">
        <ele>415.0</ele>
      </trkpt>
      <trkpt lat="43.85655" lon="7.15459">
        <ele>413.0</ele>
      </trkpt>
      <trkpt lat="43.85738" lon="7.1548">
        <ele>416.0</ele>
      </trkpt>
      <trkpt lat="43.85788" lon="7.15535">
        <ele>420.0</ele>
      </trkpt>
      <trkpt lat="43.85894" lon="7.15601">
        <ele>423.0</ele>
      </trkpt>
      <trkpt lat="43.85937" lon="7.15692">
        <ele>422.0</ele>
      </trkpt>
      <trkpt lat="43.85949" lon="7.1575">
        <ele>420.0</ele>
      </trkpt>
      <trkpt lat="43.86003" lon="7.158">
        <ele>416.0</ele>
      </trkpt>
      <trkpt lat="43.86026" lon="7.15853">
        <ele>412.0</ele>
      </trkpt>
      <trkpt lat="43.86062" lon="7.15894">
        <ele>410.0</ele>
      </trkpt>
      <trkpt lat="43.86082" lon="7.1591">
        <ele>408.0</ele>
      </trkpt>
      <trkpt lat="43.86134" lon="7.15898">
        <ele>408.0</ele>
      </trkpt>
      <trkpt lat="43.86155" lon="7.15908">
        <ele>409.0</ele>
      </trkpt>
      <trkpt lat="43.86168" lon="7.15939">
        <ele>410.0</ele>
      </trkpt>
      <trkpt lat="43.8616" lon="7.15981">
        <ele>411.0</ele>
      </trkpt>
      <trkpt lat="43.86167" lon="7.16054">
        <ele>413.0</ele>
      </trkpt>
      <trkpt lat="43.86138" lon="7.16108">
        <ele>414.0</ele>
      </trkpt>
      <trkpt lat="43.8613" lon="7.16171">
        <ele>415.0</ele>
      </trkpt>
      <trkpt lat="43.86107" lon="7.16183">
        <ele>416.0</ele>
      </trkpt>
      <trkpt lat="43.8609" lon="7.16164">
        <ele>416.0</ele>
      </trkpt>
      <trkpt lat="43.86076" lon="7.16087">
        <ele>418.0</ele>
      </trkpt>
      <trkpt lat="43.85893" lon="7.16069">
        <ele>432.0</ele>
      </trkpt>
      <trkpt lat="43.8581" lon="7.15996">
        <ele>432.0</ele>
      </trkpt>
      <trkpt lat="43.85776" lon="7.15996">
        <ele>431.0</ele>
      </trkpt>
      <trkpt lat="43.85694" lon="7.16136">
        <ele>431.0</ele>
      </trkpt>
      <trkpt lat="43.85617" lon="7.16139">
        <ele>432.0</ele>
      </trkpt>
      <trkpt lat="43.85595" lon="7.16158">
        <ele>432.0</ele>
      </trkpt>
      <trkpt lat="43.85573" lon="7.1621">
        <ele>434.0</ele>
      </trkpt>
      <trkpt lat="43.85523" lon="7.16252">
        <ele>436.0</ele>
      </trkpt>
      <trkpt lat="43.85461" lon="7.16241">
        <ele>440.0</ele>
      </trkpt>
      <trkpt lat="43.85431" lon="7.16269">
        <ele>441.0</ele>
      </trkpt>
      <trkpt lat="43.85415" lon="7.16318">
        <ele>443.0</ele>
      </trkpt>
      <trkpt lat="43.85377" lon="7.16372">
        <ele>444.0</ele>
      </trkpt>
      <trkpt lat="43.85334" lon="7.16383">
        <ele>447.0</ele>
      </trkpt>
      <trkpt lat="43.85305" lon="7.16427">
        <ele>448.0</ele>
      </trkpt>
      <trkpt lat="43.85249" lon="7.16437">
        <ele>446.0</ele>
      </trkpt>
      <trkpt lat="43.85223" lon="7.16458">
        <ele>445.0</ele>
      </trkpt>
      <trkpt lat="43.85197" lon="7.16448">
        <ele>444.0</ele>
      </trkpt>
      <trkpt lat="43.85191" lon="7.16383">
        <ele>442.0</ele>
      </trkpt>
      <trkpt lat="43.85166" lon="7.16344">
        <ele>445.0</ele>
      </trkpt>
      <trkpt lat="43.85081" lon="7.16391">
        <ele>457.0</ele>
      </trkpt>
      <trkpt lat="43.85013" lon="7.16336">
        <ele>464.0</ele>
      </trkpt>
      <trkpt lat="43.8495" lon="7.16367">
        <ele>460.0</ele>
      </trkpt>
      <trkpt lat="43.84914" lon="7.16443">
        <ele>456.0</ele>
      </trkpt>
      <trkpt lat="43.84863" lon="7.16498">
        <ele>453.0</ele>
      </trkpt>
      <trkpt lat="43.84773" lon="7.16738">
        <ele>446.0</ele>
      </trkpt>
      <trkpt lat="43.84678" lon="7.16823">
        <ele>437.0</ele>
      </trkpt>
      <trkpt lat="43.84641" lon="7.16888">
        <ele>434.0</ele>
      </trkpt>
      <trkpt lat="43.84591" lon="7.17023">
        <ele>430.0</ele>
      </trkpt>
      <trkpt lat="43.84556" lon="7.17174">
        <ele>427.0</ele>
      </trkpt>
      <trkpt lat="43.84506" lon="7.17255">
        <ele>423.0</ele>
      </trkpt>
      <trkpt lat="43.8445" lon="7.17315">
        <ele>420.0</ele>
      </trkpt>
      <trkpt lat="43.84417" lon="7.17379">
        <ele>417.0</ele>
      </trkpt>
      <trkpt lat="43.84355" lon="7.174">
        <ele>413.0</ele>
      </trkpt>
      <trkpt lat="43.84326" lon="7.17505">
        <ele>410.0</ele>
      </trkpt>
      <trkpt lat="43.84258" lon="7.17564">
        <ele>408.0</ele>
      </trkpt>
      <trkpt lat="43.84225" lon="7.17705">
        <ele>406.0</ele>
      </trkpt>
      <trkpt lat="43.84147" lon="7.17808">
        <ele>399.0</ele>
      </trkpt>
      <trkpt lat="43.84082" lon="7.1793">
        <ele>391.0</ele>
      </trkpt>
      <trkpt lat="43.8404" lon="7.17971">
        <ele>387.0</ele>
      </trkpt>
      <trkpt lat="43.83992" lon="7.18049">
        <ele>382.0</ele>
      </trkpt>
      <trkpt lat="43.83904" lon="7.18114">
        <ele>378.0</ele>
      </trkpt>
      <trkpt lat="43.83736" lon="7.18163">
        <ele>372.0</ele>
      </trkpt>
      <trkpt lat="43.83668" lon="7.18258">
        <ele>372.0</ele>
      </trkpt>
      <trkpt lat="43.83663" lon="7.18289">
        <ele>372.0</ele>
      </trkpt>
      <trkpt lat="43.83675" lon="7.18319">
        <ele>372.0</ele>
      </trkpt>
      <trkpt lat="43.83727" lon="7.18341">
        <ele>369.0</ele>
      </trkpt>
      <trkpt lat="43.83809" lon="7.18425">
        <ele>360.0</ele>
      </trkpt>
      <trkpt lat="43.83844" lon="7.18412">
        <ele>357.0</ele>
      </trkpt>
      <trkpt lat="43.83908" lon="7.18314">
        <ele>356.0</ele>
      </trkpt>
      <trkpt lat="43.83941" lon="7.18308">
        <ele>355.0</ele>
      </trkpt>
      <trkpt lat="43.84038" lon="7.184">
        <ele>349.0</ele>
      </trkpt>
      <trkpt lat="43.84137" lon="7.18417">
        <ele>342.0</ele>
      </trkpt>
      <trkpt lat="43.84187" lon="7.184">
        <ele>339.0</ele>
      </trkpt>
      <trkpt lat="43.84234" lon="7.18453">
        <ele>338.0</ele>
      </trkpt>
      <trkpt lat="43.84324" lon="7.18436">
        <ele>335.0</ele>
      </trkpt>
      <trkpt lat="43.84341" lon="7.18467">
        <ele>332.0</ele>
      </trkpt>
      <trkpt lat="43.84357" lon="7.18616">
        <ele>317.0</ele>
      </trkpt>
      <trkpt lat="43.84393" lon="7.18658">
        <ele>310.0</ele>
      </trkpt>
      <trkpt lat="43.84441" lon="7.18672">
        <ele>307.0</ele>
      </trkpt>
      <trkpt lat="43.84441" lon="7.18692">
        <ele>306.0</ele>
      </trkpt>
      <trkpt lat="43.8434" lon="7.18662">
        <ele>301.0</ele>
      </trkpt>
      <trkpt lat="43.84309" lon="7.18554">
        <ele>297.0</ele>
      </trkpt>
      <trkpt lat="43.84285" lon="7.18534">
        <ele>295.0</ele>
      </trkpt>
      <trkpt lat="43.842" lon="7.18622">
        <ele>290.0</ele>
      </trkpt>
      <trkpt lat="43.84079" lon="7.18573">
        <ele>285.0</ele>
      </trkpt>
      <trkpt lat="43.83919" lon="7.1861">
        <ele>284.0</ele>
      </trkpt>
      <trkpt lat="43.83859" lon="7.18547">
        <ele>283.0</ele>
      </trkpt>
      <trkpt lat="43.83789" lon="7.18592">
        <ele>277.0</ele>
      </trkpt>
      <trkpt lat="43.8369" lon="7.18605">
        <ele>265.0</ele>
      </trkpt>
      <trkpt lat="43.8362" lon="7.18637">
        <ele>262.0</ele>
      </trkpt>
      <trkpt lat="43.83567" lon="7.18549">
        <ele>259.0</ele>
      </trkpt>
      <trkpt lat="43.83448" lon="7.18524">
        <ele>250.0</ele>
      </trkpt>
      <trkpt lat="43.83383" lon="7.18452">
        <ele>244.0</ele>
      </trkpt>
      <trkpt lat="43.83311" lon="7.1841">
        <ele>239.0</ele>
      </trkpt>
      <trkpt lat="43.83209" lon="7.18379">
        <ele>227.0</ele>
      </trkpt>
      <trkpt lat="43.8316" lon="7.1818">
        <ele>214.0</ele>
      </trkpt>
      <trkpt lat="43.83134" lon="7.18172">
        <ele>211.0</ele>
      </trkpt>
      <trkpt lat="43.83118" lon="7.18209">
        <ele>211.0</ele>
      </trkpt>
      <trkpt lat="43.8312" lon="7.1829">
        <ele>211.0</ele>
      </trkpt>
      <trkpt lat="43.83201" lon="7.18417">
        <ele>210.0</ele>
      </trkpt>
      <trkpt lat="43.83337" lon="7.18506">
        <ele>202.0</ele>
      </trkpt>
      <trkpt lat="43.83411" lon="7.18588">
        <ele>196.0</ele>
      </trkpt>
      <trkpt lat="43.83514" lon="7.1865">
        <ele>194.0</ele>
      </trkpt>
      <trkpt lat="43.8355" lon="7.18725">
        <ele>186.0</ele>
      </trkpt>
      <trkpt lat="43.8362" lon="7.18791">
        <ele>176.0</ele>
      </trkpt>
      <trkpt lat="43.83758" lon="7.18844">
        <ele>164.0</ele>
      </trkpt>
      <trkpt lat="43.83771" lon="7.18875">
        <ele>163.0</ele>
      </trkpt>
      <trkpt lat="43.83774" lon="7.1894">
        <ele>162.0</ele>
      </trkpt>
      <trkpt lat="43.83804" lon="7.18971">
        <ele>161.0</ele>
      </trkpt>
      <trkpt lat="43.83836" lon="7.18978">
        <ele>161.0</ele>
      </trkpt>
      <trkpt lat="43.83892" lon="7.18931">
        <ele>161.0</ele>
      </trkpt>
      <trkpt lat="43.84169" lon="7.1898">
        <ele>148.0</ele>
      </trkpt>
      <trkpt lat="43.84164" lon="7.19003">
        <ele>145.0</ele>
      </trkpt>
      <trkpt lat="43.84029" lon="7.19011">
        <ele>137.0</ele>
      </trkpt>
      <trkpt lat="43.83917" lon="7.19041">
        <ele>134.0</ele>
      </trkpt>
      <trkpt lat="43.83848" lon="7.19099">
        <ele>133.0</ele>
      </trkpt>
      <trkpt lat="43.83819" lon="7.19104">
        <ele>130.0</ele>
      </trkpt>
      <trkpt lat="43.83813" lon="7.19121">
        <ele>129.0</ele>
      </trkpt>
      <trkpt lat="43.8383" lon="7.19153">
        <ele>126.0</ele>
      </trkpt>
      <trkpt lat="43.83784" lon="7.194">
        <ele>116.0</ele>
      </trkpt>
      <trkpt lat="43.83791" lon="7.19421">
        <ele>114.0</ele>
      </trkpt>
      <trkpt lat="43.84681" lon="7.1975">
        <ele>128.0</ele>
      </trkpt>
      <trkpt lat="43.84854" lon="7.19779">
        <ele>128.0</ele>
      </trkpt>
      <trkpt lat="43.84931" lon="7.19818">
        <ele>133.0</ele>
      </trkpt>
      <trkpt lat="43.85004" lon="7.19817">
        <ele>138.0</ele>
      </trkpt>
      <trkpt lat="43.85084" lon="7.19839">
        <ele>140.0</ele>
      </trkpt>
      <trkpt lat="43.8523" lon="7.19827">
        <ele>131.0</ele>
      </trkpt>
      <trkpt lat="43.8535" lon="7.19836">
        <ele>131.0</ele>
      </trkpt>
      <trkpt lat="43.85486" lon="7.19782">
        <ele>132.0</ele>
      </trkpt>
      <trkpt lat="43.8556" lon="7.1971">
        <ele>134.0</ele>
      </trkpt>
      <trkpt lat="43.85611" lon="7.19683">
        <ele>136.0</ele>
      </trkpt>
      <trkpt lat="43.85702" lon="7.19694">
        <ele>139.0</ele>
      </trkpt>
      <trkpt lat="43.85783" lon="7.19683">
        <ele>142.0</ele>
      </trkpt>
      <trkpt lat="43.85871" lon="7.19739">
        <ele>139.0</ele>
      </trkpt>
      <trkpt lat="43.85952" lon="7.19838">
        <ele>136.0</ele>
      </trkpt>
      <trkpt lat="43.86052" lon="7.19877">
        <ele>137.0</ele>
      </trkpt>
      <trkpt lat="43.86068" lon="7.19903">
        <ele>138.0</ele>
      </trkpt>
      <trkpt lat="43.86109" lon="7.19879">
        <ele>138.0</ele>
      </trkpt>
      <trkpt lat="43.86176" lon="7.19874">
        <ele>138.0</ele>
      </trkpt>
      <trkpt lat="43.86679" lon="7.19914">
        <ele>144.0</ele>
      </trkpt>
      <trkpt lat="43.86944" lon="7.19864">
        <ele>146.0</ele>
      </trkpt>
      <trkpt lat="43.87098" lon="7.19788">
        <ele>154.0</ele>
      </trkpt>
      <trkpt lat="43.87174" lon="7.1965">
        <ele>153.0</ele>
      </trkpt>
      <trkpt lat="43.8736" lon="7.1948">
        <ele>158.0</ele>
      </trkpt>
      <trkpt lat="43.87444" lon="7.1931">
        <ele>164.0</ele>
      </trkpt>
      <trkpt lat="43.87506" lon="7.19296">
        <ele>167.0</ele>
      </trkpt>
      <trkpt lat="43.87566" lon="7.19317">
        <ele>165.0</ele>
      </trkpt>
      <trkpt lat="43.87628" lon="7.19316">
        <ele>162.0</ele>
      </trkpt>
      <trkpt lat="43.87708" lon="7.1929">
        <ele>158.0</ele>
      </trkpt>
      <trkpt lat="43.87777" lon="7.19213">
        <ele>158.0</ele>
      </trkpt>
      <trkpt lat="43.8784" lon="7.19109">
        <ele>160.0</ele>
      </trkpt>
      <trkpt lat="43.87947" lon="7.19016">
        <ele>164.0</ele>
      </trkpt>
      <trkpt lat="43.88044" lon="7.18992">
        <ele>165.0</ele>
      </trkpt>
      <trkpt lat="43.88189" lon="7.19033">
        <ele>165.0</ele>
      </trkpt>
      <trkpt lat="43.88253" lon="7.19066">
        <ele>165.0</ele>
      </trkpt>
      <trkpt lat="43.88285" lon="7.19072">
        <ele>165.0</ele>
      </trkpt>
      <trkpt lat="43.88326" lon="7.19055">
        <ele>165.0</ele>
      </trkpt>
      <trkpt lat="43.88445" lon="7.19083">
        <ele>158.0</ele>
      </trkpt>
      <trkpt lat="43.88556" lon="7.19033">
        <ele>155.0</ele>
      </trkpt>
      <trkpt lat="43.88698" lon="7.18999">
        <ele>167.0</ele>
      </trkpt>
      <trkpt lat="43.88929" lon="7.18863">
        <ele>168.0</ele>
      </trkpt>
      <trkpt lat="43.89128" lon="7.18944">
        <ele>171.0</ele>
      </trkpt>
      <trkpt lat="43.89175" lon="7.18934">
        <ele>166.0</ele>
      </trkpt>
      <trkpt lat="43.89287" lon="7.18867">
        <ele>162.0</ele>
      </trkpt>
      <trkpt lat="43.89404" lon="7.18889">
        <ele>161.0</ele>
      </trkpt>
      <trkpt lat="43.8945" lon="7.18924">
        <ele>163.0</ele>
      </trkpt>
      <trkpt lat="43.89537" lon="7.19057">
        <ele>170.0</ele>
      </trkpt>
      <trkpt lat="43.8965" lon="7.19123">
        <ele>173.0</ele>
      </trkpt>
      <trkpt lat="43.89727" lon="7.19096">
        <ele>176.0</ele>
      </trkpt>
      <trkpt lat="43.89834" lon="7.18956">
        <ele>186.0</ele>
      </trkpt>
      <trkpt lat="43.89992" lon="7.18883">
        <ele>183.94</ele>
      </trkpt>
      <trkpt lat="43.90052" lon="7.1889">
        <ele>184.89</ele>
      </trkpt>
      <trkpt lat="43.90102" lon="7.1894">
        <ele>185.87</ele>
      </trkpt>
      <trkpt lat="43.9018" lon="7.19098">
        <ele>188.04</ele>
      </trkpt>
      <trkpt lat="43.90259" lon="7.19143">
        <ele>189.38</ele>
      </trkpt>
      <trkpt lat="43.90285" lon="7.19177">
        <ele>189.95</ele>
      </trkpt>
      <trkpt lat="43.9031" lon="7.19289">
        <ele>191.28</ele>
      </trkpt>
      <trkpt lat="43.90318" lon="7.19445">
        <ele>193.04</ele>
      </trkpt>
      <trkpt lat="43.90372" lon="7.1963">
        <ele>195.32</ele>
      </trkpt>
      <trkpt lat="43.90419" lon="7.19657">
        <ele>196.13</ele>
      </trkpt>
      <trkpt lat="43.9058" lon="7.19573">
        <ele>198.84</ele>
      </trkpt>
      <trkpt lat="43.90634" lon="7.19585">
        <ele>199.7</ele>
      </trkpt>
      <trkpt lat="43.90721" lon="7.19576">
        <ele>201.06</ele>
      </trkpt>
      <trkpt lat="43.90813" lon="7.19523">
        <ele>202.62</ele>
      </trkpt>
      <trkpt lat="43.90902" lon="7.19405">
        <ele>204.55</ele>
      </trkpt>
      <trkpt lat="43.91023" lon="7.19329">
        <ele>206.64</ele>
      </trkpt>
      <trkpt lat="43.91045" lon="7.19296">
        <ele>207.15</ele>
      </trkpt>
      <trkpt lat="43.91046" lon="7.1926">
        <ele>207.57</ele>
      </trkpt>
      <trkpt lat="43.91016" lon="7.19205">
        <ele>208.35</ele>
      </trkpt>
      <trkpt lat="43.90966" lon="7.19153">
        <ele>209.33</ele>
      </trkpt>
      <trkpt lat="43.90913" lon="7.19122">
        <ele>210.23</ele>
      </trkpt>
      <trkpt lat="43.90877" lon="7.19069">
        <ele>211.05</ele>
      </trkpt>
      <trkpt lat="43.90825" lon="7.18962">
        <ele>212.51</ele>
      </trkpt>
      <trkpt lat="43.90816" lon="7.18918">
        <ele>213.03</ele>
      </trkpt>
      <trkpt lat="43.90834" lon="7.18865">
        <ele>213.7</ele>
      </trkpt>
      <trkpt lat="43.90884" lon="7.18805">
        <ele>214.74</ele>
      </trkpt>
      <trkpt lat="43.90986" lon="7.18818">
        <ele>216.36</ele>
      </trkpt>
      <trkpt lat="43.91009" lon="7.18802">
        <ele>216.77</ele>
      </trkpt>
      <trkpt lat="43.91078" lon="7.18709">
        <ele>218.29</ele>
      </trkpt>
      <trkpt lat="43.91142" lon="7.18582">
        <ele>220.05</ele>
      </trkpt>
      <trkpt lat="43.91227" lon="7.1859">
        <ele>221.41</ele>
      </trkpt>
      <trkpt lat="43.91276" lon="7.18688">
        <ele>222.77</ele>
      </trkpt>
      <trkpt lat="43.91296" lon="7.18763">
        <ele>223.68</ele>
      </trkpt>
      <trkpt lat="43.91338" lon="7.18805">
        <ele>224.5</ele>
      </trkpt>
      <trkpt lat="43.91393" lon="7.18811">
        <ele>225.39</ele>
      </trkpt>
      <trkpt lat="43.91443" lon="7.18785">
        <ele>226.23</ele>
      </trkpt>
      <trkpt lat="43.91505" lon="7.18727">
        <ele>227.4</ele>
      </trkpt>
      <trkpt lat="43.91537" lon="7.18725">
        <ele>227.91</ele>
      </trkpt>
      <trkpt lat="43.91568" lon="7.1875">
        <ele>228.48</ele>
      </trkpt>
      <trkpt lat="43.9165" lon="7.18887">
        <ele>230.49</ele>
      </trkpt>
      <trkpt lat="43.91771" lon="7.18955">
        <ele>232.55</ele>
      </trkpt>
      <trkpt lat="43.91859" lon="7.18949">
        <ele>233.94</ele>
      </trkpt>
      <trkpt lat="43.91947" lon="7.1882">
        <ele>231.0</ele>
      </trkpt>
      <trkpt lat="43.92063" lon="7.18782">
        <ele>210.0</ele>
      </trkpt>
      <trkpt lat="43.92119" lon="7.18665">
        <ele>213.0</ele>
      </trkpt>
      <trkpt lat="43.92225" lon="7.186">
        <ele>223.0</ele>
      </trkpt>
      <trkpt lat="43.9227" lon="7.18588">
        <ele>226.0</ele>
      </trkpt>
      <trkpt lat="43.92342" lon="7.18633">
        <ele>227.0</ele>
      </trkpt>
      <trkpt lat="43.92415" lon="7.18644">
        <ele>227.0</ele>
      </trkpt>
      <trkpt lat="43.92468" lon="7.18645">
        <ele>225.0</ele>
      </trkpt>
      <trkpt lat="43.92495" lon="7.18626">
        <ele>223.0</ele>
      </trkpt>
      <trkpt lat="43.92545" lon="7.18548">
        <ele>218.0</ele>
      </trkpt>
      <trkpt lat="43.92616" lon="7.18309">
        <ele>219.0</ele>
      </trkpt>
      <trkpt lat="43.92678" lon="7.18224">
        <ele>227.0</ele>
      </trkpt>
      <trkpt lat="43.92724" lon="7.18173">
        <ele>232.0</ele>
      </trkpt>
      <trkpt lat="43.92796" lon="7.18128">
        <ele>238.0</ele>
      </trkpt>
      <trkpt lat="43.92876" lon="7.18084">
        <ele>239.0</ele>
      </trkpt>
      <trkpt lat="43.92966" lon="7.18066">
        <ele>239.0</ele>
      </trkpt>
      <trkpt lat="43.93008" lon="7.1803">
        <ele>236.0</ele>
      </trkpt>
      <trkpt lat="43.93134" lon="7.17714">
        <ele>226.0</ele>
      </trkpt>
      <trkpt lat="43.93159" lon="7.17605">
        <ele>224.0</ele>
      </trkpt>
      <trkpt lat="43.93197" lon="7.17548">
        <ele>227.0</ele>
      </trkpt>
      <trkpt lat="43.93214" lon="7.17464">
        <ele>232.0</ele>
      </trkpt>
      <trkpt lat="43.93236" lon="7.17422">
        <ele>236.0</ele>
      </trkpt>
      <trkpt lat="43.93364" lon="7.17319">
        <ele>234.0</ele>
      </trkpt>
      <trkpt lat="43.93402" lon="7.17236">
        <ele>229.0</ele>
      </trkpt>
      <trkpt lat="43.93437" lon="7.17194">
        <ele>231.0</ele>
      </trkpt>
      <trkpt lat="43.93495" lon="7.17174">
        <ele>235.0</ele>
      </trkpt>
      <trkpt lat="43.9365" lon="7.17166">
        <ele>245.0</ele>
      </trkpt>
      <trkpt lat="43.93758" lon="7.17087">
        <ele>247.0</ele>
      </trkpt>
      <trkpt lat="43.93763" lon="7.17053">
        <ele>247.0</ele>
      </trkpt>
      <trkpt lat="43.93716" lon="7.16952">
        <ele>245.0</ele>
      </trkpt>
      <trkpt lat="43.93703" lon="7.16785">
        <ele>254.0</ele>
      </trkpt>
      <trkpt lat="43.93743" lon="7.16675">
        <ele>284.0</ele>
      </trkpt>
      <trkpt lat="43.93771" lon="7.16547">
        <ele>304.0</ele>
      </trkpt>
      <trkpt lat="43.93831" lon="7.16521">
        <ele>296.0</ele>
      </trkpt>
      <trkpt lat="43.93853" lon="7.1649">
        <ele>288.0</ele>
      </trkpt>
      <trkpt lat="43.93837" lon="7.16249">
        <ele>264.0</ele>
      </trkpt>
      <trkpt lat="43.93858" lon="7.16192">
        <ele>258.0</ele>
      </trkpt>
      <trkpt lat="43.93914" lon="7.16115">
        <ele>251.0</ele>
      </trkpt>
      <trkpt lat="43.93964" lon="7.16105">
        <ele>246.0</ele>
      </trkpt>
      <trkpt lat="43.9414" lon="7.16146">
        <ele>237.0</ele>
      </trkpt>
      <trkpt lat="43.94271" lon="7.16251">
        <ele>234.0</ele>
      </trkpt>
      <trkpt lat="43.94424" lon="7.16301">
        <ele>232.0</ele>
      </trkpt>
      <trkpt lat="43.94493" lon="7.16302">
        <ele>233.0</ele>
      </trkpt>
      <trkpt lat="43.94547" lon="7.16266">
        <ele>237.0</ele>
      </trkpt>
      <trkpt lat="43.94687" lon="7.16066">
        <ele>244.0</ele>
      </trkpt>
      <trkpt lat="43.94769" lon="7.16014">
        <ele>247.0</ele>
      </trkpt>
      <trkpt lat="43.95016" lon="7.16032">
        <ele>249.0</ele>
      </trkpt>
      <trkpt lat="43.95626" lon="7.15799">
        <ele>254.0</ele>
      </trkpt>
      <trkpt lat="43.95771" lon="7.15686">
        <ele>265.0</ele>
      </trkpt>
      <trkpt lat="43.9586" lon="7.15638">
        <ele>268.0</ele>
      </trkpt>
      <trkpt lat="43.95926" lon="7.15628">
        <ele>270.0</ele>
      </trkpt>
      <trkpt lat="43.95958" lon="7.15602">
        <ele>271.0</ele>
      </trkpt>
      <trkpt lat="43.96009" lon="7.15516">
        <ele>274.0</ele>
      </trkpt>
      <trkpt lat="43.96098" lon="7.15473">
        <ele>277.0</ele>
      </trkpt>
      <trkpt lat="43.96219" lon="7.15359">
        <ele>280.0</ele>
      </trkpt>
      <trkpt lat="43.96337" lon="7.1537">
        <ele>279.0</ele>
      </trkpt>
      <trkpt lat="43.96419" lon="7.15259">
        <ele>277.0</ele>
      </trkpt>
      <trkpt lat="43.96531" lon="7.15215">
        <ele>280.0</ele>
      </trkpt>
      <trkpt lat="43.96809" lon="7.1504">
        <ele>287.0</ele>
      </trkpt>
      <trkpt lat="43.97006" lon="7.14826">
        <ele>292.0</ele>
      </trkpt>
      <trkpt lat="43.97236" lon="7.14633">
        <ele>292.0</ele>
      </trkpt>
      <trkpt lat="43.9728" lon="7.14457">
        <ele>286.0</ele>
      </trkpt>
      <trkpt lat="43.97275" lon="7.14247">
        <ele>296.0</ele>
      </trkpt>
      <trkpt lat="43.97304" lon="7.1414">
        <ele>298.0</ele>
      </trkpt>
      <trkpt lat="43.97439" lon="7.14034">
        <ele>295.0</ele>
      </trkpt>
      <trkpt lat="43.97527" lon="7.13938">
        <ele>297.0</ele>
      </trkpt>
      <trkpt lat="43.97559" lon="7.13941">
        <ele>297.0</ele>
      </trkpt>
      <trkpt lat="43.97617" lon="7.13992">
        <ele>298.0</ele>
      </trkpt>
      <trkpt lat="43.97633" lon="7.14023">
        <ele>299.0</ele>
      </trkpt>
      <trkpt lat="43.97789" lon="7.1405">
        <ele>303.0</ele>
      </trkpt>
      <trkpt lat="43.97956" lon="7.13982">
        <ele>308.0</ele>
      </trkpt>
      <trkpt lat="43.98188" lon="7.13932">
        <ele>307.0</ele>
      </trkpt>
      <trkpt lat="43.98262" lon="7.13888">
        <ele>309.0</ele>
      </trkpt>
      <trkpt lat="43.98531" lon="7.13675">
        <ele>316.0</ele>
      </trkpt>
      <trkpt lat="43.98716" lon="7.13614">
        <ele>328.0</ele>
      </trkpt>
      <trkpt lat="43.98977" lon="7.13642">
        <ele>338.0</ele>
      </trkpt>
      <trkpt lat="43.99153" lon="7.13713">
        <ele>343.0</ele>
      </trkpt>
      <trkpt lat="43.99396" lon="7.13677">
        <ele>335.0</ele>
      </trkpt>
      <trkpt lat="43.99544" lon="7.13713">
        <ele>333.0</ele>
      </trkpt>
      <trkpt lat="43.99654" lon="7.13774">
        <ele>335.0</ele>
      </trkpt>
      <trkpt lat="43.99755" lon="7.13769">
        <ele>337.0</ele>
      </trkpt>
      <trkpt lat="43.99804" lon="7.13753">
        <ele>337.0</ele>
      </trkpt>
      <trkpt lat="43.99865" lon="7.13706">
        <ele>337.0</ele>
      </trkpt>
      <trkpt lat="43.99905" lon="7.13698">
        <ele>336.0</ele>
      </trkpt>
      <trkpt lat="44.00203" lon="7.13831">
        <ele>347.0</ele>
      </trkpt>
      <trkpt lat="44.00242" lon="7.13832">
        <ele>347.0</ele>
      </trkpt>
      <trkpt lat="44.00347" lon="7.13805">
        <ele>348.0</ele>
      </trkpt>
      <trkpt lat="44.00601" lon="7.13651">
        <ele>352.0</ele>
      </trkpt>
      <trkpt lat="44.00662" lon="7.13591">
        <ele>352.0</ele>
      </trkpt>
      <trkpt lat="44.0077" lon="7.13446">
        <ele>348.0</ele>
      </trkpt>
      <trkpt lat="44.00933" lon="7.13278">
        <ele>346.0</ele>
      </trkpt>
      <trkpt lat="44.00997" lon="7.13221">
        <ele>346.0</ele>
      </trkpt>
      <trkpt lat="44.01075" lon="7.13184">
        <ele>350.0</ele>
      </trkpt>
      <trkpt lat="44.01371" lon="7.13162">
        <ele>352.0</ele>
      </trkpt>
      <trkpt lat="44.0148" lon="7.13109">
        <ele>351.0</ele>
      </trkpt>
      <trkpt lat="44.01548" lon="7.13096">
        <ele>351.0</ele>
      </trkpt>
      <trkpt lat="44.0192" lon="7.13177">
        <ele>365.0</ele>
      </trkpt>
      <trkpt lat="44.02208" lon="7.13125">
        <ele>362.0</ele>
      </trkpt>
      <trkpt lat="44.02361" lon="7.13127">
        <ele>364.0</ele>
      </trkpt>
      <trkpt lat="44.02518" lon="7.13177">
        <ele>364.0</ele>
      </trkpt>
      <trkpt lat="44.02647" lon="7.13127">
        <ele>371.0</ele>
      </trkpt>
      <trkpt lat="44.02809" lon="7.13111">
        <ele>379.0</ele>
      </trkpt>
      <trkpt lat="44.0307" lon="7.13215">
        <ele>378.0</ele>
      </trkpt>
      <trkpt lat="44.03283" lon="7.13197">
        <ele>387.0</ele>
      </trkpt>
      <trkpt lat="44.03417" lon="7.13206">
        <ele>395.0</ele>
      </trkpt>
      <trkpt lat="44.03499" lon="7.13156">
        <ele>400.0</ele>
      </trkpt>
      <trkpt lat="44.03581" lon="7.13045">
        <ele>403.0</ele>
      </trkpt>
      <trkpt lat="44.03607" lon="7.12961">
        <ele>403.0</ele>
      </trkpt>
      <trkpt lat="44.03629" lon="7.12821">
        <ele>396.0</ele>
      </trkpt>
      <trkpt lat="44.03684" lon="7.12782">
        <ele>391.0</ele>
      </trkpt>
      <trkpt lat="44.03835" lon="7.1275">
        <ele>396.0</ele>
      </trkpt>
      <trkpt lat="44.03886" lon="7.12725">
        <ele>402.0</ele>
      </trkpt>
      <trkpt lat="44.03926" lon="7.1274">
        <ele>405.0</ele>
      </trkpt>
      <trkpt lat="44.03976" lon="7.12787">
        <ele>408.0</ele>
      </trkpt>
      <trkpt lat="44.04002" lon="7.12833">
        <ele>410.0</ele>
      </trkpt>
      <trkpt lat="44.04061" lon="7.12868">
        <ele>414.0</ele>
      </trkpt>
      <trkpt lat="44.04217" lon="7.12905">
        <ele>423.0</ele>
      </trkpt>
      <trkpt lat="44.0424" lon="7.12893">
        <ele>424.0</ele>
      </trkpt>
      <trkpt lat="44.04265" lon="7.12851">
        <ele>425.0</ele>
      </trkpt>
      <trkpt lat="44.04354" lon="7.1282">
        <ele>426.0</ele>
      </trkpt>
      <trkpt lat="44.04498" lon="7.12874">
        <ele>424.0</ele>
      </trkpt>
      <trkpt lat="44.04605" lon="7.12948">
        <ele>427.0</ele>
      </trkpt>
      <trkpt lat="44.04703" lon="7.12975">
        <ele>443.0</ele>
      </trkpt>
      <trkpt lat="44.04866" lon="7.129">
        <ele>465.0</ele>
      </trkpt>
      <trkpt lat="44.04941" lon="7.1283">
        <ele>478.0</ele>
      </trkpt>
      <trkpt lat="44.04979" lon="7.12815">
        <ele>472.0</ele>
      </trkpt>
      <trkpt lat="44.05071" lon="7.12709">
        <ele>460.0</ele>
      </trkpt>
      <trkpt lat="44.05121" lon="7.12617">
        <ele>455.0</ele>
      </trkpt>
      <trkpt lat="44.05212" lon="7.12547">
        <ele>459.0</ele>
      </trkpt>
      <trkpt lat="44.05251" lon="7.12457">
        <ele>468.0</ele>
      </trkpt>
      <trkpt lat="44.05334" lon="7.12439">
        <ele>480.0</ele>
      </trkpt>
      <trkpt lat="44.05349" lon="7.12405">
        <ele>483.0</ele>
      </trkpt>
      <trkpt lat="44.05353" lon="7.12322">
        <ele>491.0</ele>
      </trkpt>
      <trkpt lat="44.05459" lon="7.12189">
        <ele>499.0</ele>
      </trkpt>
      <trkpt lat="44.05475" lon="7.12057">
        <ele>495.0</ele>
      </trkpt>
      <trkpt lat="44.0547" lon="7.11963">
        <ele>490.0</ele>
      </trkpt>
      <trkpt lat="44.05446" lon="7.11905">
        <ele>488.0</ele>
      </trkpt>
      <trkpt lat="44.05457" lon="7.11882">
        <ele>486.0</ele>
      </trkpt>
      <trkpt lat="44.0549" lon="7.11878">
        <ele>485.0</ele>
      </trkpt>
      <trkpt lat="44.0553" lon="7.11918">
        <ele>483.0</ele>
      </trkpt>
      <trkpt lat="44.05585" lon="7.11941">
        <ele>483.0</ele>
      </trkpt>
      <trkpt lat="44.05641" lon="7.11884">
        <ele>484.0</ele>
      </trkpt>
      <trkpt lat="44.05722" lon="7.11898">
        <ele>485.0</ele>
      </trkpt>
      <trkpt lat="44.05788" lon="7.11841">
        <ele>480.0</ele>
      </trkpt>
      <trkpt lat="44.05864" lon="7.11863">
        <ele>474.0</ele>
      </trkpt>
      <trkpt lat="44.05958" lon="7.11819">
        <ele>467.0</ele>
      </trkpt>
      <trkpt lat="44.05999" lon="7.11773">
        <ele>463.0</ele>
      </trkpt>
      <trkpt lat="44.06074" lon="7.11769">
        <ele>460.0</ele>
      </trkpt>
      <trkpt lat="44.06117" lon="7.11804">
        <ele>462.0</ele>
      </trkpt>
      <trkpt lat="44.06201" lon="7.11799">
        <ele>466.0</ele>
      </trkpt>
      <trkpt lat="44.06268" lon="7.11702">
        <ele>471.0</ele>
      </trkpt>
      <trkpt lat="44.06306" lon="7.11719">
        <ele>472.0</ele>
      </trkpt>
      <trkpt lat="44.06371" lon="7.1171">
        <ele>474.0</ele>
      </trkpt>
      <trkpt lat="44.06444" lon="7.11726">
        <ele>476.0</ele>
      </trkpt>
      <trkpt lat="44.06461" lon="7.11696">
        <ele>476.0</ele>
      </trkpt>
      <trkpt lat="44.06456" lon="7.11635">
        <ele>476.0</ele>
      </trkpt>
      <trkpt lat="44.0652" lon="7.11456">
        <ele>477.0</ele>
      </trkpt>
      <trkpt lat="44.06594" lon="7.11462">
        <ele>478.0</ele>
      </trkpt>
      <trkpt lat="44.06641" lon="7.11497">
        <ele>480.0</ele>
      </trkpt>
      <trkpt lat="44.06803" lon="7.11425">
        <ele>478.0</ele>
      </trkpt>
      <trkpt lat="44.06827" lon="7.11385">
        <ele>476.0</ele>
      </trkpt>
      <trkpt lat="44.06876" lon="7.11187">
        <ele>473.0</ele>
      </trkpt>
      <trkpt lat="44.06936" lon="7.11142">
        <ele>472.0</ele>
      </trkpt>
      <trkpt lat="44.06995" lon="7.11061">
        <ele>472.0</ele>
      </trkpt>
      <trkpt lat="44.07126" lon="7.10958">
        <ele>472.0</ele>
      </trkpt>
      <trkpt lat="44.07312" lon="7.10964">
        <ele>476.0</ele>
      </trkpt>
      <trkpt lat="44.07459" lon="7.10895">
        <ele>479.0</ele>
      </trkpt>
      <trkpt lat="44.07616" lon="7.10755">
        <ele>477.0</ele>
      </trkpt>
      <trkpt lat="44.07686" lon="7.10647">
        <ele>479.0</ele>
      </trkpt>
      <trkpt lat="44.07732" lon="7.10539">
        <ele>483.0</ele>
      </trkpt>
      <trkpt lat="44.07782" lon="7.10484">
        <ele>491.0</ele>
      </trkpt>
      <trkpt lat="44.07968" lon="7.10532">
        <ele>500.0</ele>
      </trkpt>
      <trkpt lat="44.07994" lon="7.10561">
        <ele>500.0</ele>
      </trkpt>
      <trkpt lat="44.0804" lon="7.10657">
        <ele>499.0</ele>
      </trkpt>
      <trkpt lat="44.08103" lon="7.10686">
        <ele>496.0</ele>
      </trkpt>
      <trkpt lat="44.0818" lon="7.10648">
        <ele>492.0</ele>
      </trkpt>
      <trkpt lat="44.08399" lon="7.10489">
        <ele>500.0</ele>
      </trkpt>
      <trkpt lat="44.0844" lon="7.10591">
        <ele>502.0</ele>
      </trkpt>
      <trkpt lat="44.08471" lon="7.10625">
        <ele>503.0</ele>
      </trkpt>
      <trkpt lat="44.08696" lon="7.10614">
        <ele>505.0</ele>
      </trkpt>
      <trkpt lat="44.08736" lon="7.1068">
        <ele>508.0</ele>
      </trkpt>
      <trkpt lat="44.08797" lon="7.10744">
        <ele>515.0</ele>
      </trkpt>
      <trkpt lat="44.08886" lon="7.10772">
        <ele>523.0</ele>
      </trkpt>
      <trkpt lat="44.09013" lon="7.10746">
        <ele>531.0</ele>
      </trkpt>
      <trkpt lat="44.09101" lon="7.10777">
        <ele>535.0</ele>
      </trkpt>
      <trkpt lat="44.09327" lon="7.10665">
        <ele>540.0</ele>
      </trkpt>
      <trkpt lat="44.09557" lon="7.10621">
        <ele>556.0</ele>
      </trkpt>
      <trkpt lat="44.09607" lon="7.10582">
        <ele>561.0</ele>
      </trkpt>
      <trkpt lat="44.09653" lon="7.10503">
        <ele>569.0</ele>
      </trkpt>
      <trkpt lat="44.09762" lon="7.10451">
        <ele>568.0</ele>
      </trkpt>
      <trkpt lat="44.09857" lon="7.10369">
        <ele>570.0</ele>
      </trkpt>
      <trkpt lat="44.1024" lon="7.10298">
        <ele>599.0</ele>
      </trkpt>
      <trkpt lat="44.10572" lon="7.10189">
        <ele>612.0</ele>
      </trkpt>
      <trkpt lat="44.10674" lon="7.10211">
        <ele>612.0</ele>
      </trkpt>
      <trkpt lat="44.10841" lon="7.10191">
        <ele>619.0</ele>
      </trkpt>
      <trkpt lat="44.109" lon="7.10139">
        <ele>621.0</ele>
      </trkpt>
      <trkpt lat="44.11023" lon="7.09894">
        <ele>620.0</ele>
      </trkpt>
      <trkpt lat="44.11123" lon="7.09773">
        <ele>622.0</ele>
      </trkpt>
      <trkpt lat="44.11258" lon="7.09725">
        <ele>625.0</ele>
      </trkpt>
      <trkpt lat="44.11482" lon="7.09551">
        <ele>630.0</ele>
      </trkpt>
      <trkpt lat="44.11558" lon="7.09382">
        <ele>633.0</ele>
      </trkpt>
      <trkpt lat="44.11639" lon="7.09251">
        <ele>636.0</ele>
      </trkpt>
      <trkpt lat="44.1169" lon="7.09239">
        <ele>640.0</ele>
      </trkpt>
      <trkpt lat="44.11814" lon="7.09275">
        <ele>646.0</ele>
      </trkpt>
      <trkpt lat="44.1197" lon="7.09218">
        <ele>645.0</ele>
      </trkpt>
      <trkpt lat="44.12192" lon="7.09191">
        <ele>661.0</ele>
      </trkpt>
      <trkpt lat="44.12409" lon="7.09235">
        <ele>666.0</ele>
      </trkpt>
      <trkpt lat="44.12535" lon="7.09356">
        <ele>669.0</ele>
      </trkpt>
      <trkpt lat="44.12664" lon="7.09427">
        <ele>666.0</ele>
      </trkpt>
      <trkpt lat="44.12715" lon="7.09493">
        <ele>661.0</ele>
      </trkpt>
      <trkpt lat="44.12768" lon="7.09629">
        <ele>667.0</ele>
      </trkpt>
      <trkpt lat="44.12878" lon="7.09756">
        <ele>680.0</ele>
      </trkpt>
      <trkpt lat="44.12974" lon="7.09941">
        <ele>683.0</ele>
      </trkpt>
      <trkpt lat="44.1305" lon="7.1001">
        <ele>688.0</ele>
      </trkpt>
      <trkpt lat="44.13153" lon="7.10035">
        <ele>694.0</ele>
      </trkpt>
      <trkpt lat="44.13248" lon="7.10092">
        <ele>699.0</ele>
      </trkpt>
      <trkpt lat="44.13297" lon="7.10102">
        <ele>701.0</ele>
      </trkpt>
      <trkpt lat="44.13534" lon="7.10046">
        <ele>717.0</ele>
      </trkpt>
      <trkpt lat="44.13641" lon="7.09995">
        <ele>727.0</ele>
      </trkpt>
      <trkpt lat="44.13819" lon="7.10018">
        <ele>735.0</ele>
      </trkpt>
      <trkpt lat="44.1401" lon="7.0987">
        <ele>734.0</ele>
      </trkpt>
      <trkpt lat="44.1417" lon="7.09837">
        <ele>727.0</ele>
      </trkpt>
      <trkpt lat="44.14282" lon="7.09773">
        <ele>730.0</ele>
      </trkpt>
      <trkpt lat="44.14344" lon="7.09766">
        <ele>730.0</ele>
      </trkpt>
      <trkpt lat="44.14521" lon="7.09807">
        <ele>732.0</ele>
      </trkpt>
      <trkpt lat="44.14577" lon="7.09775">
        <ele>738.0</ele>
      </trkpt>
      <trkpt lat="44.14655" lon="7.09689">
        <ele>754.0</ele>
      </trkpt>
      <trkpt lat="44.14757" lon="7.09633">
        <ele>751.0</ele>
      </trkpt>
      <trkpt lat="44.14928" lon="7.09659">
        <ele>744.0</ele>
      </trkpt>
      <trkpt lat="44.14997" lon="7.09649">
        <ele>751.0</ele>
      </trkpt>
      <trkpt lat="44.15063" lon="7.0959">
        <ele>761.0</ele>
      </trkpt>
      <trkpt lat="44.15117" lon="7.09495">
        <ele>760.0</ele>
      </trkpt>
      <trkpt lat="44.15193" lon="7.09408">
        <ele>754.0</ele>
      </trkpt>
      <trkpt lat="44.1532" lon="7.09392">
        <ele>756.0</ele>
      </trkpt>
      <trkpt lat="44.15354" lon="7.09374">
        <ele>758.0</ele>
      </trkpt>
      <trkpt lat="44.15389" lon="7.09329">
        <ele>758.0</ele>
      </trkpt>
      <trkpt lat="44.1546" lon="7.09168">
        <ele>752.0</ele>
      </trkpt>
      <trkpt lat="44.15605" lon="7.09043">
        <ele>757.0</ele>
      </trkpt>
      <trkpt lat="44.15685" lon="7.09033">
        <ele>763.0</ele>
      </trkpt>
      <trkpt lat="44.15846" lon="7.09086">
        <ele>772.0</ele>
      </trkpt>
      <trkpt lat="44.15892" lon="7.09088">
        <ele>777.0</ele>
      </trkpt>
      <trkpt lat="44.1607" lon="7.09026">
        <ele>788.0</ele>
      </trkpt>
      <trkpt lat="44.16219" lon="7.09017">
        <ele>783.0</ele>
      </trkpt>
      <trkpt lat="44.16281" lon="7.08989">
        <ele>782.0</ele>
      </trkpt>
      <trkpt lat="44.16422" lon="7.08854">
        <ele>800.0</ele>
      </trkpt>
      <trkpt lat="44.16507" lon="7.08814">
        <ele>804.0</ele>
      </trkpt>
      <trkpt lat="44.16638" lon="7.08805">
        <ele>806.0</ele>
      </trkpt>
      <trkpt lat="44.16784" lon="7.08768">
        <ele>807.0</ele>
      </trkpt>
      <trkpt lat="44.17039" lon="7.08584">
        <ele>818.0</ele>
      </trkpt>
      <trkpt lat="44.1715" lon="7.08452">
        <ele>824.0</ele>
      </trkpt>
      <trkpt lat="44.17267" lon="7.08265">
        <ele>834.0</ele>
      </trkpt>
      <trkpt lat="44.17283" lon="7.08222">
        <ele>835.0</ele>
      </trkpt>
      <trkpt lat="44.17298" lon="7.0805">
        <ele>834.0</ele>
      </trkpt>
      <trkpt lat="44.17396" lon="7.07953">
        <ele>832.0</ele>
      </trkpt>
      <trkpt lat="44.17484" lon="7.07813">
        <ele>836.0</ele>
      </trkpt>
      <trkpt lat="44.17611" lon="7.07439">
        <ele>836.0</ele>
      </trkpt>
      <trkpt lat="44.17623" lon="7.07349">
        <ele>834.0</ele>
      </trkpt>
      <trkpt lat="44.17616" lon="7.07197">
        <ele>835.0</ele>
      </trkpt>
      <trkpt lat="44.17654" lon="7.06975">
        <ele>835.0</ele>
      </trkpt>
      <trkpt lat="44.17675" lon="7.0692">
        <ele>835.0</ele>
      </trkpt>
      <trkpt lat="44.17737" lon="7.068">
        <ele>835.0</ele>
      </trkpt>
      <trkpt lat="44.1787" lon="7.0661">
        <ele>842.0</ele>
      </trkpt>
      <trkpt lat="44.17971" lon="7.06301">
        <ele>846.0</ele>
      </trkpt>
      <trkpt lat="44.18149" lon="7.05973">
        <ele>844.0</ele>
      </trkpt>
      <trkpt lat="44.18192" lon="7.05907">
        <ele>844.0</ele>
      </trkpt>
      <trkpt lat="44.18315" lon="7.05778">
        <ele>845.0</ele>
      </trkpt>
      <trkpt lat="44.18426" lon="7.05546">
        <ele>851.0</ele>
      </trkpt>
      <trkpt lat="44.18486" lon="7.05476">
        <ele>859.0</ele>
      </trkpt>
      <trkpt lat="44.18509" lon="7.05387">
        <ele>859.0</ele>
      </trkpt>
      <trkpt lat="44.18542" lon="7.04977">
        <ele>866.0</ele>
      </trkpt>
      <trkpt lat="44.18615" lon="7.04768">
        <ele>869.0</ele>
      </trkpt>
      <trkpt lat="44.18635" lon="7.04658">
        <ele>871.0</ele>
      </trkpt>
      <trkpt lat="44.1872" lon="7.046">
        <ele>875.0</ele>
      </trkpt>
      <trkpt lat="44.18758" lon="7.04465">
        <ele>878.0</ele>
      </trkpt>
      <trkpt lat="44.18843" lon="7.04277">
        <ele>885.0</ele>
      </trkpt>
      <trkpt lat="44.18897" lon="7.04053">
        <ele>887.0</ele>
      </trkpt>
      <trkpt lat="44.18905" lon="7.03922">
        <ele>891.0</ele>
      </trkpt>
      <trkpt lat="44.19034" lon="7.03313">
        <ele>899.0</ele>
      </trkpt>
      <trkpt lat="44.19055" lon="7.03128">
        <ele>901.0</ele>
      </trkpt>
      <trkpt lat="44.19051" lon="7.02981">
        <ele>905.0</ele>
      </trkpt>
      <trkpt lat="44.19005" lon="7.02783">
        <ele>907.0</ele>
      </trkpt>
      <trkpt lat="44.1893" lon="7.02585">
        <ele>908.0</ele>
      </trkpt>
      <trkpt lat="44.18918" lon="7.02506">
        <ele>911.0</ele>
      </trkpt>
      <trkpt lat="44.18964" lon="7.02255">
        <ele>918.0</ele>
      </trkpt>
      <trkpt lat="44.1897" lon="7.01966">
        <ele>928.0</ele>
      </trkpt>
      <trkpt lat="44.18986" lon="7.01863">
        <ele>933.0</ele>
      </trkpt>
      <trkpt lat="44.1902" lon="7.01782">
        <ele>933.0</ele>
      </trkpt>
      <trkpt lat="44.19101" lon="7.01657">
        <ele>932.0</ele>
      </trkpt>
      <trkpt lat="44.19241" lon="7.01321">
        <ele>936.0</ele>
      </trkpt>
      <trkpt lat="44.1941" lon="7.01034">
        <ele>950.0</ele>
      </trkpt>
      <trkpt lat="44.19465" lon="7.00821">
        <ele>954.0</ele>
      </trkpt>
      <trkpt lat="44.19603" lon="7.00685">
        <ele>954.0</ele>
      </trkpt>
      <trkpt lat="44.19727" lon="7.00527">
        <ele>956.0</ele>
      </trkpt>
      <trkpt lat="44.19769" lon="7.00452">
        <ele>957.0</ele>
      </trkpt>
      <trkpt lat="44.19796" lon="7.00368">
        <ele>959.0</ele>
      </trkpt>
      <trkpt lat="44.19833" lon="7.00161">
        <ele>963.0</ele>
      </trkpt>
      <trkpt lat="44.1997" lon="6.99911">
        <ele>970.0</ele>
      </trkpt>
      <trkpt lat="44.2003" lon="6.99626">
        <ele>976.0</ele>
      </trkpt>
      <trkpt lat="44.20112" lon="6.99466">
        <ele>979.0</ele>
      </trkpt>
      <trkpt lat="44.20126" lon="6.99401">
        <ele>981.0</ele>
      </trkpt>
      <trkpt lat="44.20141" lon="6.99156">
        <ele>985.0</ele>
      </trkpt>
      <trkpt lat="44.20174" lon="6.99062">
        <ele>986.0</ele>
      </trkpt>
      <trkpt lat="44.20314" lon="6.98891">
        <ele>987.0</ele>
      </trkpt>
      <trkpt lat="44.20375" lon="6.98787">
        <ele>988.0</ele>
      </trkpt>
      <trkpt lat="44.20476" lon="6.98563">
        <ele>990.0</ele>
      </trkpt>
      <trkpt lat="44.20662" lon="6.98337">
        <ele>996.0</ele>
      </trkpt>
      <trkpt lat="44.20677" lon="6.98287">
        <ele>998.0</ele>
      </trkpt>
      <trkpt lat="44.20699" lon="6.98026">
        <ele>1003.0</ele>
      </trkpt>
      <trkpt lat="44.20729" lon="6.97966">
        <ele>1004.0</ele>
      </trkpt>
      <trkpt lat="44.20808" lon="6.97881">
        <ele>1004.0</ele>
      </trkpt>
      <trkpt lat="44.20902" lon="6.97729">
        <ele>1003.0</ele>
      </trkpt>
      <trkpt lat="44.21079" lon="6.9753">
        <ele>1004.0</ele>
      </trkpt>
      <trkpt lat="44.21309" lon="6.97384">
        <ele>1013.0</ele>
      </trkpt>
      <trkpt lat="44.21498" lon="6.97151">
        <ele>1018.0</ele>
      </trkpt>
      <trkpt lat="44.21668" lon="6.97061">
        <ele>1033.0</ele>
      </trkpt>
      <trkpt lat="44.21876" lon="6.96822">
        <ele>1042.0</ele>
      </trkpt>
      <trkpt lat="44.21936" lon="6.96773">
        <ele>1043.0</ele>
      </trkpt>
      <trkpt lat="44.22029" lon="6.96649">
        <ele>1040.0</ele>
      </trkpt>
      <trkpt lat="44.22468" lon="6.9632">
        <ele>1049.0</ele>
      </trkpt>
      <trkpt lat="44.225" lon="6.96251">
        <ele>1050.0</ele>
      </trkpt>
      <trkpt lat="44.22538" lon="6.96044">
        <ele>1049.0</ele>
      </trkpt>
      <trkpt lat="44.22554" lon="6.96006">
        <ele>1049.0</ele>
      </trkpt>
      <trkpt lat="44.2279" lon="6.9584">
        <ele>1048.0</ele>
      </trkpt>
      <trkpt lat="44.22906" lon="6.9579">
        <ele>1049.0</ele>
      </trkpt>
      <trkpt lat="44.22973" lon="6.95714">
        <ele>1052.0</ele>
      </trkpt>
      <trkpt lat="44.23171" lon="6.95395">
        <ele>1058.0</ele>
      </trkpt>
      <trkpt lat="44.23376" lon="6.9492">
        <ele>1066.0</ele>
      </trkpt>
      <trkpt lat="44.23518" lon="6.94732">
        <ele>1080.0</ele>
      </trkpt>
      <trkpt lat="44.23658" lon="6.94508">
        <ele>1094.0</ele>
      </trkpt>
      <trkpt lat="44.23715" lon="6.94451">
        <ele>1098.0</ele>
      </trkpt>
      <trkpt lat="44.23825" lon="6.94394">
        <ele>1104.0</ele>
      </trkpt>
      <trkpt lat="44.23881" lon="6.94339">
        <ele>1110.0</ele>
      </trkpt>
      <trkpt lat="44.23954" lon="6.94131">
        <ele>1125.0</ele>
      </trkpt>
      <trkpt lat="44.2405" lon="6.94001">
        <ele>1137.0</ele>
      </trkpt>
      <trkpt lat="44.24053" lon="6.93971">
        <ele>1145.0</ele>
      </trkpt>
      <trkpt lat="44.24041" lon="6.93956">
        <ele>1146.0</ele>
      </trkpt>
      <trkpt lat="44.24021" lon="6.93961">
        <ele>1147.0</ele>
      </trkpt>
      <trkpt lat="44.2398" lon="6.9402">
        <ele>1147.0</ele>
      </trkpt>
      <trkpt lat="44.23881" lon="6.94112">
        <ele>1150.0</ele>
      </trkpt>
      <trkpt lat="44.23821" lon="6.94209">
        <ele>1158.0</ele>
      </trkpt>
      <trkpt lat="44.23798" lon="6.94182">
        <ele>1162.0</ele>
      </trkpt>
      <trkpt lat="44.23818" lon="6.94131">
        <ele>1165.0</ele>
      </trkpt>
      <trkpt lat="44.24071" lon="6.93796">
        <ele>1177.0</ele>
      </trkpt>
      <trkpt lat="44.2421" lon="6.93772">
        <ele>1187.0</ele>
      </trkpt>
      <trkpt lat="44.24287" lon="6.93711">
        <ele>1196.0</ele>
      </trkpt>
      <trkpt lat="44.24276" lon="6.93688">
        <ele>1197.0</ele>
      </trkpt>
      <trkpt lat="44.24216" lon="6.93677">
        <ele>1200.0</ele>
      </trkpt>
      <trkpt lat="44.24087" lon="6.93686">
        <ele>1208.0</ele>
      </trkpt>
      <trkpt lat="44.24037" lon="6.93719">
        <ele>1212.0</ele>
      </trkpt>
      <trkpt lat="44.23947" lon="6.93817">
        <ele>1226.0</ele>
      </trkpt>
      <trkpt lat="44.2385" lon="6.93954">
        <ele>1244.0</ele>
      </trkpt>
      <trkpt lat="44.23709" lon="6.94007">
        <ele>1251.0</ele>
      </trkpt>
      <trkpt lat="44.23668" lon="6.93997">
        <ele>1255.0</ele>
      </trkpt>
      <trkpt lat="44.23531" lon="6.93836">
        <ele>1272.0</ele>
      </trkpt>
      <trkpt lat="44.2349" lon="6.93863">
        <ele>1283.0</ele>
      </trkpt>
      <trkpt lat="44.23453" lon="6.93865">
        <ele>1288.0</ele>
      </trkpt>
      <trkpt lat="44.23447" lon="6.93894">
        <ele>1294.0</ele>
      </trkpt>
      <trkpt lat="44.23518" lon="6.94053">
        <ele>1301.0</ele>
      </trkpt>
      <trkpt lat="44.2352" lon="6.9414">
        <ele>1300.0</ele>
      </trkpt>
      <trkpt lat="44.23508" lon="6.94168">
        <ele>1299.0</ele>
      </trkpt>
      <trkpt lat="44.23355" lon="6.94258">
        <ele>1308.0</ele>
      </trkpt>
      <trkpt lat="44.23165" lon="6.94443">
        <ele>1328.0</ele>
      </trkpt>
      <trkpt lat="44.23062" lon="6.9459">
        <ele>1339.0</ele>
      </trkpt>
      <trkpt lat="44.22972" lon="6.94634">
        <ele>1346.0</ele>
      </trkpt>
      <trkpt lat="44.22918" lon="6.94683">
        <ele>1353.0</ele>
      </trkpt>
      <trkpt lat="44.22762" lon="6.94906">
        <ele>1373.0</ele>
      </trkpt>
      <trkpt lat="44.22682" lon="6.94935">
        <ele>1384.0</ele>
      </trkpt>
      <trkpt lat="44.22621" lon="6.95025">
        <ele>1392.0</ele>
      </trkpt>
      <trkpt lat="44.22566" lon="6.95028">
        <ele>1397.0</ele>
      </trkpt>
      <trkpt lat="44.22473" lon="6.94965">
        <ele>1404.0</ele>
      </trkpt>
      <trkpt lat="44.22447" lon="6.94902">
        <ele>1413.0</ele>
      </trkpt>
      <trkpt lat="44.22427" lon="6.94883">
        <ele>1418.0</ele>
      </trkpt>
      <trkpt lat="44.22346" lon="6.94862">
        <ele>1429.0</ele>
      </trkpt>
      <trkpt lat="44.22269" lon="6.94817">
        <ele>1434.0</ele>
      </trkpt>
      <trkpt lat="44.22145" lon="6.94784">
        <ele>1443.0</ele>
      </trkpt>
      <trkpt lat="44.22118" lon="6.94733">
        <ele>1445.0</ele>
      </trkpt>
      <trkpt lat="44.22142" lon="6.94623">
        <ele>1449.0</ele>
      </trkpt>
      <trkpt lat="44.22152" lon="6.94481">
        <ele>1459.0</ele>
      </trkpt>
      <trkpt lat="44.2217" lon="6.94479">
        <ele>1465.0</ele>
      </trkpt>
      <trkpt lat="44.22202" lon="6.94704">
        <ele>1476.0</ele>
      </trkpt>
      <trkpt lat="44.22224" lon="6.94591">
        <ele>1483.0</ele>
      </trkpt>
      <trkpt lat="44.22218" lon="6.94481">
        <ele>1493.0</ele>
      </trkpt>
      <trkpt lat="44.22261" lon="6.94367">
        <ele>1503.0</ele>
      </trkpt>
      <trkpt lat="44.22279" lon="6.94259">
        <ele>1516.0</ele>
      </trkpt>
      <trkpt lat="44.2234" lon="6.94134">
        <ele>1529.0</ele>
      </trkpt>
      <trkpt lat="44.22414" lon="6.94107">
        <ele>1537.0</ele>
      </trkpt>
      <trkpt lat="44.22444" lon="6.94061">
        <ele>1544.0</ele>
      </trkpt>
      <trkpt lat="44.22436" lon="6.93909">
        <ele>1551.0</ele>
      </trkpt>
      <trkpt lat="44.2245" lon="6.9386">
        <ele>1554.0</ele>
      </trkpt>
      <trkpt lat="44.22451" lon="6.93797">
        <ele>1556.0</ele>
      </trkpt>
      <trkpt lat="44.22471" lon="6.93694">
        <ele>1561.0</ele>
      </trkpt>
      <trkpt lat="44.22517" lon="6.93563">
        <ele>1568.0</ele>
      </trkpt>
      <trkpt lat="44.22484" lon="6.93455">
        <ele>1572.0</ele>
      </trkpt>
      <trkpt lat="44.22469" lon="6.93337">
        <ele>1575.0</ele>
      </trkpt>
      <trkpt lat="44.22509" lon="6.93319">
        <ele>1579.0</ele>
      </trkpt>
      <trkpt lat="44.22584" lon="6.93379">
        <ele>1585.0</ele>
      </trkpt>
      <trkpt lat="44.22637" lon="6.93381">
        <ele>1591.0</ele>
      </trkpt>
      <trkpt lat="44.22683" lon="6.93323">
        <ele>1598.0</ele>
      </trkpt>
      <trkpt lat="44.22677" lon="6.93213">
        <ele>1605.0</ele>
      </trkpt>
    </trkseg>
  </trk>
</gpx>