<?xml version="1.0" encoding="UTF-8"?>
<gpx xmlns="http://www.topografix.com/GPX/1/0" xmlns:xsi="http://www.w3.org/2001/XMLSchema-instance" xsi:schemaLocation="http://www.topografix.com/GPX/1/0 http://www.topografix.com/GPX/1/0/gpx.xsd" version="1.0" creator="GPSBabel - https://www.gpsbabel.org">
  <time>2026-02-04T09:26:34.658000Z</time>
  <bounds minlat="43.20825" maxlat="43.92678" minlon="10.32005" maxlon="11.10033" />
  <trk>
    <trkseg>
      <trkpt lat="43.92678" lon="10.32005">
        <ele>53.0</ele>
      </trkpt>
      <trkpt lat="43.92451" lon="10.32509">
        <ele>60.0</ele>
      </trkpt>
      <trkpt lat="43.92196" lon="10.32886">
        <ele>70.0</ele>
      </trkpt>
      <trkpt lat="43.92062" lon="10.33365">
        <ele>82.0</ele>
      </trkpt>
      <trkpt lat="43.91829" lon="10.33442">
        <ele>91.0</ele>
      </trkpt>
      <trkpt lat="43.91714" lon="10.33597">
        <ele>99.0</ele>
      </trkpt>
      <trkpt lat="43.91698" lon="10.33714">
        <ele>102.0</ele>
      </trkpt>
      <trkpt lat="43.91687" lon="10.33722">
        <ele>104.0</ele>
      </trkpt>
      <trkpt lat="43.91577" lon="10.33668">
        <ele>108.0</ele>
      </trkpt>
      <trkpt lat="43.91513" lon="10.33756">
        <ele>115.0</ele>
      </trkpt>
      <trkpt lat="43.91472" lon="10.33715">
        <ele>119.0</ele>
      </trkpt>
      <trkpt lat="43.91372" lon="10.3372">
        <ele>123.0</ele>
      </trkpt>
      <trkpt lat="43.9135" lon="10.3364">
        <ele>125.0</ele>
      </trkpt>
      <trkpt lat="43.913" lon="10.33567">
        <ele>126.0</ele>
      </trkpt>
      <trkpt lat="43.91279" lon="10.33564">
        <ele>127.0</ele>
      </trkpt>
      <trkpt lat="43.91271" lon="10.33577">
        <ele>129.0</ele>
      </trkpt>
      <trkpt lat="43.91271" lon="10.33597">
        <ele>130.0</ele>
      </trkpt>
      <trkpt lat="43.91308" lon="10.33623">
        <ele>134.0</ele>
      </trkpt>
      <trkpt lat="43.91327" lon="10.33662">
        <ele>137.0</ele>
      </trkpt>
      <trkpt lat="43.91316" lon="10.33747">
        <ele>144.0</ele>
      </trkpt>
      <trkpt lat="43.9145" lon="10.3381">
        <ele>149.0</ele>
      </trkpt>
      <trkpt lat="43.91501" lon="10.33913">
        <ele>152.0</ele>
      </trkpt>
      <trkpt lat="43.91573" lon="10.33896">
        <ele>155.0</ele>
      </trkpt>
      <trkpt lat="43.91647" lon="10.33925">
        <ele>159.0</ele>
      </trkpt>
      <trkpt lat="43.91757" lon="10.3389">
        <ele>159.0</ele>
      </trkpt>
      <trkpt lat="43.91776" lon="10.33908">
        <ele>159.0</ele>
      </trkpt>
      <trkpt lat="43.91768" lon="10.33929">
        <ele>159.0</ele>
      </trkpt>
      <trkpt lat="43.91704" lon="10.33934">
        <ele>162.0</ele>
      </trkpt>
      <trkpt lat="43.91619" lon="10.34015">
        <ele>172.0</ele>
      </trkpt>
      <trkpt lat="43.91564" lon="10.34003">
        <ele>180.0</ele>
      </trkpt>
      <trkpt lat="43.91508" lon="10.34026">
        <ele>183.0</ele>
      </trkpt>
      <trkpt lat="43.91394" lon="10.34019">
        <ele>190.0</ele>
      </trkpt>
      <trkpt lat="43.91376" lon="10.3405">
        <ele>191.0</ele>
      </trkpt>
      <trkpt lat="43.91372" lon="10.34118">
        <ele>193.0</ele>
      </trkpt>
      <trkpt lat="43.91361" lon="10.34133">
        <ele>195.0</ele>
      </trkpt>
      <trkpt lat="43.91353" lon="10.34117">
        <ele>196.0</ele>
      </trkpt>
      <trkpt lat="43.91365" lon="10.34048">
        <ele>198.0</ele>
      </trkpt>
      <trkpt lat="43.91395" lon="10.33972">
        <ele>200.0</ele>
      </trkpt>
      <trkpt lat="43.91387" lon="10.33935">
        <ele>202.0</ele>
      </trkpt>
      <trkpt lat="43.91127" lon="10.33869">
        <ele>213.0</ele>
      </trkpt>
      <trkpt lat="43.91073" lon="10.33881">
        <ele>215.0</ele>
      </trkpt>
      <trkpt lat="43.91034" lon="10.33923">
        <ele>215.0</ele>
      </trkpt>
      <trkpt lat="43.90817" lon="10.34513">
        <ele>207.0</ele>
      </trkpt>
      <trkpt lat="43.90784" lon="10.34726">
        <ele>207.0</ele>
      </trkpt>
      <trkpt lat="43.90663" lon="10.34924">
        <ele>204.0</ele>
      </trkpt>
      <trkpt lat="43.90613" lon="10.35048">
        <ele>203.0</ele>
      </trkpt>
      <trkpt lat="43.90535" lon="10.3517">
        <ele>202.0</ele>
      </trkpt>
      <trkpt lat="43.90507" lon="10.35291">
        <ele>200.0</ele>
      </trkpt>
      <trkpt lat="43.90419" lon="10.35444">
        <ele>196.0</ele>
      </trkpt>
      <trkpt lat="43.90348" lon="10.35377">
        <ele>190.0</ele>
      </trkpt>
      <trkpt lat="43.90295" lon="10.3524">
        <ele>193.0</ele>
      </trkpt>
      <trkpt lat="43.90174" lon="10.35142">
        <ele>197.0</ele>
      </trkpt>
      <trkpt lat="43.90137" lon="10.35017">
        <ele>197.0</ele>
      </trkpt>
      <trkpt lat="43.901" lon="10.34957">
        <ele>197.0</ele>
      </trkpt>
      <trkpt lat="43.90022" lon="10.34896">
        <ele>199.0</ele>
      </trkpt>
      <trkpt lat="43.89997" lon="10.3486">
        <ele>200.0</ele>
      </trkpt>
      <trkpt lat="43.89984" lon="10.34797">
        <ele>202.0</ele>
      </trkpt>
      <trkpt lat="43.89967" lon="10.34341">
        <ele>207.0</ele>
      </trkpt>
      <trkpt lat="43.8993" lon="10.34231">
        <ele>207.0</ele>
      </trkpt>
      <trkpt lat="43.89881" lon="10.3418">
        <ele>211.0</ele>
      </trkpt>
      <trkpt lat="43.89829" lon="10.34155">
        <ele>215.0</ele>
      </trkpt>
      <trkpt lat="43.89721" lon="10.34065">
        <ele>221.0</ele>
      </trkpt>
      <trkpt lat="43.89568" lon="10.34021">
        <ele>225.0</ele>
      </trkpt>
      <trkpt lat="43.89464" lon="10.33929">
        <ele>224.0</ele>
      </trkpt>
      <trkpt lat="43.89355" lon="10.3373">
        <ele>222.0</ele>
      </trkpt>
      <trkpt lat="43.89294" lon="10.33669">
        <ele>217.0</ele>
      </trkpt>
      <trkpt lat="43.89242" lon="10.33548">
        <ele>205.0</ele>
      </trkpt>
      <trkpt lat="43.89217" lon="10.33541">
        <ele>203.0</ele>
      </trkpt>
      <trkpt lat="43.89184" lon="10.33571">
        <ele>201.0</ele>
      </trkpt>
      <trkpt lat="43.8912" lon="10.33527">
        <ele>201.0</ele>
      </trkpt>
      <trkpt lat="43.88999" lon="10.33483">
        <ele>197.0</ele>
      </trkpt>
      <trkpt lat="43.88912" lon="10.33529">
        <ele>192.0</ele>
      </trkpt>
      <trkpt lat="43.88878" lon="10.33469">
        <ele>188.0</ele>
      </trkpt>
      <trkpt lat="43.88795" lon="10.33508">
        <ele>186.0</ele>
      </trkpt>
      <trkpt lat="43.88751" lon="10.33499">
        <ele>185.0</ele>
      </trkpt>
      <trkpt lat="43.88668" lon="10.33613">
        <ele>176.0</ele>
      </trkpt>
      <trkpt lat="43.88565" lon="10.33548">
        <ele>169.0</ele>
      </trkpt>
      <trkpt lat="43.88529" lon="10.3356">
        <ele>165.0</ele>
      </trkpt>
      <trkpt lat="43.88458" lon="10.33631">
        <ele>159.0</ele>
      </trkpt>
      <trkpt lat="43.884" lon="10.3362">
        <ele>157.0</ele>
      </trkpt>
      <trkpt lat="43.8837" lon="10.33581">
        <ele>155.0</ele>
      </trkpt>
      <trkpt lat="43.88369" lon="10.33604">
        <ele>155.0</ele>
      </trkpt>
      <trkpt lat="43.88387" lon="10.3363">
        <ele>155.0</ele>
      </trkpt>
      <trkpt lat="43.88466" lon="10.33669">
        <ele>154.0</ele>
      </trkpt>
      <trkpt lat="43.88459" lon="10.33696">
        <ele>153.0</ele>
      </trkpt>
      <trkpt lat="43.88358" lon="10.33652">
        <ele>147.0</ele>
      </trkpt>
      <trkpt lat="43.88277" lon="10.33585">
        <ele>133.0</ele>
      </trkpt>
      <trkpt lat="43.88274" lon="10.33605">
        <ele>131.0</ele>
      </trkpt>
      <trkpt lat="43.88326" lon="10.33667">
        <ele>126.0</ele>
      </trkpt>
      <trkpt lat="43.88283" lon="10.33712">
        <ele>121.0</ele>
      </trkpt>
      <trkpt lat="43.88278" lon="10.33806">
        <ele>119.0</ele>
      </trkpt>
      <trkpt lat="43.88248" lon="10.33896">
        <ele>114.0</ele>
      </trkpt>
      <trkpt lat="43.88149" lon="10.33947">
        <ele>109.0</ele>
      </trkpt>
      <trkpt lat="43.88123" lon="10.33978">
        <ele>107.0</ele>
      </trkpt>
      <trkpt lat="43.88105" lon="10.34058">
        <ele>105.0</ele>
      </trkpt>
      <trkpt lat="43.88091" lon="10.34057">
        <ele>102.0</ele>
      </trkpt>
      <trkpt lat="43.88117" lon="10.3396">
        <ele>101.0</ele>
      </trkpt>
      <trkpt lat="43.88209" lon="10.33835">
        <ele>100.0</ele>
      </trkpt>
      <trkpt lat="43.88216" lon="10.33715">
        <ele>97.0</ele>
      </trkpt>
      <trkpt lat="43.88171" lon="10.33635">
        <ele>89.0</ele>
      </trkpt>
      <trkpt lat="43.88165" lon="10.3365">
        <ele>87.0</ele>
      </trkpt>
      <trkpt lat="43.88188" lon="10.33707">
        <ele>85.0</ele>
      </trkpt>
      <trkpt lat="43.88183" lon="10.3373">
        <ele>84.0</ele>
      </trkpt>
      <trkpt lat="43.88032" lon="10.33871">
        <ele>78.0</ele>
      </trkpt>
      <trkpt lat="43.87978" lon="10.3397">
        <ele>71.0</ele>
      </trkpt>
      <trkpt lat="43.87873" lon="10.34047">
        <ele>62.0</ele>
      </trkpt>
      <trkpt lat="43.87844" lon="10.34145">
        <ele>56.0</ele>
      </trkpt>
      <trkpt lat="43.87801" lon="10.34176">
        <ele>52.0</ele>
      </trkpt>
      <trkpt lat="43.87766" lon="10.34156">
        <ele>50.0</ele>
      </trkpt>
      <trkpt lat="43.87658" lon="10.34027">
        <ele>39.0</ele>
      </trkpt>
      <trkpt lat="43.87625" lon="10.34037">
        <ele>34.0</ele>
      </trkpt>
      <trkpt lat="43.87577" lon="10.3409">
        <ele>29.0</ele>
      </trkpt>
      <trkpt lat="43.87398" lon="10.34055">
        <ele>20.0</ele>
      </trkpt>
      <trkpt lat="43.87211" lon="10.33756">
        <ele>10.0</ele>
      </trkpt>
      <trkpt lat="43.87097" lon="10.33897">
        <ele>9.0</ele>
      </trkpt>
      <trkpt lat="43.86885" lon="10.34084">
        <ele>7.0</ele>
      </trkpt>
      <trkpt lat="43.86801" lon="10.34273">
        <ele>10.0</ele>
      </trkpt>
      <trkpt lat="43.86707" lon="10.3437">
        <ele>11.0</ele>
      </trkpt>
      <trkpt lat="43.86627" lon="10.34403">
        <ele>11.0</ele>
      </trkpt>
      <trkpt lat="43.86581" lon="10.34536">
        <ele>9.0</ele>
      </trkpt>
      <trkpt lat="43.86575" lon="10.34686">
        <ele>4.0</ele>
      </trkpt>
      <trkpt lat="43.86563" lon="10.34734">
        <ele>4.0</ele>
      </trkpt>
      <trkpt lat="43.86542" lon="10.34783">
        <ele>3.0</ele>
      </trkpt>
      <trkpt lat="43.86494" lon="10.34832">
        <ele>3.0</ele>
      </trkpt>
      <trkpt lat="43.86427" lon="10.34845">
        <ele>3.0</ele>
      </trkpt>
      <trkpt lat="43.86315" lon="10.34834">
        <ele>5.0</ele>
      </trkpt>
      <trkpt lat="43.8618" lon="10.34787">
        <ele>6.0</ele>
      </trkpt>
      <trkpt lat="43.86042" lon="10.34698">
        <ele>6.0</ele>
      </trkpt>
      <trkpt lat="43.8598" lon="10.3469">
        <ele>6.0</ele>
      </trkpt>
      <trkpt lat="43.85944" lon="10.34704">
        <ele>6.0</ele>
      </trkpt>
      <trkpt lat="43.85496" lon="10.35557">
        <ele>4.0</ele>
      </trkpt>
      <trkpt lat="43.85461" lon="10.3567">
        <ele>6.0</ele>
      </trkpt>
      <trkpt lat="43.85439" lon="10.35919">
        <ele>8.0</ele>
      </trkpt>
      <trkpt lat="43.85295" lon="10.3595">
        <ele>6.0</ele>
      </trkpt>
      <trkpt lat="43.85245" lon="10.35976">
        <ele>4.0</ele>
      </trkpt>
      <trkpt lat="43.8516" lon="10.3597">
        <ele>4.0</ele>
      </trkpt>
      <trkpt lat="43.85042" lon="10.35853">
        <ele>3.0</ele>
      </trkpt>
      <trkpt lat="43.84892" lon="10.35652">
        <ele>3.0</ele>
      </trkpt>
      <trkpt lat="43.84866" lon="10.35603">
        <ele>3.0</ele>
      </trkpt>
      <trkpt lat="43.84859" lon="10.35495">
        <ele>3.0</ele>
      </trkpt>
      <trkpt lat="43.84831" lon="10.35467">
        <ele>3.0</ele>
      </trkpt>
      <trkpt lat="43.84801" lon="10.35479">
        <ele>4.0</ele>
      </trkpt>
      <trkpt lat="43.84774" lon="10.35533">
        <ele>4.0</ele>
      </trkpt>
      <trkpt lat="43.84752" lon="10.3555">
        <ele>4.0</ele>
      </trkpt>
      <trkpt lat="43.84686" lon="10.35553">
        <ele>5.0</ele>
      </trkpt>
      <trkpt lat="43.84639" lon="10.35517">
        <ele>6.0</ele>
      </trkpt>
      <trkpt lat="43.84616" lon="10.35517">
        <ele>6.0</ele>
      </trkpt>
      <trkpt lat="43.84591" lon="10.35556">
        <ele>6.0</ele>
      </trkpt>
      <trkpt lat="43.84588" lon="10.3563">
        <ele>6.0</ele>
      </trkpt>
      <trkpt lat="43.8457" lon="10.35656">
        <ele>6.0</ele>
      </trkpt>
      <trkpt lat="43.84534" lon="10.3567">
        <ele>6.0</ele>
      </trkpt>
      <trkpt lat="43.84461" lon="10.35666">
        <ele>5.0</ele>
      </trkpt>
      <trkpt lat="43.84293" lon="10.35583">
        <ele>1.0</ele>
      </trkpt>
      <trkpt lat="43.84182" lon="10.35562">
        <ele>2.0</ele>
      </trkpt>
      <trkpt lat="43.84058" lon="10.35481">
        <ele>6.0</ele>
      </trkpt>
      <trkpt lat="43.84029" lon="10.35446">
        <ele>7.0</ele>
      </trkpt>
      <trkpt lat="43.84026" lon="10.35406">
        <ele>8.0</ele>
      </trkpt>
      <trkpt lat="43.84071" lon="10.35299">
        <ele>8.0</ele>
      </trkpt>
      <trkpt lat="43.84061" lon="10.35279">
        <ele>8.0</ele>
      </trkpt>
      <trkpt lat="43.83944" lon="10.35346">
        <ele>8.0</ele>
      </trkpt>
      <trkpt lat="43.83881" lon="10.3544">
        <ele>8.0</ele>
      </trkpt>
      <trkpt lat="43.83834" lon="10.35479">
        <ele>9.0</ele>
      </trkpt>
      <trkpt lat="43.83825" lon="10.355">
        <ele>9.0</ele>
      </trkpt>
      <trkpt lat="43.8383" lon="10.3558">
        <ele>10.0</ele>
      </trkpt>
      <trkpt lat="43.83792" lon="10.35663">
        <ele>10.0</ele>
      </trkpt>
      <trkpt lat="43.83737" lon="10.35726">
        <ele>11.0</ele>
      </trkpt>
      <trkpt lat="43.83704" lon="10.35887">
        <ele>11.0</ele>
      </trkpt>
      <trkpt lat="43.83633" lon="10.36041">
        <ele>12.0</ele>
      </trkpt>
      <trkpt lat="43.83583" lon="10.36114">
        <ele>13.0</ele>
      </trkpt>
      <trkpt lat="43.83513" lon="10.36099">
        <ele>11.0</ele>
      </trkpt>
      <trkpt lat="43.8342" lon="10.36187">
        <ele>5.0</ele>
      </trkpt>
      <trkpt lat="43.83319" lon="10.36165">
        <ele>4.0</ele>
      </trkpt>
      <trkpt lat="43.83183" lon="10.36228">
        <ele>6.0</ele>
      </trkpt>
      <trkpt lat="43.83136" lon="10.36278">
        <ele>12.0</ele>
      </trkpt>
      <trkpt lat="43.83106" lon="10.36355">
        <ele>18.0</ele>
      </trkpt>
      <trkpt lat="43.82859" lon="10.36629">
        <ele>11.0</ele>
      </trkpt>
      <trkpt lat="43.82568" lon="10.3668">
        <ele>5.0</ele>
      </trkpt>
      <trkpt lat="43.82455" lon="10.36729">
        <ele>3.0</ele>
      </trkpt>
      <trkpt lat="43.82394" lon="10.36848">
        <ele>3.0</ele>
      </trkpt>
      <trkpt lat="43.82381" lon="10.36919">
        <ele>3.0</ele>
      </trkpt>
      <trkpt lat="43.8236" lon="10.36956">
        <ele>3.0</ele>
      </trkpt>
      <trkpt lat="43.82252" lon="10.37069">
        <ele>8.0</ele>
      </trkpt>
      <trkpt lat="43.82202" lon="10.37091">
        <ele>11.0</ele>
      </trkpt>
      <trkpt lat="43.82138" lon="10.37147">
        <ele>10.0</ele>
      </trkpt>
      <trkpt lat="43.82056" lon="10.37261">
        <ele>9.0</ele>
      </trkpt>
      <trkpt lat="43.81982" lon="10.37288">
        <ele>9.0</ele>
      </trkpt>
      <trkpt lat="43.81854" lon="10.37396">
        <ele>8.0</ele>
      </trkpt>
      <trkpt lat="43.81836" lon="10.37395">
        <ele>8.0</ele>
      </trkpt>
      <trkpt lat="43.81794" lon="10.37344">
        <ele>7.0</ele>
      </trkpt>
      <trkpt lat="43.81771" lon="10.37337">
        <ele>6.0</ele>
      </trkpt>
      <trkpt lat="43.81704" lon="10.37382">
        <ele>5.0</ele>
      </trkpt>
      <trkpt lat="43.81451" lon="10.37418">
        <ele>-1.0</ele>
      </trkpt>
      <trkpt lat="43.81437" lon="10.37387">
        <ele>-2.0</ele>
      </trkpt>
      <trkpt lat="43.81414" lon="10.37373">
        <ele>-3.0</ele>
      </trkpt>
      <trkpt lat="43.81421" lon="10.3724">
        <ele>-5.0</ele>
      </trkpt>
      <trkpt lat="43.81389" lon="10.37148">
        <ele>-6.0</ele>
      </trkpt>
      <trkpt lat="43.81133" lon="10.36802">
        <ele>-5.0</ele>
      </trkpt>
      <trkpt lat="43.80497" lon="10.35878">
        <ele>-2.0</ele>
      </trkpt>
      <trkpt lat="43.80004" lon="10.35305">
        <ele>-2.0</ele>
      </trkpt>
      <trkpt lat="43.79066" lon="10.36755">
        <ele>1.0</ele>
      </trkpt>
      <trkpt lat="43.78912" lon="10.36602">
        <ele>2.0</ele>
      </trkpt>
      <trkpt lat="43.78836" lon="10.36572">
        <ele>2.0</ele>
      </trkpt>
      <trkpt lat="43.78752" lon="10.36496">
        <ele>2.0</ele>
      </trkpt>
      <trkpt lat="43.78681" lon="10.36461">
        <ele>2.0</ele>
      </trkpt>
      <trkpt lat="43.78714" lon="10.36365">
        <ele>2.0</ele>
      </trkpt>
      <trkpt lat="43.78697" lon="10.36306">
        <ele>2.0</ele>
      </trkpt>
      <trkpt lat="43.78349" lon="10.3609">
        <ele>2.0</ele>
      </trkpt>
      <trkpt lat="43.78051" lon="10.35849">
        <ele>1.0</ele>
      </trkpt>
      <trkpt lat="43.77934" lon="10.35526">
      </trkpt>
      <trkpt lat="43.77625" lon="10.35192">
        <ele>-1.0</ele>
      </trkpt>
      <trkpt lat="43.77523" lon="10.35105">
        <ele>2.0</ele>
      </trkpt>
      <trkpt lat="43.77408" lon="10.34693">
      </trkpt>
      <trkpt lat="43.77065" lon="10.34402">
        <ele>2.0</ele>
      </trkpt>
      <trkpt lat="43.77017" lon="10.34379">
        <ele>2.0</ele>
      </trkpt>
      <trkpt lat="43.76852" lon="10.34366">
        <ele>3.0</ele>
      </trkpt>
      <trkpt lat="43.76617" lon="10.34402">
        <ele>3.0</ele>
      </trkpt>
      <trkpt lat="43.76509" lon="10.34138">
        <ele>3.0</ele>
      </trkpt>
      <trkpt lat="43.76175" lon="10.34703">
        <ele>2.0</ele>
      </trkpt>
      <trkpt lat="43.75213" lon="10.35764">
        <ele>1.0</ele>
      </trkpt>
      <trkpt lat="43.75123" lon="10.35964">
        <ele>1.0</ele>
      </trkpt>
      <trkpt lat="43.74446" lon="10.37102">
      </trkpt>
      <trkpt lat="43.74428" lon="10.37128">
        <ele>-1.0</ele>
      </trkpt>
      <trkpt lat="43.74395" lon="10.37134">
      </trkpt>
      <trkpt lat="43.74385" lon="10.37192">
        <ele>2.0</ele>
      </trkpt>
      <trkpt lat="43.74305" lon="10.37302">
        <ele>4.0</ele>
      </trkpt>
      <trkpt lat="43.74204" lon="10.37345">
        <ele>2.0</ele>
      </trkpt>
      <trkpt lat="43.74094" lon="10.37352">
      </trkpt>
      <trkpt lat="43.74067" lon="10.37332">
      </trkpt>
      <trkpt lat="43.74044" lon="10.37354">
        <ele>1.0</ele>
      </trkpt>
      <trkpt lat="43.7353" lon="10.37381">
        <ele>2.0</ele>
      </trkpt>
      <trkpt lat="43.73365" lon="10.37406">
        <ele>2.0</ele>
      </trkpt>
      <trkpt lat="43.7287" lon="10.3773">
      </trkpt>
      <trkpt lat="43.72382" lon="10.37933">
        <ele>-2.0</ele>
      </trkpt>
      <trkpt lat="43.72342" lon="10.37924">
        <ele>-2.0</ele>
      </trkpt>
      <trkpt lat="43.72295" lon="10.3797">
        <ele>-2.0</ele>
      </trkpt>
      <trkpt lat="43.7175" lon="10.38194">
        <ele>3.0</ele>
      </trkpt>
      <trkpt lat="43.71703" lon="10.38179">
        <ele>4.0</ele>
      </trkpt>
      <trkpt lat="43.71678" lon="10.38223">
        <ele>4.0</ele>
      </trkpt>
      <trkpt lat="43.71348" lon="10.38361">
        <ele>1.0</ele>
      </trkpt>
      <trkpt lat="43.71267" lon="10.38342">
        <ele>2.0</ele>
      </trkpt>
      <trkpt lat="43.7122" lon="10.38407">
        <ele>3.0</ele>
      </trkpt>
      <trkpt lat="43.71047" lon="10.38489">
        <ele>3.0</ele>
      </trkpt>
      <trkpt lat="43.70908" lon="10.38529">
        <ele>4.0</ele>
      </trkpt>
      <trkpt lat="43.70867" lon="10.38514">
        <ele>5.0</ele>
      </trkpt>
      <trkpt lat="43.70845" lon="10.3854">
        <ele>5.0</ele>
      </trkpt>
      <trkpt lat="43.70729" lon="10.38573">
        <ele>5.0</ele>
      </trkpt>
      <trkpt lat="43.70339" lon="10.38672">
        <ele>1.0</ele>
      </trkpt>
      <trkpt lat="43.70294" lon="10.38667">
        <ele>2.0</ele>
      </trkpt>
      <trkpt lat="43.70281" lon="10.38728">
        <ele>2.0</ele>
      </trkpt>
      <trkpt lat="43.70261" lon="10.38746">
        <ele>2.0</ele>
      </trkpt>
      <trkpt lat="43.70116" lon="10.38855">
        <ele>1.0</ele>
      </trkpt>
      <trkpt lat="43.69995" lon="10.38902">
        <ele>1.0</ele>
      </trkpt>
      <trkpt lat="43.69895" lon="10.38902">
        <ele>1.0</ele>
      </trkpt>
      <trkpt lat="43.69779" lon="10.38864">
        <ele>1.0</ele>
      </trkpt>
      <trkpt lat="43.69642" lon="10.38799">
        <ele>2.0</ele>
      </trkpt>
      <trkpt lat="43.69616" lon="10.38757">
        <ele>2.0</ele>
      </trkpt>
      <trkpt lat="43.69557" lon="10.38764">
        <ele>2.0</ele>
      </trkpt>
      <trkpt lat="43.69158" lon="10.38587">
      </trkpt>
      <trkpt lat="43.69103" lon="10.38525">
      </trkpt>
      <trkpt lat="43.69027" lon="10.38517">
      </trkpt>
      <trkpt lat="43.64061" lon="10.35752">
        <ele>4.0</ele>
      </trkpt>
      <trkpt lat="43.63752" lon="10.355">
        <ele>2.0</ele>
      </trkpt>
      <trkpt lat="43.63634" lon="10.35433">
        <ele>2.0</ele>
      </trkpt>
      <trkpt lat="43.63535" lon="10.35406">
        <ele>2.0</ele>
      </trkpt>
      <trkpt lat="43.631" lon="10.35384">
        <ele>1.0</ele>
      </trkpt>
      <trkpt lat="43.60563" lon="10.35311">
        <ele>2.0</ele>
      </trkpt>
      <trkpt lat="43.605" lon="10.35337">
      </trkpt>
      <trkpt lat="43.60382" lon="10.35281">
        <ele>-2.0</ele>
      </trkpt>
      <trkpt lat="43.60304" lon="10.35269">
        <ele>-2.0</ele>
      </trkpt>
      <trkpt lat="43.603" lon="10.35426">
      </trkpt>
      <trkpt lat="43.60233" lon="10.35869">
      </trkpt>
      <trkpt lat="43.60233" lon="10.35958">
        <ele>1.0</ele>
      </trkpt>
      <trkpt lat="43.60456" lon="10.36776">
        <ele>-2.0</ele>
      </trkpt>
      <trkpt lat="43.60484" lon="10.36857">
        <ele>-1.0</ele>
      </trkpt>
      <trkpt lat="43.60915" lon="10.37786">
        <ele>-3.0</ele>
      </trkpt>
      <trkpt lat="43.61567" lon="10.39698">
        <ele>-2.0</ele>
      </trkpt>
      <trkpt lat="43.62024" lon="10.40977">
      </trkpt>
      <trkpt lat="43.62075" lon="10.41166">
      </trkpt>
      <trkpt lat="43.62105" lon="10.41217">
      </trkpt>
      <trkpt lat="43.6221" lon="10.41315">
      </trkpt>
      <trkpt lat="43.62777" lon="10.42001">
        <ele>-1.0</ele>
      </trkpt>
      <trkpt lat="43.63894" lon="10.43978">
      </trkpt>
      <trkpt lat="43.64329" lon="10.44722">
        <ele>1.0</ele>
      </trkpt>
      <trkpt lat="43.64403" lon="10.44855">
        <ele>2.0</ele>
      </trkpt>
      <trkpt lat="43.64408" lon="10.44884">
        <ele>2.0</ele>
      </trkpt>
      <trkpt lat="43.64388" lon="10.44937">
        <ele>2.0</ele>
      </trkpt>
      <trkpt lat="43.64114" lon="10.45111">
        <ele>-1.0</ele>
      </trkpt>
      <trkpt lat="43.64099" lon="10.4523">
        <ele>-1.0</ele>
      </trkpt>
      <trkpt lat="43.64114" lon="10.45111">
        <ele>-1.0</ele>
      </trkpt>
      <trkpt lat="43.62286" lon="10.46275">
        <ele>4.0</ele>
      </trkpt>
      <trkpt lat="43.61994" lon="10.46423">
        <ele>3.0</ele>
      </trkpt>
      <trkpt lat="43.61904" lon="10.46569">
        <ele>3.0</ele>
      </trkpt>
      <trkpt lat="43.6185" lon="10.46752">
        <ele>3.0</ele>
      </trkpt>
      <trkpt lat="43.61789" lon="10.46893">
        <ele>3.0</ele>
      </trkpt>
      <trkpt lat="43.61757" lon="10.46946">
        <ele>4.0</ele>
      </trkpt>
      <trkpt lat="43.61704" lon="10.46992">
        <ele>4.0</ele>
      </trkpt>
      <trkpt lat="43.61372" lon="10.47118">
        <ele>5.0</ele>
      </trkpt>
      <trkpt lat="43.61137" lon="10.47237">
        <ele>5.0</ele>
      </trkpt>
      <trkpt lat="43.60989" lon="10.47275">
        <ele>5.0</ele>
      </trkpt>
      <trkpt lat="43.6084" lon="10.4736">
        <ele>5.0</ele>
      </trkpt>
      <trkpt lat="43.60228" lon="10.47546">
        <ele>8.0</ele>
      </trkpt>
      <trkpt lat="43.60165" lon="10.47545">
        <ele>9.0</ele>
      </trkpt>
      <trkpt lat="43.60097" lon="10.47518">
        <ele>9.0</ele>
      </trkpt>
      <trkpt lat="43.59914" lon="10.47354">
        <ele>11.0</ele>
      </trkpt>
      <trkpt lat="43.59615" lon="10.47271">
        <ele>15.0</ele>
      </trkpt>
      <trkpt lat="43.59579" lon="10.47227">
        <ele>14.0</ele>
      </trkpt>
      <trkpt lat="43.59531" lon="10.4725">
        <ele>14.0</ele>
      </trkpt>
      <trkpt lat="43.58919" lon="10.47101">
        <ele>13.0</ele>
      </trkpt>
      <trkpt lat="43.58854" lon="10.47071">
        <ele>13.0</ele>
      </trkpt>
      <trkpt lat="43.58595" lon="10.47136">
        <ele>13.0</ele>
      </trkpt>
      <trkpt lat="43.58129" lon="10.47364">
        <ele>15.0</ele>
      </trkpt>
      <trkpt lat="43.58058" lon="10.47359">
        <ele>16.0</ele>
      </trkpt>
      <trkpt lat="43.5801" lon="10.47423">
        <ele>17.0</ele>
      </trkpt>
      <trkpt lat="43.57512" lon="10.47604">
        <ele>21.0</ele>
      </trkpt>
      <trkpt lat="43.57323" lon="10.47591">
        <ele>25.0</ele>
      </trkpt>
      <trkpt lat="43.57043" lon="10.47381">
        <ele>22.0</ele>
      </trkpt>
      <trkpt lat="43.56939" lon="10.47363">
        <ele>21.0</ele>
      </trkpt>
      <trkpt lat="43.56856" lon="10.47401">
        <ele>20.0</ele>
      </trkpt>
      <trkpt lat="43.56663" lon="10.47578">
        <ele>19.0</ele>
      </trkpt>
      <trkpt lat="43.55826" lon="10.47822">
        <ele>23.0</ele>
      </trkpt>
      <trkpt lat="43.55552" lon="10.47817">
        <ele>26.0</ele>
      </trkpt>
      <trkpt lat="43.55414" lon="10.47763">
        <ele>26.0</ele>
      </trkpt>
      <trkpt lat="43.55352" lon="10.47698">
        <ele>26.0</ele>
      </trkpt>
      <trkpt lat="43.55307" lon="10.4769">
        <ele>26.0</ele>
      </trkpt>
      <trkpt lat="43.54959" lon="10.47349">
        <ele>27.0</ele>
      </trkpt>
      <trkpt lat="43.54811" lon="10.47118">
        <ele>30.0</ele>
      </trkpt>
      <trkpt lat="43.54444" lon="10.46679">
        <ele>33.0</ele>
      </trkpt>
      <trkpt lat="43.54311" lon="10.46544">
        <ele>33.0</ele>
      </trkpt>
      <trkpt lat="43.53927" lon="10.46387">
        <ele>36.0</ele>
      </trkpt>
      <trkpt lat="43.53492" lon="10.46237">
        <ele>40.0</ele>
      </trkpt>
      <trkpt lat="43.53303" lon="10.46062">
        <ele>43.0</ele>
      </trkpt>
      <trkpt lat="43.52975" lon="10.45882">
        <ele>47.0</ele>
      </trkpt>
      <trkpt lat="43.5288" lon="10.45848">
        <ele>51.0</ele>
      </trkpt>
      <trkpt lat="43.52851" lon="10.45805">
        <ele>52.0</ele>
      </trkpt>
      <trkpt lat="43.52813" lon="10.45793">
        <ele>53.0</ele>
      </trkpt>
      <trkpt lat="43.52743" lon="10.45734">
        <ele>54.0</ele>
      </trkpt>
      <trkpt lat="43.52693" lon="10.45714">
        <ele>56.0</ele>
      </trkpt>
      <trkpt lat="43.52645" lon="10.45715">
        <ele>57.0</ele>
      </trkpt>
      <trkpt lat="43.52569" lon="10.45743">
        <ele>61.0</ele>
      </trkpt>
      <trkpt lat="43.52406" lon="10.45751">
        <ele>67.0</ele>
      </trkpt>
      <trkpt lat="43.52236" lon="10.45863">
        <ele>66.0</ele>
      </trkpt>
      <trkpt lat="43.52157" lon="10.45898">
        <ele>68.0</ele>
      </trkpt>
      <trkpt lat="43.51946" lon="10.45906">
        <ele>75.0</ele>
      </trkpt>
      <trkpt lat="43.51891" lon="10.45923">
        <ele>79.0</ele>
      </trkpt>
      <trkpt lat="43.51626" lon="10.46082">
        <ele>82.0</ele>
      </trkpt>
      <trkpt lat="43.50682" lon="10.4647">
        <ele>67.0</ele>
      </trkpt>
      <trkpt lat="43.50575" lon="10.46488">
        <ele>72.0</ele>
      </trkpt>
      <trkpt lat="43.5038" lon="10.46488">
        <ele>81.0</ele>
      </trkpt>
      <trkpt lat="43.50171" lon="10.46443">
        <ele>85.0</ele>
      </trkpt>
      <trkpt lat="43.50094" lon="10.4645">
        <ele>85.0</ele>
      </trkpt>
      <trkpt lat="43.49668" lon="10.4672">
        <ele>83.0</ele>
      </trkpt>
      <trkpt lat="43.49612" lon="10.46738">
        <ele>80.0</ele>
      </trkpt>
      <trkpt lat="43.49515" lon="10.46729">
        <ele>74.0</ele>
      </trkpt>
      <trkpt lat="43.49029" lon="10.46497">
        <ele>74.0</ele>
      </trkpt>
      <trkpt lat="43.48889" lon="10.46522">
        <ele>76.0</ele>
      </trkpt>
      <trkpt lat="43.48799" lon="10.46601">
        <ele>76.0</ele>
      </trkpt>
      <trkpt lat="43.48758" lon="10.46619">
        <ele>74.0</ele>
      </trkpt>
      <trkpt lat="43.48308" lon="10.46655">
        <ele>63.0</ele>
      </trkpt>
      <trkpt lat="43.48137" lon="10.46753">
        <ele>63.0</ele>
      </trkpt>
      <trkpt lat="43.48092" lon="10.46751">
        <ele>63.0</ele>
      </trkpt>
      <trkpt lat="43.47992" lon="10.46688">
        <ele>63.0</ele>
      </trkpt>
      <trkpt lat="43.47916" lon="10.46672">
        <ele>63.0</ele>
      </trkpt>
      <trkpt lat="43.47454" lon="10.46818">
        <ele>57.0</ele>
      </trkpt>
      <trkpt lat="43.47249" lon="10.46855">
        <ele>55.0</ele>
      </trkpt>
      <trkpt lat="43.46978" lon="10.46809">
        <ele>56.0</ele>
      </trkpt>
      <trkpt lat="43.46796" lon="10.46896">
        <ele>60.0</ele>
      </trkpt>
      <trkpt lat="43.46747" lon="10.4687">
        <ele>62.0</ele>
      </trkpt>
      <trkpt lat="43.46688" lon="10.46765">
        <ele>65.0</ele>
      </trkpt>
      <trkpt lat="43.46649" lon="10.46724">
        <ele>68.0</ele>
      </trkpt>
      <trkpt lat="43.46468" lon="10.46646">
        <ele>62.0</ele>
      </trkpt>
      <trkpt lat="43.46426" lon="10.46652">
        <ele>60.0</ele>
      </trkpt>
      <trkpt lat="43.46213" lon="10.46868">
        <ele>54.0</ele>
      </trkpt>
      <trkpt lat="43.45925" lon="10.47033">
        <ele>50.0</ele>
      </trkpt>
      <trkpt lat="43.45728" lon="10.47098">
        <ele>48.0</ele>
      </trkpt>
      <trkpt lat="43.45549" lon="10.47267">
        <ele>47.0</ele>
      </trkpt>
      <trkpt lat="43.45521" lon="10.47342">
        <ele>46.0</ele>
      </trkpt>
      <trkpt lat="43.45523" lon="10.47529">
        <ele>44.0</ele>
      </trkpt>
      <trkpt lat="43.45495" lon="10.47569">
        <ele>43.0</ele>
      </trkpt>
      <trkpt lat="43.45255" lon="10.47595">
        <ele>42.0</ele>
      </trkpt>
      <trkpt lat="43.45069" lon="10.47662">
        <ele>43.0</ele>
      </trkpt>
      <trkpt lat="43.4487" lon="10.47776">
        <ele>41.0</ele>
      </trkpt>
      <trkpt lat="43.44748" lon="10.4778">
        <ele>40.0</ele>
      </trkpt>
      <trkpt lat="43.44415" lon="10.4791">
        <ele>39.0</ele>
      </trkpt>
      <trkpt lat="43.44349" lon="10.47953">
        <ele>39.0</ele>
      </trkpt>
      <trkpt lat="43.44228" lon="10.48141">
        <ele>39.0</ele>
      </trkpt>
      <trkpt lat="43.44111" lon="10.4822">
        <ele>39.0</ele>
      </trkpt>
      <trkpt lat="43.43617" lon="10.48396">
        <ele>33.0</ele>
      </trkpt>
      <trkpt lat="43.43551" lon="10.48404">
        <ele>31.0</ele>
      </trkpt>
      <trkpt lat="43.43424" lon="10.48375">
        <ele>30.0</ele>
      </trkpt>
      <trkpt lat="43.42834" lon="10.48177">
        <ele>29.0</ele>
      </trkpt>
      <trkpt lat="43.42355" lon="10.48145">
        <ele>32.0</ele>
      </trkpt>
      <trkpt lat="43.42041" lon="10.48223">
        <ele>31.0</ele>
      </trkpt>
      <trkpt lat="43.41806" lon="10.48201">
        <ele>31.0</ele>
      </trkpt>
      <trkpt lat="43.41369" lon="10.48578">
        <ele>29.0</ele>
      </trkpt>
      <trkpt lat="43.41166" lon="10.48916">
        <ele>29.0</ele>
      </trkpt>
      <trkpt lat="43.40819" lon="10.49127">
        <ele>33.0</ele>
      </trkpt>
      <trkpt lat="43.40728" lon="10.49124">
        <ele>30.0</ele>
      </trkpt>
      <trkpt lat="43.40474" lon="10.49019">
        <ele>27.0</ele>
      </trkpt>
      <trkpt lat="43.40391" lon="10.49018">
        <ele>27.0</ele>
      </trkpt>
      <trkpt lat="43.40289" lon="10.4905">
        <ele>24.0</ele>
      </trkpt>
      <trkpt lat="43.39993" lon="10.49491">
        <ele>19.0</ele>
      </trkpt>
      <trkpt lat="43.3993" lon="10.49563">
        <ele>19.0</ele>
      </trkpt>
      <trkpt lat="43.39828" lon="10.49611">
        <ele>19.0</ele>
      </trkpt>
      <trkpt lat="43.39624" lon="10.49603">
        <ele>20.0</ele>
      </trkpt>
      <trkpt lat="43.39598" lon="10.49622">
        <ele>22.0</ele>
      </trkpt>
      <trkpt lat="43.39571" lon="10.49677">
        <ele>24.0</ele>
      </trkpt>
      <trkpt lat="43.3956" lon="10.49813">
        <ele>29.0</ele>
      </trkpt>
      <trkpt lat="43.39547" lon="10.49849">
        <ele>31.0</ele>
      </trkpt>
      <trkpt lat="43.39379" lon="10.50061">
        <ele>36.0</ele>
      </trkpt>
      <trkpt lat="43.39334" lon="10.50075">
        <ele>37.0</ele>
      </trkpt>
      <trkpt lat="43.39129" lon="10.50051">
        <ele>35.0</ele>
      </trkpt>
      <trkpt lat="43.39026" lon="10.49964">
        <ele>32.0</ele>
      </trkpt>
      <trkpt lat="43.38981" lon="10.49947">
        <ele>30.0</ele>
      </trkpt>
      <trkpt lat="43.38549" lon="10.4998">
        <ele>37.0</ele>
      </trkpt>
      <trkpt lat="43.38509" lon="10.49944">
        <ele>42.0</ele>
      </trkpt>
      <trkpt lat="43.38494" lon="10.49819">
        <ele>47.0</ele>
      </trkpt>
      <trkpt lat="43.38465" lon="10.49765">
        <ele>51.0</ele>
      </trkpt>
      <trkpt lat="43.38312" lon="10.49746">
        <ele>59.0</ele>
      </trkpt>
      <trkpt lat="43.38221" lon="10.49797">
        <ele>62.0</ele>
      </trkpt>
      <trkpt lat="43.37915" lon="10.50138">
        <ele>58.0</ele>
      </trkpt>
      <trkpt lat="43.37788" lon="10.50246">
        <ele>55.0</ele>
      </trkpt>
      <trkpt lat="43.37718" lon="10.50273">
        <ele>54.0</ele>
      </trkpt>
      <trkpt lat="43.37452" lon="10.50298">
        <ele>50.0</ele>
      </trkpt>
      <trkpt lat="43.37319" lon="10.50409">
        <ele>47.0</ele>
      </trkpt>
      <trkpt lat="43.37281" lon="10.50419">
        <ele>45.0</ele>
      </trkpt>
      <trkpt lat="43.37256" lon="10.50467">
        <ele>45.0</ele>
      </trkpt>
      <trkpt lat="43.37183" lon="10.50531">
        <ele>46.0</ele>
      </trkpt>
      <trkpt lat="43.36843" lon="10.50642">
        <ele>51.0</ele>
      </trkpt>
      <trkpt lat="43.36677" lon="10.50718">
        <ele>52.0</ele>
      </trkpt>
      <trkpt lat="43.36618" lon="10.50706">
        <ele>52.0</ele>
      </trkpt>
      <trkpt lat="43.36597" lon="10.50741">
        <ele>52.0</ele>
      </trkpt>
      <trkpt lat="43.36484" lon="10.50788">
        <ele>52.0</ele>
      </trkpt>
      <trkpt lat="43.36242" lon="10.5098">
        <ele>50.0</ele>
      </trkpt>
      <trkpt lat="43.36124" lon="10.51029">
        <ele>49.0</ele>
      </trkpt>
      <trkpt lat="43.36054" lon="10.51035">
        <ele>48.0</ele>
      </trkpt>
      <trkpt lat="43.36004" lon="10.5102">
        <ele>48.0</ele>
      </trkpt>
      <trkpt lat="43.35684" lon="10.50765">
        <ele>43.0</ele>
      </trkpt>
      <trkpt lat="43.3548" lon="10.50712">
        <ele>38.0</ele>
      </trkpt>
      <trkpt lat="43.35471" lon="10.50691">
        <ele>37.0</ele>
      </trkpt>
      <trkpt lat="43.35455" lon="10.50703">
        <ele>36.0</ele>
      </trkpt>
      <trkpt lat="43.34967" lon="10.50428">
        <ele>32.0</ele>
      </trkpt>
      <trkpt lat="43.34823" lon="10.50381">
        <ele>29.0</ele>
      </trkpt>
      <trkpt lat="43.34811" lon="10.50362">
        <ele>28.0</ele>
      </trkpt>
      <trkpt lat="43.34781" lon="10.50382">
        <ele>27.0</ele>
      </trkpt>
      <trkpt lat="43.34083" lon="10.50498">
        <ele>21.0</ele>
      </trkpt>
      <trkpt lat="43.3402" lon="10.50521">
        <ele>20.0</ele>
      </trkpt>
      <trkpt lat="43.34008" lon="10.50509">
        <ele>19.0</ele>
      </trkpt>
      <trkpt lat="43.33997" lon="10.50522">
        <ele>19.0</ele>
      </trkpt>
      <trkpt lat="43.32847" lon="10.5069">
        <ele>9.0</ele>
      </trkpt>
      <trkpt lat="43.32812" lon="10.50928">
        <ele>8.0</ele>
      </trkpt>
      <trkpt lat="43.32821" lon="10.50985">
        <ele>8.0</ele>
      </trkpt>
      <trkpt lat="43.33177" lon="10.51587">
        <ele>7.0</ele>
      </trkpt>
      <trkpt lat="43.33188" lon="10.51624">
        <ele>7.0</ele>
      </trkpt>
      <trkpt lat="43.33163" lon="10.519">
        <ele>8.0</ele>
      </trkpt>
      <trkpt lat="43.33136" lon="10.51928">
        <ele>9.0</ele>
      </trkpt>
      <trkpt lat="43.33154" lon="10.51968">
        <ele>9.0</ele>
      </trkpt>
      <trkpt lat="43.33127" lon="10.52266">
        <ele>9.0</ele>
      </trkpt>
      <trkpt lat="43.33137" lon="10.5236">
        <ele>9.0</ele>
      </trkpt>
      <trkpt lat="43.33123" lon="10.52404">
        <ele>9.0</ele>
      </trkpt>
      <trkpt lat="43.33168" lon="10.52461">
        <ele>10.0</ele>
      </trkpt>
      <trkpt lat="43.33253" lon="10.52794">
        <ele>15.0</ele>
      </trkpt>
      <trkpt lat="43.33368" lon="10.53069">
        <ele>14.0</ele>
      </trkpt>
      <trkpt lat="43.33337" lon="10.5351">
        <ele>15.0</ele>
      </trkpt>
      <trkpt lat="43.3333" lon="10.53787">
        <ele>16.0</ele>
      </trkpt>
      <trkpt lat="43.33361" lon="10.54153">
        <ele>12.0</ele>
      </trkpt>
      <trkpt lat="43.33326" lon="10.54427">
        <ele>12.0</ele>
      </trkpt>
      <trkpt lat="43.33359" lon="10.54754">
        <ele>14.0</ele>
      </trkpt>
      <trkpt lat="43.33392" lon="10.54822">
        <ele>14.0</ele>
      </trkpt>
      <trkpt lat="43.33454" lon="10.54894">
        <ele>14.0</ele>
      </trkpt>
      <trkpt lat="43.33605" lon="10.54979">
        <ele>14.0</ele>
      </trkpt>
      <trkpt lat="43.33877" lon="10.55186">
        <ele>12.0</ele>
      </trkpt>
      <trkpt lat="43.33987" lon="10.55421">
        <ele>13.0</ele>
      </trkpt>
      <trkpt lat="43.34007" lon="10.55601">
        <ele>17.0</ele>
      </trkpt>
      <trkpt lat="43.34063" lon="10.55724">
        <ele>18.0</ele>
      </trkpt>
      <trkpt lat="43.34229" lon="10.55942">
        <ele>19.0</ele>
      </trkpt>
      <trkpt lat="43.34583" lon="10.56292">
        <ele>14.0</ele>
      </trkpt>
      <trkpt lat="43.34596" lon="10.56326">
        <ele>14.0</ele>
      </trkpt>
      <trkpt lat="43.34634" lon="10.56649">
        <ele>15.0</ele>
      </trkpt>
      <trkpt lat="43.34703" lon="10.56905">
        <ele>17.0</ele>
      </trkpt>
      <trkpt lat="43.34675" lon="10.57229">
        <ele>19.0</ele>
      </trkpt>
      <trkpt lat="43.34658" lon="10.57286">
        <ele>19.0</ele>
      </trkpt>
      <trkpt lat="43.34231" lon="10.57893">
        <ele>23.0</ele>
      </trkpt>
      <trkpt lat="43.34323" lon="10.58164">
        <ele>28.0</ele>
      </trkpt>
      <trkpt lat="43.34312" lon="10.58303">
        <ele>25.0</ele>
      </trkpt>
      <trkpt lat="43.34287" lon="10.58367">
        <ele>23.0</ele>
      </trkpt>
      <trkpt lat="43.34159" lon="10.58571">
        <ele>23.0</ele>
      </trkpt>
      <trkpt lat="43.34108" lon="10.58678">
        <ele>22.0</ele>
      </trkpt>
      <trkpt lat="43.34024" lon="10.59107">
        <ele>23.0</ele>
      </trkpt>
      <trkpt lat="43.3402" lon="10.59241">
        <ele>26.0</ele>
      </trkpt>
      <trkpt lat="43.34065" lon="10.59446">
        <ele>30.0</ele>
      </trkpt>
      <trkpt lat="43.34225" lon="10.59882">
        <ele>29.0</ele>
      </trkpt>
      <trkpt lat="43.34297" lon="10.59974">
        <ele>27.0</ele>
      </trkpt>
      <trkpt lat="43.34487" lon="10.6012">
        <ele>24.0</ele>
      </trkpt>
      <trkpt lat="43.34535" lon="10.60179">
        <ele>23.0</ele>
      </trkpt>
      <trkpt lat="43.34587" lon="10.60308">
        <ele>23.0</ele>
      </trkpt>
      <trkpt lat="43.34705" lon="10.60693">
        <ele>26.0</ele>
      </trkpt>
      <trkpt lat="43.34735" lon="10.61067">
        <ele>27.0</ele>
      </trkpt>
      <trkpt lat="43.3471" lon="10.61225">
        <ele>29.0</ele>
      </trkpt>
      <trkpt lat="43.34565" lon="10.6175">
        <ele>29.0</ele>
      </trkpt>
      <trkpt lat="43.34563" lon="10.61832">
        <ele>29.0</ele>
      </trkpt>
      <trkpt lat="43.34595" lon="10.6208">
        <ele>29.0</ele>
      </trkpt>
      <trkpt lat="43.34638" lon="10.62176">
        <ele>29.0</ele>
      </trkpt>
      <trkpt lat="43.34855" lon="10.62453">
        <ele>33.0</ele>
      </trkpt>
      <trkpt lat="43.34926" lon="10.6253">
        <ele>34.0</ele>
      </trkpt>
      <trkpt lat="43.3502" lon="10.62599">
        <ele>35.0</ele>
      </trkpt>
      <trkpt lat="43.35036" lon="10.62627">
        <ele>35.0</ele>
      </trkpt>
      <trkpt lat="43.3491" lon="10.62909">
        <ele>33.0</ele>
      </trkpt>
      <trkpt lat="43.3447" lon="10.63656">
        <ele>33.0</ele>
      </trkpt>
      <trkpt lat="43.34351" lon="10.63913">
        <ele>34.0</ele>
      </trkpt>
      <trkpt lat="43.34029" lon="10.64326">
        <ele>31.0</ele>
      </trkpt>
      <trkpt lat="43.33988" lon="10.64433">
        <ele>31.0</ele>
      </trkpt>
      <trkpt lat="43.33876" lon="10.64879">
        <ele>32.0</ele>
      </trkpt>
      <trkpt lat="43.3382" lon="10.65008">
        <ele>32.0</ele>
      </trkpt>
      <trkpt lat="43.33661" lon="10.65243">
        <ele>32.0</ele>
      </trkpt>
      <trkpt lat="43.3363" lon="10.65265">
        <ele>32.0</ele>
      </trkpt>
      <trkpt lat="43.33624" lon="10.65298">
        <ele>32.0</ele>
      </trkpt>
      <trkpt lat="43.33196" lon="10.66059">
        <ele>36.0</ele>
      </trkpt>
      <trkpt lat="43.33091" lon="10.66162">
        <ele>37.0</ele>
      </trkpt>
      <trkpt lat="43.32913" lon="10.66257">
        <ele>35.0</ele>
      </trkpt>
      <trkpt lat="43.32874" lon="10.66302">
        <ele>35.0</ele>
      </trkpt>
      <trkpt lat="43.32854" lon="10.66354">
        <ele>35.0</ele>
      </trkpt>
      <trkpt lat="43.3285" lon="10.66519">
        <ele>35.0</ele>
      </trkpt>
      <trkpt lat="43.32916" lon="10.66986">
        <ele>34.0</ele>
      </trkpt>
      <trkpt lat="43.32902" lon="10.67044">
        <ele>34.0</ele>
      </trkpt>
      <trkpt lat="43.32932" lon="10.67088">
        <ele>35.0</ele>
      </trkpt>
      <trkpt lat="43.32966" lon="10.67333">
        <ele>36.0</ele>
      </trkpt>
      <trkpt lat="43.32982" lon="10.6768">
        <ele>38.0</ele>
      </trkpt>
      <trkpt lat="43.32952" lon="10.68072">
        <ele>40.0</ele>
      </trkpt>
      <trkpt lat="43.32848" lon="10.68554">
        <ele>42.0</ele>
      </trkpt>
      <trkpt lat="43.32836" lon="10.68721">
        <ele>44.0</ele>
      </trkpt>
      <trkpt lat="43.32857" lon="10.68836">
        <ele>44.0</ele>
      </trkpt>
      <trkpt lat="43.32996" lon="10.69225">
        <ele>44.0</ele>
      </trkpt>
      <trkpt lat="43.33032" lon="10.6946">
        <ele>47.0</ele>
      </trkpt>
      <trkpt lat="43.33011" lon="10.69673">
        <ele>45.0</ele>
      </trkpt>
      <trkpt lat="43.32923" lon="10.69969">
        <ele>46.0</ele>
      </trkpt>
      <trkpt lat="43.32915" lon="10.70119">
        <ele>48.0</ele>
      </trkpt>
      <trkpt lat="43.32979" lon="10.70424">
        <ele>51.0</ele>
      </trkpt>
      <trkpt lat="43.32988" lon="10.70718">
        <ele>52.0</ele>
      </trkpt>
      <trkpt lat="43.33039" lon="10.70945">
        <ele>54.0</ele>
      </trkpt>
      <trkpt lat="43.33067" lon="10.71019">
        <ele>53.0</ele>
      </trkpt>
      <trkpt lat="43.3322" lon="10.71275">
        <ele>47.0</ele>
      </trkpt>
      <trkpt lat="43.33241" lon="10.7134">
        <ele>46.0</ele>
      </trkpt>
      <trkpt lat="43.33287" lon="10.71907">
        <ele>51.0</ele>
      </trkpt>
      <trkpt lat="43.33394" lon="10.72389">
        <ele>54.0</ele>
      </trkpt>
      <trkpt lat="43.33452" lon="10.72499">
        <ele>57.0</ele>
      </trkpt>
      <trkpt lat="43.33465" lon="10.72548">
        <ele>57.0</ele>
      </trkpt>
      <trkpt lat="43.3352" lon="10.72983">
        <ele>57.0</ele>
      </trkpt>
      <trkpt lat="43.33504" lon="10.73255">
        <ele>57.0</ele>
      </trkpt>
      <trkpt lat="43.33635" lon="10.73573">
        <ele>57.0</ele>
      </trkpt>
      <trkpt lat="43.33638" lon="10.73822">
        <ele>57.0</ele>
      </trkpt>
      <trkpt lat="43.33538" lon="10.74297">
        <ele>56.0</ele>
      </trkpt>
      <trkpt lat="43.33626" lon="10.7463">
        <ele>58.0</ele>
      </trkpt>
      <trkpt lat="43.33734" lon="10.74769">
        <ele>58.0</ele>
      </trkpt>
      <trkpt lat="43.33914" lon="10.74785">
        <ele>58.0</ele>
      </trkpt>
      <trkpt lat="43.34049" lon="10.74844">
        <ele>57.0</ele>
      </trkpt>
      <trkpt lat="43.34127" lon="10.74905">
        <ele>57.0</ele>
      </trkpt>
      <trkpt lat="43.34449" lon="10.7536">
        <ele>57.0</ele>
      </trkpt>
      <trkpt lat="43.34475" lon="10.75428">
        <ele>57.0</ele>
      </trkpt>
      <trkpt lat="43.345" lon="10.75555">
        <ele>57.0</ele>
      </trkpt>
      <trkpt lat="43.34619" lon="10.75729">
        <ele>58.0</ele>
      </trkpt>
      <trkpt lat="43.34732" lon="10.75948">
        <ele>59.0</ele>
      </trkpt>
      <trkpt lat="43.34795" lon="10.76291">
        <ele>61.0</ele>
      </trkpt>
      <trkpt lat="43.34861" lon="10.76491">
        <ele>64.0</ele>
      </trkpt>
      <trkpt lat="43.34949" lon="10.7665">
        <ele>60.0</ele>
      </trkpt>
      <trkpt lat="43.34949" lon="10.76746">
        <ele>58.0</ele>
      </trkpt>
      <trkpt lat="43.3497" lon="10.76844">
        <ele>57.0</ele>
      </trkpt>
      <trkpt lat="43.3507" lon="10.77048">
        <ele>55.0</ele>
      </trkpt>
      <trkpt lat="43.35254" lon="10.7737">
        <ele>55.0</ele>
      </trkpt>
      <trkpt lat="43.35282" lon="10.77533">
        <ele>55.0</ele>
      </trkpt>
      <trkpt lat="43.35312" lon="10.77566">
        <ele>55.0</ele>
      </trkpt>
      <trkpt lat="43.35378" lon="10.77599">
        <ele>56.0</ele>
      </trkpt>
      <trkpt lat="43.35426" lon="10.77675">
        <ele>56.0</ele>
      </trkpt>
      <trkpt lat="43.35567" lon="10.78232">
        <ele>58.0</ele>
      </trkpt>
      <trkpt lat="43.3557" lon="10.78304">
        <ele>58.0</ele>
      </trkpt>
      <trkpt lat="43.35558" lon="10.7838">
        <ele>58.0</ele>
      </trkpt>
      <trkpt lat="43.35496" lon="10.78495">
        <ele>58.0</ele>
      </trkpt>
      <trkpt lat="43.35139" lon="10.78877">
        <ele>60.0</ele>
      </trkpt>
      <trkpt lat="43.35096" lon="10.78961">
        <ele>62.0</ele>
      </trkpt>
      <trkpt lat="43.3501" lon="10.79213">
        <ele>63.0</ele>
      </trkpt>
      <trkpt lat="43.34954" lon="10.79332">
        <ele>64.0</ele>
      </trkpt>
      <trkpt lat="43.3488" lon="10.79405">
        <ele>65.0</ele>
      </trkpt>
      <trkpt lat="43.34857" lon="10.79462">
        <ele>65.0</ele>
      </trkpt>
      <trkpt lat="43.34834" lon="10.7953">
        <ele>65.0</ele>
      </trkpt>
      <trkpt lat="43.34808" lon="10.79742">
        <ele>67.0</ele>
      </trkpt>
      <trkpt lat="43.34779" lon="10.79844">
        <ele>69.0</ele>
      </trkpt>
      <trkpt lat="43.34715" lon="10.79989">
        <ele>69.0</ele>
      </trkpt>
      <trkpt lat="43.34687" lon="10.80125">
        <ele>69.0</ele>
      </trkpt>
      <trkpt lat="43.34485" lon="10.80504">
        <ele>67.0</ele>
      </trkpt>
      <trkpt lat="43.34478" lon="10.808">
        <ele>68.0</ele>
      </trkpt>
      <trkpt lat="43.3449" lon="10.80848">
        <ele>68.0</ele>
      </trkpt>
      <trkpt lat="43.34543" lon="10.80948">
        <ele>69.0</ele>
      </trkpt>
      <trkpt lat="43.34553" lon="10.81012">
        <ele>70.0</ele>
      </trkpt>
      <trkpt lat="43.34563" lon="10.81179">
        <ele>71.0</ele>
      </trkpt>
      <trkpt lat="43.34551" lon="10.81284">
        <ele>71.0</ele>
      </trkpt>
      <trkpt lat="43.34425" lon="10.81555">
        <ele>71.0</ele>
      </trkpt>
      <trkpt lat="43.34408" lon="10.81686">
        <ele>76.0</ele>
      </trkpt>
      <trkpt lat="43.34372" lon="10.81784">
        <ele>82.0</ele>
      </trkpt>
      <trkpt lat="43.34334" lon="10.81831">
        <ele>88.0</ele>
      </trkpt>
      <trkpt lat="43.341" lon="10.82242">
        <ele>107.0</ele>
      </trkpt>
      <trkpt lat="43.34055" lon="10.82219">
        <ele>108.0</ele>
      </trkpt>
      <trkpt lat="43.34023" lon="10.82231">
        <ele>108.0</ele>
      </trkpt>
      <trkpt lat="43.33922" lon="10.82351">
        <ele>107.0</ele>
      </trkpt>
      <trkpt lat="43.33842" lon="10.82391">
        <ele>109.0</ele>
      </trkpt>
      <trkpt lat="43.33626" lon="10.82901">
        <ele>115.0</ele>
      </trkpt>
      <trkpt lat="43.33415" lon="10.82723">
        <ele>127.0</ele>
      </trkpt>
      <trkpt lat="43.33178" lon="10.82486">
        <ele>158.0</ele>
      </trkpt>
      <trkpt lat="43.33123" lon="10.82498">
        <ele>161.0</ele>
      </trkpt>
      <trkpt lat="43.33048" lon="10.82539">
        <ele>164.0</ele>
      </trkpt>
      <trkpt lat="43.32763" lon="10.82619">
        <ele>177.0</ele>
      </trkpt>
      <trkpt lat="43.32754" lon="10.82659">
        <ele>183.0</ele>
      </trkpt>
      <trkpt lat="43.32786" lon="10.82754">
        <ele>190.0</ele>
      </trkpt>
      <trkpt lat="43.32767" lon="10.82807">
        <ele>195.0</ele>
      </trkpt>
      <trkpt lat="43.32766" lon="10.82921">
        <ele>203.0</ele>
      </trkpt>
      <trkpt lat="43.32704" lon="10.82985">
        <ele>207.0</ele>
      </trkpt>
      <trkpt lat="43.32629" lon="10.83018">
        <ele>211.0</ele>
      </trkpt>
      <trkpt lat="43.32536" lon="10.83141">
        <ele>218.0</ele>
      </trkpt>
      <trkpt lat="43.32469" lon="10.83396">
        <ele>227.0</ele>
      </trkpt>
      <trkpt lat="43.3248" lon="10.83497">
        <ele>231.0</ele>
      </trkpt>
      <trkpt lat="43.32438" lon="10.83592">
        <ele>234.0</ele>
      </trkpt>
      <trkpt lat="43.32403" lon="10.83772">
        <ele>241.0</ele>
      </trkpt>
      <trkpt lat="43.32352" lon="10.83811">
        <ele>241.0</ele>
      </trkpt>
      <trkpt lat="43.32299" lon="10.83952">
        <ele>242.0</ele>
      </trkpt>
      <trkpt lat="43.32144" lon="10.84164">
        <ele>246.0</ele>
      </trkpt>
      <trkpt lat="43.32117" lon="10.8424">
        <ele>249.0</ele>
      </trkpt>
      <trkpt lat="43.32071" lon="10.84292">
        <ele>250.0</ele>
      </trkpt>
      <trkpt lat="43.31987" lon="10.8443">
        <ele>255.0</ele>
      </trkpt>
      <trkpt lat="43.31694" lon="10.8471">
        <ele>256.0</ele>
      </trkpt>
      <trkpt lat="43.3161" lon="10.84751">
        <ele>257.0</ele>
      </trkpt>
      <trkpt lat="43.31544" lon="10.84764">
        <ele>259.0</ele>
      </trkpt>
      <trkpt lat="43.315" lon="10.84796">
        <ele>260.0</ele>
      </trkpt>
      <trkpt lat="43.31444" lon="10.84776">
        <ele>261.0</ele>
      </trkpt>
      <trkpt lat="43.31343" lon="10.84814">
        <ele>263.0</ele>
      </trkpt>
      <trkpt lat="43.31291" lon="10.8478">
        <ele>265.0</ele>
      </trkpt>
      <trkpt lat="43.31217" lon="10.84799">
        <ele>268.0</ele>
      </trkpt>
      <trkpt lat="43.31151" lon="10.84732">
        <ele>271.0</ele>
      </trkpt>
      <trkpt lat="43.31115" lon="10.84738">
        <ele>273.0</ele>
      </trkpt>
      <trkpt lat="43.30966" lon="10.8488">
        <ele>277.0</ele>
      </trkpt>
      <trkpt lat="43.30911" lon="10.85004">
        <ele>276.0</ele>
      </trkpt>
      <trkpt lat="43.30882" lon="10.85042">
        <ele>276.0</ele>
      </trkpt>
      <trkpt lat="43.30676" lon="10.85198">
        <ele>273.0</ele>
      </trkpt>
      <trkpt lat="43.30495" lon="10.85287">
        <ele>277.0</ele>
      </trkpt>
      <trkpt lat="43.30422" lon="10.85346">
        <ele>279.0</ele>
      </trkpt>
      <trkpt lat="43.30263" lon="10.85585">
        <ele>277.0</ele>
      </trkpt>
      <trkpt lat="43.30189" lon="10.85592">
        <ele>276.0</ele>
      </trkpt>
      <trkpt lat="43.30118" lon="10.85575">
        <ele>282.0</ele>
      </trkpt>
      <trkpt lat="43.30039" lon="10.85636">
        <ele>290.0</ele>
      </trkpt>
      <trkpt lat="43.30018" lon="10.85687">
        <ele>295.0</ele>
      </trkpt>
      <trkpt lat="43.30019" lon="10.85795">
        <ele>302.0</ele>
      </trkpt>
      <trkpt lat="43.29989" lon="10.85888">
        <ele>308.0</ele>
      </trkpt>
      <trkpt lat="43.3" lon="10.85998">
        <ele>312.0</ele>
      </trkpt>
      <trkpt lat="43.30036" lon="10.86126">
        <ele>319.0</ele>
      </trkpt>
      <trkpt lat="43.29998" lon="10.86279">
        <ele>324.0</ele>
      </trkpt>
      <trkpt lat="43.29999" lon="10.86337">
        <ele>327.0</ele>
      </trkpt>
      <trkpt lat="43.30076" lon="10.86543">
        <ele>336.0</ele>
      </trkpt>
      <trkpt lat="43.30061" lon="10.86771">
        <ele>342.0</ele>
      </trkpt>
      <trkpt lat="43.30028" lon="10.86885">
        <ele>347.0</ele>
      </trkpt>
      <trkpt lat="43.29889" lon="10.8712">
        <ele>359.0</ele>
      </trkpt>
      <trkpt lat="43.29859" lon="10.8714">
        <ele>361.0</ele>
      </trkpt>
      <trkpt lat="43.29848" lon="10.87177">
        <ele>362.0</ele>
      </trkpt>
      <trkpt lat="43.29777" lon="10.87267">
        <ele>361.0</ele>
      </trkpt>
      <trkpt lat="43.29712" lon="10.87326">
        <ele>358.0</ele>
      </trkpt>
      <trkpt lat="43.29615" lon="10.87374">
        <ele>353.0</ele>
      </trkpt>
      <trkpt lat="43.29363" lon="10.87434">
        <ele>339.0</ele>
      </trkpt>
      <trkpt lat="43.29183" lon="10.87566">
        <ele>331.0</ele>
      </trkpt>
      <trkpt lat="43.29069" lon="10.87613">
        <ele>325.0</ele>
      </trkpt>
      <trkpt lat="43.29033" lon="10.87651">
        <ele>322.0</ele>
      </trkpt>
      <trkpt lat="43.28878" lon="10.87922">
        <ele>315.0</ele>
      </trkpt>
      <trkpt lat="43.2885" lon="10.87994">
        <ele>313.0</ele>
      </trkpt>
      <trkpt lat="43.28847" lon="10.88109">
        <ele>311.0</ele>
      </trkpt>
      <trkpt lat="43.28883" lon="10.8825">
        <ele>313.0</ele>
      </trkpt>
      <trkpt lat="43.2887" lon="10.88342">
        <ele>317.0</ele>
      </trkpt>
      <trkpt lat="43.28779" lon="10.8843">
        <ele>323.0</ele>
      </trkpt>
      <trkpt lat="43.28739" lon="10.88494">
        <ele>325.0</ele>
      </trkpt>
      <trkpt lat="43.28648" lon="10.88574">
        <ele>327.0</ele>
      </trkpt>
      <trkpt lat="43.28592" lon="10.88672">
        <ele>326.0</ele>
      </trkpt>
      <trkpt lat="43.28591" lon="10.88761">
        <ele>326.0</ele>
      </trkpt>
      <trkpt lat="43.28637" lon="10.88857">
        <ele>323.0</ele>
      </trkpt>
      <trkpt lat="43.28645" lon="10.889">
        <ele>322.0</ele>
      </trkpt>
      <trkpt lat="43.28637" lon="10.88962">
        <ele>321.0</ele>
      </trkpt>
      <trkpt lat="43.28609" lon="10.89014">
        <ele>319.0</ele>
      </trkpt>
      <trkpt lat="43.28442" lon="10.89091">
        <ele>315.0</ele>
      </trkpt>
      <trkpt lat="43.28291" lon="10.89085">
        <ele>309.0</ele>
      </trkpt>
      <trkpt lat="43.2816" lon="10.89131">
        <ele>304.0</ele>
      </trkpt>
      <trkpt lat="43.28054" lon="10.89255">
        <ele>293.0</ele>
      </trkpt>
      <trkpt lat="43.27961" lon="10.89284">
        <ele>289.0</ele>
      </trkpt>
      <trkpt lat="43.27869" lon="10.89344">
        <ele>284.0</ele>
      </trkpt>
      <trkpt lat="43.27637" lon="10.89422">
        <ele>281.0</ele>
      </trkpt>
      <trkpt lat="43.27574" lon="10.89411">
        <ele>280.0</ele>
      </trkpt>
      <trkpt lat="43.27416" lon="10.89345">
        <ele>277.0</ele>
      </trkpt>
      <trkpt lat="43.27195" lon="10.89433">
        <ele>276.0</ele>
      </trkpt>
      <trkpt lat="43.27086" lon="10.8941">
        <ele>279.0</ele>
      </trkpt>
      <trkpt lat="43.27027" lon="10.89382">
        <ele>282.0</ele>
      </trkpt>
      <trkpt lat="43.26877" lon="10.89238">
        <ele>288.0</ele>
      </trkpt>
      <trkpt lat="43.26904" lon="10.89182">
        <ele>291.0</ele>
      </trkpt>
      <trkpt lat="43.26933" lon="10.8902">
        <ele>295.0</ele>
      </trkpt>
      <trkpt lat="43.26915" lon="10.88884">
        <ele>301.0</ele>
      </trkpt>
      <trkpt lat="43.26925" lon="10.88822">
        <ele>306.0</ele>
      </trkpt>
      <trkpt lat="43.26915" lon="10.88738">
        <ele>309.0</ele>
      </trkpt>
      <trkpt lat="43.26935" lon="10.88642">
        <ele>315.0</ele>
      </trkpt>
      <trkpt lat="43.26873" lon="10.88568">
        <ele>321.0</ele>
      </trkpt>
      <trkpt lat="43.26863" lon="10.88472">
        <ele>324.0</ele>
      </trkpt>
      <trkpt lat="43.26795" lon="10.88388">
        <ele>327.0</ele>
      </trkpt>
      <trkpt lat="43.26726" lon="10.88352">
        <ele>330.0</ele>
      </trkpt>
      <trkpt lat="43.26752" lon="10.88191">
        <ele>334.0</ele>
      </trkpt>
      <trkpt lat="43.268" lon="10.8811">
        <ele>337.0</ele>
      </trkpt>
      <trkpt lat="43.26831" lon="10.87971">
        <ele>340.0</ele>
      </trkpt>
      <trkpt lat="43.2675" lon="10.87824">
        <ele>344.0</ele>
      </trkpt>
      <trkpt lat="43.26696" lon="10.87778">
        <ele>347.0</ele>
      </trkpt>
      <trkpt lat="43.26669" lon="10.87779">
        <ele>349.0</ele>
      </trkpt>
      <trkpt lat="43.26602" lon="10.87824">
        <ele>352.0</ele>
      </trkpt>
      <trkpt lat="43.26511" lon="10.87807">
        <ele>355.0</ele>
      </trkpt>
      <trkpt lat="43.26441" lon="10.87831">
        <ele>357.0</ele>
      </trkpt>
      <trkpt lat="43.26405" lon="10.87918">
        <ele>360.0</ele>
      </trkpt>
      <trkpt lat="43.26344" lon="10.87978">
        <ele>363.0</ele>
      </trkpt>
      <trkpt lat="43.26309" lon="10.88041">
        <ele>366.0</ele>
      </trkpt>
      <trkpt lat="43.26237" lon="10.88068">
        <ele>370.0</ele>
      </trkpt>
      <trkpt lat="43.26115" lon="10.88223">
        <ele>375.0</ele>
      </trkpt>
      <trkpt lat="43.26074" lon="10.88245">
        <ele>376.0</ele>
      </trkpt>
      <trkpt lat="43.26041" lon="10.88233">
        <ele>377.0</ele>
      </trkpt>
      <trkpt lat="43.2602" lon="10.88206">
        <ele>379.0</ele>
      </trkpt>
      <trkpt lat="43.25985" lon="10.88072">
        <ele>385.0</ele>
      </trkpt>
      <trkpt lat="43.25989" lon="10.8797">
        <ele>390.0</ele>
      </trkpt>
      <trkpt lat="43.25977" lon="10.87931">
        <ele>393.0</ele>
      </trkpt>
      <trkpt lat="43.25856" lon="10.87796">
        <ele>402.0</ele>
      </trkpt>
      <trkpt lat="43.25763" lon="10.87783">
        <ele>406.0</ele>
      </trkpt>
      <trkpt lat="43.25697" lon="10.87726">
        <ele>409.0</ele>
      </trkpt>
      <trkpt lat="43.25598" lon="10.87729">
        <ele>414.0</ele>
      </trkpt>
      <trkpt lat="43.25552" lon="10.8778">
        <ele>418.0</ele>
      </trkpt>
      <trkpt lat="43.2541" lon="10.87828">
        <ele>424.0</ele>
      </trkpt>
      <trkpt lat="43.25331" lon="10.87797">
        <ele>427.0</ele>
      </trkpt>
      <trkpt lat="43.25299" lon="10.87799">
        <ele>428.0</ele>
      </trkpt>
      <trkpt lat="43.25022" lon="10.88032">
        <ele>427.0</ele>
      </trkpt>
      <trkpt lat="43.24998" lon="10.88002">
        <ele>426.0</ele>
      </trkpt>
      <trkpt lat="43.24967" lon="10.87913">
        <ele>419.0</ele>
      </trkpt>
      <trkpt lat="43.24854" lon="10.8788">
        <ele>409.0</ele>
      </trkpt>
      <trkpt lat="43.24786" lon="10.87814">
        <ele>405.0</ele>
      </trkpt>
      <trkpt lat="43.24731" lon="10.87815">
        <ele>404.0</ele>
      </trkpt>
      <trkpt lat="43.24717" lon="10.87797">
        <ele>403.0</ele>
      </trkpt>
      <trkpt lat="43.24714" lon="10.87735">
        <ele>401.0</ele>
      </trkpt>
      <trkpt lat="43.24638" lon="10.87746">
        <ele>396.0</ele>
      </trkpt>
      <trkpt lat="43.24558" lon="10.87677">
        <ele>390.0</ele>
      </trkpt>
      <trkpt lat="43.24391" lon="10.87736">
        <ele>399.0</ele>
      </trkpt>
      <trkpt lat="43.24285" lon="10.87678">
        <ele>404.0</ele>
      </trkpt>
      <trkpt lat="43.24212" lon="10.87671">
        <ele>407.0</ele>
      </trkpt>
      <trkpt lat="43.2417" lon="10.87688">
        <ele>408.0</ele>
      </trkpt>
      <trkpt lat="43.24029" lon="10.87802">
        <ele>413.0</ele>
      </trkpt>
      <trkpt lat="43.23987" lon="10.87799">
        <ele>418.0</ele>
      </trkpt>
      <trkpt lat="43.23956" lon="10.87758">
        <ele>422.0</ele>
      </trkpt>
      <trkpt lat="43.23925" lon="10.87609">
        <ele>430.0</ele>
      </trkpt>
      <trkpt lat="43.23847" lon="10.87561">
        <ele>435.0</ele>
      </trkpt>
      <trkpt lat="43.23798" lon="10.87492">
        <ele>438.0</ele>
      </trkpt>
      <trkpt lat="43.23682" lon="10.87431">
        <ele>446.0</ele>
      </trkpt>
      <trkpt lat="43.23528" lon="10.87408">
        <ele>454.0</ele>
      </trkpt>
      <trkpt lat="43.23483" lon="10.87415">
        <ele>458.0</ele>
      </trkpt>
      <trkpt lat="43.23419" lon="10.87465">
        <ele>461.0</ele>
      </trkpt>
      <trkpt lat="43.2333" lon="10.8749">
        <ele>469.0</ele>
      </trkpt>
      <trkpt lat="43.23191" lon="10.87568">
        <ele>479.0</ele>
      </trkpt>
      <trkpt lat="43.22926" lon="10.87642">
        <ele>484.0</ele>
      </trkpt>
      <trkpt lat="43.229" lon="10.87664">
        <ele>484.0</ele>
      </trkpt>
      <trkpt lat="43.22869" lon="10.8777">
        <ele>483.0</ele>
      </trkpt>
      <trkpt lat="43.22875" lon="10.87908">
        <ele>482.0</ele>
      </trkpt>
      <trkpt lat="43.22841" lon="10.88025">
        <ele>481.0</ele>
      </trkpt>
      <trkpt lat="43.22648" lon="10.88273">
        <ele>474.0</ele>
      </trkpt>
      <trkpt lat="43.22584" lon="10.88645">
        <ele>463.0</ele>
      </trkpt>
      <trkpt lat="43.22428" lon="10.88773">
        <ele>458.0</ele>
      </trkpt>
      <trkpt lat="43.22428" lon="10.8879">
        <ele>458.0</ele>
      </trkpt>
      <trkpt lat="43.2251" lon="10.88876">
        <ele>463.0</ele>
      </trkpt>
      <trkpt lat="43.22496" lon="10.88892">
        <ele>465.0</ele>
      </trkpt>
      <trkpt lat="43.22448" lon="10.88864">
        <ele>467.0</ele>
      </trkpt>
      <trkpt lat="43.22436" lon="10.88873">
        <ele>469.0</ele>
      </trkpt>
      <trkpt lat="43.22441" lon="10.88893">
        <ele>471.0</ele>
      </trkpt>
      <trkpt lat="43.22498" lon="10.88932">
        <ele>475.0</ele>
      </trkpt>
      <trkpt lat="43.22494" lon="10.88954">
        <ele>478.0</ele>
      </trkpt>
      <trkpt lat="43.22411" lon="10.8893">
        <ele>482.0</ele>
      </trkpt>
      <trkpt lat="43.22387" lon="10.88957">
        <ele>487.0</ele>
      </trkpt>
      <trkpt lat="43.22407" lon="10.8902">
        <ele>491.0</ele>
      </trkpt>
      <trkpt lat="43.22465" lon="10.89117">
        <ele>498.0</ele>
      </trkpt>
      <trkpt lat="43.22466" lon="10.89153">
        <ele>501.0</ele>
      </trkpt>
      <trkpt lat="43.22449" lon="10.8918">
        <ele>504.0</ele>
      </trkpt>
      <trkpt lat="43.22417" lon="10.89185">
        <ele>507.0</ele>
      </trkpt>
      <trkpt lat="43.22268" lon="10.89075">
        <ele>517.0</ele>
      </trkpt>
      <trkpt lat="43.22174" lon="10.89111">
        <ele>532.0</ele>
      </trkpt>
      <trkpt lat="43.22099" lon="10.89082">
        <ele>539.0</ele>
      </trkpt>
      <trkpt lat="43.22059" lon="10.89086">
        <ele>544.0</ele>
      </trkpt>
      <trkpt lat="43.22026" lon="10.89122">
        <ele>549.0</ele>
      </trkpt>
      <trkpt lat="43.22015" lon="10.89164">
        <ele>552.0</ele>
      </trkpt>
      <trkpt lat="43.22062" lon="10.89503">
        <ele>577.0</ele>
      </trkpt>
      <trkpt lat="43.22045" lon="10.89575">
        <ele>588.0</ele>
      </trkpt>
      <trkpt lat="43.22009" lon="10.89631">
        <ele>595.0</ele>
      </trkpt>
      <trkpt lat="43.21857" lon="10.89724">
        <ele>605.0</ele>
      </trkpt>
      <trkpt lat="43.21557" lon="10.89875">
        <ele>608.0</ele>
      </trkpt>
      <trkpt lat="43.21523" lon="10.89869">
        <ele>607.0</ele>
      </trkpt>
      <trkpt lat="43.21503" lon="10.89906">
        <ele>606.0</ele>
      </trkpt>
      <trkpt lat="43.21384" lon="10.89965">
        <ele>601.0</ele>
      </trkpt>
      <trkpt lat="43.21304" lon="10.89964">
        <ele>598.0</ele>
      </trkpt>
      <trkpt lat="43.21246" lon="10.89943">
        <ele>594.0</ele>
      </trkpt>
      <trkpt lat="43.21189" lon="10.89948">
        <ele>591.0</ele>
      </trkpt>
      <trkpt lat="43.2114" lon="10.89963">
        <ele>588.0</ele>
      </trkpt>
      <trkpt lat="43.21056" lon="10.90037">
        <ele>584.0</ele>
      </trkpt>
      <trkpt lat="43.2103" lon="10.90263">
        <ele>576.0</ele>
      </trkpt>
      <trkpt lat="43.20955" lon="10.90359">
        <ele>570.0</ele>
      </trkpt>
      <trkpt lat="43.20947" lon="10.90442">
        <ele>567.0</ele>
      </trkpt>
      <trkpt lat="43.20957" lon="10.9047">
        <ele>566.0</ele>
      </trkpt>
      <trkpt lat="43.20996" lon="10.90448">
        <ele>563.0</ele>
      </trkpt>
      <trkpt lat="43.21019" lon="10.90457">
        <ele>560.0</ele>
      </trkpt>
      <trkpt lat="43.21036" lon="10.90485">
        <ele>557.0</ele>
      </trkpt>
      <trkpt lat="43.2105" lon="10.90562">
        <ele>552.0</ele>
      </trkpt>
      <trkpt lat="43.21074" lon="10.9058">
        <ele>549.0</ele>
      </trkpt>
      <trkpt lat="43.21131" lon="10.9049">
        <ele>544.0</ele>
      </trkpt>
      <trkpt lat="43.21164" lon="10.90466">
        <ele>542.0</ele>
      </trkpt>
      <trkpt lat="43.21213" lon="10.90466">
        <ele>540.0</ele>
      </trkpt>
      <trkpt lat="43.21285" lon="10.90511">
        <ele>536.0</ele>
      </trkpt>
      <trkpt lat="43.21312" lon="10.9057">
        <ele>531.0</ele>
      </trkpt>
      <trkpt lat="43.21303" lon="10.90668">
        <ele>525.0</ele>
      </trkpt>
      <trkpt lat="43.21379" lon="10.9092">
        <ele>512.0</ele>
      </trkpt>
      <trkpt lat="43.21385" lon="10.91062">
        <ele>504.0</ele>
      </trkpt>
      <trkpt lat="43.21367" lon="10.91111">
        <ele>500.0</ele>
      </trkpt>
      <trkpt lat="43.21229" lon="10.91256">
        <ele>489.0</ele>
      </trkpt>
      <trkpt lat="43.21149" lon="10.91399">
        <ele>479.0</ele>
      </trkpt>
      <trkpt lat="43.20841" lon="10.91976">
        <ele>444.0</ele>
      </trkpt>
      <trkpt lat="43.20827" lon="10.92024">
        <ele>427.0</ele>
      </trkpt>
      <trkpt lat="43.2083" lon="10.92101">
        <ele>418.0</ele>
      </trkpt>
      <trkpt lat="43.20887" lon="10.92232">
        <ele>409.0</ele>
      </trkpt>
      <trkpt lat="43.20929" lon="10.92267">
        <ele>404.0</ele>
      </trkpt>
      <trkpt lat="43.2111" lon="10.92293">
        <ele>394.0</ele>
      </trkpt>
      <trkpt lat="43.21305" lon="10.92291">
        <ele>379.0</ele>
      </trkpt>
      <trkpt lat="43.2156" lon="10.92345">
        <ele>354.0</ele>
      </trkpt>
      <trkpt lat="43.21601" lon="10.92368">
        <ele>345.0</ele>
      </trkpt>
      <trkpt lat="43.21702" lon="10.92473">
        <ele>340.0</ele>
      </trkpt>
      <trkpt lat="43.21731" lon="10.92471">
        <ele>340.0</ele>
      </trkpt>
      <trkpt lat="43.21844" lon="10.92394">
        <ele>344.0</ele>
      </trkpt>
      <trkpt lat="43.22121" lon="10.92457">
        <ele>348.0</ele>
      </trkpt>
      <trkpt lat="43.22225" lon="10.92494">
        <ele>355.0</ele>
      </trkpt>
      <trkpt lat="43.22492" lon="10.92651">
        <ele>356.0</ele>
      </trkpt>
      <trkpt lat="43.22643" lon="10.92708">
        <ele>353.0</ele>
      </trkpt>
      <trkpt lat="43.22912" lon="10.92939">
        <ele>357.0</ele>
      </trkpt>
      <trkpt lat="43.23087" lon="10.93055">
        <ele>364.0</ele>
      </trkpt>
      <trkpt lat="43.23243" lon="10.93243">
        <ele>366.0</ele>
      </trkpt>
      <trkpt lat="43.23351" lon="10.93305">
        <ele>367.0</ele>
      </trkpt>
      <trkpt lat="43.23383" lon="10.93378">
        <ele>368.0</ele>
      </trkpt>
      <trkpt lat="43.23444" lon="10.93408">
        <ele>370.0</ele>
      </trkpt>
      <trkpt lat="43.23562" lon="10.93567">
        <ele>374.0</ele>
      </trkpt>
      <trkpt lat="43.23626" lon="10.93734">
        <ele>376.0</ele>
      </trkpt>
      <trkpt lat="43.23587" lon="10.9386">
        <ele>376.0</ele>
      </trkpt>
      <trkpt lat="43.23592" lon="10.94018">
        <ele>377.0</ele>
      </trkpt>
      <trkpt lat="43.23563" lon="10.9413">
        <ele>378.0</ele>
      </trkpt>
      <trkpt lat="43.23585" lon="10.94265">
        <ele>378.0</ele>
      </trkpt>
      <trkpt lat="43.23582" lon="10.94374">
        <ele>377.0</ele>
      </trkpt>
      <trkpt lat="43.23553" lon="10.94526">
        <ele>379.0</ele>
      </trkpt>
      <trkpt lat="43.23445" lon="10.94631">
        <ele>382.0</ele>
      </trkpt>
      <trkpt lat="43.23396" lon="10.94724">
        <ele>384.0</ele>
      </trkpt>
      <trkpt lat="43.23333" lon="10.94802">
        <ele>385.0</ele>
      </trkpt>
      <trkpt lat="43.23286" lon="10.94899">
        <ele>385.0</ele>
      </trkpt>
      <trkpt lat="43.23163" lon="10.9493">
        <ele>385.0</ele>
      </trkpt>
      <trkpt lat="43.23084" lon="10.95033">
        <ele>386.0</ele>
      </trkpt>
      <trkpt lat="43.23013" lon="10.95088">
        <ele>388.0</ele>
      </trkpt>
      <trkpt lat="43.22882" lon="10.95053">
        <ele>392.0</ele>
      </trkpt>
      <trkpt lat="43.22868" lon="10.95086">
        <ele>392.0</ele>
      </trkpt>
      <trkpt lat="43.22844" lon="10.95278">
        <ele>390.0</ele>
      </trkpt>
      <trkpt lat="43.22781" lon="10.9542">
        <ele>388.0</ele>
      </trkpt>
      <trkpt lat="43.22711" lon="10.95531">
        <ele>386.0</ele>
      </trkpt>
      <trkpt lat="43.22658" lon="10.95696">
        <ele>381.0</ele>
      </trkpt>
      <trkpt lat="43.22676" lon="10.95791">
        <ele>378.0</ele>
      </trkpt>
      <trkpt lat="43.22766" lon="10.95952">
        <ele>379.0</ele>
      </trkpt>
      <trkpt lat="43.23027" lon="10.96035">
        <ele>375.0</ele>
      </trkpt>
      <trkpt lat="43.23134" lon="10.96209">
        <ele>371.0</ele>
      </trkpt>
      <trkpt lat="43.23199" lon="10.96289">
        <ele>372.0</ele>
      </trkpt>
      <trkpt lat="43.23251" lon="10.96329">
        <ele>374.0</ele>
      </trkpt>
      <trkpt lat="43.23285" lon="10.96403">
        <ele>377.0</ele>
      </trkpt>
      <trkpt lat="43.23385" lon="10.96516">
        <ele>382.0</ele>
      </trkpt>
      <trkpt lat="43.23449" lon="10.9663">
        <ele>384.0</ele>
      </trkpt>
      <trkpt lat="43.2351" lon="10.96691">
        <ele>384.0</ele>
      </trkpt>
      <trkpt lat="43.23721" lon="10.96808">
        <ele>385.0</ele>
      </trkpt>
      <trkpt lat="43.23765" lon="10.9682">
        <ele>386.0</ele>
      </trkpt>
      <trkpt lat="43.23843" lon="10.96809">
        <ele>389.0</ele>
      </trkpt>
      <trkpt lat="43.23957" lon="10.96752">
        <ele>391.0</ele>
      </trkpt>
      <trkpt lat="43.24003" lon="10.9668">
        <ele>390.0</ele>
      </trkpt>
      <trkpt lat="43.24056" lon="10.96668">
        <ele>390.0</ele>
      </trkpt>
      <trkpt lat="43.24132" lon="10.966">
        <ele>392.0</ele>
      </trkpt>
      <trkpt lat="43.24305" lon="10.96616">
        <ele>394.0</ele>
      </trkpt>
      <trkpt lat="43.24454" lon="10.96562">
        <ele>394.0</ele>
      </trkpt>
      <trkpt lat="43.246" lon="10.96461">
        <ele>393.0</ele>
      </trkpt>
      <trkpt lat="43.24651" lon="10.96402">
        <ele>390.0</ele>
      </trkpt>
      <trkpt lat="43.24791" lon="10.96364">
        <ele>380.0</ele>
      </trkpt>
      <trkpt lat="43.2485" lon="10.96312">
        <ele>378.0</ele>
      </trkpt>
      <trkpt lat="43.24952" lon="10.96269">
        <ele>377.0</ele>
      </trkpt>
      <trkpt lat="43.25041" lon="10.96253">
        <ele>378.0</ele>
      </trkpt>
      <trkpt lat="43.25117" lon="10.96181">
        <ele>379.0</ele>
      </trkpt>
      <trkpt lat="43.25251" lon="10.95907">
        <ele>379.0</ele>
      </trkpt>
      <trkpt lat="43.25356" lon="10.95849">
        <ele>381.0</ele>
      </trkpt>
      <trkpt lat="43.25483" lon="10.95752">
        <ele>384.0</ele>
      </trkpt>
      <trkpt lat="43.25523" lon="10.95748">
        <ele>384.0</ele>
      </trkpt>
      <trkpt lat="43.25777" lon="10.95838">
        <ele>385.0</ele>
      </trkpt>
      <trkpt lat="43.25953" lon="10.95729">
        <ele>389.0</ele>
      </trkpt>
      <trkpt lat="43.25974" lon="10.95846">
        <ele>389.0</ele>
      </trkpt>
      <trkpt lat="43.26017" lon="10.95929">
        <ele>387.0</ele>
      </trkpt>
      <trkpt lat="43.26125" lon="10.96055">
        <ele>379.0</ele>
      </trkpt>
      <trkpt lat="43.26158" lon="10.96204">
        <ele>371.0</ele>
      </trkpt>
      <trkpt lat="43.26218" lon="10.96219">
        <ele>367.0</ele>
      </trkpt>
      <trkpt lat="43.26237" lon="10.96257">
        <ele>365.0</ele>
      </trkpt>
      <trkpt lat="43.26221" lon="10.96408">
        <ele>357.0</ele>
      </trkpt>
      <trkpt lat="43.26257" lon="10.96492">
        <ele>353.0</ele>
      </trkpt>
      <trkpt lat="43.26214" lon="10.96654">
        <ele>344.0</ele>
      </trkpt>
      <trkpt lat="43.26222" lon="10.96718">
        <ele>337.0</ele>
      </trkpt>
      <trkpt lat="43.26328" lon="10.96854">
        <ele>331.0</ele>
      </trkpt>
      <trkpt lat="43.26379" lon="10.96972">
        <ele>324.0</ele>
      </trkpt>
      <trkpt lat="43.26549" lon="10.97019">
        <ele>323.0</ele>
      </trkpt>
      <trkpt lat="43.26588" lon="10.97069">
        <ele>323.0</ele>
      </trkpt>
      <trkpt lat="43.26624" lon="10.97144">
        <ele>322.0</ele>
      </trkpt>
      <trkpt lat="43.26629" lon="10.97212">
        <ele>322.0</ele>
      </trkpt>
      <trkpt lat="43.26651" lon="10.97268">
        <ele>321.0</ele>
      </trkpt>
      <trkpt lat="43.26705" lon="10.97303">
        <ele>320.0</ele>
      </trkpt>
      <trkpt lat="43.26774" lon="10.97315">
        <ele>318.0</ele>
      </trkpt>
      <trkpt lat="43.26857" lon="10.97382">
        <ele>317.0</ele>
      </trkpt>
      <trkpt lat="43.26871" lon="10.97419">
        <ele>316.0</ele>
      </trkpt>
      <trkpt lat="43.26851" lon="10.97577">
        <ele>317.0</ele>
      </trkpt>
      <trkpt lat="43.26859" lon="10.97629">
        <ele>317.0</ele>
      </trkpt>
      <trkpt lat="43.2695" lon="10.97769">
        <ele>313.0</ele>
      </trkpt>
      <trkpt lat="43.26967" lon="10.97821">
        <ele>311.0</ele>
      </trkpt>
      <trkpt lat="43.2694" lon="10.97946">
        <ele>304.0</ele>
      </trkpt>
      <trkpt lat="43.26948" lon="10.98002">
        <ele>301.0</ele>
      </trkpt>
      <trkpt lat="43.27085" lon="10.98199">
        <ele>290.0</ele>
      </trkpt>
      <trkpt lat="43.27056" lon="10.98373">
        <ele>285.0</ele>
      </trkpt>
      <trkpt lat="43.27062" lon="10.98388">
        <ele>282.0</ele>
      </trkpt>
      <trkpt lat="43.2711" lon="10.98382">
        <ele>278.0</ele>
      </trkpt>
      <trkpt lat="43.27163" lon="10.98317">
        <ele>272.0</ele>
      </trkpt>
      <trkpt lat="43.27181" lon="10.98206">
        <ele>264.0</ele>
      </trkpt>
      <trkpt lat="43.2727" lon="10.98202">
        <ele>260.0</ele>
      </trkpt>
      <trkpt lat="43.27342" lon="10.9823">
        <ele>252.0</ele>
      </trkpt>
      <trkpt lat="43.27343" lon="10.98206">
        <ele>250.0</ele>
      </trkpt>
      <trkpt lat="43.27289" lon="10.98168">
        <ele>248.0</ele>
      </trkpt>
      <trkpt lat="43.27286" lon="10.9814">
        <ele>245.0</ele>
      </trkpt>
      <trkpt lat="43.27364" lon="10.98066">
        <ele>241.0</ele>
      </trkpt>
      <trkpt lat="43.27386" lon="10.98054">
        <ele>238.0</ele>
      </trkpt>
      <trkpt lat="43.274" lon="10.98065">
        <ele>237.0</ele>
      </trkpt>
      <trkpt lat="43.27399" lon="10.98085">
        <ele>235.0</ele>
      </trkpt>
      <trkpt lat="43.27371" lon="10.98119">
        <ele>232.0</ele>
      </trkpt>
      <trkpt lat="43.27382" lon="10.98146">
        <ele>231.0</ele>
      </trkpt>
      <trkpt lat="43.27466" lon="10.98173">
        <ele>226.0</ele>
      </trkpt>
      <trkpt lat="43.27551" lon="10.9803">
        <ele>222.0</ele>
      </trkpt>
      <trkpt lat="43.2759" lon="10.97997">
        <ele>219.0</ele>
      </trkpt>
      <trkpt lat="43.27698" lon="10.98051">
        <ele>218.0</ele>
      </trkpt>
      <trkpt lat="43.27712" lon="10.98103">
        <ele>218.0</ele>
      </trkpt>
      <trkpt lat="43.27748" lon="10.98131">
        <ele>217.0</ele>
      </trkpt>
      <trkpt lat="43.27867" lon="10.98159">
        <ele>216.0</ele>
      </trkpt>
      <trkpt lat="43.27918" lon="10.98146">
        <ele>214.0</ele>
      </trkpt>
      <trkpt lat="43.27989" lon="10.98154">
        <ele>213.0</ele>
      </trkpt>
      <trkpt lat="43.28153" lon="10.98247">
        <ele>210.0</ele>
      </trkpt>
      <trkpt lat="43.28177" lon="10.9823">
        <ele>209.0</ele>
      </trkpt>
      <trkpt lat="43.28186" lon="10.98189">
        <ele>208.0</ele>
      </trkpt>
      <trkpt lat="43.28169" lon="10.98131">
        <ele>208.0</ele>
      </trkpt>
      <trkpt lat="43.28184" lon="10.98099">
        <ele>207.0</ele>
      </trkpt>
      <trkpt lat="43.28213" lon="10.98085">
        <ele>207.0</ele>
      </trkpt>
      <trkpt lat="43.28418" lon="10.98152">
        <ele>202.0</ele>
      </trkpt>
      <trkpt lat="43.28484" lon="10.98212">
        <ele>198.0</ele>
      </trkpt>
      <trkpt lat="43.28527" lon="10.98204">
        <ele>196.0</ele>
      </trkpt>
      <trkpt lat="43.28764" lon="10.97989">
        <ele>186.0</ele>
      </trkpt>
      <trkpt lat="43.28901" lon="10.97839">
        <ele>168.0</ele>
      </trkpt>
      <trkpt lat="43.28924" lon="10.97841">
        <ele>166.0</ele>
      </trkpt>
      <trkpt lat="43.29152" lon="10.97992">
        <ele>167.0</ele>
      </trkpt>
      <trkpt lat="43.29206" lon="10.97982">
        <ele>172.0</ele>
      </trkpt>
      <trkpt lat="43.29238" lon="10.97996">
        <ele>174.0</ele>
      </trkpt>
      <trkpt lat="43.29251" lon="10.98058">
        <ele>176.0</ele>
      </trkpt>
      <trkpt lat="43.29228" lon="10.98163">
        <ele>179.0</ele>
      </trkpt>
      <trkpt lat="43.29246" lon="10.98313">
        <ele>185.0</ele>
      </trkpt>
      <trkpt lat="43.29324" lon="10.98425">
        <ele>194.0</ele>
      </trkpt>
      <trkpt lat="43.29373" lon="10.98635">
        <ele>199.0</ele>
      </trkpt>
      <trkpt lat="43.29592" lon="10.99066">
        <ele>211.0</ele>
      </trkpt>
      <trkpt lat="43.29633" lon="10.99109">
        <ele>214.0</ele>
      </trkpt>
      <trkpt lat="43.29761" lon="10.99161">
        <ele>218.0</ele>
      </trkpt>
      <trkpt lat="43.29873" lon="10.99266">
        <ele>226.0</ele>
      </trkpt>
      <trkpt lat="43.2988" lon="10.99303">
        <ele>228.0</ele>
      </trkpt>
      <trkpt lat="43.29841" lon="10.9942">
        <ele>234.0</ele>
      </trkpt>
      <trkpt lat="43.2985" lon="10.99485">
        <ele>240.0</ele>
      </trkpt>
      <trkpt lat="43.29868" lon="10.99495">
        <ele>242.0</ele>
      </trkpt>
      <trkpt lat="43.29935" lon="10.99473">
        <ele>247.0</ele>
      </trkpt>
      <trkpt lat="43.29964" lon="10.99516">
        <ele>250.0</ele>
      </trkpt>
      <trkpt lat="43.29934" lon="10.99606">
        <ele>255.0</ele>
      </trkpt>
      <trkpt lat="43.29922" lon="10.99905">
        <ele>263.0</ele>
      </trkpt>
      <trkpt lat="43.29898" lon="11.00058">
        <ele>278.0</ele>
      </trkpt>
      <trkpt lat="43.29859" lon="11.00057">
        <ele>284.0</ele>
      </trkpt>
      <trkpt lat="43.29815" lon="10.9999">
        <ele>289.0</ele>
      </trkpt>
      <trkpt lat="43.29772" lon="10.99988">
        <ele>291.0</ele>
      </trkpt>
      <trkpt lat="43.29737" lon="11.00043">
        <ele>294.0</ele>
      </trkpt>
      <trkpt lat="43.29726" lon="11.00173">
        <ele>302.0</ele>
      </trkpt>
      <trkpt lat="43.2968" lon="11.00242">
        <ele>309.0</ele>
      </trkpt>
      <trkpt lat="43.29626" lon="11.00266">
        <ele>314.0</ele>
      </trkpt>
      <trkpt lat="43.29555" lon="11.00242">
        <ele>319.0</ele>
      </trkpt>
      <trkpt lat="43.29518" lon="11.00254">
        <ele>321.0</ele>
      </trkpt>
      <trkpt lat="43.29441" lon="11.00403">
        <ele>329.0</ele>
      </trkpt>
      <trkpt lat="43.2942" lon="11.00571">
        <ele>341.0</ele>
      </trkpt>
      <trkpt lat="43.29453" lon="11.0069">
        <ele>348.0</ele>
      </trkpt>
      <trkpt lat="43.29481" lon="11.00953">
        <ele>357.0</ele>
      </trkpt>
      <trkpt lat="43.29538" lon="11.01078">
        <ele>366.0</ele>
      </trkpt>
      <trkpt lat="43.29571" lon="11.01092">
        <ele>369.0</ele>
      </trkpt>
      <trkpt lat="43.29782" lon="11.01061">
        <ele>380.0</ele>
      </trkpt>
      <trkpt lat="43.29883" lon="11.01079">
        <ele>381.0</ele>
      </trkpt>
      <trkpt lat="43.29975" lon="11.01171">
        <ele>380.0</ele>
      </trkpt>
      <trkpt lat="43.30004" lon="11.01316">
        <ele>376.0</ele>
      </trkpt>
      <trkpt lat="43.29979" lon="11.0152">
        <ele>372.0</ele>
      </trkpt>
      <trkpt lat="43.29924" lon="11.01645">
        <ele>371.0</ele>
      </trkpt>
      <trkpt lat="43.29915" lon="11.01817">
        <ele>373.0</ele>
      </trkpt>
      <trkpt lat="43.29888" lon="11.01888">
        <ele>374.0</ele>
      </trkpt>
      <trkpt lat="43.29842" lon="11.01958">
        <ele>377.0</ele>
      </trkpt>
      <trkpt lat="43.29821" lon="11.02066">
        <ele>378.0</ele>
      </trkpt>
      <trkpt lat="43.29871" lon="11.02256">
        <ele>379.0</ele>
      </trkpt>
      <trkpt lat="43.29878" lon="11.02382">
        <ele>378.0</ele>
      </trkpt>
      <trkpt lat="43.29868" lon="11.0254">
        <ele>374.0</ele>
      </trkpt>
      <trkpt lat="43.29821" lon="11.02628">
        <ele>368.0</ele>
      </trkpt>
      <trkpt lat="43.29774" lon="11.02775">
        <ele>358.0</ele>
      </trkpt>
      <trkpt lat="43.2978" lon="11.02939">
        <ele>351.0</ele>
      </trkpt>
      <trkpt lat="43.2977" lon="11.03017">
        <ele>345.0</ele>
      </trkpt>
      <trkpt lat="43.2971" lon="11.03105">
        <ele>339.0</ele>
      </trkpt>
      <trkpt lat="43.297" lon="11.03143">
        <ele>337.0</ele>
      </trkpt>
      <trkpt lat="43.29705" lon="11.03219">
        <ele>336.0</ele>
      </trkpt>
      <trkpt lat="43.29749" lon="11.03408">
        <ele>335.0</ele>
      </trkpt>
      <trkpt lat="43.29747" lon="11.03645">
        <ele>342.0</ele>
      </trkpt>
      <trkpt lat="43.29806" lon="11.03754">
        <ele>344.0</ele>
      </trkpt>
      <trkpt lat="43.29818" lon="11.03808">
        <ele>346.0</ele>
      </trkpt>
      <trkpt lat="43.29816" lon="11.03886">
        <ele>347.0</ele>
      </trkpt>
      <trkpt lat="43.29783" lon="11.03968">
        <ele>352.0</ele>
      </trkpt>
      <trkpt lat="43.29784" lon="11.04013">
        <ele>356.0</ele>
      </trkpt>
      <trkpt lat="43.29833" lon="11.04092">
        <ele>363.0</ele>
      </trkpt>
      <trkpt lat="43.29966" lon="11.04143">
        <ele>376.0</ele>
      </trkpt>
      <trkpt lat="43.29971" lon="11.04181">
        <ele>381.0</ele>
      </trkpt>
      <trkpt lat="43.29939" lon="11.04312">
        <ele>387.0</ele>
      </trkpt>
      <trkpt lat="43.29945" lon="11.04357">
        <ele>392.0</ele>
      </trkpt>
      <trkpt lat="43.29956" lon="11.04364">
        <ele>394.0</ele>
      </trkpt>
      <trkpt lat="43.30132" lon="11.04299">
        <ele>403.0</ele>
      </trkpt>
      <trkpt lat="43.30259" lon="11.0443">
        <ele>405.0</ele>
      </trkpt>
      <trkpt lat="43.30353" lon="11.04458">
        <ele>403.0</ele>
      </trkpt>
      <trkpt lat="43.30373" lon="11.0451">
        <ele>401.0</ele>
      </trkpt>
      <trkpt lat="43.30365" lon="11.04654">
        <ele>401.0</ele>
      </trkpt>
      <trkpt lat="43.3038" lon="11.04693">
        <ele>402.0</ele>
      </trkpt>
      <trkpt lat="43.30454" lon="11.04705">
        <ele>402.0</ele>
      </trkpt>
      <trkpt lat="43.30542" lon="11.04807">
        <ele>398.0</ele>
      </trkpt>
      <trkpt lat="43.30629" lon="11.04925">
        <ele>392.0</ele>
      </trkpt>
      <trkpt lat="43.3066" lon="11.05028">
        <ele>382.0</ele>
      </trkpt>
      <trkpt lat="43.30773" lon="11.05117">
        <ele>375.0</ele>
      </trkpt>
      <trkpt lat="43.30784" lon="11.05209">
        <ele>368.0</ele>
      </trkpt>
      <trkpt lat="43.30803" lon="11.05235">
        <ele>366.0</ele>
      </trkpt>
      <trkpt lat="43.30821" lon="11.05236">
        <ele>364.0</ele>
      </trkpt>
      <trkpt lat="43.30842" lon="11.05214">
        <ele>362.0</ele>
      </trkpt>
      <trkpt lat="43.30922" lon="11.05047">
        <ele>354.0</ele>
      </trkpt>
      <trkpt lat="43.30955" lon="11.05017">
        <ele>349.0</ele>
      </trkpt>
      <trkpt lat="43.31096" lon="11.04995">
        <ele>345.0</ele>
      </trkpt>
      <trkpt lat="43.31145" lon="11.04973">
        <ele>343.0</ele>
      </trkpt>
      <trkpt lat="43.31228" lon="11.04983">
        <ele>343.0</ele>
      </trkpt>
      <trkpt lat="43.31381" lon="11.04922">
        <ele>343.0</ele>
      </trkpt>
      <trkpt lat="43.31544" lon="11.04918">
        <ele>341.0</ele>
      </trkpt>
      <trkpt lat="43.31564" lon="11.04927">
        <ele>340.0</ele>
      </trkpt>
      <trkpt lat="43.31617" lon="11.05003">
        <ele>338.0</ele>
      </trkpt>
      <trkpt lat="43.31807" lon="11.05043">
        <ele>336.0</ele>
      </trkpt>
      <trkpt lat="43.31843" lon="11.05037">
        <ele>333.0</ele>
      </trkpt>
      <trkpt lat="43.31938" lon="11.04866">
        <ele>331.0</ele>
      </trkpt>
      <trkpt lat="43.31996" lon="11.04824">
        <ele>327.0</ele>
      </trkpt>
      <trkpt lat="43.32056" lon="11.04712">
        <ele>318.0</ele>
      </trkpt>
      <trkpt lat="43.32091" lon="11.04702">
        <ele>314.0</ele>
      </trkpt>
      <trkpt lat="43.32173" lon="11.04787">
        <ele>309.0</ele>
      </trkpt>
      <trkpt lat="43.32232" lon="11.04925">
        <ele>304.0</ele>
      </trkpt>
      <trkpt lat="43.32234" lon="11.04967">
        <ele>299.0</ele>
      </trkpt>
      <trkpt lat="43.32189" lon="11.05125">
        <ele>291.0</ele>
      </trkpt>
      <trkpt lat="43.32194" lon="11.05154">
        <ele>287.0</ele>
      </trkpt>
      <trkpt lat="43.32376" lon="11.05284">
        <ele>274.0</ele>
      </trkpt>
      <trkpt lat="43.32491" lon="11.05473">
        <ele>270.0</ele>
      </trkpt>
      <trkpt lat="43.326" lon="11.05529">
        <ele>266.0</ele>
      </trkpt>
      <trkpt lat="43.32854" lon="11.0551">
        <ele>260.0</ele>
      </trkpt>
      <trkpt lat="43.32921" lon="11.05527">
        <ele>258.0</ele>
      </trkpt>
      <trkpt lat="43.33002" lon="11.05574">
        <ele>254.0</ele>
      </trkpt>
      <trkpt lat="43.33133" lon="11.05448">
        <ele>257.0</ele>
      </trkpt>
      <trkpt lat="43.33136" lon="11.05407">
        <ele>259.0</ele>
      </trkpt>
      <trkpt lat="43.33085" lon="11.05289">
        <ele>266.0</ele>
      </trkpt>
      <trkpt lat="43.33082" lon="11.05239">
        <ele>269.0</ele>
      </trkpt>
      <trkpt lat="43.33102" lon="11.05202">
        <ele>272.0</ele>
      </trkpt>
      <trkpt lat="43.33134" lon="11.05203">
        <ele>275.0</ele>
      </trkpt>
      <trkpt lat="43.3324" lon="11.05265">
        <ele>282.0</ele>
      </trkpt>
      <trkpt lat="43.33318" lon="11.05267">
        <ele>288.0</ele>
      </trkpt>
      <trkpt lat="43.33396" lon="11.05293">
        <ele>294.0</ele>
      </trkpt>
      <trkpt lat="43.33434" lon="11.05289">
        <ele>297.0</ele>
      </trkpt>
      <trkpt lat="43.33448" lon="11.05273">
        <ele>299.0</ele>
      </trkpt>
      <trkpt lat="43.33476" lon="11.05099">
        <ele>308.0</ele>
      </trkpt>
      <trkpt lat="43.33412" lon="11.04963">
        <ele>315.0</ele>
      </trkpt>
      <trkpt lat="43.33403" lon="11.0481">
        <ele>317.0</ele>
      </trkpt>
      <trkpt lat="43.33368" lon="11.04703">
        <ele>319.0</ele>
      </trkpt>
      <trkpt lat="43.33386" lon="11.04618">
        <ele>321.0</ele>
      </trkpt>
      <trkpt lat="43.33433" lon="11.04585">
        <ele>322.0</ele>
      </trkpt>
      <trkpt lat="43.33827" lon="11.04446">
        <ele>345.0</ele>
      </trkpt>
      <trkpt lat="43.33911" lon="11.04512">
        <ele>353.0</ele>
      </trkpt>
      <trkpt lat="43.34031" lon="11.04703">
        <ele>370.0</ele>
      </trkpt>
      <trkpt lat="43.34073" lon="11.04888">
        <ele>374.0</ele>
      </trkpt>
      <trkpt lat="43.34147" lon="11.05044">
        <ele>373.0</ele>
      </trkpt>
      <trkpt lat="43.34142" lon="11.05085">
        <ele>372.0</ele>
      </trkpt>
      <trkpt lat="43.34107" lon="11.0514">
        <ele>371.0</ele>
      </trkpt>
      <trkpt lat="43.34098" lon="11.05179">
        <ele>370.0</ele>
      </trkpt>
      <trkpt lat="43.341" lon="11.05334">
        <ele>366.0</ele>
      </trkpt>
      <trkpt lat="43.34131" lon="11.05389">
        <ele>365.0</ele>
      </trkpt>
      <trkpt lat="43.34348" lon="11.05639">
        <ele>349.0</ele>
      </trkpt>
      <trkpt lat="43.34517" lon="11.05672">
        <ele>338.0</ele>
      </trkpt>
      <trkpt lat="43.34572" lon="11.05712">
        <ele>334.0</ele>
      </trkpt>
      <trkpt lat="43.34611" lon="11.05722">
        <ele>331.0</ele>
      </trkpt>
      <trkpt lat="43.34644" lon="11.05715">
        <ele>329.0</ele>
      </trkpt>
      <trkpt lat="43.34793" lon="11.05617">
        <ele>317.0</ele>
      </trkpt>
      <trkpt lat="43.34807" lon="11.05627">
        <ele>314.0</ele>
      </trkpt>
      <trkpt lat="43.34808" lon="11.05659">
        <ele>311.0</ele>
      </trkpt>
      <trkpt lat="43.3474" lon="11.05752">
        <ele>305.0</ele>
      </trkpt>
      <trkpt lat="43.34731" lon="11.05778">
        <ele>300.0</ele>
      </trkpt>
      <trkpt lat="43.34737" lon="11.05799">
        <ele>298.0</ele>
      </trkpt>
      <trkpt lat="43.3486" lon="11.05797">
        <ele>292.0</ele>
      </trkpt>
      <trkpt lat="43.3498" lon="11.05815">
        <ele>282.0</ele>
      </trkpt>
      <trkpt lat="43.35038" lon="11.0585">
        <ele>273.0</ele>
      </trkpt>
      <trkpt lat="43.3511" lon="11.05947">
        <ele>266.0</ele>
      </trkpt>
      <trkpt lat="43.35163" lon="11.05973">
        <ele>263.0</ele>
      </trkpt>
      <trkpt lat="43.36151" lon="11.06061">
        <ele>254.0</ele>
      </trkpt>
      <trkpt lat="43.36203" lon="11.06091">
        <ele>251.0</ele>
      </trkpt>
      <trkpt lat="43.36259" lon="11.06076">
        <ele>251.0</ele>
      </trkpt>
      <trkpt lat="43.36353" lon="11.06104">
        <ele>252.0</ele>
      </trkpt>
      <trkpt lat="43.36706" lon="11.06284">
        <ele>250.0</ele>
      </trkpt>
      <trkpt lat="43.3672" lon="11.06319">
        <ele>250.0</ele>
      </trkpt>
      <trkpt lat="43.36742" lon="11.06302">
        <ele>250.0</ele>
      </trkpt>
      <trkpt lat="43.37263" lon="11.06575">
        <ele>249.0</ele>
      </trkpt>
      <trkpt lat="43.37353" lon="11.06674">
        <ele>247.0</ele>
      </trkpt>
      <trkpt lat="43.38028" lon="11.07843">
        <ele>249.0</ele>
      </trkpt>
      <trkpt lat="43.38215" lon="11.08045">
        <ele>256.0</ele>
      </trkpt>
      <trkpt lat="43.38281" lon="11.08096">
        <ele>257.0</ele>
      </trkpt>
      <trkpt lat="43.38413" lon="11.08359">
        <ele>257.0</ele>
      </trkpt>
      <trkpt lat="43.38573" lon="11.08593">
        <ele>257.0</ele>
      </trkpt>
      <trkpt lat="43.38616" lon="11.08622">
        <ele>258.0</ele>
      </trkpt>
      <trkpt lat="43.38827" lon="11.08652">
        <ele>257.0</ele>
      </trkpt>
      <trkpt lat="43.38926" lon="11.08706">
        <ele>255.0</ele>
      </trkpt>
      <trkpt lat="43.38962" lon="11.08748">
        <ele>253.0</ele>
      </trkpt>
      <trkpt lat="43.39052" lon="11.08931">
        <ele>249.0</ele>
      </trkpt>
      <trkpt lat="43.39148" lon="11.09">
        <ele>248.0</ele>
      </trkpt>
      <trkpt lat="43.3948" lon="11.09016">
        <ele>237.0</ele>
      </trkpt>
      <trkpt lat="43.39532" lon="11.08998">
        <ele>234.0</ele>
      </trkpt>
      <trkpt lat="43.39635" lon="11.08925">
        <ele>231.0</ele>
      </trkpt>
      <trkpt lat="43.39697" lon="11.08914">
        <ele>229.0</ele>
      </trkpt>
      <trkpt lat="43.40094" lon="11.09113">
        <ele>220.0</ele>
      </trkpt>
      <trkpt lat="43.4049" lon="11.09134">
        <ele>230.0</ele>
      </trkpt>
      <trkpt lat="43.40806" lon="11.09178">
        <ele>232.0</ele>
      </trkpt>
      <trkpt lat="43.41012" lon="11.09144">
        <ele>233.0</ele>
      </trkpt>
      <trkpt lat="43.41166" lon="11.09286">
        <ele>234.0</ele>
      </trkpt>
      <trkpt lat="43.41552" lon="11.09568">
        <ele>233.0</ele>
      </trkpt>
      <trkpt lat="43.4175" lon="11.09659">
        <ele>242.0</ele>
      </trkpt>
      <trkpt lat="43.41914" lon="11.09844">
        <ele>243.0</ele>
      </trkpt>
      <trkpt lat="43.41934" lon="11.09833">
        <ele>242.0</ele>
      </trkpt>
      <trkpt lat="43.41915" lon="11.09723">
        <ele>242.0</ele>
      </trkpt>
      <trkpt lat="43.41923" lon="11.09695">
        <ele>242.0</ele>
      </trkpt>
      <trkpt lat="43.42005" lon="11.09652">
        <ele>242.0</ele>
      </trkpt>
      <trkpt lat="43.42135" lon="11.09539">
        <ele>243.0</ele>
      </trkpt>
      <trkpt lat="43.42187" lon="11.09491">
        <ele>246.0</ele>
      </trkpt>
      <trkpt lat="43.42281" lon="11.09364">
        <ele>248.0</ele>
      </trkpt>
      <trkpt lat="43.42411" lon="11.09263">
        <ele>248.0</ele>
      </trkpt>
      <trkpt lat="43.428" lon="11.09093">
        <ele>247.0</ele>
      </trkpt>
      <trkpt lat="43.43108" lon="11.09068">
        <ele>242.0</ele>
      </trkpt>
      <trkpt lat="43.43188" lon="11.09118">
        <ele>241.0</ele>
      </trkpt>
      <trkpt lat="43.43284" lon="11.09223">
        <ele>240.0</ele>
      </trkpt>
      <trkpt lat="43.43438" lon="11.09333">
        <ele>237.0</ele>
      </trkpt>
      <trkpt lat="43.4364" lon="11.09417">
        <ele>233.0</ele>
      </trkpt>
      <trkpt lat="43.43855" lon="11.09447">
        <ele>228.0</ele>
      </trkpt>
      <trkpt lat="43.44062" lon="11.0964">
        <ele>224.0</ele>
      </trkpt>
      <trkpt lat="43.44181" lon="11.09704">
        <ele>220.0</ele>
      </trkpt>
      <trkpt lat="43.44297" lon="11.09869">
        <ele>216.0</ele>
      </trkpt>
      <trkpt lat="43.44434" lon="11.10024">
        <ele>212.0</ele>
      </trkpt>
      <trkpt lat="43.44461" lon="11.10033">
        <ele>211.0</ele>
      </trkpt>
      <trkpt lat="43.44493" lon="11.10008">
        <ele>209.0</ele>
      </trkpt>
      <trkpt lat="43.445" lon="11.09972">
        <ele>208.0</ele>
      </trkpt>
      <trkpt lat="43.44432" lon="11.09739">
        <ele>201.0</ele>
      </trkpt>
      <trkpt lat="43.44437" lon="11.0967">
        <ele>193.0</ele>
      </trkpt>
      <trkpt lat="43.44613" lon="11.0951">
        <ele>183.0</ele>
      </trkpt>
      <trkpt lat="43.44654" lon="11.09427">
        <ele>176.0</ele>
      </trkpt>
      <trkpt lat="43.4475" lon="11.09331">
        <ele>172.0</ele>
      </trkpt>
      <trkpt lat="43.44896" lon="11.0929">
        <ele>166.0</ele>
      </trkpt>
      <trkpt lat="43.4494" lon="11.09173">
        <ele>162.0</ele>
      </trkpt>
      <trkpt lat="43.44938" lon="11.09116">
        <ele>158.0</ele>
      </trkpt>
      <trkpt lat="43.44853" lon="11.09001">
        <ele>150.0</ele>
      </trkpt>
      <trkpt lat="43.44813" lon="11.08994">
        <ele>146.0</ele>
      </trkpt>
      <trkpt lat="43.44767" lon="11.09045">
        <ele>143.0</ele>
      </trkpt>
      <trkpt lat="43.44748" lon="11.09047">
        <ele>142.0</ele>
      </trkpt>
      <trkpt lat="43.44722" lon="11.09011">
        <ele>140.0</ele>
      </trkpt>
      <trkpt lat="43.4473" lon="11.08968">
        <ele>138.0</ele>
      </trkpt>
      <trkpt lat="43.44807" lon="11.08939">
        <ele>133.0</ele>
      </trkpt>
      <trkpt lat="43.44946" lon="11.08928">
        <ele>121.0</ele>
      </trkpt>
      <trkpt lat="43.45156" lon="11.08849">
        <ele>109.0</ele>
      </trkpt>
      <trkpt lat="43.4519" lon="11.0879">
        <ele>108.0</ele>
      </trkpt>
      <trkpt lat="43.45282" lon="11.08394">
        <ele>115.0</ele>
      </trkpt>
      <trkpt lat="43.45322" lon="11.08429">
        <ele>115.0</ele>
      </trkpt>
      <trkpt lat="43.45557" lon="11.08754">
        <ele>113.0</ele>
      </trkpt>
      <trkpt lat="43.45864" lon="11.0928">
        <ele>114.0</ele>
      </trkpt>
      <trkpt lat="43.45881" lon="11.09274">
        <ele>115.0</ele>
      </trkpt>
      <trkpt lat="43.45875" lon="11.09061">
        <ele>126.0</ele>
      </trkpt>
      <trkpt lat="43.45938" lon="11.08813">
        <ele>145.0</ele>
      </trkpt>
      <trkpt lat="43.45946" lon="11.08724">
        <ele>154.0</ele>
      </trkpt>
      <trkpt lat="43.45969" lon="11.08671">
        <ele>160.0</ele>
      </trkpt>
      <trkpt lat="43.46032" lon="11.08684">
        <ele>167.0</ele>
      </trkpt>
      <trkpt lat="43.46044" lon="11.08665">
        <ele>169.0</ele>
      </trkpt>
      <trkpt lat="43.46031" lon="11.08609">
        <ele>170.0</ele>
      </trkpt>
      <trkpt lat="43.46005" lon="11.08581">
        <ele>173.0</ele>
      </trkpt>
      <trkpt lat="43.45944" lon="11.08571">
        <ele>178.0</ele>
      </trkpt>
      <trkpt lat="43.45907" lon="11.08594">
        <ele>182.0</ele>
      </trkpt>
      <trkpt lat="43.45933" lon="11.08541">
        <ele>186.0</ele>
      </trkpt>
      <trkpt lat="43.4593" lon="11.08408">
        <ele>193.0</ele>
      </trkpt>
      <trkpt lat="43.45943" lon="11.08308">
        <ele>198.0</ele>
      </trkpt>
      <trkpt lat="43.46021" lon="11.08149">
        <ele>207.0</ele>
      </trkpt>
      <trkpt lat="43.46031" lon="11.08106">
        <ele>210.0</ele>
      </trkpt>
      <trkpt lat="43.45984" lon="11.08015">
        <ele>212.0</ele>
      </trkpt>
      <trkpt lat="43.45913" lon="11.07706">
        <ele>218.0</ele>
      </trkpt>
      <trkpt lat="43.4592" lon="11.0765">
        <ele>219.0</ele>
      </trkpt>
      <trkpt lat="43.46003" lon="11.07544">
        <ele>221.0</ele>
      </trkpt>
      <trkpt lat="43.46153" lon="11.075">
        <ele>224.0</ele>
      </trkpt>
      <trkpt lat="43.46187" lon="11.07462">
        <ele>225.0</ele>
      </trkpt>
      <trkpt lat="43.46263" lon="11.07305">
        <ele>219.0</ele>
      </trkpt>
      <trkpt lat="43.46292" lon="11.07207">
        <ele>216.0</ele>
      </trkpt>
      <trkpt lat="43.46296" lon="11.07128">
        <ele>209.0</ele>
      </trkpt>
      <trkpt lat="43.46319" lon="11.07027">
        <ele>203.0</ele>
      </trkpt>
      <trkpt lat="43.4638" lon="11.06895">
        <ele>198.0</ele>
      </trkpt>
      <trkpt lat="43.46413" lon="11.06854">
        <ele>196.0</ele>
      </trkpt>
      <trkpt lat="43.46499" lon="11.0683">
        <ele>196.0</ele>
      </trkpt>
      <trkpt lat="43.46573" lon="11.06766">
        <ele>199.0</ele>
      </trkpt>
      <trkpt lat="43.46646" lon="11.06617">
        <ele>203.0</ele>
      </trkpt>
      <trkpt lat="43.46684" lon="11.06444">
        <ele>199.0</ele>
      </trkpt>
      <trkpt lat="43.46791" lon="11.06452">
        <ele>200.0</ele>
      </trkpt>
      <trkpt lat="43.46874" lon="11.06334">
        <ele>204.0</ele>
      </trkpt>
      <trkpt lat="43.46954" lon="11.06187">
        <ele>213.0</ele>
      </trkpt>
      <trkpt lat="43.47048" lon="11.06072">
        <ele>218.0</ele>
      </trkpt>
      <trkpt lat="43.4709" lon="11.05984">
        <ele>222.0</ele>
      </trkpt>
      <trkpt lat="43.4734" lon="11.05681">
        <ele>223.0</ele>
      </trkpt>
      <trkpt lat="43.4749" lon="11.05593">
        <ele>225.0</ele>
      </trkpt>
      <trkpt lat="43.47586" lon="11.05351">
        <ele>228.0</ele>
      </trkpt>
      <trkpt lat="43.47641" lon="11.05247">
        <ele>231.0</ele>
      </trkpt>
      <trkpt lat="43.47865" lon="11.04943">
        <ele>239.0</ele>
      </trkpt>
      <trkpt lat="43.4787" lon="11.04908">
        <ele>240.0</ele>
      </trkpt>
      <trkpt lat="43.47853" lon="11.04817">
        <ele>241.0</ele>
      </trkpt>
      <trkpt lat="43.47887" lon="11.04529">
        <ele>243.0</ele>
      </trkpt>
      <trkpt lat="43.47819" lon="11.04483">
        <ele>243.0</ele>
      </trkpt>
      <trkpt lat="43.477" lon="11.04319">
        <ele>244.0</ele>
      </trkpt>
      <trkpt lat="43.47639" lon="11.04267">
        <ele>245.0</ele>
      </trkpt>
      <trkpt lat="43.47564" lon="11.04217">
        <ele>249.0</ele>
      </trkpt>
      <trkpt lat="43.47405" lon="11.04146">
        <ele>257.0</ele>
      </trkpt>
      <trkpt lat="43.47268" lon="11.04054">
        <ele>270.0</ele>
      </trkpt>
      <trkpt lat="43.47171" lon="11.04016">
        <ele>281.0</ele>
      </trkpt>
      <trkpt lat="43.47198" lon="11.04098">
        <ele>286.0</ele>
      </trkpt>
      <trkpt lat="43.47196" lon="11.04128">
        <ele>291.0</ele>
      </trkpt>
      <trkpt lat="43.47181" lon="11.04144">
        <ele>294.0</ele>
      </trkpt>
      <trkpt lat="43.47124" lon="11.04079">
        <ele>299.0</ele>
      </trkpt>
      <trkpt lat="43.47012" lon="11.04096">
        <ele>307.0</ele>
      </trkpt>
      <trkpt lat="43.46952" lon="11.04143">
        <ele>312.0</ele>
      </trkpt>
      <trkpt lat="43.46846" lon="11.04285">
        <ele>323.0</ele>
      </trkpt>
      <trkpt lat="43.46767" lon="11.04341">
        <ele>332.0</ele>
      </trkpt>
    </trkseg>
  </trk>
</gpx>