<?xml version="1.0" encoding="UTF-8"?>
<gpx xmlns="http://www.topografix.com/GPX/1/0" xmlns:xsi="http://www.w3.org/2001/XMLSchema-instance" xsi:schemaLocation="http://www.topografix.com/GPX/1/0 http://www.topografix.com/GPX/1/0/gpx.xsd" version="1.0" creator="GPSBabel - https://www.gpsbabel.org">
  <time>2026-06-10T09:27:33.854000Z</time>
  <bounds minlat="46.28089" maxlat="46.36151" minlon="6.96591" maxlon="7.15846" />
  <trk>
    <trkseg>
      <trkpt lat="46.29796" lon="7.05822">
        <ele>1292.0</ele>
      </trkpt>
      <trkpt lat="46.29795" lon="7.05919">
        <ele>1299.0</ele>
      </trkpt>
      <trkpt lat="46.29749" lon="7.06016">
        <ele>1303.0</ele>
      </trkpt>
      <trkpt lat="46.29664" lon="7.06115">
        <ele>1307.0</ele>
      </trkpt>
      <trkpt lat="46.29584" lon="7.0615">
        <ele>1308.0</ele>
      </trkpt>
      <trkpt lat="46.2955" lon="7.06182">
        <ele>1309.0</ele>
      </trkpt>
      <trkpt lat="46.29426" lon="7.06381">
        <ele>1327.0</ele>
      </trkpt>
      <trkpt lat="46.29296" lon="7.06472">
        <ele>1359.0</ele>
      </trkpt>
      <trkpt lat="46.29255" lon="7.06585">
        <ele>1361.0</ele>
      </trkpt>
      <trkpt lat="46.29216" lon="7.06632">
        <ele>1358.0</ele>
      </trkpt>
      <trkpt lat="46.29187" lon="7.06728">
        <ele>1357.0</ele>
      </trkpt>
      <trkpt lat="46.29217" lon="7.06892">
        <ele>1355.0</ele>
      </trkpt>
      <trkpt lat="46.29304" lon="7.0706">
        <ele>1357.0</ele>
      </trkpt>
      <trkpt lat="46.29419" lon="7.07203">
        <ele>1377.0</ele>
      </trkpt>
      <trkpt lat="46.2954" lon="7.0731">
        <ele>1391.0</ele>
      </trkpt>
      <trkpt lat="46.2965" lon="7.07318">
        <ele>1393.0</ele>
      </trkpt>
      <trkpt lat="46.2972" lon="7.0737">
        <ele>1396.0</ele>
      </trkpt>
      <trkpt lat="46.29778" lon="7.07385">
        <ele>1397.0</ele>
      </trkpt>
      <trkpt lat="46.29883" lon="7.07496">
        <ele>1402.0</ele>
      </trkpt>
      <trkpt lat="46.29886" lon="7.07671">
        <ele>1403.0</ele>
      </trkpt>
      <trkpt lat="46.29985" lon="7.07999">
        <ele>1405.0</ele>
      </trkpt>
      <trkpt lat="46.30006" lon="7.08162">
        <ele>1405.0</ele>
      </trkpt>
      <trkpt lat="46.30052" lon="7.08267">
        <ele>1407.0</ele>
      </trkpt>
      <trkpt lat="46.30206" lon="7.08439">
        <ele>1417.0</ele>
      </trkpt>
      <trkpt lat="46.30364" lon="7.08653">
        <ele>1415.0</ele>
      </trkpt>
      <trkpt lat="46.3042" lon="7.08674">
        <ele>1422.0</ele>
      </trkpt>
      <trkpt lat="46.30467" lon="7.08753">
        <ele>1418.0</ele>
      </trkpt>
      <trkpt lat="46.30498" lon="7.08885">
        <ele>1415.0</ele>
      </trkpt>
      <trkpt lat="46.3056" lon="7.08988">
        <ele>1417.0</ele>
      </trkpt>
      <trkpt lat="46.30592" lon="7.09202">
        <ele>1419.0</ele>
      </trkpt>
      <trkpt lat="46.30671" lon="7.09309">
        <ele>1424.0</ele>
      </trkpt>
      <trkpt lat="46.30686" lon="7.09461">
        <ele>1428.0</ele>
      </trkpt>
      <trkpt lat="46.30744" lon="7.09576">
        <ele>1431.0</ele>
      </trkpt>
      <trkpt lat="46.30762" lon="7.09667">
        <ele>1439.0</ele>
      </trkpt>
      <trkpt lat="46.30782" lon="7.09692">
        <ele>1444.0</ele>
      </trkpt>
      <trkpt lat="46.30826" lon="7.09703">
        <ele>1450.0</ele>
      </trkpt>
      <trkpt lat="46.30869" lon="7.09768">
        <ele>1452.0</ele>
      </trkpt>
      <trkpt lat="46.30919" lon="7.09785">
        <ele>1456.0</ele>
      </trkpt>
      <trkpt lat="46.30956" lon="7.09827">
        <ele>1460.0</ele>
      </trkpt>
      <trkpt lat="46.30969" lon="7.10107">
        <ele>1475.0</ele>
      </trkpt>
      <trkpt lat="46.30987" lon="7.10151">
        <ele>1480.0</ele>
      </trkpt>
      <trkpt lat="46.31032" lon="7.10205">
        <ele>1486.0</ele>
      </trkpt>
      <trkpt lat="46.31042" lon="7.1029">
        <ele>1494.0</ele>
      </trkpt>
      <trkpt lat="46.31088" lon="7.10355">
        <ele>1500.0</ele>
      </trkpt>
      <trkpt lat="46.31121" lon="7.10377">
        <ele>1505.0</ele>
      </trkpt>
      <trkpt lat="46.31169" lon="7.10489">
        <ele>1511.0</ele>
      </trkpt>
      <trkpt lat="46.312" lon="7.10532">
        <ele>1516.0</ele>
      </trkpt>
      <trkpt lat="46.31303" lon="7.10612">
        <ele>1529.0</ele>
      </trkpt>
      <trkpt lat="46.31339" lon="7.10689">
        <ele>1535.0</ele>
      </trkpt>
      <trkpt lat="46.31356" lon="7.10814">
        <ele>1546.0</ele>
      </trkpt>
      <trkpt lat="46.31418" lon="7.10894">
        <ele>1554.0</ele>
      </trkpt>
      <trkpt lat="46.31438" lon="7.10962">
        <ele>1558.0</ele>
      </trkpt>
      <trkpt lat="46.31488" lon="7.10994">
        <ele>1563.0</ele>
      </trkpt>
      <trkpt lat="46.31497" lon="7.11187">
        <ele>1571.0</ele>
      </trkpt>
      <trkpt lat="46.31554" lon="7.11371">
        <ele>1591.0</ele>
      </trkpt>
      <trkpt lat="46.31558" lon="7.11515">
        <ele>1606.0</ele>
      </trkpt>
      <trkpt lat="46.31588" lon="7.11567">
        <ele>1612.0</ele>
      </trkpt>
      <trkpt lat="46.31604" lon="7.11633">
        <ele>1618.0</ele>
      </trkpt>
      <trkpt lat="46.31642" lon="7.1169">
        <ele>1624.0</ele>
      </trkpt>
      <trkpt lat="46.31641" lon="7.11724">
        <ele>1626.0</ele>
      </trkpt>
      <trkpt lat="46.31612" lon="7.11773">
        <ele>1630.0</ele>
      </trkpt>
      <trkpt lat="46.31638" lon="7.11853">
        <ele>1635.0</ele>
      </trkpt>
      <trkpt lat="46.31689" lon="7.11909">
        <ele>1640.0</ele>
      </trkpt>
      <trkpt lat="46.31754" lon="7.11923">
        <ele>1644.0</ele>
      </trkpt>
      <trkpt lat="46.31887" lon="7.11911">
        <ele>1655.0</ele>
      </trkpt>
      <trkpt lat="46.31967" lon="7.11867">
        <ele>1671.0</ele>
      </trkpt>
      <trkpt lat="46.32044" lon="7.11895">
        <ele>1683.0</ele>
      </trkpt>
      <trkpt lat="46.32056" lon="7.11954">
        <ele>1688.0</ele>
      </trkpt>
      <trkpt lat="46.32132" lon="7.12149">
        <ele>1703.0</ele>
      </trkpt>
      <trkpt lat="46.32185" lon="7.12192">
        <ele>1713.0</ele>
      </trkpt>
      <trkpt lat="46.32186" lon="7.12304">
        <ele>1718.0</ele>
      </trkpt>
      <trkpt lat="46.32211" lon="7.12402">
        <ele>1723.0</ele>
      </trkpt>
      <trkpt lat="46.32281" lon="7.12469">
        <ele>1731.0</ele>
      </trkpt>
      <trkpt lat="46.32238" lon="7.12623">
        <ele>1739.0</ele>
      </trkpt>
      <trkpt lat="46.32263" lon="7.12703">
        <ele>1746.0</ele>
      </trkpt>
      <trkpt lat="46.32268" lon="7.12773">
        <ele>1752.0</ele>
      </trkpt>
      <trkpt lat="46.32286" lon="7.12764">
        <ele>1754.0</ele>
      </trkpt>
      <trkpt lat="46.3229" lon="7.12671">
        <ele>1760.0</ele>
      </trkpt>
      <trkpt lat="46.3233" lon="7.12617">
        <ele>1765.0</ele>
      </trkpt>
      <trkpt lat="46.32406" lon="7.12624">
        <ele>1771.0</ele>
      </trkpt>
      <trkpt lat="46.32498" lon="7.12683">
        <ele>1771.0</ele>
      </trkpt>
      <trkpt lat="46.32563" lon="7.12661">
        <ele>1770.0</ele>
      </trkpt>
      <trkpt lat="46.3265" lon="7.12493">
        <ele>1765.0</ele>
      </trkpt>
      <trkpt lat="46.32717" lon="7.12416">
        <ele>1758.0</ele>
      </trkpt>
      <trkpt lat="46.32845" lon="7.12454">
        <ele>1744.0</ele>
      </trkpt>
      <trkpt lat="46.32948" lon="7.12546">
        <ele>1736.0</ele>
      </trkpt>
      <trkpt lat="46.33017" lon="7.12703">
        <ele>1729.0</ele>
      </trkpt>
      <trkpt lat="46.33077" lon="7.12756">
        <ele>1724.0</ele>
      </trkpt>
      <trkpt lat="46.33103" lon="7.12815">
        <ele>1721.0</ele>
      </trkpt>
      <trkpt lat="46.33135" lon="7.12934">
        <ele>1715.0</ele>
      </trkpt>
      <trkpt lat="46.3315" lon="7.13129">
        <ele>1699.0</ele>
      </trkpt>
      <trkpt lat="46.33108" lon="7.13292">
        <ele>1687.0</ele>
      </trkpt>
      <trkpt lat="46.33114" lon="7.13687">
        <ele>1667.0</ele>
      </trkpt>
      <trkpt lat="46.33106" lon="7.13706">
        <ele>1665.0</ele>
      </trkpt>
      <trkpt lat="46.33091" lon="7.13693">
        <ele>1664.0</ele>
      </trkpt>
      <trkpt lat="46.33075" lon="7.1353">
        <ele>1659.0</ele>
      </trkpt>
      <trkpt lat="46.33017" lon="7.13343">
        <ele>1643.0</ele>
      </trkpt>
      <trkpt lat="46.32951" lon="7.13273">
        <ele>1632.0</ele>
      </trkpt>
      <trkpt lat="46.329" lon="7.13173">
        <ele>1626.0</ele>
      </trkpt>
      <trkpt lat="46.32816" lon="7.13126">
        <ele>1619.0</ele>
      </trkpt>
      <trkpt lat="46.32802" lon="7.13135">
        <ele>1618.0</ele>
      </trkpt>
      <trkpt lat="46.32926" lon="7.134">
        <ele>1600.0</ele>
      </trkpt>
      <trkpt lat="46.32932" lon="7.13622">
        <ele>1587.0</ele>
      </trkpt>
      <trkpt lat="46.32906" lon="7.13784">
        <ele>1574.0</ele>
      </trkpt>
      <trkpt lat="46.32903" lon="7.13995">
        <ele>1560.0</ele>
      </trkpt>
      <trkpt lat="46.32872" lon="7.14122">
        <ele>1549.0</ele>
      </trkpt>
      <trkpt lat="46.32877" lon="7.14174">
        <ele>1545.0</ele>
      </trkpt>
      <trkpt lat="46.32925" lon="7.14234">
        <ele>1540.0</ele>
      </trkpt>
      <trkpt lat="46.33049" lon="7.14288">
        <ele>1532.0</ele>
      </trkpt>
      <trkpt lat="46.33097" lon="7.14325">
        <ele>1530.0</ele>
      </trkpt>
      <trkpt lat="46.33171" lon="7.14336">
        <ele>1526.0</ele>
      </trkpt>
      <trkpt lat="46.33217" lon="7.14386">
        <ele>1519.0</ele>
      </trkpt>
      <trkpt lat="46.33282" lon="7.14401">
        <ele>1509.0</ele>
      </trkpt>
      <trkpt lat="46.33302" lon="7.14486">
        <ele>1500.0</ele>
      </trkpt>
      <trkpt lat="46.33323" lon="7.14516">
        <ele>1497.0</ele>
      </trkpt>
      <trkpt lat="46.33355" lon="7.14521">
        <ele>1495.0</ele>
      </trkpt>
      <trkpt lat="46.33407" lon="7.145">
        <ele>1492.0</ele>
      </trkpt>
      <trkpt lat="46.33422" lon="7.1452">
        <ele>1491.0</ele>
      </trkpt>
      <trkpt lat="46.33443" lon="7.14651">
        <ele>1484.0</ele>
      </trkpt>
      <trkpt lat="46.3354" lon="7.14771">
        <ele>1469.0</ele>
      </trkpt>
      <trkpt lat="46.3363" lon="7.14857">
        <ele>1459.0</ele>
      </trkpt>
      <trkpt lat="46.3365" lon="7.14915">
        <ele>1453.0</ele>
      </trkpt>
      <trkpt lat="46.33726" lon="7.1498">
        <ele>1446.0</ele>
      </trkpt>
      <trkpt lat="46.33756" lon="7.15037">
        <ele>1440.0</ele>
      </trkpt>
      <trkpt lat="46.33932" lon="7.15083">
        <ele>1426.0</ele>
      </trkpt>
      <trkpt lat="46.33982" lon="7.15068">
        <ele>1421.0</ele>
      </trkpt>
      <trkpt lat="46.34041" lon="7.1499">
        <ele>1416.0</ele>
      </trkpt>
      <trkpt lat="46.34092" lon="7.14817">
        <ele>1412.0</ele>
      </trkpt>
      <trkpt lat="46.34129" lon="7.14798">
        <ele>1409.0</ele>
      </trkpt>
      <trkpt lat="46.34209" lon="7.14819">
        <ele>1398.0</ele>
      </trkpt>
      <trkpt lat="46.34295" lon="7.14802">
        <ele>1387.0</ele>
      </trkpt>
      <trkpt lat="46.34454" lon="7.1466">
        <ele>1374.0</ele>
      </trkpt>
      <trkpt lat="46.34554" lon="7.14625">
        <ele>1361.0</ele>
      </trkpt>
      <trkpt lat="46.34656" lon="7.14517">
        <ele>1347.0</ele>
      </trkpt>
      <trkpt lat="46.34706" lon="7.1441">
        <ele>1340.0</ele>
      </trkpt>
      <trkpt lat="46.34723" lon="7.14414">
        <ele>1337.0</ele>
      </trkpt>
      <trkpt lat="46.34646" lon="7.14623">
        <ele>1330.0</ele>
      </trkpt>
      <trkpt lat="46.34601" lon="7.14694">
        <ele>1326.0</ele>
      </trkpt>
      <trkpt lat="46.34512" lon="7.14782">
        <ele>1315.0</ele>
      </trkpt>
      <trkpt lat="46.34427" lon="7.14971">
        <ele>1300.0</ele>
      </trkpt>
      <trkpt lat="46.34369" lon="7.15024">
        <ele>1291.0</ele>
      </trkpt>
      <trkpt lat="46.34266" lon="7.15174">
        <ele>1281.0</ele>
      </trkpt>
      <trkpt lat="46.34106" lon="7.15468">
        <ele>1266.0</ele>
      </trkpt>
      <trkpt lat="46.33972" lon="7.15634">
        <ele>1241.0</ele>
      </trkpt>
      <trkpt lat="46.33958" lon="7.15751">
        <ele>1232.0</ele>
      </trkpt>
      <trkpt lat="46.33905" lon="7.15784">
        <ele>1226.0</ele>
      </trkpt>
      <trkpt lat="46.33902" lon="7.1582">
        <ele>1224.0</ele>
      </trkpt>
      <trkpt lat="46.34062" lon="7.15843">
        <ele>1212.0</ele>
      </trkpt>
      <trkpt lat="46.34417" lon="7.15594">
        <ele>1183.0</ele>
      </trkpt>
      <trkpt lat="46.34499" lon="7.15566">
        <ele>1176.0</ele>
      </trkpt>
      <trkpt lat="46.34658" lon="7.15543">
        <ele>1167.0</ele>
      </trkpt>
      <trkpt lat="46.34704" lon="7.15556">
        <ele>1165.0</ele>
      </trkpt>
      <trkpt lat="46.34744" lon="7.15602">
        <ele>1164.0</ele>
      </trkpt>
      <trkpt lat="46.34863" lon="7.15831">
        <ele>1165.0</ele>
      </trkpt>
      <trkpt lat="46.34924" lon="7.15754">
        <ele>1164.0</ele>
      </trkpt>
      <trkpt lat="46.34992" lon="7.1572">
        <ele>1161.0</ele>
      </trkpt>
      <trkpt lat="46.35048" lon="7.15624">
        <ele>1159.0</ele>
      </trkpt>
      <trkpt lat="46.35113" lon="7.15548">
        <ele>1157.0</ele>
      </trkpt>
      <trkpt lat="46.35199" lon="7.15319">
        <ele>1157.0</ele>
      </trkpt>
      <trkpt lat="46.35263" lon="7.15251">
        <ele>1159.0</ele>
      </trkpt>
      <trkpt lat="46.35289" lon="7.15244">
        <ele>1159.0</ele>
      </trkpt>
      <trkpt lat="46.35321" lon="7.15167">
        <ele>1158.0</ele>
      </trkpt>
      <trkpt lat="46.35486" lon="7.14879">
        <ele>1149.0</ele>
      </trkpt>
      <trkpt lat="46.35564" lon="7.14515">
        <ele>1154.0</ele>
      </trkpt>
      <trkpt lat="46.35572" lon="7.1411">
        <ele>1160.0</ele>
      </trkpt>
      <trkpt lat="46.35602" lon="7.13956">
        <ele>1159.0</ele>
      </trkpt>
      <trkpt lat="46.35574" lon="7.13779">
        <ele>1159.0</ele>
      </trkpt>
      <trkpt lat="46.35574" lon="7.13677">
        <ele>1156.0</ele>
      </trkpt>
      <trkpt lat="46.3551" lon="7.13549">
        <ele>1152.0</ele>
      </trkpt>
      <trkpt lat="46.35509" lon="7.13493">
        <ele>1150.0</ele>
      </trkpt>
      <trkpt lat="46.35521" lon="7.13316">
        <ele>1142.0</ele>
      </trkpt>
      <trkpt lat="46.35578" lon="7.1316">
        <ele>1136.0</ele>
      </trkpt>
      <trkpt lat="46.35584" lon="7.13062">
        <ele>1133.0</ele>
      </trkpt>
      <trkpt lat="46.35627" lon="7.12879">
        <ele>1131.0</ele>
      </trkpt>
      <trkpt lat="46.35594" lon="7.12705">
        <ele>1127.0</ele>
      </trkpt>
      <trkpt lat="46.35532" lon="7.12574">
        <ele>1123.0</ele>
      </trkpt>
      <trkpt lat="46.35501" lon="7.12421">
        <ele>1120.0</ele>
      </trkpt>
      <trkpt lat="46.35489" lon="7.12282">
        <ele>1115.0</ele>
      </trkpt>
      <trkpt lat="46.35488" lon="7.12178">
        <ele>1115.0</ele>
      </trkpt>
      <trkpt lat="46.35517" lon="7.12073">
        <ele>1118.0</ele>
      </trkpt>
      <trkpt lat="46.35508" lon="7.11913">
        <ele>1118.0</ele>
      </trkpt>
      <trkpt lat="46.35539" lon="7.11742">
        <ele>1115.0</ele>
      </trkpt>
      <trkpt lat="46.35453" lon="7.11618">
        <ele>1109.0</ele>
      </trkpt>
      <trkpt lat="46.35413" lon="7.11499">
        <ele>1106.0</ele>
      </trkpt>
      <trkpt lat="46.35442" lon="7.11435">
        <ele>1106.0</ele>
      </trkpt>
      <trkpt lat="46.35509" lon="7.1119">
        <ele>1108.0</ele>
      </trkpt>
      <trkpt lat="46.35568" lon="7.1111">
        <ele>1110.0</ele>
      </trkpt>
      <trkpt lat="46.35621" lon="7.11079">
        <ele>1110.0</ele>
      </trkpt>
      <trkpt lat="46.3564" lon="7.11048">
        <ele>1108.0</ele>
      </trkpt>
      <trkpt lat="46.35632" lon="7.10908">
        <ele>1104.0</ele>
      </trkpt>
      <trkpt lat="46.35679" lon="7.10678">
        <ele>1099.0</ele>
      </trkpt>
      <trkpt lat="46.35699" lon="7.10499">
        <ele>1099.0</ele>
      </trkpt>
      <trkpt lat="46.35744" lon="7.10347">
        <ele>1106.0</ele>
      </trkpt>
      <trkpt lat="46.35765" lon="7.10196">
        <ele>1111.0</ele>
      </trkpt>
      <trkpt lat="46.35817" lon="7.10056">
        <ele>1113.0</ele>
      </trkpt>
      <trkpt lat="46.3581" lon="7.10027">
        <ele>1113.0</ele>
      </trkpt>
      <trkpt lat="46.35758" lon="7.09997">
        <ele>1111.0</ele>
      </trkpt>
      <trkpt lat="46.3574" lon="7.09959">
        <ele>1110.0</ele>
      </trkpt>
      <trkpt lat="46.35742" lon="7.09846">
        <ele>1108.0</ele>
      </trkpt>
      <trkpt lat="46.3577" lon="7.09771">
        <ele>1107.0</ele>
      </trkpt>
      <trkpt lat="46.35757" lon="7.09708">
        <ele>1106.0</ele>
      </trkpt>
      <trkpt lat="46.35766" lon="7.09661">
        <ele>1106.0</ele>
      </trkpt>
      <trkpt lat="46.35755" lon="7.09567">
        <ele>1106.0</ele>
      </trkpt>
      <trkpt lat="46.35837" lon="7.09284">
        <ele>1105.0</ele>
      </trkpt>
      <trkpt lat="46.35916" lon="7.09182">
        <ele>1094.0</ele>
      </trkpt>
      <trkpt lat="46.35946" lon="7.0906">
        <ele>1091.0</ele>
      </trkpt>
      <trkpt lat="46.35952" lon="7.08931">
        <ele>1089.0</ele>
      </trkpt>
      <trkpt lat="46.3598" lon="7.0884">
        <ele>1088.0</ele>
      </trkpt>
      <trkpt lat="46.36014" lon="7.0879">
        <ele>1088.0</ele>
      </trkpt>
      <trkpt lat="46.35987" lon="7.08725">
        <ele>1088.0</ele>
      </trkpt>
      <trkpt lat="46.35984" lon="7.08587">
        <ele>1088.0</ele>
      </trkpt>
      <trkpt lat="46.35936" lon="7.08394">
        <ele>1088.0</ele>
      </trkpt>
      <trkpt lat="46.35915" lon="7.0813">
        <ele>1091.0</ele>
      </trkpt>
      <trkpt lat="46.35992" lon="7.07821">
        <ele>1087.0</ele>
      </trkpt>
      <trkpt lat="46.3603" lon="7.0775">
        <ele>1084.77</ele>
      </trkpt>
      <trkpt lat="46.36151" lon="7.07001">
        <ele>1073.59</ele>
      </trkpt>
      <trkpt lat="46.36139" lon="7.06883">
        <ele>1075.0</ele>
      </trkpt>
      <trkpt lat="46.36095" lon="7.06736">
        <ele>1088.0</ele>
      </trkpt>
      <trkpt lat="46.36047" lon="7.06666">
        <ele>1092.0</ele>
      </trkpt>
      <trkpt lat="46.36021" lon="7.06567">
        <ele>1091.0</ele>
      </trkpt>
      <trkpt lat="46.35955" lon="7.06466">
        <ele>1080.0</ele>
      </trkpt>
      <trkpt lat="46.35948" lon="7.06346">
        <ele>1072.0</ele>
      </trkpt>
      <trkpt lat="46.35965" lon="7.06232">
        <ele>1063.0</ele>
      </trkpt>
      <trkpt lat="46.36049" lon="7.06031">
        <ele>1049.0</ele>
      </trkpt>
      <trkpt lat="46.36062" lon="7.05824">
        <ele>1033.0</ele>
      </trkpt>
      <trkpt lat="46.36106" lon="7.0576">
        <ele>1026.0</ele>
      </trkpt>
      <trkpt lat="46.36113" lon="7.05719">
        <ele>1022.0</ele>
      </trkpt>
      <trkpt lat="46.36104" lon="7.05688">
        <ele>1020.0</ele>
      </trkpt>
      <trkpt lat="46.36074" lon="7.05665">
        <ele>1016.0</ele>
      </trkpt>
      <trkpt lat="46.35926" lon="7.05647">
        <ele>1006.0</ele>
      </trkpt>
      <trkpt lat="46.35906" lon="7.05625">
        <ele>1003.0</ele>
      </trkpt>
      <trkpt lat="46.35902" lon="7.05597">
        <ele>1002.0</ele>
      </trkpt>
      <trkpt lat="46.35912" lon="7.05569">
        <ele>1000.0</ele>
      </trkpt>
      <trkpt lat="46.35935" lon="7.05556">
        <ele>999.0</ele>
      </trkpt>
      <trkpt lat="46.36023" lon="7.05563">
        <ele>993.0</ele>
      </trkpt>
      <trkpt lat="46.36051" lon="7.05523">
        <ele>989.0</ele>
      </trkpt>
      <trkpt lat="46.36059" lon="7.05291">
        <ele>976.0</ele>
      </trkpt>
      <trkpt lat="46.36097" lon="7.04967">
        <ele>970.0</ele>
      </trkpt>
      <trkpt lat="46.36059" lon="7.04909">
        <ele>974.0</ele>
      </trkpt>
      <trkpt lat="46.35881" lon="7.04851">
        <ele>974.0</ele>
      </trkpt>
      <trkpt lat="46.35761" lon="7.04766">
        <ele>962.0</ele>
      </trkpt>
      <trkpt lat="46.35636" lon="7.04863">
        <ele>946.0</ele>
      </trkpt>
      <trkpt lat="46.35538" lon="7.04882">
        <ele>936.0</ele>
      </trkpt>
      <trkpt lat="46.35489" lon="7.04853">
        <ele>933.0</ele>
      </trkpt>
      <trkpt lat="46.35452" lon="7.04885">
        <ele>932.0</ele>
      </trkpt>
      <trkpt lat="46.35421" lon="7.04875">
        <ele>931.0</ele>
      </trkpt>
      <trkpt lat="46.35357" lon="7.0483">
        <ele>926.0</ele>
      </trkpt>
      <trkpt lat="46.35147" lon="7.04589">
        <ele>910.0</ele>
      </trkpt>
      <trkpt lat="46.35124" lon="7.04528">
        <ele>910.0</ele>
      </trkpt>
      <trkpt lat="46.35075" lon="7.04476">
        <ele>909.0</ele>
      </trkpt>
      <trkpt lat="46.35006" lon="7.0424">
        <ele>904.0</ele>
      </trkpt>
      <trkpt lat="46.34989" lon="7.04214">
        <ele>903.0</ele>
      </trkpt>
      <trkpt lat="46.34835" lon="7.04143">
        <ele>900.0</ele>
      </trkpt>
      <trkpt lat="46.34681" lon="7.04115">
        <ele>898.0</ele>
      </trkpt>
      <trkpt lat="46.3456" lon="7.0407">
        <ele>889.0</ele>
      </trkpt>
      <trkpt lat="46.34412" lon="7.03956">
        <ele>878.0</ele>
      </trkpt>
      <trkpt lat="46.34253" lon="7.03858">
        <ele>871.0</ele>
      </trkpt>
      <trkpt lat="46.34007" lon="7.03625">
        <ele>864.0</ele>
      </trkpt>
      <trkpt lat="46.33918" lon="7.03465">
        <ele>854.0</ele>
      </trkpt>
      <trkpt lat="46.33872" lon="7.03327">
        <ele>850.0</ele>
      </trkpt>
      <trkpt lat="46.3377" lon="7.03223">
        <ele>848.0</ele>
      </trkpt>
      <trkpt lat="46.33603" lon="7.0294">
        <ele>829.0</ele>
      </trkpt>
      <trkpt lat="46.33574" lon="7.02809">
        <ele>821.0</ele>
      </trkpt>
      <trkpt lat="46.33599" lon="7.02743">
        <ele>818.0</ele>
      </trkpt>
      <trkpt lat="46.33619" lon="7.02634">
        <ele>815.0</ele>
      </trkpt>
      <trkpt lat="46.33477" lon="7.02359">
        <ele>805.0</ele>
      </trkpt>
      <trkpt lat="46.33372" lon="7.02189">
        <ele>793.0</ele>
      </trkpt>
      <trkpt lat="46.3329" lon="7.02142">
        <ele>784.0</ele>
      </trkpt>
      <trkpt lat="46.3325" lon="7.02078">
        <ele>780.0</ele>
      </trkpt>
      <trkpt lat="46.33207" lon="7.02039">
        <ele>774.0</ele>
      </trkpt>
      <trkpt lat="46.33091" lon="7.01991">
        <ele>759.0</ele>
      </trkpt>
      <trkpt lat="46.33013" lon="7.01823">
        <ele>752.0</ele>
      </trkpt>
      <trkpt lat="46.32928" lon="7.01755">
        <ele>742.0</ele>
      </trkpt>
      <trkpt lat="46.32909" lon="7.01602">
        <ele>732.0</ele>
      </trkpt>
      <trkpt lat="46.3293" lon="7.0153">
        <ele>729.0</ele>
      </trkpt>
      <trkpt lat="46.32926" lon="7.01484">
        <ele>729.0</ele>
      </trkpt>
      <trkpt lat="46.32844" lon="7.01364">
        <ele>727.0</ele>
      </trkpt>
      <trkpt lat="46.32746" lon="7.01256">
        <ele>711.0</ele>
      </trkpt>
      <trkpt lat="46.32685" lon="7.01132">
        <ele>701.0</ele>
      </trkpt>
      <trkpt lat="46.32599" lon="7.01011">
        <ele>702.0</ele>
      </trkpt>
      <trkpt lat="46.32484" lon="7.0074">
        <ele>692.0</ele>
      </trkpt>
      <trkpt lat="46.32452" lon="7.00592">
        <ele>672.0</ele>
      </trkpt>
      <trkpt lat="46.32303" lon="7.00339">
        <ele>652.0</ele>
      </trkpt>
      <trkpt lat="46.3224" lon="7.00172">
        <ele>652.0</ele>
      </trkpt>
      <trkpt lat="46.32205" lon="7.00006">
        <ele>650.0</ele>
      </trkpt>
      <trkpt lat="46.32139" lon="6.99909">
        <ele>641.0</ele>
      </trkpt>
      <trkpt lat="46.32133" lon="6.99864">
        <ele>638.0</ele>
      </trkpt>
      <trkpt lat="46.32148" lon="6.99776">
        <ele>633.0</ele>
      </trkpt>
      <trkpt lat="46.32132" lon="6.99745">
        <ele>631.0</ele>
      </trkpt>
      <trkpt lat="46.32104" lon="6.99767">
        <ele>629.0</ele>
      </trkpt>
      <trkpt lat="46.32091" lon="6.99981">
        <ele>622.0</ele>
      </trkpt>
      <trkpt lat="46.3212" lon="7.00033">
        <ele>622.0</ele>
      </trkpt>
      <trkpt lat="46.32177" lon="7.00055">
        <ele>623.0</ele>
      </trkpt>
      <trkpt lat="46.3218" lon="7.0008">
        <ele>623.0</ele>
      </trkpt>
      <trkpt lat="46.32156" lon="7.00085">
        <ele>623.0</ele>
      </trkpt>
      <trkpt lat="46.32086" lon="7.00031">
        <ele>618.0</ele>
      </trkpt>
      <trkpt lat="46.32066" lon="6.99998">
        <ele>613.0</ele>
      </trkpt>
      <trkpt lat="46.32046" lon="6.99876">
        <ele>605.0</ele>
      </trkpt>
      <trkpt lat="46.31979" lon="6.99667">
        <ele>580.0</ele>
      </trkpt>
      <trkpt lat="46.3197" lon="6.99552">
        <ele>576.0</ele>
      </trkpt>
      <trkpt lat="46.31993" lon="6.99471">
        <ele>575.0</ele>
      </trkpt>
      <trkpt lat="46.31892" lon="6.99152">
        <ele>541.0</ele>
      </trkpt>
      <trkpt lat="46.31883" lon="6.98984">
        <ele>536.0</ele>
      </trkpt>
      <trkpt lat="46.31856" lon="6.98848">
        <ele>530.0</ele>
      </trkpt>
      <trkpt lat="46.31854" lon="6.98731">
        <ele>519.0</ele>
      </trkpt>
      <trkpt lat="46.31827" lon="6.98603">
        <ele>509.0</ele>
      </trkpt>
      <trkpt lat="46.31823" lon="6.98524">
        <ele>503.0</ele>
      </trkpt>
      <trkpt lat="46.31815" lon="6.98534">
        <ele>502.0</ele>
      </trkpt>
      <trkpt lat="46.3182" lon="6.98781">
        <ele>490.0</ele>
      </trkpt>
      <trkpt lat="46.31797" lon="6.98859">
        <ele>487.0</ele>
      </trkpt>
      <trkpt lat="46.31783" lon="6.98855">
        <ele>485.0</ele>
      </trkpt>
      <trkpt lat="46.31802" lon="6.98793">
        <ele>484.0</ele>
      </trkpt>
      <trkpt lat="46.31799" lon="6.98672">
        <ele>483.0</ele>
      </trkpt>
      <trkpt lat="46.31755" lon="6.98435">
        <ele>478.0</ele>
      </trkpt>
      <trkpt lat="46.31744" lon="6.98203">
        <ele>464.0</ele>
      </trkpt>
      <trkpt lat="46.31727" lon="6.98096">
        <ele>452.0</ele>
      </trkpt>
      <trkpt lat="46.31746" lon="6.98024">
        <ele>448.0</ele>
      </trkpt>
      <trkpt lat="46.31804" lon="6.97902">
        <ele>445.0</ele>
      </trkpt>
      <trkpt lat="46.31835" lon="6.97635">
        <ele>436.0</ele>
      </trkpt>
      <trkpt lat="46.31822" lon="6.97574">
        <ele>428.0</ele>
      </trkpt>
      <trkpt lat="46.31771" lon="6.9752">
        <ele>425.0</ele>
      </trkpt>
      <trkpt lat="46.31757" lon="6.97469">
        <ele>424.0</ele>
      </trkpt>
      <trkpt lat="46.31775" lon="6.97138">
        <ele>421.0</ele>
      </trkpt>
      <trkpt lat="46.31795" lon="6.97">
        <ele>420.0</ele>
      </trkpt>
      <trkpt lat="46.31738" lon="6.97014">
        <ele>418.0</ele>
      </trkpt>
      <trkpt lat="46.31684" lon="6.96991">
        <ele>417.0</ele>
      </trkpt>
      <trkpt lat="46.31657" lon="6.9679">
        <ele>413.0</ele>
      </trkpt>
      <trkpt lat="46.31586" lon="6.96713">
        <ele>412.0</ele>
      </trkpt>
      <trkpt lat="46.31509" lon="6.96592">
        <ele>409.0</ele>
      </trkpt>
      <trkpt lat="46.31476" lon="6.96596">
        <ele>408.0</ele>
      </trkpt>
      <trkpt lat="46.31253" lon="6.96745">
        <ele>408.0</ele>
      </trkpt>
      <trkpt lat="46.31184" lon="6.96732">
        <ele>407.0</ele>
      </trkpt>
      <trkpt lat="46.31047" lon="6.96744">
        <ele>404.0</ele>
      </trkpt>
      <trkpt lat="46.30923" lon="6.96719">
        <ele>403.0</ele>
      </trkpt>
      <trkpt lat="46.30724" lon="6.96786">
        <ele>402.0</ele>
      </trkpt>
      <trkpt lat="46.30632" lon="6.96761">
        <ele>400.0</ele>
      </trkpt>
      <trkpt lat="46.30536" lon="6.967">
        <ele>396.0</ele>
      </trkpt>
      <trkpt lat="46.30491" lon="6.96722">
        <ele>396.0</ele>
      </trkpt>
      <trkpt lat="46.30451" lon="6.9678">
        <ele>395.0</ele>
      </trkpt>
      <trkpt lat="46.3039" lon="6.9692">
        <ele>393.0</ele>
      </trkpt>
      <trkpt lat="46.30357" lon="6.97056">
        <ele>392.0</ele>
      </trkpt>
      <trkpt lat="46.30333" lon="6.97277">
        <ele>393.0</ele>
      </trkpt>
      <trkpt lat="46.30236" lon="6.9753">
        <ele>401.0</ele>
      </trkpt>
      <trkpt lat="46.30181" lon="6.97771">
        <ele>405.0</ele>
      </trkpt>
      <trkpt lat="46.30093" lon="6.97986">
        <ele>406.0</ele>
      </trkpt>
      <trkpt lat="46.30033" lon="6.98081">
        <ele>409.0</ele>
      </trkpt>
      <trkpt lat="46.30049" lon="6.98156">
        <ele>410.0</ele>
      </trkpt>
      <trkpt lat="46.30058" lon="6.98457">
        <ele>418.0</ele>
      </trkpt>
      <trkpt lat="46.29964" lon="6.98851">
        <ele>432.0</ele>
      </trkpt>
      <trkpt lat="46.29924" lon="6.98954">
        <ele>442.0</ele>
      </trkpt>
      <trkpt lat="46.29655" lon="6.9941">
        <ele>472.0</ele>
      </trkpt>
      <trkpt lat="46.29654" lon="6.99462">
        <ele>474.0</ele>
      </trkpt>
      <trkpt lat="46.2967" lon="6.99523">
        <ele>479.0</ele>
      </trkpt>
      <trkpt lat="46.29645" lon="6.99615">
        <ele>481.0</ele>
      </trkpt>
      <trkpt lat="46.29691" lon="6.99715">
        <ele>488.0</ele>
      </trkpt>
      <trkpt lat="46.29662" lon="6.99761">
        <ele>493.0</ele>
      </trkpt>
      <trkpt lat="46.29645" lon="6.99839">
        <ele>497.0</ele>
      </trkpt>
      <trkpt lat="46.29662" lon="6.99854">
        <ele>498.0</ele>
      </trkpt>
      <trkpt lat="46.29731" lon="6.99798">
        <ele>503.0</ele>
      </trkpt>
      <trkpt lat="46.29749" lon="6.99826">
        <ele>507.0</ele>
      </trkpt>
      <trkpt lat="46.29738" lon="6.99859">
        <ele>510.0</ele>
      </trkpt>
      <trkpt lat="46.29701" lon="6.99918">
        <ele>518.0</ele>
      </trkpt>
      <trkpt lat="46.29613" lon="6.99902">
        <ele>528.0</ele>
      </trkpt>
      <trkpt lat="46.29515" lon="6.99926">
        <ele>530.0</ele>
      </trkpt>
      <trkpt lat="46.29344" lon="7.00163">
        <ele>566.0</ele>
      </trkpt>
      <trkpt lat="46.29268" lon="7.00171">
        <ele>574.0</ele>
      </trkpt>
      <trkpt lat="46.29204" lon="7.0021">
        <ele>577.0</ele>
      </trkpt>
      <trkpt lat="46.29154" lon="7.00376">
        <ele>596.0</ele>
      </trkpt>
      <trkpt lat="46.29136" lon="7.00523">
        <ele>615.0</ele>
      </trkpt>
      <trkpt lat="46.29046" lon="7.0068">
        <ele>624.0</ele>
      </trkpt>
      <trkpt lat="46.29046" lon="7.00741">
        <ele>628.0</ele>
      </trkpt>
      <trkpt lat="46.2907" lon="7.00808">
        <ele>642.0</ele>
      </trkpt>
      <trkpt lat="46.29099" lon="7.00981">
        <ele>679.0</ele>
      </trkpt>
      <trkpt lat="46.29081" lon="7.00993">
        <ele>682.0</ele>
      </trkpt>
      <trkpt lat="46.29028" lon="7.00904">
        <ele>677.0</ele>
      </trkpt>
      <trkpt lat="46.28964" lon="7.00872">
        <ele>672.0</ele>
      </trkpt>
      <trkpt lat="46.28833" lon="7.01005">
        <ele>686.0</ele>
      </trkpt>
      <trkpt lat="46.28748" lon="7.01043">
        <ele>692.0</ele>
      </trkpt>
      <trkpt lat="46.28681" lon="7.0114">
        <ele>698.0</ele>
      </trkpt>
      <trkpt lat="46.28594" lon="7.01211">
        <ele>702.0</ele>
      </trkpt>
      <trkpt lat="46.28383" lon="7.01495">
        <ele>717.0</ele>
      </trkpt>
      <trkpt lat="46.28373" lon="7.01531">
        <ele>722.0</ele>
      </trkpt>
      <trkpt lat="46.28377" lon="7.01617">
        <ele>731.0</ele>
      </trkpt>
      <trkpt lat="46.28352" lon="7.01683">
        <ele>739.0</ele>
      </trkpt>
      <trkpt lat="46.28256" lon="7.01736">
        <ele>750.0</ele>
      </trkpt>
      <trkpt lat="46.28124" lon="7.01882">
        <ele>756.0</ele>
      </trkpt>
      <trkpt lat="46.28109" lon="7.02006">
        <ele>763.0</ele>
      </trkpt>
      <trkpt lat="46.28089" lon="7.02065">
        <ele>768.0</ele>
      </trkpt>
      <trkpt lat="46.28114" lon="7.02233">
        <ele>782.0</ele>
      </trkpt>
      <trkpt lat="46.28196" lon="7.02325">
        <ele>796.0</ele>
      </trkpt>
      <trkpt lat="46.28243" lon="7.02432">
        <ele>803.0</ele>
      </trkpt>
      <trkpt lat="46.28302" lon="7.0248">
        <ele>805.0</ele>
      </trkpt>
      <trkpt lat="46.28429" lon="7.02657">
        <ele>824.0</ele>
      </trkpt>
      <trkpt lat="46.28519" lon="7.02695">
        <ele>836.0</ele>
      </trkpt>
      <trkpt lat="46.28607" lon="7.02698">
        <ele>843.0</ele>
      </trkpt>
      <trkpt lat="46.28699" lon="7.02762">
        <ele>851.0</ele>
      </trkpt>
      <trkpt lat="46.28704" lon="7.02731">
        <ele>854.0</ele>
      </trkpt>
      <trkpt lat="46.28614" lon="7.02616">
        <ele>863.0</ele>
      </trkpt>
      <trkpt lat="46.28601" lon="7.02479">
        <ele>868.0</ele>
      </trkpt>
      <trkpt lat="46.28559" lon="7.02432">
        <ele>872.0</ele>
      </trkpt>
      <trkpt lat="46.28564" lon="7.02412">
        <ele>874.0</ele>
      </trkpt>
      <trkpt lat="46.28581" lon="7.02414">
        <ele>875.0</ele>
      </trkpt>
      <trkpt lat="46.28745" lon="7.02589">
        <ele>890.0</ele>
      </trkpt>
      <trkpt lat="46.28888" lon="7.02708">
        <ele>915.0</ele>
      </trkpt>
      <trkpt lat="46.28968" lon="7.02845">
        <ele>926.0</ele>
      </trkpt>
      <trkpt lat="46.28999" lon="7.02981">
        <ele>937.0</ele>
      </trkpt>
      <trkpt lat="46.29013" lon="7.02994">
        <ele>940.0</ele>
      </trkpt>
      <trkpt lat="46.29023" lon="7.02976">
        <ele>942.0</ele>
      </trkpt>
      <trkpt lat="46.2901" lon="7.0285">
        <ele>949.0</ele>
      </trkpt>
      <trkpt lat="46.28973" lon="7.02692">
        <ele>955.0</ele>
      </trkpt>
      <trkpt lat="46.28952" lon="7.02532">
        <ele>962.0</ele>
      </trkpt>
      <trkpt lat="46.28897" lon="7.02362">
        <ele>971.0</ele>
      </trkpt>
      <trkpt lat="46.28811" lon="7.02229">
        <ele>976.0</ele>
      </trkpt>
      <trkpt lat="46.28796" lon="7.02154">
        <ele>978.0</ele>
      </trkpt>
      <trkpt lat="46.28815" lon="7.02153">
        <ele>980.0</ele>
      </trkpt>
      <trkpt lat="46.28816" lon="7.02207">
        <ele>983.0</ele>
      </trkpt>
      <trkpt lat="46.28841" lon="7.02245">
        <ele>985.0</ele>
      </trkpt>
      <trkpt lat="46.28955" lon="7.0228">
        <ele>993.0</ele>
      </trkpt>
      <trkpt lat="46.2902" lon="7.02325">
        <ele>997.0</ele>
      </trkpt>
      <trkpt lat="46.2916" lon="7.02576">
        <ele>1015.0</ele>
      </trkpt>
      <trkpt lat="46.29176" lon="7.02742">
        <ele>1025.0</ele>
      </trkpt>
      <trkpt lat="46.29425" lon="7.03298">
        <ele>1072.0</ele>
      </trkpt>
      <trkpt lat="46.29464" lon="7.03356">
        <ele>1081.0</ele>
      </trkpt>
      <trkpt lat="46.29518" lon="7.03526">
        <ele>1089.0</ele>
      </trkpt>
      <trkpt lat="46.29589" lon="7.03697">
        <ele>1098.0</ele>
      </trkpt>
      <trkpt lat="46.2961" lon="7.03824">
        <ele>1103.0</ele>
      </trkpt>
      <trkpt lat="46.29754" lon="7.03888">
        <ele>1126.0</ele>
      </trkpt>
      <trkpt lat="46.29832" lon="7.03974">
        <ele>1139.0</ele>
      </trkpt>
      <trkpt lat="46.29847" lon="7.04038">
        <ele>1145.0</ele>
      </trkpt>
      <trkpt lat="46.29858" lon="7.04044">
        <ele>1147.0</ele>
      </trkpt>
      <trkpt lat="46.29869" lon="7.04024">
        <ele>1149.0</ele>
      </trkpt>
      <trkpt lat="46.29856" lon="7.03868">
        <ele>1158.0</ele>
      </trkpt>
      <trkpt lat="46.29834" lon="7.03819">
        <ele>1164.0</ele>
      </trkpt>
      <trkpt lat="46.29854" lon="7.03804">
        <ele>1166.0</ele>
      </trkpt>
      <trkpt lat="46.29991" lon="7.04049">
        <ele>1187.0</ele>
      </trkpt>
      <trkpt lat="46.30194" lon="7.0456">
        <ele>1218.0</ele>
      </trkpt>
      <trkpt lat="46.30205" lon="7.04616">
        <ele>1222.0</ele>
      </trkpt>
      <trkpt lat="46.30184" lon="7.04844">
        <ele>1227.0</ele>
      </trkpt>
      <trkpt lat="46.30157" lon="7.04974">
        <ele>1233.0</ele>
      </trkpt>
      <trkpt lat="46.30129" lon="7.05046">
        <ele>1236.0</ele>
      </trkpt>
      <trkpt lat="46.30195" lon="7.05194">
        <ele>1245.0</ele>
      </trkpt>
      <trkpt lat="46.30271" lon="7.05433">
        <ele>1263.0</ele>
      </trkpt>
      <trkpt lat="46.30317" lon="7.05503">
        <ele>1271.0</ele>
      </trkpt>
      <trkpt lat="46.30187" lon="7.05522">
        <ele>1277.0</ele>
      </trkpt>
      <trkpt lat="46.30023" lon="7.05615">
        <ele>1277.0</ele>
      </trkpt>
      <trkpt lat="46.29812" lon="7.05776">
        <ele>1287.0</ele>
      </trkpt>
      <trkpt lat="46.29796" lon="7.05799">
        <ele>1289.0</ele>
      </trkpt>
      <trkpt lat="46.29795" lon="7.05919">
        <ele>1299.0</ele>
      </trkpt>
      <trkpt lat="46.29749" lon="7.06016">
        <ele>1303.0</ele>
      </trkpt>
      <trkpt lat="46.29664" lon="7.06115">
        <ele>1307.0</ele>
      </trkpt>
      <trkpt lat="46.29584" lon="7.0615">
        <ele>1308.0</ele>
      </trkpt>
      <trkpt lat="46.2955" lon="7.06182">
        <ele>1309.0</ele>
      </trkpt>
      <trkpt lat="46.29426" lon="7.06381">
        <ele>1327.0</ele>
      </trkpt>
      <trkpt lat="46.29296" lon="7.06472">
        <ele>1359.0</ele>
      </trkpt>
      <trkpt lat="46.29255" lon="7.06585">
        <ele>1361.0</ele>
      </trkpt>
      <trkpt lat="46.29211" lon="7.06646">
        <ele>1357.0</ele>
      </trkpt>
      <trkpt lat="46.29187" lon="7.06728">
        <ele>1357.0</ele>
      </trkpt>
      <trkpt lat="46.29191" lon="7.06787">
        <ele>1356.0</ele>
      </trkpt>
      <trkpt lat="46.29217" lon="7.06892">
        <ele>1355.0</ele>
      </trkpt>
      <trkpt lat="46.29267" lon="7.06999">
        <ele>1356.0</ele>
      </trkpt>
      <trkpt lat="46.29419" lon="7.07203">
        <ele>1377.0</ele>
      </trkpt>
      <trkpt lat="46.2954" lon="7.0731">
        <ele>1391.0</ele>
      </trkpt>
      <trkpt lat="46.2965" lon="7.07318">
        <ele>1393.0</ele>
      </trkpt>
      <trkpt lat="46.2972" lon="7.0737">
        <ele>1396.0</ele>
      </trkpt>
      <trkpt lat="46.29778" lon="7.07385">
        <ele>1397.0</ele>
      </trkpt>
      <trkpt lat="46.29883" lon="7.07496">
        <ele>1402.0</ele>
      </trkpt>
      <trkpt lat="46.29886" lon="7.07671">
        <ele>1403.0</ele>
      </trkpt>
      <trkpt lat="46.29985" lon="7.07999">
        <ele>1405.0</ele>
      </trkpt>
      <trkpt lat="46.30006" lon="7.08162">
        <ele>1405.0</ele>
      </trkpt>
      <trkpt lat="46.30052" lon="7.08267">
        <ele>1407.0</ele>
      </trkpt>
      <trkpt lat="46.30206" lon="7.08439">
        <ele>1417.0</ele>
      </trkpt>
      <trkpt lat="46.30364" lon="7.08653">
        <ele>1415.0</ele>
      </trkpt>
      <trkpt lat="46.3042" lon="7.08674">
        <ele>1422.0</ele>
      </trkpt>
      <trkpt lat="46.30467" lon="7.08753">
        <ele>1418.0</ele>
      </trkpt>
      <trkpt lat="46.30498" lon="7.08885">
        <ele>1415.0</ele>
      </trkpt>
      <trkpt lat="46.3056" lon="7.08988">
        <ele>1417.0</ele>
      </trkpt>
      <trkpt lat="46.30592" lon="7.09202">
        <ele>1419.0</ele>
      </trkpt>
      <trkpt lat="46.30671" lon="7.09309">
        <ele>1424.0</ele>
      </trkpt>
      <trkpt lat="46.30686" lon="7.09461">
        <ele>1428.0</ele>
      </trkpt>
      <trkpt lat="46.30744" lon="7.09576">
        <ele>1431.0</ele>
      </trkpt>
      <trkpt lat="46.30762" lon="7.09667">
        <ele>1439.0</ele>
      </trkpt>
      <trkpt lat="46.30782" lon="7.09692">
        <ele>1444.0</ele>
      </trkpt>
      <trkpt lat="46.30826" lon="7.09703">
        <ele>1450.0</ele>
      </trkpt>
      <trkpt lat="46.30869" lon="7.09768">
        <ele>1452.0</ele>
      </trkpt>
      <trkpt lat="46.30919" lon="7.09785">
        <ele>1456.0</ele>
      </trkpt>
      <trkpt lat="46.30956" lon="7.09827">
        <ele>1460.0</ele>
      </trkpt>
      <trkpt lat="46.30969" lon="7.10107">
        <ele>1475.0</ele>
      </trkpt>
      <trkpt lat="46.30987" lon="7.10151">
        <ele>1480.0</ele>
      </trkpt>
      <trkpt lat="46.31032" lon="7.10205">
        <ele>1486.0</ele>
      </trkpt>
      <trkpt lat="46.31042" lon="7.1029">
        <ele>1494.0</ele>
      </trkpt>
      <trkpt lat="46.31088" lon="7.10355">
        <ele>1500.0</ele>
      </trkpt>
      <trkpt lat="46.31121" lon="7.10377">
        <ele>1505.0</ele>
      </trkpt>
      <trkpt lat="46.31169" lon="7.10489">
        <ele>1511.0</ele>
      </trkpt>
      <trkpt lat="46.312" lon="7.10532">
        <ele>1516.0</ele>
      </trkpt>
      <trkpt lat="46.31303" lon="7.10612">
        <ele>1529.0</ele>
      </trkpt>
      <trkpt lat="46.31339" lon="7.10689">
        <ele>1535.0</ele>
      </trkpt>
      <trkpt lat="46.31356" lon="7.10814">
        <ele>1546.0</ele>
      </trkpt>
      <trkpt lat="46.31418" lon="7.10894">
        <ele>1554.0</ele>
      </trkpt>
      <trkpt lat="46.31438" lon="7.10962">
        <ele>1558.0</ele>
      </trkpt>
      <trkpt lat="46.31488" lon="7.10994">
        <ele>1563.0</ele>
      </trkpt>
      <trkpt lat="46.31497" lon="7.11187">
        <ele>1571.0</ele>
      </trkpt>
      <trkpt lat="46.31554" lon="7.11371">
        <ele>1591.0</ele>
      </trkpt>
      <trkpt lat="46.31558" lon="7.11515">
        <ele>1606.0</ele>
      </trkpt>
      <trkpt lat="46.31588" lon="7.11567">
        <ele>1612.0</ele>
      </trkpt>
      <trkpt lat="46.31604" lon="7.11633">
        <ele>1618.0</ele>
      </trkpt>
      <trkpt lat="46.31642" lon="7.1169">
        <ele>1624.0</ele>
      </trkpt>
      <trkpt lat="46.31641" lon="7.11724">
        <ele>1626.0</ele>
      </trkpt>
      <trkpt lat="46.31612" lon="7.11773">
        <ele>1630.0</ele>
      </trkpt>
      <trkpt lat="46.31638" lon="7.11853">
        <ele>1635.0</ele>
      </trkpt>
      <trkpt lat="46.31689" lon="7.11909">
        <ele>1640.0</ele>
      </trkpt>
      <trkpt lat="46.31754" lon="7.11923">
        <ele>1644.0</ele>
      </trkpt>
      <trkpt lat="46.31887" lon="7.11911">
        <ele>1655.0</ele>
      </trkpt>
      <trkpt lat="46.31967" lon="7.11867">
        <ele>1671.0</ele>
      </trkpt>
      <trkpt lat="46.32044" lon="7.11895">
        <ele>1683.0</ele>
      </trkpt>
      <trkpt lat="46.32056" lon="7.11954">
        <ele>1688.0</ele>
      </trkpt>
      <trkpt lat="46.32132" lon="7.12149">
        <ele>1703.0</ele>
      </trkpt>
      <trkpt lat="46.32185" lon="7.12192">
        <ele>1713.0</ele>
      </trkpt>
      <trkpt lat="46.32186" lon="7.12304">
        <ele>1718.0</ele>
      </trkpt>
      <trkpt lat="46.32211" lon="7.12402">
        <ele>1723.0</ele>
      </trkpt>
      <trkpt lat="46.32281" lon="7.12469">
        <ele>1731.0</ele>
      </trkpt>
      <trkpt lat="46.32238" lon="7.12623">
        <ele>1739.0</ele>
      </trkpt>
      <trkpt lat="46.32263" lon="7.12703">
        <ele>1746.0</ele>
      </trkpt>
      <trkpt lat="46.32268" lon="7.12773">
        <ele>1752.0</ele>
      </trkpt>
      <trkpt lat="46.32286" lon="7.12764">
        <ele>1754.0</ele>
      </trkpt>
      <trkpt lat="46.3229" lon="7.12671">
        <ele>1760.0</ele>
      </trkpt>
      <trkpt lat="46.3233" lon="7.12617">
        <ele>1765.0</ele>
      </trkpt>
      <trkpt lat="46.32406" lon="7.12624">
        <ele>1771.0</ele>
      </trkpt>
      <trkpt lat="46.32498" lon="7.12683">
        <ele>1771.0</ele>
      </trkpt>
      <trkpt lat="46.32563" lon="7.12661">
        <ele>1770.0</ele>
      </trkpt>
      <trkpt lat="46.3265" lon="7.12493">
        <ele>1765.0</ele>
      </trkpt>
      <trkpt lat="46.32717" lon="7.12416">
        <ele>1758.0</ele>
      </trkpt>
      <trkpt lat="46.32845" lon="7.12454">
        <ele>1744.0</ele>
      </trkpt>
      <trkpt lat="46.32948" lon="7.12546">
        <ele>1736.0</ele>
      </trkpt>
      <trkpt lat="46.33017" lon="7.12703">
        <ele>1729.0</ele>
      </trkpt>
      <trkpt lat="46.33077" lon="7.12756">
        <ele>1724.0</ele>
      </trkpt>
      <trkpt lat="46.33103" lon="7.12815">
        <ele>1721.0</ele>
      </trkpt>
      <trkpt lat="46.33135" lon="7.12934">
        <ele>1715.0</ele>
      </trkpt>
      <trkpt lat="46.3315" lon="7.13129">
        <ele>1699.0</ele>
      </trkpt>
      <trkpt lat="46.33108" lon="7.13292">
        <ele>1687.0</ele>
      </trkpt>
      <trkpt lat="46.33114" lon="7.13687">
        <ele>1667.0</ele>
      </trkpt>
      <trkpt lat="46.33106" lon="7.13706">
        <ele>1665.0</ele>
      </trkpt>
      <trkpt lat="46.33091" lon="7.13693">
        <ele>1664.0</ele>
      </trkpt>
      <trkpt lat="46.33075" lon="7.1353">
        <ele>1659.0</ele>
      </trkpt>
      <trkpt lat="46.33017" lon="7.13343">
        <ele>1643.0</ele>
      </trkpt>
      <trkpt lat="46.32951" lon="7.13273">
        <ele>1632.0</ele>
      </trkpt>
      <trkpt lat="46.329" lon="7.13173">
        <ele>1626.0</ele>
      </trkpt>
      <trkpt lat="46.32816" lon="7.13126">
        <ele>1619.0</ele>
      </trkpt>
      <trkpt lat="46.32802" lon="7.13135">
        <ele>1618.0</ele>
      </trkpt>
      <trkpt lat="46.32926" lon="7.134">
        <ele>1600.0</ele>
      </trkpt>
      <trkpt lat="46.32932" lon="7.13622">
        <ele>1587.0</ele>
      </trkpt>
      <trkpt lat="46.32906" lon="7.13784">
        <ele>1574.0</ele>
      </trkpt>
      <trkpt lat="46.32903" lon="7.13995">
        <ele>1560.0</ele>
      </trkpt>
      <trkpt lat="46.32872" lon="7.14122">
        <ele>1549.0</ele>
      </trkpt>
      <trkpt lat="46.32877" lon="7.14174">
        <ele>1545.0</ele>
      </trkpt>
      <trkpt lat="46.32925" lon="7.14234">
        <ele>1540.0</ele>
      </trkpt>
      <trkpt lat="46.33049" lon="7.14288">
        <ele>1532.0</ele>
      </trkpt>
      <trkpt lat="46.33097" lon="7.14325">
        <ele>1530.0</ele>
      </trkpt>
      <trkpt lat="46.33171" lon="7.14336">
        <ele>1526.0</ele>
      </trkpt>
      <trkpt lat="46.33217" lon="7.14386">
        <ele>1519.0</ele>
      </trkpt>
      <trkpt lat="46.33282" lon="7.14401">
        <ele>1509.0</ele>
      </trkpt>
      <trkpt lat="46.33302" lon="7.14486">
        <ele>1500.0</ele>
      </trkpt>
      <trkpt lat="46.33323" lon="7.14516">
        <ele>1497.0</ele>
      </trkpt>
      <trkpt lat="46.33355" lon="7.14521">
        <ele>1495.0</ele>
      </trkpt>
      <trkpt lat="46.33407" lon="7.145">
        <ele>1492.0</ele>
      </trkpt>
      <trkpt lat="46.33422" lon="7.1452">
        <ele>1491.0</ele>
      </trkpt>
      <trkpt lat="46.33443" lon="7.14651">
        <ele>1484.0</ele>
      </trkpt>
      <trkpt lat="46.3354" lon="7.14771">
        <ele>1469.0</ele>
      </trkpt>
      <trkpt lat="46.3363" lon="7.14857">
        <ele>1459.0</ele>
      </trkpt>
      <trkpt lat="46.3365" lon="7.14915">
        <ele>1453.0</ele>
      </trkpt>
      <trkpt lat="46.33726" lon="7.1498">
        <ele>1446.0</ele>
      </trkpt>
      <trkpt lat="46.33756" lon="7.15037">
        <ele>1440.0</ele>
      </trkpt>
      <trkpt lat="46.33932" lon="7.15083">
        <ele>1426.0</ele>
      </trkpt>
      <trkpt lat="46.33982" lon="7.15068">
        <ele>1421.0</ele>
      </trkpt>
      <trkpt lat="46.34041" lon="7.1499">
        <ele>1416.0</ele>
      </trkpt>
      <trkpt lat="46.34092" lon="7.14817">
        <ele>1412.0</ele>
      </trkpt>
      <trkpt lat="46.34129" lon="7.14798">
        <ele>1409.0</ele>
      </trkpt>
      <trkpt lat="46.34209" lon="7.14819">
        <ele>1398.0</ele>
      </trkpt>
      <trkpt lat="46.34295" lon="7.14802">
        <ele>1387.0</ele>
      </trkpt>
      <trkpt lat="46.34454" lon="7.1466">
        <ele>1374.0</ele>
      </trkpt>
      <trkpt lat="46.34554" lon="7.14625">
        <ele>1361.0</ele>
      </trkpt>
      <trkpt lat="46.34656" lon="7.14517">
        <ele>1347.0</ele>
      </trkpt>
      <trkpt lat="46.34706" lon="7.1441">
        <ele>1340.0</ele>
      </trkpt>
      <trkpt lat="46.34723" lon="7.14414">
        <ele>1337.0</ele>
      </trkpt>
      <trkpt lat="46.34646" lon="7.14623">
        <ele>1330.0</ele>
      </trkpt>
      <trkpt lat="46.34601" lon="7.14694">
        <ele>1326.0</ele>
      </trkpt>
      <trkpt lat="46.34512" lon="7.14782">
        <ele>1315.0</ele>
      </trkpt>
      <trkpt lat="46.34427" lon="7.14971">
        <ele>1300.0</ele>
      </trkpt>
      <trkpt lat="46.34369" lon="7.15024">
        <ele>1291.0</ele>
      </trkpt>
      <trkpt lat="46.34266" lon="7.15174">
        <ele>1281.0</ele>
      </trkpt>
      <trkpt lat="46.34106" lon="7.15468">
        <ele>1266.0</ele>
      </trkpt>
      <trkpt lat="46.33972" lon="7.15634">
        <ele>1241.0</ele>
      </trkpt>
      <trkpt lat="46.33958" lon="7.15751">
        <ele>1232.0</ele>
      </trkpt>
      <trkpt lat="46.33905" lon="7.15784">
        <ele>1226.0</ele>
      </trkpt>
      <trkpt lat="46.33902" lon="7.1582">
        <ele>1224.0</ele>
      </trkpt>
      <trkpt lat="46.34062" lon="7.15843">
        <ele>1212.0</ele>
      </trkpt>
      <trkpt lat="46.34417" lon="7.15594">
        <ele>1183.0</ele>
      </trkpt>
      <trkpt lat="46.34499" lon="7.15566">
        <ele>1176.0</ele>
      </trkpt>
      <trkpt lat="46.34658" lon="7.15543">
        <ele>1167.0</ele>
      </trkpt>
      <trkpt lat="46.34704" lon="7.15556">
        <ele>1165.0</ele>
      </trkpt>
      <trkpt lat="46.34744" lon="7.15602">
        <ele>1164.0</ele>
      </trkpt>
      <trkpt lat="46.34863" lon="7.15831">
        <ele>1165.0</ele>
      </trkpt>
      <trkpt lat="46.34924" lon="7.15754">
        <ele>1164.0</ele>
      </trkpt>
      <trkpt lat="46.34989" lon="7.15723">
        <ele>1161.0</ele>
      </trkpt>
      <trkpt lat="46.35048" lon="7.15624">
        <ele>1159.0</ele>
      </trkpt>
      <trkpt lat="46.35113" lon="7.15548">
        <ele>1157.0</ele>
      </trkpt>
      <trkpt lat="46.35199" lon="7.15319">
        <ele>1157.0</ele>
      </trkpt>
      <trkpt lat="46.35263" lon="7.15251">
        <ele>1159.0</ele>
      </trkpt>
      <trkpt lat="46.35289" lon="7.15244">
        <ele>1159.0</ele>
      </trkpt>
      <trkpt lat="46.35321" lon="7.15167">
        <ele>1158.0</ele>
      </trkpt>
      <trkpt lat="46.35486" lon="7.14879">
        <ele>1149.0</ele>
      </trkpt>
      <trkpt lat="46.35564" lon="7.14515">
        <ele>1154.0</ele>
      </trkpt>
      <trkpt lat="46.35572" lon="7.1411">
        <ele>1160.0</ele>
      </trkpt>
      <trkpt lat="46.35602" lon="7.13956">
        <ele>1159.0</ele>
      </trkpt>
      <trkpt lat="46.35574" lon="7.13779">
        <ele>1159.0</ele>
      </trkpt>
      <trkpt lat="46.35574" lon="7.13677">
        <ele>1156.0</ele>
      </trkpt>
      <trkpt lat="46.3551" lon="7.13549">
        <ele>1152.0</ele>
      </trkpt>
      <trkpt lat="46.35509" lon="7.13493">
        <ele>1150.0</ele>
      </trkpt>
      <trkpt lat="46.35521" lon="7.13316">
        <ele>1142.0</ele>
      </trkpt>
      <trkpt lat="46.35578" lon="7.1316">
        <ele>1136.0</ele>
      </trkpt>
      <trkpt lat="46.35584" lon="7.13062">
        <ele>1133.0</ele>
      </trkpt>
      <trkpt lat="46.35627" lon="7.12879">
        <ele>1131.0</ele>
      </trkpt>
      <trkpt lat="46.35594" lon="7.12705">
        <ele>1127.0</ele>
      </trkpt>
      <trkpt lat="46.35532" lon="7.12574">
        <ele>1123.0</ele>
      </trkpt>
      <trkpt lat="46.35501" lon="7.12421">
        <ele>1120.0</ele>
      </trkpt>
      <trkpt lat="46.35489" lon="7.12282">
        <ele>1115.0</ele>
      </trkpt>
      <trkpt lat="46.35488" lon="7.12178">
        <ele>1115.0</ele>
      </trkpt>
      <trkpt lat="46.35517" lon="7.12073">
        <ele>1118.0</ele>
      </trkpt>
      <trkpt lat="46.35508" lon="7.11913">
        <ele>1118.0</ele>
      </trkpt>
      <trkpt lat="46.35539" lon="7.11742">
        <ele>1115.0</ele>
      </trkpt>
      <trkpt lat="46.35453" lon="7.11618">
        <ele>1109.0</ele>
      </trkpt>
      <trkpt lat="46.35413" lon="7.11499">
        <ele>1106.0</ele>
      </trkpt>
      <trkpt lat="46.35442" lon="7.11435">
        <ele>1106.0</ele>
      </trkpt>
      <trkpt lat="46.35509" lon="7.1119">
        <ele>1108.0</ele>
      </trkpt>
      <trkpt lat="46.35568" lon="7.1111">
        <ele>1110.0</ele>
      </trkpt>
      <trkpt lat="46.35621" lon="7.11079">
        <ele>1110.0</ele>
      </trkpt>
      <trkpt lat="46.3564" lon="7.11048">
        <ele>1108.0</ele>
      </trkpt>
      <trkpt lat="46.35632" lon="7.10908">
        <ele>1104.0</ele>
      </trkpt>
      <trkpt lat="46.35679" lon="7.10678">
        <ele>1099.0</ele>
      </trkpt>
      <trkpt lat="46.35699" lon="7.10499">
        <ele>1099.0</ele>
      </trkpt>
      <trkpt lat="46.35744" lon="7.10347">
        <ele>1106.0</ele>
      </trkpt>
      <trkpt lat="46.35765" lon="7.10196">
        <ele>1111.0</ele>
      </trkpt>
      <trkpt lat="46.35817" lon="7.10056">
        <ele>1113.0</ele>
      </trkpt>
      <trkpt lat="46.3581" lon="7.10027">
        <ele>1113.0</ele>
      </trkpt>
      <trkpt lat="46.35758" lon="7.09997">
        <ele>1111.0</ele>
      </trkpt>
      <trkpt lat="46.3574" lon="7.09959">
        <ele>1110.0</ele>
      </trkpt>
      <trkpt lat="46.35742" lon="7.09846">
        <ele>1108.0</ele>
      </trkpt>
      <trkpt lat="46.3577" lon="7.09771">
        <ele>1107.0</ele>
      </trkpt>
      <trkpt lat="46.35757" lon="7.09708">
        <ele>1106.0</ele>
      </trkpt>
      <trkpt lat="46.35766" lon="7.09661">
        <ele>1106.0</ele>
      </trkpt>
      <trkpt lat="46.35755" lon="7.09567">
        <ele>1106.0</ele>
      </trkpt>
      <trkpt lat="46.35837" lon="7.09284">
        <ele>1105.0</ele>
      </trkpt>
      <trkpt lat="46.35916" lon="7.09182">
        <ele>1094.0</ele>
      </trkpt>
      <trkpt lat="46.35946" lon="7.0906">
        <ele>1091.0</ele>
      </trkpt>
      <trkpt lat="46.35952" lon="7.08931">
        <ele>1089.0</ele>
      </trkpt>
      <trkpt lat="46.3598" lon="7.0884">
        <ele>1088.0</ele>
      </trkpt>
      <trkpt lat="46.36014" lon="7.0879">
        <ele>1088.0</ele>
      </trkpt>
      <trkpt lat="46.35987" lon="7.08725">
        <ele>1088.0</ele>
      </trkpt>
      <trkpt lat="46.35984" lon="7.08587">
        <ele>1088.0</ele>
      </trkpt>
      <trkpt lat="46.35936" lon="7.08394">
        <ele>1088.0</ele>
      </trkpt>
      <trkpt lat="46.35915" lon="7.0813">
        <ele>1091.0</ele>
      </trkpt>
      <trkpt lat="46.35992" lon="7.07821">
        <ele>1087.0</ele>
      </trkpt>
      <trkpt lat="46.3603" lon="7.0775">
        <ele>1084.77</ele>
      </trkpt>
      <trkpt lat="46.36151" lon="7.07001">
        <ele>1073.59</ele>
      </trkpt>
      <trkpt lat="46.36139" lon="7.06883">
        <ele>1075.0</ele>
      </trkpt>
      <trkpt lat="46.36095" lon="7.06736">
        <ele>1088.0</ele>
      </trkpt>
      <trkpt lat="46.36047" lon="7.06666">
        <ele>1092.0</ele>
      </trkpt>
      <trkpt lat="46.36021" lon="7.06567">
        <ele>1091.0</ele>
      </trkpt>
      <trkpt lat="46.35955" lon="7.06466">
        <ele>1080.0</ele>
      </trkpt>
      <trkpt lat="46.35948" lon="7.06346">
        <ele>1072.0</ele>
      </trkpt>
      <trkpt lat="46.35965" lon="7.06232">
        <ele>1063.0</ele>
      </trkpt>
      <trkpt lat="46.36049" lon="7.06031">
        <ele>1049.0</ele>
      </trkpt>
      <trkpt lat="46.36062" lon="7.05824">
        <ele>1033.0</ele>
      </trkpt>
      <trkpt lat="46.36106" lon="7.0576">
        <ele>1026.0</ele>
      </trkpt>
      <trkpt lat="46.36113" lon="7.05719">
        <ele>1022.0</ele>
      </trkpt>
      <trkpt lat="46.36104" lon="7.05688">
        <ele>1020.0</ele>
      </trkpt>
      <trkpt lat="46.36074" lon="7.05665">
        <ele>1016.0</ele>
      </trkpt>
      <trkpt lat="46.35926" lon="7.05647">
        <ele>1006.0</ele>
      </trkpt>
      <trkpt lat="46.35906" lon="7.05625">
        <ele>1003.0</ele>
      </trkpt>
      <trkpt lat="46.35902" lon="7.05597">
        <ele>1002.0</ele>
      </trkpt>
      <trkpt lat="46.35912" lon="7.05569">
        <ele>1000.0</ele>
      </trkpt>
      <trkpt lat="46.35935" lon="7.05556">
        <ele>999.0</ele>
      </trkpt>
      <trkpt lat="46.36023" lon="7.05563">
        <ele>993.0</ele>
      </trkpt>
      <trkpt lat="46.36051" lon="7.05523">
        <ele>989.0</ele>
      </trkpt>
      <trkpt lat="46.36059" lon="7.05291">
        <ele>976.0</ele>
      </trkpt>
      <trkpt lat="46.36097" lon="7.04967">
        <ele>970.0</ele>
      </trkpt>
      <trkpt lat="46.36059" lon="7.04909">
        <ele>974.0</ele>
      </trkpt>
      <trkpt lat="46.35881" lon="7.04851">
        <ele>974.0</ele>
      </trkpt>
      <trkpt lat="46.35761" lon="7.04766">
        <ele>962.0</ele>
      </trkpt>
      <trkpt lat="46.35636" lon="7.04863">
        <ele>946.0</ele>
      </trkpt>
      <trkpt lat="46.35538" lon="7.04882">
        <ele>936.0</ele>
      </trkpt>
      <trkpt lat="46.35489" lon="7.04853">
        <ele>933.0</ele>
      </trkpt>
      <trkpt lat="46.35452" lon="7.04885">
        <ele>932.0</ele>
      </trkpt>
      <trkpt lat="46.35421" lon="7.04875">
        <ele>931.0</ele>
      </trkpt>
      <trkpt lat="46.35357" lon="7.0483">
        <ele>926.0</ele>
      </trkpt>
      <trkpt lat="46.35147" lon="7.04589">
        <ele>910.0</ele>
      </trkpt>
      <trkpt lat="46.35124" lon="7.04528">
        <ele>910.0</ele>
      </trkpt>
      <trkpt lat="46.35075" lon="7.04476">
        <ele>909.0</ele>
      </trkpt>
      <trkpt lat="46.35006" lon="7.0424">
        <ele>904.0</ele>
      </trkpt>
      <trkpt lat="46.34989" lon="7.04214">
        <ele>903.0</ele>
      </trkpt>
      <trkpt lat="46.34835" lon="7.04143">
        <ele>900.0</ele>
      </trkpt>
      <trkpt lat="46.34681" lon="7.04115">
        <ele>898.0</ele>
      </trkpt>
      <trkpt lat="46.3456" lon="7.0407">
        <ele>889.0</ele>
      </trkpt>
      <trkpt lat="46.34412" lon="7.03956">
        <ele>880.0</ele>
      </trkpt>
      <trkpt lat="46.34519" lon="7.0402">
        <ele>883.0</ele>
      </trkpt>
      <trkpt lat="46.34253" lon="7.03858">
        <ele>871.0</ele>
      </trkpt>
      <trkpt lat="46.34007" lon="7.03625">
        <ele>864.0</ele>
      </trkpt>
      <trkpt lat="46.33918" lon="7.03465">
        <ele>854.0</ele>
      </trkpt>
      <trkpt lat="46.33872" lon="7.03327">
        <ele>850.0</ele>
      </trkpt>
      <trkpt lat="46.3377" lon="7.03223">
        <ele>848.0</ele>
      </trkpt>
      <trkpt lat="46.33603" lon="7.0294">
        <ele>829.0</ele>
      </trkpt>
      <trkpt lat="46.33574" lon="7.02809">
        <ele>821.0</ele>
      </trkpt>
      <trkpt lat="46.33599" lon="7.02743">
        <ele>818.0</ele>
      </trkpt>
      <trkpt lat="46.33619" lon="7.02634">
        <ele>815.0</ele>
      </trkpt>
      <trkpt lat="46.33477" lon="7.02359">
        <ele>805.0</ele>
      </trkpt>
      <trkpt lat="46.33372" lon="7.02189">
        <ele>793.0</ele>
      </trkpt>
      <trkpt lat="46.3329" lon="7.02142">
        <ele>784.0</ele>
      </trkpt>
      <trkpt lat="46.3325" lon="7.02078">
        <ele>780.0</ele>
      </trkpt>
      <trkpt lat="46.33207" lon="7.02039">
        <ele>774.0</ele>
      </trkpt>
      <trkpt lat="46.33091" lon="7.01991">
        <ele>759.0</ele>
      </trkpt>
      <trkpt lat="46.33013" lon="7.01823">
        <ele>752.0</ele>
      </trkpt>
      <trkpt lat="46.32928" lon="7.01755">
        <ele>742.0</ele>
      </trkpt>
      <trkpt lat="46.32909" lon="7.01602">
        <ele>732.0</ele>
      </trkpt>
      <trkpt lat="46.3293" lon="7.0153">
        <ele>729.0</ele>
      </trkpt>
      <trkpt lat="46.32926" lon="7.01484">
        <ele>729.0</ele>
      </trkpt>
      <trkpt lat="46.32844" lon="7.01364">
        <ele>727.0</ele>
      </trkpt>
      <trkpt lat="46.32746" lon="7.01256">
        <ele>711.0</ele>
      </trkpt>
      <trkpt lat="46.32685" lon="7.01132">
        <ele>701.0</ele>
      </trkpt>
      <trkpt lat="46.32599" lon="7.01011">
        <ele>702.0</ele>
      </trkpt>
      <trkpt lat="46.32484" lon="7.0074">
        <ele>692.0</ele>
      </trkpt>
      <trkpt lat="46.32452" lon="7.00592">
        <ele>672.0</ele>
      </trkpt>
      <trkpt lat="46.32303" lon="7.00339">
        <ele>652.0</ele>
      </trkpt>
      <trkpt lat="46.3224" lon="7.00172">
        <ele>652.0</ele>
      </trkpt>
      <trkpt lat="46.32205" lon="7.00006">
        <ele>650.0</ele>
      </trkpt>
      <trkpt lat="46.32139" lon="6.99909">
        <ele>641.0</ele>
      </trkpt>
      <trkpt lat="46.32133" lon="6.99864">
        <ele>638.0</ele>
      </trkpt>
      <trkpt lat="46.32148" lon="6.99776">
        <ele>633.0</ele>
      </trkpt>
      <trkpt lat="46.32132" lon="6.99745">
        <ele>631.0</ele>
      </trkpt>
      <trkpt lat="46.32104" lon="6.99767">
        <ele>629.0</ele>
      </trkpt>
      <trkpt lat="46.32091" lon="6.99981">
        <ele>622.0</ele>
      </trkpt>
      <trkpt lat="46.3212" lon="7.00033">
        <ele>622.0</ele>
      </trkpt>
      <trkpt lat="46.32177" lon="7.00055">
        <ele>623.0</ele>
      </trkpt>
      <trkpt lat="46.3218" lon="7.0008">
        <ele>623.0</ele>
      </trkpt>
      <trkpt lat="46.32156" lon="7.00085">
        <ele>623.0</ele>
      </trkpt>
      <trkpt lat="46.32086" lon="7.00031">
        <ele>618.0</ele>
      </trkpt>
      <trkpt lat="46.32066" lon="6.99998">
        <ele>613.0</ele>
      </trkpt>
      <trkpt lat="46.32046" lon="6.99876">
        <ele>605.0</ele>
      </trkpt>
      <trkpt lat="46.31979" lon="6.99667">
        <ele>580.0</ele>
      </trkpt>
      <trkpt lat="46.3197" lon="6.99552">
        <ele>576.0</ele>
      </trkpt>
      <trkpt lat="46.31993" lon="6.99471">
        <ele>575.0</ele>
      </trkpt>
      <trkpt lat="46.31892" lon="6.99152">
        <ele>541.0</ele>
      </trkpt>
      <trkpt lat="46.31883" lon="6.98984">
        <ele>536.0</ele>
      </trkpt>
      <trkpt lat="46.31856" lon="6.98848">
        <ele>530.0</ele>
      </trkpt>
      <trkpt lat="46.31854" lon="6.98731">
        <ele>519.0</ele>
      </trkpt>
      <trkpt lat="46.31827" lon="6.98603">
        <ele>509.0</ele>
      </trkpt>
      <trkpt lat="46.31823" lon="6.98524">
        <ele>503.0</ele>
      </trkpt>
      <trkpt lat="46.31815" lon="6.98534">
        <ele>502.0</ele>
      </trkpt>
      <trkpt lat="46.3182" lon="6.98781">
        <ele>490.0</ele>
      </trkpt>
      <trkpt lat="46.31797" lon="6.98859">
        <ele>487.0</ele>
      </trkpt>
      <trkpt lat="46.31783" lon="6.98855">
        <ele>485.0</ele>
      </trkpt>
      <trkpt lat="46.31802" lon="6.98793">
        <ele>484.0</ele>
      </trkpt>
      <trkpt lat="46.31799" lon="6.98672">
        <ele>483.0</ele>
      </trkpt>
      <trkpt lat="46.31755" lon="6.98435">
        <ele>478.0</ele>
      </trkpt>
      <trkpt lat="46.31744" lon="6.98203">
        <ele>464.0</ele>
      </trkpt>
      <trkpt lat="46.31727" lon="6.98096">
        <ele>452.0</ele>
      </trkpt>
      <trkpt lat="46.31746" lon="6.98024">
        <ele>448.0</ele>
      </trkpt>
      <trkpt lat="46.31804" lon="6.97902">
        <ele>445.0</ele>
      </trkpt>
      <trkpt lat="46.31835" lon="6.97635">
        <ele>436.0</ele>
      </trkpt>
      <trkpt lat="46.31822" lon="6.97574">
        <ele>428.0</ele>
      </trkpt>
      <trkpt lat="46.31771" lon="6.9752">
        <ele>425.0</ele>
      </trkpt>
      <trkpt lat="46.31757" lon="6.97469">
        <ele>424.0</ele>
      </trkpt>
      <trkpt lat="46.31775" lon="6.97138">
        <ele>421.0</ele>
      </trkpt>
      <trkpt lat="46.31795" lon="6.97">
        <ele>420.0</ele>
      </trkpt>
      <trkpt lat="46.31738" lon="6.97014">
        <ele>418.0</ele>
      </trkpt>
      <trkpt lat="46.31684" lon="6.96991">
        <ele>417.0</ele>
      </trkpt>
      <trkpt lat="46.31657" lon="6.9679">
        <ele>413.0</ele>
      </trkpt>
      <trkpt lat="46.31586" lon="6.96713">
        <ele>412.0</ele>
      </trkpt>
      <trkpt lat="46.31509" lon="6.96592">
        <ele>409.0</ele>
      </trkpt>
      <trkpt lat="46.31476" lon="6.96596">
        <ele>408.0</ele>
      </trkpt>
      <trkpt lat="46.31253" lon="6.96745">
        <ele>408.0</ele>
      </trkpt>
      <trkpt lat="46.31184" lon="6.96732">
        <ele>407.0</ele>
      </trkpt>
      <trkpt lat="46.31047" lon="6.96744">
        <ele>404.0</ele>
      </trkpt>
      <trkpt lat="46.30923" lon="6.96719">
        <ele>403.0</ele>
      </trkpt>
      <trkpt lat="46.30724" lon="6.96786">
        <ele>402.0</ele>
      </trkpt>
      <trkpt lat="46.30632" lon="6.96761">
        <ele>400.0</ele>
      </trkpt>
      <trkpt lat="46.30536" lon="6.967">
        <ele>396.0</ele>
      </trkpt>
      <trkpt lat="46.30491" lon="6.96722">
        <ele>396.0</ele>
      </trkpt>
      <trkpt lat="46.30451" lon="6.9678">
        <ele>395.0</ele>
      </trkpt>
      <trkpt lat="46.3039" lon="6.9692">
        <ele>393.0</ele>
      </trkpt>
      <trkpt lat="46.30357" lon="6.97056">
        <ele>392.0</ele>
      </trkpt>
      <trkpt lat="46.30333" lon="6.97277">
        <ele>393.0</ele>
      </trkpt>
      <trkpt lat="46.30236" lon="6.9753">
        <ele>401.0</ele>
      </trkpt>
      <trkpt lat="46.30181" lon="6.97771">
        <ele>405.0</ele>
      </trkpt>
      <trkpt lat="46.30093" lon="6.97986">
        <ele>406.0</ele>
      </trkpt>
      <trkpt lat="46.30033" lon="6.98081">
        <ele>409.0</ele>
      </trkpt>
      <trkpt lat="46.30049" lon="6.98156">
        <ele>410.0</ele>
      </trkpt>
      <trkpt lat="46.30058" lon="6.98457">
        <ele>418.0</ele>
      </trkpt>
      <trkpt lat="46.29964" lon="6.98851">
        <ele>432.0</ele>
      </trkpt>
      <trkpt lat="46.29924" lon="6.98954">
        <ele>442.0</ele>
      </trkpt>
      <trkpt lat="46.29655" lon="6.9941">
        <ele>472.0</ele>
      </trkpt>
      <trkpt lat="46.29654" lon="6.99462">
        <ele>474.0</ele>
      </trkpt>
      <trkpt lat="46.2967" lon="6.99523">
        <ele>479.0</ele>
      </trkpt>
      <trkpt lat="46.29645" lon="6.99615">
        <ele>481.0</ele>
      </trkpt>
      <trkpt lat="46.29691" lon="6.99715">
        <ele>488.0</ele>
      </trkpt>
      <trkpt lat="46.29662" lon="6.99761">
        <ele>493.0</ele>
      </trkpt>
      <trkpt lat="46.29645" lon="6.99839">
        <ele>497.0</ele>
      </trkpt>
      <trkpt lat="46.29662" lon="6.99854">
        <ele>498.0</ele>
      </trkpt>
      <trkpt lat="46.29731" lon="6.99798">
        <ele>503.0</ele>
      </trkpt>
      <trkpt lat="46.29749" lon="6.99826">
        <ele>507.0</ele>
      </trkpt>
      <trkpt lat="46.29738" lon="6.99859">
        <ele>510.0</ele>
      </trkpt>
      <trkpt lat="46.29701" lon="6.99918">
        <ele>518.0</ele>
      </trkpt>
      <trkpt lat="46.29613" lon="6.99902">
        <ele>528.0</ele>
      </trkpt>
      <trkpt lat="46.29515" lon="6.99926">
        <ele>530.0</ele>
      </trkpt>
      <trkpt lat="46.29344" lon="7.00163">
        <ele>566.0</ele>
      </trkpt>
      <trkpt lat="46.29268" lon="7.00171">
        <ele>574.0</ele>
      </trkpt>
      <trkpt lat="46.29204" lon="7.0021">
        <ele>577.0</ele>
      </trkpt>
      <trkpt lat="46.29154" lon="7.00376">
        <ele>596.0</ele>
      </trkpt>
      <trkpt lat="46.29136" lon="7.00523">
        <ele>615.0</ele>
      </trkpt>
      <trkpt lat="46.29046" lon="7.0068">
        <ele>624.0</ele>
      </trkpt>
      <trkpt lat="46.29046" lon="7.00741">
        <ele>628.0</ele>
      </trkpt>
      <trkpt lat="46.2907" lon="7.00808">
        <ele>642.0</ele>
      </trkpt>
      <trkpt lat="46.29099" lon="7.00981">
        <ele>679.0</ele>
      </trkpt>
      <trkpt lat="46.29081" lon="7.00993">
        <ele>682.0</ele>
      </trkpt>
      <trkpt lat="46.29028" lon="7.00904">
        <ele>677.0</ele>
      </trkpt>
      <trkpt lat="46.28964" lon="7.00872">
        <ele>672.0</ele>
      </trkpt>
      <trkpt lat="46.28833" lon="7.01005">
        <ele>686.0</ele>
      </trkpt>
      <trkpt lat="46.28748" lon="7.01043">
        <ele>692.0</ele>
      </trkpt>
      <trkpt lat="46.28681" lon="7.0114">
        <ele>698.0</ele>
      </trkpt>
      <trkpt lat="46.28594" lon="7.01211">
        <ele>702.0</ele>
      </trkpt>
      <trkpt lat="46.28383" lon="7.01495">
        <ele>717.0</ele>
      </trkpt>
      <trkpt lat="46.28373" lon="7.01531">
        <ele>722.0</ele>
      </trkpt>
      <trkpt lat="46.28377" lon="7.01617">
        <ele>731.0</ele>
      </trkpt>
      <trkpt lat="46.28352" lon="7.01683">
        <ele>739.0</ele>
      </trkpt>
      <trkpt lat="46.28256" lon="7.01736">
        <ele>750.0</ele>
      </trkpt>
      <trkpt lat="46.28124" lon="7.01882">
        <ele>756.0</ele>
      </trkpt>
      <trkpt lat="46.28109" lon="7.02006">
        <ele>763.0</ele>
      </trkpt>
      <trkpt lat="46.28089" lon="7.02065">
        <ele>768.0</ele>
      </trkpt>
      <trkpt lat="46.28114" lon="7.02233">
        <ele>782.0</ele>
      </trkpt>
      <trkpt lat="46.28196" lon="7.02325">
        <ele>796.0</ele>
      </trkpt>
      <trkpt lat="46.28243" lon="7.02432">
        <ele>803.0</ele>
      </trkpt>
      <trkpt lat="46.28302" lon="7.0248">
        <ele>805.0</ele>
      </trkpt>
      <trkpt lat="46.28429" lon="7.02657">
        <ele>824.0</ele>
      </trkpt>
      <trkpt lat="46.28519" lon="7.02695">
        <ele>836.0</ele>
      </trkpt>
      <trkpt lat="46.28607" lon="7.02698">
        <ele>843.0</ele>
      </trkpt>
      <trkpt lat="46.28699" lon="7.02762">
        <ele>851.0</ele>
      </trkpt>
      <trkpt lat="46.28704" lon="7.02731">
        <ele>854.0</ele>
      </trkpt>
      <trkpt lat="46.28614" lon="7.02616">
        <ele>863.0</ele>
      </trkpt>
      <trkpt lat="46.28601" lon="7.02479">
        <ele>868.0</ele>
      </trkpt>
      <trkpt lat="46.28559" lon="7.02432">
        <ele>872.0</ele>
      </trkpt>
      <trkpt lat="46.28564" lon="7.02412">
        <ele>874.0</ele>
      </trkpt>
      <trkpt lat="46.28581" lon="7.02414">
        <ele>875.0</ele>
      </trkpt>
      <trkpt lat="46.28745" lon="7.02589">
        <ele>890.0</ele>
      </trkpt>
      <trkpt lat="46.28888" lon="7.02708">
        <ele>915.0</ele>
      </trkpt>
      <trkpt lat="46.28968" lon="7.02845">
        <ele>926.0</ele>
      </trkpt>
      <trkpt lat="46.28999" lon="7.02981">
        <ele>937.0</ele>
      </trkpt>
      <trkpt lat="46.29013" lon="7.02994">
        <ele>940.0</ele>
      </trkpt>
      <trkpt lat="46.29023" lon="7.02976">
        <ele>942.0</ele>
      </trkpt>
      <trkpt lat="46.2901" lon="7.0285">
        <ele>949.0</ele>
      </trkpt>
      <trkpt lat="46.28973" lon="7.02692">
        <ele>955.0</ele>
      </trkpt>
      <trkpt lat="46.28952" lon="7.02532">
        <ele>962.0</ele>
      </trkpt>
      <trkpt lat="46.28897" lon="7.02362">
        <ele>971.0</ele>
      </trkpt>
      <trkpt lat="46.28811" lon="7.02229">
        <ele>976.0</ele>
      </trkpt>
      <trkpt lat="46.28796" lon="7.02154">
        <ele>978.0</ele>
      </trkpt>
      <trkpt lat="46.28815" lon="7.02153">
        <ele>980.0</ele>
      </trkpt>
      <trkpt lat="46.28816" lon="7.02207">
        <ele>983.0</ele>
      </trkpt>
      <trkpt lat="46.28841" lon="7.02245">
        <ele>985.0</ele>
      </trkpt>
      <trkpt lat="46.28955" lon="7.0228">
        <ele>993.0</ele>
      </trkpt>
      <trkpt lat="46.2902" lon="7.02325">
        <ele>997.0</ele>
      </trkpt>
      <trkpt lat="46.2916" lon="7.02576">
        <ele>1015.0</ele>
      </trkpt>
      <trkpt lat="46.29176" lon="7.02742">
        <ele>1025.0</ele>
      </trkpt>
      <trkpt lat="46.29469" lon="7.03376">
        <ele>1080.0</ele>
      </trkpt>
      <trkpt lat="46.29589" lon="7.03697">
        <ele>1098.0</ele>
      </trkpt>
      <trkpt lat="46.2961" lon="7.03824">
        <ele>1103.0</ele>
      </trkpt>
      <trkpt lat="46.29754" lon="7.03888">
        <ele>1126.0</ele>
      </trkpt>
      <trkpt lat="46.29832" lon="7.03974">
        <ele>1139.0</ele>
      </trkpt>
      <trkpt lat="46.29847" lon="7.04038">
        <ele>1145.0</ele>
      </trkpt>
      <trkpt lat="46.29858" lon="7.04044">
        <ele>1147.0</ele>
      </trkpt>
      <trkpt lat="46.29869" lon="7.04024">
        <ele>1149.0</ele>
      </trkpt>
      <trkpt lat="46.29856" lon="7.03868">
        <ele>1158.0</ele>
      </trkpt>
      <trkpt lat="46.29834" lon="7.03819">
        <ele>1164.0</ele>
      </trkpt>
      <trkpt lat="46.29854" lon="7.03804">
        <ele>1166.0</ele>
      </trkpt>
      <trkpt lat="46.29991" lon="7.04049">
        <ele>1187.0</ele>
      </trkpt>
      <trkpt lat="46.30194" lon="7.0456">
        <ele>1218.0</ele>
      </trkpt>
      <trkpt lat="46.30205" lon="7.04616">
        <ele>1222.0</ele>
      </trkpt>
      <trkpt lat="46.30184" lon="7.04844">
        <ele>1227.0</ele>
      </trkpt>
      <trkpt lat="46.30157" lon="7.04974">
        <ele>1233.0</ele>
      </trkpt>
      <trkpt lat="46.30129" lon="7.05046">
        <ele>1236.0</ele>
      </trkpt>
      <trkpt lat="46.30195" lon="7.05194">
        <ele>1245.0</ele>
      </trkpt>
      <trkpt lat="46.30271" lon="7.05433">
        <ele>1263.0</ele>
      </trkpt>
      <trkpt lat="46.30317" lon="7.05503">
        <ele>1271.0</ele>
      </trkpt>
      <trkpt lat="46.30187" lon="7.05522">
        <ele>1277.0</ele>
      </trkpt>
      <trkpt lat="46.30023" lon="7.05615">
        <ele>1277.0</ele>
      </trkpt>
      <trkpt lat="46.29812" lon="7.05776">
        <ele>1287.0</ele>
      </trkpt>
      <trkpt lat="46.29796" lon="7.05799">
        <ele>1289.0</ele>
      </trkpt>
      <trkpt lat="46.29795" lon="7.05919">
        <ele>1299.0</ele>
      </trkpt>
      <trkpt lat="46.29749" lon="7.06016">
        <ele>1303.0</ele>
      </trkpt>
      <trkpt lat="46.29664" lon="7.06115">
        <ele>1307.0</ele>
      </trkpt>
      <trkpt lat="46.29584" lon="7.0615">
        <ele>1308.0</ele>
      </trkpt>
      <trkpt lat="46.2955" lon="7.06182">
        <ele>1309.0</ele>
      </trkpt>
      <trkpt lat="46.29426" lon="7.06381">
        <ele>1327.0</ele>
      </trkpt>
      <trkpt lat="46.29296" lon="7.06472">
        <ele>1359.0</ele>
      </trkpt>
      <trkpt lat="46.29255" lon="7.06585">
        <ele>1361.0</ele>
      </trkpt>
      <trkpt lat="46.29211" lon="7.06646">
        <ele>1357.0</ele>
      </trkpt>
      <trkpt lat="46.29187" lon="7.06728">
        <ele>1357.0</ele>
      </trkpt>
      <trkpt lat="46.29191" lon="7.06787">
        <ele>1356.0</ele>
      </trkpt>
      <trkpt lat="46.29217" lon="7.06892">
        <ele>1355.0</ele>
      </trkpt>
      <trkpt lat="46.29267" lon="7.06999">
        <ele>1356.0</ele>
      </trkpt>
      <trkpt lat="46.29419" lon="7.07203">
        <ele>1377.0</ele>
      </trkpt>
      <trkpt lat="46.2954" lon="7.0731">
        <ele>1391.0</ele>
      </trkpt>
      <trkpt lat="46.2965" lon="7.07318">
        <ele>1393.0</ele>
      </trkpt>
      <trkpt lat="46.2972" lon="7.0737">
        <ele>1396.0</ele>
      </trkpt>
      <trkpt lat="46.29778" lon="7.07385">
        <ele>1397.0</ele>
      </trkpt>
      <trkpt lat="46.29883" lon="7.07496">
        <ele>1402.0</ele>
      </trkpt>
      <trkpt lat="46.29886" lon="7.07671">
        <ele>1403.0</ele>
      </trkpt>
      <trkpt lat="46.29985" lon="7.07999">
        <ele>1405.0</ele>
      </trkpt>
      <trkpt lat="46.30006" lon="7.08162">
        <ele>1405.0</ele>
      </trkpt>
      <trkpt lat="46.30052" lon="7.08267">
        <ele>1407.0</ele>
      </trkpt>
      <trkpt lat="46.30206" lon="7.08439">
        <ele>1417.0</ele>
      </trkpt>
      <trkpt lat="46.30364" lon="7.08653">
        <ele>1415.0</ele>
      </trkpt>
      <trkpt lat="46.3042" lon="7.08674">
        <ele>1422.0</ele>
      </trkpt>
      <trkpt lat="46.30467" lon="7.08753">
        <ele>1418.0</ele>
      </trkpt>
      <trkpt lat="46.30498" lon="7.08885">
        <ele>1415.0</ele>
      </trkpt>
      <trkpt lat="46.3056" lon="7.08988">
        <ele>1417.0</ele>
      </trkpt>
      <trkpt lat="46.30592" lon="7.09202">
        <ele>1419.0</ele>
      </trkpt>
      <trkpt lat="46.30671" lon="7.09309">
        <ele>1424.0</ele>
      </trkpt>
      <trkpt lat="46.30686" lon="7.09461">
        <ele>1428.0</ele>
      </trkpt>
      <trkpt lat="46.30744" lon="7.09576">
        <ele>1431.0</ele>
      </trkpt>
      <trkpt lat="46.30762" lon="7.09667">
        <ele>1439.0</ele>
      </trkpt>
      <trkpt lat="46.30782" lon="7.09692">
        <ele>1444.0</ele>
      </trkpt>
      <trkpt lat="46.30826" lon="7.09703">
        <ele>1450.0</ele>
      </trkpt>
      <trkpt lat="46.30869" lon="7.09768">
        <ele>1452.0</ele>
      </trkpt>
      <trkpt lat="46.30919" lon="7.09785">
        <ele>1456.0</ele>
      </trkpt>
      <trkpt lat="46.30956" lon="7.09827">
        <ele>1460.0</ele>
      </trkpt>
      <trkpt lat="46.30969" lon="7.10107">
        <ele>1475.0</ele>
      </trkpt>
      <trkpt lat="46.30987" lon="7.10151">
        <ele>1480.0</ele>
      </trkpt>
      <trkpt lat="46.31032" lon="7.10205">
        <ele>1486.0</ele>
      </trkpt>
      <trkpt lat="46.31042" lon="7.1029">
        <ele>1494.0</ele>
      </trkpt>
      <trkpt lat="46.31088" lon="7.10355">
        <ele>1500.0</ele>
      </trkpt>
      <trkpt lat="46.31121" lon="7.10377">
        <ele>1505.0</ele>
      </trkpt>
      <trkpt lat="46.31169" lon="7.10489">
        <ele>1511.0</ele>
      </trkpt>
      <trkpt lat="46.312" lon="7.10532">
        <ele>1516.0</ele>
      </trkpt>
      <trkpt lat="46.31303" lon="7.10612">
        <ele>1529.0</ele>
      </trkpt>
      <trkpt lat="46.31339" lon="7.10689">
        <ele>1535.0</ele>
      </trkpt>
      <trkpt lat="46.31356" lon="7.10814">
        <ele>1546.0</ele>
      </trkpt>
      <trkpt lat="46.31418" lon="7.10894">
        <ele>1554.0</ele>
      </trkpt>
      <trkpt lat="46.31438" lon="7.10962">
        <ele>1558.0</ele>
      </trkpt>
      <trkpt lat="46.31488" lon="7.10994">
        <ele>1563.0</ele>
      </trkpt>
      <trkpt lat="46.31497" lon="7.11187">
        <ele>1571.0</ele>
      </trkpt>
      <trkpt lat="46.31554" lon="7.11371">
        <ele>1591.0</ele>
      </trkpt>
      <trkpt lat="46.31558" lon="7.11515">
        <ele>1606.0</ele>
      </trkpt>
      <trkpt lat="46.31588" lon="7.11567">
        <ele>1612.0</ele>
      </trkpt>
      <trkpt lat="46.31604" lon="7.11633">
        <ele>1618.0</ele>
      </trkpt>
      <trkpt lat="46.31642" lon="7.1169">
        <ele>1624.0</ele>
      </trkpt>
      <trkpt lat="46.31641" lon="7.11724">
        <ele>1626.0</ele>
      </trkpt>
      <trkpt lat="46.31612" lon="7.11773">
        <ele>1630.0</ele>
      </trkpt>
      <trkpt lat="46.31638" lon="7.11853">
        <ele>1635.0</ele>
      </trkpt>
      <trkpt lat="46.31689" lon="7.11909">
        <ele>1640.0</ele>
      </trkpt>
      <trkpt lat="46.31754" lon="7.11923">
        <ele>1644.0</ele>
      </trkpt>
      <trkpt lat="46.31887" lon="7.11911">
        <ele>1655.0</ele>
      </trkpt>
      <trkpt lat="46.31967" lon="7.11867">
        <ele>1671.0</ele>
      </trkpt>
      <trkpt lat="46.32044" lon="7.11895">
        <ele>1683.0</ele>
      </trkpt>
      <trkpt lat="46.32056" lon="7.11954">
        <ele>1688.0</ele>
      </trkpt>
      <trkpt lat="46.32132" lon="7.12149">
        <ele>1703.0</ele>
      </trkpt>
      <trkpt lat="46.32185" lon="7.12192">
        <ele>1713.0</ele>
      </trkpt>
      <trkpt lat="46.32186" lon="7.12304">
        <ele>1718.0</ele>
      </trkpt>
      <trkpt lat="46.32211" lon="7.12402">
        <ele>1723.0</ele>
      </trkpt>
      <trkpt lat="46.32281" lon="7.12469">
        <ele>1731.0</ele>
      </trkpt>
      <trkpt lat="46.32238" lon="7.12623">
        <ele>1739.0</ele>
      </trkpt>
      <trkpt lat="46.32263" lon="7.12703">
        <ele>1746.0</ele>
      </trkpt>
      <trkpt lat="46.32268" lon="7.12773">
        <ele>1752.0</ele>
      </trkpt>
      <trkpt lat="46.32286" lon="7.12764">
        <ele>1754.0</ele>
      </trkpt>
      <trkpt lat="46.3229" lon="7.12671">
        <ele>1760.0</ele>
      </trkpt>
      <trkpt lat="46.3233" lon="7.12617">
        <ele>1765.0</ele>
      </trkpt>
      <trkpt lat="46.32406" lon="7.12624">
        <ele>1771.0</ele>
      </trkpt>
      <trkpt lat="46.32498" lon="7.12683">
        <ele>1771.0</ele>
      </trkpt>
      <trkpt lat="46.32563" lon="7.12661">
        <ele>1770.0</ele>
      </trkpt>
      <trkpt lat="46.3265" lon="7.12493">
        <ele>1765.0</ele>
      </trkpt>
      <trkpt lat="46.32717" lon="7.12416">
        <ele>1758.0</ele>
      </trkpt>
      <trkpt lat="46.32845" lon="7.12454">
        <ele>1744.0</ele>
      </trkpt>
      <trkpt lat="46.32948" lon="7.12546">
        <ele>1736.0</ele>
      </trkpt>
      <trkpt lat="46.33017" lon="7.12703">
        <ele>1729.0</ele>
      </trkpt>
      <trkpt lat="46.33077" lon="7.12756">
        <ele>1724.0</ele>
      </trkpt>
      <trkpt lat="46.33103" lon="7.12815">
        <ele>1721.0</ele>
      </trkpt>
      <trkpt lat="46.33135" lon="7.12934">
        <ele>1715.0</ele>
      </trkpt>
      <trkpt lat="46.3315" lon="7.13129">
        <ele>1699.0</ele>
      </trkpt>
      <trkpt lat="46.33108" lon="7.13292">
        <ele>1687.0</ele>
      </trkpt>
      <trkpt lat="46.33114" lon="7.13687">
        <ele>1667.0</ele>
      </trkpt>
      <trkpt lat="46.33106" lon="7.13706">
        <ele>1665.0</ele>
      </trkpt>
      <trkpt lat="46.33091" lon="7.13693">
        <ele>1664.0</ele>
      </trkpt>
      <trkpt lat="46.33075" lon="7.1353">
        <ele>1659.0</ele>
      </trkpt>
      <trkpt lat="46.33017" lon="7.13343">
        <ele>1643.0</ele>
      </trkpt>
      <trkpt lat="46.32951" lon="7.13273">
        <ele>1632.0</ele>
      </trkpt>
      <trkpt lat="46.329" lon="7.13173">
        <ele>1626.0</ele>
      </trkpt>
      <trkpt lat="46.32816" lon="7.13126">
        <ele>1619.0</ele>
      </trkpt>
      <trkpt lat="46.32802" lon="7.13135">
        <ele>1618.0</ele>
      </trkpt>
      <trkpt lat="46.32926" lon="7.134">
        <ele>1600.0</ele>
      </trkpt>
      <trkpt lat="46.32932" lon="7.13622">
        <ele>1587.0</ele>
      </trkpt>
      <trkpt lat="46.32906" lon="7.13784">
        <ele>1574.0</ele>
      </trkpt>
      <trkpt lat="46.32903" lon="7.13995">
        <ele>1560.0</ele>
      </trkpt>
      <trkpt lat="46.32872" lon="7.14122">
        <ele>1549.0</ele>
      </trkpt>
      <trkpt lat="46.32877" lon="7.14174">
        <ele>1545.0</ele>
      </trkpt>
      <trkpt lat="46.32925" lon="7.14234">
        <ele>1540.0</ele>
      </trkpt>
      <trkpt lat="46.33049" lon="7.14288">
        <ele>1532.0</ele>
      </trkpt>
      <trkpt lat="46.33097" lon="7.14325">
        <ele>1530.0</ele>
      </trkpt>
      <trkpt lat="46.33171" lon="7.14336">
        <ele>1526.0</ele>
      </trkpt>
      <trkpt lat="46.33217" lon="7.14386">
        <ele>1519.0</ele>
      </trkpt>
      <trkpt lat="46.33282" lon="7.14401">
        <ele>1509.0</ele>
      </trkpt>
      <trkpt lat="46.33302" lon="7.14486">
        <ele>1500.0</ele>
      </trkpt>
      <trkpt lat="46.33323" lon="7.14516">
        <ele>1497.0</ele>
      </trkpt>
      <trkpt lat="46.33355" lon="7.14521">
        <ele>1495.0</ele>
      </trkpt>
      <trkpt lat="46.33407" lon="7.145">
        <ele>1492.0</ele>
      </trkpt>
      <trkpt lat="46.33422" lon="7.1452">
        <ele>1491.0</ele>
      </trkpt>
      <trkpt lat="46.33443" lon="7.14651">
        <ele>1484.0</ele>
      </trkpt>
      <trkpt lat="46.3354" lon="7.14771">
        <ele>1469.0</ele>
      </trkpt>
      <trkpt lat="46.3363" lon="7.14857">
        <ele>1459.0</ele>
      </trkpt>
      <trkpt lat="46.3365" lon="7.14915">
        <ele>1453.0</ele>
      </trkpt>
      <trkpt lat="46.33726" lon="7.1498">
        <ele>1446.0</ele>
      </trkpt>
      <trkpt lat="46.33756" lon="7.15037">
        <ele>1440.0</ele>
      </trkpt>
      <trkpt lat="46.33932" lon="7.15083">
        <ele>1426.0</ele>
      </trkpt>
      <trkpt lat="46.33982" lon="7.15068">
        <ele>1421.0</ele>
      </trkpt>
      <trkpt lat="46.34041" lon="7.1499">
        <ele>1416.0</ele>
      </trkpt>
      <trkpt lat="46.34092" lon="7.14817">
        <ele>1412.0</ele>
      </trkpt>
      <trkpt lat="46.34129" lon="7.14798">
        <ele>1409.0</ele>
      </trkpt>
      <trkpt lat="46.34209" lon="7.14819">
        <ele>1398.0</ele>
      </trkpt>
      <trkpt lat="46.34295" lon="7.14802">
        <ele>1387.0</ele>
      </trkpt>
      <trkpt lat="46.34454" lon="7.1466">
        <ele>1374.0</ele>
      </trkpt>
      <trkpt lat="46.34554" lon="7.14625">
        <ele>1361.0</ele>
      </trkpt>
      <trkpt lat="46.34656" lon="7.14517">
        <ele>1347.0</ele>
      </trkpt>
      <trkpt lat="46.34706" lon="7.1441">
        <ele>1340.0</ele>
      </trkpt>
      <trkpt lat="46.34723" lon="7.14414">
        <ele>1337.0</ele>
      </trkpt>
      <trkpt lat="46.34646" lon="7.14623">
        <ele>1330.0</ele>
      </trkpt>
      <trkpt lat="46.34601" lon="7.14694">
        <ele>1326.0</ele>
      </trkpt>
      <trkpt lat="46.34512" lon="7.14782">
        <ele>1315.0</ele>
      </trkpt>
      <trkpt lat="46.34427" lon="7.14971">
        <ele>1300.0</ele>
      </trkpt>
      <trkpt lat="46.34369" lon="7.15024">
        <ele>1291.0</ele>
      </trkpt>
      <trkpt lat="46.34266" lon="7.15174">
        <ele>1281.0</ele>
      </trkpt>
      <trkpt lat="46.34106" lon="7.15468">
        <ele>1266.0</ele>
      </trkpt>
      <trkpt lat="46.33972" lon="7.15634">
        <ele>1241.0</ele>
      </trkpt>
      <trkpt lat="46.33958" lon="7.15751">
        <ele>1232.0</ele>
      </trkpt>
      <trkpt lat="46.33905" lon="7.15784">
        <ele>1226.0</ele>
      </trkpt>
      <trkpt lat="46.33902" lon="7.1582">
        <ele>1224.0</ele>
      </trkpt>
      <trkpt lat="46.34062" lon="7.15843">
        <ele>1212.0</ele>
      </trkpt>
      <trkpt lat="46.34417" lon="7.15594">
        <ele>1183.0</ele>
      </trkpt>
      <trkpt lat="46.34499" lon="7.15566">
        <ele>1176.0</ele>
      </trkpt>
      <trkpt lat="46.34658" lon="7.15543">
        <ele>1167.0</ele>
      </trkpt>
      <trkpt lat="46.34704" lon="7.15556">
        <ele>1165.0</ele>
      </trkpt>
      <trkpt lat="46.34744" lon="7.15602">
        <ele>1164.0</ele>
      </trkpt>
      <trkpt lat="46.34863" lon="7.15831">
        <ele>1165.0</ele>
      </trkpt>
      <trkpt lat="46.34924" lon="7.15754">
        <ele>1164.0</ele>
      </trkpt>
      <trkpt lat="46.34989" lon="7.15723">
        <ele>1161.0</ele>
      </trkpt>
      <trkpt lat="46.35048" lon="7.15624">
        <ele>1159.0</ele>
      </trkpt>
      <trkpt lat="46.35113" lon="7.15548">
        <ele>1157.0</ele>
      </trkpt>
      <trkpt lat="46.35199" lon="7.15319">
        <ele>1157.0</ele>
      </trkpt>
      <trkpt lat="46.35263" lon="7.15251">
        <ele>1159.0</ele>
      </trkpt>
      <trkpt lat="46.35289" lon="7.15244">
        <ele>1159.0</ele>
      </trkpt>
      <trkpt lat="46.35321" lon="7.15167">
        <ele>1158.0</ele>
      </trkpt>
      <trkpt lat="46.35486" lon="7.14879">
        <ele>1149.0</ele>
      </trkpt>
      <trkpt lat="46.35564" lon="7.14515">
        <ele>1154.0</ele>
      </trkpt>
      <trkpt lat="46.35572" lon="7.1411">
        <ele>1160.0</ele>
      </trkpt>
      <trkpt lat="46.35602" lon="7.13956">
        <ele>1159.0</ele>
      </trkpt>
      <trkpt lat="46.35574" lon="7.13779">
        <ele>1159.0</ele>
      </trkpt>
      <trkpt lat="46.35574" lon="7.13677">
        <ele>1156.0</ele>
      </trkpt>
      <trkpt lat="46.3551" lon="7.13549">
        <ele>1152.0</ele>
      </trkpt>
      <trkpt lat="46.35509" lon="7.13493">
        <ele>1150.0</ele>
      </trkpt>
      <trkpt lat="46.35521" lon="7.13316">
        <ele>1142.0</ele>
      </trkpt>
      <trkpt lat="46.35578" lon="7.1316">
        <ele>1136.0</ele>
      </trkpt>
      <trkpt lat="46.35584" lon="7.13062">
        <ele>1133.0</ele>
      </trkpt>
      <trkpt lat="46.35627" lon="7.12879">
        <ele>1131.0</ele>
      </trkpt>
      <trkpt lat="46.35594" lon="7.12705">
        <ele>1127.0</ele>
      </trkpt>
      <trkpt lat="46.35532" lon="7.12574">
        <ele>1123.0</ele>
      </trkpt>
      <trkpt lat="46.35501" lon="7.12421">
        <ele>1120.0</ele>
      </trkpt>
      <trkpt lat="46.35489" lon="7.12282">
        <ele>1115.0</ele>
      </trkpt>
      <trkpt lat="46.35488" lon="7.12178">
        <ele>1115.0</ele>
      </trkpt>
      <trkpt lat="46.35517" lon="7.12073">
        <ele>1118.0</ele>
      </trkpt>
      <trkpt lat="46.35508" lon="7.11913">
        <ele>1118.0</ele>
      </trkpt>
      <trkpt lat="46.35539" lon="7.11742">
        <ele>1115.0</ele>
      </trkpt>
      <trkpt lat="46.35453" lon="7.11618">
        <ele>1109.0</ele>
      </trkpt>
      <trkpt lat="46.35413" lon="7.11499">
        <ele>1106.0</ele>
      </trkpt>
      <trkpt lat="46.35442" lon="7.11435">
        <ele>1106.0</ele>
      </trkpt>
      <trkpt lat="46.35509" lon="7.1119">
        <ele>1108.0</ele>
      </trkpt>
      <trkpt lat="46.35568" lon="7.1111">
        <ele>1110.0</ele>
      </trkpt>
      <trkpt lat="46.35621" lon="7.11079">
        <ele>1110.0</ele>
      </trkpt>
      <trkpt lat="46.3564" lon="7.11048">
        <ele>1108.0</ele>
      </trkpt>
      <trkpt lat="46.35632" lon="7.10908">
        <ele>1104.0</ele>
      </trkpt>
      <trkpt lat="46.35679" lon="7.10678">
        <ele>1099.0</ele>
      </trkpt>
      <trkpt lat="46.35699" lon="7.10499">
        <ele>1099.0</ele>
      </trkpt>
      <trkpt lat="46.35744" lon="7.10347">
        <ele>1106.0</ele>
      </trkpt>
      <trkpt lat="46.35765" lon="7.10196">
        <ele>1111.0</ele>
      </trkpt>
      <trkpt lat="46.35817" lon="7.10056">
        <ele>1113.0</ele>
      </trkpt>
      <trkpt lat="46.3581" lon="7.10027">
        <ele>1113.0</ele>
      </trkpt>
      <trkpt lat="46.35758" lon="7.09997">
        <ele>1111.0</ele>
      </trkpt>
      <trkpt lat="46.3574" lon="7.09959">
        <ele>1110.0</ele>
      </trkpt>
      <trkpt lat="46.35742" lon="7.09846">
        <ele>1108.0</ele>
      </trkpt>
      <trkpt lat="46.3577" lon="7.09771">
        <ele>1107.0</ele>
      </trkpt>
      <trkpt lat="46.35757" lon="7.09708">
        <ele>1106.0</ele>
      </trkpt>
      <trkpt lat="46.35766" lon="7.09661">
        <ele>1106.0</ele>
      </trkpt>
      <trkpt lat="46.35755" lon="7.09567">
        <ele>1106.0</ele>
      </trkpt>
      <trkpt lat="46.35837" lon="7.09284">
        <ele>1105.0</ele>
      </trkpt>
      <trkpt lat="46.35916" lon="7.09182">
        <ele>1094.0</ele>
      </trkpt>
      <trkpt lat="46.35946" lon="7.0906">
        <ele>1091.0</ele>
      </trkpt>
      <trkpt lat="46.35952" lon="7.08931">
        <ele>1089.0</ele>
      </trkpt>
      <trkpt lat="46.3598" lon="7.0884">
        <ele>1088.0</ele>
      </trkpt>
      <trkpt lat="46.36014" lon="7.0879">
        <ele>1088.0</ele>
      </trkpt>
      <trkpt lat="46.35987" lon="7.08725">
        <ele>1088.0</ele>
      </trkpt>
      <trkpt lat="46.35984" lon="7.08587">
        <ele>1088.0</ele>
      </trkpt>
      <trkpt lat="46.35936" lon="7.08394">
        <ele>1088.0</ele>
      </trkpt>
      <trkpt lat="46.35915" lon="7.0813">
        <ele>1091.0</ele>
      </trkpt>
      <trkpt lat="46.35992" lon="7.07821">
        <ele>1087.0</ele>
      </trkpt>
      <trkpt lat="46.3603" lon="7.0775">
        <ele>1084.73</ele>
      </trkpt>
      <trkpt lat="46.36151" lon="7.07001">
        <ele>1071.78</ele>
      </trkpt>
      <trkpt lat="46.36139" lon="7.06883">
        <ele>1075.0</ele>
      </trkpt>
      <trkpt lat="46.36095" lon="7.06736">
        <ele>1088.0</ele>
      </trkpt>
      <trkpt lat="46.36047" lon="7.06666">
        <ele>1092.0</ele>
      </trkpt>
      <trkpt lat="46.36021" lon="7.06567">
        <ele>1091.0</ele>
      </trkpt>
      <trkpt lat="46.35955" lon="7.06466">
        <ele>1080.0</ele>
      </trkpt>
      <trkpt lat="46.35948" lon="7.06346">
        <ele>1072.0</ele>
      </trkpt>
      <trkpt lat="46.35965" lon="7.06232">
        <ele>1063.0</ele>
      </trkpt>
      <trkpt lat="46.36049" lon="7.06031">
        <ele>1049.0</ele>
      </trkpt>
      <trkpt lat="46.36062" lon="7.05824">
        <ele>1033.0</ele>
      </trkpt>
      <trkpt lat="46.36106" lon="7.0576">
        <ele>1026.0</ele>
      </trkpt>
      <trkpt lat="46.36113" lon="7.05719">
        <ele>1022.0</ele>
      </trkpt>
      <trkpt lat="46.36104" lon="7.05688">
        <ele>1020.0</ele>
      </trkpt>
      <trkpt lat="46.36074" lon="7.05665">
        <ele>1016.0</ele>
      </trkpt>
      <trkpt lat="46.35926" lon="7.05647">
        <ele>1006.0</ele>
      </trkpt>
      <trkpt lat="46.35906" lon="7.05625">
        <ele>1003.0</ele>
      </trkpt>
      <trkpt lat="46.35902" lon="7.05597">
        <ele>1002.0</ele>
      </trkpt>
      <trkpt lat="46.35912" lon="7.05569">
        <ele>1000.0</ele>
      </trkpt>
      <trkpt lat="46.35935" lon="7.05556">
        <ele>999.0</ele>
      </trkpt>
      <trkpt lat="46.36023" lon="7.05563">
        <ele>993.0</ele>
      </trkpt>
      <trkpt lat="46.36051" lon="7.05523">
        <ele>989.0</ele>
      </trkpt>
      <trkpt lat="46.36059" lon="7.05291">
        <ele>976.0</ele>
      </trkpt>
      <trkpt lat="46.36097" lon="7.04967">
        <ele>970.0</ele>
      </trkpt>
      <trkpt lat="46.36059" lon="7.04909">
        <ele>974.0</ele>
      </trkpt>
      <trkpt lat="46.35881" lon="7.04851">
        <ele>974.0</ele>
      </trkpt>
      <trkpt lat="46.35761" lon="7.04766">
        <ele>962.0</ele>
      </trkpt>
      <trkpt lat="46.35636" lon="7.04863">
        <ele>946.0</ele>
      </trkpt>
      <trkpt lat="46.35538" lon="7.04882">
        <ele>936.0</ele>
      </trkpt>
      <trkpt lat="46.35489" lon="7.04853">
        <ele>933.0</ele>
      </trkpt>
      <trkpt lat="46.35452" lon="7.04885">
        <ele>932.0</ele>
      </trkpt>
      <trkpt lat="46.35421" lon="7.04875">
        <ele>931.0</ele>
      </trkpt>
      <trkpt lat="46.35357" lon="7.0483">
        <ele>926.0</ele>
      </trkpt>
      <trkpt lat="46.35147" lon="7.04589">
        <ele>910.0</ele>
      </trkpt>
      <trkpt lat="46.35124" lon="7.04528">
        <ele>910.0</ele>
      </trkpt>
      <trkpt lat="46.35075" lon="7.04476">
        <ele>909.0</ele>
      </trkpt>
      <trkpt lat="46.35006" lon="7.0424">
        <ele>904.0</ele>
      </trkpt>
      <trkpt lat="46.34989" lon="7.04214">
        <ele>903.0</ele>
      </trkpt>
      <trkpt lat="46.34835" lon="7.04143">
        <ele>900.0</ele>
      </trkpt>
      <trkpt lat="46.34681" lon="7.04115">
        <ele>898.0</ele>
      </trkpt>
      <trkpt lat="46.3456" lon="7.0407">
        <ele>889.0</ele>
      </trkpt>
      <trkpt lat="46.34412" lon="7.03956">
        <ele>878.0</ele>
      </trkpt>
      <trkpt lat="46.34253" lon="7.03858">
        <ele>871.0</ele>
      </trkpt>
      <trkpt lat="46.34007" lon="7.03625">
        <ele>864.0</ele>
      </trkpt>
      <trkpt lat="46.33918" lon="7.03465">
        <ele>854.0</ele>
      </trkpt>
      <trkpt lat="46.33872" lon="7.03327">
        <ele>850.0</ele>
      </trkpt>
      <trkpt lat="46.3377" lon="7.03223">
        <ele>848.0</ele>
      </trkpt>
      <trkpt lat="46.33603" lon="7.0294">
        <ele>829.0</ele>
      </trkpt>
      <trkpt lat="46.33574" lon="7.02809">
        <ele>821.0</ele>
      </trkpt>
      <trkpt lat="46.33599" lon="7.02743">
        <ele>818.0</ele>
      </trkpt>
      <trkpt lat="46.33619" lon="7.02634">
        <ele>815.0</ele>
      </trkpt>
      <trkpt lat="46.33477" lon="7.02359">
        <ele>805.0</ele>
      </trkpt>
      <trkpt lat="46.33372" lon="7.02189">
        <ele>793.0</ele>
      </trkpt>
      <trkpt lat="46.3329" lon="7.02142">
        <ele>784.0</ele>
      </trkpt>
      <trkpt lat="46.3325" lon="7.02078">
        <ele>780.0</ele>
      </trkpt>
      <trkpt lat="46.33207" lon="7.02039">
        <ele>774.0</ele>
      </trkpt>
      <trkpt lat="46.33091" lon="7.01991">
        <ele>759.0</ele>
      </trkpt>
      <trkpt lat="46.33013" lon="7.01823">
        <ele>752.0</ele>
      </trkpt>
      <trkpt lat="46.32928" lon="7.01755">
        <ele>742.0</ele>
      </trkpt>
      <trkpt lat="46.32909" lon="7.01602">
        <ele>732.0</ele>
      </trkpt>
      <trkpt lat="46.3293" lon="7.0153">
        <ele>729.0</ele>
      </trkpt>
      <trkpt lat="46.32926" lon="7.01484">
        <ele>729.0</ele>
      </trkpt>
      <trkpt lat="46.32844" lon="7.01364">
        <ele>727.0</ele>
      </trkpt>
      <trkpt lat="46.32746" lon="7.01256">
        <ele>711.0</ele>
      </trkpt>
      <trkpt lat="46.32685" lon="7.01132">
        <ele>701.0</ele>
      </trkpt>
      <trkpt lat="46.32599" lon="7.01011">
        <ele>702.0</ele>
      </trkpt>
      <trkpt lat="46.32484" lon="7.0074">
        <ele>692.0</ele>
      </trkpt>
      <trkpt lat="46.32452" lon="7.00592">
        <ele>672.0</ele>
      </trkpt>
      <trkpt lat="46.32303" lon="7.00339">
        <ele>652.0</ele>
      </trkpt>
      <trkpt lat="46.3224" lon="7.00172">
        <ele>652.0</ele>
      </trkpt>
      <trkpt lat="46.32205" lon="7.00006">
        <ele>650.0</ele>
      </trkpt>
      <trkpt lat="46.32139" lon="6.99909">
        <ele>641.0</ele>
      </trkpt>
      <trkpt lat="46.32133" lon="6.99864">
        <ele>638.0</ele>
      </trkpt>
      <trkpt lat="46.32148" lon="6.99776">
        <ele>633.0</ele>
      </trkpt>
      <trkpt lat="46.32132" lon="6.99745">
        <ele>631.0</ele>
      </trkpt>
      <trkpt lat="46.32104" lon="6.99767">
        <ele>629.0</ele>
      </trkpt>
      <trkpt lat="46.32091" lon="6.99981">
        <ele>622.0</ele>
      </trkpt>
      <trkpt lat="46.3212" lon="7.00033">
        <ele>622.0</ele>
      </trkpt>
      <trkpt lat="46.32177" lon="7.00055">
        <ele>623.0</ele>
      </trkpt>
      <trkpt lat="46.3218" lon="7.0008">
        <ele>623.0</ele>
      </trkpt>
      <trkpt lat="46.32156" lon="7.00085">
        <ele>623.0</ele>
      </trkpt>
      <trkpt lat="46.32086" lon="7.00031">
        <ele>618.0</ele>
      </trkpt>
      <trkpt lat="46.32066" lon="6.99998">
        <ele>613.0</ele>
      </trkpt>
      <trkpt lat="46.32046" lon="6.99876">
        <ele>605.0</ele>
      </trkpt>
      <trkpt lat="46.31979" lon="6.99667">
        <ele>580.0</ele>
      </trkpt>
      <trkpt lat="46.3197" lon="6.99552">
        <ele>576.0</ele>
      </trkpt>
      <trkpt lat="46.31993" lon="6.99471">
        <ele>575.0</ele>
      </trkpt>
      <trkpt lat="46.31892" lon="6.99152">
        <ele>541.0</ele>
      </trkpt>
      <trkpt lat="46.31883" lon="6.98984">
        <ele>536.0</ele>
      </trkpt>
      <trkpt lat="46.31856" lon="6.98848">
        <ele>530.0</ele>
      </trkpt>
      <trkpt lat="46.31854" lon="6.98731">
        <ele>519.0</ele>
      </trkpt>
      <trkpt lat="46.31827" lon="6.98603">
        <ele>509.0</ele>
      </trkpt>
      <trkpt lat="46.31823" lon="6.98524">
        <ele>503.0</ele>
      </trkpt>
      <trkpt lat="46.31815" lon="6.98534">
        <ele>502.0</ele>
      </trkpt>
      <trkpt lat="46.3182" lon="6.98781">
        <ele>490.0</ele>
      </trkpt>
      <trkpt lat="46.31797" lon="6.98859">
        <ele>487.0</ele>
      </trkpt>
      <trkpt lat="46.31783" lon="6.98855">
        <ele>485.0</ele>
      </trkpt>
      <trkpt lat="46.31802" lon="6.98793">
        <ele>484.0</ele>
      </trkpt>
      <trkpt lat="46.31799" lon="6.98672">
        <ele>483.0</ele>
      </trkpt>
      <trkpt lat="46.31755" lon="6.98435">
        <ele>478.0</ele>
      </trkpt>
      <trkpt lat="46.31744" lon="6.98203">
        <ele>464.0</ele>
      </trkpt>
      <trkpt lat="46.31727" lon="6.98096">
        <ele>452.0</ele>
      </trkpt>
      <trkpt lat="46.31746" lon="6.98024">
        <ele>448.0</ele>
      </trkpt>
      <trkpt lat="46.31804" lon="6.97902">
        <ele>445.0</ele>
      </trkpt>
      <trkpt lat="46.31835" lon="6.97635">
        <ele>436.0</ele>
      </trkpt>
      <trkpt lat="46.31822" lon="6.97574">
        <ele>428.0</ele>
      </trkpt>
      <trkpt lat="46.31771" lon="6.9752">
        <ele>425.0</ele>
      </trkpt>
      <trkpt lat="46.31757" lon="6.97469">
        <ele>424.0</ele>
      </trkpt>
      <trkpt lat="46.31775" lon="6.97138">
        <ele>421.0</ele>
      </trkpt>
      <trkpt lat="46.31795" lon="6.97">
        <ele>420.0</ele>
      </trkpt>
      <trkpt lat="46.31738" lon="6.97014">
        <ele>418.0</ele>
      </trkpt>
      <trkpt lat="46.31684" lon="6.96991">
        <ele>417.0</ele>
      </trkpt>
      <trkpt lat="46.31657" lon="6.9679">
        <ele>413.0</ele>
      </trkpt>
      <trkpt lat="46.31586" lon="6.96713">
        <ele>412.0</ele>
      </trkpt>
      <trkpt lat="46.31509" lon="6.96592">
        <ele>409.0</ele>
      </trkpt>
      <trkpt lat="46.31476" lon="6.96596">
        <ele>408.0</ele>
      </trkpt>
      <trkpt lat="46.31253" lon="6.96745">
        <ele>408.0</ele>
      </trkpt>
      <trkpt lat="46.31184" lon="6.96732">
        <ele>407.0</ele>
      </trkpt>
      <trkpt lat="46.31047" lon="6.96744">
        <ele>404.0</ele>
      </trkpt>
      <trkpt lat="46.30923" lon="6.96719">
        <ele>403.0</ele>
      </trkpt>
      <trkpt lat="46.30724" lon="6.96786">
        <ele>402.0</ele>
      </trkpt>
      <trkpt lat="46.30632" lon="6.96761">
        <ele>400.0</ele>
      </trkpt>
      <trkpt lat="46.30536" lon="6.967">
        <ele>396.0</ele>
      </trkpt>
      <trkpt lat="46.30491" lon="6.96722">
        <ele>396.0</ele>
      </trkpt>
      <trkpt lat="46.30451" lon="6.9678">
        <ele>395.0</ele>
      </trkpt>
      <trkpt lat="46.3039" lon="6.9692">
        <ele>393.0</ele>
      </trkpt>
      <trkpt lat="46.30357" lon="6.97056">
        <ele>392.0</ele>
      </trkpt>
      <trkpt lat="46.30333" lon="6.97277">
        <ele>393.0</ele>
      </trkpt>
      <trkpt lat="46.30236" lon="6.9753">
        <ele>401.0</ele>
      </trkpt>
      <trkpt lat="46.30181" lon="6.97771">
        <ele>405.0</ele>
      </trkpt>
      <trkpt lat="46.30093" lon="6.97986">
        <ele>406.0</ele>
      </trkpt>
      <trkpt lat="46.30033" lon="6.98081">
        <ele>409.0</ele>
      </trkpt>
      <trkpt lat="46.30049" lon="6.98156">
        <ele>410.0</ele>
      </trkpt>
      <trkpt lat="46.30058" lon="6.98457">
        <ele>418.0</ele>
      </trkpt>
      <trkpt lat="46.29964" lon="6.98851">
        <ele>432.0</ele>
      </trkpt>
      <trkpt lat="46.29924" lon="6.98954">
        <ele>442.0</ele>
      </trkpt>
      <trkpt lat="46.29655" lon="6.9941">
        <ele>472.0</ele>
      </trkpt>
      <trkpt lat="46.29654" lon="6.99462">
        <ele>474.0</ele>
      </trkpt>
      <trkpt lat="46.2967" lon="6.99523">
        <ele>479.0</ele>
      </trkpt>
      <trkpt lat="46.29645" lon="6.99615">
        <ele>481.0</ele>
      </trkpt>
      <trkpt lat="46.29691" lon="6.99715">
        <ele>488.0</ele>
      </trkpt>
      <trkpt lat="46.29662" lon="6.99761">
        <ele>493.0</ele>
      </trkpt>
      <trkpt lat="46.29645" lon="6.99839">
        <ele>497.0</ele>
      </trkpt>
      <trkpt lat="46.29662" lon="6.99854">
        <ele>498.0</ele>
      </trkpt>
      <trkpt lat="46.29734" lon="6.99799">
        <ele>503.0</ele>
      </trkpt>
      <trkpt lat="46.29749" lon="6.99826">
        <ele>507.0</ele>
      </trkpt>
      <trkpt lat="46.29729" lon="6.9988">
        <ele>512.0</ele>
      </trkpt>
      <trkpt lat="46.29701" lon="6.99918">
        <ele>518.0</ele>
      </trkpt>
      <trkpt lat="46.29613" lon="6.99902">
        <ele>528.0</ele>
      </trkpt>
      <trkpt lat="46.29515" lon="6.99926">
        <ele>530.0</ele>
      </trkpt>
      <trkpt lat="46.29344" lon="7.00163">
        <ele>566.0</ele>
      </trkpt>
      <trkpt lat="46.29268" lon="7.00171">
        <ele>574.0</ele>
      </trkpt>
      <trkpt lat="46.29204" lon="7.0021">
        <ele>577.0</ele>
      </trkpt>
      <trkpt lat="46.29154" lon="7.00376">
        <ele>596.0</ele>
      </trkpt>
      <trkpt lat="46.29136" lon="7.00523">
        <ele>615.0</ele>
      </trkpt>
      <trkpt lat="46.29046" lon="7.0068">
        <ele>624.0</ele>
      </trkpt>
      <trkpt lat="46.29046" lon="7.00741">
        <ele>628.0</ele>
      </trkpt>
      <trkpt lat="46.29099" lon="7.00957">
        <ele>663.0</ele>
      </trkpt>
      <trkpt lat="46.29094" lon="7.0099">
        <ele>681.0</ele>
      </trkpt>
      <trkpt lat="46.29074" lon="7.00986">
        <ele>681.0</ele>
      </trkpt>
      <trkpt lat="46.29018" lon="7.00894">
        <ele>676.0</ele>
      </trkpt>
      <trkpt lat="46.28969" lon="7.0087">
        <ele>672.0</ele>
      </trkpt>
      <trkpt lat="46.28833" lon="7.01005">
        <ele>686.0</ele>
      </trkpt>
      <trkpt lat="46.28736" lon="7.01055">
        <ele>693.0</ele>
      </trkpt>
      <trkpt lat="46.28681" lon="7.0114">
        <ele>698.0</ele>
      </trkpt>
      <trkpt lat="46.2861" lon="7.01191">
        <ele>702.0</ele>
      </trkpt>
      <trkpt lat="46.28383" lon="7.01495">
        <ele>718.0</ele>
      </trkpt>
      <trkpt lat="46.28373" lon="7.01531">
        <ele>722.0</ele>
      </trkpt>
      <trkpt lat="46.28377" lon="7.01617">
        <ele>731.0</ele>
      </trkpt>
      <trkpt lat="46.28352" lon="7.01683">
        <ele>739.0</ele>
      </trkpt>
      <trkpt lat="46.28256" lon="7.01736">
        <ele>750.0</ele>
      </trkpt>
      <trkpt lat="46.28124" lon="7.01882">
        <ele>756.0</ele>
      </trkpt>
      <trkpt lat="46.28109" lon="7.02006">
        <ele>763.0</ele>
      </trkpt>
      <trkpt lat="46.28089" lon="7.02065">
        <ele>768.0</ele>
      </trkpt>
      <trkpt lat="46.28117" lon="7.02245">
        <ele>784.0</ele>
      </trkpt>
      <trkpt lat="46.28196" lon="7.02325">
        <ele>796.0</ele>
      </trkpt>
      <trkpt lat="46.28243" lon="7.02432">
        <ele>803.0</ele>
      </trkpt>
      <trkpt lat="46.28302" lon="7.0248">
        <ele>805.0</ele>
      </trkpt>
      <trkpt lat="46.28421" lon="7.02649">
        <ele>820.0</ele>
      </trkpt>
      <trkpt lat="46.28519" lon="7.02695">
        <ele>836.0</ele>
      </trkpt>
      <trkpt lat="46.28607" lon="7.02698">
        <ele>843.0</ele>
      </trkpt>
      <trkpt lat="46.28689" lon="7.02761">
        <ele>850.0</ele>
      </trkpt>
      <trkpt lat="46.28707" lon="7.02753">
        <ele>852.0</ele>
      </trkpt>
      <trkpt lat="46.28704" lon="7.02731">
        <ele>854.0</ele>
      </trkpt>
      <trkpt lat="46.28614" lon="7.02616">
        <ele>863.0</ele>
      </trkpt>
      <trkpt lat="46.28601" lon="7.02479">
        <ele>868.0</ele>
      </trkpt>
      <trkpt lat="46.28559" lon="7.02432">
        <ele>872.0</ele>
      </trkpt>
      <trkpt lat="46.28561" lon="7.02415">
        <ele>874.0</ele>
      </trkpt>
      <trkpt lat="46.28578" lon="7.02412">
        <ele>875.0</ele>
      </trkpt>
      <trkpt lat="46.28745" lon="7.02589">
        <ele>890.0</ele>
      </trkpt>
      <trkpt lat="46.28888" lon="7.02708">
        <ele>915.0</ele>
      </trkpt>
      <trkpt lat="46.28968" lon="7.02845">
        <ele>926.0</ele>
      </trkpt>
      <trkpt lat="46.28999" lon="7.02981">
        <ele>937.0</ele>
      </trkpt>
      <trkpt lat="46.29013" lon="7.02994">
        <ele>940.0</ele>
      </trkpt>
      <trkpt lat="46.29023" lon="7.02976">
        <ele>942.0</ele>
      </trkpt>
      <trkpt lat="46.2901" lon="7.0285">
        <ele>949.0</ele>
      </trkpt>
      <trkpt lat="46.28973" lon="7.02692">
        <ele>955.0</ele>
      </trkpt>
      <trkpt lat="46.28952" lon="7.02532">
        <ele>962.0</ele>
      </trkpt>
      <trkpt lat="46.28897" lon="7.02362">
        <ele>971.0</ele>
      </trkpt>
      <trkpt lat="46.28811" lon="7.02229">
        <ele>976.0</ele>
      </trkpt>
      <trkpt lat="46.28796" lon="7.02154">
        <ele>978.0</ele>
      </trkpt>
      <trkpt lat="46.28815" lon="7.02153">
        <ele>980.0</ele>
      </trkpt>
      <trkpt lat="46.28816" lon="7.02207">
        <ele>983.0</ele>
      </trkpt>
      <trkpt lat="46.28841" lon="7.02245">
        <ele>985.0</ele>
      </trkpt>
      <trkpt lat="46.28955" lon="7.0228">
        <ele>993.0</ele>
      </trkpt>
      <trkpt lat="46.2903" lon="7.02337">
        <ele>999.0</ele>
      </trkpt>
      <trkpt lat="46.2916" lon="7.02576">
        <ele>1015.0</ele>
      </trkpt>
      <trkpt lat="46.29176" lon="7.02742">
        <ele>1025.0</ele>
      </trkpt>
      <trkpt lat="46.29469" lon="7.03376">
        <ele>1080.0</ele>
      </trkpt>
      <trkpt lat="46.29589" lon="7.03697">
        <ele>1098.0</ele>
      </trkpt>
      <trkpt lat="46.2961" lon="7.03824">
        <ele>1103.0</ele>
      </trkpt>
      <trkpt lat="46.29754" lon="7.03888">
        <ele>1126.0</ele>
      </trkpt>
      <trkpt lat="46.29832" lon="7.03974">
        <ele>1139.0</ele>
      </trkpt>
      <trkpt lat="46.29847" lon="7.04038">
        <ele>1145.0</ele>
      </trkpt>
      <trkpt lat="46.29858" lon="7.04044">
        <ele>1147.0</ele>
      </trkpt>
      <trkpt lat="46.29869" lon="7.04024">
        <ele>1149.0</ele>
      </trkpt>
      <trkpt lat="46.29856" lon="7.03868">
        <ele>1158.0</ele>
      </trkpt>
      <trkpt lat="46.29834" lon="7.03819">
        <ele>1164.0</ele>
      </trkpt>
      <trkpt lat="46.29854" lon="7.03804">
        <ele>1166.0</ele>
      </trkpt>
      <trkpt lat="46.29991" lon="7.04049">
        <ele>1187.0</ele>
      </trkpt>
      <trkpt lat="46.30204" lon="7.04596">
        <ele>1221.0</ele>
      </trkpt>
      <trkpt lat="46.3018" lon="7.0487">
        <ele>1228.0</ele>
      </trkpt>
      <trkpt lat="46.30129" lon="7.05046">
        <ele>1236.0</ele>
      </trkpt>
      <trkpt lat="46.30198" lon="7.05204">
        <ele>1249.0</ele>
      </trkpt>
    </trkseg>
  </trk>
</gpx>