<?xml version="1.0" encoding="UTF-8"?>
<gpx xmlns="http://www.topografix.com/GPX/1/0" xmlns:xsi="http://www.w3.org/2001/XMLSchema-instance" xsi:schemaLocation="http://www.topografix.com/GPX/1/0 http://www.topografix.com/GPX/1/0/gpx.xsd" version="1.0" creator="GPSBabel - https://www.gpsbabel.org">
  <time>2026-03-23T07:59:54.037000Z</time>
  <bounds minlat="43.1718" maxlat="43.30769" minlon="-2.54359" maxlon="-2.18868" />
  <trk>
    <trkseg>
      <trkpt lat="43.20361" lon="-2.42869">
        <ele>87.0</ele>
      </trkpt>
      <trkpt lat="43.20408" lon="-2.42826">
        <ele>81.0</ele>
      </trkpt>
      <trkpt lat="43.20433" lon="-2.42779">
        <ele>78.0</ele>
      </trkpt>
      <trkpt lat="43.20458" lon="-2.42577">
        <ele>76.0</ele>
      </trkpt>
      <trkpt lat="43.20521" lon="-2.42474">
        <ele>72.0</ele>
      </trkpt>
      <trkpt lat="43.20761" lon="-2.42321">
        <ele>74.0</ele>
      </trkpt>
      <trkpt lat="43.20869" lon="-2.42233">
        <ele>71.0</ele>
      </trkpt>
      <trkpt lat="43.21034" lon="-2.42014">
        <ele>56.0</ele>
      </trkpt>
      <trkpt lat="43.21228" lon="-2.41901">
        <ele>53.0</ele>
      </trkpt>
      <trkpt lat="43.21478" lon="-2.4179">
        <ele>49.0</ele>
      </trkpt>
      <trkpt lat="43.21551" lon="-2.41718">
        <ele>49.0</ele>
      </trkpt>
      <trkpt lat="43.21577" lon="-2.41676">
        <ele>50.0</ele>
      </trkpt>
      <trkpt lat="43.21608" lon="-2.4157">
        <ele>52.0</ele>
      </trkpt>
      <trkpt lat="43.21649" lon="-2.41295">
        <ele>47.0</ele>
      </trkpt>
      <trkpt lat="43.21693" lon="-2.41188">
        <ele>41.0</ele>
      </trkpt>
      <trkpt lat="43.21695" lon="-2.4115">
        <ele>40.0</ele>
      </trkpt>
      <trkpt lat="43.21726" lon="-2.41141">
        <ele>42.0</ele>
      </trkpt>
      <trkpt lat="43.21927" lon="-2.40862">
        <ele>40.0</ele>
      </trkpt>
      <trkpt lat="43.22035" lon="-2.40658">
        <ele>43.0</ele>
      </trkpt>
      <trkpt lat="43.22046" lon="-2.40608">
        <ele>41.0</ele>
      </trkpt>
      <trkpt lat="43.2217" lon="-2.40573">
        <ele>41.0</ele>
      </trkpt>
      <trkpt lat="43.22221" lon="-2.40592">
        <ele>41.0</ele>
      </trkpt>
      <trkpt lat="43.22269" lon="-2.40674">
        <ele>39.0</ele>
      </trkpt>
      <trkpt lat="43.22295" lon="-2.40685">
        <ele>38.0</ele>
      </trkpt>
      <trkpt lat="43.22288" lon="-2.40715">
        <ele>37.0</ele>
      </trkpt>
      <trkpt lat="43.22354" lon="-2.40833">
        <ele>36.0</ele>
      </trkpt>
      <trkpt lat="43.22393" lon="-2.40851">
        <ele>35.0</ele>
      </trkpt>
      <trkpt lat="43.22441" lon="-2.40845">
        <ele>35.0</ele>
      </trkpt>
      <trkpt lat="43.22597" lon="-2.40749">
        <ele>37.0</ele>
      </trkpt>
      <trkpt lat="43.22657" lon="-2.40686">
        <ele>37.0</ele>
      </trkpt>
      <trkpt lat="43.22828" lon="-2.40168">
        <ele>35.0</ele>
      </trkpt>
      <trkpt lat="43.22843" lon="-2.40084">
        <ele>31.0</ele>
      </trkpt>
      <trkpt lat="43.22882" lon="-2.40062">
        <ele>29.0</ele>
      </trkpt>
      <trkpt lat="43.23006" lon="-2.39934">
        <ele>27.0</ele>
      </trkpt>
      <trkpt lat="43.23072" lon="-2.39915">
        <ele>29.0</ele>
      </trkpt>
      <trkpt lat="43.23146" lon="-2.39934">
        <ele>32.0</ele>
      </trkpt>
      <trkpt lat="43.23184" lon="-2.39962">
        <ele>36.0</ele>
      </trkpt>
      <trkpt lat="43.23211" lon="-2.40013">
        <ele>36.0</ele>
      </trkpt>
      <trkpt lat="43.23279" lon="-2.40291">
        <ele>33.0</ele>
      </trkpt>
      <trkpt lat="43.23304" lon="-2.40331">
        <ele>32.0</ele>
      </trkpt>
      <trkpt lat="43.23352" lon="-2.40348">
        <ele>30.0</ele>
      </trkpt>
      <trkpt lat="43.23391" lon="-2.40331">
        <ele>28.0</ele>
      </trkpt>
      <trkpt lat="43.23512" lon="-2.4022">
        <ele>31.0</ele>
      </trkpt>
      <trkpt lat="43.23649" lon="-2.39877">
        <ele>25.0</ele>
      </trkpt>
      <trkpt lat="43.23694" lon="-2.3982">
        <ele>24.0</ele>
      </trkpt>
      <trkpt lat="43.23753" lon="-2.39804">
        <ele>22.0</ele>
      </trkpt>
      <trkpt lat="43.24178" lon="-2.3986">
        <ele>20.0</ele>
      </trkpt>
      <trkpt lat="43.2425" lon="-2.39839">
        <ele>20.0</ele>
      </trkpt>
      <trkpt lat="43.24382" lon="-2.39649">
        <ele>22.0</ele>
      </trkpt>
      <trkpt lat="43.24524" lon="-2.39507">
        <ele>20.0</ele>
      </trkpt>
      <trkpt lat="43.24681" lon="-2.39393">
        <ele>18.0</ele>
      </trkpt>
      <trkpt lat="43.24885" lon="-2.39333">
        <ele>21.0</ele>
      </trkpt>
      <trkpt lat="43.24979" lon="-2.39273">
        <ele>24.0</ele>
      </trkpt>
      <trkpt lat="43.25019" lon="-2.39215">
        <ele>22.0</ele>
      </trkpt>
      <trkpt lat="43.25104" lon="-2.39016">
        <ele>18.0</ele>
      </trkpt>
      <trkpt lat="43.25259" lon="-2.38924">
        <ele>18.0</ele>
      </trkpt>
      <trkpt lat="43.25318" lon="-2.38768">
        <ele>17.0</ele>
      </trkpt>
      <trkpt lat="43.25362" lon="-2.38718">
        <ele>16.0</ele>
      </trkpt>
      <trkpt lat="43.25438" lon="-2.38709">
        <ele>15.0</ele>
      </trkpt>
      <trkpt lat="43.25578" lon="-2.38785">
        <ele>17.0</ele>
      </trkpt>
      <trkpt lat="43.25632" lon="-2.38766">
        <ele>20.0</ele>
      </trkpt>
      <trkpt lat="43.25655" lon="-2.38719">
        <ele>23.0</ele>
      </trkpt>
      <trkpt lat="43.25704" lon="-2.38492">
        <ele>22.0</ele>
      </trkpt>
      <trkpt lat="43.25829" lon="-2.38203">
        <ele>14.0</ele>
      </trkpt>
      <trkpt lat="43.25882" lon="-2.38118">
        <ele>12.0</ele>
      </trkpt>
      <trkpt lat="43.25963" lon="-2.38049">
        <ele>13.0</ele>
      </trkpt>
      <trkpt lat="43.26139" lon="-2.37973">
        <ele>22.0</ele>
      </trkpt>
      <trkpt lat="43.26412" lon="-2.37618">
        <ele>18.0</ele>
      </trkpt>
      <trkpt lat="43.26512" lon="-2.3744">
        <ele>17.0</ele>
      </trkpt>
      <trkpt lat="43.26569" lon="-2.37374">
        <ele>16.0</ele>
      </trkpt>
      <trkpt lat="43.2664" lon="-2.37343">
        <ele>16.0</ele>
      </trkpt>
      <trkpt lat="43.26875" lon="-2.37348">
        <ele>29.0</ele>
      </trkpt>
      <trkpt lat="43.26931" lon="-2.37323">
        <ele>41.0</ele>
      </trkpt>
      <trkpt lat="43.26982" lon="-2.37199">
        <ele>31.0</ele>
      </trkpt>
      <trkpt lat="43.26879" lon="-2.37205">
        <ele>28.0</ele>
      </trkpt>
      <trkpt lat="43.26813" lon="-2.37194">
        <ele>34.0</ele>
      </trkpt>
      <trkpt lat="43.26813" lon="-2.37183">
        <ele>35.0</ele>
      </trkpt>
      <trkpt lat="43.26911" lon="-2.37187">
        <ele>39.0</ele>
      </trkpt>
      <trkpt lat="43.27011" lon="-2.37133">
        <ele>38.0</ele>
      </trkpt>
      <trkpt lat="43.27036" lon="-2.37104">
        <ele>38.0</ele>
      </trkpt>
      <trkpt lat="43.27041" lon="-2.37052">
        <ele>42.0</ele>
      </trkpt>
      <trkpt lat="43.2707" lon="-2.37009">
        <ele>45.0</ele>
      </trkpt>
      <trkpt lat="43.2722" lon="-2.36934">
        <ele>60.0</ele>
      </trkpt>
      <trkpt lat="43.27267" lon="-2.36842">
        <ele>68.0</ele>
      </trkpt>
      <trkpt lat="43.27323" lon="-2.36793">
        <ele>74.0</ele>
      </trkpt>
      <trkpt lat="43.27381" lon="-2.36778">
        <ele>77.0</ele>
      </trkpt>
      <trkpt lat="43.27456" lon="-2.36671">
        <ele>83.0</ele>
      </trkpt>
      <trkpt lat="43.2746" lon="-2.36648">
        <ele>84.0</ele>
      </trkpt>
      <trkpt lat="43.27426" lon="-2.36564">
        <ele>88.0</ele>
      </trkpt>
      <trkpt lat="43.27403" lon="-2.36541">
        <ele>92.0</ele>
      </trkpt>
      <trkpt lat="43.27385" lon="-2.36551">
        <ele>95.0</ele>
      </trkpt>
      <trkpt lat="43.27356" lon="-2.36627">
        <ele>99.0</ele>
      </trkpt>
      <trkpt lat="43.27313" lon="-2.36684">
        <ele>100.0</ele>
      </trkpt>
      <trkpt lat="43.27204" lon="-2.36769">
        <ele>99.0</ele>
      </trkpt>
      <trkpt lat="43.27148" lon="-2.36765">
        <ele>102.0</ele>
      </trkpt>
      <trkpt lat="43.27091" lon="-2.3671">
        <ele>107.0</ele>
      </trkpt>
      <trkpt lat="43.26967" lon="-2.3669">
        <ele>116.0</ele>
      </trkpt>
      <trkpt lat="43.26982" lon="-2.36662">
        <ele>118.0</ele>
      </trkpt>
      <trkpt lat="43.27096" lon="-2.36649">
        <ele>124.0</ele>
      </trkpt>
      <trkpt lat="43.27155" lon="-2.36678">
        <ele>128.0</ele>
      </trkpt>
      <trkpt lat="43.27213" lon="-2.36648">
        <ele>132.0</ele>
      </trkpt>
      <trkpt lat="43.27278" lon="-2.36541">
        <ele>140.0</ele>
      </trkpt>
      <trkpt lat="43.27273" lon="-2.36474">
        <ele>146.0</ele>
      </trkpt>
      <trkpt lat="43.27252" lon="-2.36453">
        <ele>148.0</ele>
      </trkpt>
      <trkpt lat="43.2721" lon="-2.36449">
        <ele>152.0</ele>
      </trkpt>
      <trkpt lat="43.27115" lon="-2.36544">
        <ele>166.0</ele>
      </trkpt>
      <trkpt lat="43.27039" lon="-2.36519">
        <ele>175.0</ele>
      </trkpt>
      <trkpt lat="43.26952" lon="-2.3652">
        <ele>182.0</ele>
      </trkpt>
      <trkpt lat="43.26907" lon="-2.36504">
        <ele>187.0</ele>
      </trkpt>
      <trkpt lat="43.26883" lon="-2.36449">
        <ele>189.0</ele>
      </trkpt>
      <trkpt lat="43.26852" lon="-2.36415">
        <ele>187.0</ele>
      </trkpt>
      <trkpt lat="43.26791" lon="-2.36398">
        <ele>183.0</ele>
      </trkpt>
      <trkpt lat="43.26757" lon="-2.36364">
        <ele>179.0</ele>
      </trkpt>
      <trkpt lat="43.26707" lon="-2.36277">
        <ele>173.0</ele>
      </trkpt>
      <trkpt lat="43.26648" lon="-2.36226">
        <ele>168.0</ele>
      </trkpt>
      <trkpt lat="43.26626" lon="-2.36148">
        <ele>164.0</ele>
      </trkpt>
      <trkpt lat="43.26536" lon="-2.35988">
        <ele>163.0</ele>
      </trkpt>
      <trkpt lat="43.26485" lon="-2.35845">
        <ele>159.0</ele>
      </trkpt>
      <trkpt lat="43.26471" lon="-2.35752">
        <ele>147.0</ele>
      </trkpt>
      <trkpt lat="43.26416" lon="-2.35589">
        <ele>136.0</ele>
      </trkpt>
      <trkpt lat="43.26407" lon="-2.35443">
        <ele>135.0</ele>
      </trkpt>
      <trkpt lat="43.26393" lon="-2.3541">
        <ele>134.0</ele>
      </trkpt>
      <trkpt lat="43.26223" lon="-2.35271">
        <ele>127.0</ele>
      </trkpt>
      <trkpt lat="43.26187" lon="-2.35204">
        <ele>126.0</ele>
      </trkpt>
      <trkpt lat="43.26121" lon="-2.35148">
        <ele>124.0</ele>
      </trkpt>
      <trkpt lat="43.26081" lon="-2.35042">
        <ele>127.0</ele>
      </trkpt>
      <trkpt lat="43.26" lon="-2.34915">
        <ele>136.0</ele>
      </trkpt>
      <trkpt lat="43.2593" lon="-2.34842">
        <ele>137.0</ele>
      </trkpt>
      <trkpt lat="43.25786" lon="-2.34729">
        <ele>133.0</ele>
      </trkpt>
      <trkpt lat="43.25741" lon="-2.3464">
        <ele>132.0</ele>
      </trkpt>
      <trkpt lat="43.25569" lon="-2.34517">
        <ele>130.0</ele>
      </trkpt>
      <trkpt lat="43.25501" lon="-2.34449">
        <ele>130.0</ele>
      </trkpt>
      <trkpt lat="43.25465" lon="-2.34392">
        <ele>132.0</ele>
      </trkpt>
      <trkpt lat="43.25232" lon="-2.34178">
        <ele>149.0</ele>
      </trkpt>
      <trkpt lat="43.25205" lon="-2.34138">
        <ele>150.0</ele>
      </trkpt>
      <trkpt lat="43.25153" lon="-2.34132">
        <ele>148.0</ele>
      </trkpt>
      <trkpt lat="43.25151" lon="-2.34056">
        <ele>145.0</ele>
      </trkpt>
      <trkpt lat="43.25122" lon="-2.33953">
        <ele>143.0</ele>
      </trkpt>
      <trkpt lat="43.25017" lon="-2.33756">
        <ele>152.0</ele>
      </trkpt>
      <trkpt lat="43.24989" lon="-2.33656">
        <ele>154.0</ele>
      </trkpt>
      <trkpt lat="43.25026" lon="-2.33451">
        <ele>153.0</ele>
      </trkpt>
      <trkpt lat="43.25086" lon="-2.33391">
        <ele>151.0</ele>
      </trkpt>
      <trkpt lat="43.25092" lon="-2.3333">
        <ele>150.0</ele>
      </trkpt>
      <trkpt lat="43.24975" lon="-2.33176">
        <ele>172.0</ele>
      </trkpt>
      <trkpt lat="43.24964" lon="-2.33115">
        <ele>179.0</ele>
      </trkpt>
      <trkpt lat="43.24868" lon="-2.32985">
        <ele>189.0</ele>
      </trkpt>
      <trkpt lat="43.24796" lon="-2.3283">
        <ele>195.0</ele>
      </trkpt>
      <trkpt lat="43.2479" lon="-2.32722">
        <ele>197.0</ele>
      </trkpt>
      <trkpt lat="43.24752" lon="-2.3266">
        <ele>198.0</ele>
      </trkpt>
      <trkpt lat="43.24676" lon="-2.32632">
        <ele>199.0</ele>
      </trkpt>
      <trkpt lat="43.24583" lon="-2.32571">
        <ele>202.0</ele>
      </trkpt>
      <trkpt lat="43.24532" lon="-2.32524">
        <ele>206.0</ele>
      </trkpt>
      <trkpt lat="43.24495" lon="-2.32457">
        <ele>212.0</ele>
      </trkpt>
      <trkpt lat="43.2442" lon="-2.32454">
        <ele>216.0</ele>
      </trkpt>
      <trkpt lat="43.24364" lon="-2.32431">
        <ele>221.0</ele>
      </trkpt>
      <trkpt lat="43.24288" lon="-2.32434">
        <ele>230.0</ele>
      </trkpt>
      <trkpt lat="43.24277" lon="-2.32422">
        <ele>231.0</ele>
      </trkpt>
      <trkpt lat="43.24283" lon="-2.32395">
        <ele>232.0</ele>
      </trkpt>
      <trkpt lat="43.24227" lon="-2.32337">
        <ele>235.0</ele>
      </trkpt>
      <trkpt lat="43.24119" lon="-2.32368">
        <ele>240.0</ele>
      </trkpt>
      <trkpt lat="43.24055" lon="-2.32338">
        <ele>246.0</ele>
      </trkpt>
      <trkpt lat="43.23953" lon="-2.32324">
        <ele>258.0</ele>
      </trkpt>
      <trkpt lat="43.23881" lon="-2.32349">
        <ele>264.0</ele>
      </trkpt>
      <trkpt lat="43.23724" lon="-2.32365">
        <ele>277.0</ele>
      </trkpt>
      <trkpt lat="43.23643" lon="-2.32407">
        <ele>288.0</ele>
      </trkpt>
      <trkpt lat="43.23564" lon="-2.32425">
        <ele>297.0</ele>
      </trkpt>
      <trkpt lat="43.23426" lon="-2.32364">
        <ele>290.0</ele>
      </trkpt>
      <trkpt lat="43.23324" lon="-2.32252">
        <ele>288.0</ele>
      </trkpt>
      <trkpt lat="43.23237" lon="-2.32193">
        <ele>288.0</ele>
      </trkpt>
      <trkpt lat="43.2312" lon="-2.32156">
        <ele>297.0</ele>
      </trkpt>
      <trkpt lat="43.2307" lon="-2.32027">
        <ele>306.0</ele>
      </trkpt>
      <trkpt lat="43.23061" lon="-2.31894">
        <ele>320.0</ele>
      </trkpt>
      <trkpt lat="43.2305" lon="-2.31876">
        <ele>324.0</ele>
      </trkpt>
      <trkpt lat="43.22943" lon="-2.31846">
        <ele>333.0</ele>
      </trkpt>
      <trkpt lat="43.22935" lon="-2.31888">
        <ele>335.0</ele>
      </trkpt>
      <trkpt lat="43.22986" lon="-2.31974">
        <ele>338.0</ele>
      </trkpt>
      <trkpt lat="43.22974" lon="-2.31996">
        <ele>341.0</ele>
      </trkpt>
      <trkpt lat="43.2271" lon="-2.31853">
        <ele>377.0</ele>
      </trkpt>
      <trkpt lat="43.22678" lon="-2.31817">
        <ele>383.0</ele>
      </trkpt>
      <trkpt lat="43.22645" lon="-2.31868">
        <ele>389.0</ele>
      </trkpt>
      <trkpt lat="43.22586" lon="-2.31891">
        <ele>395.0</ele>
      </trkpt>
      <trkpt lat="43.22448" lon="-2.31839">
        <ele>409.0</ele>
      </trkpt>
      <trkpt lat="43.22444" lon="-2.31826">
        <ele>413.0</ele>
      </trkpt>
      <trkpt lat="43.22482" lon="-2.31819">
        <ele>420.0</ele>
      </trkpt>
      <trkpt lat="43.22521" lon="-2.31776">
        <ele>427.0</ele>
      </trkpt>
      <trkpt lat="43.22564" lon="-2.31691">
        <ele>443.0</ele>
      </trkpt>
      <trkpt lat="43.22547" lon="-2.31681">
        <ele>447.0</ele>
      </trkpt>
      <trkpt lat="43.22478" lon="-2.3171">
        <ele>453.0</ele>
      </trkpt>
      <trkpt lat="43.2239" lon="-2.31627">
        <ele>462.0</ele>
      </trkpt>
      <trkpt lat="43.22349" lon="-2.31503">
        <ele>476.0</ele>
      </trkpt>
      <trkpt lat="43.22341" lon="-2.31414">
        <ele>486.0</ele>
      </trkpt>
      <trkpt lat="43.22274" lon="-2.31273">
        <ele>503.0</ele>
      </trkpt>
      <trkpt lat="43.22258" lon="-2.3118">
        <ele>516.0</ele>
      </trkpt>
      <trkpt lat="43.22169" lon="-2.31131">
        <ele>523.0</ele>
      </trkpt>
      <trkpt lat="43.22123" lon="-2.31124">
        <ele>528.0</ele>
      </trkpt>
      <trkpt lat="43.22129" lon="-2.31108">
        <ele>529.0</ele>
      </trkpt>
      <trkpt lat="43.22274" lon="-2.31087">
        <ele>545.0</ele>
      </trkpt>
      <trkpt lat="43.22193" lon="-2.31039">
        <ele>556.0</ele>
      </trkpt>
      <trkpt lat="43.22126" lon="-2.31023">
        <ele>561.0</ele>
      </trkpt>
      <trkpt lat="43.22039" lon="-2.31058">
        <ele>569.0</ele>
      </trkpt>
      <trkpt lat="43.21923" lon="-2.31077">
        <ele>574.0</ele>
      </trkpt>
      <trkpt lat="43.21816" lon="-2.31064">
        <ele>581.0</ele>
      </trkpt>
      <trkpt lat="43.21713" lon="-2.3116">
        <ele>596.0</ele>
      </trkpt>
      <trkpt lat="43.21651" lon="-2.31194">
        <ele>605.0</ele>
      </trkpt>
      <trkpt lat="43.21523" lon="-2.31163">
        <ele>615.0</ele>
      </trkpt>
      <trkpt lat="43.2148" lon="-2.31174">
        <ele>616.0</ele>
      </trkpt>
      <trkpt lat="43.21426" lon="-2.31277">
        <ele>615.0</ele>
      </trkpt>
      <trkpt lat="43.21393" lon="-2.31431">
        <ele>618.0</ele>
      </trkpt>
      <trkpt lat="43.21294" lon="-2.31637">
        <ele>632.0</ele>
      </trkpt>
      <trkpt lat="43.21202" lon="-2.31953">
        <ele>651.0</ele>
      </trkpt>
      <trkpt lat="43.21169" lon="-2.31989">
        <ele>652.0</ele>
      </trkpt>
      <trkpt lat="43.2107" lon="-2.32042">
        <ele>656.0</ele>
      </trkpt>
      <trkpt lat="43.20979" lon="-2.3213">
        <ele>668.0</ele>
      </trkpt>
      <trkpt lat="43.20886" lon="-2.32155">
        <ele>670.0</ele>
      </trkpt>
      <trkpt lat="43.20856" lon="-2.32202">
        <ele>668.0</ele>
      </trkpt>
      <trkpt lat="43.20842" lon="-2.32274">
        <ele>665.0</ele>
      </trkpt>
      <trkpt lat="43.20926" lon="-2.32375">
        <ele>664.0</ele>
      </trkpt>
      <trkpt lat="43.20932" lon="-2.3251">
        <ele>664.0</ele>
      </trkpt>
      <trkpt lat="43.2092" lon="-2.32583">
        <ele>666.0</ele>
      </trkpt>
      <trkpt lat="43.20876" lon="-2.32657">
        <ele>670.0</ele>
      </trkpt>
      <trkpt lat="43.2087" lon="-2.32797">
        <ele>674.0</ele>
      </trkpt>
      <trkpt lat="43.20841" lon="-2.32879">
        <ele>671.0</ele>
      </trkpt>
      <trkpt lat="43.20866" lon="-2.33134">
        <ele>654.0</ele>
      </trkpt>
      <trkpt lat="43.20857" lon="-2.33335">
        <ele>633.0</ele>
      </trkpt>
      <trkpt lat="43.20807" lon="-2.33406">
        <ele>621.0</ele>
      </trkpt>
      <trkpt lat="43.20835" lon="-2.33439">
        <ele>617.0</ele>
      </trkpt>
      <trkpt lat="43.20837" lon="-2.33463">
        <ele>614.0</ele>
      </trkpt>
      <trkpt lat="43.20734" lon="-2.33497">
        <ele>603.0</ele>
      </trkpt>
      <trkpt lat="43.20632" lon="-2.33697">
        <ele>584.0</ele>
      </trkpt>
      <trkpt lat="43.20666" lon="-2.33846">
        <ele>576.0</ele>
      </trkpt>
      <trkpt lat="43.20729" lon="-2.33998">
        <ele>563.0</ele>
      </trkpt>
      <trkpt lat="43.20714" lon="-2.34012">
        <ele>561.0</ele>
      </trkpt>
      <trkpt lat="43.20663" lon="-2.33935">
        <ele>555.0</ele>
      </trkpt>
      <trkpt lat="43.20651" lon="-2.33938">
        <ele>552.0</ele>
      </trkpt>
      <trkpt lat="43.2068" lon="-2.34102">
        <ele>540.0</ele>
      </trkpt>
      <trkpt lat="43.20738" lon="-2.34234">
        <ele>530.0</ele>
      </trkpt>
      <trkpt lat="43.20824" lon="-2.34358">
        <ele>516.0</ele>
      </trkpt>
      <trkpt lat="43.20812" lon="-2.34468">
        <ele>511.0</ele>
      </trkpt>
      <trkpt lat="43.20781" lon="-2.34588">
        <ele>507.0</ele>
      </trkpt>
      <trkpt lat="43.20773" lon="-2.34932">
        <ele>511.0</ele>
      </trkpt>
      <trkpt lat="43.20738" lon="-2.34987">
        <ele>512.0</ele>
      </trkpt>
      <trkpt lat="43.20599" lon="-2.34999">
        <ele>507.0</ele>
      </trkpt>
      <trkpt lat="43.20578" lon="-2.35016">
        <ele>504.0</ele>
      </trkpt>
      <trkpt lat="43.20579" lon="-2.35073">
        <ele>501.0</ele>
      </trkpt>
      <trkpt lat="43.20619" lon="-2.35201">
        <ele>498.0</ele>
      </trkpt>
      <trkpt lat="43.20625" lon="-2.35259">
        <ele>496.0</ele>
      </trkpt>
      <trkpt lat="43.20598" lon="-2.35303">
        <ele>495.0</ele>
      </trkpt>
      <trkpt lat="43.20513" lon="-2.35384">
        <ele>491.0</ele>
      </trkpt>
      <trkpt lat="43.20505" lon="-2.35422">
        <ele>488.0</ele>
      </trkpt>
      <trkpt lat="43.20573" lon="-2.35548">
        <ele>482.0</ele>
      </trkpt>
      <trkpt lat="43.20584" lon="-2.35591">
        <ele>478.0</ele>
      </trkpt>
      <trkpt lat="43.20533" lon="-2.35664">
        <ele>473.0</ele>
      </trkpt>
      <trkpt lat="43.20547" lon="-2.35742">
        <ele>469.0</ele>
      </trkpt>
      <trkpt lat="43.20451" lon="-2.35832">
        <ele>453.0</ele>
      </trkpt>
      <trkpt lat="43.20426" lon="-2.35894">
        <ele>445.0</ele>
      </trkpt>
      <trkpt lat="43.20396" lon="-2.36045">
        <ele>430.0</ele>
      </trkpt>
      <trkpt lat="43.2035" lon="-2.36168">
        <ele>418.0</ele>
      </trkpt>
      <trkpt lat="43.20313" lon="-2.36207">
        <ele>410.0</ele>
      </trkpt>
      <trkpt lat="43.20317" lon="-2.36127">
        <ele>403.0</ele>
      </trkpt>
      <trkpt lat="43.2024" lon="-2.3608">
        <ele>395.0</ele>
      </trkpt>
      <trkpt lat="43.20251" lon="-2.36068">
        <ele>394.0</ele>
      </trkpt>
      <trkpt lat="43.20298" lon="-2.36072">
        <ele>392.0</ele>
      </trkpt>
      <trkpt lat="43.20322" lon="-2.36025">
        <ele>390.0</ele>
      </trkpt>
      <trkpt lat="43.20319" lon="-2.35863">
        <ele>386.0</ele>
      </trkpt>
      <trkpt lat="43.20357" lon="-2.35638">
        <ele>378.0</ele>
      </trkpt>
      <trkpt lat="43.20319" lon="-2.35613">
        <ele>374.0</ele>
      </trkpt>
      <trkpt lat="43.20283" lon="-2.35538">
        <ele>369.0</ele>
      </trkpt>
      <trkpt lat="43.20275" lon="-2.35431">
        <ele>363.0</ele>
      </trkpt>
      <trkpt lat="43.20186" lon="-2.35425">
        <ele>347.0</ele>
      </trkpt>
      <trkpt lat="43.20126" lon="-2.35294">
        <ele>328.0</ele>
      </trkpt>
      <trkpt lat="43.20134" lon="-2.3522">
        <ele>324.0</ele>
      </trkpt>
      <trkpt lat="43.20101" lon="-2.35008">
        <ele>319.0</ele>
      </trkpt>
      <trkpt lat="43.20094" lon="-2.34712">
        <ele>307.0</ele>
      </trkpt>
      <trkpt lat="43.20066" lon="-2.34546">
        <ele>271.0</ele>
      </trkpt>
      <trkpt lat="43.20016" lon="-2.34407">
        <ele>268.0</ele>
      </trkpt>
      <trkpt lat="43.19847" lon="-2.34138">
        <ele>278.0</ele>
      </trkpt>
      <trkpt lat="43.19725" lon="-2.33882">
        <ele>254.0</ele>
      </trkpt>
      <trkpt lat="43.19652" lon="-2.33807">
        <ele>242.0</ele>
      </trkpt>
      <trkpt lat="43.19344" lon="-2.33556">
        <ele>204.0</ele>
      </trkpt>
      <trkpt lat="43.19038" lon="-2.33145">
        <ele>176.0</ele>
      </trkpt>
      <trkpt lat="43.18869" lon="-2.32891">
        <ele>162.0</ele>
      </trkpt>
      <trkpt lat="43.18751" lon="-2.32797">
        <ele>157.0</ele>
      </trkpt>
      <trkpt lat="43.18651" lon="-2.32693">
        <ele>153.0</ele>
      </trkpt>
      <trkpt lat="43.18584" lon="-2.32611">
        <ele>148.0</ele>
      </trkpt>
      <trkpt lat="43.18472" lon="-2.32435">
        <ele>143.0</ele>
      </trkpt>
      <trkpt lat="43.18328" lon="-2.32321">
        <ele>140.0</ele>
      </trkpt>
      <trkpt lat="43.18198" lon="-2.32036">
        <ele>133.0</ele>
      </trkpt>
      <trkpt lat="43.18031" lon="-2.31888">
        <ele>128.0</ele>
      </trkpt>
      <trkpt lat="43.17958" lon="-2.31788">
        <ele>125.0</ele>
      </trkpt>
      <trkpt lat="43.17867" lon="-2.31771">
        <ele>124.0</ele>
      </trkpt>
      <trkpt lat="43.17732" lon="-2.31714">
        <ele>128.0</ele>
      </trkpt>
      <trkpt lat="43.17689" lon="-2.31718">
        <ele>129.0</ele>
      </trkpt>
      <trkpt lat="43.17659" lon="-2.31746">
        <ele>129.0</ele>
      </trkpt>
      <trkpt lat="43.17614" lon="-2.31865">
        <ele>126.0</ele>
      </trkpt>
      <trkpt lat="43.17503" lon="-2.3203">
        <ele>122.0</ele>
      </trkpt>
      <trkpt lat="43.17417" lon="-2.3206">
        <ele>120.0</ele>
      </trkpt>
      <trkpt lat="43.17392" lon="-2.3204">
        <ele>120.0</ele>
      </trkpt>
      <trkpt lat="43.17378" lon="-2.3198">
        <ele>120.0</ele>
      </trkpt>
      <trkpt lat="43.17332" lon="-2.31903">
        <ele>120.0</ele>
      </trkpt>
      <trkpt lat="43.17329" lon="-2.3185">
        <ele>121.0</ele>
      </trkpt>
      <trkpt lat="43.17349" lon="-2.31804">
        <ele>123.0</ele>
      </trkpt>
      <trkpt lat="43.17434" lon="-2.31706">
        <ele>130.0</ele>
      </trkpt>
      <trkpt lat="43.17454" lon="-2.31636">
        <ele>133.0</ele>
      </trkpt>
      <trkpt lat="43.17448" lon="-2.31528">
        <ele>135.0</ele>
      </trkpt>
      <trkpt lat="43.17414" lon="-2.31448">
        <ele>137.0</ele>
      </trkpt>
      <trkpt lat="43.17243" lon="-2.31269">
        <ele>141.0</ele>
      </trkpt>
      <trkpt lat="43.17193" lon="-2.31154">
        <ele>138.0</ele>
      </trkpt>
      <trkpt lat="43.17182" lon="-2.31076">
        <ele>136.0</ele>
      </trkpt>
      <trkpt lat="43.17212" lon="-2.30741">
        <ele>129.0</ele>
      </trkpt>
      <trkpt lat="43.17267" lon="-2.30376">
        <ele>106.0</ele>
      </trkpt>
      <trkpt lat="43.17263" lon="-2.30328">
        <ele>106.0</ele>
      </trkpt>
      <trkpt lat="43.17311" lon="-2.30272">
        <ele>106.0</ele>
      </trkpt>
      <trkpt lat="43.17372" lon="-2.30131">
        <ele>107.0</ele>
      </trkpt>
      <trkpt lat="43.17477" lon="-2.29969">
        <ele>107.0</ele>
      </trkpt>
      <trkpt lat="43.17488" lon="-2.29922">
        <ele>107.0</ele>
      </trkpt>
      <trkpt lat="43.17444" lon="-2.29281">
        <ele>104.0</ele>
      </trkpt>
      <trkpt lat="43.17425" lon="-2.29135">
        <ele>100.0</ele>
      </trkpt>
      <trkpt lat="43.17431" lon="-2.29049">
        <ele>99.0</ele>
      </trkpt>
      <trkpt lat="43.17513" lon="-2.28571">
        <ele>98.0</ele>
      </trkpt>
      <trkpt lat="43.17587" lon="-2.2826">
        <ele>92.0</ele>
      </trkpt>
      <trkpt lat="43.17609" lon="-2.27935">
        <ele>90.0</ele>
      </trkpt>
      <trkpt lat="43.17733" lon="-2.2771">
        <ele>90.0</ele>
      </trkpt>
      <trkpt lat="43.17735" lon="-2.27663">
        <ele>89.0</ele>
      </trkpt>
      <trkpt lat="43.17768" lon="-2.27642">
        <ele>89.0</ele>
      </trkpt>
      <trkpt lat="43.18026" lon="-2.27165">
        <ele>85.0</ele>
      </trkpt>
      <trkpt lat="43.18038" lon="-2.27089">
        <ele>85.0</ele>
      </trkpt>
      <trkpt lat="43.18003" lon="-2.26964">
        <ele>85.0</ele>
      </trkpt>
      <trkpt lat="43.1798" lon="-2.26934">
        <ele>87.0</ele>
      </trkpt>
      <trkpt lat="43.17975" lon="-2.26864">
        <ele>87.0</ele>
      </trkpt>
      <trkpt lat="43.17791" lon="-2.26259">
        <ele>89.0</ele>
      </trkpt>
      <trkpt lat="43.17767" lon="-2.26231">
        <ele>87.0</ele>
      </trkpt>
      <trkpt lat="43.17728" lon="-2.26232">
        <ele>86.0</ele>
      </trkpt>
      <trkpt lat="43.17712" lon="-2.26207">
        <ele>86.0</ele>
      </trkpt>
      <trkpt lat="43.17715" lon="-2.26178">
        <ele>86.0</ele>
      </trkpt>
      <trkpt lat="43.17739" lon="-2.2616">
        <ele>87.0</ele>
      </trkpt>
      <trkpt lat="43.17822" lon="-2.2599">
        <ele>87.0</ele>
      </trkpt>
      <trkpt lat="43.1776" lon="-2.25864">
        <ele>88.0</ele>
      </trkpt>
      <trkpt lat="43.17534" lon="-2.2519">
        <ele>95.0</ele>
      </trkpt>
      <trkpt lat="43.17574" lon="-2.25123">
        <ele>102.0</ele>
      </trkpt>
      <trkpt lat="43.17721" lon="-2.25035">
        <ele>115.0</ele>
      </trkpt>
      <trkpt lat="43.17809" lon="-2.24925">
        <ele>120.0</ele>
      </trkpt>
      <trkpt lat="43.17864" lon="-2.24837">
        <ele>120.0</ele>
      </trkpt>
      <trkpt lat="43.17867" lon="-2.24718">
        <ele>121.0</ele>
      </trkpt>
      <trkpt lat="43.17927" lon="-2.24706">
        <ele>128.0</ele>
      </trkpt>
      <trkpt lat="43.17958" lon="-2.24682">
        <ele>132.0</ele>
      </trkpt>
      <trkpt lat="43.18005" lon="-2.24558">
        <ele>143.0</ele>
      </trkpt>
      <trkpt lat="43.17984" lon="-2.24413">
        <ele>146.0</ele>
      </trkpt>
      <trkpt lat="43.17926" lon="-2.24175">
        <ele>146.0</ele>
      </trkpt>
      <trkpt lat="43.17847" lon="-2.2402">
        <ele>144.0</ele>
      </trkpt>
      <trkpt lat="43.17831" lon="-2.23788">
        <ele>141.0</ele>
      </trkpt>
      <trkpt lat="43.17872" lon="-2.23639">
        <ele>143.0</ele>
      </trkpt>
      <trkpt lat="43.17924" lon="-2.23552">
        <ele>145.0</ele>
      </trkpt>
      <trkpt lat="43.17972" lon="-2.23514">
        <ele>145.0</ele>
      </trkpt>
      <trkpt lat="43.18013" lon="-2.23434">
        <ele>145.0</ele>
      </trkpt>
      <trkpt lat="43.18007" lon="-2.23208">
        <ele>144.0</ele>
      </trkpt>
      <trkpt lat="43.17973" lon="-2.23066">
        <ele>145.0</ele>
      </trkpt>
      <trkpt lat="43.1792" lon="-2.22942">
        <ele>147.0</ele>
      </trkpt>
      <trkpt lat="43.17977" lon="-2.22829">
        <ele>150.0</ele>
      </trkpt>
      <trkpt lat="43.18063" lon="-2.22715">
        <ele>154.0</ele>
      </trkpt>
      <trkpt lat="43.18092" lon="-2.22603">
        <ele>156.0</ele>
      </trkpt>
      <trkpt lat="43.18084" lon="-2.22535">
        <ele>155.0</ele>
      </trkpt>
      <trkpt lat="43.18055" lon="-2.22496">
        <ele>155.0</ele>
      </trkpt>
      <trkpt lat="43.17994" lon="-2.225">
        <ele>154.0</ele>
      </trkpt>
      <trkpt lat="43.17912" lon="-2.2255">
        <ele>152.0</ele>
      </trkpt>
      <trkpt lat="43.17868" lon="-2.22556">
        <ele>150.0</ele>
      </trkpt>
      <trkpt lat="43.17825" lon="-2.22435">
        <ele>152.0</ele>
      </trkpt>
      <trkpt lat="43.17788" lon="-2.22375">
        <ele>155.0</ele>
      </trkpt>
      <trkpt lat="43.1776" lon="-2.2236">
        <ele>158.0</ele>
      </trkpt>
      <trkpt lat="43.17705" lon="-2.22384">
        <ele>160.0</ele>
      </trkpt>
      <trkpt lat="43.17685" lon="-2.22377">
        <ele>161.0</ele>
      </trkpt>
      <trkpt lat="43.17666" lon="-2.22257">
        <ele>164.0</ele>
      </trkpt>
      <trkpt lat="43.17652" lon="-2.2223">
        <ele>166.0</ele>
      </trkpt>
      <trkpt lat="43.17503" lon="-2.22227">
        <ele>167.0</ele>
      </trkpt>
      <trkpt lat="43.174" lon="-2.22081">
        <ele>174.0</ele>
      </trkpt>
      <trkpt lat="43.17395" lon="-2.21944">
        <ele>180.0</ele>
      </trkpt>
      <trkpt lat="43.17452" lon="-2.21678">
        <ele>179.0</ele>
      </trkpt>
      <trkpt lat="43.17448" lon="-2.21652">
        <ele>178.0</ele>
      </trkpt>
      <trkpt lat="43.17403" lon="-2.21578">
        <ele>178.0</ele>
      </trkpt>
      <trkpt lat="43.17444" lon="-2.21498">
        <ele>178.0</ele>
      </trkpt>
      <trkpt lat="43.17493" lon="-2.21486">
        <ele>178.0</ele>
      </trkpt>
      <trkpt lat="43.17527" lon="-2.21427">
        <ele>178.0</ele>
      </trkpt>
      <trkpt lat="43.17517" lon="-2.21391">
        <ele>178.0</ele>
      </trkpt>
      <trkpt lat="43.17455" lon="-2.21319">
        <ele>180.0</ele>
      </trkpt>
      <trkpt lat="43.17506" lon="-2.21249">
        <ele>186.0</ele>
      </trkpt>
      <trkpt lat="43.175" lon="-2.2113">
        <ele>191.0</ele>
      </trkpt>
      <trkpt lat="43.17478" lon="-2.21087">
        <ele>192.0</ele>
      </trkpt>
      <trkpt lat="43.17421" lon="-2.21047">
        <ele>192.0</ele>
      </trkpt>
      <trkpt lat="43.17401" lon="-2.20993">
        <ele>192.0</ele>
      </trkpt>
      <trkpt lat="43.17419" lon="-2.20847">
        <ele>190.0</ele>
      </trkpt>
      <trkpt lat="43.17427" lon="-2.20574">
        <ele>187.0</ele>
      </trkpt>
      <trkpt lat="43.17492" lon="-2.20512">
        <ele>188.0</ele>
      </trkpt>
      <trkpt lat="43.17742" lon="-2.20399">
        <ele>203.0</ele>
      </trkpt>
      <trkpt lat="43.17887" lon="-2.20414">
        <ele>209.0</ele>
      </trkpt>
      <trkpt lat="43.17929" lon="-2.20379">
        <ele>212.0</ele>
      </trkpt>
      <trkpt lat="43.17969" lon="-2.20372">
        <ele>214.0</ele>
      </trkpt>
      <trkpt lat="43.18303" lon="-2.20215">
        <ele>250.0</ele>
      </trkpt>
      <trkpt lat="43.1835" lon="-2.20232">
        <ele>259.0</ele>
      </trkpt>
      <trkpt lat="43.18368" lon="-2.20155">
        <ele>265.0</ele>
      </trkpt>
      <trkpt lat="43.18413" lon="-2.20107">
        <ele>269.0</ele>
      </trkpt>
      <trkpt lat="43.18439" lon="-2.20052">
        <ele>275.0</ele>
      </trkpt>
      <trkpt lat="43.18472" lon="-2.20038">
        <ele>278.0</ele>
      </trkpt>
      <trkpt lat="43.18484" lon="-2.19988">
        <ele>280.0</ele>
      </trkpt>
      <trkpt lat="43.18554" lon="-2.19891">
        <ele>282.0</ele>
      </trkpt>
      <trkpt lat="43.18658" lon="-2.19808">
        <ele>290.0</ele>
      </trkpt>
      <trkpt lat="43.18766" lon="-2.19687">
        <ele>305.0</ele>
      </trkpt>
      <trkpt lat="43.18897" lon="-2.19632">
        <ele>331.0</ele>
      </trkpt>
      <trkpt lat="43.18883" lon="-2.19519">
        <ele>337.0</ele>
      </trkpt>
      <trkpt lat="43.18841" lon="-2.19511">
        <ele>337.0</ele>
      </trkpt>
      <trkpt lat="43.18827" lon="-2.19446">
        <ele>337.0</ele>
      </trkpt>
      <trkpt lat="43.18836" lon="-2.19401">
        <ele>338.0</ele>
      </trkpt>
      <trkpt lat="43.18929" lon="-2.19212">
        <ele>354.0</ele>
      </trkpt>
      <trkpt lat="43.18921" lon="-2.19175">
        <ele>360.0</ele>
      </trkpt>
      <trkpt lat="43.18939" lon="-2.19106">
        <ele>363.0</ele>
      </trkpt>
      <trkpt lat="43.18926" lon="-2.19086">
        <ele>365.0</ele>
      </trkpt>
      <trkpt lat="43.18883" lon="-2.19086">
        <ele>369.0</ele>
      </trkpt>
      <trkpt lat="43.18872" lon="-2.19046">
        <ele>371.0</ele>
      </trkpt>
      <trkpt lat="43.18828" lon="-2.18984">
        <ele>375.0</ele>
      </trkpt>
      <trkpt lat="43.18812" lon="-2.18919">
        <ele>378.0</ele>
      </trkpt>
      <trkpt lat="43.18784" lon="-2.18887">
        <ele>381.0</ele>
      </trkpt>
      <trkpt lat="43.18793" lon="-2.18868">
        <ele>383.0</ele>
      </trkpt>
      <trkpt lat="43.18861" lon="-2.18982">
        <ele>390.0</ele>
      </trkpt>
      <trkpt lat="43.19004" lon="-2.19044">
        <ele>404.0</ele>
      </trkpt>
      <trkpt lat="43.19021" lon="-2.19338">
        <ele>422.0</ele>
      </trkpt>
      <trkpt lat="43.19038" lon="-2.19391">
        <ele>426.0</ele>
      </trkpt>
      <trkpt lat="43.1908" lon="-2.19413">
        <ele>429.0</ele>
      </trkpt>
      <trkpt lat="43.1908" lon="-2.19498">
        <ele>434.0</ele>
      </trkpt>
      <trkpt lat="43.19116" lon="-2.19545">
        <ele>439.0</ele>
      </trkpt>
      <trkpt lat="43.19125" lon="-2.19657">
        <ele>446.0</ele>
      </trkpt>
      <trkpt lat="43.19077" lon="-2.19785">
        <ele>455.0</ele>
      </trkpt>
      <trkpt lat="43.19062" lon="-2.19865">
        <ele>460.0</ele>
      </trkpt>
      <trkpt lat="43.19021" lon="-2.19916">
        <ele>464.0</ele>
      </trkpt>
      <trkpt lat="43.1893" lon="-2.19955">
        <ele>468.0</ele>
      </trkpt>
      <trkpt lat="43.18905" lon="-2.20008">
        <ele>470.0</ele>
      </trkpt>
      <trkpt lat="43.18876" lon="-2.20127">
        <ele>474.0</ele>
      </trkpt>
      <trkpt lat="43.18862" lon="-2.20295">
        <ele>488.0</ele>
      </trkpt>
      <trkpt lat="43.18835" lon="-2.20441">
        <ele>500.0</ele>
      </trkpt>
      <trkpt lat="43.1885" lon="-2.20617">
        <ele>508.0</ele>
      </trkpt>
      <trkpt lat="43.18871" lon="-2.20658">
        <ele>513.0</ele>
      </trkpt>
      <trkpt lat="43.18913" lon="-2.20653">
        <ele>516.0</ele>
      </trkpt>
      <trkpt lat="43.18969" lon="-2.20619">
        <ele>521.0</ele>
      </trkpt>
      <trkpt lat="43.19008" lon="-2.20553">
        <ele>524.0</ele>
      </trkpt>
      <trkpt lat="43.19055" lon="-2.20403">
        <ele>528.0</ele>
      </trkpt>
      <trkpt lat="43.19268" lon="-2.20194">
        <ele>516.0</ele>
      </trkpt>
      <trkpt lat="43.19347" lon="-2.20144">
        <ele>514.0</ele>
      </trkpt>
      <trkpt lat="43.19633" lon="-2.20044">
        <ele>515.0</ele>
      </trkpt>
      <trkpt lat="43.19715" lon="-2.20043">
        <ele>515.0</ele>
      </trkpt>
      <trkpt lat="43.19749" lon="-2.20023">
        <ele>515.0</ele>
      </trkpt>
      <trkpt lat="43.19851" lon="-2.20124">
        <ele>510.0</ele>
      </trkpt>
      <trkpt lat="43.19932" lon="-2.20149">
        <ele>506.0</ele>
      </trkpt>
      <trkpt lat="43.20014" lon="-2.20106">
        <ele>509.0</ele>
      </trkpt>
      <trkpt lat="43.20148" lon="-2.19877">
        <ele>516.0</ele>
      </trkpt>
      <trkpt lat="43.2019" lon="-2.19833">
        <ele>517.0</ele>
      </trkpt>
      <trkpt lat="43.20226" lon="-2.1982">
        <ele>516.0</ele>
      </trkpt>
      <trkpt lat="43.20267" lon="-2.19765">
        <ele>513.0</ele>
      </trkpt>
      <trkpt lat="43.20298" lon="-2.1977">
        <ele>511.0</ele>
      </trkpt>
      <trkpt lat="43.2037" lon="-2.1982">
        <ele>507.0</ele>
      </trkpt>
      <trkpt lat="43.20546" lon="-2.19816">
        <ele>494.0</ele>
      </trkpt>
      <trkpt lat="43.20726" lon="-2.19926">
        <ele>487.0</ele>
      </trkpt>
      <trkpt lat="43.2077" lon="-2.1999">
        <ele>483.0</ele>
      </trkpt>
      <trkpt lat="43.20832" lon="-2.20024">
        <ele>479.0</ele>
      </trkpt>
      <trkpt lat="43.20896" lon="-2.20099">
        <ele>474.0</ele>
      </trkpt>
      <trkpt lat="43.21031" lon="-2.20109">
        <ele>471.0</ele>
      </trkpt>
      <trkpt lat="43.21184" lon="-2.20148">
        <ele>463.0</ele>
      </trkpt>
      <trkpt lat="43.21347" lon="-2.20344">
        <ele>455.0</ele>
      </trkpt>
      <trkpt lat="43.21414" lon="-2.20473">
        <ele>446.0</ele>
      </trkpt>
      <trkpt lat="43.21414" lon="-2.20711">
        <ele>443.0</ele>
      </trkpt>
      <trkpt lat="43.21424" lon="-2.20797">
        <ele>437.0</ele>
      </trkpt>
      <trkpt lat="43.21526" lon="-2.20906">
        <ele>431.0</ele>
      </trkpt>
      <trkpt lat="43.21611" lon="-2.20949">
        <ele>424.0</ele>
      </trkpt>
      <trkpt lat="43.21672" lon="-2.21164">
        <ele>415.0</ele>
      </trkpt>
      <trkpt lat="43.21825" lon="-2.21516">
        <ele>395.0</ele>
      </trkpt>
      <trkpt lat="43.21847" lon="-2.21508">
        <ele>392.0</ele>
      </trkpt>
      <trkpt lat="43.2188" lon="-2.21424">
        <ele>389.0</ele>
      </trkpt>
      <trkpt lat="43.21841" lon="-2.21359">
        <ele>388.0</ele>
      </trkpt>
      <trkpt lat="43.21828" lon="-2.21282">
        <ele>389.0</ele>
      </trkpt>
      <trkpt lat="43.21798" lon="-2.21266">
        <ele>390.0</ele>
      </trkpt>
      <trkpt lat="43.21784" lon="-2.21241">
        <ele>388.0</ele>
      </trkpt>
      <trkpt lat="43.21804" lon="-2.21209">
        <ele>384.0</ele>
      </trkpt>
      <trkpt lat="43.21826" lon="-2.21201">
        <ele>381.0</ele>
      </trkpt>
      <trkpt lat="43.21896" lon="-2.21215">
        <ele>371.0</ele>
      </trkpt>
      <trkpt lat="43.21988" lon="-2.21258">
        <ele>359.0</ele>
      </trkpt>
      <trkpt lat="43.22034" lon="-2.21266">
        <ele>355.0</ele>
      </trkpt>
      <trkpt lat="43.22086" lon="-2.21252">
        <ele>345.0</ele>
      </trkpt>
      <trkpt lat="43.22336" lon="-2.21298">
        <ele>325.0</ele>
      </trkpt>
      <trkpt lat="43.22518" lon="-2.21387">
        <ele>304.0</ele>
      </trkpt>
      <trkpt lat="43.22795" lon="-2.21424">
        <ele>284.0</ele>
      </trkpt>
      <trkpt lat="43.22831" lon="-2.21441">
        <ele>281.0</ele>
      </trkpt>
      <trkpt lat="43.22844" lon="-2.21473">
        <ele>279.0</ele>
      </trkpt>
      <trkpt lat="43.22927" lon="-2.21547">
        <ele>274.0</ele>
      </trkpt>
      <trkpt lat="43.22962" lon="-2.21602">
        <ele>269.0</ele>
      </trkpt>
      <trkpt lat="43.22988" lon="-2.21688">
        <ele>263.0</ele>
      </trkpt>
      <trkpt lat="43.23079" lon="-2.21813">
        <ele>252.0</ele>
      </trkpt>
      <trkpt lat="43.23098" lon="-2.21915">
        <ele>248.0</ele>
      </trkpt>
      <trkpt lat="43.23122" lon="-2.21971">
        <ele>244.0</ele>
      </trkpt>
      <trkpt lat="43.23169" lon="-2.22045">
        <ele>240.0</ele>
      </trkpt>
      <trkpt lat="43.23275" lon="-2.22167">
        <ele>234.0</ele>
      </trkpt>
      <trkpt lat="43.23274" lon="-2.22254">
        <ele>232.0</ele>
      </trkpt>
      <trkpt lat="43.23308" lon="-2.22337">
        <ele>232.0</ele>
      </trkpt>
      <trkpt lat="43.23309" lon="-2.2244">
        <ele>232.0</ele>
      </trkpt>
      <trkpt lat="43.234" lon="-2.22506">
        <ele>232.0</ele>
      </trkpt>
      <trkpt lat="43.23477" lon="-2.22532">
        <ele>231.0</ele>
      </trkpt>
      <trkpt lat="43.23491" lon="-2.22612">
        <ele>228.0</ele>
      </trkpt>
      <trkpt lat="43.23544" lon="-2.2268">
        <ele>227.0</ele>
      </trkpt>
      <trkpt lat="43.23744" lon="-2.22818">
        <ele>219.0</ele>
      </trkpt>
      <trkpt lat="43.23844" lon="-2.22988">
        <ele>222.0</ele>
      </trkpt>
      <trkpt lat="43.23891" lon="-2.23045">
        <ele>226.0</ele>
      </trkpt>
      <trkpt lat="43.23983" lon="-2.23371">
        <ele>231.0</ele>
      </trkpt>
      <trkpt lat="43.24036" lon="-2.23469">
        <ele>233.0</ele>
      </trkpt>
      <trkpt lat="43.24171" lon="-2.2364">
        <ele>238.0</ele>
      </trkpt>
      <trkpt lat="43.24273" lon="-2.23669">
        <ele>241.0</ele>
      </trkpt>
      <trkpt lat="43.24294" lon="-2.23692">
        <ele>242.0</ele>
      </trkpt>
      <trkpt lat="43.24304" lon="-2.23899">
        <ele>241.0</ele>
      </trkpt>
      <trkpt lat="43.24438" lon="-2.24209">
        <ele>234.0</ele>
      </trkpt>
      <trkpt lat="43.24499" lon="-2.24295">
        <ele>231.0</ele>
      </trkpt>
      <trkpt lat="43.24556" lon="-2.2435">
        <ele>226.0</ele>
      </trkpt>
      <trkpt lat="43.24601" lon="-2.24347">
        <ele>220.0</ele>
      </trkpt>
      <trkpt lat="43.2481" lon="-2.24151">
        <ele>199.0</ele>
      </trkpt>
      <trkpt lat="43.24835" lon="-2.24164">
        <ele>196.0</ele>
      </trkpt>
      <trkpt lat="43.24859" lon="-2.24216">
        <ele>194.0</ele>
      </trkpt>
      <trkpt lat="43.24915" lon="-2.24226">
        <ele>189.0</ele>
      </trkpt>
      <trkpt lat="43.24954" lon="-2.2432">
        <ele>182.0</ele>
      </trkpt>
      <trkpt lat="43.24991" lon="-2.24341">
        <ele>177.0</ele>
      </trkpt>
      <trkpt lat="43.25062" lon="-2.24326">
        <ele>170.0</ele>
      </trkpt>
      <trkpt lat="43.25083" lon="-2.24344">
        <ele>167.0</ele>
      </trkpt>
      <trkpt lat="43.25116" lon="-2.24437">
        <ele>160.0</ele>
      </trkpt>
      <trkpt lat="43.25122" lon="-2.24707">
        <ele>151.0</ele>
      </trkpt>
      <trkpt lat="43.25075" lon="-2.24823">
        <ele>147.0</ele>
      </trkpt>
      <trkpt lat="43.25116" lon="-2.24887">
        <ele>143.0</ele>
      </trkpt>
      <trkpt lat="43.25127" lon="-2.24935">
        <ele>140.0</ele>
      </trkpt>
      <trkpt lat="43.25132" lon="-2.25022">
        <ele>136.0</ele>
      </trkpt>
      <trkpt lat="43.2512" lon="-2.25105">
        <ele>131.0</ele>
      </trkpt>
      <trkpt lat="43.25134" lon="-2.25189">
        <ele>124.0</ele>
      </trkpt>
      <trkpt lat="43.25165" lon="-2.25254">
        <ele>118.0</ele>
      </trkpt>
      <trkpt lat="43.25165" lon="-2.25369">
        <ele>112.0</ele>
      </trkpt>
      <trkpt lat="43.25215" lon="-2.25393">
        <ele>110.0</ele>
      </trkpt>
      <trkpt lat="43.25319" lon="-2.25536">
        <ele>100.0</ele>
      </trkpt>
      <trkpt lat="43.25533" lon="-2.25606">
        <ele>82.0</ele>
      </trkpt>
      <trkpt lat="43.25593" lon="-2.25604">
        <ele>69.0</ele>
      </trkpt>
      <trkpt lat="43.25608" lon="-2.25639">
        <ele>67.0</ele>
      </trkpt>
      <trkpt lat="43.25598" lon="-2.25683">
        <ele>65.0</ele>
      </trkpt>
      <trkpt lat="43.25513" lon="-2.25789">
        <ele>59.0</ele>
      </trkpt>
      <trkpt lat="43.25524" lon="-2.25815">
        <ele>56.0</ele>
      </trkpt>
      <trkpt lat="43.25397" lon="-2.25972">
        <ele>43.0</ele>
      </trkpt>
      <trkpt lat="43.25214" lon="-2.26065">
        <ele>41.0</ele>
      </trkpt>
      <trkpt lat="43.25208" lon="-2.26092">
        <ele>40.0</ele>
      </trkpt>
      <trkpt lat="43.2529" lon="-2.26154">
        <ele>41.0</ele>
      </trkpt>
      <trkpt lat="43.25409" lon="-2.26166">
        <ele>43.0</ele>
      </trkpt>
      <trkpt lat="43.25484" lon="-2.26219">
        <ele>46.0</ele>
      </trkpt>
      <trkpt lat="43.25514" lon="-2.26308">
        <ele>49.0</ele>
      </trkpt>
      <trkpt lat="43.25523" lon="-2.2644">
        <ele>52.0</ele>
      </trkpt>
      <trkpt lat="43.25514" lon="-2.26505">
        <ele>54.0</ele>
      </trkpt>
      <trkpt lat="43.25471" lon="-2.26613">
        <ele>58.0</ele>
      </trkpt>
      <trkpt lat="43.25474" lon="-2.26694">
        <ele>63.0</ele>
      </trkpt>
      <trkpt lat="43.25509" lon="-2.26739">
        <ele>66.0</ele>
      </trkpt>
      <trkpt lat="43.25606" lon="-2.26777">
        <ele>73.0</ele>
      </trkpt>
      <trkpt lat="43.25669" lon="-2.26824">
        <ele>78.0</ele>
      </trkpt>
      <trkpt lat="43.25893" lon="-2.27103">
        <ele>68.0</ele>
      </trkpt>
      <trkpt lat="43.25979" lon="-2.27152">
        <ele>59.0</ele>
      </trkpt>
      <trkpt lat="43.26208" lon="-2.27158">
        <ele>48.0</ele>
      </trkpt>
      <trkpt lat="43.2641" lon="-2.27123">
        <ele>36.0</ele>
      </trkpt>
      <trkpt lat="43.26827" lon="-2.27085">
        <ele>29.0</ele>
      </trkpt>
      <trkpt lat="43.27051" lon="-2.26938">
        <ele>36.0</ele>
      </trkpt>
      <trkpt lat="43.27343" lon="-2.2686">
        <ele>32.0</ele>
      </trkpt>
      <trkpt lat="43.2754" lon="-2.26774">
        <ele>31.0</ele>
      </trkpt>
      <trkpt lat="43.27789" lon="-2.26758">
        <ele>29.0</ele>
      </trkpt>
      <trkpt lat="43.28017" lon="-2.26717">
        <ele>22.0</ele>
      </trkpt>
      <trkpt lat="43.28023" lon="-2.26745">
        <ele>23.0</ele>
      </trkpt>
      <trkpt lat="43.27978" lon="-2.26843">
        <ele>26.0</ele>
      </trkpt>
      <trkpt lat="43.27639" lon="-2.27223">
        <ele>30.0</ele>
      </trkpt>
      <trkpt lat="43.27554" lon="-2.27371">
        <ele>31.0</ele>
      </trkpt>
      <trkpt lat="43.27539" lon="-2.27438">
        <ele>32.0</ele>
      </trkpt>
      <trkpt lat="43.2765" lon="-2.27842">
        <ele>38.0</ele>
      </trkpt>
      <trkpt lat="43.27727" lon="-2.28236">
        <ele>43.0</ele>
      </trkpt>
      <trkpt lat="43.27911" lon="-2.28591">
        <ele>55.0</ele>
      </trkpt>
      <trkpt lat="43.27914" lon="-2.28818">
        <ele>60.0</ele>
      </trkpt>
      <trkpt lat="43.27995" lon="-2.29038">
        <ele>70.0</ele>
      </trkpt>
      <trkpt lat="43.2799" lon="-2.29181">
        <ele>80.0</ele>
      </trkpt>
      <trkpt lat="43.28022" lon="-2.2922">
        <ele>84.0</ele>
      </trkpt>
      <trkpt lat="43.28177" lon="-2.29318">
        <ele>92.0</ele>
      </trkpt>
      <trkpt lat="43.28198" lon="-2.29366">
        <ele>97.0</ele>
      </trkpt>
      <trkpt lat="43.28188" lon="-2.29405">
        <ele>99.0</ele>
      </trkpt>
      <trkpt lat="43.28133" lon="-2.29475">
        <ele>103.0</ele>
      </trkpt>
      <trkpt lat="43.28071" lon="-2.29682">
        <ele>110.0</ele>
      </trkpt>
      <trkpt lat="43.28049" lon="-2.29708">
        <ele>113.0</ele>
      </trkpt>
      <trkpt lat="43.2798" lon="-2.29737">
        <ele>117.0</ele>
      </trkpt>
      <trkpt lat="43.27936" lon="-2.29805">
        <ele>120.0</ele>
      </trkpt>
      <trkpt lat="43.27906" lon="-2.29885">
        <ele>122.0</ele>
      </trkpt>
      <trkpt lat="43.27909" lon="-2.2996">
        <ele>123.0</ele>
      </trkpt>
      <trkpt lat="43.27976" lon="-2.30233">
        <ele>131.0</ele>
      </trkpt>
      <trkpt lat="43.2815" lon="-2.30736">
        <ele>142.0</ele>
      </trkpt>
      <trkpt lat="43.28199" lon="-2.30799">
        <ele>146.0</ele>
      </trkpt>
      <trkpt lat="43.28384" lon="-2.30962">
        <ele>149.0</ele>
      </trkpt>
      <trkpt lat="43.28421" lon="-2.31059">
        <ele>148.0</ele>
      </trkpt>
      <trkpt lat="43.28428" lon="-2.31112">
        <ele>146.0</ele>
      </trkpt>
      <trkpt lat="43.28406" lon="-2.31174">
        <ele>144.0</ele>
      </trkpt>
      <trkpt lat="43.28355" lon="-2.31198">
        <ele>144.0</ele>
      </trkpt>
      <trkpt lat="43.28276" lon="-2.31168">
        <ele>145.0</ele>
      </trkpt>
      <trkpt lat="43.28026" lon="-2.3101">
        <ele>146.0</ele>
      </trkpt>
      <trkpt lat="43.27967" lon="-2.31007">
        <ele>144.0</ele>
      </trkpt>
      <trkpt lat="43.27925" lon="-2.31046">
        <ele>140.0</ele>
      </trkpt>
      <trkpt lat="43.27889" lon="-2.31189">
        <ele>134.0</ele>
      </trkpt>
      <trkpt lat="43.2789" lon="-2.3123">
        <ele>135.0</ele>
      </trkpt>
      <trkpt lat="43.28088" lon="-2.31577">
        <ele>155.0</ele>
      </trkpt>
      <trkpt lat="43.28107" lon="-2.31722">
        <ele>160.0</ele>
      </trkpt>
      <trkpt lat="43.28096" lon="-2.31769">
        <ele>161.0</ele>
      </trkpt>
      <trkpt lat="43.28027" lon="-2.3189">
        <ele>161.0</ele>
      </trkpt>
      <trkpt lat="43.27989" lon="-2.32021">
        <ele>164.0</ele>
      </trkpt>
      <trkpt lat="43.27916" lon="-2.32118">
        <ele>171.0</ele>
      </trkpt>
      <trkpt lat="43.2787" lon="-2.32239">
        <ele>174.0</ele>
      </trkpt>
      <trkpt lat="43.27782" lon="-2.32371">
        <ele>177.0</ele>
      </trkpt>
      <trkpt lat="43.27687" lon="-2.32442">
        <ele>186.0</ele>
      </trkpt>
      <trkpt lat="43.27494" lon="-2.32481">
        <ele>197.0</ele>
      </trkpt>
      <trkpt lat="43.27472" lon="-2.32507">
        <ele>201.0</ele>
      </trkpt>
      <trkpt lat="43.27465" lon="-2.32566">
        <ele>203.0</ele>
      </trkpt>
      <trkpt lat="43.27502" lon="-2.32619">
        <ele>206.0</ele>
      </trkpt>
      <trkpt lat="43.27583" lon="-2.32613">
        <ele>208.0</ele>
      </trkpt>
      <trkpt lat="43.27618" lon="-2.32628">
        <ele>210.0</ele>
      </trkpt>
      <trkpt lat="43.27781" lon="-2.32746">
        <ele>213.0</ele>
      </trkpt>
      <trkpt lat="43.27821" lon="-2.32792">
        <ele>218.0</ele>
      </trkpt>
      <trkpt lat="43.27854" lon="-2.329">
        <ele>220.0</ele>
      </trkpt>
      <trkpt lat="43.27882" lon="-2.32925">
        <ele>223.0</ele>
      </trkpt>
      <trkpt lat="43.27872" lon="-2.33025">
        <ele>222.0</ele>
      </trkpt>
      <trkpt lat="43.27835" lon="-2.33148">
        <ele>220.0</ele>
      </trkpt>
      <trkpt lat="43.27855" lon="-2.33235">
        <ele>218.0</ele>
      </trkpt>
      <trkpt lat="43.27978" lon="-2.33369">
        <ele>217.0</ele>
      </trkpt>
      <trkpt lat="43.2803" lon="-2.33583">
        <ele>219.0</ele>
      </trkpt>
      <trkpt lat="43.28139" lon="-2.3363">
        <ele>214.0</ele>
      </trkpt>
      <trkpt lat="43.28206" lon="-2.33748">
        <ele>206.0</ele>
      </trkpt>
      <trkpt lat="43.28295" lon="-2.3374">
        <ele>203.0</ele>
      </trkpt>
      <trkpt lat="43.28348" lon="-2.33786">
        <ele>200.0</ele>
      </trkpt>
      <trkpt lat="43.28505" lon="-2.33862">
        <ele>191.0</ele>
      </trkpt>
      <trkpt lat="43.28672" lon="-2.33906">
        <ele>183.0</ele>
      </trkpt>
      <trkpt lat="43.28764" lon="-2.3395">
        <ele>177.0</ele>
      </trkpt>
      <trkpt lat="43.28905" lon="-2.33926">
        <ele>174.0</ele>
      </trkpt>
      <trkpt lat="43.28956" lon="-2.33865">
        <ele>171.0</ele>
      </trkpt>
      <trkpt lat="43.29029" lon="-2.33855">
        <ele>164.0</ele>
      </trkpt>
      <trkpt lat="43.29079" lon="-2.33697">
        <ele>158.0</ele>
      </trkpt>
      <trkpt lat="43.29113" lon="-2.33662">
        <ele>152.0</ele>
      </trkpt>
      <trkpt lat="43.29175" lon="-2.33654">
        <ele>151.0</ele>
      </trkpt>
      <trkpt lat="43.29385" lon="-2.33694">
        <ele>148.0</ele>
      </trkpt>
      <trkpt lat="43.29417" lon="-2.33726">
        <ele>144.0</ele>
      </trkpt>
      <trkpt lat="43.29422" lon="-2.33771">
        <ele>142.0</ele>
      </trkpt>
      <trkpt lat="43.29366" lon="-2.33867">
        <ele>137.0</ele>
      </trkpt>
      <trkpt lat="43.29363" lon="-2.33918">
        <ele>135.0</ele>
      </trkpt>
      <trkpt lat="43.29399" lon="-2.33986">
        <ele>133.0</ele>
      </trkpt>
      <trkpt lat="43.29408" lon="-2.34127">
        <ele>131.0</ele>
      </trkpt>
      <trkpt lat="43.29426" lon="-2.34149">
        <ele>130.0</ele>
      </trkpt>
      <trkpt lat="43.29461" lon="-2.34155">
        <ele>130.0</ele>
      </trkpt>
      <trkpt lat="43.29817" lon="-2.339">
        <ele>107.0</ele>
      </trkpt>
      <trkpt lat="43.29836" lon="-2.33847">
        <ele>101.0</ele>
      </trkpt>
      <trkpt lat="43.29844" lon="-2.33772">
        <ele>95.0</ele>
      </trkpt>
      <trkpt lat="43.2988" lon="-2.33721">
        <ele>89.0</ele>
      </trkpt>
      <trkpt lat="43.29913" lon="-2.33713">
        <ele>86.0</ele>
      </trkpt>
      <trkpt lat="43.30006" lon="-2.33739">
        <ele>78.0</ele>
      </trkpt>
      <trkpt lat="43.30017" lon="-2.33764">
        <ele>76.0</ele>
      </trkpt>
      <trkpt lat="43.30033" lon="-2.33975">
        <ele>68.0</ele>
      </trkpt>
      <trkpt lat="43.30105" lon="-2.3405">
        <ele>64.0</ele>
      </trkpt>
      <trkpt lat="43.30129" lon="-2.34148">
        <ele>57.0</ele>
      </trkpt>
      <trkpt lat="43.30208" lon="-2.34301">
        <ele>45.0</ele>
      </trkpt>
      <trkpt lat="43.30216" lon="-2.34343">
        <ele>39.0</ele>
      </trkpt>
      <trkpt lat="43.302" lon="-2.34378">
        <ele>37.0</ele>
      </trkpt>
      <trkpt lat="43.30144" lon="-2.3442">
        <ele>35.0</ele>
      </trkpt>
      <trkpt lat="43.30109" lon="-2.34481">
        <ele>34.0</ele>
      </trkpt>
      <trkpt lat="43.30045" lon="-2.34482">
        <ele>34.0</ele>
      </trkpt>
      <trkpt lat="43.30014" lon="-2.34498">
        <ele>35.0</ele>
      </trkpt>
      <trkpt lat="43.29928" lon="-2.34611">
        <ele>36.0</ele>
      </trkpt>
      <trkpt lat="43.29861" lon="-2.34786">
        <ele>22.0</ele>
      </trkpt>
      <trkpt lat="43.29854" lon="-2.35069">
        <ele>4.0</ele>
      </trkpt>
      <trkpt lat="43.29825" lon="-2.35073">
        <ele>3.0</ele>
      </trkpt>
      <trkpt lat="43.29754" lon="-2.35021">
        <ele>6.0</ele>
      </trkpt>
      <trkpt lat="43.2971" lon="-2.35029">
        <ele>8.0</ele>
      </trkpt>
      <trkpt lat="43.29673" lon="-2.35073">
        <ele>8.0</ele>
      </trkpt>
      <trkpt lat="43.29518" lon="-2.35489">
        <ele>8.0</ele>
      </trkpt>
      <trkpt lat="43.29417" lon="-2.35529">
        <ele>9.0</ele>
      </trkpt>
      <trkpt lat="43.29343" lon="-2.35528">
        <ele>9.0</ele>
      </trkpt>
      <trkpt lat="43.29159" lon="-2.3566">
        <ele>11.0</ele>
      </trkpt>
      <trkpt lat="43.29052" lon="-2.35704">
        <ele>12.0</ele>
      </trkpt>
      <trkpt lat="43.28934" lon="-2.35728">
        <ele>13.0</ele>
      </trkpt>
      <trkpt lat="43.28839" lon="-2.35857">
        <ele>14.0</ele>
      </trkpt>
      <trkpt lat="43.28818" lon="-2.3593">
        <ele>14.0</ele>
      </trkpt>
      <trkpt lat="43.28819" lon="-2.35995">
        <ele>12.0</ele>
      </trkpt>
      <trkpt lat="43.28882" lon="-2.36169">
        <ele>6.0</ele>
      </trkpt>
      <trkpt lat="43.29038" lon="-2.36339">
        <ele>5.0</ele>
      </trkpt>
      <trkpt lat="43.29074" lon="-2.36354">
        <ele>4.0</ele>
      </trkpt>
      <trkpt lat="43.29105" lon="-2.36321">
        <ele>3.0</ele>
      </trkpt>
      <trkpt lat="43.29188" lon="-2.35991">
        <ele>24.0</ele>
      </trkpt>
      <trkpt lat="43.29214" lon="-2.35943">
        <ele>30.0</ele>
      </trkpt>
      <trkpt lat="43.29321" lon="-2.35785">
        <ele>29.0</ele>
      </trkpt>
      <trkpt lat="43.29492" lon="-2.3566">
        <ele>10.0</ele>
      </trkpt>
      <trkpt lat="43.29617" lon="-2.35672">
        <ele>8.0</ele>
      </trkpt>
      <trkpt lat="43.29703" lon="-2.35718">
        <ele>10.0</ele>
      </trkpt>
      <trkpt lat="43.2976" lon="-2.3573">
        <ele>11.0</ele>
      </trkpt>
      <trkpt lat="43.29811" lon="-2.35711">
        <ele>12.0</ele>
      </trkpt>
      <trkpt lat="43.29908" lon="-2.3564">
        <ele>14.0</ele>
      </trkpt>
      <trkpt lat="43.30134" lon="-2.35754">
        <ele>16.0</ele>
      </trkpt>
      <trkpt lat="43.30192" lon="-2.3576">
        <ele>17.0</ele>
      </trkpt>
      <trkpt lat="43.30304" lon="-2.3573">
        <ele>18.0</ele>
      </trkpt>
      <trkpt lat="43.30335" lon="-2.35737">
        <ele>17.0</ele>
      </trkpt>
      <trkpt lat="43.30358" lon="-2.35772">
        <ele>16.0</ele>
      </trkpt>
      <trkpt lat="43.30372" lon="-2.35894">
        <ele>14.0</ele>
      </trkpt>
      <trkpt lat="43.305" lon="-2.36297">
        <ele>31.0</ele>
      </trkpt>
      <trkpt lat="43.30501" lon="-2.36349">
        <ele>34.0</ele>
      </trkpt>
      <trkpt lat="43.30468" lon="-2.36436">
        <ele>35.0</ele>
      </trkpt>
      <trkpt lat="43.30472" lon="-2.36664">
        <ele>37.0</ele>
      </trkpt>
      <trkpt lat="43.30631" lon="-2.37019">
        <ele>49.0</ele>
      </trkpt>
      <trkpt lat="43.30754" lon="-2.37451">
        <ele>85.0</ele>
      </trkpt>
      <trkpt lat="43.30769" lon="-2.37595">
        <ele>64.0</ele>
      </trkpt>
      <trkpt lat="43.30725" lon="-2.37812">
        <ele>53.0</ele>
      </trkpt>
      <trkpt lat="43.30728" lon="-2.37911">
        <ele>52.0</ele>
      </trkpt>
      <trkpt lat="43.30702" lon="-2.37969">
        <ele>50.0</ele>
      </trkpt>
      <trkpt lat="43.307" lon="-2.38061">
        <ele>48.0</ele>
      </trkpt>
      <trkpt lat="43.30676" lon="-2.38156">
        <ele>47.0</ele>
      </trkpt>
      <trkpt lat="43.30608" lon="-2.3833">
        <ele>45.0</ele>
      </trkpt>
      <trkpt lat="43.30549" lon="-2.38397">
        <ele>46.0</ele>
      </trkpt>
      <trkpt lat="43.3042" lon="-2.38699">
        <ele>50.0</ele>
      </trkpt>
      <trkpt lat="43.30437" lon="-2.3872">
        <ele>50.0</ele>
      </trkpt>
      <trkpt lat="43.30669" lon="-2.38727">
        <ele>52.0</ele>
      </trkpt>
      <trkpt lat="43.30688" lon="-2.38744">
        <ele>53.0</ele>
      </trkpt>
      <trkpt lat="43.307" lon="-2.38787">
        <ele>56.0</ele>
      </trkpt>
      <trkpt lat="43.30388" lon="-2.38834">
        <ele>73.0</ele>
      </trkpt>
      <trkpt lat="43.3031" lon="-2.38885">
        <ele>82.0</ele>
      </trkpt>
      <trkpt lat="43.30288" lon="-2.38858">
        <ele>87.0</ele>
      </trkpt>
      <trkpt lat="43.30319" lon="-2.38686">
        <ele>96.0</ele>
      </trkpt>
      <trkpt lat="43.30314" lon="-2.38661">
        <ele>98.0</ele>
      </trkpt>
      <trkpt lat="43.30301" lon="-2.38668">
        <ele>99.0</ele>
      </trkpt>
      <trkpt lat="43.30258" lon="-2.38813">
        <ele>102.0</ele>
      </trkpt>
      <trkpt lat="43.30242" lon="-2.38807">
        <ele>104.0</ele>
      </trkpt>
      <trkpt lat="43.30241" lon="-2.38778">
        <ele>106.0</ele>
      </trkpt>
      <trkpt lat="43.30275" lon="-2.38664">
        <ele>114.0</ele>
      </trkpt>
      <trkpt lat="43.30264" lon="-2.38638">
        <ele>118.0</ele>
      </trkpt>
      <trkpt lat="43.30199" lon="-2.38738">
        <ele>126.0</ele>
      </trkpt>
      <trkpt lat="43.30168" lon="-2.38815">
        <ele>133.0</ele>
      </trkpt>
      <trkpt lat="43.30151" lon="-2.3879">
        <ele>135.0</ele>
      </trkpt>
      <trkpt lat="43.30132" lon="-2.387">
        <ele>142.0</ele>
      </trkpt>
      <trkpt lat="43.30164" lon="-2.38617">
        <ele>150.0</ele>
      </trkpt>
      <trkpt lat="43.30133" lon="-2.3857">
        <ele>156.0</ele>
      </trkpt>
      <trkpt lat="43.30062" lon="-2.38541">
        <ele>164.0</ele>
      </trkpt>
      <trkpt lat="43.30019" lon="-2.38605">
        <ele>170.0</ele>
      </trkpt>
      <trkpt lat="43.29958" lon="-2.38588">
        <ele>176.0</ele>
      </trkpt>
      <trkpt lat="43.29895" lon="-2.3853">
        <ele>184.0</ele>
      </trkpt>
      <trkpt lat="43.29836" lon="-2.38453">
        <ele>196.0</ele>
      </trkpt>
      <trkpt lat="43.29796" lon="-2.38362">
        <ele>206.0</ele>
      </trkpt>
      <trkpt lat="43.29763" lon="-2.38355">
        <ele>209.0</ele>
      </trkpt>
      <trkpt lat="43.29712" lon="-2.38275">
        <ele>215.0</ele>
      </trkpt>
      <trkpt lat="43.29673" lon="-2.38291">
        <ele>218.0</ele>
      </trkpt>
      <trkpt lat="43.29601" lon="-2.38281">
        <ele>221.0</ele>
      </trkpt>
      <trkpt lat="43.29575" lon="-2.3831">
        <ele>224.0</ele>
      </trkpt>
      <trkpt lat="43.29571" lon="-2.38346">
        <ele>226.0</ele>
      </trkpt>
      <trkpt lat="43.29552" lon="-2.38357">
        <ele>227.0</ele>
      </trkpt>
      <trkpt lat="43.29535" lon="-2.38359">
        <ele>228.0</ele>
      </trkpt>
      <trkpt lat="43.29497" lon="-2.38328">
        <ele>230.0</ele>
      </trkpt>
      <trkpt lat="43.29487" lon="-2.38293">
        <ele>230.0</ele>
      </trkpt>
      <trkpt lat="43.29496" lon="-2.38198">
        <ele>230.0</ele>
      </trkpt>
      <trkpt lat="43.29548" lon="-2.38155">
        <ele>230.0</ele>
      </trkpt>
      <trkpt lat="43.29559" lon="-2.38081">
        <ele>227.0</ele>
      </trkpt>
      <trkpt lat="43.2951" lon="-2.3802">
        <ele>219.0</ele>
      </trkpt>
      <trkpt lat="43.2948" lon="-2.37943">
        <ele>211.0</ele>
      </trkpt>
      <trkpt lat="43.29375" lon="-2.37819">
        <ele>193.0</ele>
      </trkpt>
      <trkpt lat="43.29365" lon="-2.37784">
        <ele>190.0</ele>
      </trkpt>
      <trkpt lat="43.29386" lon="-2.37742">
        <ele>184.0</ele>
      </trkpt>
      <trkpt lat="43.29383" lon="-2.37721">
        <ele>182.0</ele>
      </trkpt>
      <trkpt lat="43.29297" lon="-2.37737">
        <ele>172.0</ele>
      </trkpt>
      <trkpt lat="43.29243" lon="-2.37782">
        <ele>166.0</ele>
      </trkpt>
      <trkpt lat="43.2922" lon="-2.37764">
        <ele>162.0</ele>
      </trkpt>
      <trkpt lat="43.29219" lon="-2.3769">
        <ele>159.0</ele>
      </trkpt>
      <trkpt lat="43.29207" lon="-2.37678">
        <ele>158.0</ele>
      </trkpt>
      <trkpt lat="43.291" lon="-2.37684">
        <ele>153.0</ele>
      </trkpt>
      <trkpt lat="43.29056" lon="-2.37727">
        <ele>151.0</ele>
      </trkpt>
      <trkpt lat="43.2902" lon="-2.37735">
        <ele>148.0</ele>
      </trkpt>
      <trkpt lat="43.29015" lon="-2.37711">
        <ele>146.0</ele>
      </trkpt>
      <trkpt lat="43.29051" lon="-2.37642">
        <ele>143.0</ele>
      </trkpt>
      <trkpt lat="43.29048" lon="-2.37624">
        <ele>141.0</ele>
      </trkpt>
      <trkpt lat="43.28971" lon="-2.37609">
        <ele>131.0</ele>
      </trkpt>
      <trkpt lat="43.28856" lon="-2.37555">
        <ele>106.0</ele>
      </trkpt>
      <trkpt lat="43.28855" lon="-2.37522">
        <ele>100.0</ele>
      </trkpt>
      <trkpt lat="43.289" lon="-2.37424">
        <ele>96.0</ele>
      </trkpt>
      <trkpt lat="43.28896" lon="-2.37392">
        <ele>92.0</ele>
      </trkpt>
      <trkpt lat="43.2881" lon="-2.37393">
        <ele>90.0</ele>
      </trkpt>
      <trkpt lat="43.28774" lon="-2.37379">
        <ele>85.0</ele>
      </trkpt>
      <trkpt lat="43.28757" lon="-2.37451">
        <ele>80.0</ele>
      </trkpt>
      <trkpt lat="43.28686" lon="-2.3748">
        <ele>75.0</ele>
      </trkpt>
      <trkpt lat="43.28652" lon="-2.37536">
        <ele>72.0</ele>
      </trkpt>
      <trkpt lat="43.28477" lon="-2.37663">
        <ele>67.0</ele>
      </trkpt>
      <trkpt lat="43.28377" lon="-2.37665">
        <ele>62.0</ele>
      </trkpt>
      <trkpt lat="43.28294" lon="-2.37647">
        <ele>55.0</ele>
      </trkpt>
      <trkpt lat="43.28125" lon="-2.37693">
        <ele>49.0</ele>
      </trkpt>
      <trkpt lat="43.27935" lon="-2.37865">
        <ele>44.0</ele>
      </trkpt>
      <trkpt lat="43.27883" lon="-2.37831">
        <ele>44.0</ele>
      </trkpt>
      <trkpt lat="43.27792" lon="-2.37691">
        <ele>46.0</ele>
      </trkpt>
      <trkpt lat="43.27668" lon="-2.37553">
        <ele>40.0</ele>
      </trkpt>
      <trkpt lat="43.27532" lon="-2.37582">
        <ele>33.0</ele>
      </trkpt>
      <trkpt lat="43.27498" lon="-2.3757">
        <ele>33.0</ele>
      </trkpt>
      <trkpt lat="43.27462" lon="-2.37531">
        <ele>32.0</ele>
      </trkpt>
      <trkpt lat="43.27378" lon="-2.37377">
        <ele>27.0</ele>
      </trkpt>
      <trkpt lat="43.27202" lon="-2.37289">
        <ele>27.0</ele>
      </trkpt>
      <trkpt lat="43.27159" lon="-2.37224">
        <ele>29.0</ele>
      </trkpt>
      <trkpt lat="43.26998" lon="-2.37298">
        <ele>33.0</ele>
      </trkpt>
      <trkpt lat="43.26949" lon="-2.37298">
        <ele>39.0</ele>
      </trkpt>
      <trkpt lat="43.26892" lon="-2.37346">
        <ele>45.0</ele>
      </trkpt>
      <trkpt lat="43.2664" lon="-2.37343">
        <ele>24.0</ele>
      </trkpt>
      <trkpt lat="43.26592" lon="-2.3736">
        <ele>21.0</ele>
      </trkpt>
      <trkpt lat="43.26527" lon="-2.37418">
        <ele>17.0</ele>
      </trkpt>
      <trkpt lat="43.26412" lon="-2.37618">
        <ele>17.0</ele>
      </trkpt>
      <trkpt lat="43.26139" lon="-2.37973">
        <ele>22.0</ele>
      </trkpt>
      <trkpt lat="43.25963" lon="-2.38049">
        <ele>18.0</ele>
      </trkpt>
      <trkpt lat="43.25918" lon="-2.3808">
        <ele>16.0</ele>
      </trkpt>
      <trkpt lat="43.25849" lon="-2.38163">
        <ele>13.0</ele>
      </trkpt>
      <trkpt lat="43.25693" lon="-2.38521">
        <ele>19.0</ele>
      </trkpt>
      <trkpt lat="43.25655" lon="-2.38719">
        <ele>23.0</ele>
      </trkpt>
      <trkpt lat="43.25632" lon="-2.38766">
        <ele>22.0</ele>
      </trkpt>
      <trkpt lat="43.25578" lon="-2.38785">
        <ele>19.0</ele>
      </trkpt>
      <trkpt lat="43.25438" lon="-2.38709">
        <ele>17.0</ele>
      </trkpt>
      <trkpt lat="43.25362" lon="-2.38718">
        <ele>15.0</ele>
      </trkpt>
      <trkpt lat="43.25318" lon="-2.38768">
        <ele>16.0</ele>
      </trkpt>
      <trkpt lat="43.25259" lon="-2.38924">
        <ele>18.0</ele>
      </trkpt>
      <trkpt lat="43.25158" lon="-2.3899">
        <ele>18.0</ele>
      </trkpt>
      <trkpt lat="43.25129" lon="-2.39026">
        <ele>19.0</ele>
      </trkpt>
      <trkpt lat="43.25127" lon="-2.39051">
        <ele>19.0</ele>
      </trkpt>
      <trkpt lat="43.25073" lon="-2.39089">
        <ele>19.0</ele>
      </trkpt>
      <trkpt lat="43.25019" lon="-2.39215">
        <ele>20.0</ele>
      </trkpt>
      <trkpt lat="43.24979" lon="-2.39273">
        <ele>22.0</ele>
      </trkpt>
      <trkpt lat="43.24885" lon="-2.39333">
        <ele>25.0</ele>
      </trkpt>
      <trkpt lat="43.24681" lon="-2.39393">
        <ele>18.0</ele>
      </trkpt>
      <trkpt lat="43.24524" lon="-2.39507">
        <ele>18.0</ele>
      </trkpt>
      <trkpt lat="43.24382" lon="-2.39649">
        <ele>21.0</ele>
      </trkpt>
      <trkpt lat="43.2425" lon="-2.39839">
        <ele>21.0</ele>
      </trkpt>
      <trkpt lat="43.24178" lon="-2.3986">
        <ele>20.0</ele>
      </trkpt>
      <trkpt lat="43.23753" lon="-2.39804">
        <ele>21.0</ele>
      </trkpt>
      <trkpt lat="43.23694" lon="-2.3982">
        <ele>22.0</ele>
      </trkpt>
      <trkpt lat="43.23649" lon="-2.39877">
        <ele>23.0</ele>
      </trkpt>
      <trkpt lat="43.23512" lon="-2.4022">
        <ele>32.0</ele>
      </trkpt>
      <trkpt lat="43.23391" lon="-2.40331">
        <ele>29.0</ele>
      </trkpt>
      <trkpt lat="43.23352" lon="-2.40348">
        <ele>29.0</ele>
      </trkpt>
      <trkpt lat="43.23304" lon="-2.40331">
        <ele>30.0</ele>
      </trkpt>
      <trkpt lat="43.23279" lon="-2.40291">
        <ele>32.0</ele>
      </trkpt>
      <trkpt lat="43.23211" lon="-2.40013">
        <ele>34.0</ele>
      </trkpt>
      <trkpt lat="43.23184" lon="-2.39962">
        <ele>36.0</ele>
      </trkpt>
      <trkpt lat="43.2313" lon="-2.39928">
        <ele>35.0</ele>
      </trkpt>
      <trkpt lat="43.23036" lon="-2.39918">
        <ele>30.0</ele>
      </trkpt>
      <trkpt lat="43.22946" lon="-2.39987">
        <ele>27.0</ele>
      </trkpt>
      <trkpt lat="43.22895" lon="-2.40062">
        <ele>27.0</ele>
      </trkpt>
      <trkpt lat="43.22877" lon="-2.40115">
        <ele>27.0</ele>
      </trkpt>
      <trkpt lat="43.22828" lon="-2.40168">
        <ele>29.0</ele>
      </trkpt>
      <trkpt lat="43.22672" lon="-2.40652">
        <ele>37.0</ele>
      </trkpt>
      <trkpt lat="43.22645" lon="-2.40704">
        <ele>37.0</ele>
      </trkpt>
      <trkpt lat="43.22597" lon="-2.40749">
        <ele>38.0</ele>
      </trkpt>
      <trkpt lat="43.22441" lon="-2.40845">
        <ele>36.0</ele>
      </trkpt>
      <trkpt lat="43.22382" lon="-2.40849">
        <ele>35.0</ele>
      </trkpt>
      <trkpt lat="43.22344" lon="-2.40821">
        <ele>35.0</ele>
      </trkpt>
      <trkpt lat="43.22288" lon="-2.40715">
        <ele>36.0</ele>
      </trkpt>
      <trkpt lat="43.22263" lon="-2.40709">
        <ele>37.0</ele>
      </trkpt>
      <trkpt lat="43.22269" lon="-2.40674">
        <ele>38.0</ele>
      </trkpt>
      <trkpt lat="43.22221" lon="-2.40592">
        <ele>39.0</ele>
      </trkpt>
      <trkpt lat="43.22157" lon="-2.40575">
        <ele>43.0</ele>
      </trkpt>
      <trkpt lat="43.22096" lon="-2.40615">
        <ele>45.0</ele>
      </trkpt>
      <trkpt lat="43.22007" lon="-2.4071">
        <ele>52.0</ele>
      </trkpt>
      <trkpt lat="43.21927" lon="-2.40862">
        <ele>43.0</ele>
      </trkpt>
      <trkpt lat="43.21733" lon="-2.41141">
        <ele>45.0</ele>
      </trkpt>
      <trkpt lat="43.21725" lon="-2.41188">
        <ele>45.0</ele>
      </trkpt>
      <trkpt lat="43.21699" lon="-2.41196">
        <ele>44.0</ele>
      </trkpt>
      <trkpt lat="43.21663" lon="-2.41248">
        <ele>43.0</ele>
      </trkpt>
      <trkpt lat="43.21608" lon="-2.4157">
        <ele>52.0</ele>
      </trkpt>
      <trkpt lat="43.21577" lon="-2.41676">
        <ele>50.0</ele>
      </trkpt>
      <trkpt lat="43.21525" lon="-2.41781">
        <ele>45.0</ele>
      </trkpt>
      <trkpt lat="43.21488" lon="-2.41783">
        <ele>46.0</ele>
      </trkpt>
      <trkpt lat="43.2123" lon="-2.419">
        <ele>51.0</ele>
      </trkpt>
      <trkpt lat="43.21049" lon="-2.42003">
        <ele>53.0</ele>
      </trkpt>
      <trkpt lat="43.20869" lon="-2.42233">
        <ele>66.0</ele>
      </trkpt>
      <trkpt lat="43.20761" lon="-2.42321">
        <ele>70.0</ele>
      </trkpt>
      <trkpt lat="43.20521" lon="-2.42474">
        <ele>73.0</ele>
      </trkpt>
      <trkpt lat="43.20458" lon="-2.42577">
        <ele>73.0</ele>
      </trkpt>
      <trkpt lat="43.20441" lon="-2.42748">
        <ele>77.0</ele>
      </trkpt>
      <trkpt lat="43.20422" lon="-2.42806">
        <ele>76.0</ele>
      </trkpt>
      <trkpt lat="43.2039" lon="-2.42848">
        <ele>75.0</ele>
      </trkpt>
      <trkpt lat="43.20218" lon="-2.42955">
        <ele>72.0</ele>
      </trkpt>
      <trkpt lat="43.20174" lon="-2.43001">
        <ele>71.0</ele>
      </trkpt>
      <trkpt lat="43.20125" lon="-2.4315">
        <ele>73.0</ele>
      </trkpt>
      <trkpt lat="43.19974" lon="-2.43398">
        <ele>82.0</ele>
      </trkpt>
      <trkpt lat="43.19902" lon="-2.43442">
        <ele>83.0</ele>
      </trkpt>
      <trkpt lat="43.19753" lon="-2.43393">
        <ele>82.0</ele>
      </trkpt>
      <trkpt lat="43.19687" lon="-2.43409">
        <ele>83.0</ele>
      </trkpt>
      <trkpt lat="43.19647" lon="-2.43454">
        <ele>85.0</ele>
      </trkpt>
      <trkpt lat="43.19585" lon="-2.43577">
        <ele>85.0</ele>
      </trkpt>
      <trkpt lat="43.19521" lon="-2.43662">
        <ele>86.0</ele>
      </trkpt>
      <trkpt lat="43.19278" lon="-2.43817">
        <ele>92.0</ele>
      </trkpt>
      <trkpt lat="43.19239" lon="-2.43898">
        <ele>94.0</ele>
      </trkpt>
      <trkpt lat="43.19202" lon="-2.44073">
        <ele>98.0</ele>
      </trkpt>
      <trkpt lat="43.19214" lon="-2.44219">
        <ele>102.0</ele>
      </trkpt>
      <trkpt lat="43.19202" lon="-2.44355">
        <ele>102.0</ele>
      </trkpt>
      <trkpt lat="43.19109" lon="-2.44587">
        <ele>98.0</ele>
      </trkpt>
      <trkpt lat="43.19137" lon="-2.44899">
        <ele>103.0</ele>
      </trkpt>
      <trkpt lat="43.19125" lon="-2.44961">
        <ele>106.0</ele>
      </trkpt>
      <trkpt lat="43.19079" lon="-2.45052">
        <ele>109.0</ele>
      </trkpt>
      <trkpt lat="43.19072" lon="-2.45104">
        <ele>112.0</ele>
      </trkpt>
      <trkpt lat="43.19081" lon="-2.45136">
        <ele>113.0</ele>
      </trkpt>
      <trkpt lat="43.19135" lon="-2.45174">
        <ele>116.0</ele>
      </trkpt>
      <trkpt lat="43.19166" lon="-2.45123">
        <ele>120.0</ele>
      </trkpt>
      <trkpt lat="43.19189" lon="-2.45124">
        <ele>123.0</ele>
      </trkpt>
      <trkpt lat="43.19202" lon="-2.45152">
        <ele>125.0</ele>
      </trkpt>
      <trkpt lat="43.19184" lon="-2.45257">
        <ele>131.0</ele>
      </trkpt>
      <trkpt lat="43.1942" lon="-2.45381">
        <ele>155.0</ele>
      </trkpt>
      <trkpt lat="43.19465" lon="-2.45267">
        <ele>163.0</ele>
      </trkpt>
      <trkpt lat="43.19494" lon="-2.45262">
        <ele>166.0</ele>
      </trkpt>
      <trkpt lat="43.19512" lon="-2.45292">
        <ele>167.0</ele>
      </trkpt>
      <trkpt lat="43.19494" lon="-2.45383">
        <ele>169.0</ele>
      </trkpt>
      <trkpt lat="43.19503" lon="-2.45395">
        <ele>172.0</ele>
      </trkpt>
      <trkpt lat="43.19679" lon="-2.45501">
        <ele>183.0</ele>
      </trkpt>
      <trkpt lat="43.19834" lon="-2.45631">
        <ele>195.0</ele>
      </trkpt>
      <trkpt lat="43.19854" lon="-2.45623">
        <ele>198.0</ele>
      </trkpt>
      <trkpt lat="43.19883" lon="-2.45564">
        <ele>199.0</ele>
      </trkpt>
      <trkpt lat="43.1989" lon="-2.45595">
        <ele>199.0</ele>
      </trkpt>
      <trkpt lat="43.19938" lon="-2.45639">
        <ele>200.0</ele>
      </trkpt>
      <trkpt lat="43.19941" lon="-2.45656">
        <ele>200.0</ele>
      </trkpt>
      <trkpt lat="43.19964" lon="-2.45641">
        <ele>202.0</ele>
      </trkpt>
      <trkpt lat="43.19982" lon="-2.45594">
        <ele>204.0</ele>
      </trkpt>
      <trkpt lat="43.19946" lon="-2.456">
        <ele>206.0</ele>
      </trkpt>
      <trkpt lat="43.1991" lon="-2.45528">
        <ele>214.0</ele>
      </trkpt>
      <trkpt lat="43.19951" lon="-2.45561">
        <ele>227.0</ele>
      </trkpt>
      <trkpt lat="43.20025" lon="-2.45445">
        <ele>251.0</ele>
      </trkpt>
      <trkpt lat="43.20105" lon="-2.45384">
        <ele>267.0</ele>
      </trkpt>
      <trkpt lat="43.20131" lon="-2.45332">
        <ele>275.0</ele>
      </trkpt>
      <trkpt lat="43.20146" lon="-2.45348">
        <ele>279.0</ele>
      </trkpt>
      <trkpt lat="43.20145" lon="-2.45414">
        <ele>285.0</ele>
      </trkpt>
      <trkpt lat="43.20166" lon="-2.45447">
        <ele>288.0</ele>
      </trkpt>
      <trkpt lat="43.20161" lon="-2.45515">
        <ele>293.0</ele>
      </trkpt>
      <trkpt lat="43.20181" lon="-2.45526">
        <ele>295.0</ele>
      </trkpt>
      <trkpt lat="43.2022" lon="-2.45471">
        <ele>302.0</ele>
      </trkpt>
      <trkpt lat="43.20231" lon="-2.45439">
        <ele>307.0</ele>
      </trkpt>
      <trkpt lat="43.20209" lon="-2.45362">
        <ele>318.0</ele>
      </trkpt>
      <trkpt lat="43.20239" lon="-2.4522">
        <ele>337.0</ele>
      </trkpt>
      <trkpt lat="43.20224" lon="-2.45182">
        <ele>343.0</ele>
      </trkpt>
      <trkpt lat="43.20239" lon="-2.45149">
        <ele>346.0</ele>
      </trkpt>
      <trkpt lat="43.20269" lon="-2.45202">
        <ele>352.0</ele>
      </trkpt>
      <trkpt lat="43.2029" lon="-2.45292">
        <ele>363.0</ele>
      </trkpt>
      <trkpt lat="43.20421" lon="-2.45423">
        <ele>393.0</ele>
      </trkpt>
      <trkpt lat="43.20446" lon="-2.45432">
        <ele>398.0</ele>
      </trkpt>
      <trkpt lat="43.20526" lon="-2.45359">
        <ele>409.0</ele>
      </trkpt>
      <trkpt lat="43.20555" lon="-2.45355">
        <ele>412.0</ele>
      </trkpt>
      <trkpt lat="43.2059" lon="-2.45405">
        <ele>419.0</ele>
      </trkpt>
      <trkpt lat="43.20646" lon="-2.45451">
        <ele>428.0</ele>
      </trkpt>
      <trkpt lat="43.2065" lon="-2.45433">
        <ele>430.0</ele>
      </trkpt>
      <trkpt lat="43.20616" lon="-2.45373">
        <ele>437.0</ele>
      </trkpt>
      <trkpt lat="43.20609" lon="-2.45278">
        <ele>447.0</ele>
      </trkpt>
      <trkpt lat="43.20516" lon="-2.45215">
        <ele>463.0</ele>
      </trkpt>
      <trkpt lat="43.20476" lon="-2.45163">
        <ele>469.0</ele>
      </trkpt>
      <trkpt lat="43.20459" lon="-2.45117">
        <ele>475.0</ele>
      </trkpt>
      <trkpt lat="43.20467" lon="-2.45067">
        <ele>479.0</ele>
      </trkpt>
      <trkpt lat="43.20501" lon="-2.44998">
        <ele>486.0</ele>
      </trkpt>
      <trkpt lat="43.20496" lon="-2.44888">
        <ele>500.0</ele>
      </trkpt>
      <trkpt lat="43.20466" lon="-2.44804">
        <ele>512.0</ele>
      </trkpt>
      <trkpt lat="43.20427" lon="-2.44748">
        <ele>522.0</ele>
      </trkpt>
      <trkpt lat="43.20416" lon="-2.44691">
        <ele>527.0</ele>
      </trkpt>
      <trkpt lat="43.20444" lon="-2.44657">
        <ele>530.0</ele>
      </trkpt>
      <trkpt lat="43.2048" lon="-2.44642">
        <ele>533.0</ele>
      </trkpt>
      <trkpt lat="43.20541" lon="-2.44691">
        <ele>538.0</ele>
      </trkpt>
      <trkpt lat="43.20594" lon="-2.44762">
        <ele>541.0</ele>
      </trkpt>
      <trkpt lat="43.20604" lon="-2.44927">
        <ele>542.0</ele>
      </trkpt>
      <trkpt lat="43.20625" lon="-2.45048">
        <ele>548.0</ele>
      </trkpt>
      <trkpt lat="43.20701" lon="-2.45104">
        <ele>555.0</ele>
      </trkpt>
      <trkpt lat="43.20775" lon="-2.45188">
        <ele>560.0</ele>
      </trkpt>
      <trkpt lat="43.20834" lon="-2.452">
        <ele>564.0</ele>
      </trkpt>
      <trkpt lat="43.20883" lon="-2.45273">
        <ele>568.0</ele>
      </trkpt>
      <trkpt lat="43.20925" lon="-2.45298">
        <ele>571.0</ele>
      </trkpt>
      <trkpt lat="43.20991" lon="-2.45382">
        <ele>578.0</ele>
      </trkpt>
      <trkpt lat="43.21101" lon="-2.45608">
        <ele>583.0</ele>
      </trkpt>
      <trkpt lat="43.21169" lon="-2.4572">
        <ele>583.0</ele>
      </trkpt>
      <trkpt lat="43.21244" lon="-2.45914">
        <ele>580.0</ele>
      </trkpt>
      <trkpt lat="43.21232" lon="-2.45947">
        <ele>579.0</ele>
      </trkpt>
      <trkpt lat="43.21159" lon="-2.45993">
        <ele>578.0</ele>
      </trkpt>
      <trkpt lat="43.21169" lon="-2.46118">
        <ele>576.0</ele>
      </trkpt>
      <trkpt lat="43.21092" lon="-2.46203">
        <ele>574.0</ele>
      </trkpt>
      <trkpt lat="43.211" lon="-2.46354">
        <ele>572.0</ele>
      </trkpt>
      <trkpt lat="43.21041" lon="-2.46455">
        <ele>569.0</ele>
      </trkpt>
      <trkpt lat="43.21038" lon="-2.46528">
        <ele>568.0</ele>
      </trkpt>
      <trkpt lat="43.21067" lon="-2.46611">
        <ele>568.0</ele>
      </trkpt>
      <trkpt lat="43.21046" lon="-2.46676">
        <ele>568.0</ele>
      </trkpt>
      <trkpt lat="43.21053" lon="-2.46752">
        <ele>568.0</ele>
      </trkpt>
      <trkpt lat="43.21001" lon="-2.46827">
        <ele>568.0</ele>
      </trkpt>
      <trkpt lat="43.20971" lon="-2.46824">
        <ele>568.0</ele>
      </trkpt>
      <trkpt lat="43.20906" lon="-2.46776">
        <ele>567.0</ele>
      </trkpt>
      <trkpt lat="43.20864" lon="-2.46809">
        <ele>564.0</ele>
      </trkpt>
      <trkpt lat="43.20885" lon="-2.47019">
        <ele>552.0</ele>
      </trkpt>
      <trkpt lat="43.20835" lon="-2.47177">
        <ele>544.0</ele>
      </trkpt>
      <trkpt lat="43.20839" lon="-2.47316">
        <ele>535.0</ele>
      </trkpt>
      <trkpt lat="43.20828" lon="-2.47333">
        <ele>533.0</ele>
      </trkpt>
      <trkpt lat="43.20724" lon="-2.47372">
        <ele>530.0</ele>
      </trkpt>
      <trkpt lat="43.20678" lon="-2.47419">
        <ele>529.0</ele>
      </trkpt>
      <trkpt lat="43.20684" lon="-2.47434">
        <ele>529.0</ele>
      </trkpt>
      <trkpt lat="43.20661" lon="-2.47488">
        <ele>529.0</ele>
      </trkpt>
      <trkpt lat="43.2069" lon="-2.47606">
        <ele>532.0</ele>
      </trkpt>
      <trkpt lat="43.20689" lon="-2.47764">
        <ele>541.0</ele>
      </trkpt>
      <trkpt lat="43.20705" lon="-2.47794">
        <ele>544.0</ele>
      </trkpt>
      <trkpt lat="43.20726" lon="-2.47804">
        <ele>545.0</ele>
      </trkpt>
      <trkpt lat="43.20792" lon="-2.47772">
        <ele>540.0</ele>
      </trkpt>
      <trkpt lat="43.20832" lon="-2.47776">
        <ele>536.0</ele>
      </trkpt>
      <trkpt lat="43.21072" lon="-2.47924">
        <ele>513.0</ele>
      </trkpt>
      <trkpt lat="43.21107" lon="-2.47899">
        <ele>508.0</ele>
      </trkpt>
      <trkpt lat="43.21111" lon="-2.47818">
        <ele>508.0</ele>
      </trkpt>
      <trkpt lat="43.21135" lon="-2.47721">
        <ele>510.0</ele>
      </trkpt>
      <trkpt lat="43.21202" lon="-2.47702">
        <ele>504.0</ele>
      </trkpt>
      <trkpt lat="43.21231" lon="-2.47676">
        <ele>498.0</ele>
      </trkpt>
      <trkpt lat="43.21269" lon="-2.47566">
        <ele>498.0</ele>
      </trkpt>
      <trkpt lat="43.21285" lon="-2.47549">
        <ele>497.0</ele>
      </trkpt>
      <trkpt lat="43.21411" lon="-2.47678">
        <ele>475.0</ele>
      </trkpt>
      <trkpt lat="43.21484" lon="-2.47683">
        <ele>471.0</ele>
      </trkpt>
      <trkpt lat="43.21547" lon="-2.47794">
        <ele>464.0</ele>
      </trkpt>
      <trkpt lat="43.21579" lon="-2.47828">
        <ele>459.0</ele>
      </trkpt>
      <trkpt lat="43.21602" lon="-2.47941">
        <ele>450.0</ele>
      </trkpt>
      <trkpt lat="43.21637" lon="-2.48023">
        <ele>445.0</ele>
      </trkpt>
      <trkpt lat="43.21715" lon="-2.4814">
        <ele>436.0</ele>
      </trkpt>
      <trkpt lat="43.21825" lon="-2.48237">
        <ele>428.0</ele>
      </trkpt>
      <trkpt lat="43.21893" lon="-2.48259">
        <ele>424.0</ele>
      </trkpt>
      <trkpt lat="43.21939" lon="-2.48324">
        <ele>420.0</ele>
      </trkpt>
      <trkpt lat="43.21991" lon="-2.48358">
        <ele>415.0</ele>
      </trkpt>
      <trkpt lat="43.22042" lon="-2.4842">
        <ele>404.0</ele>
      </trkpt>
      <trkpt lat="43.22173" lon="-2.48512">
        <ele>394.0</ele>
      </trkpt>
      <trkpt lat="43.22252" lon="-2.48616">
        <ele>386.0</ele>
      </trkpt>
      <trkpt lat="43.22313" lon="-2.48684">
        <ele>381.0</ele>
      </trkpt>
      <trkpt lat="43.22357" lon="-2.48706">
        <ele>371.0</ele>
      </trkpt>
      <trkpt lat="43.22362" lon="-2.48724">
        <ele>368.0</ele>
      </trkpt>
      <trkpt lat="43.22345" lon="-2.48737">
        <ele>365.0</ele>
      </trkpt>
      <trkpt lat="43.22162" lon="-2.48652">
        <ele>355.0</ele>
      </trkpt>
      <trkpt lat="43.22129" lon="-2.48622">
        <ele>345.0</ele>
      </trkpt>
      <trkpt lat="43.22066" lon="-2.48615">
        <ele>339.0</ele>
      </trkpt>
      <trkpt lat="43.22008" lon="-2.48586">
        <ele>327.0</ele>
      </trkpt>
      <trkpt lat="43.21934" lon="-2.48585">
        <ele>322.0</ele>
      </trkpt>
      <trkpt lat="43.21857" lon="-2.48534">
        <ele>316.0</ele>
      </trkpt>
      <trkpt lat="43.21807" lon="-2.48568">
        <ele>309.0</ele>
      </trkpt>
      <trkpt lat="43.21725" lon="-2.48543">
        <ele>302.0</ele>
      </trkpt>
      <trkpt lat="43.21668" lon="-2.48553">
        <ele>294.0</ele>
      </trkpt>
      <trkpt lat="43.21593" lon="-2.48508">
        <ele>290.0</ele>
      </trkpt>
      <trkpt lat="43.21548" lon="-2.48502">
        <ele>288.0</ele>
      </trkpt>
      <trkpt lat="43.21508" lon="-2.48459">
        <ele>287.0</ele>
      </trkpt>
      <trkpt lat="43.21487" lon="-2.48455">
        <ele>286.0</ele>
      </trkpt>
      <trkpt lat="43.21481" lon="-2.48483">
        <ele>287.0</ele>
      </trkpt>
      <trkpt lat="43.21525" lon="-2.48587">
        <ele>288.0</ele>
      </trkpt>
      <trkpt lat="43.21682" lon="-2.48704">
        <ele>284.0</ele>
      </trkpt>
      <trkpt lat="43.21745" lon="-2.48731">
        <ele>275.0</ele>
      </trkpt>
      <trkpt lat="43.21825" lon="-2.48811">
        <ele>266.0</ele>
      </trkpt>
      <trkpt lat="43.21924" lon="-2.4883">
        <ele>254.0</ele>
      </trkpt>
      <trkpt lat="43.22039" lon="-2.48952">
        <ele>248.0</ele>
      </trkpt>
      <trkpt lat="43.22091" lon="-2.48959">
        <ele>246.0</ele>
      </trkpt>
      <trkpt lat="43.22216" lon="-2.49079">
        <ele>234.0</ele>
      </trkpt>
      <trkpt lat="43.22344" lon="-2.49134">
        <ele>226.0</ele>
      </trkpt>
      <trkpt lat="43.22374" lon="-2.49192">
        <ele>223.0</ele>
      </trkpt>
      <trkpt lat="43.22431" lon="-2.49197">
        <ele>219.0</ele>
      </trkpt>
      <trkpt lat="43.2248" lon="-2.4915">
        <ele>214.0</ele>
      </trkpt>
      <trkpt lat="43.22538" lon="-2.49132">
        <ele>209.0</ele>
      </trkpt>
      <trkpt lat="43.2258" lon="-2.49097">
        <ele>206.0</ele>
      </trkpt>
      <trkpt lat="43.22643" lon="-2.49096">
        <ele>204.0</ele>
      </trkpt>
      <trkpt lat="43.22783" lon="-2.48992">
        <ele>199.0</ele>
      </trkpt>
      <trkpt lat="43.22894" lon="-2.48955">
        <ele>188.0</ele>
      </trkpt>
      <trkpt lat="43.22946" lon="-2.48992">
        <ele>186.0</ele>
      </trkpt>
      <trkpt lat="43.22998" lon="-2.48999">
        <ele>184.0</ele>
      </trkpt>
      <trkpt lat="43.23029" lon="-2.4906">
        <ele>183.0</ele>
      </trkpt>
      <trkpt lat="43.23085" lon="-2.49066">
        <ele>181.0</ele>
      </trkpt>
      <trkpt lat="43.23139" lon="-2.49129">
        <ele>176.0</ele>
      </trkpt>
      <trkpt lat="43.23256" lon="-2.49128">
        <ele>169.0</ele>
      </trkpt>
      <trkpt lat="43.23328" lon="-2.49108">
        <ele>164.0</ele>
      </trkpt>
      <trkpt lat="43.23411" lon="-2.4916">
        <ele>161.0</ele>
      </trkpt>
      <trkpt lat="43.23534" lon="-2.49124">
        <ele>157.0</ele>
      </trkpt>
      <trkpt lat="43.23558" lon="-2.49147">
        <ele>155.0</ele>
      </trkpt>
      <trkpt lat="43.23575" lon="-2.49219">
        <ele>152.0</ele>
      </trkpt>
      <trkpt lat="43.23591" lon="-2.49239">
        <ele>150.0</ele>
      </trkpt>
      <trkpt lat="43.23697" lon="-2.49228">
        <ele>140.0</ele>
      </trkpt>
      <trkpt lat="43.23726" lon="-2.49258">
        <ele>137.0</ele>
      </trkpt>
      <trkpt lat="43.2384" lon="-2.49278">
        <ele>140.0</ele>
      </trkpt>
      <trkpt lat="43.23839" lon="-2.49167">
        <ele>143.0</ele>
      </trkpt>
      <trkpt lat="43.23903" lon="-2.49081">
        <ele>144.0</ele>
      </trkpt>
      <trkpt lat="43.23979" lon="-2.49083">
        <ele>143.0</ele>
      </trkpt>
      <trkpt lat="43.24021" lon="-2.49056">
        <ele>140.0</ele>
      </trkpt>
      <trkpt lat="43.24278" lon="-2.48781">
        <ele>118.0</ele>
      </trkpt>
      <trkpt lat="43.24392" lon="-2.48745">
        <ele>118.0</ele>
      </trkpt>
      <trkpt lat="43.24453" lon="-2.48687">
        <ele>118.0</ele>
      </trkpt>
      <trkpt lat="43.24536" lon="-2.48693">
        <ele>118.0</ele>
      </trkpt>
      <trkpt lat="43.24564" lon="-2.48674">
        <ele>117.0</ele>
      </trkpt>
      <trkpt lat="43.24659" lon="-2.48437">
        <ele>112.0</ele>
      </trkpt>
      <trkpt lat="43.24754" lon="-2.48316">
        <ele>109.0</ele>
      </trkpt>
      <trkpt lat="43.25176" lon="-2.47984">
        <ele>106.0</ele>
      </trkpt>
      <trkpt lat="43.25458" lon="-2.47839">
        <ele>100.0</ele>
      </trkpt>
      <trkpt lat="43.25684" lon="-2.48452">
        <ele>99.0</ele>
      </trkpt>
      <trkpt lat="43.25828" lon="-2.48699">
        <ele>111.0</ele>
      </trkpt>
      <trkpt lat="43.25848" lon="-2.48846">
        <ele>113.0</ele>
      </trkpt>
      <trkpt lat="43.25921" lon="-2.49024">
        <ele>102.0</ele>
      </trkpt>
      <trkpt lat="43.25957" lon="-2.49068">
        <ele>100.0</ele>
      </trkpt>
      <trkpt lat="43.26003" lon="-2.49081">
        <ele>100.0</ele>
      </trkpt>
      <trkpt lat="43.26109" lon="-2.49031">
        <ele>100.0</ele>
      </trkpt>
      <trkpt lat="43.26144" lon="-2.49047">
        <ele>100.0</ele>
      </trkpt>
      <trkpt lat="43.26244" lon="-2.49262">
        <ele>97.0</ele>
      </trkpt>
      <trkpt lat="43.26299" lon="-2.49306">
        <ele>93.0</ele>
      </trkpt>
      <trkpt lat="43.26333" lon="-2.4938">
        <ele>90.0</ele>
      </trkpt>
      <trkpt lat="43.26447" lon="-2.49485">
        <ele>87.0</ele>
      </trkpt>
      <trkpt lat="43.2654" lon="-2.49655">
        <ele>85.0</ele>
      </trkpt>
      <trkpt lat="43.26685" lon="-2.49775">
        <ele>85.0</ele>
      </trkpt>
      <trkpt lat="43.26696" lon="-2.49797">
        <ele>86.0</ele>
      </trkpt>
      <trkpt lat="43.2669" lon="-2.49838">
        <ele>88.0</ele>
      </trkpt>
      <trkpt lat="43.26596" lon="-2.49988">
        <ele>92.0</ele>
      </trkpt>
      <trkpt lat="43.26536" lon="-2.50502">
        <ele>88.0</ele>
      </trkpt>
      <trkpt lat="43.26483" lon="-2.50534">
        <ele>87.0</ele>
      </trkpt>
      <trkpt lat="43.26463" lon="-2.50582">
        <ele>87.0</ele>
      </trkpt>
      <trkpt lat="43.26474" lon="-2.50624">
        <ele>88.0</ele>
      </trkpt>
      <trkpt lat="43.26528" lon="-2.50643">
        <ele>89.0</ele>
      </trkpt>
      <trkpt lat="43.26537" lon="-2.50677">
        <ele>90.0</ele>
      </trkpt>
      <trkpt lat="43.26509" lon="-2.50759">
        <ele>90.0</ele>
      </trkpt>
      <trkpt lat="43.26452" lon="-2.51206">
        <ele>93.0</ele>
      </trkpt>
      <trkpt lat="43.26433" lon="-2.51598">
        <ele>105.0</ele>
      </trkpt>
      <trkpt lat="43.26418" lon="-2.51705">
        <ele>111.0</ele>
      </trkpt>
      <trkpt lat="43.26386" lon="-2.5179">
        <ele>114.0</ele>
      </trkpt>
      <trkpt lat="43.26244" lon="-2.52042">
        <ele>118.0</ele>
      </trkpt>
      <trkpt lat="43.2617" lon="-2.52137">
        <ele>119.0</ele>
      </trkpt>
      <trkpt lat="43.26089" lon="-2.52212">
        <ele>119.0</ele>
      </trkpt>
      <trkpt lat="43.25911" lon="-2.52342">
        <ele>119.0</ele>
      </trkpt>
      <trkpt lat="43.25501" lon="-2.52591">
        <ele>121.0</ele>
      </trkpt>
      <trkpt lat="43.25297" lon="-2.52663">
        <ele>124.0</ele>
      </trkpt>
      <trkpt lat="43.25205" lon="-2.52668">
        <ele>132.0</ele>
      </trkpt>
      <trkpt lat="43.25046" lon="-2.52578">
        <ele>141.0</ele>
      </trkpt>
      <trkpt lat="43.24968" lon="-2.52586">
        <ele>144.0</ele>
      </trkpt>
      <trkpt lat="43.24696" lon="-2.52661">
        <ele>149.0</ele>
      </trkpt>
      <trkpt lat="43.24638" lon="-2.52652">
        <ele>149.0</ele>
      </trkpt>
      <trkpt lat="43.24451" lon="-2.52569">
        <ele>147.0</ele>
      </trkpt>
      <trkpt lat="43.24352" lon="-2.52581">
        <ele>149.0</ele>
      </trkpt>
      <trkpt lat="43.23845" lon="-2.52854">
        <ele>160.0</ele>
      </trkpt>
      <trkpt lat="43.2377" lon="-2.52921">
        <ele>162.0</ele>
      </trkpt>
      <trkpt lat="43.23654" lon="-2.53082">
        <ele>167.0</ele>
      </trkpt>
      <trkpt lat="43.23604" lon="-2.53126">
        <ele>170.0</ele>
      </trkpt>
      <trkpt lat="43.23328" lon="-2.53186">
        <ele>186.0</ele>
      </trkpt>
      <trkpt lat="43.23253" lon="-2.5326">
        <ele>192.0</ele>
      </trkpt>
      <trkpt lat="43.23141" lon="-2.53403">
        <ele>199.0</ele>
      </trkpt>
      <trkpt lat="43.22998" lon="-2.53467">
        <ele>205.0</ele>
      </trkpt>
      <trkpt lat="43.22878" lon="-2.53593">
        <ele>217.0</ele>
      </trkpt>
      <trkpt lat="43.2272" lon="-2.53674">
        <ele>228.0</ele>
      </trkpt>
      <trkpt lat="43.22607" lon="-2.53791">
        <ele>234.0</ele>
      </trkpt>
      <trkpt lat="43.22547" lon="-2.53825">
        <ele>237.0</ele>
      </trkpt>
      <trkpt lat="43.21971" lon="-2.53944">
        <ele>283.0</ele>
      </trkpt>
      <trkpt lat="43.21828" lon="-2.53925">
        <ele>298.0</ele>
      </trkpt>
      <trkpt lat="43.21555" lon="-2.53812">
        <ele>332.0</ele>
      </trkpt>
      <trkpt lat="43.21455" lon="-2.538">
        <ele>348.0</ele>
      </trkpt>
      <trkpt lat="43.21323" lon="-2.5382">
        <ele>362.0</ele>
      </trkpt>
      <trkpt lat="43.21223" lon="-2.53907">
        <ele>373.0</ele>
      </trkpt>
      <trkpt lat="43.21185" lon="-2.5398">
        <ele>375.0</ele>
      </trkpt>
      <trkpt lat="43.21165" lon="-2.54055">
        <ele>377.0</ele>
      </trkpt>
      <trkpt lat="43.2116" lon="-2.54102">
        <ele>379.0</ele>
      </trkpt>
      <trkpt lat="43.21193" lon="-2.54322">
        <ele>393.0</ele>
      </trkpt>
      <trkpt lat="43.21205" lon="-2.54344">
        <ele>392.0</ele>
      </trkpt>
      <trkpt lat="43.21236" lon="-2.54359">
        <ele>392.0</ele>
      </trkpt>
      <trkpt lat="43.21273" lon="-2.54351">
        <ele>391.0</ele>
      </trkpt>
      <trkpt lat="43.21305" lon="-2.54318">
        <ele>390.0</ele>
      </trkpt>
      <trkpt lat="43.21337" lon="-2.54204">
        <ele>384.0</ele>
      </trkpt>
      <trkpt lat="43.21418" lon="-2.5408">
        <ele>373.0</ele>
      </trkpt>
      <trkpt lat="43.21431" lon="-2.5404">
        <ele>371.0</ele>
      </trkpt>
      <trkpt lat="43.21422" lon="-2.53974">
        <ele>372.0</ele>
      </trkpt>
      <trkpt lat="43.21347" lon="-2.53852">
        <ele>377.0</ele>
      </trkpt>
      <trkpt lat="43.21336" lon="-2.53779">
        <ele>376.0</ele>
      </trkpt>
      <trkpt lat="43.21343" lon="-2.53685">
        <ele>374.0</ele>
      </trkpt>
      <trkpt lat="43.21403" lon="-2.53531">
        <ele>371.0</ele>
      </trkpt>
      <trkpt lat="43.21431" lon="-2.53367">
        <ele>367.0</ele>
      </trkpt>
      <trkpt lat="43.21427" lon="-2.53316">
        <ele>365.0</ele>
      </trkpt>
      <trkpt lat="43.21406" lon="-2.53276">
        <ele>362.0</ele>
      </trkpt>
      <trkpt lat="43.21374" lon="-2.53273">
        <ele>359.0</ele>
      </trkpt>
      <trkpt lat="43.21342" lon="-2.53308">
        <ele>356.0</ele>
      </trkpt>
      <trkpt lat="43.21209" lon="-2.53387">
        <ele>350.0</ele>
      </trkpt>
      <trkpt lat="43.21109" lon="-2.53381">
        <ele>342.0</ele>
      </trkpt>
      <trkpt lat="43.21021" lon="-2.5346">
        <ele>333.0</ele>
      </trkpt>
      <trkpt lat="43.20955" lon="-2.53473">
        <ele>324.0</ele>
      </trkpt>
      <trkpt lat="43.2086" lon="-2.53381">
        <ele>322.0</ele>
      </trkpt>
      <trkpt lat="43.20825" lon="-2.53286">
        <ele>319.0</ele>
      </trkpt>
      <trkpt lat="43.20783" lon="-2.53307">
        <ele>315.0</ele>
      </trkpt>
      <trkpt lat="43.20736" lon="-2.5338">
        <ele>307.0</ele>
      </trkpt>
      <trkpt lat="43.20681" lon="-2.53387">
        <ele>300.0</ele>
      </trkpt>
      <trkpt lat="43.20648" lon="-2.5335">
        <ele>298.0</ele>
      </trkpt>
      <trkpt lat="43.20654" lon="-2.53274">
        <ele>295.0</ele>
      </trkpt>
      <trkpt lat="43.20639" lon="-2.53245">
        <ele>294.0</ele>
      </trkpt>
      <trkpt lat="43.20572" lon="-2.53218">
        <ele>291.0</ele>
      </trkpt>
      <trkpt lat="43.20499" lon="-2.53257">
        <ele>285.0</ele>
      </trkpt>
      <trkpt lat="43.2039" lon="-2.53217">
        <ele>279.0</ele>
      </trkpt>
      <trkpt lat="43.20372" lon="-2.53187">
        <ele>276.0</ele>
      </trkpt>
      <trkpt lat="43.20382" lon="-2.53105">
        <ele>272.0</ele>
      </trkpt>
      <trkpt lat="43.20368" lon="-2.53077">
        <ele>270.0</ele>
      </trkpt>
      <trkpt lat="43.20244" lon="-2.53124">
        <ele>264.0</ele>
      </trkpt>
      <trkpt lat="43.20131" lon="-2.53045">
        <ele>257.0</ele>
      </trkpt>
      <trkpt lat="43.20021" lon="-2.53014">
        <ele>251.0</ele>
      </trkpt>
      <trkpt lat="43.19728" lon="-2.52821">
        <ele>238.0</ele>
      </trkpt>
      <trkpt lat="43.19618" lon="-2.52666">
        <ele>234.0</ele>
      </trkpt>
      <trkpt lat="43.1952" lon="-2.52418">
        <ele>231.0</ele>
      </trkpt>
      <trkpt lat="43.19504" lon="-2.52315">
        <ele>230.0</ele>
      </trkpt>
      <trkpt lat="43.1944" lon="-2.52132">
        <ele>227.0</ele>
      </trkpt>
      <trkpt lat="43.19357" lon="-2.52196">
        <ele>228.0</ele>
      </trkpt>
      <trkpt lat="43.19295" lon="-2.52402">
        <ele>242.0</ele>
      </trkpt>
      <trkpt lat="43.1934" lon="-2.52551">
        <ele>261.0</ele>
      </trkpt>
      <trkpt lat="43.19333" lon="-2.52645">
        <ele>273.0</ele>
      </trkpt>
      <trkpt lat="43.19252" lon="-2.52714">
        <ele>285.0</ele>
      </trkpt>
      <trkpt lat="43.19196" lon="-2.52796">
        <ele>291.0</ele>
      </trkpt>
      <trkpt lat="43.19129" lon="-2.52802">
        <ele>294.0</ele>
      </trkpt>
      <trkpt lat="43.19108" lon="-2.5283">
        <ele>295.0</ele>
      </trkpt>
      <trkpt lat="43.19086" lon="-2.52926">
        <ele>293.0</ele>
      </trkpt>
      <trkpt lat="43.19061" lon="-2.52973">
        <ele>289.0</ele>
      </trkpt>
      <trkpt lat="43.19082" lon="-2.53074">
        <ele>285.0</ele>
      </trkpt>
      <trkpt lat="43.19076" lon="-2.53094">
        <ele>281.0</ele>
      </trkpt>
      <trkpt lat="43.19037" lon="-2.53113">
        <ele>278.0</ele>
      </trkpt>
      <trkpt lat="43.19024" lon="-2.53062">
        <ele>273.0</ele>
      </trkpt>
      <trkpt lat="43.18976" lon="-2.52999">
        <ele>265.0</ele>
      </trkpt>
      <trkpt lat="43.18968" lon="-2.52906">
        <ele>260.0</ele>
      </trkpt>
      <trkpt lat="43.18952" lon="-2.52882">
        <ele>259.0</ele>
      </trkpt>
      <trkpt lat="43.18839" lon="-2.52936">
        <ele>255.0</ele>
      </trkpt>
      <trkpt lat="43.18744" lon="-2.52875">
        <ele>249.0</ele>
      </trkpt>
      <trkpt lat="43.18789" lon="-2.53142">
        <ele>243.0</ele>
      </trkpt>
      <trkpt lat="43.18765" lon="-2.53191">
        <ele>243.0</ele>
      </trkpt>
      <trkpt lat="43.18735" lon="-2.5319">
        <ele>244.0</ele>
      </trkpt>
      <trkpt lat="43.18623" lon="-2.52981">
        <ele>250.0</ele>
      </trkpt>
      <trkpt lat="43.18607" lon="-2.52867">
        <ele>260.0</ele>
      </trkpt>
      <trkpt lat="43.18577" lon="-2.52838">
        <ele>264.0</ele>
      </trkpt>
      <trkpt lat="43.18546" lon="-2.52867">
        <ele>268.0</ele>
      </trkpt>
      <trkpt lat="43.18531" lon="-2.53048">
        <ele>274.0</ele>
      </trkpt>
      <trkpt lat="43.18509" lon="-2.53109">
        <ele>280.0</ele>
      </trkpt>
      <trkpt lat="43.18272" lon="-2.53214">
        <ele>296.0</ele>
      </trkpt>
      <trkpt lat="43.18232" lon="-2.53276">
        <ele>305.0</ele>
      </trkpt>
      <trkpt lat="43.18337" lon="-2.52813">
        <ele>307.0</ele>
      </trkpt>
      <trkpt lat="43.1838" lon="-2.52737">
        <ele>305.0</ele>
      </trkpt>
      <trkpt lat="43.18498" lon="-2.52609">
        <ele>301.0</ele>
      </trkpt>
      <trkpt lat="43.18535" lon="-2.52455">
        <ele>298.0</ele>
      </trkpt>
      <trkpt lat="43.18502" lon="-2.52295">
        <ele>293.0</ele>
      </trkpt>
      <trkpt lat="43.1838" lon="-2.52007">
        <ele>279.0</ele>
      </trkpt>
      <trkpt lat="43.18324" lon="-2.5182">
        <ele>269.0</ele>
      </trkpt>
      <trkpt lat="43.18333" lon="-2.51682">
        <ele>256.0</ele>
      </trkpt>
      <trkpt lat="43.1832" lon="-2.51495">
        <ele>262.0</ele>
      </trkpt>
      <trkpt lat="43.18264" lon="-2.51446">
        <ele>279.0</ele>
      </trkpt>
      <trkpt lat="43.18086" lon="-2.51403">
        <ele>300.0</ele>
      </trkpt>
      <trkpt lat="43.17694" lon="-2.51252">
        <ele>269.0</ele>
      </trkpt>
      <trkpt lat="43.17648" lon="-2.51249">
        <ele>237.0</ele>
      </trkpt>
      <trkpt lat="43.17573" lon="-2.51041">
        <ele>218.0</ele>
      </trkpt>
      <trkpt lat="43.1756" lon="-2.509">
        <ele>215.0</ele>
      </trkpt>
      <trkpt lat="43.17572" lon="-2.50819">
        <ele>215.0</ele>
      </trkpt>
      <trkpt lat="43.17662" lon="-2.50635">
        <ele>209.0</ele>
      </trkpt>
      <trkpt lat="43.17695" lon="-2.50502">
        <ele>200.0</ele>
      </trkpt>
      <trkpt lat="43.17695" lon="-2.49943">
        <ele>168.0</ele>
      </trkpt>
      <trkpt lat="43.17762" lon="-2.49726">
        <ele>160.0</ele>
      </trkpt>
      <trkpt lat="43.17784" lon="-2.49615">
        <ele>158.0</ele>
      </trkpt>
      <trkpt lat="43.17787" lon="-2.49494">
        <ele>157.0</ele>
      </trkpt>
      <trkpt lat="43.17749" lon="-2.49296">
        <ele>156.0</ele>
      </trkpt>
      <trkpt lat="43.17758" lon="-2.49202">
        <ele>153.0</ele>
      </trkpt>
      <trkpt lat="43.17801" lon="-2.49124">
        <ele>148.0</ele>
      </trkpt>
      <trkpt lat="43.1797" lon="-2.48973">
        <ele>144.0</ele>
      </trkpt>
      <trkpt lat="43.18072" lon="-2.48485">
        <ele>142.0</ele>
      </trkpt>
      <trkpt lat="43.18185" lon="-2.4826">
        <ele>138.0</ele>
      </trkpt>
      <trkpt lat="43.18265" lon="-2.48146">
        <ele>135.0</ele>
      </trkpt>
      <trkpt lat="43.18354" lon="-2.4787">
        <ele>143.0</ele>
      </trkpt>
      <trkpt lat="43.18365" lon="-2.47866">
        <ele>143.0</ele>
      </trkpt>
      <trkpt lat="43.18487" lon="-2.47967">
        <ele>134.0</ele>
      </trkpt>
      <trkpt lat="43.1847" lon="-2.47978">
        <ele>134.0</ele>
      </trkpt>
      <trkpt lat="43.18401" lon="-2.48119">
        <ele>134.0</ele>
      </trkpt>
      <trkpt lat="43.184" lon="-2.48144">
        <ele>134.0</ele>
      </trkpt>
      <trkpt lat="43.18456" lon="-2.48073">
        <ele>144.0</ele>
      </trkpt>
      <trkpt lat="43.18517" lon="-2.48098">
        <ele>155.0</ele>
      </trkpt>
      <trkpt lat="43.18608" lon="-2.48192">
        <ele>165.0</ele>
      </trkpt>
      <trkpt lat="43.18593" lon="-2.48201">
        <ele>164.0</ele>
      </trkpt>
      <trkpt lat="43.18536" lon="-2.48168">
        <ele>163.0</ele>
      </trkpt>
      <trkpt lat="43.18516" lon="-2.48206">
        <ele>162.0</ele>
      </trkpt>
      <trkpt lat="43.18543" lon="-2.48232">
        <ele>164.0</ele>
      </trkpt>
      <trkpt lat="43.18577" lon="-2.48216">
        <ele>168.0</ele>
      </trkpt>
      <trkpt lat="43.18594" lon="-2.48225">
        <ele>171.0</ele>
      </trkpt>
      <trkpt lat="43.18598" lon="-2.48262">
        <ele>174.0</ele>
      </trkpt>
      <trkpt lat="43.18567" lon="-2.48306">
        <ele>179.0</ele>
      </trkpt>
      <trkpt lat="43.18574" lon="-2.48329">
        <ele>182.0</ele>
      </trkpt>
      <trkpt lat="43.18607" lon="-2.48335">
        <ele>183.0</ele>
      </trkpt>
      <trkpt lat="43.18648" lon="-2.48275">
        <ele>182.0</ele>
      </trkpt>
      <trkpt lat="43.18662" lon="-2.48164">
        <ele>180.0</ele>
      </trkpt>
      <trkpt lat="43.1861" lon="-2.48014">
        <ele>183.0</ele>
      </trkpt>
      <trkpt lat="43.18615" lon="-2.47904">
        <ele>187.0</ele>
      </trkpt>
      <trkpt lat="43.18664" lon="-2.47827">
        <ele>183.0</ele>
      </trkpt>
      <trkpt lat="43.1878" lon="-2.47743">
        <ele>178.0</ele>
      </trkpt>
      <trkpt lat="43.18806" lon="-2.47674">
        <ele>189.0</ele>
      </trkpt>
      <trkpt lat="43.1882" lon="-2.47588">
        <ele>203.0</ele>
      </trkpt>
      <trkpt lat="43.18823" lon="-2.47464">
        <ele>221.0</ele>
      </trkpt>
      <trkpt lat="43.18801" lon="-2.47299">
        <ele>192.0</ele>
      </trkpt>
      <trkpt lat="43.18789" lon="-2.47283">
        <ele>180.0</ele>
      </trkpt>
      <trkpt lat="43.18764" lon="-2.47284">
        <ele>173.0</ele>
      </trkpt>
      <trkpt lat="43.18686" lon="-2.47325">
        <ele>172.0</ele>
      </trkpt>
      <trkpt lat="43.18702" lon="-2.47351">
        <ele>173.0</ele>
      </trkpt>
      <trkpt lat="43.18758" lon="-2.47359">
        <ele>174.0</ele>
      </trkpt>
      <trkpt lat="43.18821" lon="-2.47343">
        <ele>175.0</ele>
      </trkpt>
      <trkpt lat="43.18837" lon="-2.47315">
        <ele>175.0</ele>
      </trkpt>
      <trkpt lat="43.18832" lon="-2.47264">
        <ele>175.0</ele>
      </trkpt>
      <trkpt lat="43.18755" lon="-2.4715">
        <ele>177.0</ele>
      </trkpt>
      <trkpt lat="43.18737" lon="-2.47018">
        <ele>182.0</ele>
      </trkpt>
      <trkpt lat="43.18749" lon="-2.46935">
        <ele>187.0</ele>
      </trkpt>
      <trkpt lat="43.18829" lon="-2.4683">
        <ele>200.0</ele>
      </trkpt>
      <trkpt lat="43.18867" lon="-2.46838">
        <ele>208.0</ele>
      </trkpt>
      <trkpt lat="43.18906" lon="-2.46911">
        <ele>215.0</ele>
      </trkpt>
      <trkpt lat="43.18953" lon="-2.46904">
        <ele>222.0</ele>
      </trkpt>
      <trkpt lat="43.19023" lon="-2.46954">
        <ele>230.0</ele>
      </trkpt>
      <trkpt lat="43.19128" lon="-2.46975">
        <ele>241.0</ele>
      </trkpt>
      <trkpt lat="43.19177" lon="-2.46949">
        <ele>249.0</ele>
      </trkpt>
      <trkpt lat="43.19197" lon="-2.46957">
        <ele>252.0</ele>
      </trkpt>
      <trkpt lat="43.19227" lon="-2.47003">
        <ele>257.0</ele>
      </trkpt>
      <trkpt lat="43.19276" lon="-2.47034">
        <ele>263.0</ele>
      </trkpt>
      <trkpt lat="43.19293" lon="-2.47104">
        <ele>269.0</ele>
      </trkpt>
      <trkpt lat="43.19321" lon="-2.47136">
        <ele>273.0</ele>
      </trkpt>
      <trkpt lat="43.19401" lon="-2.47151">
        <ele>282.0</ele>
      </trkpt>
      <trkpt lat="43.19474" lon="-2.47189">
        <ele>293.0</ele>
      </trkpt>
      <trkpt lat="43.19498" lon="-2.4734">
        <ele>310.0</ele>
      </trkpt>
      <trkpt lat="43.19545" lon="-2.4736">
        <ele>315.0</ele>
      </trkpt>
      <trkpt lat="43.19586" lon="-2.47416">
        <ele>318.0</ele>
      </trkpt>
      <trkpt lat="43.196" lon="-2.47418">
        <ele>320.0</ele>
      </trkpt>
      <trkpt lat="43.19662" lon="-2.47338">
        <ele>324.0</ele>
      </trkpt>
      <trkpt lat="43.19695" lon="-2.47344">
        <ele>330.0</ele>
      </trkpt>
      <trkpt lat="43.19722" lon="-2.47443">
        <ele>339.0</ele>
      </trkpt>
      <trkpt lat="43.19786" lon="-2.4751">
        <ele>348.0</ele>
      </trkpt>
      <trkpt lat="43.19819" lon="-2.47577">
        <ele>358.0</ele>
      </trkpt>
      <trkpt lat="43.19854" lon="-2.476">
        <ele>368.0</ele>
      </trkpt>
      <trkpt lat="43.19862" lon="-2.47633">
        <ele>372.0</ele>
      </trkpt>
      <trkpt lat="43.19897" lon="-2.47683">
        <ele>381.0</ele>
      </trkpt>
      <trkpt lat="43.19975" lon="-2.47707">
        <ele>392.0</ele>
      </trkpt>
      <trkpt lat="43.19993" lon="-2.47892">
        <ele>404.0</ele>
      </trkpt>
      <trkpt lat="43.20018" lon="-2.47964">
        <ele>408.0</ele>
      </trkpt>
      <trkpt lat="43.20091" lon="-2.4791">
        <ele>410.0</ele>
      </trkpt>
      <trkpt lat="43.20138" lon="-2.47917">
        <ele>415.0</ele>
      </trkpt>
      <trkpt lat="43.2015" lon="-2.47855">
        <ele>421.0</ele>
      </trkpt>
      <trkpt lat="43.20162" lon="-2.47844">
        <ele>423.0</ele>
      </trkpt>
      <trkpt lat="43.20258" lon="-2.47852">
        <ele>438.0</ele>
      </trkpt>
      <trkpt lat="43.20315" lon="-2.47689">
        <ele>442.0</ele>
      </trkpt>
      <trkpt lat="43.20325" lon="-2.47617">
        <ele>445.0</ele>
      </trkpt>
      <trkpt lat="43.20345" lon="-2.47581">
        <ele>449.0</ele>
      </trkpt>
      <trkpt lat="43.20364" lon="-2.47583">
        <ele>453.0</ele>
      </trkpt>
      <trkpt lat="43.20411" lon="-2.47641">
        <ele>461.0</ele>
      </trkpt>
      <trkpt lat="43.20449" lon="-2.47706">
        <ele>471.0</ele>
      </trkpt>
      <trkpt lat="43.20473" lon="-2.47784">
        <ele>479.0</ele>
      </trkpt>
      <trkpt lat="43.205" lon="-2.47788">
        <ele>483.0</ele>
      </trkpt>
      <trkpt lat="43.20592" lon="-2.47691">
        <ele>491.0</ele>
      </trkpt>
      <trkpt lat="43.20618" lon="-2.47603">
        <ele>498.0</ele>
      </trkpt>
      <trkpt lat="43.20635" lon="-2.47483">
        <ele>506.0</ele>
      </trkpt>
      <trkpt lat="43.20678" lon="-2.47419">
        <ele>514.0</ele>
      </trkpt>
      <trkpt lat="43.20684" lon="-2.47434">
        <ele>516.0</ele>
      </trkpt>
      <trkpt lat="43.20661" lon="-2.47488">
        <ele>520.0</ele>
      </trkpt>
      <trkpt lat="43.2069" lon="-2.47606">
        <ele>529.0</ele>
      </trkpt>
      <trkpt lat="43.20682" lon="-2.47743">
        <ele>539.0</ele>
      </trkpt>
      <trkpt lat="43.20705" lon="-2.47794">
        <ele>544.0</ele>
      </trkpt>
      <trkpt lat="43.20726" lon="-2.47804">
        <ele>545.0</ele>
      </trkpt>
      <trkpt lat="43.20792" lon="-2.47772">
        <ele>540.0</ele>
      </trkpt>
      <trkpt lat="43.20832" lon="-2.47776">
        <ele>536.0</ele>
      </trkpt>
      <trkpt lat="43.20981" lon="-2.4786">
        <ele>525.0</ele>
      </trkpt>
      <trkpt lat="43.21062" lon="-2.47925">
        <ele>515.0</ele>
      </trkpt>
      <trkpt lat="43.21107" lon="-2.47899">
        <ele>508.0</ele>
      </trkpt>
      <trkpt lat="43.21111" lon="-2.47818">
        <ele>508.0</ele>
      </trkpt>
      <trkpt lat="43.21135" lon="-2.47721">
        <ele>510.0</ele>
      </trkpt>
      <trkpt lat="43.21202" lon="-2.47702">
        <ele>504.0</ele>
      </trkpt>
      <trkpt lat="43.21231" lon="-2.47676">
        <ele>498.0</ele>
      </trkpt>
      <trkpt lat="43.21269" lon="-2.47566">
        <ele>498.0</ele>
      </trkpt>
      <trkpt lat="43.21296" lon="-2.47549">
        <ele>496.0</ele>
      </trkpt>
      <trkpt lat="43.21327" lon="-2.47603">
        <ele>488.0</ele>
      </trkpt>
      <trkpt lat="43.21411" lon="-2.47678">
        <ele>475.0</ele>
      </trkpt>
      <trkpt lat="43.2149" lon="-2.4769">
        <ele>471.0</ele>
      </trkpt>
      <trkpt lat="43.21547" lon="-2.47794">
        <ele>464.0</ele>
      </trkpt>
      <trkpt lat="43.21579" lon="-2.47828">
        <ele>459.0</ele>
      </trkpt>
      <trkpt lat="43.21602" lon="-2.47941">
        <ele>450.0</ele>
      </trkpt>
      <trkpt lat="43.21637" lon="-2.48023">
        <ele>445.0</ele>
      </trkpt>
      <trkpt lat="43.21715" lon="-2.4814">
        <ele>436.0</ele>
      </trkpt>
      <trkpt lat="43.21825" lon="-2.48237">
        <ele>428.0</ele>
      </trkpt>
      <trkpt lat="43.21893" lon="-2.48259">
        <ele>424.0</ele>
      </trkpt>
      <trkpt lat="43.21939" lon="-2.48324">
        <ele>420.0</ele>
      </trkpt>
      <trkpt lat="43.21991" lon="-2.48358">
        <ele>415.0</ele>
      </trkpt>
      <trkpt lat="43.22042" lon="-2.4842">
        <ele>404.0</ele>
      </trkpt>
      <trkpt lat="43.22173" lon="-2.48512">
        <ele>394.0</ele>
      </trkpt>
      <trkpt lat="43.22252" lon="-2.48616">
        <ele>386.0</ele>
      </trkpt>
      <trkpt lat="43.22313" lon="-2.48684">
        <ele>381.0</ele>
      </trkpt>
      <trkpt lat="43.22357" lon="-2.48706">
        <ele>371.0</ele>
      </trkpt>
      <trkpt lat="43.22362" lon="-2.48724">
        <ele>368.0</ele>
      </trkpt>
      <trkpt lat="43.22345" lon="-2.48737">
        <ele>365.0</ele>
      </trkpt>
      <trkpt lat="43.22162" lon="-2.48652">
        <ele>355.0</ele>
      </trkpt>
      <trkpt lat="43.22129" lon="-2.48622">
        <ele>345.0</ele>
      </trkpt>
      <trkpt lat="43.22066" lon="-2.48615">
        <ele>339.0</ele>
      </trkpt>
      <trkpt lat="43.22008" lon="-2.48586">
        <ele>327.0</ele>
      </trkpt>
      <trkpt lat="43.21934" lon="-2.48585">
        <ele>322.0</ele>
      </trkpt>
      <trkpt lat="43.21857" lon="-2.48534">
        <ele>316.0</ele>
      </trkpt>
      <trkpt lat="43.21807" lon="-2.48568">
        <ele>309.0</ele>
      </trkpt>
      <trkpt lat="43.21725" lon="-2.48543">
        <ele>302.0</ele>
      </trkpt>
      <trkpt lat="43.21668" lon="-2.48553">
        <ele>294.0</ele>
      </trkpt>
      <trkpt lat="43.21593" lon="-2.48508">
        <ele>290.0</ele>
      </trkpt>
      <trkpt lat="43.21548" lon="-2.48502">
        <ele>288.0</ele>
      </trkpt>
      <trkpt lat="43.21508" lon="-2.48459">
        <ele>287.0</ele>
      </trkpt>
      <trkpt lat="43.21487" lon="-2.48455">
        <ele>286.0</ele>
      </trkpt>
      <trkpt lat="43.21481" lon="-2.48483">
        <ele>287.0</ele>
      </trkpt>
      <trkpt lat="43.21525" lon="-2.48587">
        <ele>288.0</ele>
      </trkpt>
      <trkpt lat="43.21682" lon="-2.48704">
        <ele>284.0</ele>
      </trkpt>
      <trkpt lat="43.21745" lon="-2.48731">
        <ele>275.0</ele>
      </trkpt>
      <trkpt lat="43.21825" lon="-2.48811">
        <ele>266.0</ele>
      </trkpt>
      <trkpt lat="43.21924" lon="-2.4883">
        <ele>254.0</ele>
      </trkpt>
      <trkpt lat="43.22039" lon="-2.48952">
        <ele>248.0</ele>
      </trkpt>
      <trkpt lat="43.22091" lon="-2.48959">
        <ele>246.0</ele>
      </trkpt>
      <trkpt lat="43.22238" lon="-2.49094">
        <ele>232.0</ele>
      </trkpt>
      <trkpt lat="43.22331" lon="-2.49124">
        <ele>228.0</ele>
      </trkpt>
      <trkpt lat="43.22356" lon="-2.49147">
        <ele>225.0</ele>
      </trkpt>
      <trkpt lat="43.22374" lon="-2.49192">
        <ele>223.0</ele>
      </trkpt>
      <trkpt lat="43.22392" lon="-2.49199">
        <ele>222.0</ele>
      </trkpt>
      <trkpt lat="43.22431" lon="-2.49197">
        <ele>219.0</ele>
      </trkpt>
      <trkpt lat="43.2248" lon="-2.4915">
        <ele>214.0</ele>
      </trkpt>
      <trkpt lat="43.22538" lon="-2.49132">
        <ele>209.0</ele>
      </trkpt>
      <trkpt lat="43.2258" lon="-2.49097">
        <ele>206.0</ele>
      </trkpt>
      <trkpt lat="43.22643" lon="-2.49096">
        <ele>204.0</ele>
      </trkpt>
      <trkpt lat="43.22783" lon="-2.48992">
        <ele>199.0</ele>
      </trkpt>
      <trkpt lat="43.22894" lon="-2.48955">
        <ele>188.0</ele>
      </trkpt>
      <trkpt lat="43.22946" lon="-2.48992">
        <ele>186.0</ele>
      </trkpt>
      <trkpt lat="43.22998" lon="-2.48999">
        <ele>184.0</ele>
      </trkpt>
      <trkpt lat="43.23029" lon="-2.4906">
        <ele>183.0</ele>
      </trkpt>
      <trkpt lat="43.23085" lon="-2.49066">
        <ele>181.0</ele>
      </trkpt>
      <trkpt lat="43.23139" lon="-2.49129">
        <ele>176.0</ele>
      </trkpt>
      <trkpt lat="43.23256" lon="-2.49128">
        <ele>169.0</ele>
      </trkpt>
      <trkpt lat="43.23328" lon="-2.49108">
        <ele>164.0</ele>
      </trkpt>
      <trkpt lat="43.23411" lon="-2.4916">
        <ele>161.0</ele>
      </trkpt>
      <trkpt lat="43.23534" lon="-2.49124">
        <ele>157.0</ele>
      </trkpt>
      <trkpt lat="43.23558" lon="-2.49147">
        <ele>155.0</ele>
      </trkpt>
      <trkpt lat="43.23575" lon="-2.49219">
        <ele>152.0</ele>
      </trkpt>
      <trkpt lat="43.23591" lon="-2.49239">
        <ele>150.0</ele>
      </trkpt>
      <trkpt lat="43.23697" lon="-2.49228">
        <ele>140.0</ele>
      </trkpt>
      <trkpt lat="43.23726" lon="-2.49258">
        <ele>137.0</ele>
      </trkpt>
      <trkpt lat="43.2384" lon="-2.49278">
        <ele>140.0</ele>
      </trkpt>
      <trkpt lat="43.23839" lon="-2.49167">
        <ele>143.0</ele>
      </trkpt>
      <trkpt lat="43.23903" lon="-2.49081">
        <ele>144.0</ele>
      </trkpt>
      <trkpt lat="43.23979" lon="-2.49083">
        <ele>143.0</ele>
      </trkpt>
      <trkpt lat="43.24021" lon="-2.49056">
        <ele>140.0</ele>
      </trkpt>
      <trkpt lat="43.24278" lon="-2.48781">
        <ele>118.0</ele>
      </trkpt>
      <trkpt lat="43.24392" lon="-2.48745">
        <ele>118.0</ele>
      </trkpt>
      <trkpt lat="43.24453" lon="-2.48687">
        <ele>118.0</ele>
      </trkpt>
      <trkpt lat="43.24536" lon="-2.48693">
        <ele>118.0</ele>
      </trkpt>
      <trkpt lat="43.24564" lon="-2.48674">
        <ele>117.0</ele>
      </trkpt>
      <trkpt lat="43.24659" lon="-2.48437">
        <ele>112.0</ele>
      </trkpt>
      <trkpt lat="43.24754" lon="-2.48316">
        <ele>109.0</ele>
      </trkpt>
      <trkpt lat="43.25176" lon="-2.47984">
        <ele>106.0</ele>
      </trkpt>
      <trkpt lat="43.25458" lon="-2.47839">
        <ele>100.0</ele>
      </trkpt>
      <trkpt lat="43.25373" lon="-2.4761">
        <ele>106.0</ele>
      </trkpt>
      <trkpt lat="43.25213" lon="-2.47542">
        <ele>111.0</ele>
      </trkpt>
      <trkpt lat="43.25142" lon="-2.47448">
        <ele>115.0</ele>
      </trkpt>
      <trkpt lat="43.25103" lon="-2.47323">
        <ele>119.0</ele>
      </trkpt>
      <trkpt lat="43.25078" lon="-2.47285">
        <ele>121.0</ele>
      </trkpt>
      <trkpt lat="43.24967" lon="-2.47218">
        <ele>127.0</ele>
      </trkpt>
      <trkpt lat="43.2476" lon="-2.46988">
        <ele>153.0</ele>
      </trkpt>
      <trkpt lat="43.24595" lon="-2.46983">
        <ele>157.0</ele>
      </trkpt>
      <trkpt lat="43.24594" lon="-2.46961">
        <ele>158.0</ele>
      </trkpt>
      <trkpt lat="43.24634" lon="-2.46932">
        <ele>157.0</ele>
      </trkpt>
      <trkpt lat="43.24638" lon="-2.46906">
        <ele>157.0</ele>
      </trkpt>
      <trkpt lat="43.24533" lon="-2.46681">
        <ele>158.0</ele>
      </trkpt>
      <trkpt lat="43.24515" lon="-2.46673">
        <ele>161.0</ele>
      </trkpt>
      <trkpt lat="43.2445" lon="-2.46692">
        <ele>164.0</ele>
      </trkpt>
      <trkpt lat="43.24399" lon="-2.46723">
        <ele>172.0</ele>
      </trkpt>
      <trkpt lat="43.24386" lon="-2.46705">
        <ele>174.0</ele>
      </trkpt>
      <trkpt lat="43.24388" lon="-2.46655">
        <ele>176.0</ele>
      </trkpt>
      <trkpt lat="43.2434" lon="-2.46642">
        <ele>179.0</ele>
      </trkpt>
      <trkpt lat="43.24323" lon="-2.46566">
        <ele>184.0</ele>
      </trkpt>
      <trkpt lat="43.24334" lon="-2.4649">
        <ele>187.0</ele>
      </trkpt>
      <trkpt lat="43.24419" lon="-2.46517">
        <ele>191.0</ele>
      </trkpt>
      <trkpt lat="43.24472" lon="-2.465">
        <ele>193.0</ele>
      </trkpt>
      <trkpt lat="43.24487" lon="-2.46477">
        <ele>196.0</ele>
      </trkpt>
      <trkpt lat="43.24477" lon="-2.46452">
        <ele>198.0</ele>
      </trkpt>
      <trkpt lat="43.244" lon="-2.4638">
        <ele>208.0</ele>
      </trkpt>
      <trkpt lat="43.24457" lon="-2.46339">
        <ele>214.0</ele>
      </trkpt>
      <trkpt lat="43.24462" lon="-2.46256">
        <ele>216.0</ele>
      </trkpt>
      <trkpt lat="43.24446" lon="-2.46232">
        <ele>216.0</ele>
      </trkpt>
      <trkpt lat="43.2439" lon="-2.46211">
        <ele>216.0</ele>
      </trkpt>
      <trkpt lat="43.24379" lon="-2.46149">
        <ele>216.0</ele>
      </trkpt>
      <trkpt lat="43.2432" lon="-2.4611">
        <ele>220.0</ele>
      </trkpt>
      <trkpt lat="43.24265" lon="-2.4604">
        <ele>224.0</ele>
      </trkpt>
      <trkpt lat="43.24233" lon="-2.45977">
        <ele>228.0</ele>
      </trkpt>
      <trkpt lat="43.24222" lon="-2.45905">
        <ele>232.0</ele>
      </trkpt>
      <trkpt lat="43.24251" lon="-2.45844">
        <ele>235.0</ele>
      </trkpt>
      <trkpt lat="43.2428" lon="-2.45874">
        <ele>236.0</ele>
      </trkpt>
      <trkpt lat="43.24363" lon="-2.45908">
        <ele>240.0</ele>
      </trkpt>
      <trkpt lat="43.24552" lon="-2.45875">
        <ele>246.0</ele>
      </trkpt>
      <trkpt lat="43.24581" lon="-2.45833">
        <ele>248.0</ele>
      </trkpt>
      <trkpt lat="43.24587" lon="-2.45763">
        <ele>250.0</ele>
      </trkpt>
      <trkpt lat="43.2455" lon="-2.45691">
        <ele>253.0</ele>
      </trkpt>
      <trkpt lat="43.24457" lon="-2.45699">
        <ele>259.0</ele>
      </trkpt>
      <trkpt lat="43.24377" lon="-2.45676">
        <ele>266.0</ele>
      </trkpt>
      <trkpt lat="43.24381" lon="-2.45606">
        <ele>270.0</ele>
      </trkpt>
      <trkpt lat="43.24327" lon="-2.45557">
        <ele>272.0</ele>
      </trkpt>
      <trkpt lat="43.24302" lon="-2.4551">
        <ele>275.0</ele>
      </trkpt>
      <trkpt lat="43.24363" lon="-2.45424">
        <ele>278.0</ele>
      </trkpt>
      <trkpt lat="43.24363" lon="-2.4539">
        <ele>279.0</ele>
      </trkpt>
      <trkpt lat="43.24304" lon="-2.45352">
        <ele>281.0</ele>
      </trkpt>
      <trkpt lat="43.24247" lon="-2.45357">
        <ele>284.0</ele>
      </trkpt>
      <trkpt lat="43.2414" lon="-2.45336">
        <ele>291.0</ele>
      </trkpt>
      <trkpt lat="43.24139" lon="-2.45281">
        <ele>294.0</ele>
      </trkpt>
      <trkpt lat="43.24114" lon="-2.4524">
        <ele>298.0</ele>
      </trkpt>
      <trkpt lat="43.24117" lon="-2.45189">
        <ele>302.0</ele>
      </trkpt>
      <trkpt lat="43.24076" lon="-2.45135">
        <ele>306.0</ele>
      </trkpt>
      <trkpt lat="43.24049" lon="-2.45031">
        <ele>312.0</ele>
      </trkpt>
      <trkpt lat="43.23994" lon="-2.44979">
        <ele>317.0</ele>
      </trkpt>
      <trkpt lat="43.23988" lon="-2.44917">
        <ele>320.0</ele>
      </trkpt>
      <trkpt lat="43.23897" lon="-2.44807">
        <ele>326.0</ele>
      </trkpt>
      <trkpt lat="43.239" lon="-2.44786">
        <ele>327.0</ele>
      </trkpt>
      <trkpt lat="43.23952" lon="-2.44719">
        <ele>330.0</ele>
      </trkpt>
      <trkpt lat="43.2395" lon="-2.44648">
        <ele>331.0</ele>
      </trkpt>
      <trkpt lat="43.23984" lon="-2.44639">
        <ele>331.0</ele>
      </trkpt>
      <trkpt lat="43.24046" lon="-2.44669">
        <ele>331.0</ele>
      </trkpt>
      <trkpt lat="43.24064" lon="-2.4466">
        <ele>332.0</ele>
      </trkpt>
      <trkpt lat="43.24093" lon="-2.44581">
        <ele>333.0</ele>
      </trkpt>
      <trkpt lat="43.24089" lon="-2.44515">
        <ele>334.0</ele>
      </trkpt>
      <trkpt lat="43.2414" lon="-2.44407">
        <ele>337.0</ele>
      </trkpt>
      <trkpt lat="43.2414" lon="-2.44372">
        <ele>338.0</ele>
      </trkpt>
      <trkpt lat="43.24093" lon="-2.44284">
        <ele>339.0</ele>
      </trkpt>
      <trkpt lat="43.24074" lon="-2.44271">
        <ele>340.0</ele>
      </trkpt>
      <trkpt lat="43.24031" lon="-2.44316">
        <ele>341.0</ele>
      </trkpt>
      <trkpt lat="43.23989" lon="-2.44317">
        <ele>342.0</ele>
      </trkpt>
      <trkpt lat="43.23939" lon="-2.44361">
        <ele>342.0</ele>
      </trkpt>
      <trkpt lat="43.2392" lon="-2.44358">
        <ele>342.0</ele>
      </trkpt>
      <trkpt lat="43.23915" lon="-2.44291">
        <ele>342.0</ele>
      </trkpt>
      <trkpt lat="43.23899" lon="-2.44259">
        <ele>343.0</ele>
      </trkpt>
      <trkpt lat="43.23903" lon="-2.44212">
        <ele>344.0</ele>
      </trkpt>
      <trkpt lat="43.23879" lon="-2.44187">
        <ele>345.0</ele>
      </trkpt>
      <trkpt lat="43.23796" lon="-2.44213">
        <ele>347.0</ele>
      </trkpt>
      <trkpt lat="43.23735" lon="-2.44265">
        <ele>348.0</ele>
      </trkpt>
      <trkpt lat="43.23696" lon="-2.44252">
        <ele>348.0</ele>
      </trkpt>
      <trkpt lat="43.2366" lon="-2.44205">
        <ele>348.0</ele>
      </trkpt>
      <trkpt lat="43.23601" lon="-2.44209">
        <ele>348.0</ele>
      </trkpt>
      <trkpt lat="43.23501" lon="-2.4408">
        <ele>347.0</ele>
      </trkpt>
      <trkpt lat="43.23486" lon="-2.4401">
        <ele>346.0</ele>
      </trkpt>
      <trkpt lat="43.23461" lon="-2.43961">
        <ele>345.0</ele>
      </trkpt>
      <trkpt lat="43.23371" lon="-2.4385">
        <ele>342.0</ele>
      </trkpt>
      <trkpt lat="43.23353" lon="-2.43841">
        <ele>342.0</ele>
      </trkpt>
      <trkpt lat="43.23306" lon="-2.43883">
        <ele>342.0</ele>
      </trkpt>
      <trkpt lat="43.23288" lon="-2.43877">
        <ele>343.0</ele>
      </trkpt>
      <trkpt lat="43.2329" lon="-2.43569">
        <ele>342.0</ele>
      </trkpt>
      <trkpt lat="43.2328" lon="-2.43502">
        <ele>340.0</ele>
      </trkpt>
      <trkpt lat="43.23254" lon="-2.43463">
        <ele>339.0</ele>
      </trkpt>
      <trkpt lat="43.23226" lon="-2.43454">
        <ele>338.0</ele>
      </trkpt>
      <trkpt lat="43.23132" lon="-2.43496">
        <ele>334.0</ele>
      </trkpt>
      <trkpt lat="43.23062" lon="-2.4348">
        <ele>327.0</ele>
      </trkpt>
      <trkpt lat="43.22991" lon="-2.43436">
        <ele>317.0</ele>
      </trkpt>
      <trkpt lat="43.2292" lon="-2.43466">
        <ele>310.0</ele>
      </trkpt>
      <trkpt lat="43.22894" lon="-2.43452">
        <ele>307.0</ele>
      </trkpt>
      <trkpt lat="43.22867" lon="-2.43382">
        <ele>303.0</ele>
      </trkpt>
      <trkpt lat="43.22812" lon="-2.43315">
        <ele>297.0</ele>
      </trkpt>
      <trkpt lat="43.22788" lon="-2.43219">
        <ele>292.0</ele>
      </trkpt>
      <trkpt lat="43.22823" lon="-2.43149">
        <ele>286.0</ele>
      </trkpt>
      <trkpt lat="43.22804" lon="-2.43038">
        <ele>281.0</ele>
      </trkpt>
      <trkpt lat="43.22836" lon="-2.42958">
        <ele>277.0</ele>
      </trkpt>
      <trkpt lat="43.22877" lon="-2.42902">
        <ele>272.0</ele>
      </trkpt>
      <trkpt lat="43.22877" lon="-2.42876">
        <ele>270.0</ele>
      </trkpt>
      <trkpt lat="43.22807" lon="-2.42887">
        <ele>267.0</ele>
      </trkpt>
      <trkpt lat="43.22733" lon="-2.42937">
        <ele>261.0</ele>
      </trkpt>
      <trkpt lat="43.22713" lon="-2.42935">
        <ele>259.0</ele>
      </trkpt>
      <trkpt lat="43.227" lon="-2.42893">
        <ele>258.0</ele>
      </trkpt>
      <trkpt lat="43.22694" lon="-2.42754">
        <ele>254.0</ele>
      </trkpt>
      <trkpt lat="43.22637" lon="-2.42665">
        <ele>250.0</ele>
      </trkpt>
      <trkpt lat="43.22633" lon="-2.42559">
        <ele>248.0</ele>
      </trkpt>
      <trkpt lat="43.22574" lon="-2.4245">
        <ele>242.0</ele>
      </trkpt>
      <trkpt lat="43.22579" lon="-2.42363">
        <ele>236.0</ele>
      </trkpt>
      <trkpt lat="43.22569" lon="-2.4233">
        <ele>233.0</ele>
      </trkpt>
      <trkpt lat="43.22506" lon="-2.42248">
        <ele>230.0</ele>
      </trkpt>
      <trkpt lat="43.22448" lon="-2.42199">
        <ele>232.0</ele>
      </trkpt>
      <trkpt lat="43.22432" lon="-2.42131">
        <ele>234.0</ele>
      </trkpt>
      <trkpt lat="43.22397" lon="-2.42079">
        <ele>232.0</ele>
      </trkpt>
      <trkpt lat="43.2232" lon="-2.42072">
        <ele>224.0</ele>
      </trkpt>
      <trkpt lat="43.22275" lon="-2.41967">
        <ele>216.0</ele>
      </trkpt>
      <trkpt lat="43.22199" lon="-2.41934">
        <ele>212.0</ele>
      </trkpt>
      <trkpt lat="43.22165" lon="-2.41796">
        <ele>208.0</ele>
      </trkpt>
      <trkpt lat="43.22123" lon="-2.41783">
        <ele>204.0</ele>
      </trkpt>
      <trkpt lat="43.22064" lon="-2.41713">
        <ele>196.0</ele>
      </trkpt>
      <trkpt lat="43.22049" lon="-2.4165">
        <ele>190.0</ele>
      </trkpt>
      <trkpt lat="43.22098" lon="-2.41563">
        <ele>183.0</ele>
      </trkpt>
      <trkpt lat="43.22096" lon="-2.41525">
        <ele>180.0</ele>
      </trkpt>
      <trkpt lat="43.2213" lon="-2.41397">
        <ele>172.0</ele>
      </trkpt>
      <trkpt lat="43.22115" lon="-2.41406">
        <ele>171.0</ele>
      </trkpt>
      <trkpt lat="43.22041" lon="-2.41559">
        <ele>164.0</ele>
      </trkpt>
      <trkpt lat="43.21989" lon="-2.4155">
        <ele>159.0</ele>
      </trkpt>
      <trkpt lat="43.21894" lon="-2.41588">
        <ele>149.0</ele>
      </trkpt>
      <trkpt lat="43.21727" lon="-2.41611">
        <ele>129.0</ele>
      </trkpt>
      <trkpt lat="43.21714" lon="-2.41627">
        <ele>127.0</ele>
      </trkpt>
      <trkpt lat="43.21721" lon="-2.41675">
        <ele>121.0</ele>
      </trkpt>
      <trkpt lat="43.21811" lon="-2.41682">
        <ele>116.0</ele>
      </trkpt>
      <trkpt lat="43.21792" lon="-2.41819">
        <ele>110.0</ele>
      </trkpt>
      <trkpt lat="43.21815" lon="-2.41928">
        <ele>107.0</ele>
      </trkpt>
      <trkpt lat="43.21841" lon="-2.41947">
        <ele>105.0</ele>
      </trkpt>
      <trkpt lat="43.21905" lon="-2.41936">
        <ele>101.0</ele>
      </trkpt>
      <trkpt lat="43.21927" lon="-2.4197">
        <ele>97.0</ele>
      </trkpt>
      <trkpt lat="43.21922" lon="-2.41995">
        <ele>95.0</ele>
      </trkpt>
      <trkpt lat="43.21834" lon="-2.42073">
        <ele>82.0</ele>
      </trkpt>
      <trkpt lat="43.21838" lon="-2.42104">
        <ele>79.0</ele>
      </trkpt>
      <trkpt lat="43.21884" lon="-2.42194">
        <ele>77.0</ele>
      </trkpt>
      <trkpt lat="43.21871" lon="-2.42235">
        <ele>76.0</ele>
      </trkpt>
      <trkpt lat="43.21851" lon="-2.42234">
        <ele>76.0</ele>
      </trkpt>
      <trkpt lat="43.21786" lon="-2.42183">
        <ele>74.0</ele>
      </trkpt>
      <trkpt lat="43.2174" lon="-2.42077">
        <ele>70.0</ele>
      </trkpt>
      <trkpt lat="43.21623" lon="-2.41952">
        <ele>62.0</ele>
      </trkpt>
      <trkpt lat="43.21508" lon="-2.41781">
        <ele>53.0</ele>
      </trkpt>
      <trkpt lat="43.2123" lon="-2.419">
        <ele>51.0</ele>
      </trkpt>
      <trkpt lat="43.21049" lon="-2.42003">
        <ele>53.0</ele>
      </trkpt>
      <trkpt lat="43.20869" lon="-2.42233">
        <ele>66.0</ele>
      </trkpt>
      <trkpt lat="43.20761" lon="-2.42321">
        <ele>70.0</ele>
      </trkpt>
      <trkpt lat="43.20506" lon="-2.4249">
        <ele>72.0</ele>
      </trkpt>
      <trkpt lat="43.20458" lon="-2.42577">
        <ele>73.0</ele>
      </trkpt>
      <trkpt lat="43.20441" lon="-2.42748">
        <ele>77.0</ele>
      </trkpt>
      <trkpt lat="43.20422" lon="-2.42806">
        <ele>76.0</ele>
      </trkpt>
      <trkpt lat="43.2039" lon="-2.42848">
        <ele>75.0</ele>
      </trkpt>
      <trkpt lat="43.20218" lon="-2.42955">
        <ele>72.0</ele>
      </trkpt>
      <trkpt lat="43.20174" lon="-2.43001">
        <ele>71.0</ele>
      </trkpt>
      <trkpt lat="43.20125" lon="-2.4315">
        <ele>73.0</ele>
      </trkpt>
      <trkpt lat="43.1996" lon="-2.43413">
        <ele>83.0</ele>
      </trkpt>
      <trkpt lat="43.19902" lon="-2.43442">
        <ele>83.0</ele>
      </trkpt>
      <trkpt lat="43.19753" lon="-2.43393">
        <ele>82.0</ele>
      </trkpt>
      <trkpt lat="43.19687" lon="-2.43409">
        <ele>83.0</ele>
      </trkpt>
      <trkpt lat="43.19647" lon="-2.43454">
        <ele>85.0</ele>
      </trkpt>
      <trkpt lat="43.19553" lon="-2.43626">
        <ele>86.0</ele>
      </trkpt>
      <trkpt lat="43.19504" lon="-2.43679">
        <ele>87.0</ele>
      </trkpt>
      <trkpt lat="43.19278" lon="-2.43817">
        <ele>92.0</ele>
      </trkpt>
      <trkpt lat="43.19239" lon="-2.43898">
        <ele>94.0</ele>
      </trkpt>
      <trkpt lat="43.19206" lon="-2.44024">
        <ele>97.0</ele>
      </trkpt>
      <trkpt lat="43.19214" lon="-2.44266">
        <ele>102.0</ele>
      </trkpt>
      <trkpt lat="43.19202" lon="-2.44355">
        <ele>102.0</ele>
      </trkpt>
      <trkpt lat="43.19109" lon="-2.44587">
        <ele>98.0</ele>
      </trkpt>
      <trkpt lat="43.19137" lon="-2.44899">
        <ele>103.0</ele>
      </trkpt>
      <trkpt lat="43.19131" lon="-2.44943">
        <ele>105.0</ele>
      </trkpt>
      <trkpt lat="43.19094" lon="-2.45011">
        <ele>107.0</ele>
      </trkpt>
      <trkpt lat="43.19075" lon="-2.45077">
        <ele>107.0</ele>
      </trkpt>
      <trkpt lat="43.19028" lon="-2.45111">
        <ele>107.0</ele>
      </trkpt>
      <trkpt lat="43.19008" lon="-2.45189">
        <ele>106.0</ele>
      </trkpt>
      <trkpt lat="43.18988" lon="-2.45199">
        <ele>105.0</ele>
      </trkpt>
      <trkpt lat="43.18979" lon="-2.45235">
        <ele>105.0</ele>
      </trkpt>
      <trkpt lat="43.18986" lon="-2.45476">
        <ele>103.0</ele>
      </trkpt>
      <trkpt lat="43.18972" lon="-2.45624">
        <ele>107.0</ele>
      </trkpt>
      <trkpt lat="43.18875" lon="-2.45952">
        <ele>108.0</ele>
      </trkpt>
      <trkpt lat="43.18585" lon="-2.46402">
        <ele>114.0</ele>
      </trkpt>
      <trkpt lat="43.18504" lon="-2.46702">
        <ele>120.0</ele>
      </trkpt>
      <trkpt lat="43.18516" lon="-2.47006">
        <ele>130.0</ele>
      </trkpt>
      <trkpt lat="43.1851" lon="-2.47094">
        <ele>133.0</ele>
      </trkpt>
      <trkpt lat="43.18498" lon="-2.47135">
        <ele>131.0</ele>
      </trkpt>
      <trkpt lat="43.18427" lon="-2.4724">
        <ele>128.0</ele>
      </trkpt>
      <trkpt lat="43.18402" lon="-2.47321">
        <ele>127.0</ele>
      </trkpt>
    </trkseg>
  </trk>
</gpx>