<?xml version="1.0" encoding="UTF-8"?>
<gpx xmlns="http://www.topografix.com/GPX/1/0" xmlns:xsi="http://www.w3.org/2001/XMLSchema-instance" xsi:schemaLocation="http://www.topografix.com/GPX/1/0 http://www.topografix.com/GPX/1/0/gpx.xsd" version="1.0" creator="GPSBabel - https://www.gpsbabel.org">
  <time>2026-04-15T14:13:01.650000Z</time>
  <bounds minlat="45.89628" maxlat="46.68103" minlon="10.80729" maxlon="11.15135" />
  <trk>
    <trkseg>
      <trkpt lat="46.62946" lon="10.91305">
        <ele>567.0</ele>
      </trkpt>
      <trkpt lat="46.62931" lon="10.91289">
        <ele>566.0</ele>
      </trkpt>
      <trkpt lat="46.63007" lon="10.91535">
        <ele>566.0</ele>
      </trkpt>
      <trkpt lat="46.63413" lon="10.92346">
        <ele>563.0</ele>
      </trkpt>
      <trkpt lat="46.63525" lon="10.92669">
        <ele>560.0</ele>
      </trkpt>
      <trkpt lat="46.63542" lon="10.92792">
        <ele>559.0</ele>
      </trkpt>
      <trkpt lat="46.63553" lon="10.93126">
        <ele>558.0</ele>
      </trkpt>
      <trkpt lat="46.63528" lon="10.93366">
        <ele>557.0</ele>
      </trkpt>
      <trkpt lat="46.63532" lon="10.93495">
        <ele>557.0</ele>
      </trkpt>
      <trkpt lat="46.63563" lon="10.93876">
        <ele>559.0</ele>
      </trkpt>
      <trkpt lat="46.63593" lon="10.94012">
        <ele>559.0</ele>
      </trkpt>
      <trkpt lat="46.63674" lon="10.94191">
        <ele>559.0</ele>
      </trkpt>
      <trkpt lat="46.63865" lon="10.94533">
        <ele>556.0</ele>
      </trkpt>
      <trkpt lat="46.63983" lon="10.94695">
        <ele>555.0</ele>
      </trkpt>
      <trkpt lat="46.64065" lon="10.94774">
        <ele>554.0</ele>
      </trkpt>
      <trkpt lat="46.64248" lon="10.9503">
        <ele>554.0</ele>
      </trkpt>
      <trkpt lat="46.64275" lon="10.9511">
        <ele>554.0</ele>
      </trkpt>
      <trkpt lat="46.64348" lon="10.95499">
        <ele>553.0</ele>
      </trkpt>
      <trkpt lat="46.64431" lon="10.95662">
        <ele>554.83</ele>
      </trkpt>
      <trkpt lat="46.64491" lon="10.95742">
        <ele>556.53</ele>
      </trkpt>
      <trkpt lat="46.64605" lon="10.9594">
        <ele>560.25</ele>
      </trkpt>
      <trkpt lat="46.64675" lon="10.96111">
        <ele>563.12</ele>
      </trkpt>
      <trkpt lat="46.64718" lon="10.96271">
        <ele>565.59</ele>
      </trkpt>
      <trkpt lat="46.64742" lon="10.96546">
        <ele>569.59</ele>
      </trkpt>
      <trkpt lat="46.64705" lon="10.96919">
        <ele>575.01</ele>
      </trkpt>
      <trkpt lat="46.64712" lon="10.9725">
        <ele>570.0</ele>
      </trkpt>
      <trkpt lat="46.64766" lon="10.97649">
        <ele>552.0</ele>
      </trkpt>
      <trkpt lat="46.64773" lon="10.97853">
        <ele>548.0</ele>
      </trkpt>
      <trkpt lat="46.64796" lon="10.98062">
        <ele>547.0</ele>
      </trkpt>
      <trkpt lat="46.64848" lon="10.98354">
        <ele>547.0</ele>
      </trkpt>
      <trkpt lat="46.6485" lon="10.98457">
        <ele>547.0</ele>
      </trkpt>
      <trkpt lat="46.64832" lon="10.98571">
        <ele>547.0</ele>
      </trkpt>
      <trkpt lat="46.64866" lon="10.98611">
        <ele>547.0</ele>
      </trkpt>
      <trkpt lat="46.64917" lon="10.98792">
        <ele>546.0</ele>
      </trkpt>
      <trkpt lat="46.65048" lon="10.99367">
        <ele>537.0</ele>
      </trkpt>
      <trkpt lat="46.65067" lon="10.99527">
        <ele>535.0</ele>
      </trkpt>
      <trkpt lat="46.65065" lon="10.99649">
        <ele>533.0</ele>
      </trkpt>
      <trkpt lat="46.64952" lon="10.99974">
        <ele>533.0</ele>
      </trkpt>
      <trkpt lat="46.64949" lon="11.00194">
        <ele>532.0</ele>
      </trkpt>
      <trkpt lat="46.65017" lon="11.00489">
        <ele>529.0</ele>
      </trkpt>
      <trkpt lat="46.65029" lon="11.00858">
        <ele>525.0</ele>
      </trkpt>
      <trkpt lat="46.65063" lon="11.01095">
        <ele>526.0</ele>
      </trkpt>
      <trkpt lat="46.65172" lon="11.01478">
        <ele>521.0</ele>
      </trkpt>
      <trkpt lat="46.65218" lon="11.01578">
        <ele>522.0</ele>
      </trkpt>
      <trkpt lat="46.65275" lon="11.01658">
        <ele>525.0</ele>
      </trkpt>
      <trkpt lat="46.65304" lon="11.01759">
        <ele>529.0</ele>
      </trkpt>
      <trkpt lat="46.65321" lon="11.01771">
        <ele>530.0</ele>
      </trkpt>
      <trkpt lat="46.65404" lon="11.02307">
        <ele>534.0</ele>
      </trkpt>
      <trkpt lat="46.65515" lon="11.02556">
        <ele>532.0</ele>
      </trkpt>
      <trkpt lat="46.65698" lon="11.02892">
        <ele>521.0</ele>
      </trkpt>
      <trkpt lat="46.66256" lon="11.0415">
        <ele>514.0</ele>
      </trkpt>
      <trkpt lat="46.66376" lon="11.04525">
        <ele>515.0</ele>
      </trkpt>
      <trkpt lat="46.66567" lon="11.0502">
        <ele>515.0</ele>
      </trkpt>
      <trkpt lat="46.66697" lon="11.05282">
        <ele>514.0</ele>
      </trkpt>
      <trkpt lat="46.66713" lon="11.05389">
        <ele>514.0</ele>
      </trkpt>
      <trkpt lat="46.66699" lon="11.0554">
        <ele>514.0</ele>
      </trkpt>
      <trkpt lat="46.66743" lon="11.05694">
        <ele>515.0</ele>
      </trkpt>
      <trkpt lat="46.66999" lon="11.06127">
        <ele>526.0</ele>
      </trkpt>
      <trkpt lat="46.67048" lon="11.06343">
        <ele>528.0</ele>
      </trkpt>
      <trkpt lat="46.67054" lon="11.0664">
        <ele>530.0</ele>
      </trkpt>
      <trkpt lat="46.6707" lon="11.06741">
        <ele>530.0</ele>
      </trkpt>
      <trkpt lat="46.67127" lon="11.06996">
        <ele>531.0</ele>
      </trkpt>
      <trkpt lat="46.67183" lon="11.07118">
        <ele>531.0</ele>
      </trkpt>
      <trkpt lat="46.67377" lon="11.07672">
        <ele>524.0</ele>
      </trkpt>
      <trkpt lat="46.67401" lon="11.07822">
        <ele>520.0</ele>
      </trkpt>
      <trkpt lat="46.67387" lon="11.07969">
        <ele>516.0</ele>
      </trkpt>
      <trkpt lat="46.6743" lon="11.0814">
        <ele>513.0</ele>
      </trkpt>
      <trkpt lat="46.67506" lon="11.08239">
        <ele>511.0</ele>
      </trkpt>
      <trkpt lat="46.67644" lon="11.08359">
        <ele>510.0</ele>
      </trkpt>
      <trkpt lat="46.67717" lon="11.0845">
        <ele>508.0</ele>
      </trkpt>
      <trkpt lat="46.67719" lon="11.08476">
        <ele>507.0</ele>
      </trkpt>
      <trkpt lat="46.67741" lon="11.08484">
        <ele>506.0</ele>
      </trkpt>
      <trkpt lat="46.6788" lon="11.0876">
        <ele>509.0</ele>
      </trkpt>
      <trkpt lat="46.67909" lon="11.08887">
        <ele>509.0</ele>
      </trkpt>
      <trkpt lat="46.6796" lon="11.08996">
        <ele>509.0</ele>
      </trkpt>
      <trkpt lat="46.68013" lon="11.09182">
        <ele>503.0</ele>
      </trkpt>
      <trkpt lat="46.68102" lon="11.0937">
        <ele>493.0</ele>
      </trkpt>
      <trkpt lat="46.68098" lon="11.09512">
        <ele>490.0</ele>
      </trkpt>
      <trkpt lat="46.68078" lon="11.09562">
        <ele>489.64</ele>
      </trkpt>
      <trkpt lat="46.6792" lon="11.09686">
        <ele>478.98</ele>
      </trkpt>
      <trkpt lat="46.67837" lon="11.09807">
        <ele>472.02</ele>
      </trkpt>
      <trkpt lat="46.67722" lon="11.10035">
        <ele>460.51</ele>
      </trkpt>
      <trkpt lat="46.67585" lon="11.10628">
        <ele>435.05</ele>
      </trkpt>
      <trkpt lat="46.67568" lon="11.10832">
        <ele>426.69</ele>
      </trkpt>
      <trkpt lat="46.67577" lon="11.10974">
        <ele>418.0</ele>
      </trkpt>
      <trkpt lat="46.6754" lon="11.11245">
        <ele>409.0</ele>
      </trkpt>
      <trkpt lat="46.67544" lon="11.11458">
        <ele>397.0</ele>
      </trkpt>
      <trkpt lat="46.67578" lon="11.11561">
        <ele>390.0</ele>
      </trkpt>
      <trkpt lat="46.6765" lon="11.11654">
        <ele>383.0</ele>
      </trkpt>
      <trkpt lat="46.67793" lon="11.11907">
        <ele>361.0</ele>
      </trkpt>
      <trkpt lat="46.67731" lon="11.11974">
        <ele>364.0</ele>
      </trkpt>
      <trkpt lat="46.67655" lon="11.12119">
        <ele>373.0</ele>
      </trkpt>
      <trkpt lat="46.67587" lon="11.12169">
        <ele>372.0</ele>
      </trkpt>
      <trkpt lat="46.67559" lon="11.12208">
        <ele>371.0</ele>
      </trkpt>
      <trkpt lat="46.67541" lon="11.12451">
        <ele>368.0</ele>
      </trkpt>
      <trkpt lat="46.67583" lon="11.12562">
        <ele>367.0</ele>
      </trkpt>
      <trkpt lat="46.67562" lon="11.12701">
        <ele>362.0</ele>
      </trkpt>
      <trkpt lat="46.67527" lon="11.12762">
        <ele>359.0</ele>
      </trkpt>
      <trkpt lat="46.67436" lon="11.12837">
        <ele>355.0</ele>
      </trkpt>
      <trkpt lat="46.67318" lon="11.1308">
        <ele>350.0</ele>
      </trkpt>
      <trkpt lat="46.67279" lon="11.13129">
        <ele>351.0</ele>
      </trkpt>
      <trkpt lat="46.67256" lon="11.13193">
        <ele>352.0</ele>
      </trkpt>
      <trkpt lat="46.67196" lon="11.13257">
        <ele>352.0</ele>
      </trkpt>
      <trkpt lat="46.67089" lon="11.13316">
        <ele>349.0</ele>
      </trkpt>
      <trkpt lat="46.66943" lon="11.13335">
        <ele>352.0</ele>
      </trkpt>
      <trkpt lat="46.66858" lon="11.1338">
        <ele>355.0</ele>
      </trkpt>
      <trkpt lat="46.66554" lon="11.13736">
        <ele>367.0</ele>
      </trkpt>
      <trkpt lat="46.66282" lon="11.13948">
        <ele>369.0</ele>
      </trkpt>
      <trkpt lat="46.66218" lon="11.14016">
        <ele>365.0</ele>
      </trkpt>
      <trkpt lat="46.66131" lon="11.14056">
        <ele>367.0</ele>
      </trkpt>
      <trkpt lat="46.66041" lon="11.14071">
        <ele>369.0</ele>
      </trkpt>
      <trkpt lat="46.65895" lon="11.14035">
        <ele>369.0</ele>
      </trkpt>
      <trkpt lat="46.65745" lon="11.14039">
        <ele>371.0</ele>
      </trkpt>
      <trkpt lat="46.65667" lon="11.14077">
        <ele>372.0</ele>
      </trkpt>
      <trkpt lat="46.6543" lon="11.14074">
        <ele>363.0</ele>
      </trkpt>
      <trkpt lat="46.65297" lon="11.14197">
        <ele>350.0</ele>
      </trkpt>
      <trkpt lat="46.65213" lon="11.14195">
        <ele>341.0</ele>
      </trkpt>
      <trkpt lat="46.65122" lon="11.14252">
        <ele>333.0</ele>
      </trkpt>
      <trkpt lat="46.65112" lon="11.14274">
        <ele>330.0</ele>
      </trkpt>
      <trkpt lat="46.64878" lon="11.14386">
        <ele>312.0</ele>
      </trkpt>
      <trkpt lat="46.64711" lon="11.14544">
        <ele>298.0</ele>
      </trkpt>
      <trkpt lat="46.64572" lon="11.14555">
        <ele>291.0</ele>
      </trkpt>
      <trkpt lat="46.64367" lon="11.14837">
        <ele>284.0</ele>
      </trkpt>
      <trkpt lat="46.64147" lon="11.14999">
        <ele>284.0</ele>
      </trkpt>
      <trkpt lat="46.64065" lon="11.15082">
        <ele>282.0</ele>
      </trkpt>
      <trkpt lat="46.63983" lon="11.15121">
        <ele>280.0</ele>
      </trkpt>
      <trkpt lat="46.6388" lon="11.15135">
        <ele>279.0</ele>
      </trkpt>
      <trkpt lat="46.63835" lon="11.15114">
        <ele>279.0</ele>
      </trkpt>
      <trkpt lat="46.63688" lon="11.14991">
        <ele>281.0</ele>
      </trkpt>
      <trkpt lat="46.63547" lon="11.14765">
        <ele>286.0</ele>
      </trkpt>
      <trkpt lat="46.63467" lon="11.14535">
        <ele>288.0</ele>
      </trkpt>
      <trkpt lat="46.6344" lon="11.14499">
        <ele>289.0</ele>
      </trkpt>
      <trkpt lat="46.6337" lon="11.14476">
        <ele>290.0</ele>
      </trkpt>
      <trkpt lat="46.6329" lon="11.1453">
        <ele>291.0</ele>
      </trkpt>
      <trkpt lat="46.63107" lon="11.14462">
        <ele>291.0</ele>
      </trkpt>
      <trkpt lat="46.62951" lon="11.14633">
        <ele>289.0</ele>
      </trkpt>
      <trkpt lat="46.62914" lon="11.14713">
        <ele>286.0</ele>
      </trkpt>
      <trkpt lat="46.62876" lon="11.14746">
        <ele>286.0</ele>
      </trkpt>
      <trkpt lat="46.6278" lon="11.14763">
        <ele>287.0</ele>
      </trkpt>
      <trkpt lat="46.62713" lon="11.14802">
        <ele>289.0</ele>
      </trkpt>
      <trkpt lat="46.6258" lon="11.14767">
        <ele>291.0</ele>
      </trkpt>
      <trkpt lat="46.62393" lon="11.14813">
        <ele>295.0</ele>
      </trkpt>
      <trkpt lat="46.62326" lon="11.14785">
        <ele>296.0</ele>
      </trkpt>
      <trkpt lat="46.62312" lon="11.14753">
        <ele>297.0</ele>
      </trkpt>
      <trkpt lat="46.62315" lon="11.14608">
        <ele>298.0</ele>
      </trkpt>
      <trkpt lat="46.62301" lon="11.14488">
        <ele>300.0</ele>
      </trkpt>
      <trkpt lat="46.62285" lon="11.14453">
        <ele>300.0</ele>
      </trkpt>
      <trkpt lat="46.62177" lon="11.14416">
        <ele>302.0</ele>
      </trkpt>
      <trkpt lat="46.62036" lon="11.14301">
        <ele>306.0</ele>
      </trkpt>
      <trkpt lat="46.61965" lon="11.14265">
        <ele>308.0</ele>
      </trkpt>
      <trkpt lat="46.61914" lon="11.14212">
        <ele>309.0</ele>
      </trkpt>
      <trkpt lat="46.61908" lon="11.14189">
        <ele>310.0</ele>
      </trkpt>
      <trkpt lat="46.61919" lon="11.14163">
        <ele>311.0</ele>
      </trkpt>
      <trkpt lat="46.61991" lon="11.14048">
        <ele>316.0</ele>
      </trkpt>
      <trkpt lat="46.61986" lon="11.14009">
        <ele>321.0</ele>
      </trkpt>
      <trkpt lat="46.61879" lon="11.13973">
        <ele>332.0</ele>
      </trkpt>
      <trkpt lat="46.61793" lon="11.14033">
        <ele>340.0</ele>
      </trkpt>
      <trkpt lat="46.6173" lon="11.14017">
        <ele>345.0</ele>
      </trkpt>
      <trkpt lat="46.61579" lon="11.1404">
        <ele>357.0</ele>
      </trkpt>
      <trkpt lat="46.61583" lon="11.14018">
        <ele>359.0</ele>
      </trkpt>
      <trkpt lat="46.61612" lon="11.1401">
        <ele>361.0</ele>
      </trkpt>
      <trkpt lat="46.61801" lon="11.13863">
        <ele>377.0</ele>
      </trkpt>
      <trkpt lat="46.6179" lon="11.13849">
        <ele>378.0</ele>
      </trkpt>
      <trkpt lat="46.61677" lon="11.13872">
        <ele>382.0</ele>
      </trkpt>
      <trkpt lat="46.61621" lon="11.13912">
        <ele>386.0</ele>
      </trkpt>
      <trkpt lat="46.6159" lon="11.13914">
        <ele>389.0</ele>
      </trkpt>
      <trkpt lat="46.61525" lon="11.13805">
        <ele>395.0</ele>
      </trkpt>
      <trkpt lat="46.61527" lon="11.1379">
        <ele>397.0</ele>
      </trkpt>
      <trkpt lat="46.6154" lon="11.13786">
        <ele>398.0</ele>
      </trkpt>
      <trkpt lat="46.61574" lon="11.13824">
        <ele>401.0</ele>
      </trkpt>
      <trkpt lat="46.61616" lon="11.13823">
        <ele>403.0</ele>
      </trkpt>
      <trkpt lat="46.61657" lon="11.13796">
        <ele>407.0</ele>
      </trkpt>
      <trkpt lat="46.61727" lon="11.13702">
        <ele>413.0</ele>
      </trkpt>
      <trkpt lat="46.61731" lon="11.13602">
        <ele>426.0</ele>
      </trkpt>
      <trkpt lat="46.61781" lon="11.13582">
        <ele>430.0</ele>
      </trkpt>
      <trkpt lat="46.6181" lon="11.13527">
        <ele>434.0</ele>
      </trkpt>
      <trkpt lat="46.61892" lon="11.13566">
        <ele>439.0</ele>
      </trkpt>
      <trkpt lat="46.61939" lon="11.13524">
        <ele>445.0</ele>
      </trkpt>
      <trkpt lat="46.61984" lon="11.13552">
        <ele>450.0</ele>
      </trkpt>
      <trkpt lat="46.62049" lon="11.13538">
        <ele>455.0</ele>
      </trkpt>
      <trkpt lat="46.62095" lon="11.13551">
        <ele>459.0</ele>
      </trkpt>
      <trkpt lat="46.62106" lon="11.13532">
        <ele>463.0</ele>
      </trkpt>
      <trkpt lat="46.62022" lon="11.13512">
        <ele>470.0</ele>
      </trkpt>
      <trkpt lat="46.61934" lon="11.13447">
        <ele>477.0</ele>
      </trkpt>
      <trkpt lat="46.6185" lon="11.1344">
        <ele>483.0</ele>
      </trkpt>
      <trkpt lat="46.61832" lon="11.13404">
        <ele>486.0</ele>
      </trkpt>
      <trkpt lat="46.61827" lon="11.13321">
        <ele>497.0</ele>
      </trkpt>
      <trkpt lat="46.61727" lon="11.13257">
        <ele>517.0</ele>
      </trkpt>
      <trkpt lat="46.61649" lon="11.133">
        <ele>522.0</ele>
      </trkpt>
      <trkpt lat="46.61549" lon="11.13289">
        <ele>519.0</ele>
      </trkpt>
      <trkpt lat="46.61514" lon="11.13214">
        <ele>522.0</ele>
      </trkpt>
      <trkpt lat="46.61505" lon="11.13117">
        <ele>532.0</ele>
      </trkpt>
      <trkpt lat="46.61486" lon="11.13067">
        <ele>539.0</ele>
      </trkpt>
      <trkpt lat="46.61301" lon="11.1289">
        <ele>561.0</ele>
      </trkpt>
      <trkpt lat="46.61192" lon="11.12676">
        <ele>576.0</ele>
      </trkpt>
      <trkpt lat="46.61112" lon="11.12575">
        <ele>591.0</ele>
      </trkpt>
      <trkpt lat="46.61104" lon="11.12529">
        <ele>595.0</ele>
      </trkpt>
      <trkpt lat="46.61111" lon="11.12354">
        <ele>607.0</ele>
      </trkpt>
      <trkpt lat="46.6115" lon="11.12247">
        <ele>618.0</ele>
      </trkpt>
      <trkpt lat="46.61151" lon="11.12192">
        <ele>624.0</ele>
      </trkpt>
      <trkpt lat="46.61078" lon="11.12125">
        <ele>633.0</ele>
      </trkpt>
      <trkpt lat="46.60985" lon="11.11988">
        <ele>644.0</ele>
      </trkpt>
      <trkpt lat="46.60984" lon="11.11946">
        <ele>648.0</ele>
      </trkpt>
      <trkpt lat="46.61017" lon="11.11847">
        <ele>652.0</ele>
      </trkpt>
      <trkpt lat="46.61006" lon="11.11794">
        <ele>656.0</ele>
      </trkpt>
      <trkpt lat="46.60934" lon="11.11776">
        <ele>662.0</ele>
      </trkpt>
      <trkpt lat="46.60895" lon="11.11674">
        <ele>671.0</ele>
      </trkpt>
      <trkpt lat="46.60825" lon="11.11647">
        <ele>677.0</ele>
      </trkpt>
      <trkpt lat="46.60804" lon="11.11615">
        <ele>680.0</ele>
      </trkpt>
      <trkpt lat="46.60802" lon="11.11472">
        <ele>686.0</ele>
      </trkpt>
      <trkpt lat="46.60827" lon="11.11374">
        <ele>694.0</ele>
      </trkpt>
      <trkpt lat="46.60756" lon="11.11276">
        <ele>704.0</ele>
      </trkpt>
      <trkpt lat="46.60701" lon="11.1124">
        <ele>711.0</ele>
      </trkpt>
      <trkpt lat="46.60693" lon="11.11214">
        <ele>712.0</ele>
      </trkpt>
      <trkpt lat="46.60699" lon="11.11175">
        <ele>713.0</ele>
      </trkpt>
      <trkpt lat="46.60742" lon="11.11106">
        <ele>715.0</ele>
      </trkpt>
      <trkpt lat="46.60735" lon="11.11044">
        <ele>717.0</ele>
      </trkpt>
      <trkpt lat="46.60694" lon="11.11021">
        <ele>719.0</ele>
      </trkpt>
      <trkpt lat="46.60627" lon="11.11063">
        <ele>724.0</ele>
      </trkpt>
      <trkpt lat="46.60599" lon="11.11028">
        <ele>726.0</ele>
      </trkpt>
      <trkpt lat="46.60581" lon="11.10938">
        <ele>729.0</ele>
      </trkpt>
      <trkpt lat="46.60591" lon="11.10802">
        <ele>726.0</ele>
      </trkpt>
      <trkpt lat="46.60549" lon="11.10674">
        <ele>724.0</ele>
      </trkpt>
      <trkpt lat="46.60601" lon="11.1053">
        <ele>746.0</ele>
      </trkpt>
      <trkpt lat="46.60541" lon="11.10458">
        <ele>761.0</ele>
      </trkpt>
      <trkpt lat="46.60509" lon="11.10219">
        <ele>775.0</ele>
      </trkpt>
      <trkpt lat="46.60468" lon="11.10199">
        <ele>777.0</ele>
      </trkpt>
      <trkpt lat="46.60414" lon="11.10265">
        <ele>777.0</ele>
      </trkpt>
      <trkpt lat="46.60382" lon="11.10329">
        <ele>777.0</ele>
      </trkpt>
      <trkpt lat="46.60351" lon="11.10331">
        <ele>780.0</ele>
      </trkpt>
      <trkpt lat="46.60337" lon="11.10296">
        <ele>782.0</ele>
      </trkpt>
      <trkpt lat="46.60353" lon="11.10193">
        <ele>789.0</ele>
      </trkpt>
      <trkpt lat="46.60337" lon="11.10164">
        <ele>792.0</ele>
      </trkpt>
      <trkpt lat="46.60255" lon="11.102">
        <ele>790.0</ele>
      </trkpt>
      <trkpt lat="46.60198" lon="11.10096">
        <ele>782.0</ele>
      </trkpt>
      <trkpt lat="46.60103" lon="11.101">
        <ele>777.0</ele>
      </trkpt>
      <trkpt lat="46.60068" lon="11.10065">
        <ele>775.0</ele>
      </trkpt>
      <trkpt lat="46.60057" lon="11.10004">
        <ele>774.0</ele>
      </trkpt>
      <trkpt lat="46.60093" lon="11.09958">
        <ele>773.0</ele>
      </trkpt>
      <trkpt lat="46.60096" lon="11.09929">
        <ele>773.0</ele>
      </trkpt>
      <trkpt lat="46.60051" lon="11.09886">
        <ele>773.0</ele>
      </trkpt>
      <trkpt lat="46.5996" lon="11.09735">
        <ele>777.0</ele>
      </trkpt>
      <trkpt lat="46.59929" lon="11.09616">
        <ele>786.0</ele>
      </trkpt>
      <trkpt lat="46.59911" lon="11.09589">
        <ele>789.0</ele>
      </trkpt>
      <trkpt lat="46.59887" lon="11.09579">
        <ele>791.0</ele>
      </trkpt>
      <trkpt lat="46.59835" lon="11.09594">
        <ele>785.0</ele>
      </trkpt>
      <trkpt lat="46.59616" lon="11.09502">
        <ele>764.0</ele>
      </trkpt>
      <trkpt lat="46.59544" lon="11.09387">
        <ele>757.0</ele>
      </trkpt>
      <trkpt lat="46.59466" lon="11.09411">
        <ele>754.0</ele>
      </trkpt>
      <trkpt lat="46.5943" lon="11.09404">
        <ele>751.0</ele>
      </trkpt>
      <trkpt lat="46.59402" lon="11.09358">
        <ele>748.0</ele>
      </trkpt>
      <trkpt lat="46.59396" lon="11.09224">
        <ele>744.0</ele>
      </trkpt>
      <trkpt lat="46.59332" lon="11.09039">
        <ele>744.0</ele>
      </trkpt>
      <trkpt lat="46.59312" lon="11.09032">
        <ele>744.0</ele>
      </trkpt>
      <trkpt lat="46.59292" lon="11.09046">
        <ele>742.0</ele>
      </trkpt>
      <trkpt lat="46.59252" lon="11.09145">
        <ele>734.0</ele>
      </trkpt>
      <trkpt lat="46.59219" lon="11.09154">
        <ele>731.0</ele>
      </trkpt>
      <trkpt lat="46.59159" lon="11.09102">
        <ele>726.0</ele>
      </trkpt>
      <trkpt lat="46.59128" lon="11.09017">
        <ele>727.0</ele>
      </trkpt>
      <trkpt lat="46.59102" lon="11.08981">
        <ele>727.0</ele>
      </trkpt>
      <trkpt lat="46.58862" lon="11.08893">
        <ele>721.0</ele>
      </trkpt>
      <trkpt lat="46.58842" lon="11.08833">
        <ele>725.0</ele>
      </trkpt>
      <trkpt lat="46.58865" lon="11.08751">
        <ele>734.0</ele>
      </trkpt>
      <trkpt lat="46.58861" lon="11.0869">
        <ele>738.0</ele>
      </trkpt>
      <trkpt lat="46.58828" lon="11.08534">
        <ele>742.0</ele>
      </trkpt>
      <trkpt lat="46.58804" lon="11.08491">
        <ele>740.0</ele>
      </trkpt>
      <trkpt lat="46.5877" lon="11.08481">
        <ele>738.0</ele>
      </trkpt>
      <trkpt lat="46.58739" lon="11.085">
        <ele>735.0</ele>
      </trkpt>
      <trkpt lat="46.58727" lon="11.08623">
        <ele>729.0</ele>
      </trkpt>
      <trkpt lat="46.58637" lon="11.0876">
        <ele>722.0</ele>
      </trkpt>
      <trkpt lat="46.58612" lon="11.08774">
        <ele>722.0</ele>
      </trkpt>
      <trkpt lat="46.58575" lon="11.08752">
        <ele>722.0</ele>
      </trkpt>
      <trkpt lat="46.58501" lon="11.0867">
        <ele>723.0</ele>
      </trkpt>
      <trkpt lat="46.58365" lon="11.08363">
        <ele>728.0</ele>
      </trkpt>
      <trkpt lat="46.58279" lon="11.08337">
        <ele>729.0</ele>
      </trkpt>
      <trkpt lat="46.58195" lon="11.08247">
        <ele>730.0</ele>
      </trkpt>
      <trkpt lat="46.58109" lon="11.0818">
        <ele>732.0</ele>
      </trkpt>
      <trkpt lat="46.57987" lon="11.08035">
        <ele>738.0</ele>
      </trkpt>
      <trkpt lat="46.5784" lon="11.07781">
        <ele>743.0</ele>
      </trkpt>
      <trkpt lat="46.57671" lon="11.07669">
        <ele>741.0</ele>
      </trkpt>
      <trkpt lat="46.57629" lon="11.07605">
        <ele>741.0</ele>
      </trkpt>
      <trkpt lat="46.5758" lon="11.0757">
        <ele>744.0</ele>
      </trkpt>
      <trkpt lat="46.57541" lon="11.07505">
        <ele>748.0</ele>
      </trkpt>
      <trkpt lat="46.57373" lon="11.07359">
        <ele>777.0</ele>
      </trkpt>
      <trkpt lat="46.57342" lon="11.07276">
        <ele>792.0</ele>
      </trkpt>
      <trkpt lat="46.57298" lon="11.06792">
        <ele>851.24</ele>
      </trkpt>
      <trkpt lat="46.57266" lon="11.06624">
        <ele>850.15</ele>
      </trkpt>
      <trkpt lat="46.57212" lon="11.06527">
        <ele>849.38</ele>
      </trkpt>
      <trkpt lat="46.57173" lon="11.06491">
        <ele>848.97</ele>
      </trkpt>
      <trkpt lat="46.57124" lon="11.06461">
        <ele>848.49</ele>
      </trkpt>
      <trkpt lat="46.56953" lon="11.06428">
        <ele>846.95</ele>
      </trkpt>
      <trkpt lat="46.56898" lon="11.06377">
        <ele>846.36</ele>
      </trkpt>
      <trkpt lat="46.5687" lon="11.06286">
        <ele>845.73</ele>
      </trkpt>
      <trkpt lat="46.56821" lon="11.05854">
        <ele>843.03</ele>
      </trkpt>
      <trkpt lat="46.56688" lon="11.05576">
        <ele>847.0</ele>
      </trkpt>
      <trkpt lat="46.56587" lon="11.05477">
        <ele>870.0</ele>
      </trkpt>
      <trkpt lat="46.56538" lon="11.05325">
        <ele>867.0</ele>
      </trkpt>
      <trkpt lat="46.56501" lon="11.05251">
        <ele>864.0</ele>
      </trkpt>
      <trkpt lat="46.56499" lon="11.05196">
        <ele>863.0</ele>
      </trkpt>
      <trkpt lat="46.56537" lon="11.05018">
        <ele>860.0</ele>
      </trkpt>
      <trkpt lat="46.56514" lon="11.04765">
        <ele>861.0</ele>
      </trkpt>
      <trkpt lat="46.56468" lon="11.04535">
        <ele>870.0</ele>
      </trkpt>
      <trkpt lat="46.56416" lon="11.04417">
        <ele>878.0</ele>
      </trkpt>
      <trkpt lat="46.5639" lon="11.04271">
        <ele>886.0</ele>
      </trkpt>
      <trkpt lat="46.56228" lon="11.03932">
        <ele>896.0</ele>
      </trkpt>
      <trkpt lat="46.56159" lon="11.03839">
        <ele>902.0</ele>
      </trkpt>
      <trkpt lat="46.56117" lon="11.03722">
        <ele>909.0</ele>
      </trkpt>
      <trkpt lat="46.56018" lon="11.03638">
        <ele>910.0</ele>
      </trkpt>
      <trkpt lat="46.55958" lon="11.03561">
        <ele>910.0</ele>
      </trkpt>
      <trkpt lat="46.55882" lon="11.03345">
        <ele>916.0</ele>
      </trkpt>
      <trkpt lat="46.55855" lon="11.03365">
        <ele>917.0</ele>
      </trkpt>
      <trkpt lat="46.55823" lon="11.03358">
        <ele>919.0</ele>
      </trkpt>
      <trkpt lat="46.55722" lon="11.03244">
        <ele>923.0</ele>
      </trkpt>
      <trkpt lat="46.55686" lon="11.03248">
        <ele>925.0</ele>
      </trkpt>
      <trkpt lat="46.5566" lon="11.03276">
        <ele>928.0</ele>
      </trkpt>
      <trkpt lat="46.55621" lon="11.03364">
        <ele>932.0</ele>
      </trkpt>
      <trkpt lat="46.5562" lon="11.03426">
        <ele>939.0</ele>
      </trkpt>
      <trkpt lat="46.55656" lon="11.03489">
        <ele>947.0</ele>
      </trkpt>
      <trkpt lat="46.55674" lon="11.03563">
        <ele>957.0</ele>
      </trkpt>
      <trkpt lat="46.55704" lon="11.03625">
        <ele>967.0</ele>
      </trkpt>
      <trkpt lat="46.55784" lon="11.03696">
        <ele>981.0</ele>
      </trkpt>
      <trkpt lat="46.55902" lon="11.03861">
        <ele>994.0</ele>
      </trkpt>
      <trkpt lat="46.55924" lon="11.03934">
        <ele>1000.0</ele>
      </trkpt>
      <trkpt lat="46.5594" lon="11.04056">
        <ele>1008.0</ele>
      </trkpt>
      <trkpt lat="46.55989" lon="11.04176">
        <ele>1017.0</ele>
      </trkpt>
      <trkpt lat="46.5598" lon="11.04201">
        <ele>1020.0</ele>
      </trkpt>
      <trkpt lat="46.5596" lon="11.04201">
        <ele>1022.0</ele>
      </trkpt>
      <trkpt lat="46.55944" lon="11.04139">
        <ele>1025.0</ele>
      </trkpt>
      <trkpt lat="46.55909" lon="11.04085">
        <ele>1029.0</ele>
      </trkpt>
      <trkpt lat="46.55884" lon="11.04009">
        <ele>1034.0</ele>
      </trkpt>
      <trkpt lat="46.55844" lon="11.03943">
        <ele>1039.0</ele>
      </trkpt>
      <trkpt lat="46.55823" lon="11.03945">
        <ele>1042.0</ele>
      </trkpt>
      <trkpt lat="46.5582" lon="11.03974">
        <ele>1044.0</ele>
      </trkpt>
      <trkpt lat="46.55855" lon="11.04058">
        <ele>1051.0</ele>
      </trkpt>
      <trkpt lat="46.55835" lon="11.04367">
        <ele>1076.0</ele>
      </trkpt>
      <trkpt lat="46.55883" lon="11.04535">
        <ele>1100.0</ele>
      </trkpt>
      <trkpt lat="46.55883" lon="11.04634">
        <ele>1113.0</ele>
      </trkpt>
      <trkpt lat="46.55902" lon="11.04753">
        <ele>1125.0</ele>
      </trkpt>
      <trkpt lat="46.55887" lon="11.04953">
        <ele>1145.0</ele>
      </trkpt>
      <trkpt lat="46.55892" lon="11.05118">
        <ele>1160.0</ele>
      </trkpt>
      <trkpt lat="46.55875" lon="11.05264">
        <ele>1166.0</ele>
      </trkpt>
      <trkpt lat="46.55826" lon="11.05423">
        <ele>1178.0</ele>
      </trkpt>
      <trkpt lat="46.55824" lon="11.0578">
        <ele>1204.0</ele>
      </trkpt>
      <trkpt lat="46.55756" lon="11.05995">
        <ele>1218.0</ele>
      </trkpt>
      <trkpt lat="46.5573" lon="11.06028">
        <ele>1222.0</ele>
      </trkpt>
      <trkpt lat="46.55703" lon="11.06037">
        <ele>1226.0</ele>
      </trkpt>
      <trkpt lat="46.55575" lon="11.06031">
        <ele>1243.0</ele>
      </trkpt>
      <trkpt lat="46.55442" lon="11.05922">
        <ele>1263.0</ele>
      </trkpt>
      <trkpt lat="46.55294" lon="11.05905">
        <ele>1275.0</ele>
      </trkpt>
      <trkpt lat="46.55208" lon="11.05832">
        <ele>1291.0</ele>
      </trkpt>
      <trkpt lat="46.55136" lon="11.05718">
        <ele>1315.0</ele>
      </trkpt>
      <trkpt lat="46.55041" lon="11.05672">
        <ele>1329.0</ele>
      </trkpt>
      <trkpt lat="46.54939" lon="11.05495">
        <ele>1344.0</ele>
      </trkpt>
      <trkpt lat="46.54828" lon="11.05449">
        <ele>1357.0</ele>
      </trkpt>
      <trkpt lat="46.54743" lon="11.05449">
        <ele>1372.63</ele>
      </trkpt>
      <trkpt lat="46.54644" lon="11.05363">
        <ele>1385.23</ele>
      </trkpt>
      <trkpt lat="46.54605" lon="11.05349">
        <ele>1389.59</ele>
      </trkpt>
      <trkpt lat="46.54444" lon="11.05343">
        <ele>1407.05</ele>
      </trkpt>
      <trkpt lat="46.54329" lon="11.05316">
        <ele>1419.68</ele>
      </trkpt>
      <trkpt lat="46.53978" lon="11.05178">
        <ele>1459.14</ele>
      </trkpt>
      <trkpt lat="46.53875" lon="11.05172">
        <ele>1470.36</ele>
      </trkpt>
      <trkpt lat="46.53757" lon="11.05245">
        <ele>1484.0</ele>
      </trkpt>
      <trkpt lat="46.53735" lon="11.05245">
        <ele>1478.0</ele>
      </trkpt>
      <trkpt lat="46.5355" lon="11.05183">
        <ele>1469.0</ele>
      </trkpt>
      <trkpt lat="46.53463" lon="11.05207">
        <ele>1483.0</ele>
      </trkpt>
      <trkpt lat="46.53312" lon="11.05154">
        <ele>1496.0</ele>
      </trkpt>
      <trkpt lat="46.53208" lon="11.0518">
        <ele>1498.0</ele>
      </trkpt>
      <trkpt lat="46.5311" lon="11.05152">
        <ele>1495.0</ele>
      </trkpt>
      <trkpt lat="46.53014" lon="11.05147">
        <ele>1499.0</ele>
      </trkpt>
      <trkpt lat="46.52909" lon="11.05086">
        <ele>1507.0</ele>
      </trkpt>
      <trkpt lat="46.52858" lon="11.05096">
        <ele>1511.0</ele>
      </trkpt>
      <trkpt lat="46.52715" lon="11.05227">
        <ele>1524.0</ele>
      </trkpt>
      <trkpt lat="46.52676" lon="11.05245">
        <ele>1531.0</ele>
      </trkpt>
      <trkpt lat="46.5249" lon="11.0512">
        <ele>1556.0</ele>
      </trkpt>
      <trkpt lat="46.52365" lon="11.05117">
        <ele>1567.0</ele>
      </trkpt>
      <trkpt lat="46.5228" lon="11.05145">
        <ele>1584.0</ele>
      </trkpt>
      <trkpt lat="46.52222" lon="11.05136">
        <ele>1596.0</ele>
      </trkpt>
      <trkpt lat="46.50807" lon="11.04519">
        <ele>1639.0</ele>
      </trkpt>
      <trkpt lat="46.50701" lon="11.04421">
        <ele>1673.0</ele>
      </trkpt>
      <trkpt lat="46.50613" lon="11.04314">
        <ele>1691.0</ele>
      </trkpt>
      <trkpt lat="46.50565" lon="11.04285">
        <ele>1689.0</ele>
      </trkpt>
      <trkpt lat="46.50472" lon="11.04282">
        <ele>1682.0</ele>
      </trkpt>
      <trkpt lat="46.50147" lon="11.04328">
        <ele>1652.0</ele>
      </trkpt>
      <trkpt lat="46.49937" lon="11.04287">
        <ele>1632.0</ele>
      </trkpt>
      <trkpt lat="46.49807" lon="11.04284">
        <ele>1624.0</ele>
      </trkpt>
      <trkpt lat="46.49716" lon="11.04335">
        <ele>1605.0</ele>
      </trkpt>
      <trkpt lat="46.49674" lon="11.04334">
        <ele>1596.0</ele>
      </trkpt>
      <trkpt lat="46.49643" lon="11.04304">
        <ele>1591.0</ele>
      </trkpt>
      <trkpt lat="46.49591" lon="11.04191">
        <ele>1582.0</ele>
      </trkpt>
      <trkpt lat="46.49488" lon="11.04113">
        <ele>1566.0</ele>
      </trkpt>
      <trkpt lat="46.49453" lon="11.03967">
        <ele>1549.0</ele>
      </trkpt>
      <trkpt lat="46.49301" lon="11.039">
        <ele>1533.0</ele>
      </trkpt>
      <trkpt lat="46.49206" lon="11.03804">
        <ele>1514.0</ele>
      </trkpt>
      <trkpt lat="46.49153" lon="11.03712">
        <ele>1502.0</ele>
      </trkpt>
      <trkpt lat="46.49129" lon="11.03712">
        <ele>1495.0</ele>
      </trkpt>
      <trkpt lat="46.49121" lon="11.03734">
        <ele>1494.0</ele>
      </trkpt>
      <trkpt lat="46.49209" lon="11.03903">
        <ele>1488.0</ele>
      </trkpt>
      <trkpt lat="46.49264" lon="11.04047">
        <ele>1481.0</ele>
      </trkpt>
      <trkpt lat="46.49265" lon="11.04073">
        <ele>1480.0</ele>
      </trkpt>
      <trkpt lat="46.49251" lon="11.04093">
        <ele>1479.0</ele>
      </trkpt>
      <trkpt lat="46.49221" lon="11.04077">
        <ele>1477.0</ele>
      </trkpt>
      <trkpt lat="46.49182" lon="11.03938">
        <ele>1471.0</ele>
      </trkpt>
      <trkpt lat="46.49033" lon="11.03817">
        <ele>1461.0</ele>
      </trkpt>
      <trkpt lat="46.48945" lon="11.03683">
        <ele>1452.0</ele>
      </trkpt>
      <trkpt lat="46.48857" lon="11.03623">
        <ele>1432.0</ele>
      </trkpt>
      <trkpt lat="46.4881" lon="11.03518">
        <ele>1421.0</ele>
      </trkpt>
      <trkpt lat="46.48772" lon="11.03465">
        <ele>1415.0</ele>
      </trkpt>
      <trkpt lat="46.4868" lon="11.03392">
        <ele>1407.0</ele>
      </trkpt>
      <trkpt lat="46.48509" lon="11.03205">
        <ele>1390.0</ele>
      </trkpt>
      <trkpt lat="46.48375" lon="11.03126">
        <ele>1362.0</ele>
      </trkpt>
      <trkpt lat="46.48315" lon="11.03109">
        <ele>1349.0</ele>
      </trkpt>
      <trkpt lat="46.48255" lon="11.03058">
        <ele>1333.0</ele>
      </trkpt>
      <trkpt lat="46.48127" lon="11.03039">
        <ele>1310.0</ele>
      </trkpt>
      <trkpt lat="46.48112" lon="11.03023">
        <ele>1305.0</ele>
      </trkpt>
      <trkpt lat="46.48104" lon="11.0299">
        <ele>1299.0</ele>
      </trkpt>
      <trkpt lat="46.48118" lon="11.02956">
        <ele>1297.0</ele>
      </trkpt>
      <trkpt lat="46.48215" lon="11.02952">
        <ele>1296.0</ele>
      </trkpt>
      <trkpt lat="46.48222" lon="11.02928">
        <ele>1296.0</ele>
      </trkpt>
      <trkpt lat="46.48209" lon="11.02904">
        <ele>1296.0</ele>
      </trkpt>
      <trkpt lat="46.48157" lon="11.02889">
        <ele>1293.0</ele>
      </trkpt>
      <trkpt lat="46.48075" lon="11.02826">
        <ele>1285.0</ele>
      </trkpt>
      <trkpt lat="46.47925" lon="11.02808">
        <ele>1266.0</ele>
      </trkpt>
      <trkpt lat="46.47858" lon="11.02774">
        <ele>1255.0</ele>
      </trkpt>
      <trkpt lat="46.47687" lon="11.02763">
        <ele>1250.0</ele>
      </trkpt>
      <trkpt lat="46.47646" lon="11.02773">
        <ele>1248.0</ele>
      </trkpt>
      <trkpt lat="46.47583" lon="11.02821">
        <ele>1240.0</ele>
      </trkpt>
      <trkpt lat="46.47472" lon="11.0283">
        <ele>1223.0</ele>
      </trkpt>
      <trkpt lat="46.47405" lon="11.02885">
        <ele>1215.0</ele>
      </trkpt>
      <trkpt lat="46.47164" lon="11.02923">
        <ele>1202.0</ele>
      </trkpt>
      <trkpt lat="46.47082" lon="11.03029">
        <ele>1195.0</ele>
      </trkpt>
      <trkpt lat="46.46918" lon="11.03086">
        <ele>1183.0</ele>
      </trkpt>
      <trkpt lat="46.46744" lon="11.03225">
        <ele>1173.0</ele>
      </trkpt>
      <trkpt lat="46.46708" lon="11.03287">
        <ele>1162.0</ele>
      </trkpt>
      <trkpt lat="46.46693" lon="11.03437">
        <ele>1146.0</ele>
      </trkpt>
      <trkpt lat="46.46517" lon="11.03672">
        <ele>1134.0</ele>
      </trkpt>
      <trkpt lat="46.46414" lon="11.03768">
        <ele>1116.0</ele>
      </trkpt>
      <trkpt lat="46.46337" lon="11.04012">
        <ele>1098.0</ele>
      </trkpt>
      <trkpt lat="46.46257" lon="11.04147">
        <ele>1079.0</ele>
      </trkpt>
      <trkpt lat="46.46083" lon="11.04283">
        <ele>1072.0</ele>
      </trkpt>
      <trkpt lat="46.45958" lon="11.04259">
        <ele>1061.0</ele>
      </trkpt>
      <trkpt lat="46.45819" lon="11.04318">
        <ele>1035.0</ele>
      </trkpt>
      <trkpt lat="46.45766" lon="11.04425">
        <ele>1014.0</ele>
      </trkpt>
      <trkpt lat="46.45677" lon="11.04507">
        <ele>1010.0</ele>
      </trkpt>
      <trkpt lat="46.45651" lon="11.0461">
        <ele>1009.0</ele>
      </trkpt>
      <trkpt lat="46.45597" lon="11.04744">
        <ele>1003.0</ele>
      </trkpt>
      <trkpt lat="46.45582" lon="11.04743">
        <ele>1001.0</ele>
      </trkpt>
      <trkpt lat="46.45575" lon="11.04783">
        <ele>998.0</ele>
      </trkpt>
      <trkpt lat="46.45539" lon="11.04837">
        <ele>993.0</ele>
      </trkpt>
      <trkpt lat="46.45507" lon="11.04873">
        <ele>987.0</ele>
      </trkpt>
      <trkpt lat="46.45402" lon="11.04902">
        <ele>970.0</ele>
      </trkpt>
      <trkpt lat="46.45329" lon="11.04953">
        <ele>959.0</ele>
      </trkpt>
      <trkpt lat="46.45297" lon="11.05031">
        <ele>957.0</ele>
      </trkpt>
      <trkpt lat="46.45249" lon="11.05061">
        <ele>957.0</ele>
      </trkpt>
      <trkpt lat="46.45141" lon="11.05002">
        <ele>943.0</ele>
      </trkpt>
      <trkpt lat="46.44966" lon="11.04997">
        <ele>913.0</ele>
      </trkpt>
      <trkpt lat="46.44905" lon="11.04971">
        <ele>903.0</ele>
      </trkpt>
      <trkpt lat="46.44778" lon="11.05042">
        <ele>902.0</ele>
      </trkpt>
      <trkpt lat="46.44652" lon="11.05047">
        <ele>908.0</ele>
      </trkpt>
      <trkpt lat="46.44449" lon="11.04958">
        <ele>898.0</ele>
      </trkpt>
      <trkpt lat="46.44374" lon="11.04903">
        <ele>898.0</ele>
      </trkpt>
      <trkpt lat="46.44205" lon="11.04862">
        <ele>901.0</ele>
      </trkpt>
      <trkpt lat="46.43947" lon="11.04695">
        <ele>903.0</ele>
      </trkpt>
      <trkpt lat="46.43816" lon="11.04528">
        <ele>904.0</ele>
      </trkpt>
      <trkpt lat="46.4378" lon="11.04543">
        <ele>905.0</ele>
      </trkpt>
      <trkpt lat="46.43677" lon="11.04657">
        <ele>906.0</ele>
      </trkpt>
      <trkpt lat="46.43642" lon="11.04675">
        <ele>907.0</ele>
      </trkpt>
      <trkpt lat="46.43597" lon="11.04599">
        <ele>909.0</ele>
      </trkpt>
      <trkpt lat="46.43593" lon="11.04567">
        <ele>909.0</ele>
      </trkpt>
      <trkpt lat="46.43619" lon="11.04469">
        <ele>912.0</ele>
      </trkpt>
      <trkpt lat="46.43614" lon="11.04333">
        <ele>909.0</ele>
      </trkpt>
      <trkpt lat="46.43603" lon="11.04293">
        <ele>908.0</ele>
      </trkpt>
      <trkpt lat="46.4355" lon="11.04217">
        <ele>903.0</ele>
      </trkpt>
      <trkpt lat="46.43404" lon="11.04131">
        <ele>896.0</ele>
      </trkpt>
      <trkpt lat="46.43323" lon="11.04051">
        <ele>893.0</ele>
      </trkpt>
      <trkpt lat="46.43236" lon="11.04045">
        <ele>890.0</ele>
      </trkpt>
      <trkpt lat="46.43191" lon="11.03989">
        <ele>889.0</ele>
      </trkpt>
      <trkpt lat="46.43068" lon="11.03924">
        <ele>888.0</ele>
      </trkpt>
      <trkpt lat="46.42868" lon="11.03869">
        <ele>885.0</ele>
      </trkpt>
      <trkpt lat="46.42744" lon="11.03894">
        <ele>885.0</ele>
      </trkpt>
      <trkpt lat="46.42723" lon="11.03862">
        <ele>882.0</ele>
      </trkpt>
      <trkpt lat="46.42705" lon="11.03742">
        <ele>875.0</ele>
      </trkpt>
      <trkpt lat="46.42676" lon="11.03715">
        <ele>869.0</ele>
      </trkpt>
      <trkpt lat="46.42617" lon="11.03731">
        <ele>862.0</ele>
      </trkpt>
      <trkpt lat="46.42562" lon="11.03681">
        <ele>858.0</ele>
      </trkpt>
      <trkpt lat="46.42464" lon="11.03686">
        <ele>854.0</ele>
      </trkpt>
      <trkpt lat="46.4234" lon="11.03632">
        <ele>851.0</ele>
      </trkpt>
      <trkpt lat="46.41988" lon="11.03539">
        <ele>844.0</ele>
      </trkpt>
      <trkpt lat="46.41816" lon="11.03522">
        <ele>843.0</ele>
      </trkpt>
      <trkpt lat="46.41571" lon="11.03548">
        <ele>840.0</ele>
      </trkpt>
      <trkpt lat="46.41535" lon="11.03536">
        <ele>840.0</ele>
      </trkpt>
      <trkpt lat="46.41463" lon="11.0346">
        <ele>839.0</ele>
      </trkpt>
      <trkpt lat="46.41415" lon="11.03442">
        <ele>838.0</ele>
      </trkpt>
      <trkpt lat="46.4108" lon="11.03435">
        <ele>835.0</ele>
      </trkpt>
      <trkpt lat="46.40674" lon="11.03453">
        <ele>828.0</ele>
      </trkpt>
      <trkpt lat="46.4048" lon="11.03561">
        <ele>829.0</ele>
      </trkpt>
      <trkpt lat="46.40253" lon="11.03852">
        <ele>824.0</ele>
      </trkpt>
      <trkpt lat="46.40229" lon="11.03907">
        <ele>821.0</ele>
      </trkpt>
      <trkpt lat="46.40201" lon="11.04042">
        <ele>819.0</ele>
      </trkpt>
      <trkpt lat="46.40091" lon="11.04141">
        <ele>818.0</ele>
      </trkpt>
      <trkpt lat="46.40013" lon="11.04234">
        <ele>818.0</ele>
      </trkpt>
      <trkpt lat="46.39993" lon="11.0428">
        <ele>816.0</ele>
      </trkpt>
      <trkpt lat="46.39974" lon="11.04391">
        <ele>816.0</ele>
      </trkpt>
      <trkpt lat="46.39909" lon="11.04509">
        <ele>818.0</ele>
      </trkpt>
      <trkpt lat="46.39833" lon="11.04573">
        <ele>820.0</ele>
      </trkpt>
      <trkpt lat="46.39702" lon="11.04594">
        <ele>815.0</ele>
      </trkpt>
      <trkpt lat="46.39579" lon="11.04648">
        <ele>810.0</ele>
      </trkpt>
      <trkpt lat="46.39445" lon="11.04834">
        <ele>789.0</ele>
      </trkpt>
      <trkpt lat="46.39436" lon="11.04875">
        <ele>781.0</ele>
      </trkpt>
      <trkpt lat="46.39445" lon="11.04983">
        <ele>774.0</ele>
      </trkpt>
      <trkpt lat="46.39428" lon="11.05083">
        <ele>770.0</ele>
      </trkpt>
      <trkpt lat="46.39434" lon="11.05246">
        <ele>762.0</ele>
      </trkpt>
      <trkpt lat="46.39496" lon="11.05539">
        <ele>749.0</ele>
      </trkpt>
      <trkpt lat="46.3949" lon="11.05566">
        <ele>744.0</ele>
      </trkpt>
      <trkpt lat="46.39448" lon="11.05566">
        <ele>740.0</ele>
      </trkpt>
      <trkpt lat="46.39415" lon="11.05541">
        <ele>737.0</ele>
      </trkpt>
      <trkpt lat="46.39395" lon="11.05449">
        <ele>733.0</ele>
      </trkpt>
      <trkpt lat="46.39373" lon="11.05419">
        <ele>731.0</ele>
      </trkpt>
      <trkpt lat="46.39355" lon="11.05435">
        <ele>727.0</ele>
      </trkpt>
      <trkpt lat="46.39373" lon="11.05478">
        <ele>725.0</ele>
      </trkpt>
      <trkpt lat="46.3935" lon="11.05483">
        <ele>722.0</ele>
      </trkpt>
      <trkpt lat="46.39271" lon="11.05371">
        <ele>714.0</ele>
      </trkpt>
      <trkpt lat="46.39199" lon="11.05333">
        <ele>711.0</ele>
      </trkpt>
      <trkpt lat="46.39138" lon="11.05276">
        <ele>709.0</ele>
      </trkpt>
      <trkpt lat="46.39108" lon="11.05207">
        <ele>707.0</ele>
      </trkpt>
      <trkpt lat="46.3914" lon="11.05037">
        <ele>707.0</ele>
      </trkpt>
      <trkpt lat="46.39157" lon="11.05003">
        <ele>707.0</ele>
      </trkpt>
      <trkpt lat="46.39184" lon="11.04978">
        <ele>706.0</ele>
      </trkpt>
      <trkpt lat="46.39286" lon="11.04965">
        <ele>703.0</ele>
      </trkpt>
      <trkpt lat="46.39316" lon="11.04916">
        <ele>700.0</ele>
      </trkpt>
      <trkpt lat="46.39303" lon="11.04779">
        <ele>697.0</ele>
      </trkpt>
      <trkpt lat="46.39206" lon="11.046">
        <ele>692.0</ele>
      </trkpt>
      <trkpt lat="46.39199" lon="11.0453">
        <ele>691.0</ele>
      </trkpt>
      <trkpt lat="46.39284" lon="11.04407">
        <ele>689.0</ele>
      </trkpt>
      <trkpt lat="46.39465" lon="11.04216">
        <ele>685.0</ele>
      </trkpt>
      <trkpt lat="46.39504" lon="11.04095">
        <ele>680.0</ele>
      </trkpt>
      <trkpt lat="46.39487" lon="11.03814">
        <ele>668.0</ele>
      </trkpt>
      <trkpt lat="46.3942" lon="11.03718">
        <ele>659.0</ele>
      </trkpt>
      <trkpt lat="46.394" lon="11.03612">
        <ele>656.0</ele>
      </trkpt>
      <trkpt lat="46.39437" lon="11.03464">
        <ele>645.0</ele>
      </trkpt>
      <trkpt lat="46.39399" lon="11.03402">
        <ele>640.0</ele>
      </trkpt>
      <trkpt lat="46.39387" lon="11.03358">
        <ele>636.0</ele>
      </trkpt>
      <trkpt lat="46.39368" lon="11.03363">
        <ele>633.0</ele>
      </trkpt>
      <trkpt lat="46.39361" lon="11.0339">
        <ele>632.0</ele>
      </trkpt>
      <trkpt lat="46.39353" lon="11.03533">
        <ele>624.0</ele>
      </trkpt>
      <trkpt lat="46.39304" lon="11.03584">
        <ele>619.0</ele>
      </trkpt>
      <trkpt lat="46.39294" lon="11.03614">
        <ele>618.0</ele>
      </trkpt>
      <trkpt lat="46.39281" lon="11.03876">
        <ele>609.0</ele>
      </trkpt>
      <trkpt lat="46.39265" lon="11.03896">
        <ele>605.0</ele>
      </trkpt>
      <trkpt lat="46.39209" lon="11.03903">
        <ele>603.0</ele>
      </trkpt>
      <trkpt lat="46.39177" lon="11.03925">
        <ele>602.0</ele>
      </trkpt>
      <trkpt lat="46.39156" lon="11.03926">
        <ele>601.0</ele>
      </trkpt>
      <trkpt lat="46.39044" lon="11.03809">
        <ele>585.0</ele>
      </trkpt>
      <trkpt lat="46.38947" lon="11.03844">
        <ele>567.0</ele>
      </trkpt>
      <trkpt lat="46.38849" lon="11.03745">
        <ele>566.0</ele>
      </trkpt>
      <trkpt lat="46.38727" lon="11.03691">
        <ele>571.0</ele>
      </trkpt>
      <trkpt lat="46.38551" lon="11.03787">
        <ele>581.0</ele>
      </trkpt>
      <trkpt lat="46.38441" lon="11.03809">
        <ele>589.0</ele>
      </trkpt>
      <trkpt lat="46.38403" lon="11.03802">
        <ele>600.0</ele>
      </trkpt>
      <trkpt lat="46.38341" lon="11.03751">
        <ele>609.0</ele>
      </trkpt>
      <trkpt lat="46.38237" lon="11.03754">
        <ele>614.0</ele>
      </trkpt>
      <trkpt lat="46.38126" lon="11.03683">
        <ele>618.0</ele>
      </trkpt>
      <trkpt lat="46.37874" lon="11.03586">
        <ele>628.0</ele>
      </trkpt>
      <trkpt lat="46.37635" lon="11.03441">
        <ele>647.0</ele>
      </trkpt>
      <trkpt lat="46.37524" lon="11.03427">
        <ele>656.0</ele>
      </trkpt>
      <trkpt lat="46.37508" lon="11.03403">
        <ele>659.0</ele>
      </trkpt>
      <trkpt lat="46.37425" lon="11.03378">
        <ele>661.0</ele>
      </trkpt>
      <trkpt lat="46.37328" lon="11.03296">
        <ele>664.0</ele>
      </trkpt>
      <trkpt lat="46.37226" lon="11.03307">
        <ele>664.0</ele>
      </trkpt>
      <trkpt lat="46.37044" lon="11.03287">
        <ele>650.0</ele>
      </trkpt>
      <trkpt lat="46.37007" lon="11.0331">
        <ele>648.0</ele>
      </trkpt>
      <trkpt lat="46.36918" lon="11.03419">
        <ele>645.0</ele>
      </trkpt>
      <trkpt lat="46.36833" lon="11.03495">
        <ele>646.0</ele>
      </trkpt>
      <trkpt lat="46.36688" lon="11.03563">
        <ele>652.0</ele>
      </trkpt>
      <trkpt lat="46.36527" lon="11.0359">
        <ele>658.0</ele>
      </trkpt>
      <trkpt lat="46.36493" lon="11.03574">
        <ele>657.0</ele>
      </trkpt>
      <trkpt lat="46.36383" lon="11.03394">
        <ele>653.0</ele>
      </trkpt>
      <trkpt lat="46.36188" lon="11.03219">
        <ele>656.0</ele>
      </trkpt>
      <trkpt lat="46.35765" lon="11.02992">
        <ele>659.0</ele>
      </trkpt>
      <trkpt lat="46.35636" lon="11.02862">
        <ele>660.0</ele>
      </trkpt>
      <trkpt lat="46.35621" lon="11.02825">
        <ele>662.0</ele>
      </trkpt>
      <trkpt lat="46.35609" lon="11.02832">
        <ele>662.0</ele>
      </trkpt>
      <trkpt lat="46.35539" lon="11.02758">
        <ele>664.0</ele>
      </trkpt>
      <trkpt lat="46.35493" lon="11.02733">
        <ele>666.0</ele>
      </trkpt>
      <trkpt lat="46.34225" lon="11.02658">
        <ele>675.0</ele>
      </trkpt>
      <trkpt lat="46.34062" lon="11.02662">
        <ele>675.0</ele>
      </trkpt>
      <trkpt lat="46.33735" lon="11.02706">
        <ele>684.0</ele>
      </trkpt>
      <trkpt lat="46.3304" lon="11.025">
        <ele>663.0</ele>
      </trkpt>
      <trkpt lat="46.32969" lon="11.02453">
        <ele>659.0</ele>
      </trkpt>
      <trkpt lat="46.32834" lon="11.02316">
        <ele>648.0</ele>
      </trkpt>
      <trkpt lat="46.32641" lon="11.02279">
        <ele>636.0</ele>
      </trkpt>
      <trkpt lat="46.32587" lon="11.0223">
        <ele>631.0</ele>
      </trkpt>
      <trkpt lat="46.324" lon="11.02195">
        <ele>621.0</ele>
      </trkpt>
      <trkpt lat="46.32075" lon="11.02176">
        <ele>611.0</ele>
      </trkpt>
      <trkpt lat="46.31982" lon="11.01998">
        <ele>597.0</ele>
      </trkpt>
      <trkpt lat="46.31984" lon="11.01972">
        <ele>595.0</ele>
      </trkpt>
      <trkpt lat="46.3203" lon="11.0191">
        <ele>590.0</ele>
      </trkpt>
      <trkpt lat="46.32087" lon="11.01785">
        <ele>588.0</ele>
      </trkpt>
      <trkpt lat="46.32103" lon="11.01719">
        <ele>587.0</ele>
      </trkpt>
      <trkpt lat="46.32095" lon="11.01706">
        <ele>585.0</ele>
      </trkpt>
      <trkpt lat="46.32074" lon="11.01787">
        <ele>583.0</ele>
      </trkpt>
      <trkpt lat="46.32013" lon="11.01877">
        <ele>580.0</ele>
      </trkpt>
      <trkpt lat="46.31945" lon="11.0193">
        <ele>576.0</ele>
      </trkpt>
      <trkpt lat="46.31934" lon="11.01979">
        <ele>574.0</ele>
      </trkpt>
      <trkpt lat="46.31951" lon="11.02081">
        <ele>572.0</ele>
      </trkpt>
      <trkpt lat="46.31938" lon="11.02129">
        <ele>570.0</ele>
      </trkpt>
      <trkpt lat="46.31893" lon="11.02185">
        <ele>568.0</ele>
      </trkpt>
      <trkpt lat="46.31763" lon="11.02408">
        <ele>556.0</ele>
      </trkpt>
      <trkpt lat="46.31757" lon="11.02388">
        <ele>553.0</ele>
      </trkpt>
      <trkpt lat="46.31796" lon="11.02335">
        <ele>551.0</ele>
      </trkpt>
      <trkpt lat="46.31827" lon="11.02262">
        <ele>548.0</ele>
      </trkpt>
      <trkpt lat="46.31841" lon="11.02153">
        <ele>543.0</ele>
      </trkpt>
      <trkpt lat="46.31885" lon="11.02097">
        <ele>539.0</ele>
      </trkpt>
      <trkpt lat="46.31879" lon="11.02052">
        <ele>537.0</ele>
      </trkpt>
      <trkpt lat="46.31815" lon="11.01975">
        <ele>532.0</ele>
      </trkpt>
      <trkpt lat="46.31839" lon="11.01903">
        <ele>529.0</ele>
      </trkpt>
      <trkpt lat="46.31838" lon="11.01844">
        <ele>527.0</ele>
      </trkpt>
      <trkpt lat="46.31922" lon="11.0178">
        <ele>521.0</ele>
      </trkpt>
      <trkpt lat="46.31938" lon="11.01706">
        <ele>519.0</ele>
      </trkpt>
      <trkpt lat="46.32049" lon="11.01402">
        <ele>514.0</ele>
      </trkpt>
      <trkpt lat="46.32053" lon="11.01377">
        <ele>514.0</ele>
      </trkpt>
      <trkpt lat="46.32027" lon="11.01341">
        <ele>516.0</ele>
      </trkpt>
      <trkpt lat="46.31974" lon="11.01374">
        <ele>518.0</ele>
      </trkpt>
      <trkpt lat="46.31836" lon="11.01554">
        <ele>525.0</ele>
      </trkpt>
      <trkpt lat="46.31707" lon="11.01645">
        <ele>527.0</ele>
      </trkpt>
      <trkpt lat="46.31684" lon="11.01634">
        <ele>529.0</ele>
      </trkpt>
      <trkpt lat="46.31648" lon="11.01574">
        <ele>531.0</ele>
      </trkpt>
      <trkpt lat="46.31626" lon="11.01567">
        <ele>534.0</ele>
      </trkpt>
      <trkpt lat="46.31606" lon="11.01582">
        <ele>536.0</ele>
      </trkpt>
      <trkpt lat="46.31605" lon="11.01788">
        <ele>546.0</ele>
      </trkpt>
      <trkpt lat="46.31535" lon="11.01891">
        <ele>555.0</ele>
      </trkpt>
      <trkpt lat="46.31535" lon="11.02037">
        <ele>558.0</ele>
      </trkpt>
      <trkpt lat="46.31515" lon="11.02048">
        <ele>560.0</ele>
      </trkpt>
      <trkpt lat="46.31444" lon="11.01989">
        <ele>563.0</ele>
      </trkpt>
      <trkpt lat="46.31375" lon="11.02022">
        <ele>567.0</ele>
      </trkpt>
      <trkpt lat="46.31365" lon="11.02035">
        <ele>568.0</ele>
      </trkpt>
      <trkpt lat="46.31354" lon="11.02151">
        <ele>572.0</ele>
      </trkpt>
      <trkpt lat="46.31296" lon="11.0221">
        <ele>574.0</ele>
      </trkpt>
      <trkpt lat="46.31277" lon="11.02252">
        <ele>575.0</ele>
      </trkpt>
      <trkpt lat="46.31262" lon="11.02391">
        <ele>580.0</ele>
      </trkpt>
      <trkpt lat="46.31196" lon="11.02384">
        <ele>581.0</ele>
      </trkpt>
      <trkpt lat="46.31024" lon="11.02275">
        <ele>586.0</ele>
      </trkpt>
      <trkpt lat="46.30878" lon="11.02326">
        <ele>581.0</ele>
      </trkpt>
      <trkpt lat="46.30569" lon="11.02609">
        <ele>582.0</ele>
      </trkpt>
      <trkpt lat="46.3024" lon="11.02733">
        <ele>585.0</ele>
      </trkpt>
      <trkpt lat="46.30051" lon="11.02947">
        <ele>588.0</ele>
      </trkpt>
      <trkpt lat="46.30031" lon="11.02996">
        <ele>587.0</ele>
      </trkpt>
      <trkpt lat="46.29845" lon="11.03187">
        <ele>578.0</ele>
      </trkpt>
      <trkpt lat="46.29558" lon="11.03248">
        <ele>569.0</ele>
      </trkpt>
      <trkpt lat="46.29212" lon="11.0351">
        <ele>564.0</ele>
      </trkpt>
      <trkpt lat="46.29007" lon="11.03543">
        <ele>557.0</ele>
      </trkpt>
      <trkpt lat="46.2862" lon="11.03786">
        <ele>560.0</ele>
      </trkpt>
      <trkpt lat="46.28411" lon="11.03663">
        <ele>563.0</ele>
      </trkpt>
      <trkpt lat="46.28283" lon="11.03697">
        <ele>563.0</ele>
      </trkpt>
      <trkpt lat="46.28181" lon="11.03692">
        <ele>563.0</ele>
      </trkpt>
      <trkpt lat="46.28063" lon="11.03655">
        <ele>567.0</ele>
      </trkpt>
      <trkpt lat="46.27938" lon="11.03692">
        <ele>571.0</ele>
      </trkpt>
      <trkpt lat="46.27812" lon="11.03697">
        <ele>571.0</ele>
      </trkpt>
      <trkpt lat="46.27569" lon="11.0375">
        <ele>569.0</ele>
      </trkpt>
      <trkpt lat="46.27257" lon="11.0369">
        <ele>568.0</ele>
      </trkpt>
      <trkpt lat="46.26903" lon="11.03659">
        <ele>579.0</ele>
      </trkpt>
      <trkpt lat="46.26688" lon="11.03618">
        <ele>575.0</ele>
      </trkpt>
      <trkpt lat="46.26639" lon="11.03512">
        <ele>574.0</ele>
      </trkpt>
      <trkpt lat="46.26617" lon="11.03496">
        <ele>575.0</ele>
      </trkpt>
      <trkpt lat="46.26561" lon="11.03545">
        <ele>575.0</ele>
      </trkpt>
      <trkpt lat="46.26526" lon="11.03645">
        <ele>569.0</ele>
      </trkpt>
      <trkpt lat="46.26389" lon="11.03702">
        <ele>558.0</ele>
      </trkpt>
      <trkpt lat="46.26321" lon="11.03709">
        <ele>554.0</ele>
      </trkpt>
      <trkpt lat="46.2629" lon="11.03687">
        <ele>551.0</ele>
      </trkpt>
      <trkpt lat="46.2625" lon="11.03562">
        <ele>548.0</ele>
      </trkpt>
      <trkpt lat="46.26236" lon="11.03408">
        <ele>549.0</ele>
      </trkpt>
      <trkpt lat="46.26247" lon="11.03278">
        <ele>546.0</ele>
      </trkpt>
      <trkpt lat="46.26208" lon="11.03072">
        <ele>542.0</ele>
      </trkpt>
      <trkpt lat="46.26205" lon="11.02951">
        <ele>544.0</ele>
      </trkpt>
      <trkpt lat="46.26192" lon="11.02929">
        <ele>547.0</ele>
      </trkpt>
      <trkpt lat="46.26169" lon="11.02927">
        <ele>548.0</ele>
      </trkpt>
      <trkpt lat="46.26148" lon="11.02948">
        <ele>549.0</ele>
      </trkpt>
      <trkpt lat="46.26006" lon="11.03235">
        <ele>545.0</ele>
      </trkpt>
      <trkpt lat="46.25834" lon="11.03305">
        <ele>551.0</ele>
      </trkpt>
      <trkpt lat="46.25738" lon="11.03609">
        <ele>543.0</ele>
      </trkpt>
      <trkpt lat="46.25665" lon="11.03758">
        <ele>535.0</ele>
      </trkpt>
      <trkpt lat="46.25687" lon="11.04068">
        <ele>515.0</ele>
      </trkpt>
      <trkpt lat="46.25711" lon="11.04222">
        <ele>501.0</ele>
      </trkpt>
      <trkpt lat="46.25711" lon="11.0445">
        <ele>493.0</ele>
      </trkpt>
      <trkpt lat="46.25797" lon="11.0462">
        <ele>481.0</ele>
      </trkpt>
      <trkpt lat="46.25796" lon="11.04663">
        <ele>476.0</ele>
      </trkpt>
      <trkpt lat="46.25771" lon="11.04677">
        <ele>472.0</ele>
      </trkpt>
      <trkpt lat="46.2553" lon="11.04646">
        <ele>462.0</ele>
      </trkpt>
      <trkpt lat="46.2538" lon="11.0466">
        <ele>454.0</ele>
      </trkpt>
      <trkpt lat="46.25222" lon="11.04593">
        <ele>439.0</ele>
      </trkpt>
      <trkpt lat="46.25145" lon="11.0461">
        <ele>433.0</ele>
      </trkpt>
      <trkpt lat="46.25129" lon="11.04588">
        <ele>431.0</ele>
      </trkpt>
      <trkpt lat="46.25129" lon="11.04557">
        <ele>430.0</ele>
      </trkpt>
      <trkpt lat="46.25181" lon="11.04391">
        <ele>426.0</ele>
      </trkpt>
      <trkpt lat="46.25212" lon="11.04328">
        <ele>425.0</ele>
      </trkpt>
      <trkpt lat="46.25203" lon="11.04298">
        <ele>424.0</ele>
      </trkpt>
      <trkpt lat="46.25187" lon="11.04292">
        <ele>424.0</ele>
      </trkpt>
      <trkpt lat="46.25147" lon="11.04314">
        <ele>423.0</ele>
      </trkpt>
      <trkpt lat="46.25021" lon="11.04467">
        <ele>411.0</ele>
      </trkpt>
      <trkpt lat="46.24902" lon="11.04497">
        <ele>401.0</ele>
      </trkpt>
      <trkpt lat="46.24888" lon="11.04473">
        <ele>398.0</ele>
      </trkpt>
      <trkpt lat="46.24947" lon="11.04466">
        <ele>394.0</ele>
      </trkpt>
      <trkpt lat="46.24952" lon="11.04437">
        <ele>392.0</ele>
      </trkpt>
      <trkpt lat="46.24853" lon="11.04443">
        <ele>389.0</ele>
      </trkpt>
      <trkpt lat="46.24794" lon="11.04489">
        <ele>384.0</ele>
      </trkpt>
      <trkpt lat="46.24712" lon="11.04515">
        <ele>377.0</ele>
      </trkpt>
      <trkpt lat="46.24599" lon="11.04614">
        <ele>362.0</ele>
      </trkpt>
      <trkpt lat="46.24561" lon="11.04897">
        <ele>344.0</ele>
      </trkpt>
      <trkpt lat="46.24503" lon="11.05071">
        <ele>330.0</ele>
      </trkpt>
      <trkpt lat="46.24481" lon="11.05377">
        <ele>312.0</ele>
      </trkpt>
      <trkpt lat="46.245" lon="11.05584">
        <ele>290.0</ele>
      </trkpt>
      <trkpt lat="46.24475" lon="11.05645">
        <ele>285.0</ele>
      </trkpt>
      <trkpt lat="46.24308" lon="11.05729">
        <ele>272.0</ele>
      </trkpt>
      <trkpt lat="46.24266" lon="11.05878">
        <ele>265.0</ele>
      </trkpt>
      <trkpt lat="46.24179" lon="11.05849">
        <ele>262.0</ele>
      </trkpt>
      <trkpt lat="46.24071" lon="11.05722">
        <ele>262.0</ele>
      </trkpt>
      <trkpt lat="46.23963" lon="11.0565">
        <ele>263.0</ele>
      </trkpt>
      <trkpt lat="46.23868" lon="11.05601">
        <ele>263.0</ele>
      </trkpt>
      <trkpt lat="46.23812" lon="11.05608">
        <ele>265.0</ele>
      </trkpt>
      <trkpt lat="46.23763" lon="11.0567">
        <ele>268.0</ele>
      </trkpt>
      <trkpt lat="46.23736" lon="11.05844">
        <ele>273.0</ele>
      </trkpt>
      <trkpt lat="46.237" lon="11.05896">
        <ele>274.0</ele>
      </trkpt>
      <trkpt lat="46.23604" lon="11.05937">
        <ele>276.0</ele>
      </trkpt>
      <trkpt lat="46.23565" lon="11.06024">
        <ele>276.0</ele>
      </trkpt>
      <trkpt lat="46.23519" lon="11.06079">
        <ele>275.0</ele>
      </trkpt>
      <trkpt lat="46.23319" lon="11.06149">
        <ele>287.0</ele>
      </trkpt>
      <trkpt lat="46.23244" lon="11.06226">
        <ele>295.0</ele>
      </trkpt>
      <trkpt lat="46.2324" lon="11.06206">
        <ele>297.0</ele>
      </trkpt>
      <trkpt lat="46.2335" lon="11.06102">
        <ele>301.0</ele>
      </trkpt>
      <trkpt lat="46.23512" lon="11.06033">
        <ele>299.0</ele>
      </trkpt>
      <trkpt lat="46.23538" lon="11.0593">
        <ele>303.0</ele>
      </trkpt>
      <trkpt lat="46.23582" lon="11.05889">
        <ele>307.0</ele>
      </trkpt>
      <trkpt lat="46.23642" lon="11.0578">
        <ele>313.0</ele>
      </trkpt>
      <trkpt lat="46.23645" lon="11.0574">
        <ele>317.0</ele>
      </trkpt>
      <trkpt lat="46.23615" lon="11.05649">
        <ele>323.0</ele>
      </trkpt>
      <trkpt lat="46.2362" lon="11.05557">
        <ele>328.0</ele>
      </trkpt>
      <trkpt lat="46.23603" lon="11.05563">
        <ele>332.0</ele>
      </trkpt>
      <trkpt lat="46.23596" lon="11.05728">
        <ele>338.0</ele>
      </trkpt>
      <trkpt lat="46.23578" lon="11.05767">
        <ele>343.0</ele>
      </trkpt>
      <trkpt lat="46.23525" lon="11.05797">
        <ele>347.0</ele>
      </trkpt>
      <trkpt lat="46.23484" lon="11.05853">
        <ele>352.0</ele>
      </trkpt>
      <trkpt lat="46.23424" lon="11.05885">
        <ele>358.0</ele>
      </trkpt>
      <trkpt lat="46.23401" lon="11.05934">
        <ele>362.0</ele>
      </trkpt>
      <trkpt lat="46.23362" lon="11.05959">
        <ele>367.0</ele>
      </trkpt>
      <trkpt lat="46.23368" lon="11.06004">
        <ele>369.0</ele>
      </trkpt>
      <trkpt lat="46.23353" lon="11.06014">
        <ele>371.0</ele>
      </trkpt>
      <trkpt lat="46.23345" lon="11.05963">
        <ele>374.0</ele>
      </trkpt>
      <trkpt lat="46.23382" lon="11.0591">
        <ele>377.0</ele>
      </trkpt>
      <trkpt lat="46.23399" lon="11.05845">
        <ele>381.0</ele>
      </trkpt>
      <trkpt lat="46.23465" lon="11.05756">
        <ele>387.0</ele>
      </trkpt>
      <trkpt lat="46.2347" lon="11.05733">
        <ele>391.0</ele>
      </trkpt>
      <trkpt lat="46.23451" lon="11.05726">
        <ele>395.0</ele>
      </trkpt>
      <trkpt lat="46.23412" lon="11.05794">
        <ele>398.0</ele>
      </trkpt>
      <trkpt lat="46.23369" lon="11.05834">
        <ele>400.0</ele>
      </trkpt>
      <trkpt lat="46.23281" lon="11.05882">
        <ele>407.0</ele>
      </trkpt>
      <trkpt lat="46.23284" lon="11.05954">
        <ele>410.0</ele>
      </trkpt>
      <trkpt lat="46.23268" lon="11.05969">
        <ele>411.0</ele>
      </trkpt>
      <trkpt lat="46.23258" lon="11.05959">
        <ele>412.0</ele>
      </trkpt>
      <trkpt lat="46.23253" lon="11.0588">
        <ele>416.0</ele>
      </trkpt>
      <trkpt lat="46.23297" lon="11.05789">
        <ele>419.0</ele>
      </trkpt>
      <trkpt lat="46.23302" lon="11.05761">
        <ele>422.0</ele>
      </trkpt>
      <trkpt lat="46.23289" lon="11.05723">
        <ele>424.0</ele>
      </trkpt>
      <trkpt lat="46.23212" lon="11.05627">
        <ele>428.0</ele>
      </trkpt>
      <trkpt lat="46.23024" lon="11.05455">
        <ele>437.0</ele>
      </trkpt>
      <trkpt lat="46.22911" lon="11.05285">
        <ele>450.0</ele>
      </trkpt>
      <trkpt lat="46.22883" lon="11.05114">
        <ele>459.0</ele>
      </trkpt>
      <trkpt lat="46.22853" lon="11.05035">
        <ele>462.0</ele>
      </trkpt>
      <trkpt lat="46.22791" lon="11.04948">
        <ele>468.0</ele>
      </trkpt>
      <trkpt lat="46.22691" lon="11.04847">
        <ele>479.0</ele>
      </trkpt>
      <trkpt lat="46.22676" lon="11.04853">
        <ele>482.0</ele>
      </trkpt>
      <trkpt lat="46.22673" lon="11.04877">
        <ele>484.0</ele>
      </trkpt>
      <trkpt lat="46.22756" lon="11.05121">
        <ele>490.0</ele>
      </trkpt>
      <trkpt lat="46.22758" lon="11.05146">
        <ele>493.0</ele>
      </trkpt>
      <trkpt lat="46.22746" lon="11.05161">
        <ele>495.0</ele>
      </trkpt>
      <trkpt lat="46.22726" lon="11.05149">
        <ele>497.0</ele>
      </trkpt>
      <trkpt lat="46.22686" lon="11.05043">
        <ele>502.0</ele>
      </trkpt>
      <trkpt lat="46.22453" lon="11.04917">
        <ele>518.0</ele>
      </trkpt>
      <trkpt lat="46.22374" lon="11.04847">
        <ele>525.0</ele>
      </trkpt>
      <trkpt lat="46.2229" lon="11.04843">
        <ele>528.0</ele>
      </trkpt>
      <trkpt lat="46.22138" lon="11.04908">
        <ele>539.0</ele>
      </trkpt>
      <trkpt lat="46.2202" lon="11.04908">
        <ele>547.0</ele>
      </trkpt>
      <trkpt lat="46.21926" lon="11.04815">
        <ele>560.0</ele>
      </trkpt>
      <trkpt lat="46.21733" lon="11.04787">
        <ele>575.0</ele>
      </trkpt>
      <trkpt lat="46.21639" lon="11.0473">
        <ele>576.0</ele>
      </trkpt>
      <trkpt lat="46.2149" lon="11.04738">
        <ele>588.0</ele>
      </trkpt>
      <trkpt lat="46.21383" lon="11.04688">
        <ele>598.0</ele>
      </trkpt>
      <trkpt lat="46.21311" lon="11.04598">
        <ele>606.0</ele>
      </trkpt>
      <trkpt lat="46.21237" lon="11.04577">
        <ele>615.0</ele>
      </trkpt>
      <trkpt lat="46.21206" lon="11.04535">
        <ele>619.0</ele>
      </trkpt>
      <trkpt lat="46.21129" lon="11.04477">
        <ele>625.0</ele>
      </trkpt>
      <trkpt lat="46.21063" lon="11.04395">
        <ele>632.0</ele>
      </trkpt>
      <trkpt lat="46.20992" lon="11.04367">
        <ele>639.0</ele>
      </trkpt>
      <trkpt lat="46.20878" lon="11.04222">
        <ele>652.0</ele>
      </trkpt>
      <trkpt lat="46.20812" lon="11.04205">
        <ele>662.0</ele>
      </trkpt>
      <trkpt lat="46.20736" lon="11.0423">
        <ele>673.0</ele>
      </trkpt>
      <trkpt lat="46.20692" lon="11.04212">
        <ele>679.0</ele>
      </trkpt>
      <trkpt lat="46.20632" lon="11.04119">
        <ele>683.0</ele>
      </trkpt>
      <trkpt lat="46.20642" lon="11.04042">
        <ele>686.0</ele>
      </trkpt>
      <trkpt lat="46.20625" lon="11.04018">
        <ele>687.0</ele>
      </trkpt>
      <trkpt lat="46.20598" lon="11.04039">
        <ele>689.0</ele>
      </trkpt>
      <trkpt lat="46.20579" lon="11.04098">
        <ele>693.0</ele>
      </trkpt>
      <trkpt lat="46.20595" lon="11.04197">
        <ele>699.0</ele>
      </trkpt>
      <trkpt lat="46.20634" lon="11.04258">
        <ele>705.0</ele>
      </trkpt>
      <trkpt lat="46.20625" lon="11.04282">
        <ele>707.0</ele>
      </trkpt>
      <trkpt lat="46.2044" lon="11.04053">
        <ele>721.0</ele>
      </trkpt>
      <trkpt lat="46.20402" lon="11.04042">
        <ele>722.0</ele>
      </trkpt>
      <trkpt lat="46.20352" lon="11.04056">
        <ele>723.0</ele>
      </trkpt>
      <trkpt lat="46.20208" lon="11.04044">
        <ele>731.0</ele>
      </trkpt>
      <trkpt lat="46.20118" lon="11.04069">
        <ele>737.0</ele>
      </trkpt>
      <trkpt lat="46.19997" lon="11.04135">
        <ele>748.0</ele>
      </trkpt>
      <trkpt lat="46.19949" lon="11.04204">
        <ele>758.0</ele>
      </trkpt>
      <trkpt lat="46.19902" lon="11.04241">
        <ele>765.0</ele>
      </trkpt>
      <trkpt lat="46.1985" lon="11.0425">
        <ele>770.0</ele>
      </trkpt>
      <trkpt lat="46.19602" lon="11.04178">
        <ele>789.0</ele>
      </trkpt>
      <trkpt lat="46.19501" lon="11.04059">
        <ele>797.0</ele>
      </trkpt>
      <trkpt lat="46.19326" lon="11.04064">
        <ele>808.0</ele>
      </trkpt>
      <trkpt lat="46.19145" lon="11.04104">
        <ele>820.0</ele>
      </trkpt>
      <trkpt lat="46.1897" lon="11.04244">
        <ele>826.0</ele>
      </trkpt>
      <trkpt lat="46.18864" lon="11.04276">
        <ele>832.0</ele>
      </trkpt>
      <trkpt lat="46.18779" lon="11.04134">
        <ele>840.0</ele>
      </trkpt>
      <trkpt lat="46.18705" lon="11.04079">
        <ele>843.0</ele>
      </trkpt>
      <trkpt lat="46.1863" lon="11.04073">
        <ele>845.0</ele>
      </trkpt>
      <trkpt lat="46.18595" lon="11.04045">
        <ele>848.0</ele>
      </trkpt>
      <trkpt lat="46.18492" lon="11.03504">
        <ele>851.0</ele>
      </trkpt>
      <trkpt lat="46.18573" lon="11.03363">
        <ele>855.0</ele>
      </trkpt>
      <trkpt lat="46.18607" lon="11.03139">
        <ele>857.0</ele>
      </trkpt>
      <trkpt lat="46.18514" lon="11.02983">
        <ele>857.0</ele>
      </trkpt>
      <trkpt lat="46.18435" lon="11.02944">
        <ele>859.0</ele>
      </trkpt>
      <trkpt lat="46.18351" lon="11.02815">
        <ele>865.0</ele>
      </trkpt>
      <trkpt lat="46.18403" lon="11.02648">
        <ele>860.0</ele>
      </trkpt>
      <trkpt lat="46.18363" lon="11.0251">
        <ele>858.0</ele>
      </trkpt>
      <trkpt lat="46.18357" lon="11.02406">
        <ele>861.0</ele>
      </trkpt>
      <trkpt lat="46.18644" lon="11.02275">
        <ele>884.0</ele>
      </trkpt>
      <trkpt lat="46.18692" lon="11.02171">
        <ele>893.0</ele>
      </trkpt>
      <trkpt lat="46.18688" lon="11.02134">
        <ele>896.0</ele>
      </trkpt>
      <trkpt lat="46.18666" lon="11.02118">
        <ele>898.0</ele>
      </trkpt>
      <trkpt lat="46.18541" lon="11.0212">
        <ele>907.0</ele>
      </trkpt>
      <trkpt lat="46.18227" lon="11.02187">
        <ele>923.0</ele>
      </trkpt>
      <trkpt lat="46.18116" lon="11.02087">
        <ele>934.0</ele>
      </trkpt>
      <trkpt lat="46.18104" lon="11.0205">
        <ele>943.0</ele>
      </trkpt>
      <trkpt lat="46.18122" lon="11.02034">
        <ele>946.0</ele>
      </trkpt>
      <trkpt lat="46.1827" lon="11.0208">
        <ele>957.0</ele>
      </trkpt>
      <trkpt lat="46.18324" lon="11.02042">
        <ele>962.0</ele>
      </trkpt>
      <trkpt lat="46.18327" lon="11.02003">
        <ele>966.0</ele>
      </trkpt>
      <trkpt lat="46.1817" lon="11.01929">
        <ele>977.0</ele>
      </trkpt>
      <trkpt lat="46.17933" lon="11.01909">
        <ele>992.0</ele>
      </trkpt>
      <trkpt lat="46.17842" lon="11.01836">
        <ele>1009.0</ele>
      </trkpt>
      <trkpt lat="46.17768" lon="11.018">
        <ele>1015.0</ele>
      </trkpt>
      <trkpt lat="46.17743" lon="11.01757">
        <ele>1019.0</ele>
      </trkpt>
      <trkpt lat="46.17733" lon="11.01639">
        <ele>1024.0</ele>
      </trkpt>
      <trkpt lat="46.17656" lon="11.01453">
        <ele>1021.0</ele>
      </trkpt>
      <trkpt lat="46.17503" lon="11.01304">
        <ele>1025.0</ele>
      </trkpt>
      <trkpt lat="46.17351" lon="11.01081">
        <ele>1027.0</ele>
      </trkpt>
      <trkpt lat="46.17247" lon="11.00894">
        <ele>1023.0</ele>
      </trkpt>
      <trkpt lat="46.17132" lon="11.00815">
        <ele>1023.0</ele>
      </trkpt>
      <trkpt lat="46.1671" lon="11.00398">
        <ele>1015.0</ele>
      </trkpt>
      <trkpt lat="46.16633" lon="11.00338">
        <ele>1016.0</ele>
      </trkpt>
      <trkpt lat="46.16587" lon="11.00312">
        <ele>1018.0</ele>
      </trkpt>
      <trkpt lat="46.16491" lon="11.00332">
        <ele>1022.0</ele>
      </trkpt>
      <trkpt lat="46.16463" lon="11.00317">
        <ele>1022.0</ele>
      </trkpt>
      <trkpt lat="46.16402" lon="11.00241">
        <ele>1022.0</ele>
      </trkpt>
      <trkpt lat="46.16317" lon="11.00052">
        <ele>1020.0</ele>
      </trkpt>
      <trkpt lat="46.16191" lon="10.99952">
        <ele>1016.0</ele>
      </trkpt>
      <trkpt lat="46.16099" lon="10.99775">
        <ele>1015.0</ele>
      </trkpt>
      <trkpt lat="46.16062" lon="10.99734">
        <ele>1014.0</ele>
      </trkpt>
      <trkpt lat="46.1592" lon="10.99647">
        <ele>1011.0</ele>
      </trkpt>
      <trkpt lat="46.15822" lon="10.99626">
        <ele>1011.0</ele>
      </trkpt>
      <trkpt lat="46.15691" lon="10.99561">
        <ele>1010.0</ele>
      </trkpt>
      <trkpt lat="46.15666" lon="10.99503">
        <ele>1008.0</ele>
      </trkpt>
      <trkpt lat="46.15635" lon="10.99344">
        <ele>1005.0</ele>
      </trkpt>
      <trkpt lat="46.15551" lon="10.99164">
        <ele>1005.0</ele>
      </trkpt>
      <trkpt lat="46.15521" lon="10.99021">
        <ele>1007.0</ele>
      </trkpt>
      <trkpt lat="46.15477" lon="10.98898">
        <ele>1009.0</ele>
      </trkpt>
      <trkpt lat="46.15454" lon="10.9886">
        <ele>1011.0</ele>
      </trkpt>
      <trkpt lat="46.15351" lon="10.98766">
        <ele>1012.0</ele>
      </trkpt>
      <trkpt lat="46.15268" lon="10.98591">
        <ele>1012.0</ele>
      </trkpt>
      <trkpt lat="46.15251" lon="10.98464">
        <ele>1011.0</ele>
      </trkpt>
      <trkpt lat="46.15288" lon="10.98372">
        <ele>1010.0</ele>
      </trkpt>
      <trkpt lat="46.15268" lon="10.98269">
        <ele>1007.0</ele>
      </trkpt>
      <trkpt lat="46.15191" lon="10.98171">
        <ele>1002.0</ele>
      </trkpt>
      <trkpt lat="46.15096" lon="10.98014">
        <ele>998.0</ele>
      </trkpt>
      <trkpt lat="46.15096" lon="10.97988">
        <ele>990.0</ele>
      </trkpt>
      <trkpt lat="46.15078" lon="10.97988">
        <ele>988.0</ele>
      </trkpt>
      <trkpt lat="46.14946" lon="10.97783">
        <ele>976.0</ele>
      </trkpt>
      <trkpt lat="46.1489" lon="10.97727">
        <ele>971.0</ele>
      </trkpt>
      <trkpt lat="46.1475" lon="10.97635">
        <ele>959.0</ele>
      </trkpt>
      <trkpt lat="46.14571" lon="10.97433">
        <ele>940.0</ele>
      </trkpt>
      <trkpt lat="46.14561" lon="10.97349">
        <ele>932.0</ele>
      </trkpt>
      <trkpt lat="46.14606" lon="10.97242">
        <ele>927.0</ele>
      </trkpt>
      <trkpt lat="46.14607" lon="10.97182">
        <ele>924.0</ele>
      </trkpt>
      <trkpt lat="46.14394" lon="10.96858">
        <ele>906.0</ele>
      </trkpt>
      <trkpt lat="46.14386" lon="10.968">
        <ele>901.0</ele>
      </trkpt>
      <trkpt lat="46.14425" lon="10.96532">
        <ele>890.0</ele>
      </trkpt>
      <trkpt lat="46.14399" lon="10.96469">
        <ele>890.0</ele>
      </trkpt>
      <trkpt lat="46.14308" lon="10.96418">
        <ele>886.0</ele>
      </trkpt>
      <trkpt lat="46.14245" lon="10.96211">
        <ele>871.0</ele>
      </trkpt>
      <trkpt lat="46.14225" lon="10.96204">
        <ele>868.0</ele>
      </trkpt>
      <trkpt lat="46.14211" lon="10.96226">
        <ele>866.0</ele>
      </trkpt>
      <trkpt lat="46.14242" lon="10.96308">
        <ele>862.0</ele>
      </trkpt>
      <trkpt lat="46.14242" lon="10.96364">
        <ele>858.0</ele>
      </trkpt>
      <trkpt lat="46.14171" lon="10.96532">
        <ele>852.0</ele>
      </trkpt>
      <trkpt lat="46.14095" lon="10.96588">
        <ele>846.0</ele>
      </trkpt>
      <trkpt lat="46.14087" lon="10.96613">
        <ele>844.0</ele>
      </trkpt>
      <trkpt lat="46.14116" lon="10.96737">
        <ele>838.0</ele>
      </trkpt>
      <trkpt lat="46.14154" lon="10.96812">
        <ele>831.0</ele>
      </trkpt>
      <trkpt lat="46.14144" lon="10.96899">
        <ele>830.0</ele>
      </trkpt>
      <trkpt lat="46.14104" lon="10.96947">
        <ele>830.0</ele>
      </trkpt>
      <trkpt lat="46.14024" lon="10.96986">
        <ele>831.0</ele>
      </trkpt>
      <trkpt lat="46.13867" lon="10.97099">
        <ele>842.0</ele>
      </trkpt>
      <trkpt lat="46.13746" lon="10.97074">
        <ele>843.0</ele>
      </trkpt>
      <trkpt lat="46.13676" lon="10.9703">
        <ele>842.0</ele>
      </trkpt>
      <trkpt lat="46.13484" lon="10.97006">
        <ele>850.0</ele>
      </trkpt>
      <trkpt lat="46.13382" lon="10.96934">
        <ele>857.0</ele>
      </trkpt>
      <trkpt lat="46.13296" lon="10.96927">
        <ele>856.0</ele>
      </trkpt>
      <trkpt lat="46.13142" lon="10.96866">
        <ele>851.0</ele>
      </trkpt>
      <trkpt lat="46.13005" lon="10.96863">
        <ele>846.0</ele>
      </trkpt>
      <trkpt lat="46.12945" lon="10.96836">
        <ele>844.0</ele>
      </trkpt>
      <trkpt lat="46.12799" lon="10.96807">
        <ele>843.0</ele>
      </trkpt>
      <trkpt lat="46.12667" lon="10.96738">
        <ele>846.0</ele>
      </trkpt>
      <trkpt lat="46.12585" lon="10.96676">
        <ele>848.0</ele>
      </trkpt>
      <trkpt lat="46.12284" lon="10.96685">
        <ele>847.0</ele>
      </trkpt>
      <trkpt lat="46.12094" lon="10.96582">
        <ele>849.0</ele>
      </trkpt>
      <trkpt lat="46.11834" lon="10.96291">
        <ele>846.0</ele>
      </trkpt>
      <trkpt lat="46.11728" lon="10.96222">
        <ele>846.0</ele>
      </trkpt>
      <trkpt lat="46.11676" lon="10.9624">
        <ele>847.0</ele>
      </trkpt>
      <trkpt lat="46.11571" lon="10.96164">
        <ele>845.0</ele>
      </trkpt>
      <trkpt lat="46.11521" lon="10.96036">
        <ele>843.0</ele>
      </trkpt>
      <trkpt lat="46.11495" lon="10.95931">
        <ele>844.0</ele>
      </trkpt>
      <trkpt lat="46.11351" lon="10.95706">
        <ele>849.0</ele>
      </trkpt>
      <trkpt lat="46.11248" lon="10.9539">
        <ele>852.0</ele>
      </trkpt>
      <trkpt lat="46.11246" lon="10.95314">
        <ele>852.0</ele>
      </trkpt>
      <trkpt lat="46.11209" lon="10.95219">
        <ele>850.0</ele>
      </trkpt>
      <trkpt lat="46.11193" lon="10.95117">
        <ele>847.0</ele>
      </trkpt>
      <trkpt lat="46.11136" lon="10.95021">
        <ele>845.0</ele>
      </trkpt>
      <trkpt lat="46.11065" lon="10.94936">
        <ele>843.0</ele>
      </trkpt>
      <trkpt lat="46.11001" lon="10.94821">
        <ele>842.0</ele>
      </trkpt>
      <trkpt lat="46.10876" lon="10.94658">
        <ele>843.0</ele>
      </trkpt>
      <trkpt lat="46.1083" lon="10.94382">
        <ele>840.0</ele>
      </trkpt>
      <trkpt lat="46.10802" lon="10.94324">
        <ele>838.0</ele>
      </trkpt>
      <trkpt lat="46.10769" lon="10.94305">
        <ele>837.0</ele>
      </trkpt>
      <trkpt lat="46.10631" lon="10.9431">
        <ele>835.0</ele>
      </trkpt>
      <trkpt lat="46.10552" lon="10.94295">
        <ele>834.0</ele>
      </trkpt>
      <trkpt lat="46.10404" lon="10.94211">
        <ele>831.0</ele>
      </trkpt>
      <trkpt lat="46.10301" lon="10.9423">
        <ele>827.0</ele>
      </trkpt>
      <trkpt lat="46.10154" lon="10.94087">
        <ele>823.0</ele>
      </trkpt>
      <trkpt lat="46.09791" lon="10.93821">
        <ele>818.0</ele>
      </trkpt>
      <trkpt lat="46.09601" lon="10.93576">
        <ele>809.0</ele>
      </trkpt>
      <trkpt lat="46.09573" lon="10.93429">
        <ele>801.0</ele>
      </trkpt>
      <trkpt lat="46.09609" lon="10.93313">
        <ele>796.0</ele>
      </trkpt>
      <trkpt lat="46.0961" lon="10.93259">
        <ele>794.0</ele>
      </trkpt>
      <trkpt lat="46.09473" lon="10.92963">
        <ele>791.0</ele>
      </trkpt>
      <trkpt lat="46.09386" lon="10.92827">
        <ele>790.0</ele>
      </trkpt>
      <trkpt lat="46.09291" lon="10.92707">
        <ele>787.0</ele>
      </trkpt>
      <trkpt lat="46.09239" lon="10.92673">
        <ele>783.0</ele>
      </trkpt>
      <trkpt lat="46.09143" lon="10.92527">
        <ele>786.0</ele>
      </trkpt>
      <trkpt lat="46.09087" lon="10.92475">
        <ele>789.0</ele>
      </trkpt>
      <trkpt lat="46.09049" lon="10.92395">
        <ele>790.27</ele>
      </trkpt>
      <trkpt lat="46.08966" lon="10.92343">
        <ele>792.34</ele>
      </trkpt>
      <trkpt lat="46.08867" lon="10.92141">
        <ele>796.18</ele>
      </trkpt>
      <trkpt lat="46.0876" lon="10.92004">
        <ele>799.36</ele>
      </trkpt>
      <trkpt lat="46.08596" lon="10.9186">
        <ele>803.64</ele>
      </trkpt>
      <trkpt lat="46.08354" lon="10.91725">
        <ele>809.42</ele>
      </trkpt>
      <trkpt lat="46.08247" lon="10.91599">
        <ele>792.0</ele>
      </trkpt>
      <trkpt lat="46.08085" lon="10.91555">
        <ele>782.0</ele>
      </trkpt>
      <trkpt lat="46.0802" lon="10.91456">
        <ele>782.0</ele>
      </trkpt>
      <trkpt lat="46.07837" lon="10.91303">
        <ele>775.0</ele>
      </trkpt>
      <trkpt lat="46.07725" lon="10.91274">
        <ele>768.0</ele>
      </trkpt>
      <trkpt lat="46.07665" lon="10.91281">
        <ele>751.0</ele>
      </trkpt>
      <trkpt lat="46.077" lon="10.91176">
        <ele>742.0</ele>
      </trkpt>
      <trkpt lat="46.07693" lon="10.91037">
        <ele>738.0</ele>
      </trkpt>
      <trkpt lat="46.07666" lon="10.90913">
        <ele>730.0</ele>
      </trkpt>
      <trkpt lat="46.07695" lon="10.90711">
        <ele>724.0</ele>
      </trkpt>
      <trkpt lat="46.07662" lon="10.90705">
        <ele>722.0</ele>
      </trkpt>
      <trkpt lat="46.07617" lon="10.908">
        <ele>715.0</ele>
      </trkpt>
      <trkpt lat="46.07581" lon="10.90784">
        <ele>712.0</ele>
      </trkpt>
      <trkpt lat="46.07563" lon="10.90626">
        <ele>704.0</ele>
      </trkpt>
      <trkpt lat="46.07537" lon="10.90523">
        <ele>698.0</ele>
      </trkpt>
      <trkpt lat="46.0744" lon="10.90272">
        <ele>685.0</ele>
      </trkpt>
      <trkpt lat="46.07335" lon="10.89898">
        <ele>669.0</ele>
      </trkpt>
      <trkpt lat="46.07336" lon="10.89509">
        <ele>640.0</ele>
      </trkpt>
      <trkpt lat="46.0732" lon="10.8941">
        <ele>634.0</ele>
      </trkpt>
      <trkpt lat="46.0731" lon="10.89395">
        <ele>632.0</ele>
      </trkpt>
      <trkpt lat="46.07289" lon="10.89399">
        <ele>629.0</ele>
      </trkpt>
      <trkpt lat="46.07273" lon="10.89465">
        <ele>624.0</ele>
      </trkpt>
      <trkpt lat="46.07255" lon="10.89434">
        <ele>621.0</ele>
      </trkpt>
      <trkpt lat="46.07269" lon="10.89385">
        <ele>621.0</ele>
      </trkpt>
      <trkpt lat="46.07304" lon="10.89365">
        <ele>620.0</ele>
      </trkpt>
      <trkpt lat="46.07417" lon="10.89384">
        <ele>620.0</ele>
      </trkpt>
      <trkpt lat="46.07454" lon="10.894">
        <ele>619.0</ele>
      </trkpt>
      <trkpt lat="46.07497" lon="10.8945">
        <ele>613.0</ele>
      </trkpt>
      <trkpt lat="46.07522" lon="10.89444">
        <ele>610.0</ele>
      </trkpt>
      <trkpt lat="46.07535" lon="10.89336">
        <ele>604.0</ele>
      </trkpt>
      <trkpt lat="46.07603" lon="10.89162">
        <ele>598.0</ele>
      </trkpt>
      <trkpt lat="46.07598" lon="10.89102">
        <ele>592.0</ele>
      </trkpt>
      <trkpt lat="46.07457" lon="10.89085">
        <ele>586.0</ele>
      </trkpt>
      <trkpt lat="46.07422" lon="10.89119">
        <ele>585.0</ele>
      </trkpt>
      <trkpt lat="46.07367" lon="10.89115">
        <ele>587.0</ele>
      </trkpt>
      <trkpt lat="46.07263" lon="10.89039">
        <ele>593.0</ele>
      </trkpt>
      <trkpt lat="46.07131" lon="10.8907">
        <ele>593.0</ele>
      </trkpt>
      <trkpt lat="46.0703" lon="10.89138">
        <ele>591.0</ele>
      </trkpt>
      <trkpt lat="46.06968" lon="10.89145">
        <ele>589.0</ele>
      </trkpt>
      <trkpt lat="46.0693" lon="10.89168">
        <ele>588.0</ele>
      </trkpt>
      <trkpt lat="46.06874" lon="10.89156">
        <ele>587.0</ele>
      </trkpt>
      <trkpt lat="46.0677" lon="10.8918">
        <ele>586.0</ele>
      </trkpt>
      <trkpt lat="46.06733" lon="10.89224">
        <ele>585.0</ele>
      </trkpt>
      <trkpt lat="46.06676" lon="10.89347">
        <ele>586.0</ele>
      </trkpt>
      <trkpt lat="46.06645" lon="10.89366">
        <ele>586.0</ele>
      </trkpt>
      <trkpt lat="46.06599" lon="10.89361">
        <ele>586.0</ele>
      </trkpt>
      <trkpt lat="46.0653" lon="10.89313">
        <ele>585.0</ele>
      </trkpt>
      <trkpt lat="46.0647" lon="10.89185">
        <ele>584.0</ele>
      </trkpt>
      <trkpt lat="46.06398" lon="10.89123">
        <ele>586.0</ele>
      </trkpt>
      <trkpt lat="46.06388" lon="10.88954">
        <ele>588.0</ele>
      </trkpt>
      <trkpt lat="46.06372" lon="10.88919">
        <ele>589.0</ele>
      </trkpt>
      <trkpt lat="46.06334" lon="10.88909">
        <ele>589.0</ele>
      </trkpt>
      <trkpt lat="46.06287" lon="10.88978">
        <ele>590.0</ele>
      </trkpt>
      <trkpt lat="46.06266" lon="10.88985">
        <ele>590.0</ele>
      </trkpt>
      <trkpt lat="46.06173" lon="10.88885">
        <ele>592.0</ele>
      </trkpt>
      <trkpt lat="46.06144" lon="10.88879">
        <ele>595.0</ele>
      </trkpt>
      <trkpt lat="46.06116" lon="10.88925">
        <ele>597.0</ele>
      </trkpt>
      <trkpt lat="46.06151" lon="10.89045">
        <ele>596.0</ele>
      </trkpt>
      <trkpt lat="46.06145" lon="10.89095">
        <ele>595.0</ele>
      </trkpt>
      <trkpt lat="46.06072" lon="10.89164">
        <ele>593.0</ele>
      </trkpt>
      <trkpt lat="46.05992" lon="10.8919">
        <ele>592.0</ele>
      </trkpt>
      <trkpt lat="46.05971" lon="10.89264">
        <ele>592.0</ele>
      </trkpt>
      <trkpt lat="46.0594" lon="10.89308">
        <ele>592.0</ele>
      </trkpt>
      <trkpt lat="46.0575" lon="10.89456">
        <ele>596.0</ele>
      </trkpt>
      <trkpt lat="46.05719" lon="10.89541">
        <ele>597.0</ele>
      </trkpt>
      <trkpt lat="46.05732" lon="10.89668">
        <ele>598.0</ele>
      </trkpt>
      <trkpt lat="46.05716" lon="10.89723">
        <ele>597.0</ele>
      </trkpt>
      <trkpt lat="46.05598" lon="10.89813">
        <ele>590.0</ele>
      </trkpt>
      <trkpt lat="46.05487" lon="10.89805">
        <ele>586.0</ele>
      </trkpt>
      <trkpt lat="46.05446" lon="10.89784">
        <ele>585.0</ele>
      </trkpt>
      <trkpt lat="46.05252" lon="10.89527">
        <ele>583.0</ele>
      </trkpt>
      <trkpt lat="46.05107" lon="10.89384">
        <ele>579.0</ele>
      </trkpt>
      <trkpt lat="46.04998" lon="10.89304">
        <ele>567.0</ele>
      </trkpt>
      <trkpt lat="46.0489" lon="10.89151">
        <ele>560.0</ele>
      </trkpt>
      <trkpt lat="46.04815" lon="10.89015">
        <ele>545.0</ele>
      </trkpt>
      <trkpt lat="46.04745" lon="10.88934">
        <ele>538.0</ele>
      </trkpt>
      <trkpt lat="46.0453" lon="10.88502">
        <ele>515.0</ele>
      </trkpt>
      <trkpt lat="46.04534" lon="10.88377">
        <ele>502.0</ele>
      </trkpt>
      <trkpt lat="46.04521" lon="10.88358">
        <ele>499.0</ele>
      </trkpt>
      <trkpt lat="46.04511" lon="10.88375">
        <ele>497.0</ele>
      </trkpt>
      <trkpt lat="46.04514" lon="10.88436">
        <ele>494.0</ele>
      </trkpt>
      <trkpt lat="46.04485" lon="10.8852">
        <ele>491.0</ele>
      </trkpt>
      <trkpt lat="46.04545" lon="10.8874">
        <ele>487.0</ele>
      </trkpt>
      <trkpt lat="46.04548" lon="10.88983">
        <ele>480.0</ele>
      </trkpt>
      <trkpt lat="46.04565" lon="10.89022">
        <ele>475.0</ele>
      </trkpt>
      <trkpt lat="46.0464" lon="10.89045">
        <ele>473.0</ele>
      </trkpt>
      <trkpt lat="46.0467" lon="10.89079">
        <ele>473.0</ele>
      </trkpt>
      <trkpt lat="46.04707" lon="10.89216">
        <ele>472.0</ele>
      </trkpt>
      <trkpt lat="46.04699" lon="10.89378">
        <ele>445.0</ele>
      </trkpt>
      <trkpt lat="46.04617" lon="10.89381">
        <ele>428.0</ele>
      </trkpt>
      <trkpt lat="46.04592" lon="10.89345">
        <ele>418.0</ele>
      </trkpt>
      <trkpt lat="46.04551" lon="10.89209">
        <ele>417.0</ele>
      </trkpt>
      <trkpt lat="46.04522" lon="10.89157">
        <ele>417.0</ele>
      </trkpt>
      <trkpt lat="46.04501" lon="10.89152">
        <ele>418.0</ele>
      </trkpt>
      <trkpt lat="46.04449" lon="10.89191">
        <ele>420.0</ele>
      </trkpt>
      <trkpt lat="46.04422" lon="10.89171">
        <ele>423.0</ele>
      </trkpt>
      <trkpt lat="46.04394" lon="10.89017">
        <ele>426.0</ele>
      </trkpt>
      <trkpt lat="46.04402" lon="10.88868">
        <ele>414.0</ele>
      </trkpt>
      <trkpt lat="46.04363" lon="10.88807">
        <ele>406.0</ele>
      </trkpt>
      <trkpt lat="46.04293" lon="10.88756">
        <ele>407.0</ele>
      </trkpt>
      <trkpt lat="46.04266" lon="10.88693">
        <ele>412.0</ele>
      </trkpt>
      <trkpt lat="46.04217" lon="10.88649">
        <ele>417.0</ele>
      </trkpt>
      <trkpt lat="46.04192" lon="10.88591">
        <ele>417.0</ele>
      </trkpt>
      <trkpt lat="46.04126" lon="10.88303">
        <ele>408.0</ele>
      </trkpt>
      <trkpt lat="46.04078" lon="10.87968">
        <ele>400.0</ele>
      </trkpt>
      <trkpt lat="46.04058" lon="10.87913">
        <ele>400.0</ele>
      </trkpt>
      <trkpt lat="46.03843" lon="10.87675">
        <ele>401.0</ele>
      </trkpt>
      <trkpt lat="46.03629" lon="10.87489">
        <ele>401.0</ele>
      </trkpt>
      <trkpt lat="46.03498" lon="10.87189">
        <ele>401.0</ele>
      </trkpt>
      <trkpt lat="46.03472" lon="10.87009">
        <ele>402.0</ele>
      </trkpt>
      <trkpt lat="46.03454" lon="10.87025">
        <ele>402.0</ele>
      </trkpt>
      <trkpt lat="46.03237" lon="10.86993">
        <ele>404.0</ele>
      </trkpt>
      <trkpt lat="46.03162" lon="10.86884">
        <ele>405.0</ele>
      </trkpt>
      <trkpt lat="46.03041" lon="10.86837">
        <ele>412.0</ele>
      </trkpt>
      <trkpt lat="46.03024" lon="10.86855">
        <ele>415.0</ele>
      </trkpt>
      <trkpt lat="46.03028" lon="10.86925">
        <ele>419.0</ele>
      </trkpt>
      <trkpt lat="46.03015" lon="10.86927">
        <ele>421.0</ele>
      </trkpt>
      <trkpt lat="46.0299" lon="10.86771">
        <ele>431.0</ele>
      </trkpt>
      <trkpt lat="46.02817" lon="10.8653">
        <ele>449.0</ele>
      </trkpt>
      <trkpt lat="46.02807" lon="10.86543">
        <ele>451.0</ele>
      </trkpt>
      <trkpt lat="46.02833" lon="10.86709">
        <ele>455.0</ele>
      </trkpt>
      <trkpt lat="46.02857" lon="10.86753">
        <ele>458.0</ele>
      </trkpt>
      <trkpt lat="46.02915" lon="10.86804">
        <ele>463.0</ele>
      </trkpt>
      <trkpt lat="46.02914" lon="10.86821">
        <ele>465.0</ele>
      </trkpt>
      <trkpt lat="46.0285" lon="10.86791">
        <ele>468.0</ele>
      </trkpt>
      <trkpt lat="46.02775" lon="10.86815">
        <ele>471.0</ele>
      </trkpt>
      <trkpt lat="46.02709" lon="10.86795">
        <ele>475.0</ele>
      </trkpt>
      <trkpt lat="46.02547" lon="10.86592">
        <ele>482.0</ele>
      </trkpt>
      <trkpt lat="46.02452" lon="10.86507">
        <ele>489.0</ele>
      </trkpt>
      <trkpt lat="46.02391" lon="10.86567">
        <ele>492.0</ele>
      </trkpt>
      <trkpt lat="46.01926" lon="10.86818">
        <ele>490.0</ele>
      </trkpt>
      <trkpt lat="46.01734" lon="10.86808">
        <ele>488.0</ele>
      </trkpt>
      <trkpt lat="46.01609" lon="10.86694">
        <ele>487.0</ele>
      </trkpt>
      <trkpt lat="46.01514" lon="10.8673">
        <ele>487.0</ele>
      </trkpt>
      <trkpt lat="46.0142" lon="10.8674">
        <ele>486.0</ele>
      </trkpt>
      <trkpt lat="46.01323" lon="10.86791">
        <ele>485.0</ele>
      </trkpt>
      <trkpt lat="46.01308" lon="10.86772">
        <ele>485.0</ele>
      </trkpt>
      <trkpt lat="46.01229" lon="10.8652">
        <ele>487.0</ele>
      </trkpt>
      <trkpt lat="46.01167" lon="10.86417">
        <ele>491.0</ele>
      </trkpt>
      <trkpt lat="46.01134" lon="10.86145">
        <ele>498.0</ele>
      </trkpt>
      <trkpt lat="46.01179" lon="10.86045">
        <ele>501.0</ele>
      </trkpt>
      <trkpt lat="46.01246" lon="10.8597">
        <ele>505.0</ele>
      </trkpt>
      <trkpt lat="46.01437" lon="10.85537">
        <ele>520.0</ele>
      </trkpt>
      <trkpt lat="46.01433" lon="10.85497">
        <ele>531.0</ele>
      </trkpt>
      <trkpt lat="46.01317" lon="10.85527">
        <ele>538.0</ele>
      </trkpt>
      <trkpt lat="46.01125" lon="10.85523">
        <ele>551.0</ele>
      </trkpt>
      <trkpt lat="46.01113" lon="10.85502">
        <ele>555.0</ele>
      </trkpt>
      <trkpt lat="46.0111" lon="10.85419">
        <ele>560.0</ele>
      </trkpt>
      <trkpt lat="46.01018" lon="10.85292">
        <ele>565.0</ele>
      </trkpt>
      <trkpt lat="46.00967" lon="10.85233">
        <ele>573.0</ele>
      </trkpt>
      <trkpt lat="46.0081" lon="10.85107">
        <ele>585.0</ele>
      </trkpt>
      <trkpt lat="46.00805" lon="10.85063">
        <ele>592.0</ele>
      </trkpt>
      <trkpt lat="46.0082" lon="10.84991">
        <ele>599.0</ele>
      </trkpt>
      <trkpt lat="46.00782" lon="10.84935">
        <ele>604.0</ele>
      </trkpt>
      <trkpt lat="46.00419" lon="10.84766">
        <ele>618.0</ele>
      </trkpt>
      <trkpt lat="45.99961" lon="10.84496">
        <ele>645.0</ele>
      </trkpt>
      <trkpt lat="45.99666" lon="10.84257">
        <ele>650.0</ele>
      </trkpt>
      <trkpt lat="45.99641" lon="10.84198">
        <ele>653.0</ele>
      </trkpt>
      <trkpt lat="45.9962" lon="10.84065">
        <ele>653.0</ele>
      </trkpt>
      <trkpt lat="45.99424" lon="10.83976">
        <ele>653.0</ele>
      </trkpt>
      <trkpt lat="45.99246" lon="10.83799">
        <ele>652.0</ele>
      </trkpt>
      <trkpt lat="45.99117" lon="10.8381">
        <ele>652.0</ele>
      </trkpt>
      <trkpt lat="45.98829" lon="10.8335">
        <ele>653.0</ele>
      </trkpt>
      <trkpt lat="45.98716" lon="10.83033">
        <ele>660.0</ele>
      </trkpt>
      <trkpt lat="45.98635" lon="10.82903">
        <ele>667.0</ele>
      </trkpt>
      <trkpt lat="45.98573" lon="10.82721">
        <ele>681.0</ele>
      </trkpt>
      <trkpt lat="45.98442" lon="10.82598">
        <ele>692.0</ele>
      </trkpt>
      <trkpt lat="45.98255" lon="10.82564">
        <ele>706.0</ele>
      </trkpt>
      <trkpt lat="45.98137" lon="10.82472">
        <ele>713.0</ele>
      </trkpt>
      <trkpt lat="45.97996" lon="10.82461">
        <ele>728.0</ele>
      </trkpt>
      <trkpt lat="45.97939" lon="10.82407">
        <ele>732.0</ele>
      </trkpt>
      <trkpt lat="45.97833" lon="10.82267">
        <ele>742.0</ele>
      </trkpt>
      <trkpt lat="45.97673" lon="10.82202">
        <ele>747.0</ele>
      </trkpt>
      <trkpt lat="45.97559" lon="10.82125">
        <ele>755.0</ele>
      </trkpt>
      <trkpt lat="45.97433" lon="10.81985">
        <ele>762.0</ele>
      </trkpt>
      <trkpt lat="45.97304" lon="10.8178">
        <ele>759.0</ele>
      </trkpt>
      <trkpt lat="45.971" lon="10.8162">
        <ele>754.0</ele>
      </trkpt>
      <trkpt lat="45.96968" lon="10.8134">
        <ele>751.0</ele>
      </trkpt>
      <trkpt lat="45.96865" lon="10.81238">
        <ele>747.0</ele>
      </trkpt>
      <trkpt lat="45.96675" lon="10.81198">
        <ele>746.0</ele>
      </trkpt>
      <trkpt lat="45.96486" lon="10.81133">
        <ele>749.0</ele>
      </trkpt>
      <trkpt lat="45.9645" lon="10.81104">
        <ele>747.0</ele>
      </trkpt>
      <trkpt lat="45.96305" lon="10.81116">
        <ele>739.0</ele>
      </trkpt>
      <trkpt lat="45.96078" lon="10.80898">
        <ele>723.0</ele>
      </trkpt>
      <trkpt lat="45.95982" lon="10.80969">
        <ele>718.0</ele>
      </trkpt>
      <trkpt lat="45.95946" lon="10.80976">
        <ele>715.0</ele>
      </trkpt>
      <trkpt lat="45.9583" lon="10.80855">
        <ele>712.0</ele>
      </trkpt>
      <trkpt lat="45.95785" lon="10.80748">
        <ele>709.0</ele>
      </trkpt>
      <trkpt lat="45.95715" lon="10.80729">
        <ele>708.0</ele>
      </trkpt>
      <trkpt lat="45.95678" lon="10.80738">
        <ele>707.0</ele>
      </trkpt>
      <trkpt lat="45.95613" lon="10.80811">
        <ele>704.0</ele>
      </trkpt>
      <trkpt lat="45.95552" lon="10.80932">
        <ele>698.0</ele>
      </trkpt>
      <trkpt lat="45.95366" lon="10.81164">
        <ele>684.0</ele>
      </trkpt>
      <trkpt lat="45.95344" lon="10.81178">
        <ele>678.0</ele>
      </trkpt>
      <trkpt lat="45.95288" lon="10.81176">
        <ele>672.0</ele>
      </trkpt>
      <trkpt lat="45.95178" lon="10.81231">
        <ele>662.0</ele>
      </trkpt>
      <trkpt lat="45.95127" lon="10.81207">
        <ele>658.0</ele>
      </trkpt>
      <trkpt lat="45.95071" lon="10.81232">
        <ele>656.0</ele>
      </trkpt>
      <trkpt lat="45.94988" lon="10.8119">
        <ele>655.0</ele>
      </trkpt>
      <trkpt lat="45.94884" lon="10.81181">
        <ele>655.0</ele>
      </trkpt>
      <trkpt lat="45.94688" lon="10.81227">
        <ele>649.0</ele>
      </trkpt>
      <trkpt lat="45.9451" lon="10.81202">
        <ele>645.0</ele>
      </trkpt>
      <trkpt lat="45.94392" lon="10.81218">
        <ele>640.0</ele>
      </trkpt>
      <trkpt lat="45.94147" lon="10.81153">
        <ele>642.0</ele>
      </trkpt>
      <trkpt lat="45.9383" lon="10.81166">
        <ele>624.0</ele>
      </trkpt>
      <trkpt lat="45.93667" lon="10.81131">
        <ele>614.0</ele>
      </trkpt>
      <trkpt lat="45.93594" lon="10.81161">
        <ele>607.0</ele>
      </trkpt>
      <trkpt lat="45.93485" lon="10.8103">
        <ele>598.0</ele>
      </trkpt>
      <trkpt lat="45.93447" lon="10.81006">
        <ele>595.0</ele>
      </trkpt>
      <trkpt lat="45.934" lon="10.81028">
        <ele>590.0</ele>
      </trkpt>
      <trkpt lat="45.93327" lon="10.81126">
        <ele>583.0</ele>
      </trkpt>
      <trkpt lat="45.93185" lon="10.8116">
        <ele>573.0</ele>
      </trkpt>
      <trkpt lat="45.93078" lon="10.81231">
        <ele>580.0</ele>
      </trkpt>
      <trkpt lat="45.92973" lon="10.8121">
        <ele>587.0</ele>
      </trkpt>
      <trkpt lat="45.92936" lon="10.81249">
        <ele>587.0</ele>
      </trkpt>
      <trkpt lat="45.92916" lon="10.8131">
        <ele>586.0</ele>
      </trkpt>
      <trkpt lat="45.92842" lon="10.81416">
        <ele>575.0</ele>
      </trkpt>
      <trkpt lat="45.9275" lon="10.81409">
        <ele>566.0</ele>
      </trkpt>
      <trkpt lat="45.92577" lon="10.81507">
        <ele>554.0</ele>
      </trkpt>
      <trkpt lat="45.92517" lon="10.81526">
        <ele>546.0</ele>
      </trkpt>
      <trkpt lat="45.92523" lon="10.81556">
        <ele>543.0</ele>
      </trkpt>
      <trkpt lat="45.92572" lon="10.81547">
        <ele>542.0</ele>
      </trkpt>
      <trkpt lat="45.92777" lon="10.81564">
        <ele>530.0</ele>
      </trkpt>
      <trkpt lat="45.92776" lon="10.81591">
        <ele>523.0</ele>
      </trkpt>
      <trkpt lat="45.92616" lon="10.81731">
        <ele>519.0</ele>
      </trkpt>
      <trkpt lat="45.92522" lon="10.81773">
        <ele>513.0</ele>
      </trkpt>
      <trkpt lat="45.9246" lon="10.81701">
        <ele>509.0</ele>
      </trkpt>
      <trkpt lat="45.92435" lon="10.81697">
        <ele>506.0</ele>
      </trkpt>
      <trkpt lat="45.92373" lon="10.81821">
        <ele>498.0</ele>
      </trkpt>
      <trkpt lat="45.92354" lon="10.81828">
        <ele>496.0</ele>
      </trkpt>
      <trkpt lat="45.92311" lon="10.81792">
        <ele>493.0</ele>
      </trkpt>
      <trkpt lat="45.92283" lon="10.8179">
        <ele>491.0</ele>
      </trkpt>
      <trkpt lat="45.9223" lon="10.81849">
        <ele>488.0</ele>
      </trkpt>
      <trkpt lat="45.92145" lon="10.81899">
        <ele>484.0</ele>
      </trkpt>
      <trkpt lat="45.9207" lon="10.8202">
        <ele>474.0</ele>
      </trkpt>
      <trkpt lat="45.92046" lon="10.82096">
        <ele>466.0</ele>
      </trkpt>
      <trkpt lat="45.92011" lon="10.82125">
        <ele>462.0</ele>
      </trkpt>
      <trkpt lat="45.92004" lon="10.8215">
        <ele>460.0</ele>
      </trkpt>
      <trkpt lat="45.92062" lon="10.82154">
        <ele>454.0</ele>
      </trkpt>
      <trkpt lat="45.92165" lon="10.8208">
        <ele>444.0</ele>
      </trkpt>
      <trkpt lat="45.92229" lon="10.82076">
        <ele>440.0</ele>
      </trkpt>
      <trkpt lat="45.92237" lon="10.82104">
        <ele>436.0</ele>
      </trkpt>
      <trkpt lat="45.9217" lon="10.82123">
        <ele>433.0</ele>
      </trkpt>
      <trkpt lat="45.92103" lon="10.82215">
        <ele>430.0</ele>
      </trkpt>
      <trkpt lat="45.92018" lon="10.82271">
        <ele>427.0</ele>
      </trkpt>
      <trkpt lat="45.91963" lon="10.82355">
        <ele>421.0</ele>
      </trkpt>
      <trkpt lat="45.91868" lon="10.82413">
        <ele>413.0</ele>
      </trkpt>
      <trkpt lat="45.91736" lon="10.82538">
        <ele>399.0</ele>
      </trkpt>
      <trkpt lat="45.91812" lon="10.82489">
        <ele>389.0</ele>
      </trkpt>
      <trkpt lat="45.9183" lon="10.82498">
        <ele>387.0</ele>
      </trkpt>
      <trkpt lat="45.91842" lon="10.8255">
        <ele>383.0</ele>
      </trkpt>
      <trkpt lat="45.9189" lon="10.82573">
        <ele>381.0</ele>
      </trkpt>
      <trkpt lat="45.91934" lon="10.82561">
        <ele>379.0</ele>
      </trkpt>
      <trkpt lat="45.91996" lon="10.82518">
        <ele>380.0</ele>
      </trkpt>
      <trkpt lat="45.92027" lon="10.82442">
        <ele>383.0</ele>
      </trkpt>
      <trkpt lat="45.9212" lon="10.82428">
        <ele>384.0</ele>
      </trkpt>
      <trkpt lat="45.92233" lon="10.82309">
        <ele>383.0</ele>
      </trkpt>
      <trkpt lat="45.92258" lon="10.82306">
        <ele>381.0</ele>
      </trkpt>
      <trkpt lat="45.92296" lon="10.82331">
        <ele>378.0</ele>
      </trkpt>
      <trkpt lat="45.923" lon="10.82369">
        <ele>374.0</ele>
      </trkpt>
      <trkpt lat="45.92272" lon="10.82392">
        <ele>370.0</ele>
      </trkpt>
      <trkpt lat="45.92233" lon="10.8247">
        <ele>364.0</ele>
      </trkpt>
      <trkpt lat="45.92216" lon="10.8254">
        <ele>367.0</ele>
      </trkpt>
      <trkpt lat="45.92158" lon="10.82596">
        <ele>372.0</ele>
      </trkpt>
      <trkpt lat="45.92123" lon="10.82663">
        <ele>379.0</ele>
      </trkpt>
      <trkpt lat="45.92126" lon="10.8268">
        <ele>382.0</ele>
      </trkpt>
      <trkpt lat="45.92168" lon="10.82699">
        <ele>386.0</ele>
      </trkpt>
      <trkpt lat="45.92218" lon="10.82749">
        <ele>390.0</ele>
      </trkpt>
      <trkpt lat="45.92228" lon="10.82769">
        <ele>394.0</ele>
      </trkpt>
      <trkpt lat="45.92222" lon="10.82799">
        <ele>396.0</ele>
      </trkpt>
      <trkpt lat="45.92025" lon="10.83012">
        <ele>404.0</ele>
      </trkpt>
      <trkpt lat="45.9182" lon="10.8317">
        <ele>404.0</ele>
      </trkpt>
      <trkpt lat="45.91855" lon="10.83262">
        <ele>411.0</ele>
      </trkpt>
      <trkpt lat="45.91961" lon="10.83213">
        <ele>420.0</ele>
      </trkpt>
      <trkpt lat="45.92031" lon="10.83102">
        <ele>425.0</ele>
      </trkpt>
      <trkpt lat="45.92131" lon="10.83036">
        <ele>429.0</ele>
      </trkpt>
      <trkpt lat="45.92142" lon="10.83056">
        <ele>432.0</ele>
      </trkpt>
      <trkpt lat="45.92088" lon="10.83118">
        <ele>434.0</ele>
      </trkpt>
      <trkpt lat="45.92091" lon="10.83144">
        <ele>436.0</ele>
      </trkpt>
      <trkpt lat="45.92185" lon="10.83044">
        <ele>446.0</ele>
      </trkpt>
      <trkpt lat="45.92259" lon="10.83057">
        <ele>456.0</ele>
      </trkpt>
      <trkpt lat="45.92258" lon="10.83076">
        <ele>458.0</ele>
      </trkpt>
      <trkpt lat="45.92202" lon="10.83083">
        <ele>457.0</ele>
      </trkpt>
      <trkpt lat="45.92178" lon="10.83106">
        <ele>456.0</ele>
      </trkpt>
      <trkpt lat="45.92123" lon="10.83247">
        <ele>454.0</ele>
      </trkpt>
      <trkpt lat="45.92136" lon="10.83263">
        <ele>456.0</ele>
      </trkpt>
      <trkpt lat="45.92202" lon="10.83165">
        <ele>463.0</ele>
      </trkpt>
      <trkpt lat="45.92279" lon="10.83124">
        <ele>471.0</ele>
      </trkpt>
      <trkpt lat="45.92331" lon="10.83011">
        <ele>477.0</ele>
      </trkpt>
      <trkpt lat="45.92519" lon="10.82809">
        <ele>485.0</ele>
      </trkpt>
      <trkpt lat="45.92583" lon="10.82701">
        <ele>492.0</ele>
      </trkpt>
      <trkpt lat="45.92598" lon="10.82716">
        <ele>494.0</ele>
      </trkpt>
      <trkpt lat="45.92472" lon="10.82926">
        <ele>504.0</ele>
      </trkpt>
      <trkpt lat="45.92628" lon="10.82749">
        <ele>517.0</ele>
      </trkpt>
      <trkpt lat="45.92692" lon="10.82728">
        <ele>523.0</ele>
      </trkpt>
      <trkpt lat="45.92704" lon="10.82614">
        <ele>527.0</ele>
      </trkpt>
      <trkpt lat="45.92814" lon="10.82486">
        <ele>534.0</ele>
      </trkpt>
      <trkpt lat="45.92898" lon="10.82467">
        <ele>539.0</ele>
      </trkpt>
      <trkpt lat="45.92915" lon="10.82402">
        <ele>542.0</ele>
      </trkpt>
      <trkpt lat="45.92937" lon="10.8238">
        <ele>544.0</ele>
      </trkpt>
      <trkpt lat="45.9301" lon="10.824">
        <ele>548.0</ele>
      </trkpt>
      <trkpt lat="45.9304" lon="10.82388">
        <ele>551.0</ele>
      </trkpt>
      <trkpt lat="45.93054" lon="10.82316">
        <ele>554.0</ele>
      </trkpt>
      <trkpt lat="45.92944" lon="10.81917">
        <ele>563.0</ele>
      </trkpt>
      <trkpt lat="45.92939" lon="10.81877">
        <ele>565.0</ele>
      </trkpt>
      <trkpt lat="45.92949" lon="10.81842">
        <ele>566.0</ele>
      </trkpt>
      <trkpt lat="45.93105" lon="10.81624">
        <ele>576.0</ele>
      </trkpt>
      <trkpt lat="45.93277" lon="10.8157">
        <ele>587.0</ele>
      </trkpt>
      <trkpt lat="45.93339" lon="10.81477">
        <ele>591.0</ele>
      </trkpt>
      <trkpt lat="45.93419" lon="10.81389">
        <ele>591.0</ele>
      </trkpt>
      <trkpt lat="45.93474" lon="10.81236">
        <ele>594.0</ele>
      </trkpt>
      <trkpt lat="45.93563" lon="10.81184">
        <ele>596.0</ele>
      </trkpt>
      <trkpt lat="45.93591" lon="10.81184">
        <ele>597.0</ele>
      </trkpt>
      <trkpt lat="45.93594" lon="10.81161">
        <ele>597.0</ele>
      </trkpt>
      <trkpt lat="45.93473" lon="10.81018">
        <ele>597.0</ele>
      </trkpt>
      <trkpt lat="45.93422" lon="10.81011">
        <ele>592.0</ele>
      </trkpt>
      <trkpt lat="45.93327" lon="10.81126">
        <ele>583.0</ele>
      </trkpt>
      <trkpt lat="45.93185" lon="10.8116">
        <ele>573.0</ele>
      </trkpt>
      <trkpt lat="45.93082" lon="10.8123">
        <ele>580.0</ele>
      </trkpt>
      <trkpt lat="45.92995" lon="10.81205">
        <ele>586.0</ele>
      </trkpt>
      <trkpt lat="45.92957" lon="10.81221">
        <ele>587.0</ele>
      </trkpt>
      <trkpt lat="45.92905" lon="10.81329">
        <ele>586.0</ele>
      </trkpt>
      <trkpt lat="45.92842" lon="10.81416">
        <ele>575.0</ele>
      </trkpt>
      <trkpt lat="45.9275" lon="10.81409">
        <ele>566.0</ele>
      </trkpt>
      <trkpt lat="45.92577" lon="10.81507">
        <ele>554.0</ele>
      </trkpt>
      <trkpt lat="45.92517" lon="10.81526">
        <ele>546.0</ele>
      </trkpt>
      <trkpt lat="45.92523" lon="10.81556">
        <ele>543.0</ele>
      </trkpt>
      <trkpt lat="45.92767" lon="10.8156">
        <ele>534.0</ele>
      </trkpt>
      <trkpt lat="45.9278" lon="10.81584">
        <ele>524.0</ele>
      </trkpt>
      <trkpt lat="45.92588" lon="10.81748">
        <ele>517.0</ele>
      </trkpt>
      <trkpt lat="45.92513" lon="10.81771">
        <ele>512.0</ele>
      </trkpt>
      <trkpt lat="45.9246" lon="10.81701">
        <ele>509.0</ele>
      </trkpt>
      <trkpt lat="45.92435" lon="10.81697">
        <ele>506.0</ele>
      </trkpt>
      <trkpt lat="45.92373" lon="10.81821">
        <ele>498.0</ele>
      </trkpt>
      <trkpt lat="45.92354" lon="10.81828">
        <ele>496.0</ele>
      </trkpt>
      <trkpt lat="45.92311" lon="10.81792">
        <ele>493.0</ele>
      </trkpt>
      <trkpt lat="45.92283" lon="10.8179">
        <ele>491.0</ele>
      </trkpt>
      <trkpt lat="45.9223" lon="10.81849">
        <ele>488.0</ele>
      </trkpt>
      <trkpt lat="45.92145" lon="10.81899">
        <ele>484.0</ele>
      </trkpt>
      <trkpt lat="45.9207" lon="10.8202">
        <ele>474.0</ele>
      </trkpt>
      <trkpt lat="45.92046" lon="10.82096">
        <ele>466.0</ele>
      </trkpt>
      <trkpt lat="45.92011" lon="10.82125">
        <ele>462.0</ele>
      </trkpt>
      <trkpt lat="45.92004" lon="10.8215">
        <ele>460.0</ele>
      </trkpt>
      <trkpt lat="45.92062" lon="10.82154">
        <ele>454.0</ele>
      </trkpt>
      <trkpt lat="45.92165" lon="10.8208">
        <ele>444.0</ele>
      </trkpt>
      <trkpt lat="45.92229" lon="10.82076">
        <ele>440.0</ele>
      </trkpt>
      <trkpt lat="45.92237" lon="10.82104">
        <ele>436.0</ele>
      </trkpt>
      <trkpt lat="45.9217" lon="10.82123">
        <ele>433.0</ele>
      </trkpt>
      <trkpt lat="45.92103" lon="10.82215">
        <ele>430.0</ele>
      </trkpt>
      <trkpt lat="45.92018" lon="10.82271">
        <ele>427.0</ele>
      </trkpt>
      <trkpt lat="45.91963" lon="10.82355">
        <ele>421.0</ele>
      </trkpt>
      <trkpt lat="45.91897" lon="10.8239">
        <ele>415.0</ele>
      </trkpt>
      <trkpt lat="45.91779" lon="10.82485">
        <ele>403.0</ele>
      </trkpt>
      <trkpt lat="45.91682" lon="10.82593">
        <ele>393.0</ele>
      </trkpt>
      <trkpt lat="45.91669" lon="10.82632">
        <ele>390.0</ele>
      </trkpt>
      <trkpt lat="45.91679" lon="10.82729">
        <ele>386.0</ele>
      </trkpt>
      <trkpt lat="45.91658" lon="10.82777">
        <ele>383.0</ele>
      </trkpt>
      <trkpt lat="45.91562" lon="10.82777">
        <ele>381.0</ele>
      </trkpt>
      <trkpt lat="45.91476" lon="10.82837">
        <ele>379.0</ele>
      </trkpt>
      <trkpt lat="45.91365" lon="10.82863">
        <ele>370.0</ele>
      </trkpt>
      <trkpt lat="45.91353" lon="10.82879">
        <ele>366.0</ele>
      </trkpt>
      <trkpt lat="45.91367" lon="10.82898">
        <ele>362.0</ele>
      </trkpt>
      <trkpt lat="45.91422" lon="10.82868">
        <ele>358.0</ele>
      </trkpt>
      <trkpt lat="45.9152" lon="10.82865">
        <ele>352.0</ele>
      </trkpt>
      <trkpt lat="45.91523" lon="10.82898">
        <ele>349.0</ele>
      </trkpt>
      <trkpt lat="45.91439" lon="10.82914">
        <ele>346.0</ele>
      </trkpt>
      <trkpt lat="45.91243" lon="10.83023">
        <ele>339.0</ele>
      </trkpt>
      <trkpt lat="45.91136" lon="10.8306">
        <ele>326.0</ele>
      </trkpt>
      <trkpt lat="45.91042" lon="10.83134">
        <ele>318.0</ele>
      </trkpt>
      <trkpt lat="45.90962" lon="10.83141">
        <ele>314.0</ele>
      </trkpt>
      <trkpt lat="45.90882" lon="10.83258">
        <ele>307.0</ele>
      </trkpt>
      <trkpt lat="45.90843" lon="10.83287">
        <ele>301.0</ele>
      </trkpt>
      <trkpt lat="45.90763" lon="10.83279">
        <ele>293.0</ele>
      </trkpt>
      <trkpt lat="45.90705" lon="10.83302">
        <ele>286.0</ele>
      </trkpt>
      <trkpt lat="45.90668" lon="10.83293">
        <ele>283.0</ele>
      </trkpt>
      <trkpt lat="45.90657" lon="10.83309">
        <ele>279.0</ele>
      </trkpt>
      <trkpt lat="45.90675" lon="10.83328">
        <ele>277.0</ele>
      </trkpt>
      <trkpt lat="45.90761" lon="10.83306">
        <ele>277.0</ele>
      </trkpt>
      <trkpt lat="45.90857" lon="10.83338">
        <ele>276.0</ele>
      </trkpt>
      <trkpt lat="45.90842" lon="10.83361">
        <ele>275.0</ele>
      </trkpt>
      <trkpt lat="45.90759" lon="10.83349">
        <ele>268.0</ele>
      </trkpt>
      <trkpt lat="45.90637" lon="10.83378">
        <ele>257.0</ele>
      </trkpt>
      <trkpt lat="45.90426" lon="10.83242">
        <ele>247.0</ele>
      </trkpt>
      <trkpt lat="45.90267" lon="10.83206">
        <ele>243.0</ele>
      </trkpt>
      <trkpt lat="45.90206" lon="10.83224">
        <ele>239.0</ele>
      </trkpt>
      <trkpt lat="45.90147" lon="10.8322">
        <ele>235.0</ele>
      </trkpt>
      <trkpt lat="45.90138" lon="10.83229">
        <ele>232.0</ele>
      </trkpt>
      <trkpt lat="45.90145" lon="10.8325">
        <ele>230.0</ele>
      </trkpt>
      <trkpt lat="45.90261" lon="10.83258">
        <ele>224.0</ele>
      </trkpt>
      <trkpt lat="45.9034" lon="10.8329">
        <ele>217.0</ele>
      </trkpt>
      <trkpt lat="45.90452" lon="10.83372">
        <ele>210.0</ele>
      </trkpt>
      <trkpt lat="45.90455" lon="10.83391">
        <ele>206.0</ele>
      </trkpt>
      <trkpt lat="45.90441" lon="10.83401">
        <ele>203.0</ele>
      </trkpt>
      <trkpt lat="45.90398" lon="10.83372">
        <ele>201.0</ele>
      </trkpt>
      <trkpt lat="45.90223" lon="10.83334">
        <ele>194.0</ele>
      </trkpt>
      <trkpt lat="45.90116" lon="10.8338">
        <ele>185.0</ele>
      </trkpt>
      <trkpt lat="45.90035" lon="10.8337">
        <ele>180.0</ele>
      </trkpt>
      <trkpt lat="45.90025" lon="10.83389">
        <ele>175.0</ele>
      </trkpt>
      <trkpt lat="45.90036" lon="10.83399">
        <ele>173.0</ele>
      </trkpt>
      <trkpt lat="45.90107" lon="10.83406">
        <ele>169.0</ele>
      </trkpt>
      <trkpt lat="45.90155" lon="10.83388">
        <ele>165.0</ele>
      </trkpt>
      <trkpt lat="45.90216" lon="10.83393">
        <ele>163.0</ele>
      </trkpt>
      <trkpt lat="45.90223" lon="10.83408">
        <ele>162.0</ele>
      </trkpt>
      <trkpt lat="45.90214" lon="10.83425">
        <ele>161.0</ele>
      </trkpt>
      <trkpt lat="45.90164" lon="10.83416">
        <ele>160.0</ele>
      </trkpt>
      <trkpt lat="45.9006" lon="10.83452">
        <ele>154.0</ele>
      </trkpt>
      <trkpt lat="45.89939" lon="10.83447">
        <ele>146.0</ele>
      </trkpt>
      <trkpt lat="45.89872" lon="10.83415">
        <ele>138.0</ele>
      </trkpt>
      <trkpt lat="45.89813" lon="10.83479">
        <ele>130.0</ele>
      </trkpt>
      <trkpt lat="45.89705" lon="10.83529">
        <ele>123.0</ele>
      </trkpt>
      <trkpt lat="45.89673" lon="10.83571">
        <ele>117.0</ele>
      </trkpt>
      <trkpt lat="45.89628" lon="10.83816">
        <ele>104.0</ele>
      </trkpt>
      <trkpt lat="45.89638" lon="10.83839">
        <ele>103.0</ele>
      </trkpt>
      <trkpt lat="45.89922" lon="10.83788">
        <ele>98.0</ele>
      </trkpt>
      <trkpt lat="45.89946" lon="10.83835">
        <ele>97.0</ele>
      </trkpt>
      <trkpt lat="45.89966" lon="10.83836">
        <ele>97.0</ele>
      </trkpt>
      <trkpt lat="45.89978" lon="10.83814">
        <ele>97.0</ele>
      </trkpt>
      <trkpt lat="45.90018" lon="10.83854">
        <ele>97.0</ele>
      </trkpt>
      <trkpt lat="45.90604" lon="10.84068">
        <ele>115.0</ele>
      </trkpt>
      <trkpt lat="45.90604" lon="10.8409">
        <ele>115.0</ele>
      </trkpt>
      <trkpt lat="45.90465" lon="10.84158">
        <ele>116.0</ele>
      </trkpt>
      <trkpt lat="45.9037" lon="10.8431">
        <ele>114.0</ele>
      </trkpt>
      <trkpt lat="45.90578" lon="10.84441">
        <ele>112.0</ele>
      </trkpt>
      <trkpt lat="45.90611" lon="10.84498">
        <ele>112.0</ele>
      </trkpt>
      <trkpt lat="45.90691" lon="10.84554">
        <ele>112.0</ele>
      </trkpt>
      <trkpt lat="45.9079" lon="10.84651">
        <ele>112.0</ele>
      </trkpt>
      <trkpt lat="45.90601" lon="10.85005">
        <ele>98.0</ele>
      </trkpt>
      <trkpt lat="45.90562" lon="10.85156">
        <ele>94.0</ele>
      </trkpt>
      <trkpt lat="45.90708" lon="10.8531">
        <ele>87.0</ele>
      </trkpt>
      <trkpt lat="45.90743" lon="10.85331">
        <ele>87.0</ele>
      </trkpt>
      <trkpt lat="45.90822" lon="10.85427">
        <ele>89.0</ele>
      </trkpt>
      <trkpt lat="45.91064" lon="10.85633">
        <ele>80.0</ele>
      </trkpt>
      <trkpt lat="45.91164" lon="10.85739">
        <ele>80.0</ele>
      </trkpt>
      <trkpt lat="45.91186" lon="10.85791">
        <ele>80.0</ele>
      </trkpt>
      <trkpt lat="45.91204" lon="10.85788">
        <ele>80.0</ele>
      </trkpt>
      <trkpt lat="45.91209" lon="10.85755">
        <ele>80.0</ele>
      </trkpt>
      <trkpt lat="45.9123" lon="10.85737">
        <ele>80.0</ele>
      </trkpt>
      <trkpt lat="45.91262" lon="10.85737">
        <ele>80.0</ele>
      </trkpt>
      <trkpt lat="45.91569" lon="10.85827">
        <ele>79.0</ele>
      </trkpt>
      <trkpt lat="45.91627" lon="10.85887">
        <ele>80.0</ele>
      </trkpt>
      <trkpt lat="45.9188" lon="10.86236">
        <ele>80.0</ele>
      </trkpt>
      <trkpt lat="45.9188" lon="10.86265">
        <ele>79.0</ele>
      </trkpt>
      <trkpt lat="45.91835" lon="10.86384">
        <ele>79.0</ele>
      </trkpt>
      <trkpt lat="45.91839" lon="10.8662">
        <ele>81.0</ele>
      </trkpt>
      <trkpt lat="45.91862" lon="10.867">
        <ele>81.0</ele>
      </trkpt>
      <trkpt lat="45.9177" lon="10.86872">
        <ele>82.0</ele>
      </trkpt>
      <trkpt lat="45.91694" lon="10.87537">
        <ele>82.0</ele>
      </trkpt>
      <trkpt lat="45.91734" lon="10.87833">
        <ele>84.0</ele>
      </trkpt>
      <trkpt lat="45.9175" lon="10.88214">
        <ele>88.0</ele>
      </trkpt>
      <trkpt lat="45.91781" lon="10.88391">
        <ele>89.0</ele>
      </trkpt>
      <trkpt lat="45.91777" lon="10.88552">
        <ele>88.0</ele>
      </trkpt>
      <trkpt lat="45.9166" lon="10.8851">
        <ele>87.0</ele>
      </trkpt>
    </trkseg>
  </trk>
</gpx>