<?xml version="1.0" encoding="UTF-8"?>
<gpx xmlns="http://www.topografix.com/GPX/1/0" xmlns:xsi="http://www.w3.org/2001/XMLSchema-instance" xsi:schemaLocation="http://www.topografix.com/GPX/1/0 http://www.topografix.com/GPX/1/0/gpx.xsd" version="1.0" creator="GPSBabel - https://www.gpsbabel.org">
  <time>2026-05-27T10:13:41.297000Z</time>
  <bounds minlat="45.042" maxlat="45.30131" minlon="3.77428" maxlon="5.62237" />
  <trk>
    <trkseg>
      <trkpt lat="45.26615" lon="5.62237">
        <ele>196.0</ele>
      </trkpt>
      <trkpt lat="45.26748" lon="5.62153">
        <ele>195.0</ele>
      </trkpt>
      <trkpt lat="45.26821" lon="5.62039">
        <ele>195.0</ele>
      </trkpt>
      <trkpt lat="45.26869" lon="5.62085">
        <ele>196.0</ele>
      </trkpt>
      <trkpt lat="45.26898" lon="5.62085">
        <ele>196.0</ele>
      </trkpt>
      <trkpt lat="45.27123" lon="5.61925">
        <ele>192.0</ele>
      </trkpt>
      <trkpt lat="45.27742" lon="5.6179">
        <ele>196.0</ele>
      </trkpt>
      <trkpt lat="45.28076" lon="5.61767">
        <ele>196.0</ele>
      </trkpt>
      <trkpt lat="45.29075" lon="5.61557">
        <ele>197.0</ele>
      </trkpt>
      <trkpt lat="45.29269" lon="5.61493">
        <ele>196.0</ele>
      </trkpt>
      <trkpt lat="45.29421" lon="5.6142">
        <ele>197.0</ele>
      </trkpt>
      <trkpt lat="45.29516" lon="5.61354">
        <ele>202.0</ele>
      </trkpt>
      <trkpt lat="45.2958" lon="5.6128">
        <ele>204.0</ele>
      </trkpt>
      <trkpt lat="45.30048" lon="5.60548">
        <ele>203.0</ele>
      </trkpt>
      <trkpt lat="45.3011" lon="5.6043">
        <ele>201.0</ele>
      </trkpt>
      <trkpt lat="45.3013" lon="5.60349">
        <ele>200.0</ele>
      </trkpt>
      <trkpt lat="45.30131" lon="5.60189">
        <ele>199.0</ele>
      </trkpt>
      <trkpt lat="45.30119" lon="5.60095">
        <ele>198.0</ele>
      </trkpt>
      <trkpt lat="45.30101" lon="5.60049">
        <ele>198.0</ele>
      </trkpt>
      <trkpt lat="45.29913" lon="5.59724">
        <ele>200.0</ele>
      </trkpt>
      <trkpt lat="45.29748" lon="5.59541">
        <ele>203.0</ele>
      </trkpt>
      <trkpt lat="45.29636" lon="5.59284">
        <ele>202.0</ele>
      </trkpt>
      <trkpt lat="45.29456" lon="5.59007">
        <ele>200.0</ele>
      </trkpt>
      <trkpt lat="45.2941" lon="5.58875">
        <ele>202.0</ele>
      </trkpt>
      <trkpt lat="45.29335" lon="5.58589">
        <ele>206.0</ele>
      </trkpt>
      <trkpt lat="45.293" lon="5.58138">
        <ele>203.0</ele>
      </trkpt>
      <trkpt lat="45.29258" lon="5.57942">
        <ele>199.0</ele>
      </trkpt>
      <trkpt lat="45.28504" lon="5.55368">
        <ele>189.0</ele>
      </trkpt>
      <trkpt lat="45.28339" lon="5.54768">
        <ele>191.0</ele>
      </trkpt>
      <trkpt lat="45.27995" lon="5.53897">
        <ele>190.0</ele>
      </trkpt>
      <trkpt lat="45.28388" lon="5.53268">
        <ele>185.0</ele>
      </trkpt>
      <trkpt lat="45.28716" lon="5.52421">
        <ele>186.0</ele>
      </trkpt>
      <trkpt lat="45.28776" lon="5.52286">
        <ele>185.0</ele>
      </trkpt>
      <trkpt lat="45.28858" lon="5.52177">
        <ele>184.0</ele>
      </trkpt>
      <trkpt lat="45.2886" lon="5.52106">
        <ele>184.0</ele>
      </trkpt>
      <trkpt lat="45.28881" lon="5.52034">
        <ele>184.0</ele>
      </trkpt>
      <trkpt lat="45.29402" lon="5.50814">
        <ele>184.0</ele>
      </trkpt>
      <trkpt lat="45.2945" lon="5.50784">
        <ele>185.0</ele>
      </trkpt>
      <trkpt lat="45.29454" lon="5.50691">
        <ele>186.0</ele>
      </trkpt>
      <trkpt lat="45.29935" lon="5.49549">
        <ele>195.0</ele>
      </trkpt>
      <trkpt lat="45.30062" lon="5.49008">
        <ele>200.0</ele>
      </trkpt>
      <trkpt lat="45.30087" lon="5.4886">
        <ele>203.0</ele>
      </trkpt>
      <trkpt lat="45.3008" lon="5.48809">
        <ele>206.0</ele>
      </trkpt>
      <trkpt lat="45.29952" lon="5.48569">
        <ele>213.0</ele>
      </trkpt>
      <trkpt lat="45.29926" lon="5.48546">
        <ele>215.0</ele>
      </trkpt>
      <trkpt lat="45.29762" lon="5.4848">
        <ele>223.0</ele>
      </trkpt>
      <trkpt lat="45.29586" lon="5.48372">
        <ele>225.0</ele>
      </trkpt>
      <trkpt lat="45.29583" lon="5.48347">
        <ele>226.0</ele>
      </trkpt>
      <trkpt lat="45.29625" lon="5.48249">
        <ele>229.0</ele>
      </trkpt>
      <trkpt lat="45.29624" lon="5.4822">
        <ele>229.0</ele>
      </trkpt>
      <trkpt lat="45.29482" lon="5.48133">
        <ele>232.0</ele>
      </trkpt>
      <trkpt lat="45.29312" lon="5.48154">
        <ele>234.0</ele>
      </trkpt>
      <trkpt lat="45.29238" lon="5.4818">
        <ele>235.0</ele>
      </trkpt>
      <trkpt lat="45.29122" lon="5.48252">
        <ele>237.0</ele>
      </trkpt>
      <trkpt lat="45.28893" lon="5.48324">
        <ele>244.0</ele>
      </trkpt>
      <trkpt lat="45.28804" lon="5.48301">
        <ele>245.0</ele>
      </trkpt>
      <trkpt lat="45.28573" lon="5.48193">
        <ele>245.0</ele>
      </trkpt>
      <trkpt lat="45.28261" lon="5.48294">
        <ele>245.0</ele>
      </trkpt>
      <trkpt lat="45.28019" lon="5.48243">
        <ele>247.0</ele>
      </trkpt>
      <trkpt lat="45.27636" lon="5.47909">
        <ele>248.0</ele>
      </trkpt>
      <trkpt lat="45.27574" lon="5.47766">
        <ele>249.0</ele>
      </trkpt>
      <trkpt lat="45.27526" lon="5.47703">
        <ele>250.0</ele>
      </trkpt>
      <trkpt lat="45.27417" lon="5.47656">
        <ele>253.0</ele>
      </trkpt>
      <trkpt lat="45.2737" lon="5.4762">
        <ele>255.0</ele>
      </trkpt>
      <trkpt lat="45.27183" lon="5.47185">
        <ele>256.0</ele>
      </trkpt>
      <trkpt lat="45.27172" lon="5.47091">
        <ele>257.0</ele>
      </trkpt>
      <trkpt lat="45.27176" lon="5.46991">
        <ele>259.0</ele>
      </trkpt>
      <trkpt lat="45.27155" lon="5.46931">
        <ele>262.0</ele>
      </trkpt>
      <trkpt lat="45.27126" lon="5.46905">
        <ele>265.0</ele>
      </trkpt>
      <trkpt lat="45.26994" lon="5.46857">
        <ele>273.0</ele>
      </trkpt>
      <trkpt lat="45.26903" lon="5.46774">
        <ele>277.0</ele>
      </trkpt>
      <trkpt lat="45.26741" lon="5.46751">
        <ele>280.0</ele>
      </trkpt>
      <trkpt lat="45.26696" lon="5.46723">
        <ele>283.0</ele>
      </trkpt>
      <trkpt lat="45.26637" lon="5.46623">
        <ele>286.0</ele>
      </trkpt>
      <trkpt lat="45.26569" lon="5.46269">
        <ele>286.0</ele>
      </trkpt>
      <trkpt lat="45.26534" lon="5.46153">
        <ele>284.0</ele>
      </trkpt>
      <trkpt lat="45.26456" lon="5.46016">
        <ele>284.0</ele>
      </trkpt>
      <trkpt lat="45.26385" lon="5.45947">
        <ele>285.0</ele>
      </trkpt>
      <trkpt lat="45.26289" lon="5.45897">
        <ele>287.0</ele>
      </trkpt>
      <trkpt lat="45.24599" lon="5.45322">
        <ele>271.0</ele>
      </trkpt>
      <trkpt lat="45.24525" lon="5.45267">
        <ele>268.0</ele>
      </trkpt>
      <trkpt lat="45.24007" lon="5.44684">
        <ele>268.0</ele>
      </trkpt>
      <trkpt lat="45.23903" lon="5.44536">
        <ele>270.0</ele>
      </trkpt>
      <trkpt lat="45.23838" lon="5.44471">
        <ele>273.0</ele>
      </trkpt>
      <trkpt lat="45.23216" lon="5.44331">
        <ele>269.0</ele>
      </trkpt>
      <trkpt lat="45.23005" lon="5.44226">
        <ele>264.0</ele>
      </trkpt>
      <trkpt lat="45.22738" lon="5.44014">
        <ele>259.0</ele>
      </trkpt>
      <trkpt lat="45.22387" lon="5.43971">
        <ele>256.0</ele>
      </trkpt>
      <trkpt lat="45.22323" lon="5.43938">
        <ele>256.0</ele>
      </trkpt>
      <trkpt lat="45.22304" lon="5.43904">
        <ele>256.0</ele>
      </trkpt>
      <trkpt lat="45.22186" lon="5.4379">
        <ele>258.0</ele>
      </trkpt>
      <trkpt lat="45.21847" lon="5.43481">
        <ele>261.0</ele>
      </trkpt>
      <trkpt lat="45.21754" lon="5.43324">
        <ele>262.0</ele>
      </trkpt>
      <trkpt lat="45.21588" lon="5.42727">
        <ele>268.0</ele>
      </trkpt>
      <trkpt lat="45.21514" lon="5.42505">
        <ele>267.0</ele>
      </trkpt>
      <trkpt lat="45.21506" lon="5.42352">
        <ele>267.0</ele>
      </trkpt>
      <trkpt lat="45.21431" lon="5.41963">
        <ele>267.0</ele>
      </trkpt>
      <trkpt lat="45.21405" lon="5.4189">
        <ele>267.0</ele>
      </trkpt>
      <trkpt lat="45.21399" lon="5.41772">
        <ele>266.0</ele>
      </trkpt>
      <trkpt lat="45.21241" lon="5.40987">
        <ele>269.0</ele>
      </trkpt>
      <trkpt lat="45.21244" lon="5.40955">
        <ele>269.0</ele>
      </trkpt>
      <trkpt lat="45.21232" lon="5.40943">
        <ele>269.0</ele>
      </trkpt>
      <trkpt lat="45.21107" lon="5.40475">
        <ele>278.0</ele>
      </trkpt>
      <trkpt lat="45.21076" lon="5.40392">
        <ele>280.0</ele>
      </trkpt>
      <trkpt lat="45.20995" lon="5.40247">
        <ele>281.0</ele>
      </trkpt>
      <trkpt lat="45.20945" lon="5.4009">
        <ele>279.0</ele>
      </trkpt>
      <trkpt lat="45.20899" lon="5.40038">
        <ele>278.0</ele>
      </trkpt>
      <trkpt lat="45.20764" lon="5.39985">
        <ele>275.0</ele>
      </trkpt>
      <trkpt lat="45.19728" lon="5.3963">
        <ele>260.0</ele>
      </trkpt>
      <trkpt lat="45.19619" lon="5.39575">
        <ele>257.0</ele>
      </trkpt>
      <trkpt lat="45.19569" lon="5.39522">
        <ele>257.0</ele>
      </trkpt>
      <trkpt lat="45.1944" lon="5.39324">
        <ele>257.0</ele>
      </trkpt>
      <trkpt lat="45.19325" lon="5.39175">
        <ele>257.0</ele>
      </trkpt>
      <trkpt lat="45.19253" lon="5.39036">
        <ele>262.0</ele>
      </trkpt>
      <trkpt lat="45.19069" lon="5.38817">
        <ele>270.0</ele>
      </trkpt>
      <trkpt lat="45.18926" lon="5.3867">
        <ele>277.0</ele>
      </trkpt>
      <trkpt lat="45.18848" lon="5.3856">
        <ele>281.0</ele>
      </trkpt>
      <trkpt lat="45.18746" lon="5.38476">
        <ele>286.0</ele>
      </trkpt>
      <trkpt lat="45.18629" lon="5.38408">
        <ele>292.0</ele>
      </trkpt>
      <trkpt lat="45.18421" lon="5.38353">
        <ele>296.0</ele>
      </trkpt>
      <trkpt lat="45.18143" lon="5.38232">
        <ele>304.0</ele>
      </trkpt>
      <trkpt lat="45.18089" lon="5.38117">
        <ele>308.0</ele>
      </trkpt>
      <trkpt lat="45.18106" lon="5.37991">
        <ele>309.0</ele>
      </trkpt>
      <trkpt lat="45.18101" lon="5.37914">
        <ele>308.0</ele>
      </trkpt>
      <trkpt lat="45.18039" lon="5.37804">
        <ele>308.0</ele>
      </trkpt>
      <trkpt lat="45.17117" lon="5.36836">
        <ele>311.0</ele>
      </trkpt>
      <trkpt lat="45.17054" lon="5.36795">
        <ele>312.0</ele>
      </trkpt>
      <trkpt lat="45.16871" lon="5.36777">
        <ele>312.0</ele>
      </trkpt>
      <trkpt lat="45.16778" lon="5.36745">
        <ele>312.0</ele>
      </trkpt>
      <trkpt lat="45.16702" lon="5.36697">
        <ele>309.0</ele>
      </trkpt>
      <trkpt lat="45.1659" lon="5.36475">
        <ele>308.0</ele>
      </trkpt>
      <trkpt lat="45.16548" lon="5.36339">
        <ele>307.0</ele>
      </trkpt>
      <trkpt lat="45.16521" lon="5.36308">
        <ele>306.0</ele>
      </trkpt>
      <trkpt lat="45.16472" lon="5.36286">
        <ele>306.0</ele>
      </trkpt>
      <trkpt lat="45.16432" lon="5.36229">
        <ele>305.0</ele>
      </trkpt>
      <trkpt lat="45.16322" lon="5.35977">
        <ele>301.0</ele>
      </trkpt>
      <trkpt lat="45.16305" lon="5.35908">
        <ele>299.0</ele>
      </trkpt>
      <trkpt lat="45.15984" lon="5.34298">
        <ele>291.0</ele>
      </trkpt>
      <trkpt lat="45.15987" lon="5.34175">
        <ele>289.0</ele>
      </trkpt>
      <trkpt lat="45.15944" lon="5.34102">
        <ele>288.0</ele>
      </trkpt>
      <trkpt lat="45.15834" lon="5.3354">
        <ele>288.0</ele>
      </trkpt>
      <trkpt lat="45.1583" lon="5.33502">
        <ele>287.0</ele>
      </trkpt>
      <trkpt lat="45.1584" lon="5.33481">
        <ele>287.0</ele>
      </trkpt>
      <trkpt lat="45.15809" lon="5.3342">
        <ele>287.0</ele>
      </trkpt>
      <trkpt lat="45.15677" lon="5.32768">
        <ele>282.0</ele>
      </trkpt>
      <trkpt lat="45.15516" lon="5.32419">
        <ele>278.0</ele>
      </trkpt>
      <trkpt lat="45.15378" lon="5.32317">
        <ele>279.0</ele>
      </trkpt>
      <trkpt lat="45.15315" lon="5.32204">
        <ele>280.0</ele>
      </trkpt>
      <trkpt lat="45.15174" lon="5.3192">
        <ele>281.0</ele>
      </trkpt>
      <trkpt lat="45.15137" lon="5.31787">
        <ele>282.0</ele>
      </trkpt>
      <trkpt lat="45.15137" lon="5.31726">
        <ele>282.0</ele>
      </trkpt>
      <trkpt lat="45.14579" lon="5.30959">
        <ele>276.0</ele>
      </trkpt>
      <trkpt lat="45.14584" lon="5.30928">
        <ele>275.0</ele>
      </trkpt>
      <trkpt lat="45.14648" lon="5.30831">
        <ele>275.0</ele>
      </trkpt>
      <trkpt lat="45.14744" lon="5.30712">
        <ele>273.0</ele>
      </trkpt>
      <trkpt lat="45.14713" lon="5.30641">
        <ele>273.0</ele>
      </trkpt>
      <trkpt lat="45.1458" lon="5.30178">
        <ele>275.0</ele>
      </trkpt>
      <trkpt lat="45.14526" lon="5.29604">
        <ele>274.0</ele>
      </trkpt>
      <trkpt lat="45.14127" lon="5.28876">
        <ele>278.0</ele>
      </trkpt>
      <trkpt lat="45.14132" lon="5.28765">
        <ele>281.0</ele>
      </trkpt>
      <trkpt lat="45.14096" lon="5.28645">
        <ele>282.0</ele>
      </trkpt>
      <trkpt lat="45.14182" lon="5.28209">
        <ele>282.0</ele>
      </trkpt>
      <trkpt lat="45.14121" lon="5.28202">
        <ele>282.0</ele>
      </trkpt>
      <trkpt lat="45.14054" lon="5.2817">
        <ele>281.0</ele>
      </trkpt>
      <trkpt lat="45.13988" lon="5.28106">
        <ele>281.0</ele>
      </trkpt>
      <trkpt lat="45.14151" lon="5.28085">
        <ele>280.0</ele>
      </trkpt>
      <trkpt lat="45.14181" lon="5.28063">
        <ele>280.0</ele>
      </trkpt>
      <trkpt lat="45.14149" lon="5.27816">
        <ele>279.0</ele>
      </trkpt>
      <trkpt lat="45.14117" lon="5.27741">
        <ele>279.0</ele>
      </trkpt>
      <trkpt lat="45.13944" lon="5.27527">
        <ele>278.0</ele>
      </trkpt>
      <trkpt lat="45.13902" lon="5.27443">
        <ele>278.0</ele>
      </trkpt>
      <trkpt lat="45.13858" lon="5.27309">
        <ele>281.0</ele>
      </trkpt>
      <trkpt lat="45.13715" lon="5.27201">
        <ele>291.0</ele>
      </trkpt>
      <trkpt lat="45.13698" lon="5.27108">
        <ele>295.0</ele>
      </trkpt>
      <trkpt lat="45.13695" lon="5.2695">
        <ele>300.0</ele>
      </trkpt>
      <trkpt lat="45.13589" lon="5.26391">
        <ele>296.0</ele>
      </trkpt>
      <trkpt lat="45.13403" lon="5.26175">
        <ele>291.0</ele>
      </trkpt>
      <trkpt lat="45.13296" lon="5.26103">
        <ele>294.0</ele>
      </trkpt>
      <trkpt lat="45.13261" lon="5.25943">
        <ele>296.0</ele>
      </trkpt>
      <trkpt lat="45.13314" lon="5.25863">
        <ele>299.0</ele>
      </trkpt>
      <trkpt lat="45.13325" lon="5.25814">
        <ele>300.0</ele>
      </trkpt>
      <trkpt lat="45.1328" lon="5.25682">
        <ele>303.0</ele>
      </trkpt>
      <trkpt lat="45.13303" lon="5.25542">
        <ele>300.0</ele>
      </trkpt>
      <trkpt lat="45.13261" lon="5.25404">
        <ele>296.0</ele>
      </trkpt>
      <trkpt lat="45.13192" lon="5.25268">
        <ele>285.0</ele>
      </trkpt>
      <trkpt lat="45.13204" lon="5.25176">
        <ele>279.0</ele>
      </trkpt>
      <trkpt lat="45.1325" lon="5.25142">
        <ele>274.0</ele>
      </trkpt>
      <trkpt lat="45.13231" lon="5.25081">
        <ele>271.0</ele>
      </trkpt>
      <trkpt lat="45.13238" lon="5.25059">
        <ele>270.0</ele>
      </trkpt>
      <trkpt lat="45.13361" lon="5.24917">
        <ele>264.0</ele>
      </trkpt>
      <trkpt lat="45.13427" lon="5.24887">
        <ele>261.0</ele>
      </trkpt>
      <trkpt lat="45.13441" lon="5.24865">
        <ele>259.0</ele>
      </trkpt>
      <trkpt lat="45.13432" lon="5.24809">
        <ele>257.0</ele>
      </trkpt>
      <trkpt lat="45.13399" lon="5.24789">
        <ele>255.0</ele>
      </trkpt>
      <trkpt lat="45.13268" lon="5.24824">
        <ele>255.0</ele>
      </trkpt>
      <trkpt lat="45.13244" lon="5.24807">
        <ele>259.0</ele>
      </trkpt>
      <trkpt lat="45.13343" lon="5.24683">
        <ele>267.0</ele>
      </trkpt>
      <trkpt lat="45.13369" lon="5.24596">
        <ele>270.0</ele>
      </trkpt>
      <trkpt lat="45.13331" lon="5.24497">
        <ele>273.0</ele>
      </trkpt>
      <trkpt lat="45.13296" lon="5.24128">
        <ele>281.0</ele>
      </trkpt>
      <trkpt lat="45.13329" lon="5.23799">
        <ele>284.0</ele>
      </trkpt>
      <trkpt lat="45.13345" lon="5.23743">
        <ele>285.0</ele>
      </trkpt>
      <trkpt lat="45.13587" lon="5.23413">
        <ele>295.0</ele>
      </trkpt>
      <trkpt lat="45.13987" lon="5.23114">
        <ele>301.0</ele>
      </trkpt>
      <trkpt lat="45.14158" lon="5.22865">
        <ele>309.0</ele>
      </trkpt>
      <trkpt lat="45.14249" lon="5.22823">
        <ele>312.0</ele>
      </trkpt>
      <trkpt lat="45.14439" lon="5.22822">
        <ele>316.0</ele>
      </trkpt>
      <trkpt lat="45.14456" lon="5.22806">
        <ele>316.0</ele>
      </trkpt>
      <trkpt lat="45.14501" lon="5.22698">
        <ele>317.0</ele>
      </trkpt>
      <trkpt lat="45.14718" lon="5.22461">
        <ele>325.0</ele>
      </trkpt>
      <trkpt lat="45.14763" lon="5.22309">
        <ele>334.0</ele>
      </trkpt>
      <trkpt lat="45.14844" lon="5.22258">
        <ele>337.0</ele>
      </trkpt>
      <trkpt lat="45.14996" lon="5.22205">
        <ele>342.0</ele>
      </trkpt>
      <trkpt lat="45.15026" lon="5.22164">
        <ele>344.0</ele>
      </trkpt>
      <trkpt lat="45.15053" lon="5.22018">
        <ele>347.0</ele>
      </trkpt>
      <trkpt lat="45.15098" lon="5.2195">
        <ele>349.0</ele>
      </trkpt>
      <trkpt lat="45.15105" lon="5.21913">
        <ele>351.0</ele>
      </trkpt>
      <trkpt lat="45.15034" lon="5.21782">
        <ele>355.0</ele>
      </trkpt>
      <trkpt lat="45.15035" lon="5.21747">
        <ele>357.0</ele>
      </trkpt>
      <trkpt lat="45.15058" lon="5.21692">
        <ele>359.0</ele>
      </trkpt>
      <trkpt lat="45.15119" lon="5.21712">
        <ele>363.0</ele>
      </trkpt>
      <trkpt lat="45.15152" lon="5.21689">
        <ele>365.0</ele>
      </trkpt>
      <trkpt lat="45.15163" lon="5.21587">
        <ele>369.0</ele>
      </trkpt>
      <trkpt lat="45.15242" lon="5.21486">
        <ele>375.0</ele>
      </trkpt>
      <trkpt lat="45.15237" lon="5.21335">
        <ele>381.0</ele>
      </trkpt>
      <trkpt lat="45.15305" lon="5.21223">
        <ele>388.0</ele>
      </trkpt>
      <trkpt lat="45.15285" lon="5.21199">
        <ele>390.0</ele>
      </trkpt>
      <trkpt lat="45.15234" lon="5.21228">
        <ele>392.0</ele>
      </trkpt>
      <trkpt lat="45.15066" lon="5.21223">
        <ele>395.0</ele>
      </trkpt>
      <trkpt lat="45.15027" lon="5.21195">
        <ele>399.0</ele>
      </trkpt>
      <trkpt lat="45.15004" lon="5.21155">
        <ele>403.0</ele>
      </trkpt>
      <trkpt lat="45.15005" lon="5.21102">
        <ele>406.0</ele>
      </trkpt>
      <trkpt lat="45.15049" lon="5.21011">
        <ele>409.0</ele>
      </trkpt>
      <trkpt lat="45.15034" lon="5.20901">
        <ele>416.0</ele>
      </trkpt>
      <trkpt lat="45.1511" lon="5.20691">
        <ele>424.0</ele>
      </trkpt>
      <trkpt lat="45.15091" lon="5.20654">
        <ele>428.0</ele>
      </trkpt>
      <trkpt lat="45.15028" lon="5.20641">
        <ele>430.0</ele>
      </trkpt>
      <trkpt lat="45.15008" lon="5.20616">
        <ele>432.0</ele>
      </trkpt>
      <trkpt lat="45.15082" lon="5.20412">
        <ele>436.0</ele>
      </trkpt>
      <trkpt lat="45.15037" lon="5.2025">
        <ele>435.0</ele>
      </trkpt>
      <trkpt lat="45.15246" lon="5.20302">
        <ele>437.0</ele>
      </trkpt>
      <trkpt lat="45.15411" lon="5.20257">
        <ele>441.0</ele>
      </trkpt>
      <trkpt lat="45.15554" lon="5.20341">
        <ele>445.0</ele>
      </trkpt>
      <trkpt lat="45.15791" lon="5.20416">
        <ele>449.0</ele>
      </trkpt>
      <trkpt lat="45.15814" lon="5.20408">
        <ele>450.0</ele>
      </trkpt>
      <trkpt lat="45.15938" lon="5.2028">
        <ele>456.0</ele>
      </trkpt>
      <trkpt lat="45.16031" lon="5.2028">
        <ele>461.0</ele>
      </trkpt>
      <trkpt lat="45.16219" lon="5.20247">
        <ele>467.0</ele>
      </trkpt>
      <trkpt lat="45.16304" lon="5.20196">
        <ele>473.0</ele>
      </trkpt>
      <trkpt lat="45.16313" lon="5.20042">
        <ele>478.0</ele>
      </trkpt>
      <trkpt lat="45.16268" lon="5.19569">
        <ele>483.0</ele>
      </trkpt>
      <trkpt lat="45.16208" lon="5.19471">
        <ele>484.0</ele>
      </trkpt>
      <trkpt lat="45.16176" lon="5.19389">
        <ele>483.0</ele>
      </trkpt>
      <trkpt lat="45.16101" lon="5.19258">
        <ele>480.0</ele>
      </trkpt>
      <trkpt lat="45.16034" lon="5.19174">
        <ele>479.0</ele>
      </trkpt>
      <trkpt lat="45.15986" lon="5.19075">
        <ele>477.0</ele>
      </trkpt>
      <trkpt lat="45.16038" lon="5.18917">
        <ele>478.0</ele>
      </trkpt>
      <trkpt lat="45.16057" lon="5.18793">
        <ele>479.0</ele>
      </trkpt>
      <trkpt lat="45.16053" lon="5.1871">
        <ele>480.0</ele>
      </trkpt>
      <trkpt lat="45.16033" lon="5.18643">
        <ele>481.0</ele>
      </trkpt>
      <trkpt lat="45.15976" lon="5.18542">
        <ele>481.0</ele>
      </trkpt>
      <trkpt lat="45.15926" lon="5.18515">
        <ele>481.0</ele>
      </trkpt>
      <trkpt lat="45.1581" lon="5.18397">
        <ele>479.0</ele>
      </trkpt>
      <trkpt lat="45.15806" lon="5.18377">
        <ele>479.0</ele>
      </trkpt>
      <trkpt lat="45.1581" lon="5.18349">
        <ele>478.0</ele>
      </trkpt>
      <trkpt lat="45.15867" lon="5.18249">
        <ele>477.0</ele>
      </trkpt>
      <trkpt lat="45.15874" lon="5.18191">
        <ele>476.0</ele>
      </trkpt>
      <trkpt lat="45.15933" lon="5.18093">
        <ele>474.0</ele>
      </trkpt>
      <trkpt lat="45.15964" lon="5.17994">
        <ele>473.0</ele>
      </trkpt>
      <trkpt lat="45.15968" lon="5.17902">
        <ele>472.0</ele>
      </trkpt>
      <trkpt lat="45.16003" lon="5.17718">
        <ele>469.0</ele>
      </trkpt>
      <trkpt lat="45.15953" lon="5.17567">
        <ele>463.0</ele>
      </trkpt>
      <trkpt lat="45.15904" lon="5.17324">
        <ele>457.0</ele>
      </trkpt>
      <trkpt lat="45.15899" lon="5.17133">
        <ele>453.0</ele>
      </trkpt>
      <trkpt lat="45.15884" lon="5.17017">
        <ele>452.0</ele>
      </trkpt>
      <trkpt lat="45.15811" lon="5.16676">
        <ele>448.0</ele>
      </trkpt>
      <trkpt lat="45.15824" lon="5.16526">
        <ele>441.0</ele>
      </trkpt>
      <trkpt lat="45.15805" lon="5.16358">
        <ele>439.0</ele>
      </trkpt>
      <trkpt lat="45.15804" lon="5.16053">
        <ele>433.0</ele>
      </trkpt>
      <trkpt lat="45.15773" lon="5.15923">
        <ele>429.0</ele>
      </trkpt>
      <trkpt lat="45.15707" lon="5.15791">
        <ele>425.0</ele>
      </trkpt>
      <trkpt lat="45.15671" lon="5.15637">
        <ele>421.0</ele>
      </trkpt>
      <trkpt lat="45.1566" lon="5.15444">
        <ele>417.0</ele>
      </trkpt>
      <trkpt lat="45.15629" lon="5.1527">
        <ele>412.0</ele>
      </trkpt>
      <trkpt lat="45.15612" lon="5.15033">
        <ele>405.0</ele>
      </trkpt>
      <trkpt lat="45.15551" lon="5.14867">
        <ele>401.0</ele>
      </trkpt>
      <trkpt lat="45.15363" lon="5.14567">
        <ele>389.0</ele>
      </trkpt>
      <trkpt lat="45.15333" lon="5.14472">
        <ele>386.0</ele>
      </trkpt>
      <trkpt lat="45.15331" lon="5.14381">
        <ele>384.0</ele>
      </trkpt>
      <trkpt lat="45.15361" lon="5.14199">
        <ele>379.0</ele>
      </trkpt>
      <trkpt lat="45.1541" lon="5.14067">
        <ele>375.0</ele>
      </trkpt>
      <trkpt lat="45.15327" lon="5.13558">
        <ele>371.0</ele>
      </trkpt>
      <trkpt lat="45.15301" lon="5.13482">
        <ele>369.0</ele>
      </trkpt>
      <trkpt lat="45.14994" lon="5.12863">
        <ele>359.0</ele>
      </trkpt>
      <trkpt lat="45.14823" lon="5.12527">
        <ele>346.0</ele>
      </trkpt>
      <trkpt lat="45.14779" lon="5.12467">
        <ele>343.0</ele>
      </trkpt>
      <trkpt lat="45.14632" lon="5.12304">
        <ele>337.0</ele>
      </trkpt>
      <trkpt lat="45.14528" lon="5.12223">
        <ele>337.0</ele>
      </trkpt>
      <trkpt lat="45.14362" lon="5.11998">
        <ele>337.0</ele>
      </trkpt>
      <trkpt lat="45.13436" lon="5.11261">
        <ele>317.0</ele>
      </trkpt>
      <trkpt lat="45.12892" lon="5.1075">
        <ele>299.0</ele>
      </trkpt>
      <trkpt lat="45.12792" lon="5.10709">
        <ele>295.0</ele>
      </trkpt>
      <trkpt lat="45.12604" lon="5.107">
        <ele>293.0</ele>
      </trkpt>
      <trkpt lat="45.12367" lon="5.10733">
        <ele>298.0</ele>
      </trkpt>
      <trkpt lat="45.12243" lon="5.10779">
        <ele>294.0</ele>
      </trkpt>
      <trkpt lat="45.12202" lon="5.10773">
        <ele>292.0</ele>
      </trkpt>
      <trkpt lat="45.11978" lon="5.10598">
        <ele>285.0</ele>
      </trkpt>
      <trkpt lat="45.11917" lon="5.10466">
        <ele>284.0</ele>
      </trkpt>
      <trkpt lat="45.11778" lon="5.10241">
        <ele>282.0</ele>
      </trkpt>
      <trkpt lat="45.11663" lon="5.09974">
        <ele>278.0</ele>
      </trkpt>
      <trkpt lat="45.11547" lon="5.09811">
        <ele>276.0</ele>
      </trkpt>
      <trkpt lat="45.11495" lon="5.09764">
        <ele>275.0</ele>
      </trkpt>
      <trkpt lat="45.1121" lon="5.09602">
        <ele>271.0</ele>
      </trkpt>
      <trkpt lat="45.10958" lon="5.09537">
        <ele>265.0</ele>
      </trkpt>
      <trkpt lat="45.10851" lon="5.09565">
        <ele>259.0</ele>
      </trkpt>
      <trkpt lat="45.10758" lon="5.09652">
        <ele>255.0</ele>
      </trkpt>
      <trkpt lat="45.107" lon="5.09683">
        <ele>254.0</ele>
      </trkpt>
      <trkpt lat="45.10319" lon="5.09661">
        <ele>259.0</ele>
      </trkpt>
      <trkpt lat="45.10165" lon="5.09509">
        <ele>271.0</ele>
      </trkpt>
      <trkpt lat="45.09652" lon="5.09082">
        <ele>262.0</ele>
      </trkpt>
      <trkpt lat="45.09608" lon="5.09062">
        <ele>258.0</ele>
      </trkpt>
      <trkpt lat="45.09551" lon="5.09061">
        <ele>256.0</ele>
      </trkpt>
      <trkpt lat="45.09516" lon="5.09039">
        <ele>255.0</ele>
      </trkpt>
      <trkpt lat="45.09494" lon="5.08993">
        <ele>253.0</ele>
      </trkpt>
      <trkpt lat="45.09488" lon="5.08844">
        <ele>248.0</ele>
      </trkpt>
      <trkpt lat="45.09461" lon="5.08806">
        <ele>245.0</ele>
      </trkpt>
      <trkpt lat="45.09351" lon="5.08804">
        <ele>241.0</ele>
      </trkpt>
      <trkpt lat="45.09144" lon="5.08706">
        <ele>232.0</ele>
      </trkpt>
      <trkpt lat="45.08775" lon="5.086">
        <ele>208.0</ele>
      </trkpt>
      <trkpt lat="45.08749" lon="5.0857">
        <ele>205.0</ele>
      </trkpt>
      <trkpt lat="45.08751" lon="5.08481">
        <ele>206.0</ele>
      </trkpt>
      <trkpt lat="45.08787" lon="5.08211">
        <ele>210.0</ele>
      </trkpt>
      <trkpt lat="45.08851" lon="5.07895">
        <ele>222.0</ele>
      </trkpt>
      <trkpt lat="45.08874" lon="5.0786">
        <ele>224.0</ele>
      </trkpt>
      <trkpt lat="45.09013" lon="5.07767">
        <ele>230.0</ele>
      </trkpt>
      <trkpt lat="45.09119" lon="5.07663">
        <ele>230.0</ele>
      </trkpt>
      <trkpt lat="45.09332" lon="5.07222">
        <ele>226.0</ele>
      </trkpt>
      <trkpt lat="45.09385" lon="5.07162">
        <ele>223.0</ele>
      </trkpt>
      <trkpt lat="45.09367" lon="5.06741">
        <ele>215.0</ele>
      </trkpt>
      <trkpt lat="45.09381" lon="5.0658">
        <ele>213.0</ele>
      </trkpt>
      <trkpt lat="45.09367" lon="5.06072">
        <ele>209.0</ele>
      </trkpt>
      <trkpt lat="45.09383" lon="5.0589">
        <ele>208.0</ele>
      </trkpt>
      <trkpt lat="45.09421" lon="5.05729">
        <ele>207.0</ele>
      </trkpt>
      <trkpt lat="45.09434" lon="5.05558">
        <ele>206.0</ele>
      </trkpt>
      <trkpt lat="45.09405" lon="5.05363">
        <ele>208.0</ele>
      </trkpt>
      <trkpt lat="45.09267" lon="5.05109">
        <ele>212.0</ele>
      </trkpt>
      <trkpt lat="45.09237" lon="5.05002">
        <ele>212.0</ele>
      </trkpt>
      <trkpt lat="45.09291" lon="5.04901">
        <ele>208.0</ele>
      </trkpt>
      <trkpt lat="45.09305" lon="5.0479">
        <ele>206.0</ele>
      </trkpt>
      <trkpt lat="45.09299" lon="5.04767">
        <ele>205.0</ele>
      </trkpt>
      <trkpt lat="45.09312" lon="5.04748">
        <ele>205.0</ele>
      </trkpt>
      <trkpt lat="45.09383" lon="5.04692">
        <ele>207.0</ele>
      </trkpt>
      <trkpt lat="45.09572" lon="5.04592">
        <ele>210.0</ele>
      </trkpt>
      <trkpt lat="45.09599" lon="5.04539">
        <ele>211.0</ele>
      </trkpt>
      <trkpt lat="45.09625" lon="5.0452">
        <ele>212.0</ele>
      </trkpt>
      <trkpt lat="45.0962" lon="5.04475">
        <ele>213.0</ele>
      </trkpt>
      <trkpt lat="45.09673" lon="5.04334">
        <ele>214.0</ele>
      </trkpt>
      <trkpt lat="45.09849" lon="5.04151">
        <ele>210.0</ele>
      </trkpt>
      <trkpt lat="45.09867" lon="5.04109">
        <ele>209.0</ele>
      </trkpt>
      <trkpt lat="45.09883" lon="5.03981">
        <ele>210.0</ele>
      </trkpt>
      <trkpt lat="45.09814" lon="5.03796">
        <ele>211.0</ele>
      </trkpt>
      <trkpt lat="45.09788" lon="5.03607">
        <ele>213.0</ele>
      </trkpt>
      <trkpt lat="45.09805" lon="5.03559">
        <ele>213.0</ele>
      </trkpt>
      <trkpt lat="45.09891" lon="5.03423">
        <ele>214.0</ele>
      </trkpt>
      <trkpt lat="45.10069" lon="5.02774">
        <ele>236.0</ele>
      </trkpt>
      <trkpt lat="45.10062" lon="5.02745">
        <ele>238.0</ele>
      </trkpt>
      <trkpt lat="45.1" lon="5.02668">
        <ele>244.0</ele>
      </trkpt>
      <trkpt lat="45.09963" lon="5.02574">
        <ele>255.0</ele>
      </trkpt>
      <trkpt lat="45.09911" lon="5.025">
        <ele>264.0</ele>
      </trkpt>
      <trkpt lat="45.09869" lon="5.02376">
        <ele>263.0</ele>
      </trkpt>
      <trkpt lat="45.09845" lon="5.02258">
        <ele>260.0</ele>
      </trkpt>
      <trkpt lat="45.10039" lon="5.01674">
        <ele>243.0</ele>
      </trkpt>
      <trkpt lat="45.10083" lon="5.01239">
        <ele>238.0</ele>
      </trkpt>
      <trkpt lat="45.10108" lon="5.01136">
        <ele>238.0</ele>
      </trkpt>
      <trkpt lat="45.10226" lon="5.00952">
        <ele>238.0</ele>
      </trkpt>
      <trkpt lat="45.10635" lon="5.0062">
        <ele>235.0</ele>
      </trkpt>
      <trkpt lat="45.1071" lon="5.0059">
        <ele>242.0</ele>
      </trkpt>
      <trkpt lat="45.10889" lon="5.00558">
        <ele>255.0</ele>
      </trkpt>
      <trkpt lat="45.11079" lon="5.00433">
        <ele>253.0</ele>
      </trkpt>
      <trkpt lat="45.11238" lon="5.00353">
        <ele>240.0</ele>
      </trkpt>
      <trkpt lat="45.11358" lon="5.00264">
        <ele>235.0</ele>
      </trkpt>
      <trkpt lat="45.11524" lon="5.00109">
        <ele>234.0</ele>
      </trkpt>
      <trkpt lat="45.1167" lon="4.99936">
        <ele>234.0</ele>
      </trkpt>
      <trkpt lat="45.11845" lon="4.99857">
        <ele>226.0</ele>
      </trkpt>
      <trkpt lat="45.11899" lon="4.99817">
        <ele>220.0</ele>
      </trkpt>
      <trkpt lat="45.11951" lon="4.99749">
        <ele>214.0</ele>
      </trkpt>
      <trkpt lat="45.12114" lon="4.99454">
        <ele>209.0</ele>
      </trkpt>
      <trkpt lat="45.12212" lon="4.99106">
        <ele>208.0</ele>
      </trkpt>
      <trkpt lat="45.12239" lon="4.99058">
        <ele>208.0</ele>
      </trkpt>
      <trkpt lat="45.12172" lon="4.99008">
        <ele>207.0</ele>
      </trkpt>
      <trkpt lat="45.12096" lon="4.98895">
        <ele>205.0</ele>
      </trkpt>
      <trkpt lat="45.12055" lon="4.988">
        <ele>203.0</ele>
      </trkpt>
      <trkpt lat="45.12024" lon="4.98662">
        <ele>203.0</ele>
      </trkpt>
      <trkpt lat="45.12021" lon="4.98491">
        <ele>203.0</ele>
      </trkpt>
      <trkpt lat="45.12055" lon="4.98406">
        <ele>203.0</ele>
      </trkpt>
      <trkpt lat="45.12049" lon="4.98368">
        <ele>203.0</ele>
      </trkpt>
      <trkpt lat="45.12068" lon="4.98244">
        <ele>203.0</ele>
      </trkpt>
      <trkpt lat="45.12066" lon="4.98156">
        <ele>203.0</ele>
      </trkpt>
      <trkpt lat="45.12009" lon="4.97916">
        <ele>201.0</ele>
      </trkpt>
      <trkpt lat="45.11879" lon="4.97167">
        <ele>196.0</ele>
      </trkpt>
      <trkpt lat="45.11878" lon="4.97131">
        <ele>196.0</ele>
      </trkpt>
      <trkpt lat="45.11903" lon="4.97085">
        <ele>196.0</ele>
      </trkpt>
      <trkpt lat="45.11901" lon="4.97064">
        <ele>196.0</ele>
      </trkpt>
      <trkpt lat="45.11876" lon="4.97049">
        <ele>197.0</ele>
      </trkpt>
      <trkpt lat="45.11766" lon="4.96887">
        <ele>197.0</ele>
      </trkpt>
      <trkpt lat="45.11761" lon="4.96831">
        <ele>196.0</ele>
      </trkpt>
      <trkpt lat="45.1172" lon="4.96811">
        <ele>196.0</ele>
      </trkpt>
      <trkpt lat="45.11682" lon="4.96752">
        <ele>196.0</ele>
      </trkpt>
      <trkpt lat="45.11563" lon="4.9647">
        <ele>194.0</ele>
      </trkpt>
      <trkpt lat="45.11478" lon="4.96324">
        <ele>199.0</ele>
      </trkpt>
      <trkpt lat="45.11437" lon="4.96277">
        <ele>200.0</ele>
      </trkpt>
      <trkpt lat="45.11249" lon="4.95926">
        <ele>198.0</ele>
      </trkpt>
      <trkpt lat="45.111" lon="4.95686">
        <ele>196.0</ele>
      </trkpt>
      <trkpt lat="45.10992" lon="4.95562">
        <ele>197.0</ele>
      </trkpt>
      <trkpt lat="45.10906" lon="4.95303">
        <ele>192.0</ele>
      </trkpt>
      <trkpt lat="45.1078" lon="4.95154">
        <ele>192.0</ele>
      </trkpt>
      <trkpt lat="45.1068" lon="4.95077">
        <ele>192.0</ele>
      </trkpt>
      <trkpt lat="45.10515" lon="4.95005">
        <ele>192.0</ele>
      </trkpt>
      <trkpt lat="45.10466" lon="4.9496">
        <ele>191.0</ele>
      </trkpt>
      <trkpt lat="45.10424" lon="4.94954">
        <ele>191.0</ele>
      </trkpt>
      <trkpt lat="45.1026" lon="4.94862">
        <ele>189.0</ele>
      </trkpt>
      <trkpt lat="45.10023" lon="4.94687">
        <ele>184.0</ele>
      </trkpt>
      <trkpt lat="45.09943" lon="4.94607">
        <ele>184.0</ele>
      </trkpt>
      <trkpt lat="45.09837" lon="4.94468">
        <ele>184.0</ele>
      </trkpt>
      <trkpt lat="45.09644" lon="4.94276">
        <ele>188.0</ele>
      </trkpt>
      <trkpt lat="45.09393" lon="4.93802">
        <ele>187.0</ele>
      </trkpt>
      <trkpt lat="45.0932" lon="4.93717">
        <ele>185.0</ele>
      </trkpt>
      <trkpt lat="45.09232" lon="4.93672">
        <ele>184.0</ele>
      </trkpt>
      <trkpt lat="45.08834" lon="4.93573">
        <ele>182.0</ele>
      </trkpt>
      <trkpt lat="45.08753" lon="4.93575">
        <ele>180.0</ele>
      </trkpt>
      <trkpt lat="45.08645" lon="4.93621">
        <ele>178.0</ele>
      </trkpt>
      <trkpt lat="45.08645" lon="4.93577">
        <ele>177.0</ele>
      </trkpt>
      <trkpt lat="45.08806" lon="4.93415">
        <ele>176.0</ele>
      </trkpt>
      <trkpt lat="45.088" lon="4.93334">
        <ele>175.0</ele>
      </trkpt>
      <trkpt lat="45.08762" lon="4.93196">
        <ele>173.0</ele>
      </trkpt>
      <trkpt lat="45.08783" lon="4.92777">
        <ele>175.0</ele>
      </trkpt>
      <trkpt lat="45.08709" lon="4.9267">
        <ele>179.0</ele>
      </trkpt>
      <trkpt lat="45.08651" lon="4.92492">
        <ele>187.0</ele>
      </trkpt>
      <trkpt lat="45.08608" lon="4.92402">
        <ele>192.0</ele>
      </trkpt>
      <trkpt lat="45.08508" lon="4.92266">
        <ele>204.0</ele>
      </trkpt>
      <trkpt lat="45.08313" lon="4.92147">
        <ele>227.0</ele>
      </trkpt>
      <trkpt lat="45.08323" lon="4.92036">
        <ele>235.0</ele>
      </trkpt>
      <trkpt lat="45.08237" lon="4.9203">
        <ele>239.0</ele>
      </trkpt>
      <trkpt lat="45.08197" lon="4.91983">
        <ele>243.0</ele>
      </trkpt>
      <trkpt lat="45.08153" lon="4.91858">
        <ele>247.0</ele>
      </trkpt>
      <trkpt lat="45.08182" lon="4.91647">
        <ele>242.0</ele>
      </trkpt>
      <trkpt lat="45.08174" lon="4.91581">
        <ele>237.0</ele>
      </trkpt>
      <trkpt lat="45.07997" lon="4.91371">
        <ele>228.0</ele>
      </trkpt>
      <trkpt lat="45.07864" lon="4.91163">
        <ele>221.0</ele>
      </trkpt>
      <trkpt lat="45.07805" lon="4.91105">
        <ele>219.0</ele>
      </trkpt>
      <trkpt lat="45.07687" lon="4.90937">
        <ele>214.0</ele>
      </trkpt>
      <trkpt lat="45.07622" lon="4.90746">
        <ele>211.0</ele>
      </trkpt>
      <trkpt lat="45.07623" lon="4.90592">
        <ele>207.0</ele>
      </trkpt>
      <trkpt lat="45.07712" lon="4.90337">
        <ele>197.0</ele>
      </trkpt>
      <trkpt lat="45.07721" lon="4.90112">
        <ele>189.0</ele>
      </trkpt>
      <trkpt lat="45.07738" lon="4.90014">
        <ele>185.0</ele>
      </trkpt>
      <trkpt lat="45.07876" lon="4.8975">
        <ele>180.0</ele>
      </trkpt>
      <trkpt lat="45.07889" lon="4.8958">
        <ele>178.0</ele>
      </trkpt>
      <trkpt lat="45.07887" lon="4.89342">
        <ele>177.0</ele>
      </trkpt>
      <trkpt lat="45.07825" lon="4.89252">
        <ele>175.0</ele>
      </trkpt>
      <trkpt lat="45.07748" lon="4.89042">
        <ele>170.0</ele>
      </trkpt>
      <trkpt lat="45.07708" lon="4.88996">
        <ele>168.0</ele>
      </trkpt>
      <trkpt lat="45.0765" lon="4.88963">
        <ele>166.0</ele>
      </trkpt>
      <trkpt lat="45.07517" lon="4.88953">
        <ele>165.0</ele>
      </trkpt>
      <trkpt lat="45.07451" lon="4.88918">
        <ele>164.0</ele>
      </trkpt>
      <trkpt lat="45.07401" lon="4.88856">
        <ele>162.0</ele>
      </trkpt>
      <trkpt lat="45.07378" lon="4.88783">
        <ele>161.0</ele>
      </trkpt>
      <trkpt lat="45.07347" lon="4.88574">
        <ele>157.0</ele>
      </trkpt>
      <trkpt lat="45.07281" lon="4.88377">
        <ele>155.0</ele>
      </trkpt>
      <trkpt lat="45.071" lon="4.88062">
        <ele>151.0</ele>
      </trkpt>
      <trkpt lat="45.06946" lon="4.8757">
        <ele>146.0</ele>
      </trkpt>
      <trkpt lat="45.06906" lon="4.87503">
        <ele>145.0</ele>
      </trkpt>
      <trkpt lat="45.06857" lon="4.87455">
        <ele>143.0</ele>
      </trkpt>
      <trkpt lat="45.06851" lon="4.87395">
        <ele>143.0</ele>
      </trkpt>
      <trkpt lat="45.06882" lon="4.87231">
        <ele>143.0</ele>
      </trkpt>
      <trkpt lat="45.06987" lon="4.87007">
        <ele>140.0</ele>
      </trkpt>
      <trkpt lat="45.07022" lon="4.8685">
        <ele>137.0</ele>
      </trkpt>
      <trkpt lat="45.07035" lon="4.86719">
        <ele>134.0</ele>
      </trkpt>
      <trkpt lat="45.07094" lon="4.86568">
        <ele>131.0</ele>
      </trkpt>
      <trkpt lat="45.07091" lon="4.8653">
        <ele>130.0</ele>
      </trkpt>
      <trkpt lat="45.0706" lon="4.86457">
        <ele>129.0</ele>
      </trkpt>
      <trkpt lat="45.07063" lon="4.86408">
        <ele>129.0</ele>
      </trkpt>
      <trkpt lat="45.07031" lon="4.86355">
        <ele>128.0</ele>
      </trkpt>
      <trkpt lat="45.07071" lon="4.86252">
        <ele>128.0</ele>
      </trkpt>
      <trkpt lat="45.07077" lon="4.86103">
        <ele>128.0</ele>
      </trkpt>
      <trkpt lat="45.07067" lon="4.85929">
        <ele>128.0</ele>
      </trkpt>
      <trkpt lat="45.07078" lon="4.8585">
        <ele>128.0</ele>
      </trkpt>
      <trkpt lat="45.07096" lon="4.8582">
        <ele>127.0</ele>
      </trkpt>
      <trkpt lat="45.07083" lon="4.85785">
        <ele>127.0</ele>
      </trkpt>
      <trkpt lat="45.07098" lon="4.85524">
        <ele>124.0</ele>
      </trkpt>
      <trkpt lat="45.07078" lon="4.85079">
        <ele>121.0</ele>
      </trkpt>
      <trkpt lat="45.07086" lon="4.84967">
        <ele>121.0</ele>
      </trkpt>
      <trkpt lat="45.07054" lon="4.84824">
        <ele>121.0</ele>
      </trkpt>
      <trkpt lat="45.07043" lon="4.8471">
        <ele>121.0</ele>
      </trkpt>
      <trkpt lat="45.06762" lon="4.8476">
        <ele>119.0</ele>
      </trkpt>
      <trkpt lat="45.06906" lon="4.84231">
        <ele>120.0</ele>
      </trkpt>
      <trkpt lat="45.06902" lon="4.84209">
        <ele>119.0</ele>
      </trkpt>
      <trkpt lat="45.06545" lon="4.8399">
        <ele>120.0</ele>
      </trkpt>
      <trkpt lat="45.06777" lon="4.83456">
        <ele>124.0</ele>
      </trkpt>
      <trkpt lat="45.0685" lon="4.83319">
        <ele>124.0</ele>
      </trkpt>
      <trkpt lat="45.06874" lon="4.83236">
        <ele>124.0</ele>
      </trkpt>
      <trkpt lat="45.06876" lon="4.83065">
        <ele>123.0</ele>
      </trkpt>
      <trkpt lat="45.06897" lon="4.8298">
        <ele>123.0</ele>
      </trkpt>
      <trkpt lat="45.07058" lon="4.82738">
        <ele>122.0</ele>
      </trkpt>
      <trkpt lat="45.07235" lon="4.82227">
        <ele>125.0</ele>
      </trkpt>
      <trkpt lat="45.07258" lon="4.82194">
        <ele>126.0</ele>
      </trkpt>
      <trkpt lat="45.07247" lon="4.82174">
        <ele>127.0</ele>
      </trkpt>
      <trkpt lat="45.07223" lon="4.82172">
        <ele>127.0</ele>
      </trkpt>
      <trkpt lat="45.07071" lon="4.82004">
        <ele>128.0</ele>
      </trkpt>
      <trkpt lat="45.07005" lon="4.81903">
        <ele>128.0</ele>
      </trkpt>
      <trkpt lat="45.06861" lon="4.81421">
        <ele>129.0</ele>
      </trkpt>
      <trkpt lat="45.06732" lon="4.81085">
        <ele>133.0</ele>
      </trkpt>
      <trkpt lat="45.06711" lon="4.809">
        <ele>133.0</ele>
      </trkpt>
      <trkpt lat="45.0672" lon="4.80853">
        <ele>133.0</ele>
      </trkpt>
      <trkpt lat="45.06698" lon="4.80808">
        <ele>132.0</ele>
      </trkpt>
      <trkpt lat="45.06687" lon="4.80657">
        <ele>131.0</ele>
      </trkpt>
      <trkpt lat="45.06691" lon="4.79788">
        <ele>127.0</ele>
      </trkpt>
      <trkpt lat="45.06534" lon="4.7937">
        <ele>134.0</ele>
      </trkpt>
      <trkpt lat="45.06466" lon="4.79286">
        <ele>141.0</ele>
      </trkpt>
      <trkpt lat="45.06428" lon="4.79197">
        <ele>149.0</ele>
      </trkpt>
      <trkpt lat="45.06435" lon="4.7913">
        <ele>150.0</ele>
      </trkpt>
      <trkpt lat="45.06476" lon="4.7901">
        <ele>150.0</ele>
      </trkpt>
      <trkpt lat="45.06523" lon="4.7879">
        <ele>147.0</ele>
      </trkpt>
      <trkpt lat="45.06594" lon="4.78661">
        <ele>144.0</ele>
      </trkpt>
      <trkpt lat="45.06634" lon="4.78508">
        <ele>143.0</ele>
      </trkpt>
      <trkpt lat="45.06627" lon="4.78232">
        <ele>148.0</ele>
      </trkpt>
      <trkpt lat="45.06602" lon="4.78165">
        <ele>149.0</ele>
      </trkpt>
      <trkpt lat="45.06573" lon="4.78146">
        <ele>149.0</ele>
      </trkpt>
      <trkpt lat="45.06479" lon="4.78132">
        <ele>149.0</ele>
      </trkpt>
      <trkpt lat="45.06445" lon="4.78141">
        <ele>149.0</ele>
      </trkpt>
      <trkpt lat="45.06364" lon="4.78326">
        <ele>154.0</ele>
      </trkpt>
      <trkpt lat="45.06346" lon="4.78446">
        <ele>157.0</ele>
      </trkpt>
      <trkpt lat="45.06317" lon="4.78522">
        <ele>159.0</ele>
      </trkpt>
      <trkpt lat="45.06247" lon="4.78622">
        <ele>162.0</ele>
      </trkpt>
      <trkpt lat="45.06134" lon="4.78676">
        <ele>167.0</ele>
      </trkpt>
      <trkpt lat="45.06048" lon="4.78674">
        <ele>170.0</ele>
      </trkpt>
      <trkpt lat="45.0598" lon="4.78641">
        <ele>171.0</ele>
      </trkpt>
      <trkpt lat="45.05869" lon="4.78476">
        <ele>172.0</ele>
      </trkpt>
      <trkpt lat="45.05827" lon="4.78484">
        <ele>175.0</ele>
      </trkpt>
      <trkpt lat="45.0577" lon="4.7847">
        <ele>178.0</ele>
      </trkpt>
      <trkpt lat="45.0572" lon="4.78498">
        <ele>181.0</ele>
      </trkpt>
      <trkpt lat="45.05658" lon="4.78472">
        <ele>182.0</ele>
      </trkpt>
      <trkpt lat="45.05644" lon="4.78444">
        <ele>182.0</ele>
      </trkpt>
      <trkpt lat="45.05698" lon="4.78229">
        <ele>180.0</ele>
      </trkpt>
      <trkpt lat="45.05781" lon="4.78187">
        <ele>182.0</ele>
      </trkpt>
      <trkpt lat="45.05797" lon="4.78157">
        <ele>184.0</ele>
      </trkpt>
      <trkpt lat="45.05806" lon="4.78045">
        <ele>186.0</ele>
      </trkpt>
      <trkpt lat="45.05797" lon="4.77949">
        <ele>191.0</ele>
      </trkpt>
      <trkpt lat="45.05828" lon="4.77904">
        <ele>195.0</ele>
      </trkpt>
      <trkpt lat="45.05871" lon="4.77679">
        <ele>206.0</ele>
      </trkpt>
      <trkpt lat="45.05854" lon="4.77641">
        <ele>208.0</ele>
      </trkpt>
      <trkpt lat="45.05747" lon="4.77583">
        <ele>213.0</ele>
      </trkpt>
      <trkpt lat="45.05636" lon="4.77433">
        <ele>227.0</ele>
      </trkpt>
      <trkpt lat="45.05606" lon="4.77283">
        <ele>229.0</ele>
      </trkpt>
      <trkpt lat="45.05618" lon="4.77058">
        <ele>234.0</ele>
      </trkpt>
      <trkpt lat="45.0566" lon="4.77029">
        <ele>237.0</ele>
      </trkpt>
      <trkpt lat="45.05693" lon="4.76962">
        <ele>240.0</ele>
      </trkpt>
      <trkpt lat="45.05783" lon="4.76848">
        <ele>246.0</ele>
      </trkpt>
      <trkpt lat="45.05796" lon="4.76805">
        <ele>249.0</ele>
      </trkpt>
      <trkpt lat="45.05788" lon="4.76767">
        <ele>251.0</ele>
      </trkpt>
      <trkpt lat="45.05795" lon="4.76731">
        <ele>253.0</ele>
      </trkpt>
      <trkpt lat="45.05911" lon="4.76683">
        <ele>254.0</ele>
      </trkpt>
      <trkpt lat="45.05959" lon="4.76588">
        <ele>255.0</ele>
      </trkpt>
      <trkpt lat="45.05998" lon="4.76548">
        <ele>254.0</ele>
      </trkpt>
      <trkpt lat="45.06068" lon="4.7658">
        <ele>250.0</ele>
      </trkpt>
      <trkpt lat="45.06108" lon="4.76572">
        <ele>248.0</ele>
      </trkpt>
      <trkpt lat="45.0612" lon="4.76547">
        <ele>246.0</ele>
      </trkpt>
      <trkpt lat="45.06106" lon="4.7639">
        <ele>257.0</ele>
      </trkpt>
      <trkpt lat="45.06125" lon="4.76261">
        <ele>266.0</ele>
      </trkpt>
      <trkpt lat="45.062" lon="4.76109">
        <ele>275.0</ele>
      </trkpt>
      <trkpt lat="45.06389" lon="4.75939">
        <ele>286.0</ele>
      </trkpt>
      <trkpt lat="45.0643" lon="4.75949">
        <ele>292.0</ele>
      </trkpt>
      <trkpt lat="45.06466" lon="4.75993">
        <ele>296.0</ele>
      </trkpt>
      <trkpt lat="45.0656" lon="4.75998">
        <ele>302.0</ele>
      </trkpt>
      <trkpt lat="45.06593" lon="4.75964">
        <ele>305.0</ele>
      </trkpt>
      <trkpt lat="45.06608" lon="4.75908">
        <ele>306.0</ele>
      </trkpt>
      <trkpt lat="45.06586" lon="4.7583">
        <ele>308.0</ele>
      </trkpt>
      <trkpt lat="45.06579" lon="4.75689">
        <ele>309.0</ele>
      </trkpt>
      <trkpt lat="45.06562" lon="4.75624">
        <ele>311.0</ele>
      </trkpt>
      <trkpt lat="45.06617" lon="4.75532">
        <ele>317.0</ele>
      </trkpt>
      <trkpt lat="45.06614" lon="4.75435">
        <ele>321.0</ele>
      </trkpt>
      <trkpt lat="45.06642" lon="4.75386">
        <ele>323.0</ele>
      </trkpt>
      <trkpt lat="45.06644" lon="4.75333">
        <ele>323.0</ele>
      </trkpt>
      <trkpt lat="45.06589" lon="4.75289">
        <ele>325.0</ele>
      </trkpt>
      <trkpt lat="45.06568" lon="4.75194">
        <ele>326.0</ele>
      </trkpt>
      <trkpt lat="45.06527" lon="4.75126">
        <ele>328.0</ele>
      </trkpt>
      <trkpt lat="45.06489" lon="4.75098">
        <ele>329.0</ele>
      </trkpt>
      <trkpt lat="45.06466" lon="4.74996">
        <ele>331.0</ele>
      </trkpt>
      <trkpt lat="45.06394" lon="4.74949">
        <ele>336.0</ele>
      </trkpt>
      <trkpt lat="45.06375" lon="4.74916">
        <ele>338.0</ele>
      </trkpt>
      <trkpt lat="45.06342" lon="4.74786">
        <ele>343.0</ele>
      </trkpt>
      <trkpt lat="45.063" lon="4.74687">
        <ele>338.0</ele>
      </trkpt>
      <trkpt lat="45.06272" lon="4.74691">
        <ele>336.0</ele>
      </trkpt>
      <trkpt lat="45.06226" lon="4.74756">
        <ele>334.0</ele>
      </trkpt>
      <trkpt lat="45.06162" lon="4.74778">
        <ele>336.0</ele>
      </trkpt>
      <trkpt lat="45.06103" lon="4.74825">
        <ele>339.0</ele>
      </trkpt>
      <trkpt lat="45.05897" lon="4.7485">
        <ele>330.0</ele>
      </trkpt>
      <trkpt lat="45.05857" lon="4.74827">
        <ele>326.0</ele>
      </trkpt>
      <trkpt lat="45.05882" lon="4.74707">
        <ele>322.0</ele>
      </trkpt>
      <trkpt lat="45.05829" lon="4.74556">
        <ele>316.0</ele>
      </trkpt>
      <trkpt lat="45.05838" lon="4.74508">
        <ele>315.0</ele>
      </trkpt>
      <trkpt lat="45.05821" lon="4.7447">
        <ele>313.0</ele>
      </trkpt>
      <trkpt lat="45.05815" lon="4.74408">
        <ele>311.0</ele>
      </trkpt>
      <trkpt lat="45.05815" lon="4.74232">
        <ele>302.0</ele>
      </trkpt>
      <trkpt lat="45.0579" lon="4.74181">
        <ele>299.0</ele>
      </trkpt>
      <trkpt lat="45.05743" lon="4.74138">
        <ele>297.0</ele>
      </trkpt>
      <trkpt lat="45.05667" lon="4.74018">
        <ele>296.0</ele>
      </trkpt>
      <trkpt lat="45.05686" lon="4.74001">
        <ele>296.0</ele>
      </trkpt>
      <trkpt lat="45.05832" lon="4.74014">
        <ele>284.0</ele>
      </trkpt>
      <trkpt lat="45.05859" lon="4.73984">
        <ele>278.0</ele>
      </trkpt>
      <trkpt lat="45.05901" lon="4.73786">
        <ele>270.0</ele>
      </trkpt>
      <trkpt lat="45.05818" lon="4.73609">
        <ele>264.0</ele>
      </trkpt>
      <trkpt lat="45.05806" lon="4.73552">
        <ele>263.0</ele>
      </trkpt>
      <trkpt lat="45.05832" lon="4.73392">
        <ele>258.0</ele>
      </trkpt>
      <trkpt lat="45.05819" lon="4.73287">
        <ele>251.0</ele>
      </trkpt>
      <trkpt lat="45.05871" lon="4.73246">
        <ele>247.0</ele>
      </trkpt>
      <trkpt lat="45.05873" lon="4.73151">
        <ele>251.0</ele>
      </trkpt>
      <trkpt lat="45.05886" lon="4.73122">
        <ele>253.0</ele>
      </trkpt>
      <trkpt lat="45.05973" lon="4.73055">
        <ele>261.0</ele>
      </trkpt>
      <trkpt lat="45.06031" lon="4.7296">
        <ele>268.0</ele>
      </trkpt>
      <trkpt lat="45.06091" lon="4.72945">
        <ele>275.0</ele>
      </trkpt>
      <trkpt lat="45.06009" lon="4.72657">
        <ele>275.0</ele>
      </trkpt>
      <trkpt lat="45.06025" lon="4.72624">
        <ele>276.0</ele>
      </trkpt>
      <trkpt lat="45.06068" lon="4.72607">
        <ele>278.0</ele>
      </trkpt>
      <trkpt lat="45.06077" lon="4.72585">
        <ele>281.0</ele>
      </trkpt>
      <trkpt lat="45.06057" lon="4.72529">
        <ele>284.0</ele>
      </trkpt>
      <trkpt lat="45.05959" lon="4.72476">
        <ele>288.0</ele>
      </trkpt>
      <trkpt lat="45.05918" lon="4.72346">
        <ele>292.0</ele>
      </trkpt>
      <trkpt lat="45.05907" lon="4.72271">
        <ele>293.0</ele>
      </trkpt>
      <trkpt lat="45.05822" lon="4.72056">
        <ele>295.0</ele>
      </trkpt>
      <trkpt lat="45.05805" lon="4.71945">
        <ele>298.0</ele>
      </trkpt>
      <trkpt lat="45.05778" lon="4.71924">
        <ele>300.0</ele>
      </trkpt>
      <trkpt lat="45.05737" lon="4.71932">
        <ele>302.0</ele>
      </trkpt>
      <trkpt lat="45.05633" lon="4.718">
        <ele>306.0</ele>
      </trkpt>
      <trkpt lat="45.05585" lon="4.71614">
        <ele>313.0</ele>
      </trkpt>
      <trkpt lat="45.05577" lon="4.71492">
        <ele>318.0</ele>
      </trkpt>
      <trkpt lat="45.05562" lon="4.71476">
        <ele>319.0</ele>
      </trkpt>
      <trkpt lat="45.05517" lon="4.71479">
        <ele>320.0</ele>
      </trkpt>
      <trkpt lat="45.05498" lon="4.71454">
        <ele>321.0</ele>
      </trkpt>
      <trkpt lat="45.05478" lon="4.71331">
        <ele>325.0</ele>
      </trkpt>
      <trkpt lat="45.0548" lon="4.71305">
        <ele>326.0</ele>
      </trkpt>
      <trkpt lat="45.05514" lon="4.71245">
        <ele>329.0</ele>
      </trkpt>
      <trkpt lat="45.05516" lon="4.71204">
        <ele>331.0</ele>
      </trkpt>
      <trkpt lat="45.05459" lon="4.71126">
        <ele>333.0</ele>
      </trkpt>
      <trkpt lat="45.05445" lon="4.71045">
        <ele>335.0</ele>
      </trkpt>
      <trkpt lat="45.05479" lon="4.70972">
        <ele>337.0</ele>
      </trkpt>
      <trkpt lat="45.05416" lon="4.70884">
        <ele>339.0</ele>
      </trkpt>
      <trkpt lat="45.05395" lon="4.70777">
        <ele>341.0</ele>
      </trkpt>
      <trkpt lat="45.05415" lon="4.7071">
        <ele>344.0</ele>
      </trkpt>
      <trkpt lat="45.05464" lon="4.70692">
        <ele>346.0</ele>
      </trkpt>
      <trkpt lat="45.05493" lon="4.7061">
        <ele>350.0</ele>
      </trkpt>
      <trkpt lat="45.0554" lon="4.70587">
        <ele>352.0</ele>
      </trkpt>
      <trkpt lat="45.05769" lon="4.70636">
        <ele>363.0</ele>
      </trkpt>
      <trkpt lat="45.05836" lon="4.7063">
        <ele>367.0</ele>
      </trkpt>
      <trkpt lat="45.06032" lon="4.70667">
        <ele>375.0</ele>
      </trkpt>
      <trkpt lat="45.06101" lon="4.70617">
        <ele>378.0</ele>
      </trkpt>
      <trkpt lat="45.06209" lon="4.70616">
        <ele>383.0</ele>
      </trkpt>
      <trkpt lat="45.06254" lon="4.70596">
        <ele>386.0</ele>
      </trkpt>
      <trkpt lat="45.06265" lon="4.70561">
        <ele>388.0</ele>
      </trkpt>
      <trkpt lat="45.0626" lon="4.70462">
        <ele>391.0</ele>
      </trkpt>
      <trkpt lat="45.06338" lon="4.70244">
        <ele>398.0</ele>
      </trkpt>
      <trkpt lat="45.06316" lon="4.70057">
        <ele>402.0</ele>
      </trkpt>
      <trkpt lat="45.06334" lon="4.69972">
        <ele>405.0</ele>
      </trkpt>
      <trkpt lat="45.0659" lon="4.69693">
        <ele>417.0</ele>
      </trkpt>
      <trkpt lat="45.06599" lon="4.696">
        <ele>419.0</ele>
      </trkpt>
      <trkpt lat="45.0659" lon="4.69516">
        <ele>421.0</ele>
      </trkpt>
      <trkpt lat="45.06544" lon="4.69331">
        <ele>424.0</ele>
      </trkpt>
      <trkpt lat="45.06238" lon="4.69085">
        <ele>430.0</ele>
      </trkpt>
      <trkpt lat="45.06161" lon="4.69045">
        <ele>431.0</ele>
      </trkpt>
      <trkpt lat="45.06121" lon="4.6899">
        <ele>432.0</ele>
      </trkpt>
      <trkpt lat="45.06093" lon="4.68771">
        <ele>433.0</ele>
      </trkpt>
      <trkpt lat="45.06115" lon="4.6858">
        <ele>433.0</ele>
      </trkpt>
      <trkpt lat="45.06143" lon="4.68455">
        <ele>434.0</ele>
      </trkpt>
      <trkpt lat="45.06124" lon="4.68423">
        <ele>434.0</ele>
      </trkpt>
      <trkpt lat="45.06085" lon="4.68409">
        <ele>434.0</ele>
      </trkpt>
      <trkpt lat="45.06066" lon="4.68374">
        <ele>435.0</ele>
      </trkpt>
      <trkpt lat="45.06058" lon="4.68271">
        <ele>437.0</ele>
      </trkpt>
      <trkpt lat="45.06033" lon="4.68185">
        <ele>439.0</ele>
      </trkpt>
      <trkpt lat="45.06054" lon="4.68013">
        <ele>442.0</ele>
      </trkpt>
      <trkpt lat="45.0612" lon="4.67882">
        <ele>445.0</ele>
      </trkpt>
      <trkpt lat="45.06113" lon="4.67754">
        <ele>447.0</ele>
      </trkpt>
      <trkpt lat="45.06159" lon="4.67675">
        <ele>449.0</ele>
      </trkpt>
      <trkpt lat="45.06168" lon="4.67608">
        <ele>450.0</ele>
      </trkpt>
      <trkpt lat="45.06209" lon="4.67515">
        <ele>453.0</ele>
      </trkpt>
      <trkpt lat="45.06269" lon="4.67423">
        <ele>457.0</ele>
      </trkpt>
      <trkpt lat="45.06295" lon="4.67328">
        <ele>458.0</ele>
      </trkpt>
      <trkpt lat="45.06343" lon="4.67264">
        <ele>458.0</ele>
      </trkpt>
      <trkpt lat="45.0636" lon="4.67173">
        <ele>458.0</ele>
      </trkpt>
      <trkpt lat="45.06419" lon="4.67094">
        <ele>459.0</ele>
      </trkpt>
      <trkpt lat="45.06479" lon="4.67045">
        <ele>461.0</ele>
      </trkpt>
      <trkpt lat="45.06506" lon="4.66923">
        <ele>463.0</ele>
      </trkpt>
      <trkpt lat="45.06547" lon="4.66843">
        <ele>464.0</ele>
      </trkpt>
      <trkpt lat="45.0655" lon="4.66766">
        <ele>465.0</ele>
      </trkpt>
      <trkpt lat="45.06587" lon="4.66631">
        <ele>464.0</ele>
      </trkpt>
      <trkpt lat="45.06643" lon="4.66556">
        <ele>462.0</ele>
      </trkpt>
      <trkpt lat="45.0666" lon="4.66451">
        <ele>460.0</ele>
      </trkpt>
      <trkpt lat="45.06647" lon="4.66428">
        <ele>460.0</ele>
      </trkpt>
      <trkpt lat="45.06606" lon="4.66408">
        <ele>460.0</ele>
      </trkpt>
      <trkpt lat="45.06576" lon="4.66361">
        <ele>459.0</ele>
      </trkpt>
      <trkpt lat="45.06592" lon="4.66284">
        <ele>457.0</ele>
      </trkpt>
      <trkpt lat="45.067" lon="4.66273">
        <ele>454.0</ele>
      </trkpt>
      <trkpt lat="45.06812" lon="4.66209">
        <ele>451.0</ele>
      </trkpt>
      <trkpt lat="45.07048" lon="4.66259">
        <ele>448.0</ele>
      </trkpt>
      <trkpt lat="45.07087" lon="4.66238">
        <ele>446.0</ele>
      </trkpt>
      <trkpt lat="45.07163" lon="4.66127">
        <ele>443.0</ele>
      </trkpt>
      <trkpt lat="45.07141" lon="4.65991">
        <ele>443.0</ele>
      </trkpt>
      <trkpt lat="45.07099" lon="4.65918">
        <ele>445.0</ele>
      </trkpt>
      <trkpt lat="45.07096" lon="4.65871">
        <ele>445.0</ele>
      </trkpt>
      <trkpt lat="45.07118" lon="4.65843">
        <ele>445.0</ele>
      </trkpt>
      <trkpt lat="45.07232" lon="4.65796">
        <ele>444.0</ele>
      </trkpt>
      <trkpt lat="45.0726" lon="4.65766">
        <ele>444.0</ele>
      </trkpt>
      <trkpt lat="45.07358" lon="4.65422">
        <ele>445.0</ele>
      </trkpt>
      <trkpt lat="45.0741" lon="4.65026">
        <ele>441.0</ele>
      </trkpt>
      <trkpt lat="45.07436" lon="4.64974">
        <ele>438.0</ele>
      </trkpt>
      <trkpt lat="45.07492" lon="4.64939">
        <ele>435.0</ele>
      </trkpt>
      <trkpt lat="45.07514" lon="4.64884">
        <ele>431.0</ele>
      </trkpt>
      <trkpt lat="45.07516" lon="4.64793">
        <ele>427.0</ele>
      </trkpt>
      <trkpt lat="45.07463" lon="4.64713">
        <ele>426.0</ele>
      </trkpt>
      <trkpt lat="45.07446" lon="4.64663">
        <ele>428.0</ele>
      </trkpt>
      <trkpt lat="45.07484" lon="4.64537">
        <ele>429.0</ele>
      </trkpt>
      <trkpt lat="45.07536" lon="4.64463">
        <ele>429.0</ele>
      </trkpt>
      <trkpt lat="45.07543" lon="4.64431">
        <ele>427.0</ele>
      </trkpt>
      <trkpt lat="45.07516" lon="4.64209">
        <ele>420.0</ele>
      </trkpt>
      <trkpt lat="45.07563" lon="4.64134">
        <ele>418.0</ele>
      </trkpt>
      <trkpt lat="45.07577" lon="4.64017">
        <ele>418.0</ele>
      </trkpt>
      <trkpt lat="45.07548" lon="4.63918">
        <ele>418.0</ele>
      </trkpt>
      <trkpt lat="45.07537" lon="4.63808">
        <ele>419.0</ele>
      </trkpt>
      <trkpt lat="45.07713" lon="4.63698">
        <ele>429.0</ele>
      </trkpt>
      <trkpt lat="45.07737" lon="4.63609">
        <ele>434.0</ele>
      </trkpt>
      <trkpt lat="45.07764" lon="4.63572">
        <ele>435.0</ele>
      </trkpt>
      <trkpt lat="45.0785" lon="4.6351">
        <ele>439.0</ele>
      </trkpt>
      <trkpt lat="45.07905" lon="4.63522">
        <ele>444.0</ele>
      </trkpt>
      <trkpt lat="45.07943" lon="4.63568">
        <ele>445.0</ele>
      </trkpt>
      <trkpt lat="45.07973" lon="4.6356">
        <ele>446.0</ele>
      </trkpt>
      <trkpt lat="45.08044" lon="4.6341">
        <ele>449.0</ele>
      </trkpt>
      <trkpt lat="45.08082" lon="4.63394">
        <ele>453.0</ele>
      </trkpt>
      <trkpt lat="45.08092" lon="4.63366">
        <ele>457.0</ele>
      </trkpt>
      <trkpt lat="45.08082" lon="4.63339">
        <ele>458.0</ele>
      </trkpt>
      <trkpt lat="45.08055" lon="4.63334">
        <ele>461.0</ele>
      </trkpt>
      <trkpt lat="45.08017" lon="4.63417">
        <ele>462.0</ele>
      </trkpt>
      <trkpt lat="45.07983" lon="4.63435">
        <ele>464.0</ele>
      </trkpt>
      <trkpt lat="45.07893" lon="4.63401">
        <ele>466.0</ele>
      </trkpt>
      <trkpt lat="45.07739" lon="4.63457">
        <ele>472.0</ele>
      </trkpt>
      <trkpt lat="45.07722" lon="4.63439">
        <ele>473.0</ele>
      </trkpt>
      <trkpt lat="45.07724" lon="4.63406">
        <ele>475.0</ele>
      </trkpt>
      <trkpt lat="45.07751" lon="4.63379">
        <ele>477.0</ele>
      </trkpt>
      <trkpt lat="45.07926" lon="4.63296">
        <ele>487.0</ele>
      </trkpt>
      <trkpt lat="45.07968" lon="4.63237">
        <ele>492.0</ele>
      </trkpt>
      <trkpt lat="45.08045" lon="4.63209">
        <ele>496.0</ele>
      </trkpt>
      <trkpt lat="45.08169" lon="4.63108">
        <ele>504.0</ele>
      </trkpt>
      <trkpt lat="45.08236" lon="4.63106">
        <ele>511.0</ele>
      </trkpt>
      <trkpt lat="45.08286" lon="4.63038">
        <ele>515.0</ele>
      </trkpt>
      <trkpt lat="45.08425" lon="4.62751">
        <ele>523.0</ele>
      </trkpt>
      <trkpt lat="45.08447" lon="4.62731">
        <ele>525.0</ele>
      </trkpt>
      <trkpt lat="45.08484" lon="4.62734">
        <ele>528.0</ele>
      </trkpt>
      <trkpt lat="45.08573" lon="4.62857">
        <ele>534.0</ele>
      </trkpt>
      <trkpt lat="45.08639" lon="4.62874">
        <ele>538.0</ele>
      </trkpt>
      <trkpt lat="45.08669" lon="4.62857">
        <ele>540.0</ele>
      </trkpt>
      <trkpt lat="45.0867" lon="4.62825">
        <ele>541.0</ele>
      </trkpt>
      <trkpt lat="45.08623" lon="4.62813">
        <ele>543.0</ele>
      </trkpt>
      <trkpt lat="45.08589" lon="4.62762">
        <ele>545.0</ele>
      </trkpt>
      <trkpt lat="45.08584" lon="4.62661">
        <ele>546.0</ele>
      </trkpt>
      <trkpt lat="45.08561" lon="4.6255">
        <ele>549.0</ele>
      </trkpt>
      <trkpt lat="45.0844" lon="4.62176">
        <ele>566.0</ele>
      </trkpt>
      <trkpt lat="45.08472" lon="4.61986">
        <ele>574.0</ele>
      </trkpt>
      <trkpt lat="45.08467" lon="4.61887">
        <ele>578.0</ele>
      </trkpt>
      <trkpt lat="45.0849" lon="4.61732">
        <ele>582.0</ele>
      </trkpt>
      <trkpt lat="45.0849" lon="4.61451">
        <ele>591.0</ele>
      </trkpt>
      <trkpt lat="45.08528" lon="4.61404">
        <ele>594.0</ele>
      </trkpt>
      <trkpt lat="45.08645" lon="4.6134">
        <ele>602.0</ele>
      </trkpt>
      <trkpt lat="45.08689" lon="4.61334">
        <ele>604.0</ele>
      </trkpt>
      <trkpt lat="45.08715" lon="4.613">
        <ele>607.0</ele>
      </trkpt>
      <trkpt lat="45.08705" lon="4.61262">
        <ele>609.0</ele>
      </trkpt>
      <trkpt lat="45.08627" lon="4.61182">
        <ele>613.0</ele>
      </trkpt>
      <trkpt lat="45.08579" lon="4.61015">
        <ele>620.0</ele>
      </trkpt>
      <trkpt lat="45.08573" lon="4.60792">
        <ele>625.0</ele>
      </trkpt>
      <trkpt lat="45.08543" lon="4.60691">
        <ele>631.0</ele>
      </trkpt>
      <trkpt lat="45.08595" lon="4.60522">
        <ele>634.0</ele>
      </trkpt>
      <trkpt lat="45.0863" lon="4.6048">
        <ele>637.0</ele>
      </trkpt>
      <trkpt lat="45.08674" lon="4.60489">
        <ele>639.0</ele>
      </trkpt>
      <trkpt lat="45.08789" lon="4.6061">
        <ele>645.0</ele>
      </trkpt>
      <trkpt lat="45.0885" lon="4.60652">
        <ele>649.0</ele>
      </trkpt>
      <trkpt lat="45.08872" lon="4.60702">
        <ele>651.0</ele>
      </trkpt>
      <trkpt lat="45.08871" lon="4.6093">
        <ele>656.0</ele>
      </trkpt>
      <trkpt lat="45.08888" lon="4.60976">
        <ele>660.0</ele>
      </trkpt>
      <trkpt lat="45.08918" lon="4.61001">
        <ele>663.0</ele>
      </trkpt>
      <trkpt lat="45.08954" lon="4.60978">
        <ele>665.0</ele>
      </trkpt>
      <trkpt lat="45.09003" lon="4.60911">
        <ele>667.0</ele>
      </trkpt>
      <trkpt lat="45.09056" lon="4.60878">
        <ele>669.0</ele>
      </trkpt>
      <trkpt lat="45.09134" lon="4.60895">
        <ele>672.0</ele>
      </trkpt>
      <trkpt lat="45.09171" lon="4.60923">
        <ele>674.0</ele>
      </trkpt>
      <trkpt lat="45.09198" lon="4.60954">
        <ele>677.0</ele>
      </trkpt>
      <trkpt lat="45.09226" lon="4.61023">
        <ele>682.0</ele>
      </trkpt>
      <trkpt lat="45.09261" lon="4.61058">
        <ele>685.0</ele>
      </trkpt>
      <trkpt lat="45.09343" lon="4.61051">
        <ele>691.0</ele>
      </trkpt>
      <trkpt lat="45.09362" lon="4.6101">
        <ele>693.0</ele>
      </trkpt>
      <trkpt lat="45.09369" lon="4.60951">
        <ele>694.0</ele>
      </trkpt>
      <trkpt lat="45.09412" lon="4.60927">
        <ele>695.0</ele>
      </trkpt>
      <trkpt lat="45.09475" lon="4.60927">
        <ele>695.0</ele>
      </trkpt>
      <trkpt lat="45.09575" lon="4.60962">
        <ele>696.0</ele>
      </trkpt>
      <trkpt lat="45.09611" lon="4.60936">
        <ele>697.0</ele>
      </trkpt>
      <trkpt lat="45.09609" lon="4.6083">
        <ele>699.0</ele>
      </trkpt>
      <trkpt lat="45.09538" lon="4.60341">
        <ele>722.0</ele>
      </trkpt>
      <trkpt lat="45.09579" lon="4.60283">
        <ele>726.0</ele>
      </trkpt>
      <trkpt lat="45.09636" lon="4.60158">
        <ele>729.0</ele>
      </trkpt>
      <trkpt lat="45.09666" lon="4.5995">
        <ele>737.0</ele>
      </trkpt>
      <trkpt lat="45.09658" lon="4.5976">
        <ele>747.0</ele>
      </trkpt>
      <trkpt lat="45.09633" lon="4.59681">
        <ele>749.0</ele>
      </trkpt>
      <trkpt lat="45.09581" lon="4.59581">
        <ele>751.0</ele>
      </trkpt>
      <trkpt lat="45.0957" lon="4.59508">
        <ele>753.0</ele>
      </trkpt>
      <trkpt lat="45.09545" lon="4.59445">
        <ele>755.0</ele>
      </trkpt>
      <trkpt lat="45.09455" lon="4.59347">
        <ele>758.0</ele>
      </trkpt>
      <trkpt lat="45.09431" lon="4.59301">
        <ele>762.0</ele>
      </trkpt>
      <trkpt lat="45.0938" lon="4.58721">
        <ele>784.0</ele>
      </trkpt>
      <trkpt lat="45.09385" lon="4.58665">
        <ele>786.0</ele>
      </trkpt>
      <trkpt lat="45.09407" lon="4.58611">
        <ele>789.0</ele>
      </trkpt>
      <trkpt lat="45.09479" lon="4.58521">
        <ele>795.0</ele>
      </trkpt>
      <trkpt lat="45.09514" lon="4.58528">
        <ele>798.0</ele>
      </trkpt>
      <trkpt lat="45.09674" lon="4.5864">
        <ele>808.0</ele>
      </trkpt>
      <trkpt lat="45.09787" lon="4.58579">
        <ele>815.0</ele>
      </trkpt>
      <trkpt lat="45.09817" lon="4.5854">
        <ele>817.0</ele>
      </trkpt>
      <trkpt lat="45.09833" lon="4.58479">
        <ele>819.0</ele>
      </trkpt>
      <trkpt lat="45.09839" lon="4.58335">
        <ele>824.0</ele>
      </trkpt>
      <trkpt lat="45.09895" lon="4.58288">
        <ele>830.0</ele>
      </trkpt>
      <trkpt lat="45.09963" lon="4.58143">
        <ele>837.0</ele>
      </trkpt>
      <trkpt lat="45.10007" lon="4.58006">
        <ele>845.0</ele>
      </trkpt>
      <trkpt lat="45.10008" lon="4.57939">
        <ele>848.0</ele>
      </trkpt>
      <trkpt lat="45.0997" lon="4.57782">
        <ele>851.0</ele>
      </trkpt>
      <trkpt lat="45.09976" lon="4.57708">
        <ele>854.0</ele>
      </trkpt>
      <trkpt lat="45.10092" lon="4.57547">
        <ele>860.0</ele>
      </trkpt>
      <trkpt lat="45.10144" lon="4.57437">
        <ele>864.0</ele>
      </trkpt>
      <trkpt lat="45.10174" lon="4.5742">
        <ele>866.0</ele>
      </trkpt>
      <trkpt lat="45.10255" lon="4.57417">
        <ele>869.0</ele>
      </trkpt>
      <trkpt lat="45.1028" lon="4.57378">
        <ele>871.0</ele>
      </trkpt>
      <trkpt lat="45.10396" lon="4.5671">
        <ele>883.0</ele>
      </trkpt>
      <trkpt lat="45.10422" lon="4.56609">
        <ele>887.0</ele>
      </trkpt>
      <trkpt lat="45.1048" lon="4.56463">
        <ele>893.0</ele>
      </trkpt>
      <trkpt lat="45.10517" lon="4.56262">
        <ele>900.0</ele>
      </trkpt>
      <trkpt lat="45.10495" lon="4.56084">
        <ele>907.0</ele>
      </trkpt>
      <trkpt lat="45.10499" lon="4.55865">
        <ele>921.0</ele>
      </trkpt>
      <trkpt lat="45.10459" lon="4.55688">
        <ele>928.0</ele>
      </trkpt>
      <trkpt lat="45.10401" lon="4.55562">
        <ele>939.0</ele>
      </trkpt>
      <trkpt lat="45.10382" lon="4.55439">
        <ele>945.0</ele>
      </trkpt>
      <trkpt lat="45.10343" lon="4.55372">
        <ele>947.0</ele>
      </trkpt>
      <trkpt lat="45.10323" lon="4.55304">
        <ele>949.0</ele>
      </trkpt>
      <trkpt lat="45.10326" lon="4.55168">
        <ele>955.0</ele>
      </trkpt>
      <trkpt lat="45.10305" lon="4.5513">
        <ele>958.0</ele>
      </trkpt>
      <trkpt lat="45.10228" lon="4.55067">
        <ele>966.0</ele>
      </trkpt>
      <trkpt lat="45.10172" lon="4.54988">
        <ele>975.0</ele>
      </trkpt>
      <trkpt lat="45.10121" lon="4.54954">
        <ele>981.0</ele>
      </trkpt>
      <trkpt lat="45.10019" lon="4.54708">
        <ele>994.0</ele>
      </trkpt>
      <trkpt lat="45.10021" lon="4.54575">
        <ele>1005.0</ele>
      </trkpt>
      <trkpt lat="45.10055" lon="4.54501">
        <ele>1010.0</ele>
      </trkpt>
      <trkpt lat="45.1005" lon="4.54378">
        <ele>1011.0</ele>
      </trkpt>
      <trkpt lat="45.10108" lon="4.54291">
        <ele>1012.0</ele>
      </trkpt>
      <trkpt lat="45.10131" lon="4.54175">
        <ele>1016.0</ele>
      </trkpt>
      <trkpt lat="45.10168" lon="4.54159">
        <ele>1017.0</ele>
      </trkpt>
      <trkpt lat="45.10216" lon="4.5417">
        <ele>1019.0</ele>
      </trkpt>
      <trkpt lat="45.10353" lon="4.54266">
        <ele>1014.0</ele>
      </trkpt>
      <trkpt lat="45.10455" lon="4.54192">
        <ele>1011.0</ele>
      </trkpt>
      <trkpt lat="45.1057" lon="4.54198">
        <ele>1011.0</ele>
      </trkpt>
      <trkpt lat="45.10715" lon="4.54256">
        <ele>1020.0</ele>
      </trkpt>
      <trkpt lat="45.10853" lon="4.54351">
        <ele>1032.0</ele>
      </trkpt>
      <trkpt lat="45.10979" lon="4.54241">
        <ele>1045.0</ele>
      </trkpt>
      <trkpt lat="45.11054" lon="4.54195">
        <ele>1049.0</ele>
      </trkpt>
      <trkpt lat="45.11147" lon="4.54165">
        <ele>1052.0</ele>
      </trkpt>
      <trkpt lat="45.1116" lon="4.54195">
        <ele>1053.0</ele>
      </trkpt>
      <trkpt lat="45.11169" lon="4.54337">
        <ele>1053.0</ele>
      </trkpt>
      <trkpt lat="45.11211" lon="4.54474">
        <ele>1053.0</ele>
      </trkpt>
      <trkpt lat="45.11237" lon="4.545">
        <ele>1053.0</ele>
      </trkpt>
      <trkpt lat="45.11259" lon="4.54491">
        <ele>1056.0</ele>
      </trkpt>
      <trkpt lat="45.1132" lon="4.54404">
        <ele>1065.0</ele>
      </trkpt>
      <trkpt lat="45.11365" lon="4.54372">
        <ele>1072.0</ele>
      </trkpt>
      <trkpt lat="45.11433" lon="4.54356">
        <ele>1080.0</ele>
      </trkpt>
      <trkpt lat="45.1149" lon="4.5438">
        <ele>1081.0</ele>
      </trkpt>
      <trkpt lat="45.11529" lon="4.54378">
        <ele>1081.0</ele>
      </trkpt>
      <trkpt lat="45.11617" lon="4.54289">
        <ele>1079.0</ele>
      </trkpt>
      <trkpt lat="45.11698" lon="4.54273">
        <ele>1077.0</ele>
      </trkpt>
      <trkpt lat="45.1172" lon="4.54244">
        <ele>1076.0</ele>
      </trkpt>
      <trkpt lat="45.11718" lon="4.53992">
        <ele>1077.0</ele>
      </trkpt>
      <trkpt lat="45.1167" lon="4.53816">
        <ele>1082.0</ele>
      </trkpt>
      <trkpt lat="45.11689" lon="4.53701">
        <ele>1084.0</ele>
      </trkpt>
      <trkpt lat="45.11709" lon="4.5366">
        <ele>1085.0</ele>
      </trkpt>
      <trkpt lat="45.11743" lon="4.53631">
        <ele>1085.0</ele>
      </trkpt>
      <trkpt lat="45.1191" lon="4.53572">
        <ele>1085.0</ele>
      </trkpt>
      <trkpt lat="45.11935" lon="4.53525">
        <ele>1084.0</ele>
      </trkpt>
      <trkpt lat="45.12014" lon="4.53479">
        <ele>1083.0</ele>
      </trkpt>
      <trkpt lat="45.1205" lon="4.53432">
        <ele>1083.0</ele>
      </trkpt>
      <trkpt lat="45.12074" lon="4.53334">
        <ele>1086.0</ele>
      </trkpt>
      <trkpt lat="45.12018" lon="4.53261">
        <ele>1090.0</ele>
      </trkpt>
      <trkpt lat="45.12012" lon="4.53216">
        <ele>1092.0</ele>
      </trkpt>
      <trkpt lat="45.12102" lon="4.53107">
        <ele>1100.0</ele>
      </trkpt>
      <trkpt lat="45.12147" lon="4.529">
        <ele>1111.0</ele>
      </trkpt>
      <trkpt lat="45.12208" lon="4.52744">
        <ele>1121.0</ele>
      </trkpt>
      <trkpt lat="45.1235" lon="4.5271">
        <ele>1131.0</ele>
      </trkpt>
      <trkpt lat="45.12453" lon="4.52639">
        <ele>1139.0</ele>
      </trkpt>
      <trkpt lat="45.12536" lon="4.52534">
        <ele>1145.0</ele>
      </trkpt>
      <trkpt lat="45.12755" lon="4.52427">
        <ele>1157.0</ele>
      </trkpt>
      <trkpt lat="45.12811" lon="4.52454">
        <ele>1160.0</ele>
      </trkpt>
      <trkpt lat="45.12849" lon="4.52504">
        <ele>1161.0</ele>
      </trkpt>
      <trkpt lat="45.1284" lon="4.52675">
        <ele>1165.0</ele>
      </trkpt>
      <trkpt lat="45.12864" lon="4.52745">
        <ele>1168.0</ele>
      </trkpt>
      <trkpt lat="45.12896" lon="4.52766">
        <ele>1170.0</ele>
      </trkpt>
      <trkpt lat="45.12997" lon="4.52775">
        <ele>1175.0</ele>
      </trkpt>
      <trkpt lat="45.13085" lon="4.5281">
        <ele>1178.0</ele>
      </trkpt>
      <trkpt lat="45.13121" lon="4.52797">
        <ele>1181.0</ele>
      </trkpt>
      <trkpt lat="45.13171" lon="4.5267">
        <ele>1185.0</ele>
      </trkpt>
      <trkpt lat="45.1321" lon="4.52638">
        <ele>1188.0</ele>
      </trkpt>
      <trkpt lat="45.13396" lon="4.5268">
        <ele>1193.0</ele>
      </trkpt>
      <trkpt lat="45.13604" lon="4.52616">
        <ele>1196.0</ele>
      </trkpt>
      <trkpt lat="45.13772" lon="4.52642">
        <ele>1207.0</ele>
      </trkpt>
      <trkpt lat="45.13826" lon="4.5259">
        <ele>1210.0</ele>
      </trkpt>
      <trkpt lat="45.13899" lon="4.52464">
        <ele>1218.0</ele>
      </trkpt>
      <trkpt lat="45.13941" lon="4.52356">
        <ele>1225.0</ele>
      </trkpt>
      <trkpt lat="45.13992" lon="4.52121">
        <ele>1234.0</ele>
      </trkpt>
      <trkpt lat="45.14044" lon="4.52041">
        <ele>1235.0</ele>
      </trkpt>
      <trkpt lat="45.14174" lon="4.51913">
        <ele>1232.0</ele>
      </trkpt>
      <trkpt lat="45.14306" lon="4.5173">
        <ele>1232.0</ele>
      </trkpt>
      <trkpt lat="45.14393" lon="4.51646">
        <ele>1232.0</ele>
      </trkpt>
      <trkpt lat="45.14545" lon="4.51616">
        <ele>1229.0</ele>
      </trkpt>
      <trkpt lat="45.14638" lon="4.51648">
        <ele>1224.0</ele>
      </trkpt>
      <trkpt lat="45.14716" lon="4.51609">
        <ele>1220.0</ele>
      </trkpt>
      <trkpt lat="45.14777" lon="4.51526">
        <ele>1216.0</ele>
      </trkpt>
      <trkpt lat="45.14894" lon="4.51295">
        <ele>1217.0</ele>
      </trkpt>
      <trkpt lat="45.14898" lon="4.51236">
        <ele>1218.0</ele>
      </trkpt>
      <trkpt lat="45.14878" lon="4.51101">
        <ele>1220.0</ele>
      </trkpt>
      <trkpt lat="45.14914" lon="4.50701">
        <ele>1228.0</ele>
      </trkpt>
      <trkpt lat="45.14887" lon="4.50217">
        <ele>1247.0</ele>
      </trkpt>
      <trkpt lat="45.14902" lon="4.50092">
        <ele>1246.0</ele>
      </trkpt>
      <trkpt lat="45.14963" lon="4.49944">
        <ele>1243.0</ele>
      </trkpt>
      <trkpt lat="45.14986" lon="4.49834">
        <ele>1234.0</ele>
      </trkpt>
      <trkpt lat="45.14979" lon="4.49749">
        <ele>1228.0</ele>
      </trkpt>
      <trkpt lat="45.14923" lon="4.49592">
        <ele>1217.0</ele>
      </trkpt>
      <trkpt lat="45.14909" lon="4.49398">
        <ele>1208.0</ele>
      </trkpt>
      <trkpt lat="45.14832" lon="4.49274">
        <ele>1198.0</ele>
      </trkpt>
      <trkpt lat="45.14813" lon="4.49127">
        <ele>1189.0</ele>
      </trkpt>
      <trkpt lat="45.14756" lon="4.49043">
        <ele>1180.0</ele>
      </trkpt>
      <trkpt lat="45.14684" lon="4.49016">
        <ele>1174.0</ele>
      </trkpt>
      <trkpt lat="45.14564" lon="4.49005">
        <ele>1170.0</ele>
      </trkpt>
      <trkpt lat="45.14506" lon="4.48963">
        <ele>1168.0</ele>
      </trkpt>
      <trkpt lat="45.14444" lon="4.4889">
        <ele>1166.0</ele>
      </trkpt>
      <trkpt lat="45.14387" lon="4.48901">
        <ele>1165.0</ele>
      </trkpt>
      <trkpt lat="45.14244" lon="4.48974">
        <ele>1157.0</ele>
      </trkpt>
      <trkpt lat="45.14181" lon="4.48965">
        <ele>1151.0</ele>
      </trkpt>
      <trkpt lat="45.14146" lon="4.48931">
        <ele>1147.0</ele>
      </trkpt>
      <trkpt lat="45.14128" lon="4.48845">
        <ele>1143.0</ele>
      </trkpt>
      <trkpt lat="45.14071" lon="4.4874">
        <ele>1140.0</ele>
      </trkpt>
      <trkpt lat="45.14061" lon="4.48696">
        <ele>1137.0</ele>
      </trkpt>
      <trkpt lat="45.14075" lon="4.48584">
        <ele>1130.0</ele>
      </trkpt>
      <trkpt lat="45.14125" lon="4.48458">
        <ele>1120.0</ele>
      </trkpt>
      <trkpt lat="45.14126" lon="4.48419">
        <ele>1118.0</ele>
      </trkpt>
      <trkpt lat="45.14039" lon="4.4828">
        <ele>1116.0</ele>
      </trkpt>
      <trkpt lat="45.13975" lon="4.48053">
        <ele>1117.0</ele>
      </trkpt>
      <trkpt lat="45.13973" lon="4.47973">
        <ele>1117.0</ele>
      </trkpt>
      <trkpt lat="45.14024" lon="4.47832">
        <ele>1108.0</ele>
      </trkpt>
      <trkpt lat="45.14047" lon="4.47691">
        <ele>1098.0</ele>
      </trkpt>
      <trkpt lat="45.14128" lon="4.47453">
        <ele>1094.0</ele>
      </trkpt>
      <trkpt lat="45.14146" lon="4.47337">
        <ele>1095.0</ele>
      </trkpt>
      <trkpt lat="45.14279" lon="4.47195">
        <ele>1096.0</ele>
      </trkpt>
      <trkpt lat="45.14313" lon="4.47108">
        <ele>1097.0</ele>
      </trkpt>
      <trkpt lat="45.14317" lon="4.47016">
        <ele>1099.0</ele>
      </trkpt>
      <trkpt lat="45.14286" lon="4.4695">
        <ele>1101.0</ele>
      </trkpt>
      <trkpt lat="45.14279" lon="4.46898">
        <ele>1102.0</ele>
      </trkpt>
      <trkpt lat="45.1433" lon="4.46727">
        <ele>1105.0</ele>
      </trkpt>
      <trkpt lat="45.14382" lon="4.463">
        <ele>1102.0</ele>
      </trkpt>
      <trkpt lat="45.14368" lon="4.46137">
        <ele>1099.0</ele>
      </trkpt>
      <trkpt lat="45.14317" lon="4.45978">
        <ele>1096.0</ele>
      </trkpt>
      <trkpt lat="45.14238" lon="4.45835">
        <ele>1092.0</ele>
      </trkpt>
      <trkpt lat="45.14215" lon="4.4573">
        <ele>1090.0</ele>
      </trkpt>
      <trkpt lat="45.14201" lon="4.45545">
        <ele>1085.0</ele>
      </trkpt>
      <trkpt lat="45.14153" lon="4.45368">
        <ele>1082.0</ele>
      </trkpt>
      <trkpt lat="45.14101" lon="4.45274">
        <ele>1080.0</ele>
      </trkpt>
      <trkpt lat="45.14076" lon="4.452">
        <ele>1078.0</ele>
      </trkpt>
      <trkpt lat="45.13986" lon="4.44758">
        <ele>1076.0</ele>
      </trkpt>
      <trkpt lat="45.13998" lon="4.4471">
        <ele>1076.0</ele>
      </trkpt>
      <trkpt lat="45.14024" lon="4.44677">
        <ele>1076.0</ele>
      </trkpt>
      <trkpt lat="45.14166" lon="4.44598">
        <ele>1077.0</ele>
      </trkpt>
      <trkpt lat="45.14142" lon="4.44469">
        <ele>1079.0</ele>
      </trkpt>
      <trkpt lat="45.14063" lon="4.44321">
        <ele>1082.0</ele>
      </trkpt>
      <trkpt lat="45.14065" lon="4.4425">
        <ele>1084.0</ele>
      </trkpt>
      <trkpt lat="45.14096" lon="4.44225">
        <ele>1086.0</ele>
      </trkpt>
      <trkpt lat="45.14145" lon="4.44232">
        <ele>1088.0</ele>
      </trkpt>
      <trkpt lat="45.14212" lon="4.44267">
        <ele>1091.0</ele>
      </trkpt>
      <trkpt lat="45.14259" lon="4.44244">
        <ele>1093.0</ele>
      </trkpt>
      <trkpt lat="45.14296" lon="4.4416">
        <ele>1094.0</ele>
      </trkpt>
      <trkpt lat="45.14326" lon="4.43928">
        <ele>1100.0</ele>
      </trkpt>
      <trkpt lat="45.143" lon="4.43719">
        <ele>1108.0</ele>
      </trkpt>
      <trkpt lat="45.14266" lon="4.43626">
        <ele>1112.0</ele>
      </trkpt>
      <trkpt lat="45.14213" lon="4.43542">
        <ele>1117.0</ele>
      </trkpt>
      <trkpt lat="45.1415" lon="4.43344">
        <ele>1120.0</ele>
      </trkpt>
      <trkpt lat="45.14092" lon="4.43259">
        <ele>1123.0</ele>
      </trkpt>
      <trkpt lat="45.13965" lon="4.43168">
        <ele>1125.0</ele>
      </trkpt>
      <trkpt lat="45.13874" lon="4.43007">
        <ele>1126.0</ele>
      </trkpt>
      <trkpt lat="45.13793" lon="4.42691">
        <ele>1129.0</ele>
      </trkpt>
      <trkpt lat="45.13729" lon="4.42293">
        <ele>1125.0</ele>
      </trkpt>
      <trkpt lat="45.13738" lon="4.42207">
        <ele>1126.0</ele>
      </trkpt>
      <trkpt lat="45.13913" lon="4.41955">
        <ele>1132.0</ele>
      </trkpt>
      <trkpt lat="45.14164" lon="4.41665">
        <ele>1137.0</ele>
      </trkpt>
      <trkpt lat="45.14191" lon="4.41568">
        <ele>1142.0</ele>
      </trkpt>
      <trkpt lat="45.14117" lon="4.41462">
        <ele>1145.0</ele>
      </trkpt>
      <trkpt lat="45.14049" lon="4.41315">
        <ele>1147.0</ele>
      </trkpt>
      <trkpt lat="45.14024" lon="4.41219">
        <ele>1150.0</ele>
      </trkpt>
      <trkpt lat="45.14029" lon="4.41068">
        <ele>1152.0</ele>
      </trkpt>
      <trkpt lat="45.1402" lon="4.40988">
        <ele>1151.0</ele>
      </trkpt>
      <trkpt lat="45.13886" lon="4.40922">
        <ele>1148.0</ele>
      </trkpt>
      <trkpt lat="45.13814" lon="4.40778">
        <ele>1145.0</ele>
      </trkpt>
      <trkpt lat="45.13802" lon="4.40737">
        <ele>1143.0</ele>
      </trkpt>
      <trkpt lat="45.13806" lon="4.40693">
        <ele>1141.0</ele>
      </trkpt>
      <trkpt lat="45.13856" lon="4.40627">
        <ele>1138.0</ele>
      </trkpt>
      <trkpt lat="45.13868" lon="4.40514">
        <ele>1134.0</ele>
      </trkpt>
      <trkpt lat="45.13855" lon="4.40439">
        <ele>1133.0</ele>
      </trkpt>
      <trkpt lat="45.13819" lon="4.40339">
        <ele>1133.0</ele>
      </trkpt>
      <trkpt lat="45.13786" lon="4.40276">
        <ele>1133.0</ele>
      </trkpt>
      <trkpt lat="45.13703" lon="4.40174">
        <ele>1128.0</ele>
      </trkpt>
      <trkpt lat="45.13453" lon="4.39971">
        <ele>1115.0</ele>
      </trkpt>
      <trkpt lat="45.13359" lon="4.39856">
        <ele>1108.0</ele>
      </trkpt>
      <trkpt lat="45.1333" lon="4.39663">
        <ele>1098.0</ele>
      </trkpt>
      <trkpt lat="45.13338" lon="4.39613">
        <ele>1096.0</ele>
      </trkpt>
      <trkpt lat="45.13366" lon="4.39594">
        <ele>1094.0</ele>
      </trkpt>
      <trkpt lat="45.13469" lon="4.39602">
        <ele>1093.0</ele>
      </trkpt>
      <trkpt lat="45.13568" lon="4.39571">
        <ele>1096.0</ele>
      </trkpt>
      <trkpt lat="45.13645" lon="4.39524">
        <ele>1100.0</ele>
      </trkpt>
      <trkpt lat="45.13675" lon="4.39471">
        <ele>1102.0</ele>
      </trkpt>
      <trkpt lat="45.13678" lon="4.3944">
        <ele>1102.0</ele>
      </trkpt>
      <trkpt lat="45.13668" lon="4.39407">
        <ele>1101.0</ele>
      </trkpt>
      <trkpt lat="45.13586" lon="4.39322">
        <ele>1099.0</ele>
      </trkpt>
      <trkpt lat="45.13452" lon="4.39262">
        <ele>1089.0</ele>
      </trkpt>
      <trkpt lat="45.13397" lon="4.39178">
        <ele>1083.0</ele>
      </trkpt>
      <trkpt lat="45.13358" lon="4.39142">
        <ele>1079.0</ele>
      </trkpt>
      <trkpt lat="45.13164" lon="4.38502">
        <ele>1066.0</ele>
      </trkpt>
      <trkpt lat="45.13167" lon="4.38439">
        <ele>1064.0</ele>
      </trkpt>
      <trkpt lat="45.13249" lon="4.38229">
        <ele>1062.0</ele>
      </trkpt>
      <trkpt lat="45.13279" lon="4.38116">
        <ele>1059.0</ele>
      </trkpt>
      <trkpt lat="45.13282" lon="4.38055">
        <ele>1057.0</ele>
      </trkpt>
      <trkpt lat="45.13231" lon="4.37868">
        <ele>1054.0</ele>
      </trkpt>
      <trkpt lat="45.13237" lon="4.37792">
        <ele>1053.0</ele>
      </trkpt>
      <trkpt lat="45.13261" lon="4.37747">
        <ele>1053.0</ele>
      </trkpt>
      <trkpt lat="45.13324" lon="4.3768">
        <ele>1052.0</ele>
      </trkpt>
      <trkpt lat="45.13381" lon="4.37664">
        <ele>1051.0</ele>
      </trkpt>
      <trkpt lat="45.13513" lon="4.37662">
        <ele>1049.0</ele>
      </trkpt>
      <trkpt lat="45.13573" lon="4.37639">
        <ele>1046.0</ele>
      </trkpt>
      <trkpt lat="45.13594" lon="4.37587">
        <ele>1043.0</ele>
      </trkpt>
      <trkpt lat="45.13595" lon="4.3752">
        <ele>1041.0</ele>
      </trkpt>
      <trkpt lat="45.13455" lon="4.37142">
        <ele>1033.0</ele>
      </trkpt>
      <trkpt lat="45.13278" lon="4.36929">
        <ele>1031.0</ele>
      </trkpt>
      <trkpt lat="45.13184" lon="4.36736">
        <ele>1029.0</ele>
      </trkpt>
      <trkpt lat="45.13195" lon="4.36525">
        <ele>1025.0</ele>
      </trkpt>
      <trkpt lat="45.13176" lon="4.36206">
        <ele>1016.0</ele>
      </trkpt>
      <trkpt lat="45.13128" lon="4.36087">
        <ele>1009.0</ele>
      </trkpt>
      <trkpt lat="45.13122" lon="4.3595">
        <ele>1006.0</ele>
      </trkpt>
      <trkpt lat="45.13057" lon="4.35801">
        <ele>1003.0</ele>
      </trkpt>
      <trkpt lat="45.12992" lon="4.35579">
        <ele>999.0</ele>
      </trkpt>
      <trkpt lat="45.13003" lon="4.35511">
        <ele>996.0</ele>
      </trkpt>
      <trkpt lat="45.13126" lon="4.35166">
        <ele>990.0</ele>
      </trkpt>
      <trkpt lat="45.13119" lon="4.35032">
        <ele>986.0</ele>
      </trkpt>
      <trkpt lat="45.12987" lon="4.34932">
        <ele>984.0</ele>
      </trkpt>
      <trkpt lat="45.1281" lon="4.34889">
        <ele>977.0</ele>
      </trkpt>
      <trkpt lat="45.12751" lon="4.3478">
        <ele>971.0</ele>
      </trkpt>
      <trkpt lat="45.12716" lon="4.34611">
        <ele>965.0</ele>
      </trkpt>
      <trkpt lat="45.12696" lon="4.34592">
        <ele>965.0</ele>
      </trkpt>
      <trkpt lat="45.12622" lon="4.34578">
        <ele>965.0</ele>
      </trkpt>
      <trkpt lat="45.12584" lon="4.34523">
        <ele>965.0</ele>
      </trkpt>
      <trkpt lat="45.12546" lon="4.34424">
        <ele>961.0</ele>
      </trkpt>
      <trkpt lat="45.12466" lon="4.34385">
        <ele>957.0</ele>
      </trkpt>
      <trkpt lat="45.12402" lon="4.34266">
        <ele>951.0</ele>
      </trkpt>
      <trkpt lat="45.12315" lon="4.34218">
        <ele>946.0</ele>
      </trkpt>
      <trkpt lat="45.12243" lon="4.34142">
        <ele>943.0</ele>
      </trkpt>
      <trkpt lat="45.12056" lon="4.33788">
        <ele>929.0</ele>
      </trkpt>
      <trkpt lat="45.11954" lon="4.33707">
        <ele>929.0</ele>
      </trkpt>
      <trkpt lat="45.11922" lon="4.33662">
        <ele>929.0</ele>
      </trkpt>
      <trkpt lat="45.11895" lon="4.33581">
        <ele>929.0</ele>
      </trkpt>
      <trkpt lat="45.11893" lon="4.33481">
        <ele>929.0</ele>
      </trkpt>
      <trkpt lat="45.11857" lon="4.33392">
        <ele>928.0</ele>
      </trkpt>
      <trkpt lat="45.11833" lon="4.33257">
        <ele>925.0</ele>
      </trkpt>
      <trkpt lat="45.11861" lon="4.33211">
        <ele>923.0</ele>
      </trkpt>
      <trkpt lat="45.11995" lon="4.33085">
        <ele>917.0</ele>
      </trkpt>
      <trkpt lat="45.12011" lon="4.33037">
        <ele>915.0</ele>
      </trkpt>
      <trkpt lat="45.12006" lon="4.33">
        <ele>913.0</ele>
      </trkpt>
      <trkpt lat="45.11862" lon="4.32708">
        <ele>918.0</ele>
      </trkpt>
      <trkpt lat="45.11798" lon="4.32517">
        <ele>916.0</ele>
      </trkpt>
      <trkpt lat="45.11762" lon="4.32348">
        <ele>912.0</ele>
      </trkpt>
      <trkpt lat="45.11692" lon="4.32192">
        <ele>909.0</ele>
      </trkpt>
      <trkpt lat="45.11678" lon="4.32118">
        <ele>907.0</ele>
      </trkpt>
      <trkpt lat="45.11618" lon="4.32054">
        <ele>905.0</ele>
      </trkpt>
      <trkpt lat="45.11596" lon="4.31991">
        <ele>905.0</ele>
      </trkpt>
      <trkpt lat="45.11571" lon="4.31827">
        <ele>907.0</ele>
      </trkpt>
      <trkpt lat="45.11599" lon="4.31605">
        <ele>909.0</ele>
      </trkpt>
      <trkpt lat="45.11587" lon="4.31339">
        <ele>906.0</ele>
      </trkpt>
      <trkpt lat="45.11593" lon="4.31198">
        <ele>903.0</ele>
      </trkpt>
      <trkpt lat="45.11583" lon="4.31108">
        <ele>901.0</ele>
      </trkpt>
      <trkpt lat="45.11517" lon="4.30831">
        <ele>896.0</ele>
      </trkpt>
      <trkpt lat="45.11478" lon="4.30793">
        <ele>894.0</ele>
      </trkpt>
      <trkpt lat="45.11314" lon="4.3077">
        <ele>889.0</ele>
      </trkpt>
      <trkpt lat="45.11293" lon="4.30749">
        <ele>888.0</ele>
      </trkpt>
      <trkpt lat="45.11285" lon="4.30709">
        <ele>886.0</ele>
      </trkpt>
      <trkpt lat="45.11312" lon="4.30553">
        <ele>883.0</ele>
      </trkpt>
      <trkpt lat="45.11326" lon="4.30286">
        <ele>874.0</ele>
      </trkpt>
      <trkpt lat="45.11399" lon="4.30093">
        <ele>867.0</ele>
      </trkpt>
      <trkpt lat="45.11399" lon="4.30046">
        <ele>864.0</ele>
      </trkpt>
      <trkpt lat="45.1138" lon="4.29975">
        <ele>862.0</ele>
      </trkpt>
      <trkpt lat="45.11403" lon="4.29909">
        <ele>860.0</ele>
      </trkpt>
      <trkpt lat="45.11407" lon="4.29828">
        <ele>858.0</ele>
      </trkpt>
      <trkpt lat="45.11446" lon="4.2971">
        <ele>856.0</ele>
      </trkpt>
      <trkpt lat="45.11422" lon="4.29586">
        <ele>853.0</ele>
      </trkpt>
      <trkpt lat="45.11427" lon="4.29437">
        <ele>850.0</ele>
      </trkpt>
      <trkpt lat="45.11449" lon="4.29421">
        <ele>850.0</ele>
      </trkpt>
      <trkpt lat="45.11486" lon="4.29296">
        <ele>848.0</ele>
      </trkpt>
      <trkpt lat="45.11507" lon="4.29262">
        <ele>847.0</ele>
      </trkpt>
      <trkpt lat="45.11546" lon="4.29242">
        <ele>846.0</ele>
      </trkpt>
      <trkpt lat="45.11625" lon="4.29233">
        <ele>843.0</ele>
      </trkpt>
      <trkpt lat="45.11681" lon="4.29049">
        <ele>839.0</ele>
      </trkpt>
      <trkpt lat="45.1181" lon="4.28832">
        <ele>835.0</ele>
      </trkpt>
      <trkpt lat="45.11628" lon="4.28735">
        <ele>836.0</ele>
      </trkpt>
      <trkpt lat="45.11575" lon="4.28659">
        <ele>835.0</ele>
      </trkpt>
      <trkpt lat="45.11557" lon="4.28606">
        <ele>834.0</ele>
      </trkpt>
      <trkpt lat="45.11588" lon="4.2846">
        <ele>833.0</ele>
      </trkpt>
      <trkpt lat="45.11641" lon="4.27714">
        <ele>842.0</ele>
      </trkpt>
      <trkpt lat="45.11659" lon="4.27596">
        <ele>849.0</ele>
      </trkpt>
      <trkpt lat="45.1168" lon="4.2751">
        <ele>853.0</ele>
      </trkpt>
      <trkpt lat="45.11766" lon="4.27395">
        <ele>859.0</ele>
      </trkpt>
      <trkpt lat="45.11908" lon="4.27408">
        <ele>866.0</ele>
      </trkpt>
      <trkpt lat="45.11932" lon="4.27361">
        <ele>868.0</ele>
      </trkpt>
      <trkpt lat="45.11917" lon="4.27278">
        <ele>869.0</ele>
      </trkpt>
      <trkpt lat="45.11896" lon="4.27249">
        <ele>869.0</ele>
      </trkpt>
      <trkpt lat="45.11855" lon="4.27229">
        <ele>870.0</ele>
      </trkpt>
      <trkpt lat="45.11714" lon="4.27211">
        <ele>871.0</ele>
      </trkpt>
      <trkpt lat="45.11675" lon="4.27131">
        <ele>871.0</ele>
      </trkpt>
      <trkpt lat="45.11668" lon="4.27022">
        <ele>872.0</ele>
      </trkpt>
      <trkpt lat="45.11741" lon="4.26843">
        <ele>874.0</ele>
      </trkpt>
      <trkpt lat="45.11749" lon="4.26783">
        <ele>877.0</ele>
      </trkpt>
      <trkpt lat="45.11723" lon="4.26534">
        <ele>877.0</ele>
      </trkpt>
      <trkpt lat="45.11698" lon="4.26451">
        <ele>879.0</ele>
      </trkpt>
      <trkpt lat="45.11708" lon="4.26346">
        <ele>886.0</ele>
      </trkpt>
      <trkpt lat="45.11683" lon="4.26294">
        <ele>892.0</ele>
      </trkpt>
      <trkpt lat="45.1159" lon="4.26277">
        <ele>895.0</ele>
      </trkpt>
      <trkpt lat="45.11557" lon="4.26251">
        <ele>897.0</ele>
      </trkpt>
      <trkpt lat="45.11548" lon="4.26204">
        <ele>898.0</ele>
      </trkpt>
      <trkpt lat="45.11547" lon="4.25952">
        <ele>904.0</ele>
      </trkpt>
      <trkpt lat="45.1162" lon="4.25791">
        <ele>909.0</ele>
      </trkpt>
      <trkpt lat="45.11693" lon="4.2538">
        <ele>910.0</ele>
      </trkpt>
      <trkpt lat="45.11775" lon="4.25141">
        <ele>914.0</ele>
      </trkpt>
      <trkpt lat="45.11835" lon="4.25019">
        <ele>914.0</ele>
      </trkpt>
      <trkpt lat="45.11844" lon="4.24937">
        <ele>913.0</ele>
      </trkpt>
      <trkpt lat="45.11833" lon="4.24821">
        <ele>910.0</ele>
      </trkpt>
      <trkpt lat="45.1193" lon="4.24476">
        <ele>892.0</ele>
      </trkpt>
      <trkpt lat="45.11981" lon="4.2438">
        <ele>886.0</ele>
      </trkpt>
      <trkpt lat="45.12451" lon="4.23817">
        <ele>882.0</ele>
      </trkpt>
      <trkpt lat="45.1247" lon="4.2377">
        <ele>888.0</ele>
      </trkpt>
      <trkpt lat="45.12489" lon="4.23641">
        <ele>894.0</ele>
      </trkpt>
      <trkpt lat="45.12591" lon="4.23503">
        <ele>899.0</ele>
      </trkpt>
      <trkpt lat="45.12633" lon="4.23285">
        <ele>904.0</ele>
      </trkpt>
      <trkpt lat="45.12711" lon="4.23154">
        <ele>904.0</ele>
      </trkpt>
      <trkpt lat="45.128" lon="4.23057">
        <ele>902.0</ele>
      </trkpt>
      <trkpt lat="45.12824" lon="4.22898">
        <ele>900.0</ele>
      </trkpt>
      <trkpt lat="45.12907" lon="4.2273">
        <ele>897.0</ele>
      </trkpt>
      <trkpt lat="45.1294" lon="4.22512">
        <ele>896.0</ele>
      </trkpt>
      <trkpt lat="45.13001" lon="4.22376">
        <ele>896.0</ele>
      </trkpt>
      <trkpt lat="45.12998" lon="4.22312">
        <ele>896.0</ele>
      </trkpt>
      <trkpt lat="45.12969" lon="4.22268">
        <ele>896.0</ele>
      </trkpt>
      <trkpt lat="45.12897" lon="4.22225">
        <ele>895.0</ele>
      </trkpt>
      <trkpt lat="45.12872" lon="4.22193">
        <ele>895.0</ele>
      </trkpt>
      <trkpt lat="45.12799" lon="4.2197">
        <ele>896.0</ele>
      </trkpt>
      <trkpt lat="45.12697" lon="4.21865">
        <ele>901.0</ele>
      </trkpt>
      <trkpt lat="45.12681" lon="4.21823">
        <ele>903.0</ele>
      </trkpt>
      <trkpt lat="45.12681" lon="4.21754">
        <ele>905.0</ele>
      </trkpt>
      <trkpt lat="45.12698" lon="4.21714">
        <ele>907.0</ele>
      </trkpt>
      <trkpt lat="45.1273" lon="4.21686">
        <ele>909.0</ele>
      </trkpt>
      <trkpt lat="45.1296" lon="4.21599">
        <ele>914.0</ele>
      </trkpt>
      <trkpt lat="45.13018" lon="4.21523">
        <ele>914.0</ele>
      </trkpt>
      <trkpt lat="45.13031" lon="4.21442">
        <ele>914.0</ele>
      </trkpt>
      <trkpt lat="45.12995" lon="4.21163">
        <ele>916.0</ele>
      </trkpt>
      <trkpt lat="45.13045" lon="4.2097">
        <ele>921.0</ele>
      </trkpt>
      <trkpt lat="45.13052" lon="4.2085">
        <ele>922.0</ele>
      </trkpt>
      <trkpt lat="45.13189" lon="4.2009">
        <ele>910.0</ele>
      </trkpt>
      <trkpt lat="45.13241" lon="4.20022">
        <ele>907.0</ele>
      </trkpt>
      <trkpt lat="45.13389" lon="4.19967">
        <ele>902.0</ele>
      </trkpt>
      <trkpt lat="45.13558" lon="4.19846">
        <ele>905.0</ele>
      </trkpt>
      <trkpt lat="45.13663" lon="4.19686">
        <ele>903.0</ele>
      </trkpt>
      <trkpt lat="45.13838" lon="4.19375">
        <ele>891.0</ele>
      </trkpt>
      <trkpt lat="45.13925" lon="4.19252">
        <ele>887.0</ele>
      </trkpt>
      <trkpt lat="45.13946" lon="4.19178">
        <ele>886.0</ele>
      </trkpt>
      <trkpt lat="45.13944" lon="4.19103">
        <ele>885.0</ele>
      </trkpt>
      <trkpt lat="45.1391" lon="4.18976">
        <ele>881.0</ele>
      </trkpt>
      <trkpt lat="45.13908" lon="4.18913">
        <ele>878.0</ele>
      </trkpt>
      <trkpt lat="45.13985" lon="4.18768">
        <ele>869.0</ele>
      </trkpt>
      <trkpt lat="45.13987" lon="4.18731">
        <ele>865.0</ele>
      </trkpt>
      <trkpt lat="45.13959" lon="4.18616">
        <ele>859.0</ele>
      </trkpt>
      <trkpt lat="45.13939" lon="4.18575">
        <ele>856.0</ele>
      </trkpt>
      <trkpt lat="45.13899" lon="4.18542">
        <ele>852.0</ele>
      </trkpt>
      <trkpt lat="45.13734" lon="4.18477">
        <ele>840.0</ele>
      </trkpt>
      <trkpt lat="45.13726" lon="4.18517">
        <ele>838.0</ele>
      </trkpt>
      <trkpt lat="45.13732" lon="4.18588">
        <ele>837.0</ele>
      </trkpt>
      <trkpt lat="45.13698" lon="4.18673">
        <ele>837.0</ele>
      </trkpt>
      <trkpt lat="45.13647" lon="4.18734">
        <ele>834.0</ele>
      </trkpt>
      <trkpt lat="45.13523" lon="4.18804">
        <ele>821.0</ele>
      </trkpt>
      <trkpt lat="45.13432" lon="4.18919">
        <ele>813.0</ele>
      </trkpt>
      <trkpt lat="45.13411" lon="4.18914">
        <ele>811.0</ele>
      </trkpt>
      <trkpt lat="45.13333" lon="4.18813">
        <ele>808.0</ele>
      </trkpt>
      <trkpt lat="45.13326" lon="4.18779">
        <ele>808.0</ele>
      </trkpt>
      <trkpt lat="45.13347" lon="4.18724">
        <ele>808.0</ele>
      </trkpt>
      <trkpt lat="45.13403" lon="4.1871">
        <ele>808.0</ele>
      </trkpt>
      <trkpt lat="45.1347" lon="4.18632">
        <ele>810.0</ele>
      </trkpt>
      <trkpt lat="45.13523" lon="4.18593">
        <ele>813.0</ele>
      </trkpt>
      <trkpt lat="45.13548" lon="4.18527">
        <ele>817.0</ele>
      </trkpt>
      <trkpt lat="45.13547" lon="4.18428">
        <ele>817.0</ele>
      </trkpt>
      <trkpt lat="45.13523" lon="4.18364">
        <ele>817.0</ele>
      </trkpt>
      <trkpt lat="45.13423" lon="4.18289">
        <ele>816.0</ele>
      </trkpt>
      <trkpt lat="45.13344" lon="4.18191">
        <ele>818.0</ele>
      </trkpt>
      <trkpt lat="45.13354" lon="4.18157">
        <ele>819.0</ele>
      </trkpt>
      <trkpt lat="45.13413" lon="4.18137">
        <ele>821.0</ele>
      </trkpt>
      <trkpt lat="45.13428" lon="4.18093">
        <ele>821.0</ele>
      </trkpt>
      <trkpt lat="45.13424" lon="4.1803">
        <ele>821.0</ele>
      </trkpt>
      <trkpt lat="45.13399" lon="4.17981">
        <ele>821.0</ele>
      </trkpt>
      <trkpt lat="45.13375" lon="4.17863">
        <ele>821.0</ele>
      </trkpt>
      <trkpt lat="45.13402" lon="4.17839">
        <ele>821.0</ele>
      </trkpt>
      <trkpt lat="45.13494" lon="4.17858">
        <ele>822.0</ele>
      </trkpt>
      <trkpt lat="45.13592" lon="4.17805">
        <ele>826.0</ele>
      </trkpt>
      <trkpt lat="45.13615" lon="4.17822">
        <ele>829.0</ele>
      </trkpt>
      <trkpt lat="45.13627" lon="4.17911">
        <ele>833.0</ele>
      </trkpt>
      <trkpt lat="45.13646" lon="4.17938">
        <ele>835.0</ele>
      </trkpt>
      <trkpt lat="45.13756" lon="4.17927">
        <ele>838.0</ele>
      </trkpt>
      <trkpt lat="45.13871" lon="4.17826">
        <ele>845.0</ele>
      </trkpt>
      <trkpt lat="45.13918" lon="4.1772">
        <ele>851.0</ele>
      </trkpt>
      <trkpt lat="45.13965" lon="4.17662">
        <ele>855.0</ele>
      </trkpt>
      <trkpt lat="45.14086" lon="4.17615">
        <ele>866.0</ele>
      </trkpt>
      <trkpt lat="45.14129" lon="4.17563">
        <ele>871.0</ele>
      </trkpt>
      <trkpt lat="45.14223" lon="4.17489">
        <ele>874.0</ele>
      </trkpt>
      <trkpt lat="45.14246" lon="4.17427">
        <ele>876.0</ele>
      </trkpt>
      <trkpt lat="45.14247" lon="4.17377">
        <ele>876.0</ele>
      </trkpt>
      <trkpt lat="45.14164" lon="4.17247">
        <ele>879.0</ele>
      </trkpt>
      <trkpt lat="45.14139" lon="4.17146">
        <ele>880.0</ele>
      </trkpt>
      <trkpt lat="45.14133" lon="4.17057">
        <ele>879.0</ele>
      </trkpt>
      <trkpt lat="45.1422" lon="4.16744">
        <ele>877.0</ele>
      </trkpt>
      <trkpt lat="45.14227" lon="4.16541">
        <ele>875.0</ele>
      </trkpt>
      <trkpt lat="45.14243" lon="4.16447">
        <ele>875.0</ele>
      </trkpt>
      <trkpt lat="45.14475" lon="4.16102">
        <ele>875.0</ele>
      </trkpt>
      <trkpt lat="45.14525" lon="4.15886">
        <ele>876.0</ele>
      </trkpt>
      <trkpt lat="45.14547" lon="4.15835">
        <ele>876.0</ele>
      </trkpt>
      <trkpt lat="45.14592" lon="4.15808">
        <ele>875.0</ele>
      </trkpt>
      <trkpt lat="45.14748" lon="4.15859">
        <ele>874.0</ele>
      </trkpt>
      <trkpt lat="45.14784" lon="4.15832">
        <ele>874.0</ele>
      </trkpt>
      <trkpt lat="45.1484" lon="4.15724">
        <ele>874.0</ele>
      </trkpt>
      <trkpt lat="45.14834" lon="4.15668">
        <ele>874.0</ele>
      </trkpt>
      <trkpt lat="45.14763" lon="4.15471">
        <ele>873.0</ele>
      </trkpt>
      <trkpt lat="45.14697" lon="4.15362">
        <ele>870.0</ele>
      </trkpt>
      <trkpt lat="45.14689" lon="4.15239">
        <ele>869.0</ele>
      </trkpt>
      <trkpt lat="45.1469" lon="4.15181">
        <ele>868.0</ele>
      </trkpt>
      <trkpt lat="45.14705" lon="4.15132">
        <ele>866.0</ele>
      </trkpt>
      <trkpt lat="45.14796" lon="4.1499">
        <ele>864.0</ele>
      </trkpt>
      <trkpt lat="45.14812" lon="4.14912">
        <ele>862.0</ele>
      </trkpt>
      <trkpt lat="45.14806" lon="4.14863">
        <ele>861.0</ele>
      </trkpt>
      <trkpt lat="45.14788" lon="4.14821">
        <ele>860.0</ele>
      </trkpt>
      <trkpt lat="45.14746" lon="4.14775">
        <ele>860.0</ele>
      </trkpt>
      <trkpt lat="45.14594" lon="4.14768">
        <ele>852.0</ele>
      </trkpt>
      <trkpt lat="45.14576" lon="4.14752">
        <ele>849.0</ele>
      </trkpt>
      <trkpt lat="45.14463" lon="4.14552">
        <ele>835.0</ele>
      </trkpt>
      <trkpt lat="45.14364" lon="4.14543">
        <ele>831.0</ele>
      </trkpt>
      <trkpt lat="45.14295" lon="4.1456">
        <ele>828.0</ele>
      </trkpt>
      <trkpt lat="45.14272" lon="4.14534">
        <ele>826.0</ele>
      </trkpt>
      <trkpt lat="45.14247" lon="4.14367">
        <ele>824.0</ele>
      </trkpt>
      <trkpt lat="45.14317" lon="4.14181">
        <ele>823.0</ele>
      </trkpt>
      <trkpt lat="45.1433" lon="4.14107">
        <ele>823.0</ele>
      </trkpt>
      <trkpt lat="45.14276" lon="4.13685">
        <ele>835.0</ele>
      </trkpt>
      <trkpt lat="45.14111" lon="4.13319">
        <ele>841.0</ele>
      </trkpt>
      <trkpt lat="45.14098" lon="4.13237">
        <ele>839.0</ele>
      </trkpt>
      <trkpt lat="45.14034" lon="4.13209">
        <ele>839.0</ele>
      </trkpt>
      <trkpt lat="45.14008" lon="4.13181">
        <ele>839.0</ele>
      </trkpt>
      <trkpt lat="45.13973" lon="4.13002">
        <ele>845.0</ele>
      </trkpt>
      <trkpt lat="45.1398" lon="4.12939">
        <ele>849.0</ele>
      </trkpt>
      <trkpt lat="45.14218" lon="4.12378">
        <ele>864.0</ele>
      </trkpt>
      <trkpt lat="45.14255" lon="4.12358">
        <ele>863.0</ele>
      </trkpt>
      <trkpt lat="45.14344" lon="4.12357">
        <ele>859.0</ele>
      </trkpt>
      <trkpt lat="45.14354" lon="4.12335">
        <ele>858.0</ele>
      </trkpt>
      <trkpt lat="45.14384" lon="4.1188">
        <ele>847.0</ele>
      </trkpt>
      <trkpt lat="45.14394" lon="4.11853">
        <ele>841.0</ele>
      </trkpt>
      <trkpt lat="45.14411" lon="4.11468">
        <ele>834.0</ele>
      </trkpt>
      <trkpt lat="45.14425" lon="4.11417">
        <ele>833.0</ele>
      </trkpt>
      <trkpt lat="45.14417" lon="4.11368">
        <ele>835.0</ele>
      </trkpt>
      <trkpt lat="45.14427" lon="4.11267">
        <ele>837.0</ele>
      </trkpt>
      <trkpt lat="45.14484" lon="4.11105">
        <ele>844.0</ele>
      </trkpt>
      <trkpt lat="45.14533" lon="4.1105">
        <ele>846.0</ele>
      </trkpt>
      <trkpt lat="45.14556" lon="4.10955">
        <ele>847.0</ele>
      </trkpt>
      <trkpt lat="45.14609" lon="4.10872">
        <ele>846.0</ele>
      </trkpt>
      <trkpt lat="45.14507" lon="4.10802">
        <ele>844.0</ele>
      </trkpt>
      <trkpt lat="45.14464" lon="4.10794">
        <ele>844.0</ele>
      </trkpt>
      <trkpt lat="45.14393" lon="4.10813">
        <ele>844.0</ele>
      </trkpt>
      <trkpt lat="45.14359" lon="4.10776">
        <ele>845.0</ele>
      </trkpt>
      <trkpt lat="45.1436" lon="4.10746">
        <ele>845.0</ele>
      </trkpt>
      <trkpt lat="45.14381" lon="4.10708">
        <ele>845.0</ele>
      </trkpt>
      <trkpt lat="45.14508" lon="4.10579">
        <ele>838.0</ele>
      </trkpt>
      <trkpt lat="45.14543" lon="4.10507">
        <ele>836.0</ele>
      </trkpt>
      <trkpt lat="45.1456" lon="4.10419">
        <ele>833.0</ele>
      </trkpt>
      <trkpt lat="45.1452" lon="4.10237">
        <ele>826.0</ele>
      </trkpt>
      <trkpt lat="45.14377" lon="4.10048">
        <ele>819.0</ele>
      </trkpt>
      <trkpt lat="45.14367" lon="4.09993">
        <ele>814.0</ele>
      </trkpt>
      <trkpt lat="45.14391" lon="4.09957">
        <ele>811.0</ele>
      </trkpt>
      <trkpt lat="45.14527" lon="4.09838">
        <ele>807.0</ele>
      </trkpt>
      <trkpt lat="45.1454" lon="4.098">
        <ele>805.0</ele>
      </trkpt>
      <trkpt lat="45.14552" lon="4.09658">
        <ele>802.0</ele>
      </trkpt>
      <trkpt lat="45.14732" lon="4.09449">
        <ele>797.0</ele>
      </trkpt>
      <trkpt lat="45.14755" lon="4.0939">
        <ele>793.0</ele>
      </trkpt>
      <trkpt lat="45.14733" lon="4.0928">
        <ele>789.0</ele>
      </trkpt>
      <trkpt lat="45.14703" lon="4.09225">
        <ele>786.0</ele>
      </trkpt>
      <trkpt lat="45.14651" lon="4.09185">
        <ele>782.0</ele>
      </trkpt>
      <trkpt lat="45.14584" lon="4.09172">
        <ele>778.0</ele>
      </trkpt>
      <trkpt lat="45.14579" lon="4.09137">
        <ele>777.0</ele>
      </trkpt>
      <trkpt lat="45.1461" lon="4.09109">
        <ele>775.0</ele>
      </trkpt>
      <trkpt lat="45.1461" lon="4.09087">
        <ele>774.0</ele>
      </trkpt>
      <trkpt lat="45.14546" lon="4.09005">
        <ele>771.0</ele>
      </trkpt>
      <trkpt lat="45.1451" lon="4.08981">
        <ele>769.0</ele>
      </trkpt>
      <trkpt lat="45.14483" lon="4.08864">
        <ele>769.0</ele>
      </trkpt>
      <trkpt lat="45.14388" lon="4.08749">
        <ele>777.0</ele>
      </trkpt>
      <trkpt lat="45.1438" lon="4.0872">
        <ele>780.0</ele>
      </trkpt>
      <trkpt lat="45.14395" lon="4.08691">
        <ele>782.0</ele>
      </trkpt>
      <trkpt lat="45.1445" lon="4.08662">
        <ele>785.0</ele>
      </trkpt>
      <trkpt lat="45.14492" lon="4.08618">
        <ele>789.0</ele>
      </trkpt>
      <trkpt lat="45.14886" lon="4.08433">
        <ele>800.0</ele>
      </trkpt>
      <trkpt lat="45.15064" lon="4.08219">
        <ele>805.0</ele>
      </trkpt>
      <trkpt lat="45.15148" lon="4.0821">
        <ele>806.0</ele>
      </trkpt>
      <trkpt lat="45.15463" lon="4.08031">
        <ele>809.0</ele>
      </trkpt>
      <trkpt lat="45.15603" lon="4.07869">
        <ele>809.0</ele>
      </trkpt>
      <trkpt lat="45.15645" lon="4.07764">
        <ele>810.0</ele>
      </trkpt>
      <trkpt lat="45.15609" lon="4.07598">
        <ele>810.0</ele>
      </trkpt>
      <trkpt lat="45.15615" lon="4.07554">
        <ele>809.0</ele>
      </trkpt>
      <trkpt lat="45.15703" lon="4.07428">
        <ele>805.0</ele>
      </trkpt>
      <trkpt lat="45.15841" lon="4.07366">
        <ele>803.0</ele>
      </trkpt>
      <trkpt lat="45.15893" lon="4.07305">
        <ele>801.0</ele>
      </trkpt>
      <trkpt lat="45.16009" lon="4.06878">
        <ele>784.0</ele>
      </trkpt>
      <trkpt lat="45.16013" lon="4.06768">
        <ele>781.0</ele>
      </trkpt>
      <trkpt lat="45.15986" lon="4.06617">
        <ele>778.0</ele>
      </trkpt>
      <trkpt lat="45.1602" lon="4.06535">
        <ele>779.0</ele>
      </trkpt>
      <trkpt lat="45.1609" lon="4.06476">
        <ele>779.0</ele>
      </trkpt>
      <trkpt lat="45.16118" lon="4.06306">
        <ele>779.0</ele>
      </trkpt>
      <trkpt lat="45.16178" lon="4.06116">
        <ele>777.0</ele>
      </trkpt>
      <trkpt lat="45.16179" lon="4.05952">
        <ele>772.0</ele>
      </trkpt>
      <trkpt lat="45.1634" lon="4.05697">
        <ele>761.0</ele>
      </trkpt>
      <trkpt lat="45.1639" lon="4.05533">
        <ele>759.0</ele>
      </trkpt>
      <trkpt lat="45.16445" lon="4.05432">
        <ele>761.0</ele>
      </trkpt>
      <trkpt lat="45.16413" lon="4.05331">
        <ele>763.0</ele>
      </trkpt>
      <trkpt lat="45.16362" lon="4.05083">
        <ele>770.0</ele>
      </trkpt>
      <trkpt lat="45.16391" lon="4.04914">
        <ele>774.0</ele>
      </trkpt>
      <trkpt lat="45.16371" lon="4.04477">
        <ele>783.0</ele>
      </trkpt>
      <trkpt lat="45.163" lon="4.04244">
        <ele>795.0</ele>
      </trkpt>
      <trkpt lat="45.1619" lon="4.04085">
        <ele>807.0</ele>
      </trkpt>
      <trkpt lat="45.16095" lon="4.03913">
        <ele>816.0</ele>
      </trkpt>
      <trkpt lat="45.15984" lon="4.03825">
        <ele>822.0</ele>
      </trkpt>
      <trkpt lat="45.15829" lon="4.03768">
        <ele>829.0</ele>
      </trkpt>
      <trkpt lat="45.15661" lon="4.03619">
        <ele>836.0</ele>
      </trkpt>
      <trkpt lat="45.15448" lon="4.03282">
        <ele>841.0</ele>
      </trkpt>
      <trkpt lat="45.15418" lon="4.03209">
        <ele>842.0</ele>
      </trkpt>
      <trkpt lat="45.15339" lon="4.02737">
        <ele>854.0</ele>
      </trkpt>
      <trkpt lat="45.15303" lon="4.02685">
        <ele>859.0</ele>
      </trkpt>
      <trkpt lat="45.1519" lon="4.02614">
        <ele>866.0</ele>
      </trkpt>
      <trkpt lat="45.14962" lon="4.02284">
        <ele>875.0</ele>
      </trkpt>
      <trkpt lat="45.14912" lon="4.02153">
        <ele>876.0</ele>
      </trkpt>
      <trkpt lat="45.14867" lon="4.01864">
        <ele>867.0</ele>
      </trkpt>
      <trkpt lat="45.14816" lon="4.01753">
        <ele>859.0</ele>
      </trkpt>
      <trkpt lat="45.14733" lon="4.01684">
        <ele>851.0</ele>
      </trkpt>
      <trkpt lat="45.14616" lon="4.01636">
        <ele>846.0</ele>
      </trkpt>
      <trkpt lat="45.14508" lon="4.01612">
        <ele>839.0</ele>
      </trkpt>
      <trkpt lat="45.1444" lon="4.01574">
        <ele>833.0</ele>
      </trkpt>
      <trkpt lat="45.14303" lon="4.01422">
        <ele>825.0</ele>
      </trkpt>
      <trkpt lat="45.14194" lon="4.01227">
        <ele>819.0</ele>
      </trkpt>
      <trkpt lat="45.1415" lon="4.00976">
        <ele>815.0</ele>
      </trkpt>
      <trkpt lat="45.14152" lon="4.00883">
        <ele>809.0</ele>
      </trkpt>
      <trkpt lat="45.14136" lon="4.00779">
        <ele>802.0</ele>
      </trkpt>
      <trkpt lat="45.14166" lon="4.00633">
        <ele>793.0</ele>
      </trkpt>
      <trkpt lat="45.14127" lon="4.00452">
        <ele>784.0</ele>
      </trkpt>
      <trkpt lat="45.14141" lon="4.00289">
        <ele>775.0</ele>
      </trkpt>
      <trkpt lat="45.14081" lon="4.00104">
        <ele>765.0</ele>
      </trkpt>
      <trkpt lat="45.14031" lon="3.99556">
        <ele>738.0</ele>
      </trkpt>
      <trkpt lat="45.1404" lon="3.99469">
        <ele>734.0</ele>
      </trkpt>
      <trkpt lat="45.14109" lon="3.9932">
        <ele>725.0</ele>
      </trkpt>
      <trkpt lat="45.14112" lon="3.99271">
        <ele>722.0</ele>
      </trkpt>
      <trkpt lat="45.14094" lon="3.99201">
        <ele>718.0</ele>
      </trkpt>
      <trkpt lat="45.1404" lon="3.99135">
        <ele>711.0</ele>
      </trkpt>
      <trkpt lat="45.13994" lon="3.99135">
        <ele>707.0</ele>
      </trkpt>
      <trkpt lat="45.13884" lon="3.99191">
        <ele>699.0</ele>
      </trkpt>
      <trkpt lat="45.13708" lon="3.99053">
        <ele>687.0</ele>
      </trkpt>
      <trkpt lat="45.1358" lon="3.99037">
        <ele>679.0</ele>
      </trkpt>
      <trkpt lat="45.13504" lon="3.99053">
        <ele>674.0</ele>
      </trkpt>
      <trkpt lat="45.13468" lon="3.99038">
        <ele>671.0</ele>
      </trkpt>
      <trkpt lat="45.1336" lon="3.98887">
        <ele>662.0</ele>
      </trkpt>
      <trkpt lat="45.13314" lon="3.98887">
        <ele>659.0</ele>
      </trkpt>
      <trkpt lat="45.13283" lon="3.98851">
        <ele>657.0</ele>
      </trkpt>
      <trkpt lat="45.1326" lon="3.98793">
        <ele>655.0</ele>
      </trkpt>
      <trkpt lat="45.13253" lon="3.98714">
        <ele>653.0</ele>
      </trkpt>
      <trkpt lat="45.13066" lon="3.98384">
        <ele>639.0</ele>
      </trkpt>
      <trkpt lat="45.13015" lon="3.98131">
        <ele>633.0</ele>
      </trkpt>
      <trkpt lat="45.12976" lon="3.98013">
        <ele>632.0</ele>
      </trkpt>
      <trkpt lat="45.12957" lon="3.97872">
        <ele>631.0</ele>
      </trkpt>
      <trkpt lat="45.12914" lon="3.97717">
        <ele>630.0</ele>
      </trkpt>
      <trkpt lat="45.1289" lon="3.97571">
        <ele>629.0</ele>
      </trkpt>
      <trkpt lat="45.12884" lon="3.971">
        <ele>626.0</ele>
      </trkpt>
      <trkpt lat="45.12807" lon="3.9647">
        <ele>622.0</ele>
      </trkpt>
      <trkpt lat="45.12606" lon="3.95798">
        <ele>601.0</ele>
      </trkpt>
      <trkpt lat="45.12665" lon="3.9439">
        <ele>581.0</ele>
      </trkpt>
      <trkpt lat="45.12601" lon="3.93464">
        <ele>566.0</ele>
      </trkpt>
      <trkpt lat="45.12569" lon="3.93376">
        <ele>562.0</ele>
      </trkpt>
      <trkpt lat="45.12479" lon="3.93267">
        <ele>561.0</ele>
      </trkpt>
      <trkpt lat="45.12449" lon="3.93204">
        <ele>561.0</ele>
      </trkpt>
      <trkpt lat="45.12403" lon="3.92702">
        <ele>560.0</ele>
      </trkpt>
      <trkpt lat="45.12386" lon="3.92619">
        <ele>560.0</ele>
      </trkpt>
      <trkpt lat="45.12255" lon="3.92159">
        <ele>558.0</ele>
      </trkpt>
      <trkpt lat="45.12042" lon="3.91573">
        <ele>555.0</ele>
      </trkpt>
      <trkpt lat="45.11935" lon="3.91036">
        <ele>560.0</ele>
      </trkpt>
      <trkpt lat="45.11899" lon="3.90675">
        <ele>563.0</ele>
      </trkpt>
      <trkpt lat="45.12038" lon="3.90682">
        <ele>561.0</ele>
      </trkpt>
      <trkpt lat="45.12092" lon="3.90715">
        <ele>559.0</ele>
      </trkpt>
      <trkpt lat="45.12084" lon="3.90524">
        <ele>560.0</ele>
      </trkpt>
      <trkpt lat="45.12125" lon="3.9024">
        <ele>565.0</ele>
      </trkpt>
      <trkpt lat="45.12146" lon="3.90214">
        <ele>567.0</ele>
      </trkpt>
      <trkpt lat="45.12216" lon="3.90209">
        <ele>573.0</ele>
      </trkpt>
      <trkpt lat="45.12367" lon="3.90119">
        <ele>585.0</ele>
      </trkpt>
      <trkpt lat="45.12371" lon="3.90086">
        <ele>585.0</ele>
      </trkpt>
      <trkpt lat="45.1235" lon="3.90069">
        <ele>585.0</ele>
      </trkpt>
      <trkpt lat="45.12293" lon="3.90088">
        <ele>585.0</ele>
      </trkpt>
      <trkpt lat="45.12232" lon="3.90081">
        <ele>587.0</ele>
      </trkpt>
      <trkpt lat="45.12224" lon="3.90028">
        <ele>589.0</ele>
      </trkpt>
      <trkpt lat="45.12245" lon="3.90005">
        <ele>590.0</ele>
      </trkpt>
      <trkpt lat="45.12408" lon="3.89937">
        <ele>599.0</ele>
      </trkpt>
      <trkpt lat="45.12442" lon="3.89903">
        <ele>603.0</ele>
      </trkpt>
      <trkpt lat="45.12487" lon="3.89789">
        <ele>613.0</ele>
      </trkpt>
      <trkpt lat="45.1258" lon="3.89726">
        <ele>622.0</ele>
      </trkpt>
      <trkpt lat="45.1258" lon="3.8969">
        <ele>626.0</ele>
      </trkpt>
      <trkpt lat="45.12538" lon="3.89668">
        <ele>629.0</ele>
      </trkpt>
      <trkpt lat="45.12511" lon="3.89629">
        <ele>633.0</ele>
      </trkpt>
      <trkpt lat="45.12488" lon="3.89566">
        <ele>637.0</ele>
      </trkpt>
      <trkpt lat="45.12494" lon="3.8954">
        <ele>640.0</ele>
      </trkpt>
      <trkpt lat="45.12569" lon="3.89509">
        <ele>646.0</ele>
      </trkpt>
      <trkpt lat="45.12631" lon="3.89407">
        <ele>656.0</ele>
      </trkpt>
      <trkpt lat="45.12686" lon="3.89274">
        <ele>671.0</ele>
      </trkpt>
      <trkpt lat="45.12689" lon="3.8914">
        <ele>682.0</ele>
      </trkpt>
      <trkpt lat="45.1272" lon="3.89085">
        <ele>688.0</ele>
      </trkpt>
      <trkpt lat="45.12764" lon="3.89042">
        <ele>694.0</ele>
      </trkpt>
      <trkpt lat="45.12824" lon="3.89052">
        <ele>702.0</ele>
      </trkpt>
      <trkpt lat="45.12836" lon="3.89035">
        <ele>703.0</ele>
      </trkpt>
      <trkpt lat="45.12822" lon="3.89005">
        <ele>705.0</ele>
      </trkpt>
      <trkpt lat="45.12797" lon="3.89002">
        <ele>706.0</ele>
      </trkpt>
      <trkpt lat="45.12768" lon="3.89004">
        <ele>708.0</ele>
      </trkpt>
      <trkpt lat="45.12689" lon="3.89059">
        <ele>712.0</ele>
      </trkpt>
      <trkpt lat="45.12625" lon="3.89028">
        <ele>717.0</ele>
      </trkpt>
      <trkpt lat="45.12616" lon="3.89036">
        <ele>718.0</ele>
      </trkpt>
      <trkpt lat="45.12622" lon="3.89108">
        <ele>721.0</ele>
      </trkpt>
      <trkpt lat="45.126" lon="3.89147">
        <ele>723.0</ele>
      </trkpt>
      <trkpt lat="45.12514" lon="3.89161">
        <ele>727.0</ele>
      </trkpt>
      <trkpt lat="45.12472" lon="3.89137">
        <ele>732.0</ele>
      </trkpt>
      <trkpt lat="45.12411" lon="3.89139">
        <ele>737.0</ele>
      </trkpt>
      <trkpt lat="45.12388" lon="3.89128">
        <ele>740.0</ele>
      </trkpt>
      <trkpt lat="45.12378" lon="3.89098">
        <ele>743.0</ele>
      </trkpt>
      <trkpt lat="45.12438" lon="3.89096">
        <ele>749.0</ele>
      </trkpt>
      <trkpt lat="45.12481" lon="3.89064">
        <ele>753.0</ele>
      </trkpt>
      <trkpt lat="45.12534" lon="3.89059">
        <ele>757.0</ele>
      </trkpt>
      <trkpt lat="45.12552" lon="3.89029">
        <ele>760.0</ele>
      </trkpt>
      <trkpt lat="45.12528" lon="3.89012">
        <ele>762.0</ele>
      </trkpt>
      <trkpt lat="45.12415" lon="3.89016">
        <ele>768.0</ele>
      </trkpt>
      <trkpt lat="45.12403" lon="3.8899">
        <ele>771.0</ele>
      </trkpt>
      <trkpt lat="45.12428" lon="3.88904">
        <ele>776.0</ele>
      </trkpt>
      <trkpt lat="45.12416" lon="3.88873">
        <ele>779.0</ele>
      </trkpt>
      <trkpt lat="45.12384" lon="3.88846">
        <ele>783.0</ele>
      </trkpt>
      <trkpt lat="45.12301" lon="3.88843">
        <ele>791.0</ele>
      </trkpt>
      <trkpt lat="45.12297" lon="3.88823">
        <ele>793.0</ele>
      </trkpt>
      <trkpt lat="45.12392" lon="3.88624">
        <ele>803.0</ele>
      </trkpt>
      <trkpt lat="45.124" lon="3.88582">
        <ele>806.0</ele>
      </trkpt>
      <trkpt lat="45.12406" lon="3.8845">
        <ele>814.0</ele>
      </trkpt>
      <trkpt lat="45.12365" lon="3.88411">
        <ele>821.0</ele>
      </trkpt>
      <trkpt lat="45.12357" lon="3.8838">
        <ele>824.0</ele>
      </trkpt>
      <trkpt lat="45.12378" lon="3.88345">
        <ele>826.0</ele>
      </trkpt>
      <trkpt lat="45.12416" lon="3.88193">
        <ele>829.0</ele>
      </trkpt>
      <trkpt lat="45.12412" lon="3.88049">
        <ele>835.0</ele>
      </trkpt>
      <trkpt lat="45.12441" lon="3.87894">
        <ele>838.0</ele>
      </trkpt>
      <trkpt lat="45.12466" lon="3.8786">
        <ele>840.0</ele>
      </trkpt>
      <trkpt lat="45.12537" lon="3.87839">
        <ele>842.0</ele>
      </trkpt>
      <trkpt lat="45.12553" lon="3.87796">
        <ele>843.0</ele>
      </trkpt>
      <trkpt lat="45.12525" lon="3.87573">
        <ele>845.0</ele>
      </trkpt>
      <trkpt lat="45.12518" lon="3.87187">
        <ele>843.0</ele>
      </trkpt>
      <trkpt lat="45.12393" lon="3.86938">
        <ele>839.0</ele>
      </trkpt>
      <trkpt lat="45.12371" lon="3.86854">
        <ele>833.0</ele>
      </trkpt>
      <trkpt lat="45.12378" lon="3.86742">
        <ele>830.0</ele>
      </trkpt>
      <trkpt lat="45.12412" lon="3.86576">
        <ele>826.0</ele>
      </trkpt>
      <trkpt lat="45.12406" lon="3.86531">
        <ele>821.0</ele>
      </trkpt>
      <trkpt lat="45.12334" lon="3.86487">
        <ele>817.0</ele>
      </trkpt>
      <trkpt lat="45.12278" lon="3.86428">
        <ele>815.0</ele>
      </trkpt>
      <trkpt lat="45.12261" lon="3.86394">
        <ele>813.0</ele>
      </trkpt>
      <trkpt lat="45.12242" lon="3.86295">
        <ele>810.0</ele>
      </trkpt>
      <trkpt lat="45.12254" lon="3.86181">
        <ele>807.0</ele>
      </trkpt>
      <trkpt lat="45.12287" lon="3.86113">
        <ele>804.0</ele>
      </trkpt>
      <trkpt lat="45.12328" lon="3.86064">
        <ele>802.0</ele>
      </trkpt>
      <trkpt lat="45.12418" lon="3.86018">
        <ele>798.0</ele>
      </trkpt>
      <trkpt lat="45.12461" lon="3.8596">
        <ele>796.0</ele>
      </trkpt>
      <trkpt lat="45.12552" lon="3.85647">
        <ele>791.0</ele>
      </trkpt>
      <trkpt lat="45.12554" lon="3.85595">
        <ele>786.0</ele>
      </trkpt>
      <trkpt lat="45.1251" lon="3.85424">
        <ele>782.0</ele>
      </trkpt>
      <trkpt lat="45.12508" lon="3.85365">
        <ele>780.0</ele>
      </trkpt>
      <trkpt lat="45.12597" lon="3.84793">
        <ele>768.0</ele>
      </trkpt>
      <trkpt lat="45.12622" lon="3.84714">
        <ele>765.0</ele>
      </trkpt>
      <trkpt lat="45.12753" lon="3.84446">
        <ele>762.0</ele>
      </trkpt>
      <trkpt lat="45.12784" lon="3.84262">
        <ele>761.0</ele>
      </trkpt>
      <trkpt lat="45.12796" lon="3.83982">
        <ele>760.0</ele>
      </trkpt>
      <trkpt lat="45.12816" lon="3.83836">
        <ele>760.0</ele>
      </trkpt>
      <trkpt lat="45.12909" lon="3.83521">
        <ele>760.0</ele>
      </trkpt>
      <trkpt lat="45.12922" lon="3.8327">
        <ele>761.0</ele>
      </trkpt>
      <trkpt lat="45.12906" lon="3.83235">
        <ele>762.0</ele>
      </trkpt>
      <trkpt lat="45.12831" lon="3.83164">
        <ele>764.0</ele>
      </trkpt>
      <trkpt lat="45.128" lon="3.83108">
        <ele>765.0</ele>
      </trkpt>
      <trkpt lat="45.12775" lon="3.83002">
        <ele>767.0</ele>
      </trkpt>
      <trkpt lat="45.12726" lon="3.82904">
        <ele>771.0</ele>
      </trkpt>
      <trkpt lat="45.1272" lon="3.82788">
        <ele>775.0</ele>
      </trkpt>
      <trkpt lat="45.12746" lon="3.82713">
        <ele>778.0</ele>
      </trkpt>
      <trkpt lat="45.12849" lon="3.82588">
        <ele>784.0</ele>
      </trkpt>
      <trkpt lat="45.12929" lon="3.82417">
        <ele>787.0</ele>
      </trkpt>
      <trkpt lat="45.13026" lon="3.82283">
        <ele>792.0</ele>
      </trkpt>
      <trkpt lat="45.13056" lon="3.82186">
        <ele>793.0</ele>
      </trkpt>
      <trkpt lat="45.13179" lon="3.82079">
        <ele>793.0</ele>
      </trkpt>
      <trkpt lat="45.13239" lon="3.81752">
        <ele>797.0</ele>
      </trkpt>
      <trkpt lat="45.13224" lon="3.81562">
        <ele>801.0</ele>
      </trkpt>
      <trkpt lat="45.13153" lon="3.81618">
        <ele>804.0</ele>
      </trkpt>
      <trkpt lat="45.13014" lon="3.81897">
        <ele>814.0</ele>
      </trkpt>
      <trkpt lat="45.12931" lon="3.81964">
        <ele>817.0</ele>
      </trkpt>
      <trkpt lat="45.12879" lon="3.81975">
        <ele>818.0</ele>
      </trkpt>
      <trkpt lat="45.12726" lon="3.8195">
        <ele>821.0</ele>
      </trkpt>
      <trkpt lat="45.12577" lon="3.81959">
        <ele>823.0</ele>
      </trkpt>
      <trkpt lat="45.12083" lon="3.82099">
        <ele>829.0</ele>
      </trkpt>
      <trkpt lat="45.11989" lon="3.82112">
        <ele>830.0</ele>
      </trkpt>
      <trkpt lat="45.11866" lon="3.82061">
        <ele>830.0</ele>
      </trkpt>
      <trkpt lat="45.10384" lon="3.81227">
        <ele>795.0</ele>
      </trkpt>
      <trkpt lat="45.10356" lon="3.81194">
        <ele>795.0</ele>
      </trkpt>
      <trkpt lat="45.10342" lon="3.81146">
        <ele>794.0</ele>
      </trkpt>
      <trkpt lat="45.10477" lon="3.81036">
        <ele>791.0</ele>
      </trkpt>
      <trkpt lat="45.10524" lon="3.80957">
        <ele>787.0</ele>
      </trkpt>
      <trkpt lat="45.10545" lon="3.80829">
        <ele>783.0</ele>
      </trkpt>
      <trkpt lat="45.10529" lon="3.80724">
        <ele>782.0</ele>
      </trkpt>
      <trkpt lat="45.105" lon="3.80665">
        <ele>781.0</ele>
      </trkpt>
      <trkpt lat="45.10463" lon="3.80625">
        <ele>780.0</ele>
      </trkpt>
      <trkpt lat="45.10335" lon="3.80552">
        <ele>775.0</ele>
      </trkpt>
      <trkpt lat="45.10266" lon="3.80492">
        <ele>771.0</ele>
      </trkpt>
      <trkpt lat="45.10192" lon="3.80388">
        <ele>764.0</ele>
      </trkpt>
      <trkpt lat="45.10123" lon="3.80333">
        <ele>758.0</ele>
      </trkpt>
      <trkpt lat="45.10048" lon="3.80214">
        <ele>753.0</ele>
      </trkpt>
      <trkpt lat="45.09983" lon="3.80153">
        <ele>749.0</ele>
      </trkpt>
      <trkpt lat="45.09967" lon="3.80105">
        <ele>747.0</ele>
      </trkpt>
      <trkpt lat="45.09986" lon="3.79953">
        <ele>746.0</ele>
      </trkpt>
      <trkpt lat="45.09942" lon="3.79897">
        <ele>747.0</ele>
      </trkpt>
      <trkpt lat="45.09868" lon="3.79734">
        <ele>751.0</ele>
      </trkpt>
      <trkpt lat="45.09835" lon="3.79692">
        <ele>754.0</ele>
      </trkpt>
      <trkpt lat="45.09699" lon="3.79619">
        <ele>761.0</ele>
      </trkpt>
      <trkpt lat="45.09661" lon="3.79574">
        <ele>765.0</ele>
      </trkpt>
      <trkpt lat="45.09645" lon="3.79514">
        <ele>767.0</ele>
      </trkpt>
      <trkpt lat="45.09649" lon="3.79464">
        <ele>769.0</ele>
      </trkpt>
      <trkpt lat="45.09709" lon="3.79338">
        <ele>773.0</ele>
      </trkpt>
      <trkpt lat="45.09723" lon="3.7927">
        <ele>773.0</ele>
      </trkpt>
      <trkpt lat="45.09718" lon="3.79203">
        <ele>773.0</ele>
      </trkpt>
      <trkpt lat="45.09677" lon="3.79087">
        <ele>773.0</ele>
      </trkpt>
      <trkpt lat="45.09643" lon="3.78913">
        <ele>777.0</ele>
      </trkpt>
      <trkpt lat="45.09661" lon="3.78836">
        <ele>779.0</ele>
      </trkpt>
      <trkpt lat="45.09629" lon="3.78808">
        <ele>780.0</ele>
      </trkpt>
      <trkpt lat="45.0956" lon="3.78831">
        <ele>780.0</ele>
      </trkpt>
      <trkpt lat="45.09524" lon="3.78826">
        <ele>780.0</ele>
      </trkpt>
      <trkpt lat="45.0938" lon="3.78728">
        <ele>783.0</ele>
      </trkpt>
      <trkpt lat="45.09212" lon="3.7866">
        <ele>789.0</ele>
      </trkpt>
      <trkpt lat="45.09151" lon="3.78591">
        <ele>789.0</ele>
      </trkpt>
      <trkpt lat="45.09052" lon="3.78433">
        <ele>785.0</ele>
      </trkpt>
      <trkpt lat="45.09055" lon="3.7838">
        <ele>783.0</ele>
      </trkpt>
      <trkpt lat="45.09093" lon="3.78261">
        <ele>781.0</ele>
      </trkpt>
      <trkpt lat="45.09088" lon="3.78075">
        <ele>776.0</ele>
      </trkpt>
      <trkpt lat="45.09122" lon="3.7796">
        <ele>771.0</ele>
      </trkpt>
      <trkpt lat="45.09118" lon="3.77847">
        <ele>766.0</ele>
      </trkpt>
      <trkpt lat="45.09165" lon="3.77672">
        <ele>766.0</ele>
      </trkpt>
      <trkpt lat="45.09162" lon="3.77467">
        <ele>775.0</ele>
      </trkpt>
      <trkpt lat="45.0914" lon="3.77429">
        <ele>780.0</ele>
      </trkpt>
      <trkpt lat="45.09108" lon="3.77455">
        <ele>785.0</ele>
      </trkpt>
      <trkpt lat="45.09104" lon="3.77516">
        <ele>789.0</ele>
      </trkpt>
      <trkpt lat="45.09" lon="3.77739">
        <ele>795.0</ele>
      </trkpt>
      <trkpt lat="45.08924" lon="3.77766">
        <ele>800.0</ele>
      </trkpt>
      <trkpt lat="45.08852" lon="3.77836">
        <ele>804.0</ele>
      </trkpt>
      <trkpt lat="45.08725" lon="3.78077">
        <ele>808.0</ele>
      </trkpt>
      <trkpt lat="45.08261" lon="3.78345">
        <ele>815.0</ele>
      </trkpt>
      <trkpt lat="45.08154" lon="3.78472">
        <ele>815.0</ele>
      </trkpt>
      <trkpt lat="45.08064" lon="3.78546">
        <ele>816.0</ele>
      </trkpt>
      <trkpt lat="45.07896" lon="3.78616">
        <ele>818.0</ele>
      </trkpt>
      <trkpt lat="45.07799" lon="3.78602">
        <ele>818.0</ele>
      </trkpt>
      <trkpt lat="45.07554" lon="3.78678">
        <ele>817.0</ele>
      </trkpt>
      <trkpt lat="45.0742" lon="3.78619">
        <ele>817.0</ele>
      </trkpt>
      <trkpt lat="45.07386" lon="3.78627">
        <ele>816.0</ele>
      </trkpt>
      <trkpt lat="45.07316" lon="3.78718">
        <ele>814.0</ele>
      </trkpt>
      <trkpt lat="45.0722" lon="3.78773">
        <ele>812.0</ele>
      </trkpt>
      <trkpt lat="45.07052" lon="3.7891">
        <ele>806.0</ele>
      </trkpt>
      <trkpt lat="45.07093" lon="3.78937">
        <ele>803.0</ele>
      </trkpt>
      <trkpt lat="45.07156" lon="3.78943">
        <ele>802.0</ele>
      </trkpt>
      <trkpt lat="45.07227" lon="3.79004">
        <ele>797.0</ele>
      </trkpt>
      <trkpt lat="45.07252" lon="3.79039">
        <ele>793.0</ele>
      </trkpt>
      <trkpt lat="45.07289" lon="3.79145">
        <ele>788.0</ele>
      </trkpt>
      <trkpt lat="45.07242" lon="3.79309">
        <ele>776.0</ele>
      </trkpt>
      <trkpt lat="45.07215" lon="3.79347">
        <ele>772.0</ele>
      </trkpt>
      <trkpt lat="45.07155" lon="3.79374">
        <ele>765.0</ele>
      </trkpt>
      <trkpt lat="45.07118" lon="3.7947">
        <ele>759.0</ele>
      </trkpt>
      <trkpt lat="45.07117" lon="3.79523">
        <ele>752.0</ele>
      </trkpt>
      <trkpt lat="45.07156" lon="3.79604">
        <ele>746.0</ele>
      </trkpt>
      <trkpt lat="45.07206" lon="3.79628">
        <ele>738.0</ele>
      </trkpt>
      <trkpt lat="45.07278" lon="3.79624">
        <ele>729.0</ele>
      </trkpt>
      <trkpt lat="45.07353" lon="3.79538">
        <ele>721.0</ele>
      </trkpt>
      <trkpt lat="45.07433" lon="3.79637">
        <ele>714.0</ele>
      </trkpt>
      <trkpt lat="45.07582" lon="3.79627">
        <ele>718.0</ele>
      </trkpt>
      <trkpt lat="45.07614" lon="3.79649">
        <ele>722.0</ele>
      </trkpt>
      <trkpt lat="45.07606" lon="3.79681">
        <ele>724.0</ele>
      </trkpt>
      <trkpt lat="45.07475" lon="3.79745">
        <ele>732.0</ele>
      </trkpt>
      <trkpt lat="45.07485" lon="3.79824">
        <ele>736.0</ele>
      </trkpt>
      <trkpt lat="45.07422" lon="3.79965">
        <ele>744.0</ele>
      </trkpt>
      <trkpt lat="45.07433" lon="3.80077">
        <ele>751.0</ele>
      </trkpt>
      <trkpt lat="45.07413" lon="3.80143">
        <ele>753.0</ele>
      </trkpt>
      <trkpt lat="45.07336" lon="3.80319">
        <ele>759.0</ele>
      </trkpt>
      <trkpt lat="45.07255" lon="3.80459">
        <ele>773.0</ele>
      </trkpt>
      <trkpt lat="45.07272" lon="3.80469">
        <ele>776.0</ele>
      </trkpt>
      <trkpt lat="45.0736" lon="3.8043">
        <ele>781.0</ele>
      </trkpt>
      <trkpt lat="45.07484" lon="3.80312">
        <ele>798.0</ele>
      </trkpt>
      <trkpt lat="45.07495" lon="3.80316">
        <ele>800.0</ele>
      </trkpt>
      <trkpt lat="45.07397" lon="3.80468">
        <ele>812.0</ele>
      </trkpt>
      <trkpt lat="45.07396" lon="3.80488">
        <ele>815.0</ele>
      </trkpt>
      <trkpt lat="45.07448" lon="3.80565">
        <ele>820.0</ele>
      </trkpt>
      <trkpt lat="45.07531" lon="3.80618">
        <ele>828.0</ele>
      </trkpt>
      <trkpt lat="45.07532" lon="3.80689">
        <ele>837.0</ele>
      </trkpt>
      <trkpt lat="45.07568" lon="3.8078">
        <ele>843.0</ele>
      </trkpt>
      <trkpt lat="45.07543" lon="3.80875">
        <ele>849.0</ele>
      </trkpt>
      <trkpt lat="45.07624" lon="3.80946">
        <ele>850.0</ele>
      </trkpt>
      <trkpt lat="45.07718" lon="3.80981">
        <ele>849.0</ele>
      </trkpt>
      <trkpt lat="45.07738" lon="3.81143">
        <ele>843.0</ele>
      </trkpt>
      <trkpt lat="45.07735" lon="3.81271">
        <ele>831.0</ele>
      </trkpt>
      <trkpt lat="45.07771" lon="3.81531">
        <ele>819.0</ele>
      </trkpt>
      <trkpt lat="45.0785" lon="3.81659">
        <ele>817.0</ele>
      </trkpt>
      <trkpt lat="45.07896" lon="3.81785">
        <ele>816.0</ele>
      </trkpt>
      <trkpt lat="45.07985" lon="3.8188">
        <ele>814.0</ele>
      </trkpt>
      <trkpt lat="45.08069" lon="3.82038">
        <ele>811.0</ele>
      </trkpt>
      <trkpt lat="45.08131" lon="3.82079">
        <ele>809.0</ele>
      </trkpt>
      <trkpt lat="45.08203" lon="3.82191">
        <ele>810.0</ele>
      </trkpt>
      <trkpt lat="45.08082" lon="3.82564">
        <ele>817.0</ele>
      </trkpt>
      <trkpt lat="45.08015" lon="3.82881">
        <ele>816.0</ele>
      </trkpt>
      <trkpt lat="45.07871" lon="3.8341">
        <ele>810.0</ele>
      </trkpt>
      <trkpt lat="45.077" lon="3.84106">
        <ele>816.0</ele>
      </trkpt>
      <trkpt lat="45.07616" lon="3.84324">
        <ele>817.0</ele>
      </trkpt>
      <trkpt lat="45.07535" lon="3.84442">
        <ele>813.0</ele>
      </trkpt>
      <trkpt lat="45.07219" lon="3.84601">
        <ele>805.0</ele>
      </trkpt>
      <trkpt lat="45.07154" lon="3.84671">
        <ele>802.0</ele>
      </trkpt>
      <trkpt lat="45.07077" lon="3.84791">
        <ele>799.0</ele>
      </trkpt>
      <trkpt lat="45.07012" lon="3.8485">
        <ele>796.0</ele>
      </trkpt>
      <trkpt lat="45.06771" lon="3.84989">
        <ele>787.0</ele>
      </trkpt>
      <trkpt lat="45.06655" lon="3.85038">
        <ele>780.0</ele>
      </trkpt>
      <trkpt lat="45.06618" lon="3.85033">
        <ele>776.0</ele>
      </trkpt>
      <trkpt lat="45.06606" lon="3.85049">
        <ele>775.0</ele>
      </trkpt>
      <trkpt lat="45.06608" lon="3.85091">
        <ele>773.0</ele>
      </trkpt>
      <trkpt lat="45.06592" lon="3.8514">
        <ele>772.0</ele>
      </trkpt>
      <trkpt lat="45.06561" lon="3.85191">
        <ele>770.0</ele>
      </trkpt>
      <trkpt lat="45.06458" lon="3.85258">
        <ele>766.0</ele>
      </trkpt>
      <trkpt lat="45.06424" lon="3.85299">
        <ele>764.0</ele>
      </trkpt>
      <trkpt lat="45.06388" lon="3.85398">
        <ele>762.0</ele>
      </trkpt>
      <trkpt lat="45.0637" lon="3.85554">
        <ele>761.0</ele>
      </trkpt>
      <trkpt lat="45.06271" lon="3.85889">
        <ele>745.0</ele>
      </trkpt>
      <trkpt lat="45.06242" lon="3.85942">
        <ele>742.0</ele>
      </trkpt>
      <trkpt lat="45.06151" lon="3.86046">
        <ele>739.0</ele>
      </trkpt>
      <trkpt lat="45.06129" lon="3.86085">
        <ele>737.0</ele>
      </trkpt>
      <trkpt lat="45.06109" lon="3.86164">
        <ele>733.0</ele>
      </trkpt>
      <trkpt lat="45.06112" lon="3.86261">
        <ele>728.0</ele>
      </trkpt>
      <trkpt lat="45.06137" lon="3.8634">
        <ele>723.0</ele>
      </trkpt>
      <trkpt lat="45.06264" lon="3.86473">
        <ele>718.0</ele>
      </trkpt>
      <trkpt lat="45.06301" lon="3.86537">
        <ele>714.0</ele>
      </trkpt>
      <trkpt lat="45.0632" lon="3.86615">
        <ele>710.0</ele>
      </trkpt>
      <trkpt lat="45.06312" lon="3.86727">
        <ele>702.0</ele>
      </trkpt>
      <trkpt lat="45.06219" lon="3.86935">
        <ele>692.0</ele>
      </trkpt>
      <trkpt lat="45.06064" lon="3.86921">
        <ele>697.0</ele>
      </trkpt>
      <trkpt lat="45.06033" lon="3.86945">
        <ele>699.0</ele>
      </trkpt>
      <trkpt lat="45.06012" lon="3.86986">
        <ele>701.0</ele>
      </trkpt>
      <trkpt lat="45.06003" lon="3.87027">
        <ele>703.0</ele>
      </trkpt>
      <trkpt lat="45.06028" lon="3.87137">
        <ele>707.0</ele>
      </trkpt>
      <trkpt lat="45.05998" lon="3.87273">
        <ele>712.0</ele>
      </trkpt>
      <trkpt lat="45.05985" lon="3.87436">
        <ele>717.0</ele>
      </trkpt>
      <trkpt lat="45.05992" lon="3.8764">
        <ele>728.0</ele>
      </trkpt>
      <trkpt lat="45.05917" lon="3.87733">
        <ele>731.0</ele>
      </trkpt>
      <trkpt lat="45.0588" lon="3.87743">
        <ele>732.0</ele>
      </trkpt>
      <trkpt lat="45.05726" lon="3.87689">
        <ele>722.0</ele>
      </trkpt>
      <trkpt lat="45.05667" lon="3.87613">
        <ele>719.0</ele>
      </trkpt>
      <trkpt lat="45.0551" lon="3.87458">
        <ele>709.0</ele>
      </trkpt>
      <trkpt lat="45.0541" lon="3.87414">
        <ele>702.0</ele>
      </trkpt>
      <trkpt lat="45.05387" lon="3.87328">
        <ele>696.0</ele>
      </trkpt>
      <trkpt lat="45.05367" lon="3.87298">
        <ele>694.0</ele>
      </trkpt>
      <trkpt lat="45.05253" lon="3.87254">
        <ele>683.0</ele>
      </trkpt>
      <trkpt lat="45.05215" lon="3.87091">
        <ele>675.0</ele>
      </trkpt>
      <trkpt lat="45.05159" lon="3.86989">
        <ele>671.0</ele>
      </trkpt>
      <trkpt lat="45.05105" lon="3.87062">
        <ele>664.0</ele>
      </trkpt>
      <trkpt lat="45.04975" lon="3.87168">
        <ele>651.0</ele>
      </trkpt>
      <trkpt lat="45.04964" lon="3.87227">
        <ele>649.0</ele>
      </trkpt>
      <trkpt lat="45.04972" lon="3.87312">
        <ele>645.0</ele>
      </trkpt>
      <trkpt lat="45.05046" lon="3.87506">
        <ele>633.0</ele>
      </trkpt>
      <trkpt lat="45.05035" lon="3.87609">
        <ele>627.0</ele>
      </trkpt>
      <trkpt lat="45.04991" lon="3.87666">
        <ele>624.0</ele>
      </trkpt>
      <trkpt lat="45.04749" lon="3.87854">
        <ele>621.0</ele>
      </trkpt>
      <trkpt lat="45.04703" lon="3.87938">
        <ele>622.0</ele>
      </trkpt>
      <trkpt lat="45.04726" lon="3.8798">
        <ele>622.0</ele>
      </trkpt>
      <trkpt lat="45.04743" lon="3.88069">
        <ele>621.0</ele>
      </trkpt>
      <trkpt lat="45.05018" lon="3.88178">
        <ele>618.0</ele>
      </trkpt>
      <trkpt lat="45.05059" lon="3.88227">
        <ele>616.0</ele>
      </trkpt>
      <trkpt lat="45.05085" lon="3.88323">
        <ele>614.0</ele>
      </trkpt>
      <trkpt lat="45.0507" lon="3.88447">
        <ele>611.0</ele>
      </trkpt>
      <trkpt lat="45.04956" lon="3.88771">
        <ele>614.0</ele>
      </trkpt>
      <trkpt lat="45.04951" lon="3.88954">
        <ele>610.0</ele>
      </trkpt>
      <trkpt lat="45.04928" lon="3.89072">
        <ele>610.0</ele>
      </trkpt>
      <trkpt lat="45.04807" lon="3.89349">
        <ele>611.0</ele>
      </trkpt>
      <trkpt lat="45.04646" lon="3.89195">
        <ele>614.0</ele>
      </trkpt>
      <trkpt lat="45.04606" lon="3.89116">
        <ele>615.0</ele>
      </trkpt>
      <trkpt lat="45.0451" lon="3.89009">
        <ele>617.0</ele>
      </trkpt>
      <trkpt lat="45.0429" lon="3.88847">
        <ele>622.0</ele>
      </trkpt>
      <trkpt lat="45.04233" lon="3.88746">
        <ele>622.0</ele>
      </trkpt>
      <trkpt lat="45.04218" lon="3.8869">
        <ele>623.0</ele>
      </trkpt>
      <trkpt lat="45.042" lon="3.88402">
        <ele>627.0</ele>
      </trkpt>
    </trkseg>
  </trk>
</gpx>