<?xml version="1.0" encoding="UTF-8"?>
<gpx xmlns="http://www.topografix.com/GPX/1/0" xmlns:xsi="http://www.w3.org/2001/XMLSchema-instance" xsi:schemaLocation="http://www.topografix.com/GPX/1/0 http://www.topografix.com/GPX/1/0/gpx.xsd" version="1.0" creator="GPSBabel - https://www.gpsbabel.org">
  <time>2026-03-23T07:59:25.444000Z</time>
  <bounds minlat="43.22615" maxlat="43.44709" minlon="-2.96161" maxlon="-2.66746" />
  <trk>
    <trkseg>
      <trkpt lat="43.2262" lon="-2.84297">
        <ele>43.0</ele>
      </trkpt>
      <trkpt lat="43.22637" lon="-2.84263">
        <ele>43.0</ele>
      </trkpt>
      <trkpt lat="43.22679" lon="-2.84041">
        <ele>46.0</ele>
      </trkpt>
      <trkpt lat="43.22711" lon="-2.83941">
        <ele>47.0</ele>
      </trkpt>
      <trkpt lat="43.22717" lon="-2.83873">
        <ele>47.0</ele>
      </trkpt>
      <trkpt lat="43.22772" lon="-2.8384">
        <ele>47.0</ele>
      </trkpt>
      <trkpt lat="43.22872" lon="-2.83687">
        <ele>48.0</ele>
      </trkpt>
      <trkpt lat="43.22933" lon="-2.83385">
        <ele>46.0</ele>
      </trkpt>
      <trkpt lat="43.23066" lon="-2.83157">
        <ele>47.0</ele>
      </trkpt>
      <trkpt lat="43.23205" lon="-2.82745">
        <ele>47.0</ele>
      </trkpt>
      <trkpt lat="43.2321" lon="-2.82687">
        <ele>46.0</ele>
      </trkpt>
      <trkpt lat="43.2315" lon="-2.82111">
        <ele>49.0</ele>
      </trkpt>
      <trkpt lat="43.23136" lon="-2.82075">
        <ele>50.0</ele>
      </trkpt>
      <trkpt lat="43.23058" lon="-2.81974">
        <ele>48.0</ele>
      </trkpt>
      <trkpt lat="43.23046" lon="-2.81931">
        <ele>48.0</ele>
      </trkpt>
      <trkpt lat="43.23049" lon="-2.81873">
        <ele>50.0</ele>
      </trkpt>
      <trkpt lat="43.23077" lon="-2.81813">
        <ele>51.0</ele>
      </trkpt>
      <trkpt lat="43.23189" lon="-2.81735">
        <ele>54.0</ele>
      </trkpt>
      <trkpt lat="43.2323" lon="-2.81676">
        <ele>54.0</ele>
      </trkpt>
      <trkpt lat="43.23498" lon="-2.80964">
        <ele>55.0</ele>
      </trkpt>
      <trkpt lat="43.23621" lon="-2.80746">
        <ele>57.0</ele>
      </trkpt>
      <trkpt lat="43.23631" lon="-2.80684">
        <ele>57.0</ele>
      </trkpt>
      <trkpt lat="43.23633" lon="-2.80437">
        <ele>54.0</ele>
      </trkpt>
      <trkpt lat="43.23623" lon="-2.80368">
        <ele>54.0</ele>
      </trkpt>
      <trkpt lat="43.23634" lon="-2.80347">
        <ele>54.0</ele>
      </trkpt>
      <trkpt lat="43.23721" lon="-2.80357">
        <ele>56.0</ele>
      </trkpt>
      <trkpt lat="43.23821" lon="-2.8033">
        <ele>58.0</ele>
      </trkpt>
      <trkpt lat="43.23959" lon="-2.80344">
        <ele>59.0</ele>
      </trkpt>
      <trkpt lat="43.24082" lon="-2.80292">
        <ele>58.0</ele>
      </trkpt>
      <trkpt lat="43.24146" lon="-2.80289">
        <ele>59.0</ele>
      </trkpt>
      <trkpt lat="43.24216" lon="-2.8033">
        <ele>61.0</ele>
      </trkpt>
      <trkpt lat="43.24299" lon="-2.80443">
        <ele>65.0</ele>
      </trkpt>
      <trkpt lat="43.24354" lon="-2.8048">
        <ele>66.0</ele>
      </trkpt>
      <trkpt lat="43.24535" lon="-2.80527">
        <ele>63.0</ele>
      </trkpt>
      <trkpt lat="43.24678" lon="-2.80515">
        <ele>63.0</ele>
      </trkpt>
      <trkpt lat="43.24734" lon="-2.80488">
        <ele>64.0</ele>
      </trkpt>
      <trkpt lat="43.24837" lon="-2.80401">
        <ele>67.0</ele>
      </trkpt>
      <trkpt lat="43.24861" lon="-2.80339">
        <ele>72.0</ele>
      </trkpt>
      <trkpt lat="43.24876" lon="-2.80337">
        <ele>73.0</ele>
      </trkpt>
      <trkpt lat="43.24915" lon="-2.80267">
        <ele>73.0</ele>
      </trkpt>
      <trkpt lat="43.25087" lon="-2.80117">
        <ele>70.0</ele>
      </trkpt>
      <trkpt lat="43.25159" lon="-2.79978">
        <ele>67.0</ele>
      </trkpt>
      <trkpt lat="43.25215" lon="-2.79765">
        <ele>69.0</ele>
      </trkpt>
      <trkpt lat="43.25245" lon="-2.79692">
        <ele>68.0</ele>
      </trkpt>
      <trkpt lat="43.25312" lon="-2.79588">
        <ele>71.0</ele>
      </trkpt>
      <trkpt lat="43.25414" lon="-2.79498">
        <ele>68.0</ele>
      </trkpt>
      <trkpt lat="43.25517" lon="-2.79455">
        <ele>67.0</ele>
      </trkpt>
      <trkpt lat="43.2581" lon="-2.79384">
        <ele>73.0</ele>
      </trkpt>
      <trkpt lat="43.25989" lon="-2.79249">
        <ele>75.0</ele>
      </trkpt>
      <trkpt lat="43.26065" lon="-2.79221">
        <ele>75.0</ele>
      </trkpt>
      <trkpt lat="43.26185" lon="-2.79233">
        <ele>83.0</ele>
      </trkpt>
      <trkpt lat="43.2638" lon="-2.79343">
        <ele>78.0</ele>
      </trkpt>
      <trkpt lat="43.26443" lon="-2.79338">
        <ele>76.0</ele>
      </trkpt>
      <trkpt lat="43.26517" lon="-2.79291">
        <ele>76.0</ele>
      </trkpt>
      <trkpt lat="43.26577" lon="-2.79173">
        <ele>76.0</ele>
      </trkpt>
      <trkpt lat="43.26606" lon="-2.78934">
        <ele>79.0</ele>
      </trkpt>
      <trkpt lat="43.26699" lon="-2.78536">
        <ele>87.0</ele>
      </trkpt>
      <trkpt lat="43.26769" lon="-2.78373">
        <ele>96.0</ele>
      </trkpt>
      <trkpt lat="43.26918" lon="-2.78288">
        <ele>110.0</ele>
      </trkpt>
      <trkpt lat="43.27051" lon="-2.78311">
        <ele>115.0</ele>
      </trkpt>
      <trkpt lat="43.27139" lon="-2.78394">
        <ele>123.0</ele>
      </trkpt>
      <trkpt lat="43.27175" lon="-2.78403">
        <ele>126.0</ele>
      </trkpt>
      <trkpt lat="43.27452" lon="-2.7824">
        <ele>144.0</ele>
      </trkpt>
      <trkpt lat="43.27543" lon="-2.78119">
        <ele>162.0</ele>
      </trkpt>
      <trkpt lat="43.27595" lon="-2.77964">
        <ele>162.0</ele>
      </trkpt>
      <trkpt lat="43.2759" lon="-2.77929">
        <ele>161.0</ele>
      </trkpt>
      <trkpt lat="43.27529" lon="-2.77888">
        <ele>163.0</ele>
      </trkpt>
      <trkpt lat="43.27516" lon="-2.77844">
        <ele>165.0</ele>
      </trkpt>
      <trkpt lat="43.27528" lon="-2.77758">
        <ele>168.0</ele>
      </trkpt>
      <trkpt lat="43.27582" lon="-2.77562">
        <ele>176.0</ele>
      </trkpt>
      <trkpt lat="43.27634" lon="-2.77518">
        <ele>179.0</ele>
      </trkpt>
      <trkpt lat="43.27746" lon="-2.77528">
        <ele>181.0</ele>
      </trkpt>
      <trkpt lat="43.27809" lon="-2.77454">
        <ele>181.0</ele>
      </trkpt>
      <trkpt lat="43.27882" lon="-2.77396">
        <ele>183.0</ele>
      </trkpt>
      <trkpt lat="43.27908" lon="-2.7735">
        <ele>184.0</ele>
      </trkpt>
      <trkpt lat="43.27948" lon="-2.77099">
        <ele>189.0</ele>
      </trkpt>
      <trkpt lat="43.27954" lon="-2.76894">
        <ele>200.0</ele>
      </trkpt>
      <trkpt lat="43.28088" lon="-2.76581">
        <ele>219.0</ele>
      </trkpt>
      <trkpt lat="43.28088" lon="-2.76435">
        <ele>228.0</ele>
      </trkpt>
      <trkpt lat="43.28099" lon="-2.76373">
        <ele>234.0</ele>
      </trkpt>
      <trkpt lat="43.28247" lon="-2.761">
        <ele>256.0</ele>
      </trkpt>
      <trkpt lat="43.28207" lon="-2.76022">
        <ele>262.0</ele>
      </trkpt>
      <trkpt lat="43.28203" lon="-2.75907">
        <ele>268.0</ele>
      </trkpt>
      <trkpt lat="43.28108" lon="-2.75841">
        <ele>277.0</ele>
      </trkpt>
      <trkpt lat="43.28078" lon="-2.75694">
        <ele>284.0</ele>
      </trkpt>
      <trkpt lat="43.28054" lon="-2.75671">
        <ele>286.0</ele>
      </trkpt>
      <trkpt lat="43.27985" lon="-2.75657">
        <ele>291.0</ele>
      </trkpt>
      <trkpt lat="43.27985" lon="-2.75617">
        <ele>297.0</ele>
      </trkpt>
      <trkpt lat="43.28046" lon="-2.75629">
        <ele>304.0</ele>
      </trkpt>
      <trkpt lat="43.28108" lon="-2.7562">
        <ele>312.0</ele>
      </trkpt>
      <trkpt lat="43.2818" lon="-2.75725">
        <ele>317.0</ele>
      </trkpt>
      <trkpt lat="43.28346" lon="-2.75753">
        <ele>320.0</ele>
      </trkpt>
      <trkpt lat="43.28447" lon="-2.75801">
        <ele>321.0</ele>
      </trkpt>
      <trkpt lat="43.2847" lon="-2.7583">
        <ele>321.0</ele>
      </trkpt>
      <trkpt lat="43.28496" lon="-2.75924">
        <ele>321.0</ele>
      </trkpt>
      <trkpt lat="43.2852" lon="-2.75966">
        <ele>320.0</ele>
      </trkpt>
      <trkpt lat="43.28608" lon="-2.76006">
        <ele>318.0</ele>
      </trkpt>
      <trkpt lat="43.28675" lon="-2.76075">
        <ele>308.0</ele>
      </trkpt>
      <trkpt lat="43.28749" lon="-2.76069">
        <ele>299.0</ele>
      </trkpt>
      <trkpt lat="43.28825" lon="-2.76112">
        <ele>290.0</ele>
      </trkpt>
      <trkpt lat="43.28955" lon="-2.76249">
        <ele>275.0</ele>
      </trkpt>
      <trkpt lat="43.28999" lon="-2.76365">
        <ele>265.0</ele>
      </trkpt>
      <trkpt lat="43.29035" lon="-2.76382">
        <ele>262.0</ele>
      </trkpt>
      <trkpt lat="43.29067" lon="-2.76355">
        <ele>259.0</ele>
      </trkpt>
      <trkpt lat="43.29074" lon="-2.76318">
        <ele>257.0</ele>
      </trkpt>
      <trkpt lat="43.2904" lon="-2.76129">
        <ele>249.0</ele>
      </trkpt>
      <trkpt lat="43.29059" lon="-2.7607">
        <ele>246.0</ele>
      </trkpt>
      <trkpt lat="43.29104" lon="-2.76048">
        <ele>244.0</ele>
      </trkpt>
      <trkpt lat="43.29273" lon="-2.76097">
        <ele>241.0</ele>
      </trkpt>
      <trkpt lat="43.29391" lon="-2.76105">
        <ele>236.0</ele>
      </trkpt>
      <trkpt lat="43.29435" lon="-2.76057">
        <ele>233.0</ele>
      </trkpt>
      <trkpt lat="43.29484" lon="-2.75901">
        <ele>230.0</ele>
      </trkpt>
      <trkpt lat="43.29511" lon="-2.75863">
        <ele>227.0</ele>
      </trkpt>
      <trkpt lat="43.29614" lon="-2.75827">
        <ele>226.0</ele>
      </trkpt>
      <trkpt lat="43.29706" lon="-2.75845">
        <ele>225.0</ele>
      </trkpt>
      <trkpt lat="43.29751" lon="-2.75832">
        <ele>224.0</ele>
      </trkpt>
      <trkpt lat="43.29786" lon="-2.75787">
        <ele>222.0</ele>
      </trkpt>
      <trkpt lat="43.2981" lon="-2.75704">
        <ele>220.0</ele>
      </trkpt>
      <trkpt lat="43.29792" lon="-2.75552">
        <ele>216.0</ele>
      </trkpt>
      <trkpt lat="43.29803" lon="-2.75448">
        <ele>212.0</ele>
      </trkpt>
      <trkpt lat="43.29881" lon="-2.75369">
        <ele>209.0</ele>
      </trkpt>
      <trkpt lat="43.29982" lon="-2.75302">
        <ele>207.0</ele>
      </trkpt>
      <trkpt lat="43.30119" lon="-2.75136">
        <ele>197.0</ele>
      </trkpt>
      <trkpt lat="43.30254" lon="-2.75106">
        <ele>189.0</ele>
      </trkpt>
      <trkpt lat="43.30286" lon="-2.75075">
        <ele>185.0</ele>
      </trkpt>
      <trkpt lat="43.3031" lon="-2.7501">
        <ele>183.0</ele>
      </trkpt>
      <trkpt lat="43.30316" lon="-2.74918">
        <ele>176.0</ele>
      </trkpt>
      <trkpt lat="43.3028" lon="-2.74842">
        <ele>171.0</ele>
      </trkpt>
      <trkpt lat="43.30249" lon="-2.74806">
        <ele>169.0</ele>
      </trkpt>
      <trkpt lat="43.30204" lon="-2.74789">
        <ele>169.0</ele>
      </trkpt>
      <trkpt lat="43.30143" lon="-2.74838">
        <ele>169.0</ele>
      </trkpt>
      <trkpt lat="43.30119" lon="-2.74842">
        <ele>169.0</ele>
      </trkpt>
      <trkpt lat="43.30098" lon="-2.74828">
        <ele>169.0</ele>
      </trkpt>
      <trkpt lat="43.30068" lon="-2.74752">
        <ele>162.0</ele>
      </trkpt>
      <trkpt lat="43.30036" lon="-2.74734">
        <ele>158.0</ele>
      </trkpt>
      <trkpt lat="43.29912" lon="-2.74803">
        <ele>147.0</ele>
      </trkpt>
      <trkpt lat="43.29886" lon="-2.74802">
        <ele>145.0</ele>
      </trkpt>
      <trkpt lat="43.29863" lon="-2.74774">
        <ele>144.0</ele>
      </trkpt>
      <trkpt lat="43.29862" lon="-2.74721">
        <ele>143.0</ele>
      </trkpt>
      <trkpt lat="43.29898" lon="-2.74651">
        <ele>141.0</ele>
      </trkpt>
      <trkpt lat="43.29907" lon="-2.746">
        <ele>139.0</ele>
      </trkpt>
      <trkpt lat="43.29877" lon="-2.7445">
        <ele>135.0</ele>
      </trkpt>
      <trkpt lat="43.29885" lon="-2.74399">
        <ele>135.0</ele>
      </trkpt>
      <trkpt lat="43.29908" lon="-2.74378">
        <ele>136.0</ele>
      </trkpt>
      <trkpt lat="43.29936" lon="-2.74378">
        <ele>137.0</ele>
      </trkpt>
      <trkpt lat="43.30053" lon="-2.74477">
        <ele>144.0</ele>
      </trkpt>
      <trkpt lat="43.30071" lon="-2.74477">
        <ele>147.0</ele>
      </trkpt>
      <trkpt lat="43.30085" lon="-2.74456">
        <ele>150.0</ele>
      </trkpt>
      <trkpt lat="43.30031" lon="-2.74305">
        <ele>163.0</ele>
      </trkpt>
      <trkpt lat="43.29969" lon="-2.74029">
        <ele>175.0</ele>
      </trkpt>
      <trkpt lat="43.29997" lon="-2.73985">
        <ele>179.0</ele>
      </trkpt>
      <trkpt lat="43.30086" lon="-2.73953">
        <ele>189.0</ele>
      </trkpt>
      <trkpt lat="43.30094" lon="-2.73809">
        <ele>193.0</ele>
      </trkpt>
      <trkpt lat="43.3012" lon="-2.73665">
        <ele>180.0</ele>
      </trkpt>
      <trkpt lat="43.30106" lon="-2.7362">
        <ele>176.0</ele>
      </trkpt>
      <trkpt lat="43.30027" lon="-2.73512">
        <ele>172.0</ele>
      </trkpt>
      <trkpt lat="43.30004" lon="-2.73445">
        <ele>170.0</ele>
      </trkpt>
      <trkpt lat="43.29994" lon="-2.73391">
        <ele>167.0</ele>
      </trkpt>
      <trkpt lat="43.30014" lon="-2.73294">
        <ele>161.0</ele>
      </trkpt>
      <trkpt lat="43.29952" lon="-2.73252">
        <ele>157.0</ele>
      </trkpt>
      <trkpt lat="43.29908" lon="-2.7317">
        <ele>154.0</ele>
      </trkpt>
      <trkpt lat="43.29882" lon="-2.73064">
        <ele>149.0</ele>
      </trkpt>
      <trkpt lat="43.29751" lon="-2.72861">
        <ele>139.0</ele>
      </trkpt>
      <trkpt lat="43.29702" lon="-2.72805">
        <ele>131.0</ele>
      </trkpt>
      <trkpt lat="43.29661" lon="-2.72706">
        <ele>128.0</ele>
      </trkpt>
      <trkpt lat="43.29641" lon="-2.72574">
        <ele>124.0</ele>
      </trkpt>
      <trkpt lat="43.29652" lon="-2.72501">
        <ele>122.0</ele>
      </trkpt>
      <trkpt lat="43.29696" lon="-2.72471">
        <ele>121.0</ele>
      </trkpt>
      <trkpt lat="43.29748" lon="-2.72492">
        <ele>121.0</ele>
      </trkpt>
      <trkpt lat="43.29809" lon="-2.72612">
        <ele>116.0</ele>
      </trkpt>
      <trkpt lat="43.29847" lon="-2.7261">
        <ele>114.0</ele>
      </trkpt>
      <trkpt lat="43.29887" lon="-2.72566">
        <ele>112.0</ele>
      </trkpt>
      <trkpt lat="43.29941" lon="-2.72597">
        <ele>108.0</ele>
      </trkpt>
      <trkpt lat="43.29948" lon="-2.72573">
        <ele>107.0</ele>
      </trkpt>
      <trkpt lat="43.29891" lon="-2.72397">
        <ele>101.0</ele>
      </trkpt>
      <trkpt lat="43.29915" lon="-2.72332">
        <ele>97.0</ele>
      </trkpt>
      <trkpt lat="43.29905" lon="-2.72317">
        <ele>96.0</ele>
      </trkpt>
      <trkpt lat="43.29798" lon="-2.72283">
        <ele>89.0</ele>
      </trkpt>
      <trkpt lat="43.29768" lon="-2.722">
        <ele>82.0</ele>
      </trkpt>
      <trkpt lat="43.29674" lon="-2.72162">
        <ele>74.0</ele>
      </trkpt>
      <trkpt lat="43.29644" lon="-2.72133">
        <ele>72.0</ele>
      </trkpt>
      <trkpt lat="43.29615" lon="-2.7206">
        <ele>68.0</ele>
      </trkpt>
      <trkpt lat="43.29515" lon="-2.71988">
        <ele>63.0</ele>
      </trkpt>
      <trkpt lat="43.29463" lon="-2.71899">
        <ele>60.0</ele>
      </trkpt>
      <trkpt lat="43.29373" lon="-2.7166">
        <ele>49.0</ele>
      </trkpt>
      <trkpt lat="43.29307" lon="-2.71294">
        <ele>33.0</ele>
      </trkpt>
      <trkpt lat="43.29241" lon="-2.7108">
        <ele>34.0</ele>
      </trkpt>
      <trkpt lat="43.29229" lon="-2.70958">
        <ele>34.0</ele>
      </trkpt>
      <trkpt lat="43.29246" lon="-2.70719">
        <ele>28.0</ele>
      </trkpt>
      <trkpt lat="43.29234" lon="-2.70499">
        <ele>22.0</ele>
      </trkpt>
      <trkpt lat="43.29219" lon="-2.7038">
        <ele>22.0</ele>
      </trkpt>
      <trkpt lat="43.2916" lon="-2.70197">
        <ele>21.0</ele>
      </trkpt>
      <trkpt lat="43.29139" lon="-2.69909">
        <ele>20.0</ele>
      </trkpt>
      <trkpt lat="43.29025" lon="-2.69672">
        <ele>19.0</ele>
      </trkpt>
      <trkpt lat="43.28979" lon="-2.69506">
        <ele>19.0</ele>
      </trkpt>
      <trkpt lat="43.2897" lon="-2.69293">
        <ele>17.0</ele>
      </trkpt>
      <trkpt lat="43.28904" lon="-2.68918">
        <ele>16.0</ele>
      </trkpt>
      <trkpt lat="43.29043" lon="-2.68891">
        <ele>18.0</ele>
      </trkpt>
      <trkpt lat="43.29236" lon="-2.6875">
        <ele>19.0</ele>
      </trkpt>
      <trkpt lat="43.29966" lon="-2.68579">
        <ele>14.0</ele>
      </trkpt>
      <trkpt lat="43.30048" lon="-2.68537">
        <ele>14.0</ele>
      </trkpt>
      <trkpt lat="43.30119" lon="-2.6846">
        <ele>13.0</ele>
      </trkpt>
      <trkpt lat="43.30177" lon="-2.68359">
        <ele>10.0</ele>
      </trkpt>
      <trkpt lat="43.30282" lon="-2.68006">
        <ele>7.0</ele>
      </trkpt>
      <trkpt lat="43.30348" lon="-2.67856">
        <ele>8.0</ele>
      </trkpt>
      <trkpt lat="43.30487" lon="-2.67665">
        <ele>9.0</ele>
      </trkpt>
      <trkpt lat="43.30655" lon="-2.67527">
        <ele>8.0</ele>
      </trkpt>
      <trkpt lat="43.30867" lon="-2.6739">
        <ele>6.0</ele>
      </trkpt>
      <trkpt lat="43.31153" lon="-2.67253">
        <ele>6.0</ele>
      </trkpt>
      <trkpt lat="43.31357" lon="-2.67178">
        <ele>5.0</ele>
      </trkpt>
      <trkpt lat="43.31442" lon="-2.67129">
        <ele>5.0</ele>
      </trkpt>
      <trkpt lat="43.31533" lon="-2.67048">
        <ele>6.0</ele>
      </trkpt>
      <trkpt lat="43.31718" lon="-2.66817">
        <ele>18.0</ele>
      </trkpt>
      <trkpt lat="43.3181" lon="-2.66764">
        <ele>25.0</ele>
      </trkpt>
      <trkpt lat="43.3187" lon="-2.66748">
        <ele>22.0</ele>
      </trkpt>
      <trkpt lat="43.31958" lon="-2.66749">
        <ele>12.0</ele>
      </trkpt>
      <trkpt lat="43.32032" lon="-2.66774">
        <ele>5.0</ele>
      </trkpt>
      <trkpt lat="43.32176" lon="-2.66861">
        <ele>4.0</ele>
      </trkpt>
      <trkpt lat="43.32208" lon="-2.66868">
        <ele>4.0</ele>
      </trkpt>
      <trkpt lat="43.32258" lon="-2.66852">
        <ele>3.0</ele>
      </trkpt>
      <trkpt lat="43.32276" lon="-2.66868">
        <ele>3.0</ele>
      </trkpt>
      <trkpt lat="43.32277" lon="-2.66894">
        <ele>3.0</ele>
      </trkpt>
      <trkpt lat="43.3226" lon="-2.66921">
        <ele>2.0</ele>
      </trkpt>
      <trkpt lat="43.3204" lon="-2.67156">
        <ele>4.0</ele>
      </trkpt>
      <trkpt lat="43.3201" lon="-2.67215">
        <ele>3.0</ele>
      </trkpt>
      <trkpt lat="43.3199" lon="-2.67294">
        <ele>2.0</ele>
      </trkpt>
      <trkpt lat="43.31981" lon="-2.674">
        <ele>1.0</ele>
      </trkpt>
      <trkpt lat="43.31995" lon="-2.67537">
      </trkpt>
      <trkpt lat="43.32041" lon="-2.67736">
        <ele>1.0</ele>
      </trkpt>
      <trkpt lat="43.32103" lon="-2.67834">
        <ele>4.0</ele>
      </trkpt>
      <trkpt lat="43.32143" lon="-2.67839">
        <ele>4.0</ele>
      </trkpt>
      <trkpt lat="43.33735" lon="-2.67623">
        <ele>30.0</ele>
      </trkpt>
      <trkpt lat="43.33782" lon="-2.67628">
        <ele>30.0</ele>
      </trkpt>
      <trkpt lat="43.34514" lon="-2.67927">
        <ele>30.0</ele>
      </trkpt>
      <trkpt lat="43.3507" lon="-2.68203">
        <ele>25.0</ele>
      </trkpt>
      <trkpt lat="43.35538" lon="-2.68608">
        <ele>39.0</ele>
      </trkpt>
      <trkpt lat="43.35778" lon="-2.68724">
        <ele>34.0</ele>
      </trkpt>
      <trkpt lat="43.36821" lon="-2.6946">
        <ele>9.0</ele>
      </trkpt>
      <trkpt lat="43.36876" lon="-2.69497">
        <ele>10.0</ele>
      </trkpt>
      <trkpt lat="43.36911" lon="-2.69497">
        <ele>13.0</ele>
      </trkpt>
      <trkpt lat="43.36957" lon="-2.69553">
        <ele>14.0</ele>
      </trkpt>
      <trkpt lat="43.3749" lon="-2.6992">
        <ele>42.0</ele>
      </trkpt>
      <trkpt lat="43.37542" lon="-2.69934">
        <ele>47.0</ele>
      </trkpt>
      <trkpt lat="43.37796" lon="-2.69927">
        <ele>37.0</ele>
      </trkpt>
      <trkpt lat="43.37823" lon="-2.6994">
        <ele>36.0</ele>
      </trkpt>
      <trkpt lat="43.38031" lon="-2.69944">
        <ele>27.0</ele>
      </trkpt>
      <trkpt lat="43.38801" lon="-2.69589">
        <ele>19.0</ele>
      </trkpt>
      <trkpt lat="43.38823" lon="-2.69558">
        <ele>16.0</ele>
      </trkpt>
      <trkpt lat="43.38858" lon="-2.69563">
        <ele>15.0</ele>
      </trkpt>
      <trkpt lat="43.39068" lon="-2.69465">
        <ele>12.0</ele>
      </trkpt>
      <trkpt lat="43.39154" lon="-2.69446">
        <ele>9.0</ele>
      </trkpt>
      <trkpt lat="43.39174" lon="-2.69454">
        <ele>9.0</ele>
      </trkpt>
      <trkpt lat="43.39191" lon="-2.6949">
        <ele>8.0</ele>
      </trkpt>
      <trkpt lat="43.39197" lon="-2.69547">
        <ele>8.0</ele>
      </trkpt>
      <trkpt lat="43.39178" lon="-2.69622">
        <ele>8.0</ele>
      </trkpt>
      <trkpt lat="43.39198" lon="-2.69667">
        <ele>7.0</ele>
      </trkpt>
      <trkpt lat="43.39785" lon="-2.69843">
        <ele>26.0</ele>
      </trkpt>
      <trkpt lat="43.3982" lon="-2.69842">
        <ele>24.0</ele>
      </trkpt>
      <trkpt lat="43.39851" lon="-2.69816">
        <ele>26.0</ele>
      </trkpt>
      <trkpt lat="43.39901" lon="-2.6966">
        <ele>33.0</ele>
      </trkpt>
      <trkpt lat="43.39943" lon="-2.696">
        <ele>39.0</ele>
      </trkpt>
      <trkpt lat="43.39999" lon="-2.69546">
        <ele>40.0</ele>
      </trkpt>
      <trkpt lat="43.40064" lon="-2.69531">
        <ele>41.0</ele>
      </trkpt>
      <trkpt lat="43.40279" lon="-2.69696">
        <ele>29.0</ele>
      </trkpt>
      <trkpt lat="43.40414" lon="-2.7001">
        <ele>16.0</ele>
      </trkpt>
      <trkpt lat="43.40448" lon="-2.70057">
        <ele>16.0</ele>
      </trkpt>
      <trkpt lat="43.40502" lon="-2.70074">
        <ele>16.0</ele>
      </trkpt>
      <trkpt lat="43.40589" lon="-2.70031">
        <ele>20.0</ele>
      </trkpt>
      <trkpt lat="43.40641" lon="-2.70029">
        <ele>27.0</ele>
      </trkpt>
      <trkpt lat="43.40688" lon="-2.70059">
        <ele>31.0</ele>
      </trkpt>
      <trkpt lat="43.40753" lon="-2.70153">
        <ele>33.0</ele>
      </trkpt>
      <trkpt lat="43.40792" lon="-2.70179">
        <ele>34.0</ele>
      </trkpt>
      <trkpt lat="43.41001" lon="-2.70146">
        <ele>34.0</ele>
      </trkpt>
      <trkpt lat="43.41063" lon="-2.70155">
        <ele>33.0</ele>
      </trkpt>
      <trkpt lat="43.41149" lon="-2.70198">
        <ele>34.0</ele>
      </trkpt>
      <trkpt lat="43.41411" lon="-2.70419">
        <ele>48.0</ele>
      </trkpt>
      <trkpt lat="43.41566" lon="-2.70588">
        <ele>49.0</ele>
      </trkpt>
      <trkpt lat="43.41664" lon="-2.70718">
        <ele>44.0</ele>
      </trkpt>
      <trkpt lat="43.41731" lon="-2.70855">
        <ele>40.0</ele>
      </trkpt>
      <trkpt lat="43.41754" lon="-2.70932">
        <ele>39.0</ele>
      </trkpt>
      <trkpt lat="43.41759" lon="-2.71">
        <ele>38.0</ele>
      </trkpt>
      <trkpt lat="43.41726" lon="-2.71171">
        <ele>30.0</ele>
      </trkpt>
      <trkpt lat="43.41724" lon="-2.71299">
        <ele>21.0</ele>
      </trkpt>
      <trkpt lat="43.41698" lon="-2.71403">
        <ele>18.0</ele>
      </trkpt>
      <trkpt lat="43.41706" lon="-2.71454">
        <ele>21.0</ele>
      </trkpt>
      <trkpt lat="43.41691" lon="-2.71542">
        <ele>25.0</ele>
      </trkpt>
      <trkpt lat="43.4171" lon="-2.71688">
        <ele>29.0</ele>
      </trkpt>
      <trkpt lat="43.41689" lon="-2.7178">
        <ele>32.0</ele>
      </trkpt>
      <trkpt lat="43.41695" lon="-2.7186">
        <ele>32.0</ele>
      </trkpt>
      <trkpt lat="43.41655" lon="-2.72036">
        <ele>28.0</ele>
      </trkpt>
      <trkpt lat="43.41697" lon="-2.7228">
        <ele>19.0</ele>
      </trkpt>
      <trkpt lat="43.41816" lon="-2.72372">
        <ele>12.0</ele>
      </trkpt>
      <trkpt lat="43.41844" lon="-2.72366">
        <ele>8.0</ele>
      </trkpt>
      <trkpt lat="43.41845" lon="-2.7239">
        <ele>8.0</ele>
      </trkpt>
      <trkpt lat="43.41905" lon="-2.7244">
        <ele>8.0</ele>
      </trkpt>
      <trkpt lat="43.41952" lon="-2.72562">
        <ele>9.0</ele>
      </trkpt>
      <trkpt lat="43.4197" lon="-2.72931">
        <ele>16.0</ele>
      </trkpt>
      <trkpt lat="43.41984" lon="-2.72942">
        <ele>17.0</ele>
      </trkpt>
      <trkpt lat="43.42039" lon="-2.72931">
        <ele>17.0</ele>
      </trkpt>
      <trkpt lat="43.42171" lon="-2.72885">
        <ele>20.0</ele>
      </trkpt>
      <trkpt lat="43.42295" lon="-2.72813">
        <ele>34.0</ele>
      </trkpt>
      <trkpt lat="43.42324" lon="-2.72836">
        <ele>37.0</ele>
      </trkpt>
      <trkpt lat="43.42359" lon="-2.72936">
        <ele>39.0</ele>
      </trkpt>
      <trkpt lat="43.42398" lon="-2.73135">
        <ele>44.0</ele>
      </trkpt>
      <trkpt lat="43.42427" lon="-2.7321">
        <ele>46.0</ele>
      </trkpt>
      <trkpt lat="43.42471" lon="-2.73259">
        <ele>48.0</ele>
      </trkpt>
      <trkpt lat="43.42501" lon="-2.73363">
        <ele>51.0</ele>
      </trkpt>
      <trkpt lat="43.42501" lon="-2.73392">
        <ele>54.0</ele>
      </trkpt>
      <trkpt lat="43.42478" lon="-2.73437">
        <ele>57.0</ele>
      </trkpt>
      <trkpt lat="43.42477" lon="-2.73521">
        <ele>60.0</ele>
      </trkpt>
      <trkpt lat="43.4244" lon="-2.73627">
        <ele>64.0</ele>
      </trkpt>
      <trkpt lat="43.42435" lon="-2.73685">
        <ele>66.0</ele>
      </trkpt>
      <trkpt lat="43.42484" lon="-2.73896">
        <ele>78.0</ele>
      </trkpt>
      <trkpt lat="43.42561" lon="-2.74004">
        <ele>87.0</ele>
      </trkpt>
      <trkpt lat="43.42551" lon="-2.74145">
        <ele>95.0</ele>
      </trkpt>
      <trkpt lat="43.42564" lon="-2.74193">
        <ele>98.0</ele>
      </trkpt>
      <trkpt lat="43.42591" lon="-2.74193">
        <ele>99.0</ele>
      </trkpt>
      <trkpt lat="43.42644" lon="-2.7412">
        <ele>100.0</ele>
      </trkpt>
      <trkpt lat="43.42719" lon="-2.74096">
        <ele>102.0</ele>
      </trkpt>
      <trkpt lat="43.42821" lon="-2.73992">
        <ele>108.0</ele>
      </trkpt>
      <trkpt lat="43.42859" lon="-2.74013">
        <ele>110.0</ele>
      </trkpt>
      <trkpt lat="43.429" lon="-2.74099">
        <ele>119.0</ele>
      </trkpt>
      <trkpt lat="43.42947" lon="-2.74105">
        <ele>127.0</ele>
      </trkpt>
      <trkpt lat="43.42991" lon="-2.74145">
        <ele>135.0</ele>
      </trkpt>
      <trkpt lat="43.43085" lon="-2.74144">
        <ele>139.0</ele>
      </trkpt>
      <trkpt lat="43.43104" lon="-2.74177">
        <ele>138.0</ele>
      </trkpt>
      <trkpt lat="43.43117" lon="-2.74261">
        <ele>136.0</ele>
      </trkpt>
      <trkpt lat="43.43115" lon="-2.74333">
        <ele>135.0</ele>
      </trkpt>
      <trkpt lat="43.43095" lon="-2.74386">
        <ele>135.0</ele>
      </trkpt>
      <trkpt lat="43.43089" lon="-2.74445">
        <ele>135.0</ele>
      </trkpt>
      <trkpt lat="43.43111" lon="-2.74561">
        <ele>135.0</ele>
      </trkpt>
      <trkpt lat="43.43097" lon="-2.74629">
        <ele>136.0</ele>
      </trkpt>
      <trkpt lat="43.43134" lon="-2.74774">
        <ele>138.0</ele>
      </trkpt>
      <trkpt lat="43.43162" lon="-2.74768">
        <ele>137.0</ele>
      </trkpt>
      <trkpt lat="43.43182" lon="-2.74654">
        <ele>135.0</ele>
      </trkpt>
      <trkpt lat="43.43219" lon="-2.74541">
        <ele>131.0</ele>
      </trkpt>
      <trkpt lat="43.43243" lon="-2.7451">
        <ele>132.0</ele>
      </trkpt>
      <trkpt lat="43.43271" lon="-2.74506">
        <ele>134.0</ele>
      </trkpt>
      <trkpt lat="43.43327" lon="-2.74605">
        <ele>141.0</ele>
      </trkpt>
      <trkpt lat="43.43445" lon="-2.74636">
        <ele>141.0</ele>
      </trkpt>
      <trkpt lat="43.43516" lon="-2.74751">
        <ele>137.0</ele>
      </trkpt>
      <trkpt lat="43.43649" lon="-2.7485">
        <ele>142.0</ele>
      </trkpt>
      <trkpt lat="43.43709" lon="-2.74863">
        <ele>148.0</ele>
      </trkpt>
      <trkpt lat="43.43743" lon="-2.74952">
        <ele>149.0</ele>
      </trkpt>
      <trkpt lat="43.43798" lon="-2.75006">
        <ele>149.0</ele>
      </trkpt>
      <trkpt lat="43.43881" lon="-2.74986">
        <ele>152.0</ele>
      </trkpt>
      <trkpt lat="43.43962" lon="-2.75047">
        <ele>155.0</ele>
      </trkpt>
      <trkpt lat="43.43996" lon="-2.75099">
        <ele>160.0</ele>
      </trkpt>
      <trkpt lat="43.44028" lon="-2.75235">
        <ele>175.0</ele>
      </trkpt>
      <trkpt lat="43.4408" lon="-2.75313">
        <ele>185.0</ele>
      </trkpt>
      <trkpt lat="43.44158" lon="-2.7538">
        <ele>196.0</ele>
      </trkpt>
      <trkpt lat="43.44221" lon="-2.75419">
        <ele>202.0</ele>
      </trkpt>
      <trkpt lat="43.44265" lon="-2.75423">
        <ele>205.0</ele>
      </trkpt>
      <trkpt lat="43.44307" lon="-2.75468">
        <ele>207.0</ele>
      </trkpt>
      <trkpt lat="43.44353" lon="-2.75476">
        <ele>210.0</ele>
      </trkpt>
      <trkpt lat="43.4439" lon="-2.75506">
        <ele>213.0</ele>
      </trkpt>
      <trkpt lat="43.44509" lon="-2.75486">
        <ele>214.0</ele>
      </trkpt>
      <trkpt lat="43.44607" lon="-2.75505">
        <ele>215.0</ele>
      </trkpt>
      <trkpt lat="43.44686" lon="-2.75547">
        <ele>216.0</ele>
      </trkpt>
      <trkpt lat="43.44708" lon="-2.75581">
        <ele>217.0</ele>
      </trkpt>
      <trkpt lat="43.44704" lon="-2.75615">
        <ele>218.0</ele>
      </trkpt>
      <trkpt lat="43.44619" lon="-2.75749">
        <ele>221.0</ele>
      </trkpt>
      <trkpt lat="43.44584" lon="-2.75923">
        <ele>229.0</ele>
      </trkpt>
      <trkpt lat="43.44504" lon="-2.76115">
        <ele>242.0</ele>
      </trkpt>
      <trkpt lat="43.4445" lon="-2.76366">
        <ele>251.0</ele>
      </trkpt>
      <trkpt lat="43.44409" lon="-2.76483">
        <ele>256.0</ele>
      </trkpt>
      <trkpt lat="43.4434" lon="-2.76601">
        <ele>265.0</ele>
      </trkpt>
      <trkpt lat="43.44179" lon="-2.76785">
        <ele>285.0</ele>
      </trkpt>
      <trkpt lat="43.44114" lon="-2.76903">
        <ele>296.0</ele>
      </trkpt>
      <trkpt lat="43.44068" lon="-2.77059">
        <ele>301.0</ele>
      </trkpt>
      <trkpt lat="43.44053" lon="-2.77386">
        <ele>291.0</ele>
      </trkpt>
      <trkpt lat="43.44038" lon="-2.77463">
        <ele>289.0</ele>
      </trkpt>
      <trkpt lat="43.4399" lon="-2.77565">
        <ele>282.0</ele>
      </trkpt>
      <trkpt lat="43.43896" lon="-2.77672">
        <ele>269.0</ele>
      </trkpt>
      <trkpt lat="43.43864" lon="-2.77737">
        <ele>259.0</ele>
      </trkpt>
      <trkpt lat="43.43852" lon="-2.77841">
        <ele>246.0</ele>
      </trkpt>
      <trkpt lat="43.43879" lon="-2.77993">
        <ele>232.0</ele>
      </trkpt>
      <trkpt lat="43.43868" lon="-2.7813">
        <ele>226.0</ele>
      </trkpt>
      <trkpt lat="43.43878" lon="-2.78191">
        <ele>224.0</ele>
      </trkpt>
      <trkpt lat="43.43915" lon="-2.78281">
        <ele>214.0</ele>
      </trkpt>
      <trkpt lat="43.43905" lon="-2.78383">
        <ele>198.0</ele>
      </trkpt>
      <trkpt lat="43.43809" lon="-2.78503">
        <ele>185.0</ele>
      </trkpt>
      <trkpt lat="43.43766" lon="-2.78502">
        <ele>183.0</ele>
      </trkpt>
      <trkpt lat="43.43718" lon="-2.78475">
        <ele>180.0</ele>
      </trkpt>
      <trkpt lat="43.4364" lon="-2.78095">
        <ele>169.0</ele>
      </trkpt>
      <trkpt lat="43.4361" lon="-2.78079">
        <ele>163.0</ele>
      </trkpt>
      <trkpt lat="43.43594" lon="-2.78109">
        <ele>161.0</ele>
      </trkpt>
      <trkpt lat="43.4358" lon="-2.78271">
        <ele>155.0</ele>
      </trkpt>
      <trkpt lat="43.43519" lon="-2.78329">
        <ele>143.0</ele>
      </trkpt>
      <trkpt lat="43.43501" lon="-2.78441">
        <ele>132.0</ele>
      </trkpt>
      <trkpt lat="43.43408" lon="-2.78528">
        <ele>121.0</ele>
      </trkpt>
      <trkpt lat="43.43356" lon="-2.78838">
        <ele>107.0</ele>
      </trkpt>
      <trkpt lat="43.43336" lon="-2.79113">
        <ele>96.0</ele>
      </trkpt>
      <trkpt lat="43.43346" lon="-2.79163">
        <ele>86.0</ele>
      </trkpt>
      <trkpt lat="43.43431" lon="-2.79278">
        <ele>80.0</ele>
      </trkpt>
      <trkpt lat="43.4344" lon="-2.79325">
        <ele>77.0</ele>
      </trkpt>
      <trkpt lat="43.43377" lon="-2.79775">
        <ele>48.0</ele>
      </trkpt>
      <trkpt lat="43.43355" lon="-2.7984">
        <ele>41.0</ele>
      </trkpt>
      <trkpt lat="43.43305" lon="-2.79914">
        <ele>32.0</ele>
      </trkpt>
      <trkpt lat="43.43201" lon="-2.79956">
        <ele>23.0</ele>
      </trkpt>
      <trkpt lat="43.43161" lon="-2.80007">
        <ele>19.0</ele>
      </trkpt>
      <trkpt lat="43.42791" lon="-2.80776">
        <ele>7.0</ele>
      </trkpt>
      <trkpt lat="43.42731" lon="-2.81061">
        <ele>2.0</ele>
      </trkpt>
      <trkpt lat="43.42543" lon="-2.81088">
        <ele>1.0</ele>
      </trkpt>
      <trkpt lat="43.42408" lon="-2.81158">
        <ele>2.0</ele>
      </trkpt>
      <trkpt lat="43.42111" lon="-2.81157">
        <ele>3.0</ele>
      </trkpt>
      <trkpt lat="43.42" lon="-2.81128">
        <ele>4.0</ele>
      </trkpt>
      <trkpt lat="43.41939" lon="-2.81128">
        <ele>5.0</ele>
      </trkpt>
      <trkpt lat="43.41881" lon="-2.8115">
        <ele>5.0</ele>
      </trkpt>
      <trkpt lat="43.41819" lon="-2.81222">
        <ele>5.0</ele>
      </trkpt>
      <trkpt lat="43.41732" lon="-2.81229">
        <ele>8.0</ele>
      </trkpt>
      <trkpt lat="43.41716" lon="-2.81272">
        <ele>9.0</ele>
      </trkpt>
      <trkpt lat="43.41677" lon="-2.81245">
        <ele>12.0</ele>
      </trkpt>
      <trkpt lat="43.41601" lon="-2.81233">
        <ele>13.0</ele>
      </trkpt>
      <trkpt lat="43.4145" lon="-2.81308">
        <ele>11.0</ele>
      </trkpt>
      <trkpt lat="43.4144" lon="-2.81333">
        <ele>11.0</ele>
      </trkpt>
      <trkpt lat="43.41445" lon="-2.81364">
        <ele>12.0</ele>
      </trkpt>
      <trkpt lat="43.41459" lon="-2.81376">
        <ele>13.0</ele>
      </trkpt>
      <trkpt lat="43.41614" lon="-2.81303">
        <ele>22.0</ele>
      </trkpt>
      <trkpt lat="43.41641" lon="-2.81313">
        <ele>24.0</ele>
      </trkpt>
      <trkpt lat="43.41666" lon="-2.81347">
        <ele>25.0</ele>
      </trkpt>
      <trkpt lat="43.41674" lon="-2.81408">
        <ele>27.0</ele>
      </trkpt>
      <trkpt lat="43.4162" lon="-2.81636">
        <ele>36.0</ele>
      </trkpt>
      <trkpt lat="43.41627" lon="-2.81678">
        <ele>38.0</ele>
      </trkpt>
      <trkpt lat="43.41657" lon="-2.81734">
        <ele>42.0</ele>
      </trkpt>
      <trkpt lat="43.41662" lon="-2.81794">
        <ele>45.0</ele>
      </trkpt>
      <trkpt lat="43.41652" lon="-2.81823">
        <ele>48.0</ele>
      </trkpt>
      <trkpt lat="43.41623" lon="-2.81841">
        <ele>51.0</ele>
      </trkpt>
      <trkpt lat="43.41518" lon="-2.81819">
        <ele>60.0</ele>
      </trkpt>
      <trkpt lat="43.41449" lon="-2.81868">
        <ele>63.0</ele>
      </trkpt>
      <trkpt lat="43.41434" lon="-2.819">
        <ele>65.0</ele>
      </trkpt>
      <trkpt lat="43.41442" lon="-2.82134">
        <ele>73.0</ele>
      </trkpt>
      <trkpt lat="43.4138" lon="-2.82337">
        <ele>79.0</ele>
      </trkpt>
      <trkpt lat="43.41338" lon="-2.82427">
        <ele>87.0</ele>
      </trkpt>
      <trkpt lat="43.4133" lon="-2.82525">
        <ele>93.0</ele>
      </trkpt>
      <trkpt lat="43.41294" lon="-2.82665">
        <ele>102.0</ele>
      </trkpt>
      <trkpt lat="43.41293" lon="-2.82707">
        <ele>105.0</ele>
      </trkpt>
      <trkpt lat="43.41313" lon="-2.82748">
        <ele>108.0</ele>
      </trkpt>
      <trkpt lat="43.41413" lon="-2.82819">
        <ele>120.0</ele>
      </trkpt>
      <trkpt lat="43.41433" lon="-2.82864">
        <ele>129.0</ele>
      </trkpt>
      <trkpt lat="43.41426" lon="-2.82912">
        <ele>136.0</ele>
      </trkpt>
      <trkpt lat="43.41342" lon="-2.83154">
        <ele>155.0</ele>
      </trkpt>
      <trkpt lat="43.41309" lon="-2.83339">
        <ele>163.0</ele>
      </trkpt>
      <trkpt lat="43.41313" lon="-2.83411">
        <ele>170.0</ele>
      </trkpt>
      <trkpt lat="43.41344" lon="-2.83412">
        <ele>174.0</ele>
      </trkpt>
      <trkpt lat="43.41388" lon="-2.83339">
        <ele>178.0</ele>
      </trkpt>
      <trkpt lat="43.41492" lon="-2.83244">
        <ele>189.0</ele>
      </trkpt>
      <trkpt lat="43.41537" lon="-2.83234">
        <ele>194.0</ele>
      </trkpt>
      <trkpt lat="43.4158" lon="-2.83186">
        <ele>200.0</ele>
      </trkpt>
      <trkpt lat="43.41623" lon="-2.83184">
        <ele>204.0</ele>
      </trkpt>
      <trkpt lat="43.41701" lon="-2.83126">
        <ele>211.0</ele>
      </trkpt>
      <trkpt lat="43.41744" lon="-2.83122">
        <ele>215.0</ele>
      </trkpt>
      <trkpt lat="43.41796" lon="-2.83161">
        <ele>223.0</ele>
      </trkpt>
      <trkpt lat="43.41918" lon="-2.83123">
        <ele>234.0</ele>
      </trkpt>
      <trkpt lat="43.42032" lon="-2.83142">
        <ele>237.0</ele>
      </trkpt>
      <trkpt lat="43.42119" lon="-2.8308">
        <ele>238.0</ele>
      </trkpt>
      <trkpt lat="43.42159" lon="-2.83073">
        <ele>240.0</ele>
      </trkpt>
      <trkpt lat="43.42204" lon="-2.8309">
        <ele>243.0</ele>
      </trkpt>
      <trkpt lat="43.42286" lon="-2.83165">
        <ele>249.0</ele>
      </trkpt>
      <trkpt lat="43.42386" lon="-2.8321">
        <ele>253.0</ele>
      </trkpt>
      <trkpt lat="43.42414" lon="-2.83192">
        <ele>254.0</ele>
      </trkpt>
      <trkpt lat="43.42524" lon="-2.83038">
        <ele>254.0</ele>
      </trkpt>
      <trkpt lat="43.42559" lon="-2.83028">
        <ele>253.0</ele>
      </trkpt>
      <trkpt lat="43.4258" lon="-2.83051">
        <ele>252.0</ele>
      </trkpt>
      <trkpt lat="43.42584" lon="-2.83091">
        <ele>252.0</ele>
      </trkpt>
      <trkpt lat="43.42478" lon="-2.83296">
        <ele>261.0</ele>
      </trkpt>
      <trkpt lat="43.42468" lon="-2.83347">
        <ele>267.0</ele>
      </trkpt>
      <trkpt lat="43.42513" lon="-2.83546">
        <ele>275.0</ele>
      </trkpt>
      <trkpt lat="43.42595" lon="-2.83711">
        <ele>277.0</ele>
      </trkpt>
      <trkpt lat="43.426" lon="-2.83745">
        <ele>277.0</ele>
      </trkpt>
      <trkpt lat="43.42587" lon="-2.83786">
        <ele>277.0</ele>
      </trkpt>
      <trkpt lat="43.42515" lon="-2.83879">
        <ele>273.0</ele>
      </trkpt>
      <trkpt lat="43.42251" lon="-2.84003">
        <ele>261.0</ele>
      </trkpt>
      <trkpt lat="43.42238" lon="-2.84029">
        <ele>257.0</ele>
      </trkpt>
      <trkpt lat="43.42332" lon="-2.84221">
        <ele>244.0</ele>
      </trkpt>
      <trkpt lat="43.42425" lon="-2.843">
        <ele>235.0</ele>
      </trkpt>
      <trkpt lat="43.42446" lon="-2.84336">
        <ele>228.0</ele>
      </trkpt>
      <trkpt lat="43.42447" lon="-2.8437">
        <ele>225.0</ele>
      </trkpt>
      <trkpt lat="43.42428" lon="-2.84406">
        <ele>223.0</ele>
      </trkpt>
      <trkpt lat="43.42314" lon="-2.84415">
        <ele>231.0</ele>
      </trkpt>
      <trkpt lat="43.42254" lon="-2.84447">
        <ele>236.0</ele>
      </trkpt>
      <trkpt lat="43.42243" lon="-2.84479">
        <ele>236.0</ele>
      </trkpt>
      <trkpt lat="43.42313" lon="-2.84598">
        <ele>225.0</ele>
      </trkpt>
      <trkpt lat="43.42378" lon="-2.84663">
        <ele>213.0</ele>
      </trkpt>
      <trkpt lat="43.42401" lon="-2.84793">
        <ele>205.0</ele>
      </trkpt>
      <trkpt lat="43.42458" lon="-2.84837">
        <ele>201.0</ele>
      </trkpt>
      <trkpt lat="43.42471" lon="-2.8506">
        <ele>196.0</ele>
      </trkpt>
      <trkpt lat="43.4245" lon="-2.85329">
        <ele>194.0</ele>
      </trkpt>
      <trkpt lat="43.42248" lon="-2.85562">
        <ele>196.0</ele>
      </trkpt>
      <trkpt lat="43.42202" lon="-2.85646">
        <ele>195.0</ele>
      </trkpt>
      <trkpt lat="43.41964" lon="-2.85826">
        <ele>185.0</ele>
      </trkpt>
      <trkpt lat="43.41864" lon="-2.86036">
        <ele>179.0</ele>
      </trkpt>
      <trkpt lat="43.41779" lon="-2.86086">
        <ele>178.0</ele>
      </trkpt>
      <trkpt lat="43.4167" lon="-2.86113">
        <ele>177.0</ele>
      </trkpt>
      <trkpt lat="43.41659" lon="-2.86138">
        <ele>178.0</ele>
      </trkpt>
      <trkpt lat="43.41667" lon="-2.86248">
        <ele>183.0</ele>
      </trkpt>
      <trkpt lat="43.41651" lon="-2.86288">
        <ele>186.0</ele>
      </trkpt>
      <trkpt lat="43.41513" lon="-2.86306">
        <ele>188.0</ele>
      </trkpt>
      <trkpt lat="43.41493" lon="-2.86412">
        <ele>187.0</ele>
      </trkpt>
      <trkpt lat="43.41361" lon="-2.86797">
        <ele>164.0</ele>
      </trkpt>
      <trkpt lat="43.41326" lon="-2.86795">
        <ele>161.0</ele>
      </trkpt>
      <trkpt lat="43.41278" lon="-2.86727">
        <ele>157.0</ele>
      </trkpt>
      <trkpt lat="43.4104" lon="-2.86699">
        <ele>146.0</ele>
      </trkpt>
      <trkpt lat="43.4098" lon="-2.86744">
        <ele>140.0</ele>
      </trkpt>
      <trkpt lat="43.40872" lon="-2.86764">
        <ele>128.0</ele>
      </trkpt>
      <trkpt lat="43.40585" lon="-2.86908">
        <ele>88.0</ele>
      </trkpt>
      <trkpt lat="43.4055" lon="-2.86952">
        <ele>82.0</ele>
      </trkpt>
      <trkpt lat="43.40531" lon="-2.87073">
        <ele>76.0</ele>
      </trkpt>
      <trkpt lat="43.40515" lon="-2.87106">
        <ele>74.0</ele>
      </trkpt>
      <trkpt lat="43.40359" lon="-2.87195">
        <ele>71.0</ele>
      </trkpt>
      <trkpt lat="43.40053" lon="-2.87233">
        <ele>60.0</ele>
      </trkpt>
      <trkpt lat="43.3958" lon="-2.87235">
        <ele>49.0</ele>
      </trkpt>
      <trkpt lat="43.39502" lon="-2.87285">
        <ele>49.0</ele>
      </trkpt>
      <trkpt lat="43.39464" lon="-2.87327">
        <ele>48.0</ele>
      </trkpt>
      <trkpt lat="43.3937" lon="-2.87367">
        <ele>41.0</ele>
      </trkpt>
      <trkpt lat="43.39212" lon="-2.87401">
        <ele>33.0</ele>
      </trkpt>
      <trkpt lat="43.39046" lon="-2.87478">
        <ele>30.0</ele>
      </trkpt>
      <trkpt lat="43.38838" lon="-2.87501">
        <ele>32.0</ele>
      </trkpt>
      <trkpt lat="43.38775" lon="-2.87566">
        <ele>32.0</ele>
      </trkpt>
      <trkpt lat="43.38714" lon="-2.87673">
        <ele>31.0</ele>
      </trkpt>
      <trkpt lat="43.38609" lon="-2.8776">
        <ele>32.0</ele>
      </trkpt>
      <trkpt lat="43.38557" lon="-2.87773">
        <ele>32.0</ele>
      </trkpt>
      <trkpt lat="43.38482" lon="-2.87738">
        <ele>29.0</ele>
      </trkpt>
      <trkpt lat="43.38381" lon="-2.87722">
        <ele>23.0</ele>
      </trkpt>
      <trkpt lat="43.38379" lon="-2.87754">
        <ele>21.0</ele>
      </trkpt>
      <trkpt lat="43.38349" lon="-2.87749">
        <ele>20.0</ele>
      </trkpt>
      <trkpt lat="43.38225" lon="-2.87876">
        <ele>16.0</ele>
      </trkpt>
      <trkpt lat="43.3806" lon="-2.88141">
        <ele>17.0</ele>
      </trkpt>
      <trkpt lat="43.37734" lon="-2.88478">
        <ele>15.0</ele>
      </trkpt>
      <trkpt lat="43.37537" lon="-2.88714">
        <ele>12.0</ele>
      </trkpt>
      <trkpt lat="43.37452" lon="-2.88878">
        <ele>11.0</ele>
      </trkpt>
      <trkpt lat="43.37401" lon="-2.89024">
        <ele>11.0</ele>
      </trkpt>
      <trkpt lat="43.37347" lon="-2.89696">
        <ele>13.0</ele>
      </trkpt>
      <trkpt lat="43.37414" lon="-2.90311">
        <ele>13.0</ele>
      </trkpt>
      <trkpt lat="43.37351" lon="-2.90664">
        <ele>14.0</ele>
      </trkpt>
      <trkpt lat="43.37318" lon="-2.90755">
        <ele>15.0</ele>
      </trkpt>
      <trkpt lat="43.37191" lon="-2.90937">
        <ele>16.0</ele>
      </trkpt>
      <trkpt lat="43.37053" lon="-2.911">
        <ele>16.0</ele>
      </trkpt>
      <trkpt lat="43.36915" lon="-2.91237">
        <ele>16.0</ele>
      </trkpt>
      <trkpt lat="43.36814" lon="-2.91575">
        <ele>13.0</ele>
      </trkpt>
      <trkpt lat="43.36832" lon="-2.91766">
        <ele>7.0</ele>
      </trkpt>
      <trkpt lat="43.36684" lon="-2.9195">
        <ele>6.0</ele>
      </trkpt>
      <trkpt lat="43.36657" lon="-2.92011">
        <ele>8.0</ele>
      </trkpt>
      <trkpt lat="43.36589" lon="-2.9198">
        <ele>10.0</ele>
      </trkpt>
      <trkpt lat="43.36518" lon="-2.91996">
        <ele>10.0</ele>
      </trkpt>
      <trkpt lat="43.36255" lon="-2.91876">
        <ele>9.0</ele>
      </trkpt>
      <trkpt lat="43.36182" lon="-2.91888">
        <ele>9.0</ele>
      </trkpt>
      <trkpt lat="43.36104" lon="-2.91852">
        <ele>10.0</ele>
      </trkpt>
      <trkpt lat="43.36079" lon="-2.91855">
        <ele>11.0</ele>
      </trkpt>
      <trkpt lat="43.36015" lon="-2.91908">
        <ele>13.0</ele>
      </trkpt>
      <trkpt lat="43.35962" lon="-2.91908">
        <ele>17.0</ele>
      </trkpt>
      <trkpt lat="43.35883" lon="-2.91832">
        <ele>23.0</ele>
      </trkpt>
      <trkpt lat="43.35809" lon="-2.91787">
        <ele>29.0</ele>
      </trkpt>
      <trkpt lat="43.35735" lon="-2.91669">
        <ele>36.0</ele>
      </trkpt>
      <trkpt lat="43.35757" lon="-2.91538">
        <ele>47.0</ele>
      </trkpt>
      <trkpt lat="43.35735" lon="-2.91453">
        <ele>55.0</ele>
      </trkpt>
      <trkpt lat="43.35405" lon="-2.90944">
        <ele>59.0</ele>
      </trkpt>
      <trkpt lat="43.35224" lon="-2.90761">
        <ele>54.0</ele>
      </trkpt>
      <trkpt lat="43.3519" lon="-2.90839">
        <ele>52.0</ele>
      </trkpt>
      <trkpt lat="43.35103" lon="-2.90928">
        <ele>53.0</ele>
      </trkpt>
      <trkpt lat="43.35108" lon="-2.91057">
        <ele>56.0</ele>
      </trkpt>
      <trkpt lat="43.35028" lon="-2.91161">
        <ele>64.0</ele>
      </trkpt>
      <trkpt lat="43.34905" lon="-2.9128">
        <ele>80.0</ele>
      </trkpt>
      <trkpt lat="43.34857" lon="-2.91281">
        <ele>82.0</ele>
      </trkpt>
      <trkpt lat="43.34727" lon="-2.91228">
        <ele>91.0</ele>
      </trkpt>
      <trkpt lat="43.34657" lon="-2.91261">
        <ele>98.0</ele>
      </trkpt>
      <trkpt lat="43.34549" lon="-2.91328">
        <ele>109.0</ele>
      </trkpt>
      <trkpt lat="43.34478" lon="-2.91506">
        <ele>119.0</ele>
      </trkpt>
      <trkpt lat="43.34399" lon="-2.91535">
        <ele>121.0</ele>
      </trkpt>
      <trkpt lat="43.34342" lon="-2.91577">
        <ele>123.0</ele>
      </trkpt>
      <trkpt lat="43.34266" lon="-2.91593">
        <ele>125.0</ele>
      </trkpt>
      <trkpt lat="43.34123" lon="-2.91528">
        <ele>133.0</ele>
      </trkpt>
      <trkpt lat="43.34103" lon="-2.91531">
        <ele>137.0</ele>
      </trkpt>
      <trkpt lat="43.34101" lon="-2.91558">
        <ele>140.0</ele>
      </trkpt>
      <trkpt lat="43.3413" lon="-2.916">
        <ele>144.0</ele>
      </trkpt>
      <trkpt lat="43.34126" lon="-2.91725">
        <ele>154.0</ele>
      </trkpt>
      <trkpt lat="43.34177" lon="-2.91918">
        <ele>165.0</ele>
      </trkpt>
      <trkpt lat="43.34177" lon="-2.92036">
        <ele>173.0</ele>
      </trkpt>
      <trkpt lat="43.3417" lon="-2.92053">
        <ele>176.0</ele>
      </trkpt>
      <trkpt lat="43.34096" lon="-2.921">
        <ele>186.0</ele>
      </trkpt>
      <trkpt lat="43.34098" lon="-2.92177">
        <ele>191.0</ele>
      </trkpt>
      <trkpt lat="43.34038" lon="-2.92377">
        <ele>203.0</ele>
      </trkpt>
      <trkpt lat="43.34058" lon="-2.92572">
        <ele>219.0</ele>
      </trkpt>
      <trkpt lat="43.33908" lon="-2.92734">
        <ele>212.0</ele>
      </trkpt>
      <trkpt lat="43.33811" lon="-2.9263">
        <ele>205.0</ele>
      </trkpt>
      <trkpt lat="43.33705" lon="-2.92585">
        <ele>203.0</ele>
      </trkpt>
      <trkpt lat="43.33642" lon="-2.92496">
        <ele>200.0</ele>
      </trkpt>
      <trkpt lat="43.3355" lon="-2.92485">
        <ele>199.0</ele>
      </trkpt>
      <trkpt lat="43.33506" lon="-2.92438">
        <ele>198.0</ele>
      </trkpt>
      <trkpt lat="43.33482" lon="-2.92448">
        <ele>197.0</ele>
      </trkpt>
      <trkpt lat="43.33466" lon="-2.92504">
        <ele>197.0</ele>
      </trkpt>
      <trkpt lat="43.33465" lon="-2.92622">
        <ele>195.0</ele>
      </trkpt>
      <trkpt lat="43.3343" lon="-2.92859">
        <ele>188.0</ele>
      </trkpt>
      <trkpt lat="43.33441" lon="-2.93193">
        <ele>176.0</ele>
      </trkpt>
      <trkpt lat="43.33427" lon="-2.93362">
        <ele>170.0</ele>
      </trkpt>
      <trkpt lat="43.33364" lon="-2.93597">
        <ele>161.0</ele>
      </trkpt>
      <trkpt lat="43.33299" lon="-2.93708">
        <ele>151.0</ele>
      </trkpt>
      <trkpt lat="43.33236" lon="-2.93772">
        <ele>143.0</ele>
      </trkpt>
      <trkpt lat="43.33064" lon="-2.93864">
        <ele>138.0</ele>
      </trkpt>
      <trkpt lat="43.32964" lon="-2.93892">
        <ele>133.0</ele>
      </trkpt>
      <trkpt lat="43.32906" lon="-2.93892">
        <ele>129.0</ele>
      </trkpt>
      <trkpt lat="43.32792" lon="-2.9384">
        <ele>124.0</ele>
      </trkpt>
      <trkpt lat="43.32577" lon="-2.9367">
        <ele>114.0</ele>
      </trkpt>
      <trkpt lat="43.32441" lon="-2.93626">
        <ele>105.0</ele>
      </trkpt>
      <trkpt lat="43.32318" lon="-2.93614">
        <ele>92.0</ele>
      </trkpt>
      <trkpt lat="43.32232" lon="-2.93641">
        <ele>84.0</ele>
      </trkpt>
      <trkpt lat="43.32115" lon="-2.93726">
        <ele>75.0</ele>
      </trkpt>
      <trkpt lat="43.31958" lon="-2.93793">
        <ele>66.0</ele>
      </trkpt>
      <trkpt lat="43.31906" lon="-2.93861">
        <ele>62.0</ele>
      </trkpt>
      <trkpt lat="43.31837" lon="-2.94009">
        <ele>53.0</ele>
      </trkpt>
      <trkpt lat="43.31778" lon="-2.94062">
        <ele>47.0</ele>
      </trkpt>
      <trkpt lat="43.31712" lon="-2.94073">
        <ele>41.0</ele>
      </trkpt>
      <trkpt lat="43.31486" lon="-2.94023">
        <ele>31.0</ele>
      </trkpt>
      <trkpt lat="43.31359" lon="-2.94065">
        <ele>26.0</ele>
      </trkpt>
      <trkpt lat="43.3041" lon="-2.94636">
        <ele>3.0</ele>
      </trkpt>
      <trkpt lat="43.30365" lon="-2.94665">
        <ele>2.0</ele>
      </trkpt>
      <trkpt lat="43.30338" lon="-2.94721">
        <ele>2.0</ele>
      </trkpt>
      <trkpt lat="43.30227" lon="-2.94754">
        <ele>1.0</ele>
      </trkpt>
      <trkpt lat="43.29914" lon="-2.94947">
        <ele>2.0</ele>
      </trkpt>
      <trkpt lat="43.29892" lon="-2.94997">
        <ele>4.0</ele>
      </trkpt>
      <trkpt lat="43.29891" lon="-2.95052">
        <ele>7.0</ele>
      </trkpt>
      <trkpt lat="43.29948" lon="-2.95172">
        <ele>13.0</ele>
      </trkpt>
      <trkpt lat="43.29959" lon="-2.95229">
        <ele>15.0</ele>
      </trkpt>
      <trkpt lat="43.2995" lon="-2.95298">
        <ele>18.0</ele>
      </trkpt>
      <trkpt lat="43.29929" lon="-2.9534">
        <ele>20.0</ele>
      </trkpt>
      <trkpt lat="43.29898" lon="-2.95367">
        <ele>22.0</ele>
      </trkpt>
      <trkpt lat="43.29852" lon="-2.95379">
        <ele>25.0</ele>
      </trkpt>
      <trkpt lat="43.29676" lon="-2.95363">
        <ele>34.0</ele>
      </trkpt>
      <trkpt lat="43.29559" lon="-2.95332">
        <ele>39.0</ele>
      </trkpt>
      <trkpt lat="43.29471" lon="-2.95372">
        <ele>43.0</ele>
      </trkpt>
      <trkpt lat="43.29336" lon="-2.95567">
        <ele>59.0</ele>
      </trkpt>
      <trkpt lat="43.29285" lon="-2.95813">
        <ele>72.0</ele>
      </trkpt>
      <trkpt lat="43.29241" lon="-2.95917">
        <ele>78.0</ele>
      </trkpt>
      <trkpt lat="43.29142" lon="-2.9605">
        <ele>86.0</ele>
      </trkpt>
      <trkpt lat="43.29065" lon="-2.96078">
        <ele>90.0</ele>
      </trkpt>
      <trkpt lat="43.2899" lon="-2.96158">
        <ele>93.0</ele>
      </trkpt>
      <trkpt lat="43.28972" lon="-2.96159">
        <ele>93.0</ele>
      </trkpt>
      <trkpt lat="43.2899" lon="-2.9604">
        <ele>95.0</ele>
      </trkpt>
      <trkpt lat="43.28984" lon="-2.95991">
        <ele>98.0</ele>
      </trkpt>
      <trkpt lat="43.28962" lon="-2.9595">
        <ele>101.0</ele>
      </trkpt>
      <trkpt lat="43.28844" lon="-2.95919">
        <ele>112.0</ele>
      </trkpt>
      <trkpt lat="43.28792" lon="-2.95768">
        <ele>126.0</ele>
      </trkpt>
      <trkpt lat="43.28768" lon="-2.95752">
        <ele>131.0</ele>
      </trkpt>
      <trkpt lat="43.28706" lon="-2.95747">
        <ele>136.0</ele>
      </trkpt>
      <trkpt lat="43.28654" lon="-2.9571">
        <ele>139.0</ele>
      </trkpt>
      <trkpt lat="43.28473" lon="-2.95449">
        <ele>154.0</ele>
      </trkpt>
      <trkpt lat="43.28304" lon="-2.95294">
        <ele>168.0</ele>
      </trkpt>
      <trkpt lat="43.28137" lon="-2.9518">
        <ele>174.0</ele>
      </trkpt>
      <trkpt lat="43.28081" lon="-2.9511">
        <ele>177.0</ele>
      </trkpt>
      <trkpt lat="43.28029" lon="-2.95004">
        <ele>181.0</ele>
      </trkpt>
      <trkpt lat="43.27933" lon="-2.94644">
        <ele>181.0</ele>
      </trkpt>
      <trkpt lat="43.27937" lon="-2.94586">
        <ele>181.0</ele>
      </trkpt>
      <trkpt lat="43.27989" lon="-2.94387">
        <ele>183.0</ele>
      </trkpt>
      <trkpt lat="43.27964" lon="-2.93979">
        <ele>187.0</ele>
      </trkpt>
      <trkpt lat="43.27943" lon="-2.93921">
        <ele>187.0</ele>
      </trkpt>
      <trkpt lat="43.27804" lon="-2.93694">
        <ele>196.0</ele>
      </trkpt>
      <trkpt lat="43.27796" lon="-2.93656">
        <ele>198.0</ele>
      </trkpt>
      <trkpt lat="43.27798" lon="-2.93533">
        <ele>201.0</ele>
      </trkpt>
      <trkpt lat="43.27901" lon="-2.93406">
        <ele>203.0</ele>
      </trkpt>
      <trkpt lat="43.27918" lon="-2.93365">
        <ele>204.0</ele>
      </trkpt>
      <trkpt lat="43.27865" lon="-2.93107">
        <ele>208.0</ele>
      </trkpt>
      <trkpt lat="43.27872" lon="-2.93008">
        <ele>212.0</ele>
      </trkpt>
      <trkpt lat="43.27742" lon="-2.92788">
        <ele>216.0</ele>
      </trkpt>
      <trkpt lat="43.2764" lon="-2.92513">
        <ele>208.0</ele>
      </trkpt>
      <trkpt lat="43.2749" lon="-2.92359">
        <ele>213.0</ele>
      </trkpt>
      <trkpt lat="43.27376" lon="-2.92196">
        <ele>217.0</ele>
      </trkpt>
      <trkpt lat="43.27366" lon="-2.92037">
        <ele>215.0</ele>
      </trkpt>
      <trkpt lat="43.27375" lon="-2.91962">
        <ele>215.0</ele>
      </trkpt>
      <trkpt lat="43.27359" lon="-2.91933">
        <ele>216.0</ele>
      </trkpt>
      <trkpt lat="43.27289" lon="-2.91897">
        <ele>217.0</ele>
      </trkpt>
      <trkpt lat="43.27236" lon="-2.91764">
        <ele>220.0</ele>
      </trkpt>
      <trkpt lat="43.27264" lon="-2.91619">
        <ele>226.0</ele>
      </trkpt>
      <trkpt lat="43.27258" lon="-2.91512">
        <ele>230.0</ele>
      </trkpt>
      <trkpt lat="43.2705" lon="-2.91126">
        <ele>239.0</ele>
      </trkpt>
      <trkpt lat="43.26924" lon="-2.90999">
        <ele>244.0</ele>
      </trkpt>
      <trkpt lat="43.26918" lon="-2.90964">
        <ele>246.0</ele>
      </trkpt>
      <trkpt lat="43.26931" lon="-2.90816">
        <ele>247.0</ele>
      </trkpt>
      <trkpt lat="43.26919" lon="-2.90767">
        <ele>246.0</ele>
      </trkpt>
      <trkpt lat="43.26882" lon="-2.90726">
        <ele>244.0</ele>
      </trkpt>
      <trkpt lat="43.2685" lon="-2.9072">
        <ele>243.0</ele>
      </trkpt>
      <trkpt lat="43.26761" lon="-2.90755">
        <ele>236.0</ele>
      </trkpt>
      <trkpt lat="43.26661" lon="-2.90733">
        <ele>222.0</ele>
      </trkpt>
      <trkpt lat="43.26581" lon="-2.9081">
        <ele>213.0</ele>
      </trkpt>
      <trkpt lat="43.26552" lon="-2.90822">
        <ele>209.0</ele>
      </trkpt>
      <trkpt lat="43.26524" lon="-2.90818">
        <ele>207.0</ele>
      </trkpt>
      <trkpt lat="43.2649" lon="-2.90787">
        <ele>203.0</ele>
      </trkpt>
      <trkpt lat="43.26475" lon="-2.90753">
        <ele>201.0</ele>
      </trkpt>
      <trkpt lat="43.26474" lon="-2.90693">
        <ele>200.0</ele>
      </trkpt>
      <trkpt lat="43.26536" lon="-2.90581">
        <ele>198.0</ele>
      </trkpt>
      <trkpt lat="43.26544" lon="-2.90524">
        <ele>197.0</ele>
      </trkpt>
      <trkpt lat="43.26481" lon="-2.90384">
        <ele>193.0</ele>
      </trkpt>
      <trkpt lat="43.26449" lon="-2.90193">
        <ele>183.0</ele>
      </trkpt>
      <trkpt lat="43.26363" lon="-2.90054">
        <ele>169.0</ele>
      </trkpt>
      <trkpt lat="43.26328" lon="-2.89906">
        <ele>158.0</ele>
      </trkpt>
      <trkpt lat="43.26292" lon="-2.89819">
        <ele>150.0</ele>
      </trkpt>
      <trkpt lat="43.26086" lon="-2.89571">
        <ele>136.0</ele>
      </trkpt>
      <trkpt lat="43.25994" lon="-2.89425">
        <ele>126.0</ele>
      </trkpt>
      <trkpt lat="43.25922" lon="-2.8936">
        <ele>113.0</ele>
      </trkpt>
      <trkpt lat="43.2587" lon="-2.89351">
        <ele>106.0</ele>
      </trkpt>
      <trkpt lat="43.25815" lon="-2.89362">
        <ele>104.0</ele>
      </trkpt>
      <trkpt lat="43.25664" lon="-2.89438">
        <ele>97.0</ele>
      </trkpt>
      <trkpt lat="43.25606" lon="-2.89518">
        <ele>91.0</ele>
      </trkpt>
      <trkpt lat="43.25534" lon="-2.8975">
        <ele>83.0</ele>
      </trkpt>
      <trkpt lat="43.25469" lon="-2.8985">
        <ele>79.0</ele>
      </trkpt>
      <trkpt lat="43.25398" lon="-2.89917">
        <ele>73.0</ele>
      </trkpt>
      <trkpt lat="43.25267" lon="-2.89998">
        <ele>61.0</ele>
      </trkpt>
      <trkpt lat="43.25198" lon="-2.90115">
        <ele>57.0</ele>
      </trkpt>
      <trkpt lat="43.25156" lon="-2.90155">
        <ele>56.0</ele>
      </trkpt>
      <trkpt lat="43.25126" lon="-2.90166">
        <ele>54.0</ele>
      </trkpt>
      <trkpt lat="43.25047" lon="-2.90152">
        <ele>46.0</ele>
      </trkpt>
      <trkpt lat="43.25049" lon="-2.90109">
        <ele>43.0</ele>
      </trkpt>
      <trkpt lat="43.25255" lon="-2.89822">
        <ele>37.0</ele>
      </trkpt>
      <trkpt lat="43.25319" lon="-2.89703">
        <ele>38.0</ele>
      </trkpt>
      <trkpt lat="43.25444" lon="-2.89333">
        <ele>43.0</ele>
      </trkpt>
      <trkpt lat="43.25447" lon="-2.89249">
        <ele>43.0</ele>
      </trkpt>
      <trkpt lat="43.25413" lon="-2.89105">
        <ele>42.0</ele>
      </trkpt>
      <trkpt lat="43.25366" lon="-2.89007">
        <ele>41.0</ele>
      </trkpt>
      <trkpt lat="43.25294" lon="-2.88939">
        <ele>41.0</ele>
      </trkpt>
      <trkpt lat="43.24991" lon="-2.88843">
        <ele>48.0</ele>
      </trkpt>
      <trkpt lat="43.24917" lon="-2.88854">
        <ele>49.0</ele>
      </trkpt>
      <trkpt lat="43.24803" lon="-2.88924">
        <ele>50.0</ele>
      </trkpt>
      <trkpt lat="43.24712" lon="-2.88929">
        <ele>44.0</ele>
      </trkpt>
      <trkpt lat="43.24641" lon="-2.88788">
        <ele>39.0</ele>
      </trkpt>
      <trkpt lat="43.24524" lon="-2.881">
        <ele>38.0</ele>
      </trkpt>
      <trkpt lat="43.24464" lon="-2.87943">
        <ele>39.0</ele>
      </trkpt>
      <trkpt lat="43.24266" lon="-2.87623">
        <ele>37.0</ele>
      </trkpt>
      <trkpt lat="43.24106" lon="-2.87468">
        <ele>38.0</ele>
      </trkpt>
      <trkpt lat="43.24068" lon="-2.87469">
        <ele>39.0</ele>
      </trkpt>
      <trkpt lat="43.2405" lon="-2.87414">
        <ele>39.0</ele>
      </trkpt>
      <trkpt lat="43.23696" lon="-2.87075">
        <ele>41.0</ele>
      </trkpt>
      <trkpt lat="43.23619" lon="-2.87009">
        <ele>39.0</ele>
      </trkpt>
      <trkpt lat="43.23568" lon="-2.86993">
        <ele>38.0</ele>
      </trkpt>
      <trkpt lat="43.23554" lon="-2.86941">
        <ele>38.0</ele>
      </trkpt>
      <trkpt lat="43.23375" lon="-2.86666">
        <ele>41.0</ele>
      </trkpt>
      <trkpt lat="43.23327" lon="-2.86566">
        <ele>41.0</ele>
      </trkpt>
      <trkpt lat="43.23283" lon="-2.86381">
        <ele>41.0</ele>
      </trkpt>
      <trkpt lat="43.23264" lon="-2.86344">
        <ele>41.0</ele>
      </trkpt>
      <trkpt lat="43.23273" lon="-2.86298">
        <ele>41.0</ele>
      </trkpt>
      <trkpt lat="43.23231" lon="-2.85959">
        <ele>40.0</ele>
      </trkpt>
      <trkpt lat="43.23163" lon="-2.85531">
        <ele>43.0</ele>
      </trkpt>
      <trkpt lat="43.23152" lon="-2.85376">
        <ele>44.0</ele>
      </trkpt>
      <trkpt lat="43.23194" lon="-2.85262">
        <ele>43.0</ele>
      </trkpt>
      <trkpt lat="43.2319" lon="-2.85146">
        <ele>41.0</ele>
      </trkpt>
      <trkpt lat="43.23165" lon="-2.85087">
        <ele>40.0</ele>
      </trkpt>
      <trkpt lat="43.23031" lon="-2.84914">
        <ele>40.0</ele>
      </trkpt>
      <trkpt lat="43.23" lon="-2.84884">
        <ele>41.0</ele>
      </trkpt>
      <trkpt lat="43.22951" lon="-2.84866">
        <ele>43.0</ele>
      </trkpt>
      <trkpt lat="43.22943" lon="-2.84845">
        <ele>44.0</ele>
      </trkpt>
      <trkpt lat="43.22975" lon="-2.84758">
        <ele>47.0</ele>
      </trkpt>
      <trkpt lat="43.23088" lon="-2.84016">
        <ele>59.0</ele>
      </trkpt>
      <trkpt lat="43.23084" lon="-2.8397">
        <ele>60.0</ele>
      </trkpt>
      <trkpt lat="43.23034" lon="-2.83888">
        <ele>64.0</ele>
      </trkpt>
      <trkpt lat="43.23013" lon="-2.83828">
        <ele>68.0</ele>
      </trkpt>
      <trkpt lat="43.23004" lon="-2.83757">
        <ele>72.0</ele>
      </trkpt>
      <trkpt lat="43.23021" lon="-2.83691">
        <ele>77.0</ele>
      </trkpt>
      <trkpt lat="43.23016" lon="-2.83669">
        <ele>78.0</ele>
      </trkpt>
      <trkpt lat="43.23036" lon="-2.83672">
        <ele>79.0</ele>
      </trkpt>
      <trkpt lat="43.23083" lon="-2.8362">
        <ele>79.0</ele>
      </trkpt>
      <trkpt lat="43.23148" lon="-2.83587">
        <ele>83.0</ele>
      </trkpt>
      <trkpt lat="43.23203" lon="-2.83537">
        <ele>92.0</ele>
      </trkpt>
      <trkpt lat="43.23273" lon="-2.83457">
        <ele>103.0</ele>
      </trkpt>
      <trkpt lat="43.23329" lon="-2.8334">
        <ele>117.0</ele>
      </trkpt>
      <trkpt lat="43.23575" lon="-2.83272">
        <ele>141.0</ele>
      </trkpt>
      <trkpt lat="43.23583" lon="-2.83256">
        <ele>142.0</ele>
      </trkpt>
      <trkpt lat="43.23659" lon="-2.83227">
        <ele>143.0</ele>
      </trkpt>
      <trkpt lat="43.23876" lon="-2.83101">
        <ele>158.0</ele>
      </trkpt>
      <trkpt lat="43.2403" lon="-2.82828">
        <ele>200.0</ele>
      </trkpt>
      <trkpt lat="43.24122" lon="-2.82736">
        <ele>224.0</ele>
      </trkpt>
      <trkpt lat="43.24116" lon="-2.82858">
        <ele>235.0</ele>
      </trkpt>
      <trkpt lat="43.24125" lon="-2.82927">
        <ele>243.0</ele>
      </trkpt>
      <trkpt lat="43.24235" lon="-2.83136">
        <ele>263.0</ele>
      </trkpt>
      <trkpt lat="43.24271" lon="-2.83159">
        <ele>268.0</ele>
      </trkpt>
      <trkpt lat="43.24303" lon="-2.83158">
        <ele>271.0</ele>
      </trkpt>
      <trkpt lat="43.24263" lon="-2.83081">
        <ele>276.0</ele>
      </trkpt>
      <trkpt lat="43.2424" lon="-2.82986">
        <ele>279.0</ele>
      </trkpt>
      <trkpt lat="43.24269" lon="-2.82889">
        <ele>284.0</ele>
      </trkpt>
      <trkpt lat="43.2432" lon="-2.82837">
        <ele>287.0</ele>
      </trkpt>
      <trkpt lat="43.24428" lon="-2.82793">
        <ele>292.0</ele>
      </trkpt>
      <trkpt lat="43.24469" lon="-2.82652">
        <ele>297.0</ele>
      </trkpt>
      <trkpt lat="43.24505" lon="-2.82624">
        <ele>303.0</ele>
      </trkpt>
      <trkpt lat="43.2451" lon="-2.82605">
        <ele>306.0</ele>
      </trkpt>
      <trkpt lat="43.24474" lon="-2.82478">
        <ele>311.0</ele>
      </trkpt>
      <trkpt lat="43.2431" lon="-2.82425">
        <ele>304.0</ele>
      </trkpt>
      <trkpt lat="43.24266" lon="-2.8235">
        <ele>306.0</ele>
      </trkpt>
      <trkpt lat="43.24357" lon="-2.82355">
        <ele>315.0</ele>
      </trkpt>
      <trkpt lat="43.24416" lon="-2.82387">
        <ele>322.0</ele>
      </trkpt>
      <trkpt lat="43.24467" lon="-2.82348">
        <ele>327.0</ele>
      </trkpt>
      <trkpt lat="43.24518" lon="-2.82366">
        <ele>332.0</ele>
      </trkpt>
      <trkpt lat="43.24589" lon="-2.82431">
        <ele>337.0</ele>
      </trkpt>
      <trkpt lat="43.24665" lon="-2.82565">
        <ele>342.0</ele>
      </trkpt>
      <trkpt lat="43.24751" lon="-2.8266">
        <ele>350.0</ele>
      </trkpt>
      <trkpt lat="43.24735" lon="-2.82776">
        <ele>358.0</ele>
      </trkpt>
      <trkpt lat="43.24876" lon="-2.82967">
        <ele>359.0</ele>
      </trkpt>
      <trkpt lat="43.24923" lon="-2.83136">
        <ele>359.0</ele>
      </trkpt>
      <trkpt lat="43.25025" lon="-2.83337">
        <ele>358.0</ele>
      </trkpt>
      <trkpt lat="43.25141" lon="-2.83693">
        <ele>359.0</ele>
      </trkpt>
      <trkpt lat="43.25183" lon="-2.83779">
        <ele>360.0</ele>
      </trkpt>
      <trkpt lat="43.25178" lon="-2.83975">
        <ele>358.0</ele>
      </trkpt>
      <trkpt lat="43.25262" lon="-2.84109">
        <ele>358.0</ele>
      </trkpt>
      <trkpt lat="43.25309" lon="-2.84374">
        <ele>361.0</ele>
      </trkpt>
      <trkpt lat="43.25365" lon="-2.84527">
        <ele>361.0</ele>
      </trkpt>
      <trkpt lat="43.25415" lon="-2.84578">
        <ele>362.0</ele>
      </trkpt>
      <trkpt lat="43.25427" lon="-2.84662">
        <ele>363.0</ele>
      </trkpt>
      <trkpt lat="43.25448" lon="-2.84706">
        <ele>364.0</ele>
      </trkpt>
      <trkpt lat="43.25498" lon="-2.84758">
        <ele>364.0</ele>
      </trkpt>
      <trkpt lat="43.25581" lon="-2.84797">
        <ele>365.0</ele>
      </trkpt>
      <trkpt lat="43.25635" lon="-2.84866">
        <ele>365.0</ele>
      </trkpt>
      <trkpt lat="43.25649" lon="-2.84909">
        <ele>366.0</ele>
      </trkpt>
      <trkpt lat="43.25662" lon="-2.8508">
        <ele>366.0</ele>
      </trkpt>
      <trkpt lat="43.2574" lon="-2.85197">
        <ele>366.0</ele>
      </trkpt>
      <trkpt lat="43.25722" lon="-2.85409">
        <ele>369.0</ele>
      </trkpt>
      <trkpt lat="43.25775" lon="-2.85591">
        <ele>380.0</ele>
      </trkpt>
      <trkpt lat="43.25748" lon="-2.85698">
        <ele>387.0</ele>
      </trkpt>
      <trkpt lat="43.25771" lon="-2.85827">
        <ele>390.0</ele>
      </trkpt>
      <trkpt lat="43.25834" lon="-2.85999">
        <ele>396.0</ele>
      </trkpt>
      <trkpt lat="43.25817" lon="-2.86081">
        <ele>399.0</ele>
      </trkpt>
      <trkpt lat="43.25779" lon="-2.86173">
        <ele>403.0</ele>
      </trkpt>
      <trkpt lat="43.25775" lon="-2.86273">
        <ele>405.0</ele>
      </trkpt>
      <trkpt lat="43.2572" lon="-2.86327">
        <ele>406.0</ele>
      </trkpt>
      <trkpt lat="43.25701" lon="-2.86367">
        <ele>407.0</ele>
      </trkpt>
      <trkpt lat="43.25712" lon="-2.86477">
        <ele>407.0</ele>
      </trkpt>
      <trkpt lat="43.25803" lon="-2.86621">
        <ele>406.0</ele>
      </trkpt>
      <trkpt lat="43.25869" lon="-2.86788">
        <ele>399.0</ele>
      </trkpt>
      <trkpt lat="43.2604" lon="-2.86851">
        <ele>396.0</ele>
      </trkpt>
      <trkpt lat="43.26139" lon="-2.86977">
        <ele>391.0</ele>
      </trkpt>
      <trkpt lat="43.26186" lon="-2.87067">
        <ele>382.0</ele>
      </trkpt>
      <trkpt lat="43.2624" lon="-2.87114">
        <ele>380.0</ele>
      </trkpt>
      <trkpt lat="43.26248" lon="-2.87175">
        <ele>379.0</ele>
      </trkpt>
      <trkpt lat="43.26208" lon="-2.8728">
        <ele>379.0</ele>
      </trkpt>
      <trkpt lat="43.26265" lon="-2.87387">
        <ele>380.0</ele>
      </trkpt>
      <trkpt lat="43.26277" lon="-2.87511">
        <ele>377.0</ele>
      </trkpt>
      <trkpt lat="43.26342" lon="-2.87685">
        <ele>367.0</ele>
      </trkpt>
      <trkpt lat="43.26468" lon="-2.87842">
        <ele>357.0</ele>
      </trkpt>
      <trkpt lat="43.2651" lon="-2.8795">
        <ele>353.0</ele>
      </trkpt>
      <trkpt lat="43.26548" lon="-2.88109">
        <ele>348.0</ele>
      </trkpt>
      <trkpt lat="43.26662" lon="-2.88283">
        <ele>344.0</ele>
      </trkpt>
      <trkpt lat="43.26715" lon="-2.88404">
        <ele>339.0</ele>
      </trkpt>
      <trkpt lat="43.26889" lon="-2.88599">
        <ele>334.0</ele>
      </trkpt>
      <trkpt lat="43.26975" lon="-2.88723">
        <ele>327.0</ele>
      </trkpt>
      <trkpt lat="43.26983" lon="-2.88757">
        <ele>325.0</ele>
      </trkpt>
      <trkpt lat="43.26976" lon="-2.88889">
        <ele>323.0</ele>
      </trkpt>
      <trkpt lat="43.27004" lon="-2.88953">
        <ele>322.0</ele>
      </trkpt>
      <trkpt lat="43.27089" lon="-2.89065">
        <ele>318.0</ele>
      </trkpt>
      <trkpt lat="43.27139" lon="-2.89215">
        <ele>312.0</ele>
      </trkpt>
      <trkpt lat="43.27186" lon="-2.89269">
        <ele>307.0</ele>
      </trkpt>
      <trkpt lat="43.27234" lon="-2.89288">
        <ele>304.0</ele>
      </trkpt>
      <trkpt lat="43.27325" lon="-2.89383">
        <ele>302.0</ele>
      </trkpt>
      <trkpt lat="43.27345" lon="-2.8942">
        <ele>300.0</ele>
      </trkpt>
      <trkpt lat="43.27361" lon="-2.89512">
        <ele>298.0</ele>
      </trkpt>
      <trkpt lat="43.27311" lon="-2.89736">
        <ele>293.0</ele>
      </trkpt>
      <trkpt lat="43.27257" lon="-2.89778">
        <ele>291.0</ele>
      </trkpt>
      <trkpt lat="43.27177" lon="-2.89786">
        <ele>288.0</ele>
      </trkpt>
      <trkpt lat="43.2697" lon="-2.89885">
        <ele>281.0</ele>
      </trkpt>
      <trkpt lat="43.26922" lon="-2.8997">
        <ele>276.0</ele>
      </trkpt>
      <trkpt lat="43.26914" lon="-2.90002">
        <ele>275.0</ele>
      </trkpt>
      <trkpt lat="43.26943" lon="-2.90136">
        <ele>272.0</ele>
      </trkpt>
      <trkpt lat="43.26938" lon="-2.9022">
        <ele>270.0</ele>
      </trkpt>
      <trkpt lat="43.26951" lon="-2.90304">
        <ele>269.0</ele>
      </trkpt>
      <trkpt lat="43.26943" lon="-2.90344">
        <ele>269.0</ele>
      </trkpt>
      <trkpt lat="43.26895" lon="-2.90434">
        <ele>266.0</ele>
      </trkpt>
      <trkpt lat="43.26904" lon="-2.90481">
        <ele>262.0</ele>
      </trkpt>
      <trkpt lat="43.26958" lon="-2.90482">
        <ele>258.0</ele>
      </trkpt>
      <trkpt lat="43.26962" lon="-2.90555">
        <ele>254.0</ele>
      </trkpt>
      <trkpt lat="43.26981" lon="-2.90567">
        <ele>252.0</ele>
      </trkpt>
      <trkpt lat="43.27046" lon="-2.90369">
        <ele>242.0</ele>
      </trkpt>
      <trkpt lat="43.27095" lon="-2.90314">
        <ele>236.0</ele>
      </trkpt>
      <trkpt lat="43.2716" lon="-2.90299">
        <ele>231.0</ele>
      </trkpt>
      <trkpt lat="43.27257" lon="-2.90349">
        <ele>222.0</ele>
      </trkpt>
      <trkpt lat="43.27309" lon="-2.90355">
        <ele>217.0</ele>
      </trkpt>
      <trkpt lat="43.2754" lon="-2.90288">
        <ele>199.0</ele>
      </trkpt>
      <trkpt lat="43.27594" lon="-2.90259">
        <ele>194.0</ele>
      </trkpt>
      <trkpt lat="43.27765" lon="-2.90112">
        <ele>182.0</ele>
      </trkpt>
      <trkpt lat="43.27853" lon="-2.90015">
        <ele>167.0</ele>
      </trkpt>
      <trkpt lat="43.27936" lon="-2.89965">
        <ele>159.0</ele>
      </trkpt>
      <trkpt lat="43.27958" lon="-2.89926">
        <ele>156.0</ele>
      </trkpt>
      <trkpt lat="43.27974" lon="-2.89814">
        <ele>152.0</ele>
      </trkpt>
      <trkpt lat="43.27985" lon="-2.89804">
        <ele>150.0</ele>
      </trkpt>
      <trkpt lat="43.28115" lon="-2.89898">
        <ele>133.0</ele>
      </trkpt>
      <trkpt lat="43.28154" lon="-2.89902">
        <ele>127.0</ele>
      </trkpt>
      <trkpt lat="43.28176" lon="-2.89862">
        <ele>123.0</ele>
      </trkpt>
      <trkpt lat="43.28177" lon="-2.89794">
        <ele>120.0</ele>
      </trkpt>
      <trkpt lat="43.28254" lon="-2.89679">
        <ele>114.0</ele>
      </trkpt>
      <trkpt lat="43.28415" lon="-2.89559">
        <ele>99.0</ele>
      </trkpt>
      <trkpt lat="43.285" lon="-2.89444">
        <ele>88.0</ele>
      </trkpt>
      <trkpt lat="43.28544" lon="-2.89428">
        <ele>83.0</ele>
      </trkpt>
      <trkpt lat="43.28641" lon="-2.89452">
        <ele>69.0</ele>
      </trkpt>
      <trkpt lat="43.28689" lon="-2.89426">
        <ele>61.0</ele>
      </trkpt>
      <trkpt lat="43.28721" lon="-2.89361">
        <ele>53.0</ele>
      </trkpt>
      <trkpt lat="43.28738" lon="-2.89161">
        <ele>43.0</ele>
      </trkpt>
      <trkpt lat="43.288" lon="-2.89021">
        <ele>31.0</ele>
      </trkpt>
      <trkpt lat="43.29013" lon="-2.88926">
        <ele>21.0</ele>
      </trkpt>
      <trkpt lat="43.29207" lon="-2.89623">
        <ele>17.0</ele>
      </trkpt>
      <trkpt lat="43.29233" lon="-2.89862">
        <ele>19.0</ele>
      </trkpt>
      <trkpt lat="43.29235" lon="-2.89996">
        <ele>21.0</ele>
      </trkpt>
      <trkpt lat="43.29249" lon="-2.90012">
        <ele>21.0</ele>
      </trkpt>
      <trkpt lat="43.29277" lon="-2.90009">
        <ele>22.0</ele>
      </trkpt>
      <trkpt lat="43.29388" lon="-2.89924">
        <ele>24.0</ele>
      </trkpt>
      <trkpt lat="43.29399" lon="-2.89896">
        <ele>24.0</ele>
      </trkpt>
      <trkpt lat="43.29276" lon="-2.89353">
        <ele>19.0</ele>
      </trkpt>
      <trkpt lat="43.28967" lon="-2.88258">
        <ele>27.0</ele>
      </trkpt>
      <trkpt lat="43.28952" lon="-2.88165">
        <ele>27.0</ele>
      </trkpt>
      <trkpt lat="43.28795" lon="-2.87694">
        <ele>27.0</ele>
      </trkpt>
      <trkpt lat="43.28764" lon="-2.87637">
        <ele>29.0</ele>
      </trkpt>
      <trkpt lat="43.28652" lon="-2.87167">
        <ele>39.0</ele>
      </trkpt>
      <trkpt lat="43.28549" lon="-2.86897">
        <ele>45.0</ele>
      </trkpt>
      <trkpt lat="43.28441" lon="-2.86432">
        <ele>50.0</ele>
      </trkpt>
      <trkpt lat="43.28375" lon="-2.8624">
        <ele>53.0</ele>
      </trkpt>
      <trkpt lat="43.27893" lon="-2.85063">
        <ele>39.0</ele>
      </trkpt>
      <trkpt lat="43.27841" lon="-2.84996">
        <ele>40.0</ele>
      </trkpt>
      <trkpt lat="43.27836" lon="-2.84926">
        <ele>41.0</ele>
      </trkpt>
      <trkpt lat="43.27683" lon="-2.84608">
        <ele>45.0</ele>
      </trkpt>
      <trkpt lat="43.2764" lon="-2.84474">
        <ele>46.0</ele>
      </trkpt>
      <trkpt lat="43.27614" lon="-2.84428">
        <ele>46.0</ele>
      </trkpt>
      <trkpt lat="43.27589" lon="-2.8428">
        <ele>47.0</ele>
      </trkpt>
      <trkpt lat="43.27569" lon="-2.84002">
        <ele>51.0</ele>
      </trkpt>
      <trkpt lat="43.27537" lon="-2.83822">
        <ele>52.0</ele>
      </trkpt>
      <trkpt lat="43.27266" lon="-2.8292">
        <ele>61.0</ele>
      </trkpt>
      <trkpt lat="43.27183" lon="-2.82688">
        <ele>65.0</ele>
      </trkpt>
      <trkpt lat="43.2702" lon="-2.82358">
        <ele>75.0</ele>
      </trkpt>
      <trkpt lat="43.27039" lon="-2.82307">
        <ele>76.0</ele>
      </trkpt>
      <trkpt lat="43.27028" lon="-2.82264">
        <ele>77.0</ele>
      </trkpt>
      <trkpt lat="43.26896" lon="-2.81985">
        <ele>83.0</ele>
      </trkpt>
      <trkpt lat="43.26659" lon="-2.81395">
        <ele>92.0</ele>
      </trkpt>
      <trkpt lat="43.26574" lon="-2.81038">
        <ele>88.0</ele>
      </trkpt>
      <trkpt lat="43.26485" lon="-2.8081">
        <ele>91.0</ele>
      </trkpt>
      <trkpt lat="43.26403" lon="-2.80446">
        <ele>94.0</ele>
      </trkpt>
      <trkpt lat="43.26328" lon="-2.80217">
        <ele>96.0</ele>
      </trkpt>
      <trkpt lat="43.26226" lon="-2.79967">
        <ele>87.0</ele>
      </trkpt>
      <trkpt lat="43.26149" lon="-2.79653">
        <ele>76.0</ele>
      </trkpt>
      <trkpt lat="43.2621" lon="-2.7961">
        <ele>73.0</ele>
      </trkpt>
      <trkpt lat="43.26189" lon="-2.79538">
        <ele>71.0</ele>
      </trkpt>
      <trkpt lat="43.26194" lon="-2.79498">
        <ele>71.0</ele>
      </trkpt>
      <trkpt lat="43.26328" lon="-2.79409">
        <ele>74.0</ele>
      </trkpt>
      <trkpt lat="43.26351" lon="-2.79375">
        <ele>76.0</ele>
      </trkpt>
      <trkpt lat="43.26344" lon="-2.79348">
        <ele>77.0</ele>
      </trkpt>
      <trkpt lat="43.26206" lon="-2.79242">
        <ele>85.0</ele>
      </trkpt>
      <trkpt lat="43.26149" lon="-2.79222">
        <ele>83.0</ele>
      </trkpt>
      <trkpt lat="43.26065" lon="-2.79221">
        <ele>78.0</ele>
      </trkpt>
      <trkpt lat="43.25964" lon="-2.79265">
        <ele>75.0</ele>
      </trkpt>
      <trkpt lat="43.25812" lon="-2.79383">
        <ele>75.0</ele>
      </trkpt>
      <trkpt lat="43.25493" lon="-2.79462">
        <ele>69.0</ele>
      </trkpt>
      <trkpt lat="43.25393" lon="-2.79512">
        <ele>68.0</ele>
      </trkpt>
      <trkpt lat="43.25312" lon="-2.79588">
        <ele>71.0</ele>
      </trkpt>
      <trkpt lat="43.25245" lon="-2.79692">
        <ele>70.0</ele>
      </trkpt>
      <trkpt lat="43.25215" lon="-2.79765">
        <ele>68.0</ele>
      </trkpt>
      <trkpt lat="43.25159" lon="-2.79978">
        <ele>67.0</ele>
      </trkpt>
      <trkpt lat="43.25048" lon="-2.80198">
        <ele>69.0</ele>
      </trkpt>
      <trkpt lat="43.24999" lon="-2.802">
        <ele>70.0</ele>
      </trkpt>
      <trkpt lat="43.24933" lon="-2.8025">
        <ele>72.0</ele>
      </trkpt>
      <trkpt lat="43.24889" lon="-2.80304">
        <ele>73.0</ele>
      </trkpt>
      <trkpt lat="43.24877" lon="-2.80362">
        <ele>73.0</ele>
      </trkpt>
      <trkpt lat="43.24704" lon="-2.80505">
        <ele>67.0</ele>
      </trkpt>
      <trkpt lat="43.2456" lon="-2.80529">
        <ele>64.0</ele>
      </trkpt>
      <trkpt lat="43.24354" lon="-2.8048">
        <ele>64.0</ele>
      </trkpt>
      <trkpt lat="43.24299" lon="-2.80443">
        <ele>66.0</ele>
      </trkpt>
      <trkpt lat="43.24216" lon="-2.8033">
        <ele>64.0</ele>
      </trkpt>
      <trkpt lat="43.24171" lon="-2.80298">
        <ele>62.0</ele>
      </trkpt>
      <trkpt lat="43.24122" lon="-2.80286">
        <ele>61.0</ele>
      </trkpt>
      <trkpt lat="43.23959" lon="-2.80344">
        <ele>58.0</ele>
      </trkpt>
      <trkpt lat="43.238" lon="-2.80334">
        <ele>60.0</ele>
      </trkpt>
      <trkpt lat="43.23721" lon="-2.80357">
        <ele>58.0</ele>
      </trkpt>
      <trkpt lat="43.23658" lon="-2.80403">
        <ele>54.0</ele>
      </trkpt>
      <trkpt lat="43.2364" lon="-2.80476">
        <ele>54.0</ele>
      </trkpt>
      <trkpt lat="43.23637" lon="-2.80711">
        <ele>54.0</ele>
      </trkpt>
      <trkpt lat="43.2362" lon="-2.80772">
        <ele>54.0</ele>
      </trkpt>
      <trkpt lat="43.23506" lon="-2.80966">
        <ele>54.0</ele>
      </trkpt>
      <trkpt lat="43.23238" lon="-2.8168">
        <ele>55.0</ele>
      </trkpt>
      <trkpt lat="43.23194" lon="-2.81742">
        <ele>56.0</ele>
      </trkpt>
      <trkpt lat="43.23083" lon="-2.8182">
        <ele>56.0</ele>
      </trkpt>
      <trkpt lat="43.23056" lon="-2.81878">
        <ele>54.0</ele>
      </trkpt>
      <trkpt lat="43.23064" lon="-2.81968">
        <ele>51.0</ele>
      </trkpt>
      <trkpt lat="43.23141" lon="-2.8207">
        <ele>49.0</ele>
      </trkpt>
      <trkpt lat="43.23161" lon="-2.82127">
        <ele>51.0</ele>
      </trkpt>
      <trkpt lat="43.23213" lon="-2.82648">
        <ele>46.0</ele>
      </trkpt>
      <trkpt lat="43.23211" lon="-2.82752">
        <ele>47.0</ele>
      </trkpt>
      <trkpt lat="43.23066" lon="-2.83182">
        <ele>48.0</ele>
      </trkpt>
      <trkpt lat="43.22939" lon="-2.83395">
        <ele>48.0</ele>
      </trkpt>
      <trkpt lat="43.22884" lon="-2.83682">
        <ele>50.0</ele>
      </trkpt>
      <trkpt lat="43.22773" lon="-2.83854">
        <ele>49.0</ele>
      </trkpt>
      <trkpt lat="43.22754" lon="-2.83907">
        <ele>49.0</ele>
      </trkpt>
      <trkpt lat="43.22733" lon="-2.83918">
        <ele>49.0</ele>
      </trkpt>
      <trkpt lat="43.227" lon="-2.84007">
        <ele>49.0</ele>
      </trkpt>
      <trkpt lat="43.22616" lon="-2.84445">
        <ele>47.0</ele>
      </trkpt>
      <trkpt lat="43.22628" lon="-2.8457">
        <ele>47.0</ele>
      </trkpt>
      <trkpt lat="43.22659" lon="-2.84639">
        <ele>47.0</ele>
      </trkpt>
      <trkpt lat="43.227" lon="-2.84686">
        <ele>47.0</ele>
      </trkpt>
      <trkpt lat="43.22912" lon="-2.84812">
        <ele>46.0</ele>
      </trkpt>
      <trkpt lat="43.22971" lon="-2.8483">
        <ele>44.0</ele>
      </trkpt>
      <trkpt lat="43.23181" lon="-2.85098">
        <ele>41.0</ele>
      </trkpt>
      <trkpt lat="43.23197" lon="-2.85144">
        <ele>42.0</ele>
      </trkpt>
      <trkpt lat="43.23204" lon="-2.85236">
        <ele>43.0</ele>
      </trkpt>
      <trkpt lat="43.23166" lon="-2.85481">
        <ele>44.0</ele>
      </trkpt>
      <trkpt lat="43.23233" lon="-2.85914">
        <ele>43.0</ele>
      </trkpt>
      <trkpt lat="43.23291" lon="-2.85895">
        <ele>45.0</ele>
      </trkpt>
      <trkpt lat="43.23305" lon="-2.85875">
        <ele>47.0</ele>
      </trkpt>
      <trkpt lat="43.23345" lon="-2.85745">
        <ele>51.0</ele>
      </trkpt>
      <trkpt lat="43.23358" lon="-2.85629">
        <ele>55.0</ele>
      </trkpt>
      <trkpt lat="43.23417" lon="-2.85668">
        <ele>60.0</ele>
      </trkpt>
      <trkpt lat="43.23502" lon="-2.85575">
        <ele>67.0</ele>
      </trkpt>
      <trkpt lat="43.23581" lon="-2.85582">
        <ele>73.0</ele>
      </trkpt>
      <trkpt lat="43.23587" lon="-2.85565">
        <ele>75.0</ele>
      </trkpt>
      <trkpt lat="43.23573" lon="-2.85489">
        <ele>79.0</ele>
      </trkpt>
      <trkpt lat="43.23619" lon="-2.85393">
        <ele>85.0</ele>
      </trkpt>
      <trkpt lat="43.23744" lon="-2.85496">
        <ele>102.0</ele>
      </trkpt>
      <trkpt lat="43.23897" lon="-2.85503">
        <ele>124.0</ele>
      </trkpt>
      <trkpt lat="43.23971" lon="-2.85576">
        <ele>140.0</ele>
      </trkpt>
      <trkpt lat="43.24036" lon="-2.85608">
        <ele>147.0</ele>
      </trkpt>
      <trkpt lat="43.24063" lon="-2.85608">
        <ele>152.0</ele>
      </trkpt>
      <trkpt lat="43.24142" lon="-2.85553">
        <ele>164.0</ele>
      </trkpt>
      <trkpt lat="43.24189" lon="-2.85626">
        <ele>171.0</ele>
      </trkpt>
      <trkpt lat="43.24197" lon="-2.85679">
        <ele>174.0</ele>
      </trkpt>
      <trkpt lat="43.24187" lon="-2.85775">
        <ele>179.0</ele>
      </trkpt>
      <trkpt lat="43.24239" lon="-2.85871">
        <ele>184.0</ele>
      </trkpt>
      <trkpt lat="43.24366" lon="-2.85932">
        <ele>188.0</ele>
      </trkpt>
      <trkpt lat="43.24434" lon="-2.85929">
        <ele>191.0</ele>
      </trkpt>
      <trkpt lat="43.24507" lon="-2.85954">
        <ele>196.0</ele>
      </trkpt>
      <trkpt lat="43.24683" lon="-2.85942">
        <ele>204.0</ele>
      </trkpt>
      <trkpt lat="43.24804" lon="-2.85955">
        <ele>213.0</ele>
      </trkpt>
      <trkpt lat="43.24936" lon="-2.86028">
        <ele>229.0</ele>
      </trkpt>
      <trkpt lat="43.24978" lon="-2.86074">
        <ele>239.0</ele>
      </trkpt>
      <trkpt lat="43.2502" lon="-2.86152">
        <ele>248.0</ele>
      </trkpt>
      <trkpt lat="43.25033" lon="-2.8622">
        <ele>256.0</ele>
      </trkpt>
      <trkpt lat="43.25036" lon="-2.86292">
        <ele>266.0</ele>
      </trkpt>
      <trkpt lat="43.25014" lon="-2.86356">
        <ele>273.0</ele>
      </trkpt>
      <trkpt lat="43.24989" lon="-2.86388">
        <ele>277.0</ele>
      </trkpt>
      <trkpt lat="43.24899" lon="-2.86438">
        <ele>285.0</ele>
      </trkpt>
      <trkpt lat="43.24819" lon="-2.86436">
        <ele>293.0</ele>
      </trkpt>
      <trkpt lat="43.24791" lon="-2.86526">
        <ele>296.0</ele>
      </trkpt>
      <trkpt lat="43.248" lon="-2.86607">
        <ele>299.0</ele>
      </trkpt>
      <trkpt lat="43.24832" lon="-2.86687">
        <ele>304.0</ele>
      </trkpt>
      <trkpt lat="43.24962" lon="-2.86899">
        <ele>320.0</ele>
      </trkpt>
      <trkpt lat="43.24989" lon="-2.86924">
        <ele>329.0</ele>
      </trkpt>
      <trkpt lat="43.25019" lon="-2.86927">
        <ele>336.0</ele>
      </trkpt>
      <trkpt lat="43.25114" lon="-2.86868">
        <ele>347.0</ele>
      </trkpt>
      <trkpt lat="43.25192" lon="-2.86902">
        <ele>349.0</ele>
      </trkpt>
      <trkpt lat="43.25252" lon="-2.8689">
        <ele>350.0</ele>
      </trkpt>
      <trkpt lat="43.25373" lon="-2.86959">
        <ele>352.0</ele>
      </trkpt>
      <trkpt lat="43.25405" lon="-2.86925">
        <ele>352.0</ele>
      </trkpt>
      <trkpt lat="43.25493" lon="-2.86732">
        <ele>361.0</ele>
      </trkpt>
      <trkpt lat="43.25537" lon="-2.86669">
        <ele>369.0</ele>
      </trkpt>
      <trkpt lat="43.25614" lon="-2.86615">
        <ele>379.0</ele>
      </trkpt>
      <trkpt lat="43.25701" lon="-2.86604">
        <ele>388.0</ele>
      </trkpt>
      <trkpt lat="43.2574" lon="-2.86622">
        <ele>390.0</ele>
      </trkpt>
      <trkpt lat="43.25847" lon="-2.86716">
        <ele>394.0</ele>
      </trkpt>
      <trkpt lat="43.25863" lon="-2.8678">
        <ele>398.0</ele>
      </trkpt>
      <trkpt lat="43.25877" lon="-2.86794">
        <ele>398.0</ele>
      </trkpt>
      <trkpt lat="43.2604" lon="-2.86851">
        <ele>396.0</ele>
      </trkpt>
      <trkpt lat="43.26139" lon="-2.86977">
        <ele>391.0</ele>
      </trkpt>
      <trkpt lat="43.26186" lon="-2.87067">
        <ele>382.0</ele>
      </trkpt>
      <trkpt lat="43.26231" lon="-2.871">
        <ele>380.0</ele>
      </trkpt>
      <trkpt lat="43.26246" lon="-2.87129">
        <ele>380.0</ele>
      </trkpt>
      <trkpt lat="43.26248" lon="-2.87175">
        <ele>379.0</ele>
      </trkpt>
      <trkpt lat="43.26208" lon="-2.8728">
        <ele>379.0</ele>
      </trkpt>
      <trkpt lat="43.26265" lon="-2.87387">
        <ele>380.0</ele>
      </trkpt>
      <trkpt lat="43.26277" lon="-2.87511">
        <ele>377.0</ele>
      </trkpt>
      <trkpt lat="43.26342" lon="-2.87685">
        <ele>367.0</ele>
      </trkpt>
      <trkpt lat="43.26468" lon="-2.87842">
        <ele>357.0</ele>
      </trkpt>
      <trkpt lat="43.2651" lon="-2.8795">
        <ele>353.0</ele>
      </trkpt>
      <trkpt lat="43.26548" lon="-2.88109">
        <ele>348.0</ele>
      </trkpt>
      <trkpt lat="43.26662" lon="-2.88283">
        <ele>343.0</ele>
      </trkpt>
      <trkpt lat="43.26715" lon="-2.88404">
        <ele>339.0</ele>
      </trkpt>
      <trkpt lat="43.26889" lon="-2.88599">
        <ele>334.0</ele>
      </trkpt>
      <trkpt lat="43.26975" lon="-2.88723">
        <ele>327.0</ele>
      </trkpt>
      <trkpt lat="43.26983" lon="-2.88757">
        <ele>325.0</ele>
      </trkpt>
      <trkpt lat="43.26976" lon="-2.88889">
        <ele>323.0</ele>
      </trkpt>
      <trkpt lat="43.27004" lon="-2.88953">
        <ele>322.0</ele>
      </trkpt>
      <trkpt lat="43.27089" lon="-2.89065">
        <ele>318.0</ele>
      </trkpt>
      <trkpt lat="43.27139" lon="-2.89215">
        <ele>312.0</ele>
      </trkpt>
      <trkpt lat="43.27186" lon="-2.89269">
        <ele>307.0</ele>
      </trkpt>
      <trkpt lat="43.27234" lon="-2.89288">
        <ele>304.0</ele>
      </trkpt>
      <trkpt lat="43.27325" lon="-2.89383">
        <ele>302.0</ele>
      </trkpt>
      <trkpt lat="43.27361" lon="-2.89483">
        <ele>299.0</ele>
      </trkpt>
      <trkpt lat="43.27318" lon="-2.8972">
        <ele>294.0</ele>
      </trkpt>
      <trkpt lat="43.27296" lon="-2.89753">
        <ele>293.0</ele>
      </trkpt>
      <trkpt lat="43.27257" lon="-2.89778">
        <ele>291.0</ele>
      </trkpt>
      <trkpt lat="43.27156" lon="-2.89794">
        <ele>287.0</ele>
      </trkpt>
      <trkpt lat="43.26985" lon="-2.89876">
        <ele>284.0</ele>
      </trkpt>
      <trkpt lat="43.26959" lon="-2.89897">
        <ele>279.0</ele>
      </trkpt>
      <trkpt lat="43.26922" lon="-2.8997">
        <ele>276.0</ele>
      </trkpt>
      <trkpt lat="43.26914" lon="-2.90002">
        <ele>275.0</ele>
      </trkpt>
      <trkpt lat="43.26943" lon="-2.90136">
        <ele>272.0</ele>
      </trkpt>
      <trkpt lat="43.26938" lon="-2.9022">
        <ele>270.0</ele>
      </trkpt>
      <trkpt lat="43.26951" lon="-2.90304">
        <ele>269.0</ele>
      </trkpt>
      <trkpt lat="43.26943" lon="-2.90344">
        <ele>269.0</ele>
      </trkpt>
      <trkpt lat="43.26893" lon="-2.90446">
        <ele>265.0</ele>
      </trkpt>
      <trkpt lat="43.26904" lon="-2.90481">
        <ele>262.0</ele>
      </trkpt>
      <trkpt lat="43.26958" lon="-2.90482">
        <ele>258.0</ele>
      </trkpt>
      <trkpt lat="43.2697" lon="-2.90565">
        <ele>253.0</ele>
      </trkpt>
      <trkpt lat="43.26993" lon="-2.90553">
        <ele>251.0</ele>
      </trkpt>
      <trkpt lat="43.27046" lon="-2.90369">
        <ele>242.0</ele>
      </trkpt>
      <trkpt lat="43.27109" lon="-2.90307">
        <ele>235.0</ele>
      </trkpt>
      <trkpt lat="43.27169" lon="-2.90301">
        <ele>230.0</ele>
      </trkpt>
      <trkpt lat="43.27257" lon="-2.90349">
        <ele>222.0</ele>
      </trkpt>
      <trkpt lat="43.27309" lon="-2.90355">
        <ele>217.0</ele>
      </trkpt>
      <trkpt lat="43.2754" lon="-2.90288">
        <ele>199.0</ele>
      </trkpt>
      <trkpt lat="43.27594" lon="-2.90259">
        <ele>194.0</ele>
      </trkpt>
      <trkpt lat="43.27765" lon="-2.90112">
        <ele>182.0</ele>
      </trkpt>
      <trkpt lat="43.27853" lon="-2.90015">
        <ele>167.0</ele>
      </trkpt>
      <trkpt lat="43.27936" lon="-2.89965">
        <ele>159.0</ele>
      </trkpt>
      <trkpt lat="43.27958" lon="-2.89926">
        <ele>156.0</ele>
      </trkpt>
      <trkpt lat="43.27974" lon="-2.89814">
        <ele>152.0</ele>
      </trkpt>
      <trkpt lat="43.27985" lon="-2.89804">
        <ele>150.0</ele>
      </trkpt>
      <trkpt lat="43.28115" lon="-2.89898">
        <ele>133.0</ele>
      </trkpt>
      <trkpt lat="43.28154" lon="-2.89902">
        <ele>127.0</ele>
      </trkpt>
      <trkpt lat="43.28176" lon="-2.89862">
        <ele>123.0</ele>
      </trkpt>
      <trkpt lat="43.28177" lon="-2.89794">
        <ele>120.0</ele>
      </trkpt>
      <trkpt lat="43.28254" lon="-2.89679">
        <ele>114.0</ele>
      </trkpt>
      <trkpt lat="43.28415" lon="-2.89559">
        <ele>99.0</ele>
      </trkpt>
      <trkpt lat="43.285" lon="-2.89444">
        <ele>88.0</ele>
      </trkpt>
      <trkpt lat="43.28544" lon="-2.89428">
        <ele>83.0</ele>
      </trkpt>
      <trkpt lat="43.28641" lon="-2.89452">
        <ele>69.0</ele>
      </trkpt>
      <trkpt lat="43.28689" lon="-2.89426">
        <ele>61.0</ele>
      </trkpt>
      <trkpt lat="43.28721" lon="-2.89361">
        <ele>53.0</ele>
      </trkpt>
      <trkpt lat="43.28738" lon="-2.89161">
        <ele>43.0</ele>
      </trkpt>
      <trkpt lat="43.288" lon="-2.89021">
        <ele>31.0</ele>
      </trkpt>
      <trkpt lat="43.29013" lon="-2.88926">
        <ele>21.0</ele>
      </trkpt>
      <trkpt lat="43.29207" lon="-2.89623">
        <ele>17.0</ele>
      </trkpt>
      <trkpt lat="43.29233" lon="-2.89862">
        <ele>19.0</ele>
      </trkpt>
      <trkpt lat="43.29235" lon="-2.89996">
        <ele>21.0</ele>
      </trkpt>
      <trkpt lat="43.29249" lon="-2.90012">
        <ele>21.0</ele>
      </trkpt>
      <trkpt lat="43.29277" lon="-2.90009">
        <ele>22.0</ele>
      </trkpt>
      <trkpt lat="43.29388" lon="-2.89924">
        <ele>24.0</ele>
      </trkpt>
      <trkpt lat="43.29399" lon="-2.89896">
        <ele>24.0</ele>
      </trkpt>
      <trkpt lat="43.29276" lon="-2.89353">
        <ele>19.0</ele>
      </trkpt>
      <trkpt lat="43.28967" lon="-2.88258">
        <ele>27.0</ele>
      </trkpt>
      <trkpt lat="43.28952" lon="-2.88165">
        <ele>27.0</ele>
      </trkpt>
      <trkpt lat="43.28795" lon="-2.87694">
        <ele>27.0</ele>
      </trkpt>
      <trkpt lat="43.28764" lon="-2.87637">
        <ele>29.0</ele>
      </trkpt>
      <trkpt lat="43.28652" lon="-2.87167">
        <ele>39.0</ele>
      </trkpt>
      <trkpt lat="43.28549" lon="-2.86897">
        <ele>45.0</ele>
      </trkpt>
      <trkpt lat="43.28493" lon="-2.86635">
        <ele>45.0</ele>
      </trkpt>
      <trkpt lat="43.28482" lon="-2.86629">
        <ele>46.0</ele>
      </trkpt>
      <trkpt lat="43.28488" lon="-2.86612">
        <ele>47.0</ele>
      </trkpt>
      <trkpt lat="43.28465" lon="-2.86508">
        <ele>49.0</ele>
      </trkpt>
      <trkpt lat="43.28375" lon="-2.8624">
        <ele>53.0</ele>
      </trkpt>
      <trkpt lat="43.27893" lon="-2.85063">
        <ele>39.0</ele>
      </trkpt>
      <trkpt lat="43.27841" lon="-2.84996">
        <ele>40.0</ele>
      </trkpt>
      <trkpt lat="43.27831" lon="-2.84914">
        <ele>41.0</ele>
      </trkpt>
      <trkpt lat="43.27683" lon="-2.84608">
        <ele>45.0</ele>
      </trkpt>
      <trkpt lat="43.2764" lon="-2.84474">
        <ele>46.0</ele>
      </trkpt>
      <trkpt lat="43.27614" lon="-2.84428">
        <ele>46.0</ele>
      </trkpt>
      <trkpt lat="43.2758" lon="-2.84159">
        <ele>49.0</ele>
      </trkpt>
      <trkpt lat="43.27601" lon="-2.84145">
        <ele>50.0</ele>
      </trkpt>
      <trkpt lat="43.27582" lon="-2.84201">
        <ele>51.0</ele>
      </trkpt>
      <trkpt lat="43.27569" lon="-2.84002">
        <ele>51.0</ele>
      </trkpt>
      <trkpt lat="43.27537" lon="-2.83822">
        <ele>52.0</ele>
      </trkpt>
      <trkpt lat="43.27224" lon="-2.82791">
        <ele>64.0</ele>
      </trkpt>
      <trkpt lat="43.27041" lon="-2.82397">
        <ele>72.0</ele>
      </trkpt>
      <trkpt lat="43.26915" lon="-2.8217">
        <ele>79.0</ele>
      </trkpt>
      <trkpt lat="43.2681" lon="-2.82015">
        <ele>85.0</ele>
      </trkpt>
      <trkpt lat="43.26415" lon="-2.81508">
        <ele>89.0</ele>
      </trkpt>
      <trkpt lat="43.26376" lon="-2.81486">
        <ele>88.0</ele>
      </trkpt>
      <trkpt lat="43.26357" lon="-2.81435">
        <ele>87.0</ele>
      </trkpt>
      <trkpt lat="43.26171" lon="-2.81194">
        <ele>80.0</ele>
      </trkpt>
      <trkpt lat="43.26135" lon="-2.81078">
        <ele>79.0</ele>
      </trkpt>
      <trkpt lat="43.2611" lon="-2.81077">
        <ele>79.0</ele>
      </trkpt>
      <trkpt lat="43.26058" lon="-2.81139">
        <ele>80.0</ele>
      </trkpt>
      <trkpt lat="43.26008" lon="-2.81241">
        <ele>84.0</ele>
      </trkpt>
      <trkpt lat="43.25963" lon="-2.81299">
        <ele>88.0</ele>
      </trkpt>
      <trkpt lat="43.25859" lon="-2.81343">
        <ele>101.0</ele>
      </trkpt>
      <trkpt lat="43.25764" lon="-2.81443">
        <ele>116.0</ele>
      </trkpt>
      <trkpt lat="43.25717" lon="-2.81468">
        <ele>127.0</ele>
      </trkpt>
      <trkpt lat="43.2568" lon="-2.81508">
        <ele>137.0</ele>
      </trkpt>
      <trkpt lat="43.25699" lon="-2.81584">
        <ele>152.0</ele>
      </trkpt>
      <trkpt lat="43.25729" lon="-2.81617">
        <ele>160.0</ele>
      </trkpt>
      <trkpt lat="43.25745" lon="-2.81677">
        <ele>165.0</ele>
      </trkpt>
      <trkpt lat="43.25794" lon="-2.81723">
        <ele>171.0</ele>
      </trkpt>
      <trkpt lat="43.25789" lon="-2.81742">
        <ele>175.0</ele>
      </trkpt>
      <trkpt lat="43.25717" lon="-2.8172">
        <ele>181.0</ele>
      </trkpt>
      <trkpt lat="43.25656" lon="-2.81767">
        <ele>190.0</ele>
      </trkpt>
      <trkpt lat="43.25617" lon="-2.81772">
        <ele>195.0</ele>
      </trkpt>
      <trkpt lat="43.25517" lon="-2.81718">
        <ele>210.0</ele>
      </trkpt>
      <trkpt lat="43.25495" lon="-2.81729">
        <ele>213.0</ele>
      </trkpt>
      <trkpt lat="43.25494" lon="-2.8176">
        <ele>216.0</ele>
      </trkpt>
      <trkpt lat="43.25545" lon="-2.81866">
        <ele>220.0</ele>
      </trkpt>
      <trkpt lat="43.2555" lon="-2.8198">
        <ele>230.0</ele>
      </trkpt>
      <trkpt lat="43.25521" lon="-2.82115">
        <ele>240.0</ele>
      </trkpt>
      <trkpt lat="43.25464" lon="-2.82195">
        <ele>245.0</ele>
      </trkpt>
      <trkpt lat="43.25472" lon="-2.82497">
        <ele>259.0</ele>
      </trkpt>
      <trkpt lat="43.25455" lon="-2.82531">
        <ele>263.0</ele>
      </trkpt>
      <trkpt lat="43.25426" lon="-2.82548">
        <ele>267.0</ele>
      </trkpt>
      <trkpt lat="43.2525" lon="-2.82439">
        <ele>279.0</ele>
      </trkpt>
      <trkpt lat="43.25234" lon="-2.82449">
        <ele>282.0</ele>
      </trkpt>
      <trkpt lat="43.25233" lon="-2.82477">
        <ele>284.0</ele>
      </trkpt>
      <trkpt lat="43.25268" lon="-2.82525">
        <ele>289.0</ele>
      </trkpt>
      <trkpt lat="43.25243" lon="-2.82553">
        <ele>293.0</ele>
      </trkpt>
      <trkpt lat="43.25198" lon="-2.82512">
        <ele>298.0</ele>
      </trkpt>
      <trkpt lat="43.25107" lon="-2.82489">
        <ele>304.0</ele>
      </trkpt>
      <trkpt lat="43.25021" lon="-2.82492">
        <ele>315.0</ele>
      </trkpt>
      <trkpt lat="43.24993" lon="-2.82523">
        <ele>319.0</ele>
      </trkpt>
      <trkpt lat="43.24953" lon="-2.82513">
        <ele>319.0</ele>
      </trkpt>
      <trkpt lat="43.24924" lon="-2.82532">
        <ele>318.0</ele>
      </trkpt>
      <trkpt lat="43.24851" lon="-2.8249">
        <ele>318.0</ele>
      </trkpt>
      <trkpt lat="43.24717" lon="-2.82369">
        <ele>324.0</ele>
      </trkpt>
      <trkpt lat="43.24625" lon="-2.82378">
        <ele>331.0</ele>
      </trkpt>
      <trkpt lat="43.24578" lon="-2.82345">
        <ele>334.0</ele>
      </trkpt>
      <trkpt lat="43.24543" lon="-2.82387">
        <ele>335.0</ele>
      </trkpt>
      <trkpt lat="43.24472" lon="-2.82347">
        <ele>331.0</ele>
      </trkpt>
      <trkpt lat="43.24416" lon="-2.82387">
        <ele>324.0</ele>
      </trkpt>
      <trkpt lat="43.24357" lon="-2.82355">
        <ele>319.0</ele>
      </trkpt>
      <trkpt lat="43.24266" lon="-2.8235">
        <ele>310.0</ele>
      </trkpt>
      <trkpt lat="43.24226" lon="-2.82325">
        <ele>305.0</ele>
      </trkpt>
      <trkpt lat="43.24197" lon="-2.82271">
        <ele>299.0</ele>
      </trkpt>
      <trkpt lat="43.24198" lon="-2.82211">
        <ele>295.0</ele>
      </trkpt>
      <trkpt lat="43.24268" lon="-2.82031">
        <ele>288.0</ele>
      </trkpt>
      <trkpt lat="43.24347" lon="-2.81981">
        <ele>280.0</ele>
      </trkpt>
      <trkpt lat="43.24341" lon="-2.81895">
        <ele>274.0</ele>
      </trkpt>
      <trkpt lat="43.24355" lon="-2.81797">
        <ele>266.0</ele>
      </trkpt>
      <trkpt lat="43.24338" lon="-2.81766">
        <ele>263.0</ele>
      </trkpt>
      <trkpt lat="43.24193" lon="-2.8169">
        <ele>252.0</ele>
      </trkpt>
      <trkpt lat="43.24134" lon="-2.81584">
        <ele>243.0</ele>
      </trkpt>
      <trkpt lat="43.24124" lon="-2.81446">
        <ele>232.0</ele>
      </trkpt>
      <trkpt lat="43.24137" lon="-2.81373">
        <ele>226.0</ele>
      </trkpt>
      <trkpt lat="43.24204" lon="-2.81199">
        <ele>210.0</ele>
      </trkpt>
      <trkpt lat="43.24224" lon="-2.81187">
        <ele>208.0</ele>
      </trkpt>
      <trkpt lat="43.24258" lon="-2.812">
        <ele>206.0</ele>
      </trkpt>
      <trkpt lat="43.24276" lon="-2.81177">
        <ele>204.0</ele>
      </trkpt>
      <trkpt lat="43.24221" lon="-2.81127">
        <ele>200.0</ele>
      </trkpt>
      <trkpt lat="43.24128" lon="-2.8109">
        <ele>195.0</ele>
      </trkpt>
      <trkpt lat="43.24106" lon="-2.81093">
        <ele>192.0</ele>
      </trkpt>
      <trkpt lat="43.24089" lon="-2.81115">
        <ele>191.0</ele>
      </trkpt>
      <trkpt lat="43.24094" lon="-2.81226">
        <ele>188.0</ele>
      </trkpt>
      <trkpt lat="43.24037" lon="-2.81316">
        <ele>186.0</ele>
      </trkpt>
      <trkpt lat="43.24009" lon="-2.81316">
        <ele>185.0</ele>
      </trkpt>
      <trkpt lat="43.23946" lon="-2.81259">
        <ele>179.0</ele>
      </trkpt>
      <trkpt lat="43.23919" lon="-2.81275">
        <ele>177.0</ele>
      </trkpt>
      <trkpt lat="43.23872" lon="-2.81348">
        <ele>171.0</ele>
      </trkpt>
      <trkpt lat="43.23842" lon="-2.81358">
        <ele>167.0</ele>
      </trkpt>
      <trkpt lat="43.23801" lon="-2.81288">
        <ele>163.0</ele>
      </trkpt>
      <trkpt lat="43.23775" lon="-2.8128">
        <ele>161.0</ele>
      </trkpt>
      <trkpt lat="43.2375" lon="-2.813">
        <ele>159.0</ele>
      </trkpt>
      <trkpt lat="43.23699" lon="-2.81505">
        <ele>155.0</ele>
      </trkpt>
      <trkpt lat="43.23706" lon="-2.81545">
        <ele>155.0</ele>
      </trkpt>
      <trkpt lat="43.2374" lon="-2.81595">
        <ele>155.0</ele>
      </trkpt>
      <trkpt lat="43.23763" lon="-2.81684">
        <ele>150.0</ele>
      </trkpt>
      <trkpt lat="43.23764" lon="-2.81751">
        <ele>147.0</ele>
      </trkpt>
      <trkpt lat="43.2373" lon="-2.81799">
        <ele>145.0</ele>
      </trkpt>
      <trkpt lat="43.23706" lon="-2.81806">
        <ele>143.0</ele>
      </trkpt>
      <trkpt lat="43.23615" lon="-2.81752">
        <ele>134.0</ele>
      </trkpt>
      <trkpt lat="43.23552" lon="-2.81786">
        <ele>125.0</ele>
      </trkpt>
      <trkpt lat="43.23472" lon="-2.81725">
        <ele>117.0</ele>
      </trkpt>
      <trkpt lat="43.23458" lon="-2.81739">
        <ele>116.0</ele>
      </trkpt>
      <trkpt lat="43.23454" lon="-2.81826">
        <ele>110.0</ele>
      </trkpt>
      <trkpt lat="43.23436" lon="-2.81859">
        <ele>107.0</ele>
      </trkpt>
      <trkpt lat="43.23396" lon="-2.81848">
        <ele>103.0</ele>
      </trkpt>
      <trkpt lat="43.23348" lon="-2.81799">
        <ele>96.0</ele>
      </trkpt>
      <trkpt lat="43.23306" lon="-2.81818">
        <ele>91.0</ele>
      </trkpt>
      <trkpt lat="43.23258" lon="-2.81803">
        <ele>85.0</ele>
      </trkpt>
      <trkpt lat="43.2324" lon="-2.81815">
        <ele>83.0</ele>
      </trkpt>
      <trkpt lat="43.23208" lon="-2.81878">
        <ele>80.0</ele>
      </trkpt>
      <trkpt lat="43.2319" lon="-2.81881">
        <ele>75.0</ele>
      </trkpt>
      <trkpt lat="43.2318" lon="-2.81858">
        <ele>73.0</ele>
      </trkpt>
      <trkpt lat="43.23202" lon="-2.81816">
        <ele>70.0</ele>
      </trkpt>
      <trkpt lat="43.23204" lon="-2.81777">
        <ele>67.0</ele>
      </trkpt>
      <trkpt lat="43.23263" lon="-2.81677">
        <ele>62.0</ele>
      </trkpt>
      <trkpt lat="43.23249" lon="-2.8166">
        <ele>60.0</ele>
      </trkpt>
      <trkpt lat="43.23194" lon="-2.81742">
        <ele>57.0</ele>
      </trkpt>
      <trkpt lat="43.23083" lon="-2.8182">
        <ele>56.0</ele>
      </trkpt>
      <trkpt lat="43.23056" lon="-2.81878">
        <ele>54.0</ele>
      </trkpt>
      <trkpt lat="43.23054" lon="-2.81929">
        <ele>52.0</ele>
      </trkpt>
      <trkpt lat="43.23064" lon="-2.81968">
        <ele>51.0</ele>
      </trkpt>
      <trkpt lat="43.23141" lon="-2.8207">
        <ele>49.0</ele>
      </trkpt>
      <trkpt lat="43.23161" lon="-2.82127">
        <ele>51.0</ele>
      </trkpt>
      <trkpt lat="43.23213" lon="-2.82648">
        <ele>46.0</ele>
      </trkpt>
      <trkpt lat="43.23211" lon="-2.82752">
        <ele>47.0</ele>
      </trkpt>
      <trkpt lat="43.23066" lon="-2.83182">
        <ele>48.0</ele>
      </trkpt>
      <trkpt lat="43.22939" lon="-2.83395">
        <ele>48.0</ele>
      </trkpt>
      <trkpt lat="43.22884" lon="-2.83682">
        <ele>50.0</ele>
      </trkpt>
      <trkpt lat="43.22773" lon="-2.83854">
        <ele>49.0</ele>
      </trkpt>
      <trkpt lat="43.22754" lon="-2.83907">
        <ele>49.0</ele>
      </trkpt>
      <trkpt lat="43.22733" lon="-2.83918">
        <ele>49.0</ele>
      </trkpt>
      <trkpt lat="43.22689" lon="-2.84045">
        <ele>49.0</ele>
      </trkpt>
      <trkpt lat="43.22615" lon="-2.84466">
        <ele>47.0</ele>
      </trkpt>
      <trkpt lat="43.22633" lon="-2.84586">
        <ele>47.0</ele>
      </trkpt>
      <trkpt lat="43.22683" lon="-2.8467">
        <ele>47.0</ele>
      </trkpt>
      <trkpt lat="43.22912" lon="-2.84812">
        <ele>47.0</ele>
      </trkpt>
      <trkpt lat="43.22958" lon="-2.84824">
        <ele>48.0</ele>
      </trkpt>
      <trkpt lat="43.23089" lon="-2.83998">
        <ele>59.0</ele>
      </trkpt>
      <trkpt lat="43.23013" lon="-2.83828">
        <ele>68.0</ele>
      </trkpt>
      <trkpt lat="43.23004" lon="-2.83757">
        <ele>72.0</ele>
      </trkpt>
      <trkpt lat="43.23021" lon="-2.83691">
        <ele>77.0</ele>
      </trkpt>
      <trkpt lat="43.23016" lon="-2.83669">
        <ele>78.0</ele>
      </trkpt>
      <trkpt lat="43.23036" lon="-2.83672">
        <ele>79.0</ele>
      </trkpt>
      <trkpt lat="43.23083" lon="-2.8362">
        <ele>79.0</ele>
      </trkpt>
      <trkpt lat="43.23148" lon="-2.83587">
        <ele>83.0</ele>
      </trkpt>
      <trkpt lat="43.23203" lon="-2.83537">
        <ele>92.0</ele>
      </trkpt>
      <trkpt lat="43.23273" lon="-2.83457">
        <ele>103.0</ele>
      </trkpt>
      <trkpt lat="43.23329" lon="-2.8334">
        <ele>117.0</ele>
      </trkpt>
      <trkpt lat="43.23565" lon="-2.83275">
        <ele>138.0</ele>
      </trkpt>
    </trkseg>
  </trk>
</gpx>