<?xml version="1.0" encoding="UTF-8"?>
<gpx xmlns="http://www.topografix.com/GPX/1/0" xmlns:xsi="http://www.w3.org/2001/XMLSchema-instance" xsi:schemaLocation="http://www.topografix.com/GPX/1/0 http://www.topografix.com/GPX/1/0/gpx.xsd" version="1.0" creator="GPSBabel - https://www.gpsbabel.org">
  <time>2026-03-06T07:22:59.466000Z</time>
  <bounds minlat="42.17457" maxlat="42.36028" minlon="1.34591" maxlon="1.96155" />
  <trk>
    <trkseg>
      <trkpt lat="42.36028" lon="1.45018">
        <ele>714.0</ele>
      </trkpt>
      <trkpt lat="42.35981" lon="1.44839">
        <ele>716.0</ele>
      </trkpt>
      <trkpt lat="42.35905" lon="1.44711">
        <ele>720.0</ele>
      </trkpt>
      <trkpt lat="42.35899" lon="1.44658">
        <ele>722.0</ele>
      </trkpt>
      <trkpt lat="42.3587" lon="1.44623">
        <ele>723.0</ele>
      </trkpt>
      <trkpt lat="42.35828" lon="1.44492">
        <ele>723.0</ele>
      </trkpt>
      <trkpt lat="42.35789" lon="1.44415">
        <ele>722.0</ele>
      </trkpt>
      <trkpt lat="42.35724" lon="1.44351">
        <ele>720.0</ele>
      </trkpt>
      <trkpt lat="42.35638" lon="1.4431">
        <ele>714.0</ele>
      </trkpt>
      <trkpt lat="42.33253" lon="1.40769">
        <ele>663.0</ele>
      </trkpt>
      <trkpt lat="42.32704" lon="1.40141">
        <ele>643.0</ele>
      </trkpt>
      <trkpt lat="42.32608" lon="1.39959">
        <ele>638.0</ele>
      </trkpt>
      <trkpt lat="42.32597" lon="1.39883">
        <ele>634.0</ele>
      </trkpt>
      <trkpt lat="42.32568" lon="1.39877">
        <ele>633.0</ele>
      </trkpt>
      <trkpt lat="42.32515" lon="1.39817">
        <ele>631.0</ele>
      </trkpt>
      <trkpt lat="42.32408" lon="1.39765">
        <ele>628.0</ele>
      </trkpt>
      <trkpt lat="42.32366" lon="1.39727">
        <ele>628.0</ele>
      </trkpt>
      <trkpt lat="42.32299" lon="1.39568">
        <ele>633.0</ele>
      </trkpt>
      <trkpt lat="42.32189" lon="1.3939">
        <ele>637.0</ele>
      </trkpt>
      <trkpt lat="42.32146" lon="1.39188">
        <ele>643.0</ele>
      </trkpt>
      <trkpt lat="42.32111" lon="1.39118">
        <ele>647.0</ele>
      </trkpt>
      <trkpt lat="42.3205" lon="1.3906">
        <ele>651.0</ele>
      </trkpt>
      <trkpt lat="42.31852" lon="1.38937">
        <ele>658.0</ele>
      </trkpt>
      <trkpt lat="42.31699" lon="1.38776">
        <ele>666.0</ele>
      </trkpt>
      <trkpt lat="42.31654" lon="1.38676">
        <ele>667.0</ele>
      </trkpt>
      <trkpt lat="42.31511" lon="1.3815">
        <ele>662.0</ele>
      </trkpt>
      <trkpt lat="42.31485" lon="1.38096">
        <ele>659.0</ele>
      </trkpt>
      <trkpt lat="42.31035" lon="1.37704">
        <ele>640.0</ele>
      </trkpt>
      <trkpt lat="42.30937" lon="1.37597">
        <ele>636.0</ele>
      </trkpt>
      <trkpt lat="42.30778" lon="1.37413">
        <ele>631.0</ele>
      </trkpt>
      <trkpt lat="42.30666" lon="1.37174">
        <ele>622.0</ele>
      </trkpt>
      <trkpt lat="42.3043" lon="1.36886">
        <ele>608.0</ele>
      </trkpt>
      <trkpt lat="42.30239" lon="1.36752">
        <ele>606.0</ele>
      </trkpt>
      <trkpt lat="42.30064" lon="1.36678">
        <ele>603.0</ele>
      </trkpt>
      <trkpt lat="42.29888" lon="1.36472">
        <ele>602.0</ele>
      </trkpt>
      <trkpt lat="42.29798" lon="1.36421">
        <ele>600.0</ele>
      </trkpt>
      <trkpt lat="42.29732" lon="1.36419">
        <ele>599.0</ele>
      </trkpt>
      <trkpt lat="42.29652" lon="1.36454">
        <ele>599.0</ele>
      </trkpt>
      <trkpt lat="42.29484" lon="1.36626">
        <ele>597.0</ele>
      </trkpt>
      <trkpt lat="42.29274" lon="1.36795">
        <ele>591.0</ele>
      </trkpt>
      <trkpt lat="42.2922" lon="1.36817">
        <ele>590.0</ele>
      </trkpt>
      <trkpt lat="42.29122" lon="1.36816">
        <ele>593.0</ele>
      </trkpt>
      <trkpt lat="42.29029" lon="1.36789">
        <ele>593.0</ele>
      </trkpt>
      <trkpt lat="42.28862" lon="1.36673">
        <ele>587.0</ele>
      </trkpt>
      <trkpt lat="42.2882" lon="1.36658">
        <ele>586.0</ele>
      </trkpt>
      <trkpt lat="42.28622" lon="1.36676">
        <ele>587.0</ele>
      </trkpt>
      <trkpt lat="42.28368" lon="1.36583">
        <ele>591.0</ele>
      </trkpt>
      <trkpt lat="42.28202" lon="1.3649">
        <ele>588.0</ele>
      </trkpt>
      <trkpt lat="42.28059" lon="1.36343">
        <ele>587.0</ele>
      </trkpt>
      <trkpt lat="42.27705" lon="1.36137">
        <ele>590.0</ele>
      </trkpt>
      <trkpt lat="42.27572" lon="1.36031">
        <ele>588.0</ele>
      </trkpt>
      <trkpt lat="42.27506" lon="1.36026">
        <ele>588.0</ele>
      </trkpt>
      <trkpt lat="42.27039" lon="1.3609">
        <ele>585.0</ele>
      </trkpt>
      <trkpt lat="42.26813" lon="1.36045">
        <ele>580.0</ele>
      </trkpt>
      <trkpt lat="42.26694" lon="1.35988">
        <ele>579.0</ele>
      </trkpt>
      <trkpt lat="42.26525" lon="1.35869">
        <ele>576.0</ele>
      </trkpt>
      <trkpt lat="42.26421" lon="1.3582">
        <ele>577.0</ele>
      </trkpt>
      <trkpt lat="42.26281" lon="1.35726">
        <ele>578.0</ele>
      </trkpt>
      <trkpt lat="42.25921" lon="1.35585">
        <ele>576.0</ele>
      </trkpt>
      <trkpt lat="42.25865" lon="1.35527">
        <ele>576.0</ele>
      </trkpt>
      <trkpt lat="42.25782" lon="1.35399">
        <ele>577.0</ele>
      </trkpt>
      <trkpt lat="42.25643" lon="1.35229">
        <ele>585.47</ele>
      </trkpt>
      <trkpt lat="42.25399" lon="1.3505">
        <ele>593.68</ele>
      </trkpt>
      <trkpt lat="42.25133" lon="1.34785">
        <ele>603.41</ele>
      </trkpt>
      <trkpt lat="42.24997" lon="1.34697">
        <ele>579.0</ele>
      </trkpt>
      <trkpt lat="42.24829" lon="1.34683">
        <ele>573.0</ele>
      </trkpt>
      <trkpt lat="42.24777" lon="1.34655">
        <ele>572.0</ele>
      </trkpt>
      <trkpt lat="42.24725" lon="1.34591">
        <ele>571.0</ele>
      </trkpt>
      <trkpt lat="42.24711" lon="1.34602">
        <ele>570.0</ele>
      </trkpt>
      <trkpt lat="42.24706" lon="1.34688">
        <ele>570.0</ele>
      </trkpt>
      <trkpt lat="42.24713" lon="1.34727">
        <ele>570.0</ele>
      </trkpt>
      <trkpt lat="42.24735" lon="1.34754">
        <ele>570.0</ele>
      </trkpt>
      <trkpt lat="42.24774" lon="1.3476">
        <ele>569.0</ele>
      </trkpt>
      <trkpt lat="42.24899" lon="1.34718">
        <ele>568.0</ele>
      </trkpt>
      <trkpt lat="42.25008" lon="1.34713">
        <ele>568.0</ele>
      </trkpt>
      <trkpt lat="42.2503" lon="1.34728">
        <ele>569.0</ele>
      </trkpt>
      <trkpt lat="42.25042" lon="1.34796">
        <ele>571.0</ele>
      </trkpt>
      <trkpt lat="42.24951" lon="1.3489">
        <ele>577.0</ele>
      </trkpt>
      <trkpt lat="42.2487" lon="1.34907">
        <ele>583.0</ele>
      </trkpt>
      <trkpt lat="42.24836" lon="1.34931">
        <ele>588.0</ele>
      </trkpt>
      <trkpt lat="42.24737" lon="1.34918">
        <ele>596.0</ele>
      </trkpt>
      <trkpt lat="42.24564" lon="1.34842">
        <ele>607.0</ele>
      </trkpt>
      <trkpt lat="42.24538" lon="1.34843">
        <ele>610.0</ele>
      </trkpt>
      <trkpt lat="42.24439" lon="1.35036">
        <ele>620.0</ele>
      </trkpt>
      <trkpt lat="42.24354" lon="1.35054">
        <ele>622.0</ele>
      </trkpt>
      <trkpt lat="42.24323" lon="1.35187">
        <ele>624.0</ele>
      </trkpt>
      <trkpt lat="42.24334" lon="1.35203">
        <ele>625.0</ele>
      </trkpt>
      <trkpt lat="42.24351" lon="1.35133">
        <ele>630.0</ele>
      </trkpt>
      <trkpt lat="42.24376" lon="1.35092">
        <ele>636.0</ele>
      </trkpt>
      <trkpt lat="42.24466" lon="1.35114">
        <ele>646.0</ele>
      </trkpt>
      <trkpt lat="42.24528" lon="1.35039">
        <ele>649.0</ele>
      </trkpt>
      <trkpt lat="42.24587" lon="1.34991">
        <ele>650.0</ele>
      </trkpt>
      <trkpt lat="42.24601" lon="1.35003">
        <ele>651.0</ele>
      </trkpt>
      <trkpt lat="42.24543" lon="1.35072">
        <ele>657.0</ele>
      </trkpt>
      <trkpt lat="42.24496" lon="1.35167">
        <ele>667.0</ele>
      </trkpt>
      <trkpt lat="42.24431" lon="1.35205">
        <ele>673.0</ele>
      </trkpt>
      <trkpt lat="42.24369" lon="1.35302">
        <ele>677.0</ele>
      </trkpt>
      <trkpt lat="42.24357" lon="1.35334">
        <ele>680.0</ele>
      </trkpt>
      <trkpt lat="42.24363" lon="1.35349">
        <ele>681.0</ele>
      </trkpt>
      <trkpt lat="42.24394" lon="1.35294">
        <ele>685.0</ele>
      </trkpt>
      <trkpt lat="42.24454" lon="1.35241">
        <ele>689.0</ele>
      </trkpt>
      <trkpt lat="42.24526" lon="1.3522">
        <ele>694.0</ele>
      </trkpt>
      <trkpt lat="42.24649" lon="1.35136">
        <ele>703.0</ele>
      </trkpt>
      <trkpt lat="42.24709" lon="1.35129">
        <ele>708.0</ele>
      </trkpt>
      <trkpt lat="42.24707" lon="1.35143">
        <ele>710.0</ele>
      </trkpt>
      <trkpt lat="42.24678" lon="1.35143">
        <ele>712.0</ele>
      </trkpt>
      <trkpt lat="42.24634" lon="1.35175">
        <ele>715.0</ele>
      </trkpt>
      <trkpt lat="42.24436" lon="1.35397">
        <ele>729.0</ele>
      </trkpt>
      <trkpt lat="42.24441" lon="1.35421">
        <ele>732.0</ele>
      </trkpt>
      <trkpt lat="42.24459" lon="1.35391">
        <ele>734.0</ele>
      </trkpt>
      <trkpt lat="42.2467" lon="1.35248">
        <ele>751.0</ele>
      </trkpt>
      <trkpt lat="42.24751" lon="1.35234">
        <ele>761.0</ele>
      </trkpt>
      <trkpt lat="42.24835" lon="1.35272">
        <ele>769.0</ele>
      </trkpt>
      <trkpt lat="42.24879" lon="1.35238">
        <ele>775.0</ele>
      </trkpt>
      <trkpt lat="42.24891" lon="1.35248">
        <ele>777.0</ele>
      </trkpt>
      <trkpt lat="42.24884" lon="1.35266">
        <ele>779.0</ele>
      </trkpt>
      <trkpt lat="42.24836" lon="1.35284">
        <ele>782.0</ele>
      </trkpt>
      <trkpt lat="42.24743" lon="1.35272">
        <ele>785.0</ele>
      </trkpt>
      <trkpt lat="42.24693" lon="1.35301">
        <ele>786.0</ele>
      </trkpt>
      <trkpt lat="42.24573" lon="1.35426">
        <ele>794.0</ele>
      </trkpt>
      <trkpt lat="42.24572" lon="1.35443">
        <ele>796.0</ele>
      </trkpt>
      <trkpt lat="42.24591" lon="1.35446">
        <ele>798.0</ele>
      </trkpt>
      <trkpt lat="42.24623" lon="1.35401">
        <ele>801.0</ele>
      </trkpt>
      <trkpt lat="42.247" lon="1.35342">
        <ele>806.0</ele>
      </trkpt>
      <trkpt lat="42.2474" lon="1.3534">
        <ele>807.0</ele>
      </trkpt>
      <trkpt lat="42.24813" lon="1.35371">
        <ele>812.0</ele>
      </trkpt>
      <trkpt lat="42.24916" lon="1.35385">
        <ele>820.0</ele>
      </trkpt>
      <trkpt lat="42.249" lon="1.35405">
        <ele>825.0</ele>
      </trkpt>
      <trkpt lat="42.24873" lon="1.35389">
        <ele>829.0</ele>
      </trkpt>
      <trkpt lat="42.24817" lon="1.35411">
        <ele>834.0</ele>
      </trkpt>
      <trkpt lat="42.24764" lon="1.35396">
        <ele>838.0</ele>
      </trkpt>
      <trkpt lat="42.24718" lon="1.35408">
        <ele>838.0</ele>
      </trkpt>
      <trkpt lat="42.24653" lon="1.3546">
        <ele>838.0</ele>
      </trkpt>
      <trkpt lat="42.24594" lon="1.35546">
        <ele>840.0</ele>
      </trkpt>
      <trkpt lat="42.24617" lon="1.35748">
        <ele>853.0</ele>
      </trkpt>
      <trkpt lat="42.24586" lon="1.36025">
        <ele>864.0</ele>
      </trkpt>
      <trkpt lat="42.24605" lon="1.36024">
        <ele>867.0</ele>
      </trkpt>
      <trkpt lat="42.2461" lon="1.3596">
        <ele>871.0</ele>
      </trkpt>
      <trkpt lat="42.24706" lon="1.35627">
        <ele>892.0</ele>
      </trkpt>
      <trkpt lat="42.24749" lon="1.35603">
        <ele>898.0</ele>
      </trkpt>
      <trkpt lat="42.2486" lon="1.35592">
        <ele>911.0</ele>
      </trkpt>
      <trkpt lat="42.24856" lon="1.3561">
        <ele>914.0</ele>
      </trkpt>
      <trkpt lat="42.24762" lon="1.35648">
        <ele>918.0</ele>
      </trkpt>
      <trkpt lat="42.24744" lon="1.35675">
        <ele>919.0</ele>
      </trkpt>
      <trkpt lat="42.24698" lon="1.35845">
        <ele>922.0</ele>
      </trkpt>
      <trkpt lat="42.24715" lon="1.35847">
        <ele>925.0</ele>
      </trkpt>
      <trkpt lat="42.24741" lon="1.35749">
        <ele>930.0</ele>
      </trkpt>
      <trkpt lat="42.24768" lon="1.35719">
        <ele>933.0</ele>
      </trkpt>
      <trkpt lat="42.249" lon="1.35699">
        <ele>943.0</ele>
      </trkpt>
      <trkpt lat="42.24897" lon="1.35719">
        <ele>947.0</ele>
      </trkpt>
      <trkpt lat="42.24868" lon="1.3572">
        <ele>950.0</ele>
      </trkpt>
      <trkpt lat="42.24798" lon="1.3577">
        <ele>955.0</ele>
      </trkpt>
      <trkpt lat="42.24785" lon="1.35827">
        <ele>959.0</ele>
      </trkpt>
      <trkpt lat="42.24756" lon="1.35868">
        <ele>964.0</ele>
      </trkpt>
      <trkpt lat="42.24771" lon="1.35883">
        <ele>967.0</ele>
      </trkpt>
      <trkpt lat="42.24812" lon="1.35818">
        <ele>970.0</ele>
      </trkpt>
      <trkpt lat="42.24847" lon="1.35813">
        <ele>972.0</ele>
      </trkpt>
      <trkpt lat="42.2489" lon="1.35777">
        <ele>975.0</ele>
      </trkpt>
      <trkpt lat="42.24906" lon="1.35785">
        <ele>977.0</ele>
      </trkpt>
      <trkpt lat="42.24906" lon="1.35798">
        <ele>977.0</ele>
      </trkpt>
      <trkpt lat="42.2488" lon="1.35807">
        <ele>978.0</ele>
      </trkpt>
      <trkpt lat="42.24827" lon="1.35865">
        <ele>981.0</ele>
      </trkpt>
      <trkpt lat="42.24787" lon="1.35962">
        <ele>986.0</ele>
      </trkpt>
      <trkpt lat="42.2477" lon="1.36231">
        <ele>996.0</ele>
      </trkpt>
      <trkpt lat="42.24779" lon="1.36322">
        <ele>1002.0</ele>
      </trkpt>
      <trkpt lat="42.2479" lon="1.36303">
        <ele>1004.0</ele>
      </trkpt>
      <trkpt lat="42.24784" lon="1.36246">
        <ele>1007.0</ele>
      </trkpt>
      <trkpt lat="42.24798" lon="1.36189">
        <ele>1009.0</ele>
      </trkpt>
      <trkpt lat="42.24854" lon="1.36028">
        <ele>1020.0</ele>
      </trkpt>
      <trkpt lat="42.24934" lon="1.3598">
        <ele>1027.0</ele>
      </trkpt>
      <trkpt lat="42.24957" lon="1.35946">
        <ele>1030.0</ele>
      </trkpt>
      <trkpt lat="42.24979" lon="1.35946">
        <ele>1034.0</ele>
      </trkpt>
      <trkpt lat="42.24885" lon="1.36109">
        <ele>1046.0</ele>
      </trkpt>
      <trkpt lat="42.24865" lon="1.36302">
        <ele>1056.0</ele>
      </trkpt>
      <trkpt lat="42.24939" lon="1.36129">
        <ele>1061.0</ele>
      </trkpt>
      <trkpt lat="42.24992" lon="1.3604">
        <ele>1065.0</ele>
      </trkpt>
      <trkpt lat="42.25011" lon="1.36048">
        <ele>1068.0</ele>
      </trkpt>
      <trkpt lat="42.24956" lon="1.36168">
        <ele>1080.0</ele>
      </trkpt>
      <trkpt lat="42.24934" lon="1.36298">
        <ele>1093.0</ele>
      </trkpt>
      <trkpt lat="42.24865" lon="1.36443">
        <ele>1104.0</ele>
      </trkpt>
      <trkpt lat="42.24864" lon="1.36519">
        <ele>1111.0</ele>
      </trkpt>
      <trkpt lat="42.24902" lon="1.36683">
        <ele>1128.0</ele>
      </trkpt>
      <trkpt lat="42.24881" lon="1.36713">
        <ele>1134.0</ele>
      </trkpt>
      <trkpt lat="42.2479" lon="1.36748">
        <ele>1134.0</ele>
      </trkpt>
      <trkpt lat="42.24743" lon="1.36803">
        <ele>1133.0</ele>
      </trkpt>
      <trkpt lat="42.24587" lon="1.36857">
        <ele>1126.0</ele>
      </trkpt>
      <trkpt lat="42.24521" lon="1.36827">
        <ele>1122.0</ele>
      </trkpt>
      <trkpt lat="42.24455" lon="1.36877">
        <ele>1121.0</ele>
      </trkpt>
      <trkpt lat="42.24455" lon="1.36959">
        <ele>1121.0</ele>
      </trkpt>
      <trkpt lat="42.24424" lon="1.37007">
        <ele>1121.0</ele>
      </trkpt>
      <trkpt lat="42.24439" lon="1.37103">
        <ele>1123.0</ele>
      </trkpt>
      <trkpt lat="42.24379" lon="1.37143">
        <ele>1124.0</ele>
      </trkpt>
      <trkpt lat="42.24332" lon="1.37108">
        <ele>1126.0</ele>
      </trkpt>
      <trkpt lat="42.24288" lon="1.37137">
        <ele>1128.0</ele>
      </trkpt>
      <trkpt lat="42.24241" lon="1.37127">
        <ele>1129.0</ele>
      </trkpt>
      <trkpt lat="42.24084" lon="1.37002">
        <ele>1137.0</ele>
      </trkpt>
      <trkpt lat="42.24052" lon="1.37022">
        <ele>1141.0</ele>
      </trkpt>
      <trkpt lat="42.24" lon="1.37229">
        <ele>1148.0</ele>
      </trkpt>
      <trkpt lat="42.23982" lon="1.37257">
        <ele>1150.0</ele>
      </trkpt>
      <trkpt lat="42.23915" lon="1.37294">
        <ele>1152.0</ele>
      </trkpt>
      <trkpt lat="42.23907" lon="1.37329">
        <ele>1153.0</ele>
      </trkpt>
      <trkpt lat="42.23927" lon="1.37355">
        <ele>1155.0</ele>
      </trkpt>
      <trkpt lat="42.23965" lon="1.37372">
        <ele>1158.0</ele>
      </trkpt>
      <trkpt lat="42.23972" lon="1.37399">
        <ele>1160.0</ele>
      </trkpt>
      <trkpt lat="42.23954" lon="1.37508">
        <ele>1166.0</ele>
      </trkpt>
      <trkpt lat="42.23958" lon="1.37669">
        <ele>1170.0</ele>
      </trkpt>
      <trkpt lat="42.23945" lon="1.37871">
        <ele>1175.0</ele>
      </trkpt>
      <trkpt lat="42.23849" lon="1.38055">
        <ele>1178.0</ele>
      </trkpt>
      <trkpt lat="42.2375" lon="1.38207">
        <ele>1177.0</ele>
      </trkpt>
      <trkpt lat="42.23719" lon="1.38413">
        <ele>1170.0</ele>
      </trkpt>
      <trkpt lat="42.23664" lon="1.38598">
        <ele>1161.0</ele>
      </trkpt>
      <trkpt lat="42.23671" lon="1.3869">
        <ele>1156.0</ele>
      </trkpt>
      <trkpt lat="42.23663" lon="1.38728">
        <ele>1153.0</ele>
      </trkpt>
      <trkpt lat="42.23624" lon="1.38771">
        <ele>1151.0</ele>
      </trkpt>
      <trkpt lat="42.2346" lon="1.39047">
        <ele>1145.0</ele>
      </trkpt>
      <trkpt lat="42.23441" lon="1.39139">
        <ele>1146.0</ele>
      </trkpt>
      <trkpt lat="42.23441" lon="1.39202">
        <ele>1147.0</ele>
      </trkpt>
      <trkpt lat="42.23389" lon="1.39272">
        <ele>1149.0</ele>
      </trkpt>
      <trkpt lat="42.23379" lon="1.39489">
        <ele>1153.0</ele>
      </trkpt>
      <trkpt lat="42.23333" lon="1.39603">
        <ele>1159.0</ele>
      </trkpt>
      <trkpt lat="42.23312" lon="1.3971">
        <ele>1164.0</ele>
      </trkpt>
      <trkpt lat="42.23208" lon="1.39904">
        <ele>1177.0</ele>
      </trkpt>
      <trkpt lat="42.23196" lon="1.39999">
        <ele>1184.0</ele>
      </trkpt>
      <trkpt lat="42.23154" lon="1.40095">
        <ele>1189.0</ele>
      </trkpt>
      <trkpt lat="42.22998" lon="1.40371">
        <ele>1210.0</ele>
      </trkpt>
      <trkpt lat="42.22996" lon="1.40392">
        <ele>1213.0</ele>
      </trkpt>
      <trkpt lat="42.23042" lon="1.40471">
        <ele>1216.0</ele>
      </trkpt>
      <trkpt lat="42.23064" lon="1.40484">
        <ele>1219.0</ele>
      </trkpt>
      <trkpt lat="42.23116" lon="1.4046">
        <ele>1221.0</ele>
      </trkpt>
      <trkpt lat="42.23174" lon="1.404">
        <ele>1225.0</ele>
      </trkpt>
      <trkpt lat="42.23246" lon="1.40402">
        <ele>1229.0</ele>
      </trkpt>
      <trkpt lat="42.2333" lon="1.40365">
        <ele>1230.0</ele>
      </trkpt>
      <trkpt lat="42.23389" lon="1.40443">
        <ele>1230.0</ele>
      </trkpt>
      <trkpt lat="42.23448" lon="1.40469">
        <ele>1233.0</ele>
      </trkpt>
      <trkpt lat="42.23641" lon="1.40433">
        <ele>1242.0</ele>
      </trkpt>
      <trkpt lat="42.23819" lon="1.40355">
        <ele>1251.0</ele>
      </trkpt>
      <trkpt lat="42.2383" lon="1.40384">
        <ele>1256.0</ele>
      </trkpt>
      <trkpt lat="42.23767" lon="1.40498">
        <ele>1260.0</ele>
      </trkpt>
      <trkpt lat="42.2376" lon="1.40545">
        <ele>1262.0</ele>
      </trkpt>
      <trkpt lat="42.23768" lon="1.40572">
        <ele>1263.0</ele>
      </trkpt>
      <trkpt lat="42.23859" lon="1.40591">
        <ele>1265.0</ele>
      </trkpt>
      <trkpt lat="42.23998" lon="1.40519">
        <ele>1271.0</ele>
      </trkpt>
      <trkpt lat="42.24082" lon="1.40537">
        <ele>1277.0</ele>
      </trkpt>
      <trkpt lat="42.24112" lon="1.40652">
        <ele>1281.0</ele>
      </trkpt>
      <trkpt lat="42.24114" lon="1.40828">
        <ele>1285.0</ele>
      </trkpt>
      <trkpt lat="42.24135" lon="1.40851">
        <ele>1290.0</ele>
      </trkpt>
      <trkpt lat="42.24234" lon="1.40787">
        <ele>1300.0</ele>
      </trkpt>
      <trkpt lat="42.24253" lon="1.40712">
        <ele>1307.0</ele>
      </trkpt>
      <trkpt lat="42.24296" lon="1.40625">
        <ele>1311.0</ele>
      </trkpt>
      <trkpt lat="42.2431" lon="1.40608">
        <ele>1313.0</ele>
      </trkpt>
      <trkpt lat="42.2433" lon="1.40609">
        <ele>1315.0</ele>
      </trkpt>
      <trkpt lat="42.24344" lon="1.40637">
        <ele>1317.0</ele>
      </trkpt>
      <trkpt lat="42.24348" lon="1.40776">
        <ele>1323.0</ele>
      </trkpt>
      <trkpt lat="42.24303" lon="1.40966">
        <ele>1328.0</ele>
      </trkpt>
      <trkpt lat="42.24279" lon="1.41021">
        <ele>1329.0</ele>
      </trkpt>
      <trkpt lat="42.24279" lon="1.41043">
        <ele>1329.0</ele>
      </trkpt>
      <trkpt lat="42.24299" lon="1.41061">
        <ele>1328.0</ele>
      </trkpt>
      <trkpt lat="42.24327" lon="1.41038">
        <ele>1328.0</ele>
      </trkpt>
      <trkpt lat="42.24409" lon="1.40916">
        <ele>1327.0</ele>
      </trkpt>
      <trkpt lat="42.24586" lon="1.40854">
        <ele>1327.0</ele>
      </trkpt>
      <trkpt lat="42.24627" lon="1.40861">
        <ele>1326.0</ele>
      </trkpt>
      <trkpt lat="42.24709" lon="1.40808">
        <ele>1320.0</ele>
      </trkpt>
      <trkpt lat="42.24825" lon="1.40614">
        <ele>1312.0</ele>
      </trkpt>
      <trkpt lat="42.24928" lon="1.4064">
        <ele>1310.0</ele>
      </trkpt>
      <trkpt lat="42.24994" lon="1.40596">
        <ele>1308.0</ele>
      </trkpt>
      <trkpt lat="42.25062" lon="1.40483">
        <ele>1306.0</ele>
      </trkpt>
      <trkpt lat="42.25077" lon="1.404">
        <ele>1306.0</ele>
      </trkpt>
      <trkpt lat="42.25062" lon="1.40299">
        <ele>1306.0</ele>
      </trkpt>
      <trkpt lat="42.25091" lon="1.40264">
        <ele>1305.0</ele>
      </trkpt>
      <trkpt lat="42.25219" lon="1.40392">
        <ele>1299.0</ele>
      </trkpt>
      <trkpt lat="42.25241" lon="1.40435">
        <ele>1297.0</ele>
      </trkpt>
      <trkpt lat="42.25245" lon="1.40501">
        <ele>1294.0</ele>
      </trkpt>
      <trkpt lat="42.25203" lon="1.4077">
        <ele>1281.0</ele>
      </trkpt>
      <trkpt lat="42.2526" lon="1.40899">
        <ele>1272.0</ele>
      </trkpt>
      <trkpt lat="42.25219" lon="1.41013">
        <ele>1267.0</ele>
      </trkpt>
      <trkpt lat="42.25051" lon="1.41291">
        <ele>1242.0</ele>
      </trkpt>
      <trkpt lat="42.25051" lon="1.41319">
        <ele>1237.0</ele>
      </trkpt>
      <trkpt lat="42.25074" lon="1.41385">
        <ele>1234.0</ele>
      </trkpt>
      <trkpt lat="42.25099" lon="1.41418">
        <ele>1231.0</ele>
      </trkpt>
      <trkpt lat="42.25098" lon="1.41438">
        <ele>1230.0</ele>
      </trkpt>
      <trkpt lat="42.25028" lon="1.41458">
        <ele>1227.0</ele>
      </trkpt>
      <trkpt lat="42.24978" lon="1.41523">
        <ele>1221.0</ele>
      </trkpt>
      <trkpt lat="42.249" lon="1.41557">
        <ele>1214.0</ele>
      </trkpt>
      <trkpt lat="42.24819" lon="1.4171">
        <ele>1206.0</ele>
      </trkpt>
      <trkpt lat="42.24817" lon="1.41782">
        <ele>1203.0</ele>
      </trkpt>
      <trkpt lat="42.24833" lon="1.41848">
        <ele>1203.0</ele>
      </trkpt>
      <trkpt lat="42.24827" lon="1.41906">
        <ele>1203.0</ele>
      </trkpt>
      <trkpt lat="42.24753" lon="1.41968">
        <ele>1203.0</ele>
      </trkpt>
      <trkpt lat="42.24808" lon="1.42142">
        <ele>1202.0</ele>
      </trkpt>
      <trkpt lat="42.2479" lon="1.42195">
        <ele>1199.0</ele>
      </trkpt>
      <trkpt lat="42.24746" lon="1.4222">
        <ele>1196.0</ele>
      </trkpt>
      <trkpt lat="42.24699" lon="1.42276">
        <ele>1191.0</ele>
      </trkpt>
      <trkpt lat="42.24668" lon="1.42379">
        <ele>1184.0</ele>
      </trkpt>
      <trkpt lat="42.24751" lon="1.42549">
        <ele>1189.0</ele>
      </trkpt>
      <trkpt lat="42.24754" lon="1.42595">
        <ele>1193.0</ele>
      </trkpt>
      <trkpt lat="42.24555" lon="1.42706">
        <ele>1165.0</ele>
      </trkpt>
      <trkpt lat="42.24524" lon="1.42712">
        <ele>1162.0</ele>
      </trkpt>
      <trkpt lat="42.24505" lon="1.42696">
        <ele>1158.0</ele>
      </trkpt>
      <trkpt lat="42.24517" lon="1.42672">
        <ele>1157.0</ele>
      </trkpt>
      <trkpt lat="42.24593" lon="1.42641">
        <ele>1153.0</ele>
      </trkpt>
      <trkpt lat="42.24684" lon="1.42565">
        <ele>1149.0</ele>
      </trkpt>
      <trkpt lat="42.24678" lon="1.42532">
        <ele>1149.0</ele>
      </trkpt>
      <trkpt lat="42.24581" lon="1.42374">
        <ele>1140.0</ele>
      </trkpt>
      <trkpt lat="42.24632" lon="1.42215">
        <ele>1128.0</ele>
      </trkpt>
      <trkpt lat="42.24706" lon="1.42117">
        <ele>1119.0</ele>
      </trkpt>
      <trkpt lat="42.24665" lon="1.42016">
        <ele>1115.0</ele>
      </trkpt>
      <trkpt lat="42.24668" lon="1.41906">
        <ele>1116.0</ele>
      </trkpt>
      <trkpt lat="42.24706" lon="1.41836">
        <ele>1117.0</ele>
      </trkpt>
      <trkpt lat="42.24695" lon="1.41768">
        <ele>1118.0</ele>
      </trkpt>
      <trkpt lat="42.24672" lon="1.41736">
        <ele>1118.0</ele>
      </trkpt>
      <trkpt lat="42.24665" lon="1.41691">
        <ele>1116.0</ele>
      </trkpt>
      <trkpt lat="42.24657" lon="1.41722">
        <ele>1116.0</ele>
      </trkpt>
      <trkpt lat="42.24687" lon="1.41783">
        <ele>1114.0</ele>
      </trkpt>
      <trkpt lat="42.24689" lon="1.41824">
        <ele>1113.0</ele>
      </trkpt>
      <trkpt lat="42.24649" lon="1.4188">
        <ele>1106.0</ele>
      </trkpt>
      <trkpt lat="42.2462" lon="1.42032">
        <ele>1088.0</ele>
      </trkpt>
      <trkpt lat="42.2465" lon="1.42085">
        <ele>1082.0</ele>
      </trkpt>
      <trkpt lat="42.2465" lon="1.42108">
        <ele>1080.0</ele>
      </trkpt>
      <trkpt lat="42.24569" lon="1.42188">
        <ele>1078.0</ele>
      </trkpt>
      <trkpt lat="42.24544" lon="1.42246">
        <ele>1073.0</ele>
      </trkpt>
      <trkpt lat="42.24442" lon="1.42312">
        <ele>1065.0</ele>
      </trkpt>
      <trkpt lat="42.24424" lon="1.42339">
        <ele>1061.0</ele>
      </trkpt>
      <trkpt lat="42.24431" lon="1.42378">
        <ele>1059.0</ele>
      </trkpt>
      <trkpt lat="42.24478" lon="1.42446">
        <ele>1057.0</ele>
      </trkpt>
      <trkpt lat="42.24484" lon="1.4248">
        <ele>1056.0</ele>
      </trkpt>
      <trkpt lat="42.24393" lon="1.4252">
        <ele>1055.0</ele>
      </trkpt>
      <trkpt lat="42.24217" lon="1.42538">
        <ele>1047.0</ele>
      </trkpt>
      <trkpt lat="42.24174" lon="1.42559">
        <ele>1035.0</ele>
      </trkpt>
      <trkpt lat="42.24155" lon="1.42597">
        <ele>1033.0</ele>
      </trkpt>
      <trkpt lat="42.24161" lon="1.42622">
        <ele>1033.0</ele>
      </trkpt>
      <trkpt lat="42.24255" lon="1.42747">
        <ele>1033.0</ele>
      </trkpt>
      <trkpt lat="42.24106" lon="1.42826">
        <ele>1022.0</ele>
      </trkpt>
      <trkpt lat="42.24089" lon="1.42852">
        <ele>1003.0</ele>
      </trkpt>
      <trkpt lat="42.24097" lon="1.42876">
        <ele>1002.0</ele>
      </trkpt>
      <trkpt lat="42.24165" lon="1.42912">
        <ele>1003.0</ele>
      </trkpt>
      <trkpt lat="42.24327" lon="1.42948">
        <ele>1005.0</ele>
      </trkpt>
      <trkpt lat="42.2444" lon="1.43001">
        <ele>1005.0</ele>
      </trkpt>
      <trkpt lat="42.2445" lon="1.43033">
        <ele>1005.0</ele>
      </trkpt>
      <trkpt lat="42.24401" lon="1.43079">
        <ele>1000.0</ele>
      </trkpt>
      <trkpt lat="42.24326" lon="1.43095">
        <ele>991.0</ele>
      </trkpt>
      <trkpt lat="42.24175" lon="1.43194">
        <ele>978.0</ele>
      </trkpt>
      <trkpt lat="42.24136" lon="1.43271">
        <ele>969.0</ele>
      </trkpt>
      <trkpt lat="42.24167" lon="1.43321">
        <ele>965.0</ele>
      </trkpt>
      <trkpt lat="42.24169" lon="1.43373">
        <ele>960.0</ele>
      </trkpt>
      <trkpt lat="42.24098" lon="1.4325">
        <ele>949.0</ele>
      </trkpt>
      <trkpt lat="42.2411" lon="1.43162">
        <ele>945.0</ele>
      </trkpt>
      <trkpt lat="42.24133" lon="1.43122">
        <ele>942.0</ele>
      </trkpt>
      <trkpt lat="42.241" lon="1.43141">
        <ele>940.0</ele>
      </trkpt>
      <trkpt lat="42.24065" lon="1.43251">
        <ele>935.0</ele>
      </trkpt>
      <trkpt lat="42.24088" lon="1.43308">
        <ele>933.0</ele>
      </trkpt>
      <trkpt lat="42.2409" lon="1.43367">
        <ele>931.0</ele>
      </trkpt>
      <trkpt lat="42.24137" lon="1.43494">
        <ele>927.0</ele>
      </trkpt>
      <trkpt lat="42.24096" lon="1.43548">
        <ele>923.0</ele>
      </trkpt>
      <trkpt lat="42.24086" lon="1.43542">
        <ele>920.0</ele>
      </trkpt>
      <trkpt lat="42.24109" lon="1.43488">
        <ele>916.0</ele>
      </trkpt>
      <trkpt lat="42.24054" lon="1.43398">
        <ele>911.0</ele>
      </trkpt>
      <trkpt lat="42.24045" lon="1.43341">
        <ele>908.0</ele>
      </trkpt>
      <trkpt lat="42.2397" lon="1.4325">
        <ele>904.0</ele>
      </trkpt>
      <trkpt lat="42.23957" lon="1.43251">
        <ele>902.0</ele>
      </trkpt>
      <trkpt lat="42.24021" lon="1.43372">
        <ele>893.0</ele>
      </trkpt>
      <trkpt lat="42.24015" lon="1.43463">
        <ele>888.0</ele>
      </trkpt>
      <trkpt lat="42.23986" lon="1.43516">
        <ele>887.0</ele>
      </trkpt>
      <trkpt lat="42.23973" lon="1.43677">
        <ele>885.0</ele>
      </trkpt>
      <trkpt lat="42.23956" lon="1.43729">
        <ele>884.0</ele>
      </trkpt>
      <trkpt lat="42.23894" lon="1.43782">
        <ele>881.0</ele>
      </trkpt>
      <trkpt lat="42.23877" lon="1.43814">
        <ele>880.0</ele>
      </trkpt>
      <trkpt lat="42.2388" lon="1.43871">
        <ele>879.0</ele>
      </trkpt>
      <trkpt lat="42.23903" lon="1.43932">
        <ele>883.0</ele>
      </trkpt>
      <trkpt lat="42.23911" lon="1.44104">
        <ele>896.0</ele>
      </trkpt>
      <trkpt lat="42.23903" lon="1.4416">
        <ele>897.0</ele>
      </trkpt>
      <trkpt lat="42.23864" lon="1.44267">
        <ele>894.0</ele>
      </trkpt>
      <trkpt lat="42.23873" lon="1.44495">
        <ele>891.0</ele>
      </trkpt>
      <trkpt lat="42.23847" lon="1.44642">
        <ele>894.0</ele>
      </trkpt>
      <trkpt lat="42.23797" lon="1.44802">
        <ele>898.0</ele>
      </trkpt>
      <trkpt lat="42.23749" lon="1.44855">
        <ele>900.0</ele>
      </trkpt>
      <trkpt lat="42.23731" lon="1.44951">
        <ele>898.0</ele>
      </trkpt>
      <trkpt lat="42.23738" lon="1.4504">
        <ele>896.0</ele>
      </trkpt>
      <trkpt lat="42.23719" lon="1.45125">
        <ele>895.0</ele>
      </trkpt>
      <trkpt lat="42.2377" lon="1.45345">
        <ele>909.0</ele>
      </trkpt>
      <trkpt lat="42.23774" lon="1.45442">
        <ele>912.0</ele>
      </trkpt>
      <trkpt lat="42.23754" lon="1.45536">
        <ele>911.0</ele>
      </trkpt>
      <trkpt lat="42.23807" lon="1.45612">
        <ele>907.0</ele>
      </trkpt>
      <trkpt lat="42.2379" lon="1.45639">
        <ele>905.0</ele>
      </trkpt>
      <trkpt lat="42.23751" lon="1.45651">
        <ele>906.0</ele>
      </trkpt>
      <trkpt lat="42.23733" lon="1.45695">
        <ele>907.0</ele>
      </trkpt>
      <trkpt lat="42.23709" lon="1.45841">
        <ele>909.0</ele>
      </trkpt>
      <trkpt lat="42.23707" lon="1.4599">
        <ele>915.0</ele>
      </trkpt>
      <trkpt lat="42.23658" lon="1.46118">
        <ele>922.0</ele>
      </trkpt>
      <trkpt lat="42.23685" lon="1.46154">
        <ele>928.0</ele>
      </trkpt>
      <trkpt lat="42.2368" lon="1.46271">
        <ele>935.0</ele>
      </trkpt>
      <trkpt lat="42.23667" lon="1.46296">
        <ele>943.0</ele>
      </trkpt>
      <trkpt lat="42.23629" lon="1.46316">
        <ele>945.0</ele>
      </trkpt>
      <trkpt lat="42.23552" lon="1.4645">
        <ele>943.0</ele>
      </trkpt>
      <trkpt lat="42.23462" lon="1.46676">
        <ele>940.0</ele>
      </trkpt>
      <trkpt lat="42.23455" lon="1.46792">
        <ele>941.0</ele>
      </trkpt>
      <trkpt lat="42.23414" lon="1.46898">
        <ele>943.0</ele>
      </trkpt>
      <trkpt lat="42.23422" lon="1.4709">
        <ele>947.0</ele>
      </trkpt>
      <trkpt lat="42.23359" lon="1.47378">
        <ele>954.0</ele>
      </trkpt>
      <trkpt lat="42.23377" lon="1.47508">
        <ele>960.0</ele>
      </trkpt>
      <trkpt lat="42.2341" lon="1.4758">
        <ele>972.0</ele>
      </trkpt>
      <trkpt lat="42.23401" lon="1.47604">
        <ele>974.0</ele>
      </trkpt>
      <trkpt lat="42.23283" lon="1.47707">
        <ele>974.0</ele>
      </trkpt>
      <trkpt lat="42.23247" lon="1.478">
        <ele>971.0</ele>
      </trkpt>
      <trkpt lat="42.23298" lon="1.47899">
        <ele>971.0</ele>
      </trkpt>
      <trkpt lat="42.23287" lon="1.47999">
        <ele>972.0</ele>
      </trkpt>
      <trkpt lat="42.23298" lon="1.48042">
        <ele>974.0</ele>
      </trkpt>
      <trkpt lat="42.23329" lon="1.48087">
        <ele>975.0</ele>
      </trkpt>
      <trkpt lat="42.23388" lon="1.48113">
        <ele>978.0</ele>
      </trkpt>
      <trkpt lat="42.23353" lon="1.48247">
        <ele>981.0</ele>
      </trkpt>
      <trkpt lat="42.23376" lon="1.48428">
        <ele>979.0</ele>
      </trkpt>
      <trkpt lat="42.23354" lon="1.48677">
        <ele>974.0</ele>
      </trkpt>
      <trkpt lat="42.23359" lon="1.48721">
        <ele>972.0</ele>
      </trkpt>
      <trkpt lat="42.23368" lon="1.48762">
        <ele>970.0</ele>
      </trkpt>
      <trkpt lat="42.23451" lon="1.48917">
        <ele>967.0</ele>
      </trkpt>
      <trkpt lat="42.23497" lon="1.48959">
        <ele>964.0</ele>
      </trkpt>
      <trkpt lat="42.23532" lon="1.49246">
        <ele>960.0</ele>
      </trkpt>
      <trkpt lat="42.23672" lon="1.49592">
        <ele>964.0</ele>
      </trkpt>
      <trkpt lat="42.23746" lon="1.4973">
        <ele>972.0</ele>
      </trkpt>
      <trkpt lat="42.23848" lon="1.50024">
        <ele>977.0</ele>
      </trkpt>
      <trkpt lat="42.23905" lon="1.50091">
        <ele>977.0</ele>
      </trkpt>
      <trkpt lat="42.23986" lon="1.50108">
        <ele>978.0</ele>
      </trkpt>
      <trkpt lat="42.24037" lon="1.50153">
        <ele>978.0</ele>
      </trkpt>
      <trkpt lat="42.24066" lon="1.50211">
        <ele>978.0</ele>
      </trkpt>
      <trkpt lat="42.24083" lon="1.5031">
        <ele>978.0</ele>
      </trkpt>
      <trkpt lat="42.24133" lon="1.50445">
        <ele>978.0</ele>
      </trkpt>
      <trkpt lat="42.24147" lon="1.50515">
        <ele>980.0</ele>
      </trkpt>
      <trkpt lat="42.24197" lon="1.50565">
        <ele>984.0</ele>
      </trkpt>
      <trkpt lat="42.24192" lon="1.50598">
        <ele>985.0</ele>
      </trkpt>
      <trkpt lat="42.24142" lon="1.50687">
        <ele>989.0</ele>
      </trkpt>
      <trkpt lat="42.24163" lon="1.50858">
        <ele>994.0</ele>
      </trkpt>
      <trkpt lat="42.24116" lon="1.50913">
        <ele>999.0</ele>
      </trkpt>
      <trkpt lat="42.24151" lon="1.50976">
        <ele>1001.0</ele>
      </trkpt>
      <trkpt lat="42.24206" lon="1.5127">
        <ele>1006.0</ele>
      </trkpt>
      <trkpt lat="42.24243" lon="1.51394">
        <ele>1010.0</ele>
      </trkpt>
      <trkpt lat="42.24266" lon="1.51429">
        <ele>1016.0</ele>
      </trkpt>
      <trkpt lat="42.24256" lon="1.51623">
        <ele>1021.0</ele>
      </trkpt>
      <trkpt lat="42.24321" lon="1.51826">
        <ele>1019.0</ele>
      </trkpt>
      <trkpt lat="42.24334" lon="1.51906">
        <ele>1018.0</ele>
      </trkpt>
      <trkpt lat="42.24367" lon="1.51989">
        <ele>1017.0</ele>
      </trkpt>
      <trkpt lat="42.24389" lon="1.52287">
        <ele>1016.0</ele>
      </trkpt>
      <trkpt lat="42.24379" lon="1.52384">
        <ele>1014.0</ele>
      </trkpt>
      <trkpt lat="42.24392" lon="1.52469">
        <ele>1011.0</ele>
      </trkpt>
      <trkpt lat="42.2437" lon="1.52543">
        <ele>1009.0</ele>
      </trkpt>
      <trkpt lat="42.24359" lon="1.52646">
        <ele>1012.0</ele>
      </trkpt>
      <trkpt lat="42.24273" lon="1.52842">
        <ele>1016.0</ele>
      </trkpt>
      <trkpt lat="42.24168" lon="1.52979">
        <ele>1020.0</ele>
      </trkpt>
      <trkpt lat="42.24116" lon="1.531">
        <ele>1022.0</ele>
      </trkpt>
      <trkpt lat="42.24069" lon="1.53138">
        <ele>1023.0</ele>
      </trkpt>
      <trkpt lat="42.23994" lon="1.53327">
        <ele>1025.0</ele>
      </trkpt>
      <trkpt lat="42.23983" lon="1.53389">
        <ele>1029.0</ele>
      </trkpt>
      <trkpt lat="42.24007" lon="1.53525">
        <ele>1032.0</ele>
      </trkpt>
      <trkpt lat="42.23973" lon="1.53755">
        <ele>1038.0</ele>
      </trkpt>
      <trkpt lat="42.23919" lon="1.53849">
        <ele>1041.0</ele>
      </trkpt>
      <trkpt lat="42.23873" lon="1.53896">
        <ele>1045.0</ele>
      </trkpt>
      <trkpt lat="42.23846" lon="1.54056">
        <ele>1055.0</ele>
      </trkpt>
      <trkpt lat="42.2377" lon="1.54141">
        <ele>1064.0</ele>
      </trkpt>
      <trkpt lat="42.23686" lon="1.54397">
        <ele>1077.0</ele>
      </trkpt>
      <trkpt lat="42.23633" lon="1.54496">
        <ele>1086.0</ele>
      </trkpt>
      <trkpt lat="42.23633" lon="1.54579">
        <ele>1090.0</ele>
      </trkpt>
      <trkpt lat="42.23619" lon="1.54623">
        <ele>1091.0</ele>
      </trkpt>
      <trkpt lat="42.23596" lon="1.54655">
        <ele>1092.0</ele>
      </trkpt>
      <trkpt lat="42.23507" lon="1.54712">
        <ele>1095.0</ele>
      </trkpt>
      <trkpt lat="42.23463" lon="1.54772">
        <ele>1097.0</ele>
      </trkpt>
      <trkpt lat="42.23366" lon="1.54854">
        <ele>1102.0</ele>
      </trkpt>
      <trkpt lat="42.23266" lon="1.54984">
        <ele>1108.0</ele>
      </trkpt>
      <trkpt lat="42.23279" lon="1.55144">
        <ele>1112.0</ele>
      </trkpt>
      <trkpt lat="42.23232" lon="1.55336">
        <ele>1114.0</ele>
      </trkpt>
      <trkpt lat="42.23255" lon="1.55668">
        <ele>1121.0</ele>
      </trkpt>
      <trkpt lat="42.23233" lon="1.55837">
        <ele>1125.0</ele>
      </trkpt>
      <trkpt lat="42.23255" lon="1.56014">
        <ele>1128.0</ele>
      </trkpt>
      <trkpt lat="42.23254" lon="1.56095">
        <ele>1131.0</ele>
      </trkpt>
      <trkpt lat="42.23292" lon="1.56232">
        <ele>1133.0</ele>
      </trkpt>
      <trkpt lat="42.23333" lon="1.56455">
        <ele>1134.0</ele>
      </trkpt>
      <trkpt lat="42.234" lon="1.56524">
        <ele>1136.0</ele>
      </trkpt>
      <trkpt lat="42.23454" lon="1.5671">
        <ele>1141.0</ele>
      </trkpt>
      <trkpt lat="42.23525" lon="1.56808">
        <ele>1144.0</ele>
      </trkpt>
      <trkpt lat="42.23616" lon="1.56867">
        <ele>1149.0</ele>
      </trkpt>
      <trkpt lat="42.2368" lon="1.56996">
        <ele>1153.0</ele>
      </trkpt>
      <trkpt lat="42.23717" lon="1.57041">
        <ele>1156.0</ele>
      </trkpt>
      <trkpt lat="42.23772" lon="1.57185">
        <ele>1159.0</ele>
      </trkpt>
      <trkpt lat="42.23769" lon="1.57301">
        <ele>1162.0</ele>
      </trkpt>
      <trkpt lat="42.23794" lon="1.57387">
        <ele>1165.0</ele>
      </trkpt>
      <trkpt lat="42.23874" lon="1.57449">
        <ele>1169.0</ele>
      </trkpt>
      <trkpt lat="42.23952" lon="1.57485">
        <ele>1170.0</ele>
      </trkpt>
      <trkpt lat="42.24025" lon="1.57556">
        <ele>1169.0</ele>
      </trkpt>
      <trkpt lat="42.24133" lon="1.57592">
        <ele>1170.0</ele>
      </trkpt>
      <trkpt lat="42.24148" lon="1.57635">
        <ele>1171.0</ele>
      </trkpt>
      <trkpt lat="42.2416" lon="1.57779">
        <ele>1175.0</ele>
      </trkpt>
      <trkpt lat="42.24217" lon="1.57803">
        <ele>1179.0</ele>
      </trkpt>
      <trkpt lat="42.24346" lon="1.58065">
        <ele>1199.0</ele>
      </trkpt>
      <trkpt lat="42.24334" lon="1.58187">
        <ele>1207.0</ele>
      </trkpt>
      <trkpt lat="42.2439" lon="1.58253">
        <ele>1213.0</ele>
      </trkpt>
      <trkpt lat="42.24432" lon="1.58441">
        <ele>1218.0</ele>
      </trkpt>
      <trkpt lat="42.24428" lon="1.58508">
        <ele>1218.0</ele>
      </trkpt>
      <trkpt lat="42.24391" lon="1.58621">
        <ele>1219.0</ele>
      </trkpt>
      <trkpt lat="42.24415" lon="1.58763">
        <ele>1220.0</ele>
      </trkpt>
      <trkpt lat="42.24443" lon="1.58801">
        <ele>1223.0</ele>
      </trkpt>
      <trkpt lat="42.2445" lon="1.58864">
        <ele>1226.0</ele>
      </trkpt>
      <trkpt lat="42.24496" lon="1.59007">
        <ele>1234.0</ele>
      </trkpt>
      <trkpt lat="42.24525" lon="1.59062">
        <ele>1235.0</ele>
      </trkpt>
      <trkpt lat="42.24527" lon="1.59132">
        <ele>1235.0</ele>
      </trkpt>
      <trkpt lat="42.24565" lon="1.59163">
        <ele>1235.0</ele>
      </trkpt>
      <trkpt lat="42.24636" lon="1.59162">
        <ele>1235.0</ele>
      </trkpt>
      <trkpt lat="42.24638" lon="1.59182">
        <ele>1235.0</ele>
      </trkpt>
      <trkpt lat="42.24598" lon="1.5927">
        <ele>1235.0</ele>
      </trkpt>
      <trkpt lat="42.24612" lon="1.59348">
        <ele>1235.0</ele>
      </trkpt>
      <trkpt lat="42.24688" lon="1.59408">
        <ele>1242.0</ele>
      </trkpt>
      <trkpt lat="42.24697" lon="1.59431">
        <ele>1244.0</ele>
      </trkpt>
      <trkpt lat="42.24627" lon="1.59624">
        <ele>1255.0</ele>
      </trkpt>
      <trkpt lat="42.24657" lon="1.59722">
        <ele>1260.0</ele>
      </trkpt>
      <trkpt lat="42.24664" lon="1.59818">
        <ele>1262.0</ele>
      </trkpt>
      <trkpt lat="42.24706" lon="1.59881">
        <ele>1264.0</ele>
      </trkpt>
      <trkpt lat="42.24735" lon="1.60022">
        <ele>1267.0</ele>
      </trkpt>
      <trkpt lat="42.24849" lon="1.60174">
        <ele>1274.0</ele>
      </trkpt>
      <trkpt lat="42.24932" lon="1.60393">
        <ele>1286.0</ele>
      </trkpt>
      <trkpt lat="42.24996" lon="1.60454">
        <ele>1291.0</ele>
      </trkpt>
      <trkpt lat="42.25033" lon="1.60514">
        <ele>1295.0</ele>
      </trkpt>
      <trkpt lat="42.25093" lon="1.60551">
        <ele>1302.0</ele>
      </trkpt>
      <trkpt lat="42.2515" lon="1.60749">
        <ele>1312.0</ele>
      </trkpt>
      <trkpt lat="42.25153" lon="1.6085">
        <ele>1320.0</ele>
      </trkpt>
      <trkpt lat="42.25184" lon="1.60894">
        <ele>1324.0</ele>
      </trkpt>
      <trkpt lat="42.25165" lon="1.60956">
        <ele>1327.0</ele>
      </trkpt>
      <trkpt lat="42.25193" lon="1.61091">
        <ele>1330.0</ele>
      </trkpt>
      <trkpt lat="42.25249" lon="1.61245">
        <ele>1338.0</ele>
      </trkpt>
      <trkpt lat="42.2526" lon="1.61309">
        <ele>1345.0</ele>
      </trkpt>
      <trkpt lat="42.25319" lon="1.61343">
        <ele>1350.0</ele>
      </trkpt>
      <trkpt lat="42.25374" lon="1.61319">
        <ele>1353.0</ele>
      </trkpt>
      <trkpt lat="42.25417" lon="1.6134">
        <ele>1354.0</ele>
      </trkpt>
      <trkpt lat="42.25429" lon="1.61363">
        <ele>1355.0</ele>
      </trkpt>
      <trkpt lat="42.25438" lon="1.61451">
        <ele>1357.0</ele>
      </trkpt>
      <trkpt lat="42.25459" lon="1.61482">
        <ele>1359.0</ele>
      </trkpt>
      <trkpt lat="42.25555" lon="1.615">
        <ele>1370.0</ele>
      </trkpt>
      <trkpt lat="42.25625" lon="1.61442">
        <ele>1377.0</ele>
      </trkpt>
      <trkpt lat="42.25645" lon="1.61446">
        <ele>1380.0</ele>
      </trkpt>
      <trkpt lat="42.25671" lon="1.61503">
        <ele>1383.0</ele>
      </trkpt>
      <trkpt lat="42.25802" lon="1.61633">
        <ele>1392.0</ele>
      </trkpt>
      <trkpt lat="42.2582" lon="1.61728">
        <ele>1394.0</ele>
      </trkpt>
      <trkpt lat="42.25838" lon="1.6175">
        <ele>1396.0</ele>
      </trkpt>
      <trkpt lat="42.25916" lon="1.61687">
        <ele>1397.0</ele>
      </trkpt>
      <trkpt lat="42.25991" lon="1.61707">
        <ele>1397.0</ele>
      </trkpt>
      <trkpt lat="42.26002" lon="1.61727">
        <ele>1397.0</ele>
      </trkpt>
      <trkpt lat="42.25977" lon="1.61801">
        <ele>1396.0</ele>
      </trkpt>
      <trkpt lat="42.25984" lon="1.61914">
        <ele>1394.0</ele>
      </trkpt>
      <trkpt lat="42.25943" lon="1.62076">
        <ele>1389.0</ele>
      </trkpt>
      <trkpt lat="42.25953" lon="1.62103">
        <ele>1386.0</ele>
      </trkpt>
      <trkpt lat="42.2604" lon="1.62094">
        <ele>1381.0</ele>
      </trkpt>
      <trkpt lat="42.26089" lon="1.62137">
        <ele>1381.0</ele>
      </trkpt>
      <trkpt lat="42.26088" lon="1.6216">
        <ele>1381.0</ele>
      </trkpt>
      <trkpt lat="42.26017" lon="1.62256">
        <ele>1383.0</ele>
      </trkpt>
      <trkpt lat="42.26005" lon="1.62298">
        <ele>1384.0</ele>
      </trkpt>
      <trkpt lat="42.26026" lon="1.62421">
        <ele>1388.0</ele>
      </trkpt>
      <trkpt lat="42.26076" lon="1.62527">
        <ele>1393.0</ele>
      </trkpt>
      <trkpt lat="42.26062" lon="1.62607">
        <ele>1394.0</ele>
      </trkpt>
      <trkpt lat="42.26065" lon="1.62695">
        <ele>1394.0</ele>
      </trkpt>
      <trkpt lat="42.26083" lon="1.62731">
        <ele>1394.0</ele>
      </trkpt>
      <trkpt lat="42.26117" lon="1.62753">
        <ele>1395.0</ele>
      </trkpt>
      <trkpt lat="42.2613" lon="1.628">
        <ele>1397.0</ele>
      </trkpt>
      <trkpt lat="42.26094" lon="1.62982">
        <ele>1403.0</ele>
      </trkpt>
      <trkpt lat="42.2612" lon="1.63064">
        <ele>1407.0</ele>
      </trkpt>
      <trkpt lat="42.26091" lon="1.63149">
        <ele>1410.0</ele>
      </trkpt>
      <trkpt lat="42.26148" lon="1.63367">
        <ele>1416.0</ele>
      </trkpt>
      <trkpt lat="42.26151" lon="1.63533">
        <ele>1423.0</ele>
      </trkpt>
      <trkpt lat="42.26132" lon="1.63931">
        <ele>1440.0</ele>
      </trkpt>
      <trkpt lat="42.26103" lon="1.64025">
        <ele>1442.0</ele>
      </trkpt>
      <trkpt lat="42.26097" lon="1.64126">
        <ele>1443.0</ele>
      </trkpt>
      <trkpt lat="42.26029" lon="1.64199">
        <ele>1444.0</ele>
      </trkpt>
      <trkpt lat="42.26011" lon="1.64201">
        <ele>1445.0</ele>
      </trkpt>
      <trkpt lat="42.2598" lon="1.64165">
        <ele>1445.0</ele>
      </trkpt>
      <trkpt lat="42.25984" lon="1.64135">
        <ele>1445.0</ele>
      </trkpt>
      <trkpt lat="42.2602" lon="1.64072">
        <ele>1446.0</ele>
      </trkpt>
      <trkpt lat="42.25946" lon="1.63688">
        <ele>1462.0</ele>
      </trkpt>
      <trkpt lat="42.25933" lon="1.63679">
        <ele>1467.0</ele>
      </trkpt>
      <trkpt lat="42.25923" lon="1.63696">
        <ele>1471.0</ele>
      </trkpt>
      <trkpt lat="42.25926" lon="1.6385">
        <ele>1482.0</ele>
      </trkpt>
      <trkpt lat="42.25877" lon="1.6399">
        <ele>1496.0</ele>
      </trkpt>
      <trkpt lat="42.25866" lon="1.63981">
        <ele>1499.0</ele>
      </trkpt>
      <trkpt lat="42.2586" lon="1.63849">
        <ele>1507.0</ele>
      </trkpt>
      <trkpt lat="42.2581" lon="1.63699">
        <ele>1520.0</ele>
      </trkpt>
      <trkpt lat="42.258" lon="1.637">
        <ele>1523.0</ele>
      </trkpt>
      <trkpt lat="42.2581" lon="1.63803">
        <ele>1530.0</ele>
      </trkpt>
      <trkpt lat="42.25795" lon="1.63954">
        <ele>1534.0</ele>
      </trkpt>
      <trkpt lat="42.25763" lon="1.64077">
        <ele>1540.0</ele>
      </trkpt>
      <trkpt lat="42.2571" lon="1.64168">
        <ele>1555.0</ele>
      </trkpt>
      <trkpt lat="42.25614" lon="1.64385">
        <ele>1565.0</ele>
      </trkpt>
      <trkpt lat="42.25453" lon="1.64515">
        <ele>1583.0</ele>
      </trkpt>
      <trkpt lat="42.25345" lon="1.6453">
        <ele>1604.0</ele>
      </trkpt>
      <trkpt lat="42.25343" lon="1.64616">
        <ele>1610.0</ele>
      </trkpt>
      <trkpt lat="42.25254" lon="1.64749">
        <ele>1612.0</ele>
      </trkpt>
      <trkpt lat="42.25208" lon="1.64848">
        <ele>1617.0</ele>
      </trkpt>
      <trkpt lat="42.25166" lon="1.64893">
        <ele>1623.0</ele>
      </trkpt>
      <trkpt lat="42.25162" lon="1.64936">
        <ele>1625.0</ele>
      </trkpt>
      <trkpt lat="42.25129" lon="1.65021">
        <ele>1628.0</ele>
      </trkpt>
      <trkpt lat="42.25012" lon="1.65081">
        <ele>1635.0</ele>
      </trkpt>
      <trkpt lat="42.24976" lon="1.65132">
        <ele>1632.0</ele>
      </trkpt>
      <trkpt lat="42.24965" lon="1.6531">
        <ele>1620.0</ele>
      </trkpt>
      <trkpt lat="42.24973" lon="1.65539">
        <ele>1600.0</ele>
      </trkpt>
      <trkpt lat="42.25025" lon="1.65647">
        <ele>1594.0</ele>
      </trkpt>
      <trkpt lat="42.25047" lon="1.65723">
        <ele>1591.0</ele>
      </trkpt>
      <trkpt lat="42.24968" lon="1.65761">
        <ele>1585.0</ele>
      </trkpt>
      <trkpt lat="42.24885" lon="1.65885">
        <ele>1574.0</ele>
      </trkpt>
      <trkpt lat="42.24743" lon="1.65938">
        <ele>1556.0</ele>
      </trkpt>
      <trkpt lat="42.24698" lon="1.65975">
        <ele>1550.0</ele>
      </trkpt>
      <trkpt lat="42.24661" lon="1.66053">
        <ele>1546.0</ele>
      </trkpt>
      <trkpt lat="42.24644" lon="1.66156">
        <ele>1541.0</ele>
      </trkpt>
      <trkpt lat="42.24608" lon="1.66245">
        <ele>1536.0</ele>
      </trkpt>
      <trkpt lat="42.24578" lon="1.66243">
        <ele>1533.0</ele>
      </trkpt>
      <trkpt lat="42.24554" lon="1.66175">
        <ele>1530.0</ele>
      </trkpt>
      <trkpt lat="42.24493" lon="1.66111">
        <ele>1525.0</ele>
      </trkpt>
      <trkpt lat="42.24288" lon="1.65977">
        <ele>1507.0</ele>
      </trkpt>
      <trkpt lat="42.24296" lon="1.65958">
        <ele>1505.0</ele>
      </trkpt>
      <trkpt lat="42.2438" lon="1.66002">
        <ele>1501.0</ele>
      </trkpt>
      <trkpt lat="42.24506" lon="1.66025">
        <ele>1494.0</ele>
      </trkpt>
      <trkpt lat="42.24502" lon="1.66008">
        <ele>1494.0</ele>
      </trkpt>
      <trkpt lat="42.24364" lon="1.65913">
        <ele>1480.0</ele>
      </trkpt>
      <trkpt lat="42.24282" lon="1.65789">
        <ele>1466.0</ele>
      </trkpt>
      <trkpt lat="42.24215" lon="1.65774">
        <ele>1460.0</ele>
      </trkpt>
      <trkpt lat="42.24023" lon="1.65849">
        <ele>1447.0</ele>
      </trkpt>
      <trkpt lat="42.23721" lon="1.66008">
        <ele>1431.0</ele>
      </trkpt>
      <trkpt lat="42.23691" lon="1.66004">
        <ele>1433.0</ele>
      </trkpt>
      <trkpt lat="42.23687" lon="1.6603">
        <ele>1433.0</ele>
      </trkpt>
      <trkpt lat="42.23647" lon="1.6609">
        <ele>1434.0</ele>
      </trkpt>
      <trkpt lat="42.23442" lon="1.66309">
        <ele>1425.0</ele>
      </trkpt>
      <trkpt lat="42.23429" lon="1.66377">
        <ele>1423.0</ele>
      </trkpt>
      <trkpt lat="42.23351" lon="1.66542">
        <ele>1423.0</ele>
      </trkpt>
      <trkpt lat="42.23065" lon="1.66999">
        <ele>1438.0</ele>
      </trkpt>
      <trkpt lat="42.22969" lon="1.67194">
        <ele>1441.0</ele>
      </trkpt>
      <trkpt lat="42.22878" lon="1.67432">
        <ele>1438.0</ele>
      </trkpt>
      <trkpt lat="42.22745" lon="1.67624">
        <ele>1434.0</ele>
      </trkpt>
      <trkpt lat="42.2272" lon="1.67701">
        <ele>1432.0</ele>
      </trkpt>
      <trkpt lat="42.22696" lon="1.67913">
        <ele>1427.0</ele>
      </trkpt>
      <trkpt lat="42.22677" lon="1.67951">
        <ele>1423.0</ele>
      </trkpt>
      <trkpt lat="42.2264" lon="1.67976">
        <ele>1419.0</ele>
      </trkpt>
      <trkpt lat="42.22567" lon="1.67958">
        <ele>1413.0</ele>
      </trkpt>
      <trkpt lat="42.22525" lon="1.67969">
        <ele>1409.0</ele>
      </trkpt>
      <trkpt lat="42.22283" lon="1.68164">
        <ele>1398.0</ele>
      </trkpt>
      <trkpt lat="42.22251" lon="1.68203">
        <ele>1393.0</ele>
      </trkpt>
      <trkpt lat="42.22241" lon="1.68237">
        <ele>1391.0</ele>
      </trkpt>
      <trkpt lat="42.22247" lon="1.68357">
        <ele>1388.0</ele>
      </trkpt>
      <trkpt lat="42.22153" lon="1.68523">
        <ele>1385.0</ele>
      </trkpt>
      <trkpt lat="42.22107" lon="1.68639">
        <ele>1381.0</ele>
      </trkpt>
      <trkpt lat="42.22052" lon="1.68709">
        <ele>1377.0</ele>
      </trkpt>
      <trkpt lat="42.22032" lon="1.68868">
        <ele>1372.0</ele>
      </trkpt>
      <trkpt lat="42.22003" lon="1.68922">
        <ele>1371.0</ele>
      </trkpt>
      <trkpt lat="42.21944" lon="1.6898">
        <ele>1368.0</ele>
      </trkpt>
      <trkpt lat="42.21941" lon="1.69047">
        <ele>1366.0</ele>
      </trkpt>
      <trkpt lat="42.21975" lon="1.69202">
        <ele>1366.0</ele>
      </trkpt>
      <trkpt lat="42.2195" lon="1.69259">
        <ele>1364.0</ele>
      </trkpt>
      <trkpt lat="42.21887" lon="1.69329">
        <ele>1361.0</ele>
      </trkpt>
      <trkpt lat="42.21857" lon="1.69424">
        <ele>1355.0</ele>
      </trkpt>
      <trkpt lat="42.21873" lon="1.6959">
        <ele>1344.0</ele>
      </trkpt>
      <trkpt lat="42.21847" lon="1.69639">
        <ele>1338.0</ele>
      </trkpt>
      <trkpt lat="42.21796" lon="1.69683">
        <ele>1335.0</ele>
      </trkpt>
      <trkpt lat="42.21778" lon="1.69722">
        <ele>1336.0</ele>
      </trkpt>
      <trkpt lat="42.21791" lon="1.69925">
        <ele>1344.0</ele>
      </trkpt>
      <trkpt lat="42.21744" lon="1.70073">
        <ele>1345.0</ele>
      </trkpt>
      <trkpt lat="42.21717" lon="1.70102">
        <ele>1344.0</ele>
      </trkpt>
      <trkpt lat="42.21668" lon="1.70104">
        <ele>1344.0</ele>
      </trkpt>
      <trkpt lat="42.21556" lon="1.69999">
        <ele>1345.0</ele>
      </trkpt>
      <trkpt lat="42.21501" lon="1.6997">
        <ele>1345.0</ele>
      </trkpt>
      <trkpt lat="42.21441" lon="1.70002">
        <ele>1343.0</ele>
      </trkpt>
      <trkpt lat="42.21417" lon="1.70064">
        <ele>1343.0</ele>
      </trkpt>
      <trkpt lat="42.21399" lon="1.70236">
        <ele>1339.0</ele>
      </trkpt>
      <trkpt lat="42.21428" lon="1.70392">
        <ele>1333.0</ele>
      </trkpt>
      <trkpt lat="42.21434" lon="1.70577">
        <ele>1322.0</ele>
      </trkpt>
      <trkpt lat="42.21429" lon="1.70769">
        <ele>1314.0</ele>
      </trkpt>
      <trkpt lat="42.21405" lon="1.70909">
        <ele>1307.0</ele>
      </trkpt>
      <trkpt lat="42.2141" lon="1.71041">
        <ele>1303.0</ele>
      </trkpt>
      <trkpt lat="42.21422" lon="1.71127">
        <ele>1303.0</ele>
      </trkpt>
      <trkpt lat="42.2155" lon="1.71577">
        <ele>1307.0</ele>
      </trkpt>
      <trkpt lat="42.21669" lon="1.71879">
        <ele>1318.0</ele>
      </trkpt>
      <trkpt lat="42.21814" lon="1.71988">
        <ele>1325.0</ele>
      </trkpt>
      <trkpt lat="42.2187" lon="1.71977">
        <ele>1322.0</ele>
      </trkpt>
      <trkpt lat="42.22027" lon="1.71774">
        <ele>1312.0</ele>
      </trkpt>
      <trkpt lat="42.22066" lon="1.71756">
        <ele>1307.0</ele>
      </trkpt>
      <trkpt lat="42.22098" lon="1.71761">
        <ele>1303.0</ele>
      </trkpt>
      <trkpt lat="42.22126" lon="1.71801">
        <ele>1299.0</ele>
      </trkpt>
      <trkpt lat="42.22138" lon="1.72004">
        <ele>1281.0</ele>
      </trkpt>
      <trkpt lat="42.22127" lon="1.72047">
        <ele>1277.0</ele>
      </trkpt>
      <trkpt lat="42.22131" lon="1.72126">
        <ele>1272.0</ele>
      </trkpt>
      <trkpt lat="42.22169" lon="1.72178">
        <ele>1269.0</ele>
      </trkpt>
      <trkpt lat="42.22264" lon="1.72246">
        <ele>1264.0</ele>
      </trkpt>
      <trkpt lat="42.223" lon="1.72321">
        <ele>1258.0</ele>
      </trkpt>
      <trkpt lat="42.22278" lon="1.726">
        <ele>1244.0</ele>
      </trkpt>
      <trkpt lat="42.22306" lon="1.72651">
        <ele>1240.0</ele>
      </trkpt>
      <trkpt lat="42.22349" lon="1.72688">
        <ele>1236.0</ele>
      </trkpt>
      <trkpt lat="42.22366" lon="1.72731">
        <ele>1234.0</ele>
      </trkpt>
      <trkpt lat="42.22368" lon="1.7278">
        <ele>1232.0</ele>
      </trkpt>
      <trkpt lat="42.22342" lon="1.72888">
        <ele>1228.0</ele>
      </trkpt>
      <trkpt lat="42.22356" lon="1.72972">
        <ele>1222.0</ele>
      </trkpt>
      <trkpt lat="42.22384" lon="1.73012">
        <ele>1219.0</ele>
      </trkpt>
      <trkpt lat="42.22466" lon="1.7307">
        <ele>1213.0</ele>
      </trkpt>
      <trkpt lat="42.22484" lon="1.7313">
        <ele>1212.0</ele>
      </trkpt>
      <trkpt lat="42.22495" lon="1.7327">
        <ele>1209.0</ele>
      </trkpt>
      <trkpt lat="42.22519" lon="1.73324">
        <ele>1207.0</ele>
      </trkpt>
      <trkpt lat="42.22685" lon="1.73506">
        <ele>1192.0</ele>
      </trkpt>
      <trkpt lat="42.2271" lon="1.73551">
        <ele>1188.0</ele>
      </trkpt>
      <trkpt lat="42.22717" lon="1.73682">
        <ele>1181.0</ele>
      </trkpt>
      <trkpt lat="42.22773" lon="1.73871">
        <ele>1169.0</ele>
      </trkpt>
      <trkpt lat="42.22768" lon="1.73948">
        <ele>1162.0</ele>
      </trkpt>
      <trkpt lat="42.22724" lon="1.73998">
        <ele>1155.0</ele>
      </trkpt>
      <trkpt lat="42.22596" lon="1.73993">
        <ele>1141.0</ele>
      </trkpt>
      <trkpt lat="42.22539" lon="1.74012">
        <ele>1134.0</ele>
      </trkpt>
      <trkpt lat="42.22489" lon="1.74077">
        <ele>1129.0</ele>
      </trkpt>
      <trkpt lat="42.22478" lon="1.74144">
        <ele>1127.0</ele>
      </trkpt>
      <trkpt lat="42.22499" lon="1.74225">
        <ele>1125.0</ele>
      </trkpt>
      <trkpt lat="42.22587" lon="1.74314">
        <ele>1128.0</ele>
      </trkpt>
      <trkpt lat="42.22607" lon="1.74352">
        <ele>1129.0</ele>
      </trkpt>
      <trkpt lat="42.22681" lon="1.74582">
        <ele>1139.0</ele>
      </trkpt>
      <trkpt lat="42.22729" lon="1.74846">
        <ele>1147.0</ele>
      </trkpt>
      <trkpt lat="42.22722" lon="1.7496">
        <ele>1151.0</ele>
      </trkpt>
      <trkpt lat="42.2263" lon="1.75137">
        <ele>1162.0</ele>
      </trkpt>
      <trkpt lat="42.22615" lon="1.753">
        <ele>1164.0</ele>
      </trkpt>
      <trkpt lat="42.22615" lon="1.75334">
        <ele>1165.0</ele>
      </trkpt>
      <trkpt lat="42.22657" lon="1.75489">
        <ele>1172.0</ele>
      </trkpt>
      <trkpt lat="42.22673" lon="1.75711">
        <ele>1180.0</ele>
      </trkpt>
      <trkpt lat="42.22715" lon="1.75837">
        <ele>1185.0</ele>
      </trkpt>
      <trkpt lat="42.22781" lon="1.75932">
        <ele>1189.0</ele>
      </trkpt>
      <trkpt lat="42.22862" lon="1.75996">
        <ele>1195.0</ele>
      </trkpt>
      <trkpt lat="42.22993" lon="1.76042">
        <ele>1203.0</ele>
      </trkpt>
      <trkpt lat="42.23026" lon="1.76078">
        <ele>1205.0</ele>
      </trkpt>
      <trkpt lat="42.23036" lon="1.76152">
        <ele>1206.0</ele>
      </trkpt>
      <trkpt lat="42.22984" lon="1.76289">
        <ele>1207.0</ele>
      </trkpt>
      <trkpt lat="42.22969" lon="1.76366">
        <ele>1210.0</ele>
      </trkpt>
      <trkpt lat="42.22958" lon="1.76655">
        <ele>1224.0</ele>
      </trkpt>
      <trkpt lat="42.22996" lon="1.76706">
        <ele>1225.0</ele>
      </trkpt>
      <trkpt lat="42.23065" lon="1.76726">
        <ele>1227.0</ele>
      </trkpt>
      <trkpt lat="42.23093" lon="1.76749">
        <ele>1230.0</ele>
      </trkpt>
      <trkpt lat="42.23163" lon="1.76979">
        <ele>1245.0</ele>
      </trkpt>
      <trkpt lat="42.23271" lon="1.77093">
        <ele>1253.0</ele>
      </trkpt>
      <trkpt lat="42.23348" lon="1.77232">
        <ele>1257.0</ele>
      </trkpt>
      <trkpt lat="42.23406" lon="1.77308">
        <ele>1260.0</ele>
      </trkpt>
      <trkpt lat="42.2342" lon="1.77354">
        <ele>1263.0</ele>
      </trkpt>
      <trkpt lat="42.23408" lon="1.77404">
        <ele>1265.0</ele>
      </trkpt>
      <trkpt lat="42.23344" lon="1.77538">
        <ele>1271.0</ele>
      </trkpt>
      <trkpt lat="42.23308" lon="1.77581">
        <ele>1270.0</ele>
      </trkpt>
      <trkpt lat="42.23239" lon="1.77593">
        <ele>1268.0</ele>
      </trkpt>
      <trkpt lat="42.22989" lon="1.77575">
        <ele>1259.0</ele>
      </trkpt>
      <trkpt lat="42.22955" lon="1.77592">
        <ele>1257.0</ele>
      </trkpt>
      <trkpt lat="42.22927" lon="1.77636">
        <ele>1255.0</ele>
      </trkpt>
      <trkpt lat="42.22904" lon="1.77743">
        <ele>1252.0</ele>
      </trkpt>
      <trkpt lat="42.22908" lon="1.78063">
        <ele>1250.0</ele>
      </trkpt>
      <trkpt lat="42.22876" lon="1.78377">
        <ele>1250.0</ele>
      </trkpt>
      <trkpt lat="42.22846" lon="1.78518">
        <ele>1249.0</ele>
      </trkpt>
      <trkpt lat="42.2277" lon="1.78619">
        <ele>1240.0</ele>
      </trkpt>
      <trkpt lat="42.22773" lon="1.78659">
        <ele>1237.0</ele>
      </trkpt>
      <trkpt lat="42.22816" lon="1.78753">
        <ele>1235.0</ele>
      </trkpt>
      <trkpt lat="42.22757" lon="1.78873">
        <ele>1239.0</ele>
      </trkpt>
      <trkpt lat="42.22748" lon="1.78917">
        <ele>1240.0</ele>
      </trkpt>
      <trkpt lat="42.22764" lon="1.79006">
        <ele>1240.0</ele>
      </trkpt>
      <trkpt lat="42.22839" lon="1.79129">
        <ele>1239.0</ele>
      </trkpt>
      <trkpt lat="42.22842" lon="1.79283">
        <ele>1238.0</ele>
      </trkpt>
      <trkpt lat="42.22935" lon="1.79377">
        <ele>1238.0</ele>
      </trkpt>
      <trkpt lat="42.22922" lon="1.7961">
        <ele>1235.0</ele>
      </trkpt>
      <trkpt lat="42.22839" lon="1.79747">
        <ele>1226.0</ele>
      </trkpt>
      <trkpt lat="42.22672" lon="1.79794">
        <ele>1212.0</ele>
      </trkpt>
      <trkpt lat="42.22634" lon="1.79831">
        <ele>1207.0</ele>
      </trkpt>
      <trkpt lat="42.2259" lon="1.80025">
        <ele>1199.0</ele>
      </trkpt>
      <trkpt lat="42.22598" lon="1.80225">
        <ele>1183.0</ele>
      </trkpt>
      <trkpt lat="42.22537" lon="1.80429">
        <ele>1174.0</ele>
      </trkpt>
      <trkpt lat="42.22473" lon="1.80543">
        <ele>1169.0</ele>
      </trkpt>
      <trkpt lat="42.22416" lon="1.80591">
        <ele>1163.0</ele>
      </trkpt>
      <trkpt lat="42.22334" lon="1.80571">
        <ele>1157.0</ele>
      </trkpt>
      <trkpt lat="42.22311" lon="1.80582">
        <ele>1156.0</ele>
      </trkpt>
      <trkpt lat="42.22196" lon="1.80677">
        <ele>1153.0</ele>
      </trkpt>
      <trkpt lat="42.22179" lon="1.80712">
        <ele>1148.0</ele>
      </trkpt>
      <trkpt lat="42.22181" lon="1.80747">
        <ele>1145.0</ele>
      </trkpt>
      <trkpt lat="42.22248" lon="1.80862">
        <ele>1140.0</ele>
      </trkpt>
      <trkpt lat="42.2226" lon="1.80972">
        <ele>1135.0</ele>
      </trkpt>
      <trkpt lat="42.2233" lon="1.81237">
        <ele>1117.0</ele>
      </trkpt>
      <trkpt lat="42.2234" lon="1.81408">
        <ele>1104.0</ele>
      </trkpt>
      <trkpt lat="42.22357" lon="1.81436">
        <ele>1101.0</ele>
      </trkpt>
      <trkpt lat="42.22416" lon="1.81456">
        <ele>1097.0</ele>
      </trkpt>
      <trkpt lat="42.22435" lon="1.8148">
        <ele>1093.0</ele>
      </trkpt>
      <trkpt lat="42.22438" lon="1.81523">
        <ele>1089.0</ele>
      </trkpt>
      <trkpt lat="42.22405" lon="1.81625">
        <ele>1085.0</ele>
      </trkpt>
      <trkpt lat="42.2238" lon="1.81645">
        <ele>1081.0</ele>
      </trkpt>
      <trkpt lat="42.22299" lon="1.81642">
        <ele>1075.0</ele>
      </trkpt>
      <trkpt lat="42.22281" lon="1.81665">
        <ele>1072.0</ele>
      </trkpt>
      <trkpt lat="42.22256" lon="1.81745">
        <ele>1070.0</ele>
      </trkpt>
      <trkpt lat="42.22184" lon="1.81792">
        <ele>1072.0</ele>
      </trkpt>
      <trkpt lat="42.22156" lon="1.81726">
        <ele>1076.0</ele>
      </trkpt>
      <trkpt lat="42.22115" lon="1.81716">
        <ele>1079.0</ele>
      </trkpt>
      <trkpt lat="42.22091" lon="1.81758">
        <ele>1080.0</ele>
      </trkpt>
      <trkpt lat="42.22044" lon="1.8193">
        <ele>1085.0</ele>
      </trkpt>
      <trkpt lat="42.21933" lon="1.82077">
        <ele>1094.0</ele>
      </trkpt>
      <trkpt lat="42.21815" lon="1.82281">
        <ele>1104.0</ele>
      </trkpt>
      <trkpt lat="42.21798" lon="1.82292">
        <ele>1105.0</ele>
      </trkpt>
      <trkpt lat="42.21704" lon="1.82293">
        <ele>1108.0</ele>
      </trkpt>
      <trkpt lat="42.21586" lon="1.82354">
        <ele>1107.0</ele>
      </trkpt>
      <trkpt lat="42.21359" lon="1.82329">
        <ele>1096.0</ele>
      </trkpt>
      <trkpt lat="42.21182" lon="1.82261">
        <ele>1080.0</ele>
      </trkpt>
      <trkpt lat="42.21166" lon="1.82233">
        <ele>1077.0</ele>
      </trkpt>
      <trkpt lat="42.2115" lon="1.82125">
        <ele>1073.0</ele>
      </trkpt>
      <trkpt lat="42.2112" lon="1.8209">
        <ele>1073.0</ele>
      </trkpt>
      <trkpt lat="42.21091" lon="1.82097">
        <ele>1074.0</ele>
      </trkpt>
      <trkpt lat="42.21069" lon="1.82129">
        <ele>1076.0</ele>
      </trkpt>
      <trkpt lat="42.21051" lon="1.82173">
        <ele>1078.0</ele>
      </trkpt>
      <trkpt lat="42.2104" lon="1.82255">
        <ele>1081.0</ele>
      </trkpt>
      <trkpt lat="42.21013" lon="1.82267">
        <ele>1083.0</ele>
      </trkpt>
      <trkpt lat="42.20967" lon="1.82249">
        <ele>1084.0</ele>
      </trkpt>
      <trkpt lat="42.20923" lon="1.82204">
        <ele>1086.0</ele>
      </trkpt>
      <trkpt lat="42.20814" lon="1.82041">
        <ele>1096.0</ele>
      </trkpt>
      <trkpt lat="42.20743" lon="1.81982">
        <ele>1102.0</ele>
      </trkpt>
      <trkpt lat="42.20649" lon="1.81966">
        <ele>1105.0</ele>
      </trkpt>
      <trkpt lat="42.20527" lon="1.81877">
        <ele>1113.0</ele>
      </trkpt>
      <trkpt lat="42.20421" lon="1.81856">
        <ele>1119.0</ele>
      </trkpt>
      <trkpt lat="42.2032" lon="1.81781">
        <ele>1130.0</ele>
      </trkpt>
      <trkpt lat="42.20283" lon="1.81692">
        <ele>1136.0</ele>
      </trkpt>
      <trkpt lat="42.20266" lon="1.81545">
        <ele>1152.0</ele>
      </trkpt>
      <trkpt lat="42.20164" lon="1.8149">
        <ele>1162.0</ele>
      </trkpt>
      <trkpt lat="42.20135" lon="1.81442">
        <ele>1168.0</ele>
      </trkpt>
      <trkpt lat="42.20118" lon="1.81363">
        <ele>1173.0</ele>
      </trkpt>
      <trkpt lat="42.2012" lon="1.81306">
        <ele>1179.0</ele>
      </trkpt>
      <trkpt lat="42.20136" lon="1.81299">
        <ele>1183.0</ele>
      </trkpt>
      <trkpt lat="42.2018" lon="1.81323">
        <ele>1190.0</ele>
      </trkpt>
      <trkpt lat="42.20216" lon="1.81189">
        <ele>1201.0</ele>
      </trkpt>
      <trkpt lat="42.20226" lon="1.81082">
        <ele>1212.0</ele>
      </trkpt>
      <trkpt lat="42.2026" lon="1.80925">
        <ele>1231.0</ele>
      </trkpt>
      <trkpt lat="42.20305" lon="1.80871">
        <ele>1240.0</ele>
      </trkpt>
      <trkpt lat="42.20345" lon="1.80763">
        <ele>1251.0</ele>
      </trkpt>
      <trkpt lat="42.20342" lon="1.80697">
        <ele>1258.0</ele>
      </trkpt>
      <trkpt lat="42.20323" lon="1.80636">
        <ele>1269.0</ele>
      </trkpt>
      <trkpt lat="42.20399" lon="1.80584">
        <ele>1278.0</ele>
      </trkpt>
      <trkpt lat="42.20434" lon="1.80611">
        <ele>1288.0</ele>
      </trkpt>
      <trkpt lat="42.20476" lon="1.80601">
        <ele>1292.0</ele>
      </trkpt>
      <trkpt lat="42.20481" lon="1.80582">
        <ele>1294.0</ele>
      </trkpt>
      <trkpt lat="42.20457" lon="1.8055">
        <ele>1297.0</ele>
      </trkpt>
      <trkpt lat="42.20347" lon="1.8051">
        <ele>1311.0</ele>
      </trkpt>
      <trkpt lat="42.20246" lon="1.80516">
        <ele>1327.0</ele>
      </trkpt>
      <trkpt lat="42.20181" lon="1.80467">
        <ele>1339.0</ele>
      </trkpt>
      <trkpt lat="42.20157" lon="1.8042">
        <ele>1341.0</ele>
      </trkpt>
      <trkpt lat="42.20068" lon="1.80408">
        <ele>1343.0</ele>
      </trkpt>
      <trkpt lat="42.20004" lon="1.8034">
        <ele>1345.0</ele>
      </trkpt>
      <trkpt lat="42.19927" lon="1.80308">
        <ele>1347.0</ele>
      </trkpt>
      <trkpt lat="42.19854" lon="1.80236">
        <ele>1350.0</ele>
      </trkpt>
      <trkpt lat="42.19816" lon="1.80253">
        <ele>1353.0</ele>
      </trkpt>
      <trkpt lat="42.19738" lon="1.80256">
        <ele>1356.0</ele>
      </trkpt>
      <trkpt lat="42.19532" lon="1.80336">
        <ele>1364.0</ele>
      </trkpt>
      <trkpt lat="42.19494" lon="1.80368">
        <ele>1370.0</ele>
      </trkpt>
      <trkpt lat="42.19365" lon="1.80333">
        <ele>1389.0</ele>
      </trkpt>
      <trkpt lat="42.19283" lon="1.80279">
        <ele>1398.0</ele>
      </trkpt>
      <trkpt lat="42.19226" lon="1.80201">
        <ele>1402.0</ele>
      </trkpt>
      <trkpt lat="42.19193" lon="1.8018">
        <ele>1409.0</ele>
      </trkpt>
      <trkpt lat="42.19144" lon="1.80065">
        <ele>1415.0</ele>
      </trkpt>
      <trkpt lat="42.1899" lon="1.80046">
        <ele>1427.0</ele>
      </trkpt>
      <trkpt lat="42.18927" lon="1.79987">
        <ele>1437.0</ele>
      </trkpt>
      <trkpt lat="42.18868" lon="1.79971">
        <ele>1448.0</ele>
      </trkpt>
      <trkpt lat="42.18723" lon="1.79885">
        <ele>1470.0</ele>
      </trkpt>
      <trkpt lat="42.18593" lon="1.79855">
        <ele>1494.0</ele>
      </trkpt>
      <trkpt lat="42.18407" lon="1.7976">
        <ele>1513.0</ele>
      </trkpt>
      <trkpt lat="42.18393" lon="1.7978">
        <ele>1526.0</ele>
      </trkpt>
      <trkpt lat="42.184" lon="1.79853">
        <ele>1535.0</ele>
      </trkpt>
      <trkpt lat="42.18358" lon="1.79912">
        <ele>1545.0</ele>
      </trkpt>
      <trkpt lat="42.18289" lon="1.79846">
        <ele>1552.0</ele>
      </trkpt>
      <trkpt lat="42.18239" lon="1.79838">
        <ele>1559.0</ele>
      </trkpt>
      <trkpt lat="42.18158" lon="1.79795">
        <ele>1563.0</ele>
      </trkpt>
      <trkpt lat="42.18098" lon="1.79716">
        <ele>1564.0</ele>
      </trkpt>
      <trkpt lat="42.17969" lon="1.79649">
        <ele>1559.0</ele>
      </trkpt>
      <trkpt lat="42.17881" lon="1.7957">
        <ele>1555.0</ele>
      </trkpt>
      <trkpt lat="42.1787" lon="1.7955">
        <ele>1555.0</ele>
      </trkpt>
      <trkpt lat="42.17866" lon="1.79426">
        <ele>1555.0</ele>
      </trkpt>
      <trkpt lat="42.17833" lon="1.79343">
        <ele>1556.0</ele>
      </trkpt>
      <trkpt lat="42.17816" lon="1.79334">
        <ele>1555.0</ele>
      </trkpt>
      <trkpt lat="42.178" lon="1.79341">
        <ele>1554.0</ele>
      </trkpt>
      <trkpt lat="42.17786" lon="1.7938">
        <ele>1553.0</ele>
      </trkpt>
      <trkpt lat="42.17819" lon="1.79393">
        <ele>1550.0</ele>
      </trkpt>
      <trkpt lat="42.17832" lon="1.79445">
        <ele>1547.0</ele>
      </trkpt>
      <trkpt lat="42.17791" lon="1.79629">
        <ele>1541.0</ele>
      </trkpt>
      <trkpt lat="42.17791" lon="1.79677">
        <ele>1535.0</ele>
      </trkpt>
      <trkpt lat="42.17828" lon="1.79759">
        <ele>1528.0</ele>
      </trkpt>
      <trkpt lat="42.17827" lon="1.79811">
        <ele>1524.0</ele>
      </trkpt>
      <trkpt lat="42.17746" lon="1.79936">
        <ele>1520.0</ele>
      </trkpt>
      <trkpt lat="42.17722" lon="1.80126">
        <ele>1508.0</ele>
      </trkpt>
      <trkpt lat="42.17624" lon="1.80296">
        <ele>1497.0</ele>
      </trkpt>
      <trkpt lat="42.17602" lon="1.80366">
        <ele>1489.0</ele>
      </trkpt>
      <trkpt lat="42.1762" lon="1.80462">
        <ele>1483.0</ele>
      </trkpt>
      <trkpt lat="42.17777" lon="1.80841">
        <ele>1463.0</ele>
      </trkpt>
      <trkpt lat="42.17855" lon="1.81445">
        <ele>1422.0</ele>
      </trkpt>
      <trkpt lat="42.17926" lon="1.81605">
        <ele>1412.0</ele>
      </trkpt>
      <trkpt lat="42.18023" lon="1.81707">
        <ele>1400.0</ele>
      </trkpt>
      <trkpt lat="42.18115" lon="1.81953">
        <ele>1384.0</ele>
      </trkpt>
      <trkpt lat="42.18115" lon="1.82053">
        <ele>1373.0</ele>
      </trkpt>
      <trkpt lat="42.18128" lon="1.8211">
        <ele>1367.0</ele>
      </trkpt>
      <trkpt lat="42.18226" lon="1.82268">
        <ele>1355.0</ele>
      </trkpt>
      <trkpt lat="42.18298" lon="1.82513">
        <ele>1330.0</ele>
      </trkpt>
      <trkpt lat="42.18408" lon="1.8262">
        <ele>1314.0</ele>
      </trkpt>
      <trkpt lat="42.18436" lon="1.82686">
        <ele>1308.0</ele>
      </trkpt>
      <trkpt lat="42.18447" lon="1.82826">
        <ele>1299.0</ele>
      </trkpt>
      <trkpt lat="42.18437" lon="1.82856">
        <ele>1296.0</ele>
      </trkpt>
      <trkpt lat="42.18414" lon="1.82841">
        <ele>1294.0</ele>
      </trkpt>
      <trkpt lat="42.18384" lon="1.82745">
        <ele>1291.0</ele>
      </trkpt>
      <trkpt lat="42.18346" lon="1.82712">
        <ele>1288.0</ele>
      </trkpt>
      <trkpt lat="42.18248" lon="1.82752">
        <ele>1274.0</ele>
      </trkpt>
      <trkpt lat="42.18091" lon="1.82749">
        <ele>1255.0</ele>
      </trkpt>
      <trkpt lat="42.18036" lon="1.82789">
        <ele>1245.0</ele>
      </trkpt>
      <trkpt lat="42.18038" lon="1.82842">
        <ele>1241.0</ele>
      </trkpt>
      <trkpt lat="42.1813" lon="1.83063">
        <ele>1228.0</ele>
      </trkpt>
      <trkpt lat="42.18159" lon="1.83363">
        <ele>1207.0</ele>
      </trkpt>
      <trkpt lat="42.18205" lon="1.83515">
        <ele>1193.0</ele>
      </trkpt>
      <trkpt lat="42.18204" lon="1.83555">
        <ele>1188.0</ele>
      </trkpt>
      <trkpt lat="42.18165" lon="1.83671">
        <ele>1178.0</ele>
      </trkpt>
      <trkpt lat="42.18158" lon="1.83757">
        <ele>1172.0</ele>
      </trkpt>
      <trkpt lat="42.18518" lon="1.84258">
        <ele>1129.0</ele>
      </trkpt>
      <trkpt lat="42.18614" lon="1.84476">
        <ele>1111.0</ele>
      </trkpt>
      <trkpt lat="42.18623" lon="1.84585">
        <ele>1098.0</ele>
      </trkpt>
      <trkpt lat="42.1861" lon="1.84641">
        <ele>1094.0</ele>
      </trkpt>
      <trkpt lat="42.18567" lon="1.84713">
        <ele>1088.0</ele>
      </trkpt>
      <trkpt lat="42.18579" lon="1.8479">
        <ele>1083.0</ele>
      </trkpt>
      <trkpt lat="42.18638" lon="1.84867">
        <ele>1076.0</ele>
      </trkpt>
      <trkpt lat="42.18682" lon="1.84982">
        <ele>1066.0</ele>
      </trkpt>
      <trkpt lat="42.18849" lon="1.85168">
        <ele>1041.0</ele>
      </trkpt>
      <trkpt lat="42.18874" lon="1.85227">
        <ele>1035.0</ele>
      </trkpt>
      <trkpt lat="42.18893" lon="1.85343">
        <ele>1025.0</ele>
      </trkpt>
      <trkpt lat="42.1899" lon="1.85364">
        <ele>1016.0</ele>
      </trkpt>
      <trkpt lat="42.19003" lon="1.85399">
        <ele>1013.0</ele>
      </trkpt>
      <trkpt lat="42.18992" lon="1.85431">
        <ele>1010.0</ele>
      </trkpt>
      <trkpt lat="42.18883" lon="1.85486">
        <ele>998.0</ele>
      </trkpt>
      <trkpt lat="42.18764" lon="1.85609">
        <ele>982.0</ele>
      </trkpt>
      <trkpt lat="42.18733" lon="1.85601">
        <ele>978.0</ele>
      </trkpt>
      <trkpt lat="42.18672" lon="1.85496">
        <ele>970.0</ele>
      </trkpt>
      <trkpt lat="42.18638" lon="1.85498">
        <ele>966.0</ele>
      </trkpt>
      <trkpt lat="42.18625" lon="1.8553">
        <ele>964.0</ele>
      </trkpt>
      <trkpt lat="42.18626" lon="1.85677">
        <ele>955.0</ele>
      </trkpt>
      <trkpt lat="42.18596" lon="1.85753">
        <ele>947.0</ele>
      </trkpt>
      <trkpt lat="42.18585" lon="1.85676">
        <ele>940.0</ele>
      </trkpt>
      <trkpt lat="42.18538" lon="1.85637">
        <ele>936.0</ele>
      </trkpt>
      <trkpt lat="42.18507" lon="1.85625">
        <ele>933.0</ele>
      </trkpt>
      <trkpt lat="42.18441" lon="1.85637">
        <ele>928.0</ele>
      </trkpt>
      <trkpt lat="42.18406" lon="1.85614">
        <ele>924.0</ele>
      </trkpt>
      <trkpt lat="42.18388" lon="1.85625">
        <ele>922.0</ele>
      </trkpt>
      <trkpt lat="42.18394" lon="1.85656">
        <ele>919.0</ele>
      </trkpt>
      <trkpt lat="42.18489" lon="1.85682">
        <ele>911.0</ele>
      </trkpt>
      <trkpt lat="42.18507" lon="1.85702">
        <ele>905.0</ele>
      </trkpt>
      <trkpt lat="42.18502" lon="1.85857">
        <ele>893.0</ele>
      </trkpt>
      <trkpt lat="42.18561" lon="1.85912">
        <ele>883.0</ele>
      </trkpt>
      <trkpt lat="42.18543" lon="1.85996">
        <ele>873.0</ele>
      </trkpt>
      <trkpt lat="42.1859" lon="1.86081">
        <ele>862.0</ele>
      </trkpt>
      <trkpt lat="42.18573" lon="1.86104">
        <ele>857.0</ele>
      </trkpt>
      <trkpt lat="42.18456" lon="1.86142">
        <ele>845.0</ele>
      </trkpt>
      <trkpt lat="42.18418" lon="1.86037">
        <ele>843.0</ele>
      </trkpt>
      <trkpt lat="42.18415" lon="1.85963">
        <ele>842.0</ele>
      </trkpt>
      <trkpt lat="42.18384" lon="1.85901">
        <ele>838.0</ele>
      </trkpt>
      <trkpt lat="42.18389" lon="1.85857">
        <ele>832.0</ele>
      </trkpt>
      <trkpt lat="42.18372" lon="1.85851">
        <ele>828.0</ele>
      </trkpt>
      <trkpt lat="42.18362" lon="1.85905">
        <ele>824.0</ele>
      </trkpt>
      <trkpt lat="42.18371" lon="1.86031">
        <ele>814.0</ele>
      </trkpt>
      <trkpt lat="42.184" lon="1.86152">
        <ele>804.0</ele>
      </trkpt>
      <trkpt lat="42.18389" lon="1.86276">
        <ele>794.0</ele>
      </trkpt>
      <trkpt lat="42.18435" lon="1.86303">
        <ele>791.0</ele>
      </trkpt>
      <trkpt lat="42.18512" lon="1.86254">
        <ele>788.0</ele>
      </trkpt>
      <trkpt lat="42.18523" lon="1.86262">
        <ele>785.0</ele>
      </trkpt>
      <trkpt lat="42.18419" lon="1.86395">
        <ele>770.0</ele>
      </trkpt>
      <trkpt lat="42.18373" lon="1.86366">
        <ele>764.0</ele>
      </trkpt>
      <trkpt lat="42.18306" lon="1.86367">
        <ele>753.0</ele>
      </trkpt>
      <trkpt lat="42.18262" lon="1.86336">
        <ele>741.0</ele>
      </trkpt>
      <trkpt lat="42.18182" lon="1.86347">
        <ele>728.0</ele>
      </trkpt>
      <trkpt lat="42.18154" lon="1.86266">
        <ele>726.0</ele>
      </trkpt>
      <trkpt lat="42.18223" lon="1.86193">
        <ele>726.0</ele>
      </trkpt>
      <trkpt lat="42.18229" lon="1.86147">
        <ele>725.0</ele>
      </trkpt>
      <trkpt lat="42.182" lon="1.86118">
        <ele>725.0</ele>
      </trkpt>
      <trkpt lat="42.18155" lon="1.86119">
        <ele>724.0</ele>
      </trkpt>
      <trkpt lat="42.18129" lon="1.86034">
        <ele>723.0</ele>
      </trkpt>
      <trkpt lat="42.18114" lon="1.86024">
        <ele>722.0</ele>
      </trkpt>
      <trkpt lat="42.18033" lon="1.86114">
        <ele>714.0</ele>
      </trkpt>
      <trkpt lat="42.17988" lon="1.86127">
        <ele>707.0</ele>
      </trkpt>
      <trkpt lat="42.17961" lon="1.86117">
        <ele>702.0</ele>
      </trkpt>
      <trkpt lat="42.17891" lon="1.86037">
        <ele>696.0</ele>
      </trkpt>
      <trkpt lat="42.17787" lon="1.86009">
        <ele>686.0</ele>
      </trkpt>
      <trkpt lat="42.17697" lon="1.86029">
        <ele>682.0</ele>
      </trkpt>
      <trkpt lat="42.1758" lon="1.86096">
        <ele>674.0</ele>
      </trkpt>
      <trkpt lat="42.17465" lon="1.8614">
        <ele>663.0</ele>
      </trkpt>
      <trkpt lat="42.17459" lon="1.86165">
        <ele>661.0</ele>
      </trkpt>
      <trkpt lat="42.17494" lon="1.86168">
        <ele>660.0</ele>
      </trkpt>
      <trkpt lat="42.17675" lon="1.8611">
        <ele>652.0</ele>
      </trkpt>
      <trkpt lat="42.1775" lon="1.86132">
        <ele>648.0</ele>
      </trkpt>
      <trkpt lat="42.17952" lon="1.86354">
        <ele>644.0</ele>
      </trkpt>
      <trkpt lat="42.18135" lon="1.86453">
        <ele>653.0</ele>
      </trkpt>
      <trkpt lat="42.18254" lon="1.86628">
        <ele>656.0</ele>
      </trkpt>
      <trkpt lat="42.18386" lon="1.86769">
        <ele>661.0</ele>
      </trkpt>
      <trkpt lat="42.18472" lon="1.86787">
        <ele>668.0</ele>
      </trkpt>
      <trkpt lat="42.18654" lon="1.86754">
        <ele>683.0</ele>
      </trkpt>
      <trkpt lat="42.18821" lon="1.86782">
        <ele>677.0</ele>
      </trkpt>
      <trkpt lat="42.18935" lon="1.86824">
        <ele>672.0</ele>
      </trkpt>
      <trkpt lat="42.19086" lon="1.86904">
        <ele>669.0</ele>
      </trkpt>
      <trkpt lat="42.19384" lon="1.8695">
        <ele>677.0</ele>
      </trkpt>
      <trkpt lat="42.1953" lon="1.87068">
        <ele>682.0</ele>
      </trkpt>
      <trkpt lat="42.19584" lon="1.87092">
        <ele>683.0</ele>
      </trkpt>
      <trkpt lat="42.19661" lon="1.87064">
        <ele>683.0</ele>
      </trkpt>
      <trkpt lat="42.19734" lon="1.86911">
        <ele>684.0</ele>
      </trkpt>
      <trkpt lat="42.19787" lon="1.86867">
        <ele>686.0</ele>
      </trkpt>
      <trkpt lat="42.19925" lon="1.86872">
        <ele>690.0</ele>
      </trkpt>
      <trkpt lat="42.20012" lon="1.8692">
        <ele>693.0</ele>
      </trkpt>
      <trkpt lat="42.20065" lon="1.86922">
        <ele>694.0</ele>
      </trkpt>
      <trkpt lat="42.2026" lon="1.86847">
        <ele>690.0</ele>
      </trkpt>
      <trkpt lat="42.20453" lon="1.86729">
        <ele>689.0</ele>
      </trkpt>
      <trkpt lat="42.20528" lon="1.86705">
        <ele>689.0</ele>
      </trkpt>
      <trkpt lat="42.20623" lon="1.86719">
        <ele>689.0</ele>
      </trkpt>
      <trkpt lat="42.20696" lon="1.86749">
        <ele>691.0</ele>
      </trkpt>
      <trkpt lat="42.20795" lon="1.86883">
        <ele>701.0</ele>
      </trkpt>
      <trkpt lat="42.20899" lon="1.86923">
        <ele>702.0</ele>
      </trkpt>
      <trkpt lat="42.20952" lon="1.86916">
        <ele>701.0</ele>
      </trkpt>
      <trkpt lat="42.21051" lon="1.86845">
        <ele>699.0</ele>
      </trkpt>
      <trkpt lat="42.21094" lon="1.86834">
        <ele>698.0</ele>
      </trkpt>
      <trkpt lat="42.21128" lon="1.86843">
        <ele>697.0</ele>
      </trkpt>
      <trkpt lat="42.2131" lon="1.86969">
        <ele>705.0</ele>
      </trkpt>
      <trkpt lat="42.2137" lon="1.86956">
        <ele>715.0</ele>
      </trkpt>
      <trkpt lat="42.2151" lon="1.86881">
        <ele>727.0</ele>
      </trkpt>
      <trkpt lat="42.21643" lon="1.86895">
        <ele>725.0</ele>
      </trkpt>
      <trkpt lat="42.21756" lon="1.86926">
        <ele>715.0</ele>
      </trkpt>
      <trkpt lat="42.21904" lon="1.87014">
        <ele>710.0</ele>
      </trkpt>
      <trkpt lat="42.22147" lon="1.87218">
        <ele>711.0</ele>
      </trkpt>
      <trkpt lat="42.22406" lon="1.87305">
        <ele>721.0</ele>
      </trkpt>
      <trkpt lat="42.22488" lon="1.87349">
        <ele>720.0</ele>
      </trkpt>
      <trkpt lat="42.22698" lon="1.87514">
        <ele>719.0</ele>
      </trkpt>
      <trkpt lat="42.22798" lon="1.87674">
        <ele>717.0</ele>
      </trkpt>
      <trkpt lat="42.22866" lon="1.87647">
        <ele>721.0</ele>
      </trkpt>
      <trkpt lat="42.23008" lon="1.87704">
        <ele>727.0</ele>
      </trkpt>
      <trkpt lat="42.23149" lon="1.87865">
        <ele>728.0</ele>
      </trkpt>
      <trkpt lat="42.23255" lon="1.87922">
        <ele>730.0</ele>
      </trkpt>
      <trkpt lat="42.23287" lon="1.87957">
        <ele>730.0</ele>
      </trkpt>
      <trkpt lat="42.23276" lon="1.87996">
        <ele>730.0</ele>
      </trkpt>
      <trkpt lat="42.2314" lon="1.88068">
        <ele>729.0</ele>
      </trkpt>
      <trkpt lat="42.23053" lon="1.88265">
        <ele>733.0</ele>
      </trkpt>
      <trkpt lat="42.22895" lon="1.88148">
        <ele>751.0</ele>
      </trkpt>
      <trkpt lat="42.22818" lon="1.88054">
        <ele>755.0</ele>
      </trkpt>
      <trkpt lat="42.22803" lon="1.88053">
        <ele>755.0</ele>
      </trkpt>
      <trkpt lat="42.22769" lon="1.8809">
        <ele>756.0</ele>
      </trkpt>
      <trkpt lat="42.22773" lon="1.88115">
        <ele>757.0</ele>
      </trkpt>
      <trkpt lat="42.22809" lon="1.88106">
        <ele>760.0</ele>
      </trkpt>
      <trkpt lat="42.22947" lon="1.88267">
        <ele>772.0</ele>
      </trkpt>
      <trkpt lat="42.23013" lon="1.88386">
        <ele>790.0</ele>
      </trkpt>
      <trkpt lat="42.23011" lon="1.88401">
        <ele>792.0</ele>
      </trkpt>
      <trkpt lat="42.22997" lon="1.884">
        <ele>794.0</ele>
      </trkpt>
      <trkpt lat="42.22918" lon="1.88316">
        <ele>801.0</ele>
      </trkpt>
      <trkpt lat="42.22852" lon="1.88279">
        <ele>809.0</ele>
      </trkpt>
      <trkpt lat="42.22859" lon="1.88299">
        <ele>812.0</ele>
      </trkpt>
      <trkpt lat="42.22892" lon="1.88318">
        <ele>814.0</ele>
      </trkpt>
      <trkpt lat="42.23022" lon="1.88522">
        <ele>825.0</ele>
      </trkpt>
      <trkpt lat="42.23024" lon="1.88535">
        <ele>832.0</ele>
      </trkpt>
      <trkpt lat="42.23012" lon="1.88538">
        <ele>836.0</ele>
      </trkpt>
      <trkpt lat="42.22851" lon="1.88351">
        <ele>834.0</ele>
      </trkpt>
      <trkpt lat="42.22837" lon="1.88353">
        <ele>828.0</ele>
      </trkpt>
      <trkpt lat="42.22968" lon="1.88559">
        <ele>849.0</ele>
      </trkpt>
      <trkpt lat="42.23012" lon="1.88706">
        <ele>872.0</ele>
      </trkpt>
      <trkpt lat="42.23049" lon="1.88778">
        <ele>876.0</ele>
      </trkpt>
      <trkpt lat="42.23074" lon="1.88881">
        <ele>884.0</ele>
      </trkpt>
      <trkpt lat="42.23062" lon="1.88883">
        <ele>887.0</ele>
      </trkpt>
      <trkpt lat="42.23035" lon="1.88803">
        <ele>891.0</ele>
      </trkpt>
      <trkpt lat="42.22975" lon="1.88725">
        <ele>896.0</ele>
      </trkpt>
      <trkpt lat="42.2284" lon="1.88471">
        <ele>910.0</ele>
      </trkpt>
      <trkpt lat="42.22749" lon="1.88528">
        <ele>913.0</ele>
      </trkpt>
      <trkpt lat="42.22669" lon="1.8854">
        <ele>914.0</ele>
      </trkpt>
      <trkpt lat="42.22657" lon="1.88651">
        <ele>914.0</ele>
      </trkpt>
      <trkpt lat="42.22613" lon="1.88719">
        <ele>914.0</ele>
      </trkpt>
      <trkpt lat="42.22621" lon="1.888">
        <ele>917.0</ele>
      </trkpt>
      <trkpt lat="42.2259" lon="1.88884">
        <ele>923.0</ele>
      </trkpt>
      <trkpt lat="42.22594" lon="1.88975">
        <ele>928.0</ele>
      </trkpt>
      <trkpt lat="42.22633" lon="1.89065">
        <ele>933.0</ele>
      </trkpt>
      <trkpt lat="42.2261" lon="1.891">
        <ele>936.0</ele>
      </trkpt>
      <trkpt lat="42.22574" lon="1.89117">
        <ele>938.0</ele>
      </trkpt>
      <trkpt lat="42.22558" lon="1.89163">
        <ele>941.0</ele>
      </trkpt>
      <trkpt lat="42.22591" lon="1.89254">
        <ele>945.0</ele>
      </trkpt>
      <trkpt lat="42.22549" lon="1.89319">
        <ele>948.0</ele>
      </trkpt>
      <trkpt lat="42.22489" lon="1.89377">
        <ele>952.0</ele>
      </trkpt>
      <trkpt lat="42.22436" lon="1.89373">
        <ele>955.0</ele>
      </trkpt>
      <trkpt lat="42.22372" lon="1.89415">
        <ele>958.0</ele>
      </trkpt>
      <trkpt lat="42.22334" lon="1.89352">
        <ele>961.0</ele>
      </trkpt>
      <trkpt lat="42.22206" lon="1.89561">
        <ele>970.0</ele>
      </trkpt>
      <trkpt lat="42.22183" lon="1.89654">
        <ele>974.0</ele>
      </trkpt>
      <trkpt lat="42.22156" lon="1.89685">
        <ele>975.0</ele>
      </trkpt>
      <trkpt lat="42.22136" lon="1.89739">
        <ele>979.0</ele>
      </trkpt>
      <trkpt lat="42.22078" lon="1.89785">
        <ele>986.0</ele>
      </trkpt>
      <trkpt lat="42.2207" lon="1.89826">
        <ele>988.0</ele>
      </trkpt>
      <trkpt lat="42.21997" lon="1.89907">
        <ele>996.0</ele>
      </trkpt>
      <trkpt lat="42.21952" lon="1.90007">
        <ele>1003.0</ele>
      </trkpt>
      <trkpt lat="42.21886" lon="1.90223">
        <ele>1017.0</ele>
      </trkpt>
      <trkpt lat="42.21848" lon="1.90298">
        <ele>1023.0</ele>
      </trkpt>
      <trkpt lat="42.21768" lon="1.90565">
        <ele>1047.0</ele>
      </trkpt>
      <trkpt lat="42.21752" lon="1.90661">
        <ele>1053.0</ele>
      </trkpt>
      <trkpt lat="42.21759" lon="1.90778">
        <ele>1062.0</ele>
      </trkpt>
      <trkpt lat="42.21564" lon="1.91269">
        <ele>1109.0</ele>
      </trkpt>
      <trkpt lat="42.21565" lon="1.91307">
        <ele>1114.0</ele>
      </trkpt>
      <trkpt lat="42.21648" lon="1.91453">
        <ele>1121.0</ele>
      </trkpt>
      <trkpt lat="42.21672" lon="1.91527">
        <ele>1126.0</ele>
      </trkpt>
      <trkpt lat="42.21644" lon="1.91605">
        <ele>1133.0</ele>
      </trkpt>
      <trkpt lat="42.21645" lon="1.91653">
        <ele>1134.0</ele>
      </trkpt>
      <trkpt lat="42.21631" lon="1.91699">
        <ele>1137.0</ele>
      </trkpt>
      <trkpt lat="42.21635" lon="1.91878">
        <ele>1143.0</ele>
      </trkpt>
      <trkpt lat="42.21587" lon="1.91972">
        <ele>1155.0</ele>
      </trkpt>
      <trkpt lat="42.21612" lon="1.92039">
        <ele>1158.0</ele>
      </trkpt>
      <trkpt lat="42.21651" lon="1.92063">
        <ele>1160.0</ele>
      </trkpt>
      <trkpt lat="42.217" lon="1.92167">
        <ele>1163.0</ele>
      </trkpt>
      <trkpt lat="42.21877" lon="1.92369">
        <ele>1174.0</ele>
      </trkpt>
      <trkpt lat="42.22121" lon="1.92756">
        <ele>1202.0</ele>
      </trkpt>
      <trkpt lat="42.22202" lon="1.92776">
        <ele>1215.0</ele>
      </trkpt>
      <trkpt lat="42.22229" lon="1.92855">
        <ele>1218.0</ele>
      </trkpt>
      <trkpt lat="42.22217" lon="1.92956">
        <ele>1215.0</ele>
      </trkpt>
      <trkpt lat="42.22225" lon="1.93039">
        <ele>1213.0</ele>
      </trkpt>
      <trkpt lat="42.22315" lon="1.93359">
        <ele>1190.0</ele>
      </trkpt>
      <trkpt lat="42.22325" lon="1.93362">
        <ele>1183.0</ele>
      </trkpt>
      <trkpt lat="42.22328" lon="1.93573">
        <ele>1169.0</ele>
      </trkpt>
      <trkpt lat="42.22312" lon="1.93643">
        <ele>1163.0</ele>
      </trkpt>
      <trkpt lat="42.22387" lon="1.93683">
        <ele>1159.0</ele>
      </trkpt>
      <trkpt lat="42.22553" lon="1.93931">
        <ele>1144.0</ele>
      </trkpt>
      <trkpt lat="42.22564" lon="1.93924">
        <ele>1143.0</ele>
      </trkpt>
      <trkpt lat="42.22576" lon="1.93851">
        <ele>1139.0</ele>
      </trkpt>
      <trkpt lat="42.22586" lon="1.93712">
        <ele>1131.0</ele>
      </trkpt>
      <trkpt lat="42.22639" lon="1.93505">
        <ele>1113.0</ele>
      </trkpt>
      <trkpt lat="42.22692" lon="1.935">
        <ele>1109.0</ele>
      </trkpt>
      <trkpt lat="42.22791" lon="1.93715">
        <ele>1097.0</ele>
      </trkpt>
      <trkpt lat="42.22837" lon="1.93743">
        <ele>1091.0</ele>
      </trkpt>
      <trkpt lat="42.22895" lon="1.93743">
        <ele>1084.0</ele>
      </trkpt>
      <trkpt lat="42.23013" lon="1.93813">
        <ele>1075.0</ele>
      </trkpt>
      <trkpt lat="42.23052" lon="1.93906">
        <ele>1072.0</ele>
      </trkpt>
      <trkpt lat="42.23174" lon="1.94007">
        <ele>1056.0</ele>
      </trkpt>
      <trkpt lat="42.23193" lon="1.94053">
        <ele>1049.0</ele>
      </trkpt>
      <trkpt lat="42.23188" lon="1.94074">
        <ele>1046.0</ele>
      </trkpt>
      <trkpt lat="42.23129" lon="1.94157">
        <ele>1040.0</ele>
      </trkpt>
      <trkpt lat="42.23108" lon="1.94251">
        <ele>1036.0</ele>
      </trkpt>
      <trkpt lat="42.2312" lon="1.94324">
        <ele>1032.0</ele>
      </trkpt>
      <trkpt lat="42.2312" lon="1.94455">
        <ele>1024.0</ele>
      </trkpt>
      <trkpt lat="42.23158" lon="1.94558">
        <ele>1017.0</ele>
      </trkpt>
      <trkpt lat="42.23159" lon="1.94666">
        <ele>1012.0</ele>
      </trkpt>
      <trkpt lat="42.23179" lon="1.94743">
        <ele>1008.0</ele>
      </trkpt>
      <trkpt lat="42.23227" lon="1.94751">
        <ele>1003.0</ele>
      </trkpt>
      <trkpt lat="42.23271" lon="1.94856">
        <ele>997.0</ele>
      </trkpt>
      <trkpt lat="42.23244" lon="1.94953">
        <ele>991.0</ele>
      </trkpt>
      <trkpt lat="42.23253" lon="1.95088">
        <ele>987.0</ele>
      </trkpt>
      <trkpt lat="42.23346" lon="1.95178">
        <ele>980.0</ele>
      </trkpt>
      <trkpt lat="42.23356" lon="1.95248">
        <ele>975.0</ele>
      </trkpt>
      <trkpt lat="42.23371" lon="1.95238">
        <ele>972.0</ele>
      </trkpt>
      <trkpt lat="42.2337" lon="1.95165">
        <ele>968.0</ele>
      </trkpt>
      <trkpt lat="42.23351" lon="1.95109">
        <ele>965.0</ele>
      </trkpt>
      <trkpt lat="42.23305" lon="1.95044">
        <ele>960.0</ele>
      </trkpt>
      <trkpt lat="42.23306" lon="1.95017">
        <ele>959.0</ele>
      </trkpt>
      <trkpt lat="42.23353" lon="1.94937">
        <ele>954.0</ele>
      </trkpt>
      <trkpt lat="42.23416" lon="1.9493">
        <ele>948.0</ele>
      </trkpt>
      <trkpt lat="42.23429" lon="1.94863">
        <ele>940.0</ele>
      </trkpt>
      <trkpt lat="42.2348" lon="1.94863">
        <ele>934.0</ele>
      </trkpt>
      <trkpt lat="42.23504" lon="1.94811">
        <ele>930.0</ele>
      </trkpt>
      <trkpt lat="42.23562" lon="1.94792">
        <ele>926.0</ele>
      </trkpt>
      <trkpt lat="42.23516" lon="1.94715">
        <ele>923.0</ele>
      </trkpt>
      <trkpt lat="42.23514" lon="1.94691">
        <ele>920.0</ele>
      </trkpt>
      <trkpt lat="42.23572" lon="1.94632">
        <ele>912.0</ele>
      </trkpt>
      <trkpt lat="42.23584" lon="1.94588">
        <ele>907.0</ele>
      </trkpt>
      <trkpt lat="42.23566" lon="1.94542">
        <ele>900.0</ele>
      </trkpt>
      <trkpt lat="42.23571" lon="1.94532">
        <ele>898.0</ele>
      </trkpt>
      <trkpt lat="42.23593" lon="1.94541">
        <ele>895.0</ele>
      </trkpt>
      <trkpt lat="42.23607" lon="1.94585">
        <ele>894.0</ele>
      </trkpt>
      <trkpt lat="42.23601" lon="1.94691">
        <ele>891.0</ele>
      </trkpt>
      <trkpt lat="42.23648" lon="1.94727">
        <ele>890.0</ele>
      </trkpt>
      <trkpt lat="42.23656" lon="1.94765">
        <ele>888.0</ele>
      </trkpt>
      <trkpt lat="42.23648" lon="1.94817">
        <ele>887.0</ele>
      </trkpt>
      <trkpt lat="42.23588" lon="1.94875">
        <ele>884.0</ele>
      </trkpt>
      <trkpt lat="42.23595" lon="1.94904">
        <ele>882.0</ele>
      </trkpt>
      <trkpt lat="42.2363" lon="1.94949">
        <ele>881.0</ele>
      </trkpt>
      <trkpt lat="42.23634" lon="1.95032">
        <ele>879.0</ele>
      </trkpt>
      <trkpt lat="42.23605" lon="1.95083">
        <ele>877.0</ele>
      </trkpt>
      <trkpt lat="42.23557" lon="1.95092">
        <ele>875.0</ele>
      </trkpt>
      <trkpt lat="42.2355" lon="1.95109">
        <ele>873.0</ele>
      </trkpt>
      <trkpt lat="42.23576" lon="1.95161">
        <ele>870.0</ele>
      </trkpt>
      <trkpt lat="42.23624" lon="1.95163">
        <ele>865.0</ele>
      </trkpt>
      <trkpt lat="42.23644" lon="1.9519">
        <ele>861.0</ele>
      </trkpt>
      <trkpt lat="42.23705" lon="1.95364">
        <ele>852.0</ele>
      </trkpt>
      <trkpt lat="42.23705" lon="1.95516">
        <ele>844.0</ele>
      </trkpt>
      <trkpt lat="42.23771" lon="1.95678">
        <ele>840.0</ele>
      </trkpt>
      <trkpt lat="42.2387" lon="1.95806">
        <ele>838.0</ele>
      </trkpt>
      <trkpt lat="42.23802" lon="1.95951">
        <ele>837.0</ele>
      </trkpt>
      <trkpt lat="42.23803" lon="1.96032">
        <ele>833.0</ele>
      </trkpt>
      <trkpt lat="42.2383" lon="1.96058">
        <ele>830.0</ele>
      </trkpt>
      <trkpt lat="42.23852" lon="1.96126">
        <ele>825.0</ele>
      </trkpt>
      <trkpt lat="42.23904" lon="1.96141">
        <ele>823.0</ele>
      </trkpt>
      <trkpt lat="42.23916" lon="1.96132">
        <ele>823.0</ele>
      </trkpt>
      <trkpt lat="42.23942" lon="1.96155">
        <ele>823.0</ele>
      </trkpt>
      <trkpt lat="42.23941" lon="1.96029">
        <ele>825.0</ele>
      </trkpt>
      <trkpt lat="42.23948" lon="1.96006">
        <ele>826.0</ele>
      </trkpt>
      <trkpt lat="42.23992" lon="1.95972">
        <ele>824.0</ele>
      </trkpt>
      <trkpt lat="42.23986" lon="1.95949">
        <ele>824.0</ele>
      </trkpt>
      <trkpt lat="42.23945" lon="1.95925">
        <ele>823.0</ele>
      </trkpt>
      <trkpt lat="42.2392" lon="1.95827">
        <ele>822.0</ele>
      </trkpt>
      <trkpt lat="42.23871" lon="1.94913">
        <ele>827.0</ele>
      </trkpt>
      <trkpt lat="42.23883" lon="1.94848">
        <ele>827.0</ele>
      </trkpt>
      <trkpt lat="42.23934" lon="1.94736">
        <ele>824.0</ele>
      </trkpt>
      <trkpt lat="42.23942" lon="1.94688">
        <ele>823.0</ele>
      </trkpt>
      <trkpt lat="42.23901" lon="1.94339">
        <ele>820.0</ele>
      </trkpt>
      <trkpt lat="42.23954" lon="1.93911">
        <ele>811.0</ele>
      </trkpt>
      <trkpt lat="42.23978" lon="1.93852">
        <ele>808.0</ele>
      </trkpt>
      <trkpt lat="42.24091" lon="1.93709">
        <ele>806.0</ele>
      </trkpt>
      <trkpt lat="42.24125" lon="1.93509">
        <ele>807.0</ele>
      </trkpt>
      <trkpt lat="42.24101" lon="1.93397">
        <ele>809.0</ele>
      </trkpt>
      <trkpt lat="42.23994" lon="1.93308">
        <ele>806.0</ele>
      </trkpt>
      <trkpt lat="42.23957" lon="1.9322">
        <ele>806.0</ele>
      </trkpt>
      <trkpt lat="42.23949" lon="1.92698">
        <ele>804.0</ele>
      </trkpt>
      <trkpt lat="42.23929" lon="1.9246">
        <ele>804.0</ele>
      </trkpt>
      <trkpt lat="42.23939" lon="1.92402">
        <ele>804.0</ele>
      </trkpt>
      <trkpt lat="42.23936" lon="1.92257">
        <ele>800.0</ele>
      </trkpt>
      <trkpt lat="42.23841" lon="1.91846">
        <ele>784.0</ele>
      </trkpt>
      <trkpt lat="42.23869" lon="1.91178">
        <ele>771.0</ele>
      </trkpt>
      <trkpt lat="42.23818" lon="1.9092">
        <ele>763.0</ele>
      </trkpt>
      <trkpt lat="42.23809" lon="1.90803">
        <ele>760.0</ele>
      </trkpt>
      <trkpt lat="42.2385" lon="1.90165">
        <ele>759.0</ele>
      </trkpt>
      <trkpt lat="42.23837" lon="1.90096">
        <ele>758.0</ele>
      </trkpt>
      <trkpt lat="42.23752" lon="1.8993">
        <ele>757.0</ele>
      </trkpt>
      <trkpt lat="42.23677" lon="1.89505">
        <ele>756.0</ele>
      </trkpt>
      <trkpt lat="42.23636" lon="1.89445">
        <ele>756.0</ele>
      </trkpt>
      <trkpt lat="42.23522" lon="1.89393">
        <ele>751.0</ele>
      </trkpt>
      <trkpt lat="42.23471" lon="1.89322">
        <ele>747.0</ele>
      </trkpt>
      <trkpt lat="42.23445" lon="1.89116">
        <ele>748.0</ele>
      </trkpt>
      <trkpt lat="42.23351" lon="1.88951">
        <ele>746.0</ele>
      </trkpt>
      <trkpt lat="42.23239" lon="1.88604">
        <ele>743.0</ele>
      </trkpt>
      <trkpt lat="42.23249" lon="1.88545">
        <ele>740.0</ele>
      </trkpt>
      <trkpt lat="42.2321" lon="1.88437">
        <ele>734.07</ele>
      </trkpt>
      <trkpt lat="42.23231" lon="1.88407">
        <ele>735.15</ele>
      </trkpt>
      <trkpt lat="42.23283" lon="1.88391">
        <ele>737.05</ele>
      </trkpt>
      <trkpt lat="42.23336" lon="1.88348">
        <ele>739.23</ele>
      </trkpt>
      <trkpt lat="42.23371" lon="1.88302">
        <ele>740.95</ele>
      </trkpt>
      <trkpt lat="42.23485" lon="1.87993">
        <ele>750.04</ele>
      </trkpt>
      <trkpt lat="42.23615" lon="1.87778">
        <ele>744.0</ele>
      </trkpt>
      <trkpt lat="42.23691" lon="1.87613">
        <ele>738.0</ele>
      </trkpt>
      <trkpt lat="42.23742" lon="1.87552">
        <ele>738.0</ele>
      </trkpt>
      <trkpt lat="42.23865" lon="1.8748">
        <ele>743.0</ele>
      </trkpt>
      <trkpt lat="42.2397" lon="1.87395">
        <ele>747.0</ele>
      </trkpt>
      <trkpt lat="42.24129" lon="1.87366">
        <ele>753.0</ele>
      </trkpt>
      <trkpt lat="42.24165" lon="1.87345">
        <ele>755.0</ele>
      </trkpt>
      <trkpt lat="42.24274" lon="1.87214">
        <ele>759.0</ele>
      </trkpt>
      <trkpt lat="42.24371" lon="1.87122">
        <ele>762.0</ele>
      </trkpt>
      <trkpt lat="42.24543" lon="1.86967">
        <ele>765.0</ele>
      </trkpt>
      <trkpt lat="42.24641" lon="1.8691">
        <ele>768.0</ele>
      </trkpt>
      <trkpt lat="42.24656" lon="1.86876">
        <ele>769.0</ele>
      </trkpt>
      <trkpt lat="42.24687" lon="1.86868">
        <ele>770.0</ele>
      </trkpt>
      <trkpt lat="42.24701" lon="1.86841">
        <ele>770.0</ele>
      </trkpt>
      <trkpt lat="42.2498" lon="1.86576">
        <ele>776.0</ele>
      </trkpt>
      <trkpt lat="42.2518" lon="1.86511">
        <ele>782.0</ele>
      </trkpt>
      <trkpt lat="42.25142" lon="1.86484">
        <ele>789.0</ele>
      </trkpt>
      <trkpt lat="42.25221" lon="1.86528">
        <ele>797.0</ele>
      </trkpt>
      <trkpt lat="42.25248" lon="1.86388">
        <ele>799.0</ele>
      </trkpt>
      <trkpt lat="42.25391" lon="1.86319">
        <ele>802.0</ele>
      </trkpt>
      <trkpt lat="42.25421" lon="1.86235">
        <ele>805.0</ele>
      </trkpt>
      <trkpt lat="42.25518" lon="1.86278">
        <ele>809.0</ele>
      </trkpt>
      <trkpt lat="42.25576" lon="1.86284">
        <ele>812.0</ele>
      </trkpt>
      <trkpt lat="42.25586" lon="1.86253">
        <ele>814.0</ele>
      </trkpt>
      <trkpt lat="42.25577" lon="1.86227">
        <ele>815.0</ele>
      </trkpt>
      <trkpt lat="42.25463" lon="1.8618">
        <ele>818.0</ele>
      </trkpt>
      <trkpt lat="42.25415" lon="1.86146">
        <ele>819.0</ele>
      </trkpt>
      <trkpt lat="42.25403" lon="1.86116">
        <ele>821.0</ele>
      </trkpt>
      <trkpt lat="42.25415" lon="1.86093">
        <ele>823.0</ele>
      </trkpt>
      <trkpt lat="42.25631" lon="1.85944">
        <ele>831.0</ele>
      </trkpt>
      <trkpt lat="42.25691" lon="1.85813">
        <ele>840.0</ele>
      </trkpt>
      <trkpt lat="42.25803" lon="1.8566">
        <ele>851.0</ele>
      </trkpt>
      <trkpt lat="42.25815" lon="1.85519">
        <ele>859.0</ele>
      </trkpt>
      <trkpt lat="42.25889" lon="1.85468">
        <ele>868.0</ele>
      </trkpt>
      <trkpt lat="42.25947" lon="1.85297">
        <ele>876.0</ele>
      </trkpt>
      <trkpt lat="42.2599" lon="1.85306">
        <ele>878.0</ele>
      </trkpt>
      <trkpt lat="42.26" lon="1.85379">
        <ele>882.0</ele>
      </trkpt>
      <trkpt lat="42.26019" lon="1.85401">
        <ele>884.0</ele>
      </trkpt>
      <trkpt lat="42.26037" lon="1.854">
        <ele>886.0</ele>
      </trkpt>
      <trkpt lat="42.26107" lon="1.85272">
        <ele>892.0</ele>
      </trkpt>
      <trkpt lat="42.26121" lon="1.85224">
        <ele>891.0</ele>
      </trkpt>
      <trkpt lat="42.2616" lon="1.85186">
        <ele>891.0</ele>
      </trkpt>
      <trkpt lat="42.26326" lon="1.85113">
        <ele>889.0</ele>
      </trkpt>
      <trkpt lat="42.26423" lon="1.85136">
        <ele>888.0</ele>
      </trkpt>
      <trkpt lat="42.26487" lon="1.85063">
        <ele>886.0</ele>
      </trkpt>
      <trkpt lat="42.26541" lon="1.85025">
        <ele>884.0</ele>
      </trkpt>
      <trkpt lat="42.26721" lon="1.8509">
        <ele>892.0</ele>
      </trkpt>
      <trkpt lat="42.26784" lon="1.85147">
        <ele>895.0</ele>
      </trkpt>
      <trkpt lat="42.26824" lon="1.85134">
        <ele>896.0</ele>
      </trkpt>
      <trkpt lat="42.26894" lon="1.85066">
        <ele>897.0</ele>
      </trkpt>
      <trkpt lat="42.27018" lon="1.85002">
        <ele>905.0</ele>
      </trkpt>
      <trkpt lat="42.27094" lon="1.8503">
        <ele>908.0</ele>
      </trkpt>
      <trkpt lat="42.27237" lon="1.85121">
        <ele>919.0</ele>
      </trkpt>
      <trkpt lat="42.27334" lon="1.85141">
        <ele>928.0</ele>
      </trkpt>
      <trkpt lat="42.2743" lon="1.85065">
        <ele>943.0</ele>
      </trkpt>
      <trkpt lat="42.27458" lon="1.85057">
        <ele>947.0</ele>
      </trkpt>
      <trkpt lat="42.27676" lon="1.85067">
        <ele>960.0</ele>
      </trkpt>
      <trkpt lat="42.27708" lon="1.84948">
        <ele>968.0</ele>
      </trkpt>
      <trkpt lat="42.27746" lon="1.84888">
        <ele>974.0</ele>
      </trkpt>
      <trkpt lat="42.27766" lon="1.84881">
        <ele>977.0</ele>
      </trkpt>
      <trkpt lat="42.27816" lon="1.8489">
        <ele>981.0</ele>
      </trkpt>
      <trkpt lat="42.27918" lon="1.84959">
        <ele>987.0</ele>
      </trkpt>
      <trkpt lat="42.27952" lon="1.84943">
        <ele>991.0</ele>
      </trkpt>
      <trkpt lat="42.28011" lon="1.84955">
        <ele>998.0</ele>
      </trkpt>
      <trkpt lat="42.28096" lon="1.84903">
        <ele>1009.0</ele>
      </trkpt>
      <trkpt lat="42.28113" lon="1.84931">
        <ele>1014.0</ele>
      </trkpt>
      <trkpt lat="42.2811" lon="1.85015">
        <ele>1017.0</ele>
      </trkpt>
      <trkpt lat="42.28178" lon="1.8507">
        <ele>1022.0</ele>
      </trkpt>
      <trkpt lat="42.28214" lon="1.85142">
        <ele>1027.0</ele>
      </trkpt>
      <trkpt lat="42.2825" lon="1.85152">
        <ele>1029.0</ele>
      </trkpt>
      <trkpt lat="42.28342" lon="1.85123">
        <ele>1034.0</ele>
      </trkpt>
      <trkpt lat="42.28375" lon="1.85129">
        <ele>1036.0</ele>
      </trkpt>
      <trkpt lat="42.28527" lon="1.85188">
        <ele>1039.0</ele>
      </trkpt>
      <trkpt lat="42.28646" lon="1.85259">
        <ele>1049.0</ele>
      </trkpt>
      <trkpt lat="42.28725" lon="1.85434">
        <ele>1061.0</ele>
      </trkpt>
      <trkpt lat="42.28764" lon="1.85475">
        <ele>1064.0</ele>
      </trkpt>
      <trkpt lat="42.28803" lon="1.85583">
        <ele>1067.0</ele>
      </trkpt>
      <trkpt lat="42.28856" lon="1.85657">
        <ele>1074.0</ele>
      </trkpt>
      <trkpt lat="42.28939" lon="1.85919">
        <ele>1086.0</ele>
      </trkpt>
      <trkpt lat="42.28967" lon="1.85975">
        <ele>1094.0</ele>
      </trkpt>
      <trkpt lat="42.29095" lon="1.86018">
        <ele>1106.0</ele>
      </trkpt>
      <trkpt lat="42.2919" lon="1.86001">
        <ele>1123.0</ele>
      </trkpt>
      <trkpt lat="42.29257" lon="1.86048">
        <ele>1135.0</ele>
      </trkpt>
      <trkpt lat="42.29318" lon="1.86179">
        <ele>1142.0</ele>
      </trkpt>
      <trkpt lat="42.29347" lon="1.86322">
        <ele>1148.0</ele>
      </trkpt>
      <trkpt lat="42.29343" lon="1.86375">
        <ele>1157.0</ele>
      </trkpt>
      <trkpt lat="42.29312" lon="1.86466">
        <ele>1167.0</ele>
      </trkpt>
      <trkpt lat="42.29313" lon="1.8651">
        <ele>1174.0</ele>
      </trkpt>
      <trkpt lat="42.29332" lon="1.86568">
        <ele>1178.0</ele>
      </trkpt>
      <trkpt lat="42.29373" lon="1.86606">
        <ele>1187.0</ele>
      </trkpt>
      <trkpt lat="42.29482" lon="1.86761">
        <ele>1201.0</ele>
      </trkpt>
      <trkpt lat="42.29618" lon="1.86882">
        <ele>1218.0</ele>
      </trkpt>
      <trkpt lat="42.29679" lon="1.87026">
        <ele>1229.0</ele>
      </trkpt>
      <trkpt lat="42.29691" lon="1.8716">
        <ele>1237.0</ele>
      </trkpt>
      <trkpt lat="42.29669" lon="1.87179">
        <ele>1240.0</ele>
      </trkpt>
      <trkpt lat="42.2965" lon="1.87168">
        <ele>1242.0</ele>
      </trkpt>
      <trkpt lat="42.2962" lon="1.87074">
        <ele>1246.0</ele>
      </trkpt>
      <trkpt lat="42.29585" lon="1.87034">
        <ele>1251.0</ele>
      </trkpt>
      <trkpt lat="42.29202" lon="1.86834">
        <ele>1274.0</ele>
      </trkpt>
      <trkpt lat="42.29075" lon="1.86718">
        <ele>1285.0</ele>
      </trkpt>
      <trkpt lat="42.28979" lon="1.86802">
        <ele>1290.0</ele>
      </trkpt>
      <trkpt lat="42.28957" lon="1.86864">
        <ele>1298.0</ele>
      </trkpt>
      <trkpt lat="42.28823" lon="1.87027">
        <ele>1314.0</ele>
      </trkpt>
      <trkpt lat="42.28815" lon="1.87216">
        <ele>1329.0</ele>
      </trkpt>
      <trkpt lat="42.28899" lon="1.87389">
        <ele>1345.0</ele>
      </trkpt>
      <trkpt lat="42.28881" lon="1.87484">
        <ele>1350.0</ele>
      </trkpt>
      <trkpt lat="42.28827" lon="1.8762">
        <ele>1359.0</ele>
      </trkpt>
      <trkpt lat="42.2886" lon="1.87774">
        <ele>1382.0</ele>
      </trkpt>
      <trkpt lat="42.28787" lon="1.87799">
        <ele>1388.0</ele>
      </trkpt>
      <trkpt lat="42.28696" lon="1.87875">
        <ele>1392.0</ele>
      </trkpt>
      <trkpt lat="42.2867" lon="1.8794">
        <ele>1396.0</ele>
      </trkpt>
      <trkpt lat="42.2862" lon="1.88006">
        <ele>1406.0</ele>
      </trkpt>
      <trkpt lat="42.28552" lon="1.8806">
        <ele>1420.0</ele>
      </trkpt>
      <trkpt lat="42.28528" lon="1.88031">
        <ele>1424.0</ele>
      </trkpt>
      <trkpt lat="42.28549" lon="1.8794">
        <ele>1424.0</ele>
      </trkpt>
      <trkpt lat="42.28547" lon="1.87878">
        <ele>1424.0</ele>
      </trkpt>
      <trkpt lat="42.28519" lon="1.87843">
        <ele>1424.0</ele>
      </trkpt>
      <trkpt lat="42.2845" lon="1.87867">
        <ele>1427.0</ele>
      </trkpt>
      <trkpt lat="42.28397" lon="1.87833">
        <ele>1431.0</ele>
      </trkpt>
      <trkpt lat="42.28406" lon="1.87704">
        <ele>1437.0</ele>
      </trkpt>
      <trkpt lat="42.28391" lon="1.87656">
        <ele>1444.0</ele>
      </trkpt>
      <trkpt lat="42.28288" lon="1.87591">
        <ele>1458.0</ele>
      </trkpt>
      <trkpt lat="42.28193" lon="1.87594">
        <ele>1469.0</ele>
      </trkpt>
      <trkpt lat="42.28158" lon="1.87572">
        <ele>1475.0</ele>
      </trkpt>
      <trkpt lat="42.28131" lon="1.87527">
        <ele>1478.0</ele>
      </trkpt>
      <trkpt lat="42.28092" lon="1.8742">
        <ele>1487.0</ele>
      </trkpt>
      <trkpt lat="42.281" lon="1.87385">
        <ele>1490.0</ele>
      </trkpt>
      <trkpt lat="42.28089" lon="1.87318">
        <ele>1490.0</ele>
      </trkpt>
      <trkpt lat="42.28129" lon="1.87215">
        <ele>1488.0</ele>
      </trkpt>
      <trkpt lat="42.2809" lon="1.8705">
        <ele>1501.0</ele>
      </trkpt>
      <trkpt lat="42.28108" lon="1.86888">
        <ele>1519.0</ele>
      </trkpt>
      <trkpt lat="42.281" lon="1.86882">
        <ele>1520.0</ele>
      </trkpt>
      <trkpt lat="42.28063" lon="1.86925">
        <ele>1524.0</ele>
      </trkpt>
      <trkpt lat="42.28028" lon="1.86936">
        <ele>1527.0</ele>
      </trkpt>
      <trkpt lat="42.27961" lon="1.87133">
        <ele>1535.0</ele>
      </trkpt>
      <trkpt lat="42.27953" lon="1.87371">
        <ele>1551.0</ele>
      </trkpt>
      <trkpt lat="42.27934" lon="1.87444">
        <ele>1560.0</ele>
      </trkpt>
      <trkpt lat="42.27923" lon="1.8761">
        <ele>1570.0</ele>
      </trkpt>
      <trkpt lat="42.27929" lon="1.87647">
        <ele>1579.0</ele>
      </trkpt>
      <trkpt lat="42.27974" lon="1.87706">
        <ele>1587.0</ele>
      </trkpt>
      <trkpt lat="42.27996" lon="1.87767">
        <ele>1591.0</ele>
      </trkpt>
      <trkpt lat="42.28" lon="1.87933">
        <ele>1598.0</ele>
      </trkpt>
      <trkpt lat="42.28014" lon="1.88021">
        <ele>1605.0</ele>
      </trkpt>
      <trkpt lat="42.28001" lon="1.8808">
        <ele>1608.0</ele>
      </trkpt>
      <trkpt lat="42.27959" lon="1.88145">
        <ele>1611.0</ele>
      </trkpt>
      <trkpt lat="42.27956" lon="1.88324">
        <ele>1615.0</ele>
      </trkpt>
      <trkpt lat="42.27914" lon="1.88768">
        <ele>1635.0</ele>
      </trkpt>
      <trkpt lat="42.27926" lon="1.88793">
        <ele>1645.0</ele>
      </trkpt>
      <trkpt lat="42.2798" lon="1.88825">
        <ele>1653.0</ele>
      </trkpt>
      <trkpt lat="42.28018" lon="1.88927">
        <ele>1660.0</ele>
      </trkpt>
      <trkpt lat="42.28002" lon="1.89164">
        <ele>1675.0</ele>
      </trkpt>
      <trkpt lat="42.28094" lon="1.89207">
        <ele>1685.0</ele>
      </trkpt>
      <trkpt lat="42.28095" lon="1.89311">
        <ele>1690.0</ele>
      </trkpt>
      <trkpt lat="42.28136" lon="1.89344">
        <ele>1692.0</ele>
      </trkpt>
      <trkpt lat="42.28205" lon="1.89297">
        <ele>1694.0</ele>
      </trkpt>
      <trkpt lat="42.28239" lon="1.89254">
        <ele>1699.0</ele>
      </trkpt>
      <trkpt lat="42.28314" lon="1.89218">
        <ele>1708.0</ele>
      </trkpt>
      <trkpt lat="42.28348" lon="1.89171">
        <ele>1715.0</ele>
      </trkpt>
      <trkpt lat="42.284" lon="1.89139">
        <ele>1721.0</ele>
      </trkpt>
      <trkpt lat="42.28421" lon="1.89148">
        <ele>1724.0</ele>
      </trkpt>
      <trkpt lat="42.28425" lon="1.8921">
        <ele>1726.0</ele>
      </trkpt>
      <trkpt lat="42.28443" lon="1.89251">
        <ele>1729.0</ele>
      </trkpt>
      <trkpt lat="42.28611" lon="1.8921">
        <ele>1732.0</ele>
      </trkpt>
      <trkpt lat="42.28655" lon="1.89186">
        <ele>1736.0</ele>
      </trkpt>
      <trkpt lat="42.28834" lon="1.88966">
        <ele>1750.0</ele>
      </trkpt>
      <trkpt lat="42.28874" lon="1.88882">
        <ele>1767.0</ele>
      </trkpt>
      <trkpt lat="42.28982" lon="1.88829">
        <ele>1778.0</ele>
      </trkpt>
      <trkpt lat="42.29099" lon="1.88671">
        <ele>1791.0</ele>
      </trkpt>
      <trkpt lat="42.29128" lon="1.88671">
        <ele>1798.0</ele>
      </trkpt>
      <trkpt lat="42.29127" lon="1.88704">
        <ele>1801.0</ele>
      </trkpt>
      <trkpt lat="42.29034" lon="1.88847">
        <ele>1810.0</ele>
      </trkpt>
      <trkpt lat="42.28933" lon="1.88965">
        <ele>1817.0</ele>
      </trkpt>
      <trkpt lat="42.28913" lon="1.89074">
        <ele>1823.0</ele>
      </trkpt>
      <trkpt lat="42.28927" lon="1.89098">
        <ele>1826.0</ele>
      </trkpt>
      <trkpt lat="42.29088" lon="1.8912">
        <ele>1836.0</ele>
      </trkpt>
      <trkpt lat="42.2913" lon="1.89144">
        <ele>1841.0</ele>
      </trkpt>
      <trkpt lat="42.29221" lon="1.89308">
        <ele>1850.0</ele>
      </trkpt>
      <trkpt lat="42.29202" lon="1.89327">
        <ele>1852.0</ele>
      </trkpt>
      <trkpt lat="42.29152" lon="1.89298">
        <ele>1852.0</ele>
      </trkpt>
      <trkpt lat="42.2909" lon="1.89306">
        <ele>1854.0</ele>
      </trkpt>
      <trkpt lat="42.29" lon="1.8937">
        <ele>1859.0</ele>
      </trkpt>
      <trkpt lat="42.28962" lon="1.8937">
        <ele>1862.0</ele>
      </trkpt>
      <trkpt lat="42.28948" lon="1.89384">
        <ele>1864.0</ele>
      </trkpt>
      <trkpt lat="42.28932" lon="1.89429">
        <ele>1866.0</ele>
      </trkpt>
      <trkpt lat="42.28947" lon="1.895">
        <ele>1871.0</ele>
      </trkpt>
      <trkpt lat="42.28932" lon="1.89535">
        <ele>1873.0</ele>
      </trkpt>
      <trkpt lat="42.2888" lon="1.89585">
        <ele>1878.0</ele>
      </trkpt>
      <trkpt lat="42.28866" lon="1.89662">
        <ele>1883.0</ele>
      </trkpt>
      <trkpt lat="42.28872" lon="1.89717">
        <ele>1888.0</ele>
      </trkpt>
      <trkpt lat="42.28905" lon="1.89789">
        <ele>1895.0</ele>
      </trkpt>
      <trkpt lat="42.28918" lon="1.89853">
        <ele>1903.0</ele>
      </trkpt>
      <trkpt lat="42.29046" lon="1.89998">
        <ele>1914.0</ele>
      </trkpt>
      <trkpt lat="42.29126" lon="1.90116">
        <ele>1924.0</ele>
      </trkpt>
      <trkpt lat="42.29216" lon="1.90136">
        <ele>1928.0</ele>
      </trkpt>
      <trkpt lat="42.29334" lon="1.901">
        <ele>1938.0</ele>
      </trkpt>
      <trkpt lat="42.294" lon="1.90181">
        <ele>1944.0</ele>
      </trkpt>
      <trkpt lat="42.29428" lon="1.90246">
        <ele>1947.0</ele>
      </trkpt>
      <trkpt lat="42.29429" lon="1.90322">
        <ele>1949.0</ele>
      </trkpt>
      <trkpt lat="42.29393" lon="1.90418">
        <ele>1950.0</ele>
      </trkpt>
      <trkpt lat="42.29394" lon="1.90514">
        <ele>1953.0</ele>
      </trkpt>
      <trkpt lat="42.2944" lon="1.90649">
        <ele>1959.0</ele>
      </trkpt>
      <trkpt lat="42.29448" lon="1.90793">
        <ele>1965.0</ele>
      </trkpt>
      <trkpt lat="42.29475" lon="1.90918">
        <ele>1971.0</ele>
      </trkpt>
      <trkpt lat="42.29475" lon="1.91267">
        <ele>1982.0</ele>
      </trkpt>
      <trkpt lat="42.29557" lon="1.91571">
        <ele>2000.0</ele>
      </trkpt>
      <trkpt lat="42.29633" lon="1.91733">
        <ele>2005.0</ele>
      </trkpt>
      <trkpt lat="42.29685" lon="1.91804">
        <ele>2014.0</ele>
      </trkpt>
      <trkpt lat="42.2974" lon="1.91949">
        <ele>2026.0</ele>
      </trkpt>
      <trkpt lat="42.29821" lon="1.92104">
        <ele>2031.0</ele>
      </trkpt>
      <trkpt lat="42.29909" lon="1.92178">
        <ele>2038.0</ele>
      </trkpt>
      <trkpt lat="42.29955" lon="1.92199">
        <ele>2046.0</ele>
      </trkpt>
      <trkpt lat="42.30066" lon="1.92186">
        <ele>2058.0</ele>
      </trkpt>
      <trkpt lat="42.30118" lon="1.92151">
        <ele>2068.0</ele>
      </trkpt>
      <trkpt lat="42.30177" lon="1.92014">
        <ele>2080.0</ele>
      </trkpt>
      <trkpt lat="42.30206" lon="1.91998">
        <ele>2086.0</ele>
      </trkpt>
      <trkpt lat="42.30234" lon="1.92038">
        <ele>2089.0</ele>
      </trkpt>
      <trkpt lat="42.3026" lon="1.92247">
        <ele>2096.0</ele>
      </trkpt>
      <trkpt lat="42.30302" lon="1.92258">
        <ele>2100.0</ele>
      </trkpt>
      <trkpt lat="42.30375" lon="1.92237">
        <ele>2109.0</ele>
      </trkpt>
    </trkseg>
  </trk>
</gpx>