<?xml version="1.0" encoding="UTF-8"?>
<gpx xmlns="http://www.topografix.com/GPX/1/0" xmlns:xsi="http://www.w3.org/2001/XMLSchema-instance" xsi:schemaLocation="http://www.topografix.com/GPX/1/0 http://www.topografix.com/GPX/1/0/gpx.xsd" version="1.0" creator="GPSBabel - https://www.gpsbabel.org">
  <time>2026-04-13T14:11:56.649000Z</time>
  <bounds minlat="50.00051" maxlat="50.62219" minlon="5.54718" maxlon="5.95246" />
  <trk>
    <trkseg>
      <trkpt lat="50.60473" lon="5.61451">
        <ele>81.0</ele>
      </trkpt>
      <trkpt lat="50.60313" lon="5.61414">
        <ele>91.0</ele>
      </trkpt>
      <trkpt lat="50.60161" lon="5.61319">
        <ele>99.0</ele>
      </trkpt>
      <trkpt lat="50.60059" lon="5.61219">
        <ele>103.0</ele>
      </trkpt>
      <trkpt lat="50.59978" lon="5.61053">
        <ele>108.0</ele>
      </trkpt>
      <trkpt lat="50.59849" lon="5.60948">
        <ele>115.0</ele>
      </trkpt>
      <trkpt lat="50.59807" lon="5.6096">
        <ele>123.0</ele>
      </trkpt>
      <trkpt lat="50.59732" lon="5.61071">
        <ele>127.0</ele>
      </trkpt>
      <trkpt lat="50.59709" lon="5.6107">
        <ele>128.0</ele>
      </trkpt>
      <trkpt lat="50.59697" lon="5.61036">
        <ele>129.0</ele>
      </trkpt>
      <trkpt lat="50.59702" lon="5.60871">
        <ele>130.0</ele>
      </trkpt>
      <trkpt lat="50.59679" lon="5.60808">
        <ele>131.0</ele>
      </trkpt>
      <trkpt lat="50.59654" lon="5.60781">
        <ele>131.0</ele>
      </trkpt>
      <trkpt lat="50.59298" lon="5.6063">
        <ele>141.0</ele>
      </trkpt>
      <trkpt lat="50.59283" lon="5.60608">
        <ele>143.0</ele>
      </trkpt>
      <trkpt lat="50.59273" lon="5.60621">
        <ele>144.0</ele>
      </trkpt>
      <trkpt lat="50.5918" lon="5.60616">
        <ele>145.0</ele>
      </trkpt>
      <trkpt lat="50.59057" lon="5.60663">
        <ele>148.0</ele>
      </trkpt>
      <trkpt lat="50.58924" lon="5.6081">
        <ele>153.0</ele>
      </trkpt>
      <trkpt lat="50.58356" lon="5.61682">
        <ele>185.0</ele>
      </trkpt>
      <trkpt lat="50.58317" lon="5.61694">
        <ele>190.0</ele>
      </trkpt>
      <trkpt lat="50.5828" lon="5.61667">
        <ele>193.0</ele>
      </trkpt>
      <trkpt lat="50.58178" lon="5.61489">
        <ele>196.0</ele>
      </trkpt>
      <trkpt lat="50.58146" lon="5.61464">
        <ele>198.0</ele>
      </trkpt>
      <trkpt lat="50.58114" lon="5.61507">
        <ele>201.0</ele>
      </trkpt>
      <trkpt lat="50.58096" lon="5.6167">
        <ele>206.0</ele>
      </trkpt>
      <trkpt lat="50.58073" lon="5.61726">
        <ele>211.0</ele>
      </trkpt>
      <trkpt lat="50.57833" lon="5.61747">
        <ele>223.0</ele>
      </trkpt>
      <trkpt lat="50.5761" lon="5.61819">
        <ele>232.0</ele>
      </trkpt>
      <trkpt lat="50.57078" lon="5.62024">
        <ele>260.0</ele>
      </trkpt>
      <trkpt lat="50.56956" lon="5.62099">
        <ele>266.0</ele>
      </trkpt>
      <trkpt lat="50.56865" lon="5.62391">
        <ele>270.0</ele>
      </trkpt>
      <trkpt lat="50.5676" lon="5.62662">
        <ele>271.0</ele>
      </trkpt>
      <trkpt lat="50.56649" lon="5.63051">
        <ele>272.0</ele>
      </trkpt>
      <trkpt lat="50.56457" lon="5.63448">
        <ele>273.0</ele>
      </trkpt>
      <trkpt lat="50.56389" lon="5.63509">
        <ele>274.0</ele>
      </trkpt>
      <trkpt lat="50.55942" lon="5.63757">
        <ele>283.0</ele>
      </trkpt>
      <trkpt lat="50.55896" lon="5.63804">
        <ele>287.0</ele>
      </trkpt>
      <trkpt lat="50.55866" lon="5.63875">
        <ele>287.0</ele>
      </trkpt>
      <trkpt lat="50.55849" lon="5.63876">
        <ele>287.0</ele>
      </trkpt>
      <trkpt lat="50.55859" lon="5.63927">
        <ele>287.0</ele>
      </trkpt>
      <trkpt lat="50.55377" lon="5.65653">
        <ele>284.0</ele>
      </trkpt>
      <trkpt lat="50.55126" lon="5.66062">
        <ele>293.0</ele>
      </trkpt>
      <trkpt lat="50.54616" lon="5.67373">
        <ele>280.0</ele>
      </trkpt>
      <trkpt lat="50.54552" lon="5.67507">
        <ele>275.0</ele>
      </trkpt>
      <trkpt lat="50.54451" lon="5.67646">
        <ele>270.0</ele>
      </trkpt>
      <trkpt lat="50.54432" lon="5.67693">
        <ele>268.0</ele>
      </trkpt>
      <trkpt lat="50.54431" lon="5.68193">
        <ele>257.0</ele>
      </trkpt>
      <trkpt lat="50.54397" lon="5.68352">
        <ele>239.0</ele>
      </trkpt>
      <trkpt lat="50.54348" lon="5.68458">
        <ele>223.0</ele>
      </trkpt>
      <trkpt lat="50.54378" lon="5.68652">
        <ele>213.0</ele>
      </trkpt>
      <trkpt lat="50.54408" lon="5.69031">
        <ele>197.0</ele>
      </trkpt>
      <trkpt lat="50.54387" lon="5.69148">
        <ele>182.0</ele>
      </trkpt>
      <trkpt lat="50.54337" lon="5.69224">
        <ele>177.0</ele>
      </trkpt>
      <trkpt lat="50.54201" lon="5.69297">
        <ele>183.0</ele>
      </trkpt>
      <trkpt lat="50.54022" lon="5.69258">
        <ele>188.0</ele>
      </trkpt>
      <trkpt lat="50.53831" lon="5.69166">
        <ele>191.0</ele>
      </trkpt>
      <trkpt lat="50.53757" lon="5.69199">
        <ele>195.0</ele>
      </trkpt>
      <trkpt lat="50.53704" lon="5.69278">
        <ele>200.0</ele>
      </trkpt>
      <trkpt lat="50.53675" lon="5.69355">
        <ele>202.0</ele>
      </trkpt>
      <trkpt lat="50.5362" lon="5.69622">
        <ele>203.0</ele>
      </trkpt>
      <trkpt lat="50.53605" lon="5.69982">
        <ele>203.0</ele>
      </trkpt>
      <trkpt lat="50.53542" lon="5.70742">
        <ele>208.0</ele>
      </trkpt>
      <trkpt lat="50.53558" lon="5.70887">
        <ele>213.0</ele>
      </trkpt>
      <trkpt lat="50.53539" lon="5.70915">
        <ele>215.0</ele>
      </trkpt>
      <trkpt lat="50.5351" lon="5.70904">
        <ele>216.0</ele>
      </trkpt>
      <trkpt lat="50.53248" lon="5.70637">
        <ele>226.0</ele>
      </trkpt>
      <trkpt lat="50.53221" lon="5.70633">
        <ele>228.0</ele>
      </trkpt>
      <trkpt lat="50.53196" lon="5.70654">
        <ele>228.0</ele>
      </trkpt>
      <trkpt lat="50.53185" lon="5.70706">
        <ele>228.0</ele>
      </trkpt>
      <trkpt lat="50.53209" lon="5.70869">
        <ele>233.0</ele>
      </trkpt>
      <trkpt lat="50.532" lon="5.70933">
        <ele>237.0</ele>
      </trkpt>
      <trkpt lat="50.53161" lon="5.70994">
        <ele>240.0</ele>
      </trkpt>
      <trkpt lat="50.5307" lon="5.71061">
        <ele>243.0</ele>
      </trkpt>
      <trkpt lat="50.53046" lon="5.71101">
        <ele>243.0</ele>
      </trkpt>
      <trkpt lat="50.53034" lon="5.71293">
        <ele>244.0</ele>
      </trkpt>
      <trkpt lat="50.53041" lon="5.71453">
        <ele>248.0</ele>
      </trkpt>
      <trkpt lat="50.53" lon="5.71753">
        <ele>256.0</ele>
      </trkpt>
      <trkpt lat="50.52949" lon="5.71937">
        <ele>262.0</ele>
      </trkpt>
      <trkpt lat="50.51918" lon="5.72799">
        <ele>258.0</ele>
      </trkpt>
      <trkpt lat="50.51797" lon="5.72872">
        <ele>255.0</ele>
      </trkpt>
      <trkpt lat="50.51673" lon="5.72889">
        <ele>254.0</ele>
      </trkpt>
      <trkpt lat="50.50449" lon="5.72769">
        <ele>211.0</ele>
      </trkpt>
      <trkpt lat="50.50281" lon="5.72611">
        <ele>209.0</ele>
      </trkpt>
      <trkpt lat="50.50227" lon="5.72606">
        <ele>208.0</ele>
      </trkpt>
      <trkpt lat="50.50121" lon="5.72652">
        <ele>207.0</ele>
      </trkpt>
      <trkpt lat="50.50089" lon="5.72635">
        <ele>207.0</ele>
      </trkpt>
      <trkpt lat="50.49987" lon="5.72511">
        <ele>207.0</ele>
      </trkpt>
      <trkpt lat="50.49836" lon="5.72143">
        <ele>197.0</ele>
      </trkpt>
      <trkpt lat="50.49803" lon="5.72086">
        <ele>189.0</ele>
      </trkpt>
      <trkpt lat="50.49772" lon="5.72063">
        <ele>185.0</ele>
      </trkpt>
      <trkpt lat="50.49145" lon="5.72012">
        <ele>174.0</ele>
      </trkpt>
      <trkpt lat="50.48893" lon="5.71913">
        <ele>172.0</ele>
      </trkpt>
      <trkpt lat="50.48613" lon="5.71977">
        <ele>167.0</ele>
      </trkpt>
      <trkpt lat="50.48575" lon="5.71967">
        <ele>165.0</ele>
      </trkpt>
      <trkpt lat="50.48302" lon="5.71658">
        <ele>167.0</ele>
      </trkpt>
      <trkpt lat="50.48211" lon="5.71481">
        <ele>163.0</ele>
      </trkpt>
      <trkpt lat="50.48101" lon="5.71419">
        <ele>153.0</ele>
      </trkpt>
      <trkpt lat="50.48028" lon="5.71335">
        <ele>145.0</ele>
      </trkpt>
      <trkpt lat="50.47994" lon="5.71244">
        <ele>140.0</ele>
      </trkpt>
      <trkpt lat="50.47964" lon="5.70965">
        <ele>130.0</ele>
      </trkpt>
      <trkpt lat="50.48004" lon="5.70672">
        <ele>128.0</ele>
      </trkpt>
      <trkpt lat="50.48023" lon="5.70643">
        <ele>129.0</ele>
      </trkpt>
      <trkpt lat="50.4801" lon="5.70622">
        <ele>129.0</ele>
      </trkpt>
      <trkpt lat="50.47968" lon="5.701">
        <ele>130.0</ele>
      </trkpt>
      <trkpt lat="50.4786" lon="5.6962">
        <ele>127.0</ele>
      </trkpt>
      <trkpt lat="50.47533" lon="5.68844">
        <ele>132.0</ele>
      </trkpt>
      <trkpt lat="50.47367" lon="5.67708">
        <ele>128.0</ele>
      </trkpt>
      <trkpt lat="50.47358" lon="5.67582">
        <ele>128.0</ele>
      </trkpt>
      <trkpt lat="50.4723" lon="5.67586">
        <ele>133.0</ele>
      </trkpt>
      <trkpt lat="50.47128" lon="5.6763">
        <ele>134.0</ele>
      </trkpt>
      <trkpt lat="50.47045" lon="5.67827">
        <ele>134.0</ele>
      </trkpt>
      <trkpt lat="50.4702" lon="5.67854">
        <ele>135.0</ele>
      </trkpt>
      <trkpt lat="50.4671" lon="5.6787">
        <ele>145.0</ele>
      </trkpt>
      <trkpt lat="50.46633" lon="5.67851">
        <ele>148.0</ele>
      </trkpt>
      <trkpt lat="50.46443" lon="5.67757">
        <ele>152.0</ele>
      </trkpt>
      <trkpt lat="50.46307" lon="5.67565">
        <ele>157.0</ele>
      </trkpt>
      <trkpt lat="50.4617" lon="5.67334">
        <ele>171.0</ele>
      </trkpt>
      <trkpt lat="50.46163" lon="5.67245">
        <ele>181.0</ele>
      </trkpt>
      <trkpt lat="50.46142" lon="5.6718">
        <ele>184.0</ele>
      </trkpt>
      <trkpt lat="50.46023" lon="5.67091">
        <ele>189.0</ele>
      </trkpt>
      <trkpt lat="50.45984" lon="5.67032">
        <ele>193.0</ele>
      </trkpt>
      <trkpt lat="50.45957" lon="5.66844">
        <ele>199.0</ele>
      </trkpt>
      <trkpt lat="50.45978" lon="5.66676">
        <ele>205.0</ele>
      </trkpt>
      <trkpt lat="50.46007" lon="5.66598">
        <ele>209.0</ele>
      </trkpt>
      <trkpt lat="50.46122" lon="5.66383">
        <ele>215.0</ele>
      </trkpt>
      <trkpt lat="50.46147" lon="5.66254">
        <ele>218.0</ele>
      </trkpt>
      <trkpt lat="50.46091" lon="5.65287">
        <ele>232.0</ele>
      </trkpt>
      <trkpt lat="50.46055" lon="5.65157">
        <ele>238.0</ele>
      </trkpt>
      <trkpt lat="50.46057" lon="5.65067">
        <ele>240.0</ele>
      </trkpt>
      <trkpt lat="50.46086" lon="5.64947">
        <ele>244.0</ele>
      </trkpt>
      <trkpt lat="50.46077" lon="5.64867">
        <ele>246.0</ele>
      </trkpt>
      <trkpt lat="50.46024" lon="5.64612">
        <ele>249.0</ele>
      </trkpt>
      <trkpt lat="50.46006" lon="5.64569">
        <ele>250.0</ele>
      </trkpt>
      <trkpt lat="50.45911" lon="5.64473">
        <ele>250.0</ele>
      </trkpt>
      <trkpt lat="50.45787" lon="5.64378">
        <ele>244.0</ele>
      </trkpt>
      <trkpt lat="50.45761" lon="5.64336">
        <ele>243.0</ele>
      </trkpt>
      <trkpt lat="50.45203" lon="5.62887">
        <ele>245.0</ele>
      </trkpt>
      <trkpt lat="50.44196" lon="5.61745">
        <ele>289.0</ele>
      </trkpt>
      <trkpt lat="50.44151" lon="5.61712">
        <ele>292.0</ele>
      </trkpt>
      <trkpt lat="50.44014" lon="5.61687">
        <ele>300.0</ele>
      </trkpt>
      <trkpt lat="50.4398" lon="5.61656">
        <ele>303.0</ele>
      </trkpt>
      <trkpt lat="50.43767" lon="5.61068">
        <ele>322.0</ele>
      </trkpt>
      <trkpt lat="50.43721" lon="5.6095">
        <ele>324.0</ele>
      </trkpt>
      <trkpt lat="50.43684" lon="5.60891">
        <ele>328.0</ele>
      </trkpt>
      <trkpt lat="50.43592" lon="5.60819">
        <ele>330.0</ele>
      </trkpt>
      <trkpt lat="50.42725" lon="5.60283">
        <ele>336.0</ele>
      </trkpt>
      <trkpt lat="50.42397" lon="5.59938">
        <ele>332.0</ele>
      </trkpt>
      <trkpt lat="50.42329" lon="5.59909">
        <ele>329.0</ele>
      </trkpt>
      <trkpt lat="50.42206" lon="5.5994">
        <ele>327.0</ele>
      </trkpt>
      <trkpt lat="50.42139" lon="5.59891">
        <ele>325.0</ele>
      </trkpt>
      <trkpt lat="50.40642" lon="5.5711">
        <ele>233.0</ele>
      </trkpt>
      <trkpt lat="50.4024" lon="5.5655">
        <ele>223.0</ele>
      </trkpt>
      <trkpt lat="50.4019" lon="5.56361">
        <ele>217.0</ele>
      </trkpt>
      <trkpt lat="50.40122" lon="5.56264">
        <ele>211.0</ele>
      </trkpt>
      <trkpt lat="50.4006" lon="5.56125">
        <ele>206.0</ele>
      </trkpt>
      <trkpt lat="50.4002" lon="5.55869">
        <ele>197.0</ele>
      </trkpt>
      <trkpt lat="50.39939" lon="5.55717">
        <ele>188.0</ele>
      </trkpt>
      <trkpt lat="50.3991" lon="5.55585">
        <ele>183.0</ele>
      </trkpt>
      <trkpt lat="50.3983" lon="5.554">
        <ele>180.0</ele>
      </trkpt>
      <trkpt lat="50.39686" lon="5.55248">
        <ele>172.0</ele>
      </trkpt>
      <trkpt lat="50.39583" lon="5.55201">
        <ele>162.0</ele>
      </trkpt>
      <trkpt lat="50.3949" lon="5.55054">
        <ele>149.0</ele>
      </trkpt>
      <trkpt lat="50.39347" lon="5.54945">
        <ele>145.0</ele>
      </trkpt>
      <trkpt lat="50.39402" lon="5.55199">
        <ele>144.0</ele>
      </trkpt>
      <trkpt lat="50.39457" lon="5.55348">
        <ele>151.0</ele>
      </trkpt>
      <trkpt lat="50.39565" lon="5.55458">
        <ele>162.0</ele>
      </trkpt>
      <trkpt lat="50.39617" lon="5.55596">
        <ele>170.0</ele>
      </trkpt>
      <trkpt lat="50.39619" lon="5.55652">
        <ele>172.0</ele>
      </trkpt>
      <trkpt lat="50.39609" lon="5.55673">
        <ele>174.0</ele>
      </trkpt>
      <trkpt lat="50.39519" lon="5.5559">
        <ele>185.0</ele>
      </trkpt>
      <trkpt lat="50.39496" lon="5.55586">
        <ele>188.0</ele>
      </trkpt>
      <trkpt lat="50.39489" lon="5.55601">
        <ele>191.0</ele>
      </trkpt>
      <trkpt lat="50.39564" lon="5.55917">
        <ele>200.0</ele>
      </trkpt>
      <trkpt lat="50.39563" lon="5.5597">
        <ele>206.0</ele>
      </trkpt>
      <trkpt lat="50.39482" lon="5.56105">
        <ele>216.0</ele>
      </trkpt>
      <trkpt lat="50.39429" lon="5.56275">
        <ele>223.0</ele>
      </trkpt>
      <trkpt lat="50.39224" lon="5.5661">
        <ele>228.0</ele>
      </trkpt>
      <trkpt lat="50.38626" lon="5.57328">
        <ele>260.0</ele>
      </trkpt>
      <trkpt lat="50.38576" lon="5.57341">
        <ele>265.0</ele>
      </trkpt>
      <trkpt lat="50.38512" lon="5.57448">
        <ele>268.0</ele>
      </trkpt>
      <trkpt lat="50.38481" lon="5.57514">
        <ele>275.0</ele>
      </trkpt>
      <trkpt lat="50.38522" lon="5.57686">
        <ele>279.0</ele>
      </trkpt>
      <trkpt lat="50.38506" lon="5.57771">
        <ele>282.0</ele>
      </trkpt>
      <trkpt lat="50.38452" lon="5.5788">
        <ele>285.0</ele>
      </trkpt>
      <trkpt lat="50.38388" lon="5.57832">
        <ele>288.0</ele>
      </trkpt>
      <trkpt lat="50.38365" lon="5.57845">
        <ele>289.0</ele>
      </trkpt>
      <trkpt lat="50.38359" lon="5.57891">
        <ele>290.0</ele>
      </trkpt>
      <trkpt lat="50.38384" lon="5.57972">
        <ele>291.0</ele>
      </trkpt>
      <trkpt lat="50.38387" lon="5.58032">
        <ele>293.0</ele>
      </trkpt>
      <trkpt lat="50.38376" lon="5.58055">
        <ele>293.0</ele>
      </trkpt>
      <trkpt lat="50.38317" lon="5.58074">
        <ele>294.0</ele>
      </trkpt>
      <trkpt lat="50.38264" lon="5.58161">
        <ele>294.0</ele>
      </trkpt>
      <trkpt lat="50.38212" lon="5.58391">
        <ele>296.0</ele>
      </trkpt>
      <trkpt lat="50.38217" lon="5.58772">
        <ele>304.0</ele>
      </trkpt>
      <trkpt lat="50.3827" lon="5.59163">
        <ele>309.0</ele>
      </trkpt>
      <trkpt lat="50.38255" lon="5.59239">
        <ele>309.0</ele>
      </trkpt>
      <trkpt lat="50.3819" lon="5.59391">
        <ele>311.0</ele>
      </trkpt>
      <trkpt lat="50.38171" lon="5.59542">
        <ele>316.0</ele>
      </trkpt>
      <trkpt lat="50.38111" lon="5.59766">
        <ele>326.0</ele>
      </trkpt>
      <trkpt lat="50.38063" lon="5.60043">
        <ele>341.0</ele>
      </trkpt>
      <trkpt lat="50.38179" lon="5.60344">
        <ele>336.0</ele>
      </trkpt>
      <trkpt lat="50.38217" lon="5.60396">
        <ele>334.0</ele>
      </trkpt>
      <trkpt lat="50.38292" lon="5.60445">
        <ele>333.0</ele>
      </trkpt>
      <trkpt lat="50.38383" lon="5.60752">
        <ele>333.0</ele>
      </trkpt>
      <trkpt lat="50.38384" lon="5.60873">
        <ele>334.0</ele>
      </trkpt>
      <trkpt lat="50.38354" lon="5.61144">
        <ele>333.0</ele>
      </trkpt>
      <trkpt lat="50.38309" lon="5.61305">
        <ele>334.0</ele>
      </trkpt>
      <trkpt lat="50.38276" lon="5.61374">
        <ele>335.0</ele>
      </trkpt>
      <trkpt lat="50.38202" lon="5.61788">
        <ele>339.0</ele>
      </trkpt>
      <trkpt lat="50.3821" lon="5.62038">
        <ele>343.0</ele>
      </trkpt>
      <trkpt lat="50.382" lon="5.62493">
        <ele>356.0</ele>
      </trkpt>
      <trkpt lat="50.38185" lon="5.62533">
        <ele>359.0</ele>
      </trkpt>
      <trkpt lat="50.38097" lon="5.6263">
        <ele>365.0</ele>
      </trkpt>
      <trkpt lat="50.38094" lon="5.62875">
        <ele>365.0</ele>
      </trkpt>
      <trkpt lat="50.38215" lon="5.63557">
        <ele>372.0</ele>
      </trkpt>
      <trkpt lat="50.38288" lon="5.63817">
        <ele>374.0</ele>
      </trkpt>
      <trkpt lat="50.38282" lon="5.64403">
        <ele>364.0</ele>
      </trkpt>
      <trkpt lat="50.38431" lon="5.64674">
        <ele>364.0</ele>
      </trkpt>
      <trkpt lat="50.38508" lon="5.65003">
        <ele>367.0</ele>
      </trkpt>
      <trkpt lat="50.38549" lon="5.65519">
        <ele>378.0</ele>
      </trkpt>
      <trkpt lat="50.38564" lon="5.65547">
        <ele>380.0</ele>
      </trkpt>
      <trkpt lat="50.38612" lon="5.65544">
        <ele>381.0</ele>
      </trkpt>
      <trkpt lat="50.38634" lon="5.65565">
        <ele>383.0</ele>
      </trkpt>
      <trkpt lat="50.38669" lon="5.65923">
        <ele>394.0</ele>
      </trkpt>
      <trkpt lat="50.38729" lon="5.66142">
        <ele>397.0</ele>
      </trkpt>
      <trkpt lat="50.38784" lon="5.66267">
        <ele>401.0</ele>
      </trkpt>
      <trkpt lat="50.38573" lon="5.66332">
        <ele>410.0</ele>
      </trkpt>
      <trkpt lat="50.38511" lon="5.66393">
        <ele>417.0</ele>
      </trkpt>
      <trkpt lat="50.38469" lon="5.66475">
        <ele>423.0</ele>
      </trkpt>
      <trkpt lat="50.38085" lon="5.68143">
        <ele>436.0</ele>
      </trkpt>
      <trkpt lat="50.38048" lon="5.68142">
        <ele>437.0</ele>
      </trkpt>
      <trkpt lat="50.3599" lon="5.67028">
        <ele>469.0</ele>
      </trkpt>
      <trkpt lat="50.359" lon="5.66996">
        <ele>465.0</ele>
      </trkpt>
      <trkpt lat="50.35575" lon="5.66975">
        <ele>464.0</ele>
      </trkpt>
      <trkpt lat="50.35501" lon="5.66993">
        <ele>464.0</ele>
      </trkpt>
      <trkpt lat="50.34483" lon="5.67918">
        <ele>469.0</ele>
      </trkpt>
      <trkpt lat="50.34443" lon="5.67947">
        <ele>470.0</ele>
      </trkpt>
      <trkpt lat="50.34373" lon="5.67964">
        <ele>470.0</ele>
      </trkpt>
      <trkpt lat="50.32402" lon="5.67941">
        <ele>499.0</ele>
      </trkpt>
      <trkpt lat="50.32336" lon="5.67912">
        <ele>500.0</ele>
      </trkpt>
      <trkpt lat="50.31545" lon="5.67396">
        <ele>499.0</ele>
      </trkpt>
      <trkpt lat="50.31482" lon="5.67369">
        <ele>501.0</ele>
      </trkpt>
      <trkpt lat="50.3141" lon="5.67386">
        <ele>502.0</ele>
      </trkpt>
      <trkpt lat="50.31054" lon="5.6762">
        <ele>505.0</ele>
      </trkpt>
      <trkpt lat="50.30941" lon="5.67655">
        <ele>509.0</ele>
      </trkpt>
      <trkpt lat="50.30842" lon="5.67653">
        <ele>507.0</ele>
      </trkpt>
      <trkpt lat="50.30739" lon="5.6762">
        <ele>503.0</ele>
      </trkpt>
      <trkpt lat="50.30644" lon="5.67559">
        <ele>499.0</ele>
      </trkpt>
      <trkpt lat="50.30336" lon="5.672">
        <ele>486.0</ele>
      </trkpt>
      <trkpt lat="50.30268" lon="5.67143">
        <ele>477.0</ele>
      </trkpt>
      <trkpt lat="50.29929" lon="5.67037">
        <ele>460.0</ele>
      </trkpt>
      <trkpt lat="50.29821" lon="5.67054">
        <ele>451.0</ele>
      </trkpt>
      <trkpt lat="50.2926" lon="5.67536">
        <ele>441.0</ele>
      </trkpt>
      <trkpt lat="50.29217" lon="5.67559">
        <ele>442.0</ele>
      </trkpt>
      <trkpt lat="50.28641" lon="5.68078">
        <ele>459.0</ele>
      </trkpt>
      <trkpt lat="50.28597" lon="5.68136">
        <ele>466.0</ele>
      </trkpt>
      <trkpt lat="50.28564" lon="5.68222">
        <ele>470.0</ele>
      </trkpt>
      <trkpt lat="50.28554" lon="5.68341">
        <ele>475.0</ele>
      </trkpt>
      <trkpt lat="50.28608" lon="5.68961">
        <ele>495.0</ele>
      </trkpt>
      <trkpt lat="50.28608" lon="5.69121">
        <ele>507.0</ele>
      </trkpt>
      <trkpt lat="50.28567" lon="5.69489">
        <ele>513.0</ele>
      </trkpt>
      <trkpt lat="50.2854" lon="5.69562">
        <ele>516.0</ele>
      </trkpt>
      <trkpt lat="50.28492" lon="5.69624">
        <ele>519.0</ele>
      </trkpt>
      <trkpt lat="50.28428" lon="5.69648">
        <ele>521.0</ele>
      </trkpt>
      <trkpt lat="50.28391" lon="5.69641">
        <ele>522.0</ele>
      </trkpt>
      <trkpt lat="50.27508" lon="5.69267">
        <ele>525.0</ele>
      </trkpt>
      <trkpt lat="50.27422" lon="5.69244">
        <ele>525.0</ele>
      </trkpt>
      <trkpt lat="50.27327" lon="5.69247">
        <ele>525.0</ele>
      </trkpt>
      <trkpt lat="50.26942" lon="5.69345">
        <ele>527.0</ele>
      </trkpt>
      <trkpt lat="50.26868" lon="5.69393">
        <ele>530.0</ele>
      </trkpt>
      <trkpt lat="50.26814" lon="5.69459">
        <ele>535.0</ele>
      </trkpt>
      <trkpt lat="50.26204" lon="5.70753">
        <ele>588.0</ele>
      </trkpt>
      <trkpt lat="50.25768" lon="5.71916">
        <ele>616.0</ele>
      </trkpt>
      <trkpt lat="50.25547" lon="5.72642">
        <ele>635.0</ele>
      </trkpt>
      <trkpt lat="50.25395" lon="5.72998">
        <ele>641.0</ele>
      </trkpt>
      <trkpt lat="50.2524" lon="5.73287">
        <ele>646.0</ele>
      </trkpt>
      <trkpt lat="50.24953" lon="5.73763">
        <ele>637.0</ele>
      </trkpt>
      <trkpt lat="50.24919" lon="5.73773">
        <ele>637.0</ele>
      </trkpt>
      <trkpt lat="50.24894" lon="5.73861">
        <ele>637.0</ele>
      </trkpt>
      <trkpt lat="50.23148" lon="5.76736">
        <ele>612.0</ele>
      </trkpt>
      <trkpt lat="50.23061" lon="5.76858">
        <ele>608.0</ele>
      </trkpt>
      <trkpt lat="50.22909" lon="5.76983">
        <ele>607.0</ele>
      </trkpt>
      <trkpt lat="50.2275" lon="5.77075">
        <ele>602.0</ele>
      </trkpt>
      <trkpt lat="50.22256" lon="5.77196">
        <ele>594.0</ele>
      </trkpt>
      <trkpt lat="50.20202" lon="5.77991">
        <ele>561.0</ele>
      </trkpt>
      <trkpt lat="50.19142" lon="5.7805">
        <ele>541.0</ele>
      </trkpt>
      <trkpt lat="50.18999" lon="5.78076">
        <ele>525.0</ele>
      </trkpt>
      <trkpt lat="50.18844" lon="5.78155">
        <ele>517.0</ele>
      </trkpt>
      <trkpt lat="50.18499" lon="5.78462">
        <ele>502.0</ele>
      </trkpt>
      <trkpt lat="50.18398" lon="5.785">
        <ele>493.0</ele>
      </trkpt>
      <trkpt lat="50.18328" lon="5.78497">
        <ele>488.0</ele>
      </trkpt>
      <trkpt lat="50.18246" lon="5.78461">
        <ele>483.0</ele>
      </trkpt>
      <trkpt lat="50.17932" lon="5.78165">
        <ele>475.0</ele>
      </trkpt>
      <trkpt lat="50.17819" lon="5.78118">
        <ele>470.0</ele>
      </trkpt>
      <trkpt lat="50.16439" lon="5.78186">
        <ele>481.0</ele>
      </trkpt>
      <trkpt lat="50.14817" lon="5.78517">
        <ele>444.0</ele>
      </trkpt>
      <trkpt lat="50.14748" lon="5.7851">
        <ele>440.0</ele>
      </trkpt>
      <trkpt lat="50.14507" lon="5.78427">
        <ele>430.0</ele>
      </trkpt>
      <trkpt lat="50.14451" lon="5.78426">
        <ele>427.0</ele>
      </trkpt>
      <trkpt lat="50.1437" lon="5.78475">
        <ele>421.0</ele>
      </trkpt>
      <trkpt lat="50.14311" lon="5.78563">
        <ele>415.0</ele>
      </trkpt>
      <trkpt lat="50.14283" lon="5.78665">
        <ele>412.0</ele>
      </trkpt>
      <trkpt lat="50.14256" lon="5.7888">
        <ele>409.0</ele>
      </trkpt>
      <trkpt lat="50.14215" lon="5.78969">
        <ele>404.0</ele>
      </trkpt>
      <trkpt lat="50.14162" lon="5.7901">
        <ele>400.0</ele>
      </trkpt>
      <trkpt lat="50.13951" lon="5.79053">
        <ele>391.0</ele>
      </trkpt>
      <trkpt lat="50.13886" lon="5.79018">
        <ele>387.0</ele>
      </trkpt>
      <trkpt lat="50.13469" lon="5.78491">
        <ele>365.0</ele>
      </trkpt>
      <trkpt lat="50.13433" lon="5.78474">
        <ele>366.0</ele>
      </trkpt>
      <trkpt lat="50.13398" lon="5.78508">
        <ele>367.0</ele>
      </trkpt>
      <trkpt lat="50.13392" lon="5.78563">
        <ele>368.0</ele>
      </trkpt>
      <trkpt lat="50.13476" lon="5.78719">
        <ele>359.0</ele>
      </trkpt>
      <trkpt lat="50.13514" lon="5.78854">
        <ele>351.0</ele>
      </trkpt>
      <trkpt lat="50.1351" lon="5.78899">
        <ele>349.0</ele>
      </trkpt>
      <trkpt lat="50.13487" lon="5.78956">
        <ele>347.0</ele>
      </trkpt>
      <trkpt lat="50.13417" lon="5.79033">
        <ele>342.0</ele>
      </trkpt>
      <trkpt lat="50.13249" lon="5.79079">
        <ele>332.0</ele>
      </trkpt>
      <trkpt lat="50.13217" lon="5.78978">
        <ele>331.0</ele>
      </trkpt>
      <trkpt lat="50.13184" lon="5.78965">
        <ele>332.0</ele>
      </trkpt>
      <trkpt lat="50.13038" lon="5.79005">
        <ele>338.0</ele>
      </trkpt>
      <trkpt lat="50.12903" lon="5.79103">
        <ele>347.0</ele>
      </trkpt>
      <trkpt lat="50.12864" lon="5.79064">
        <ele>351.0</ele>
      </trkpt>
      <trkpt lat="50.12828" lon="5.78993">
        <ele>359.0</ele>
      </trkpt>
      <trkpt lat="50.1269" lon="5.78873">
        <ele>381.0</ele>
      </trkpt>
      <trkpt lat="50.12499" lon="5.78794">
        <ele>417.0</ele>
      </trkpt>
      <trkpt lat="50.12429" lon="5.78797">
        <ele>422.0</ele>
      </trkpt>
      <trkpt lat="50.12155" lon="5.78906">
        <ele>447.0</ele>
      </trkpt>
      <trkpt lat="50.1196" lon="5.79128">
        <ele>446.0</ele>
      </trkpt>
      <trkpt lat="50.11833" lon="5.79232">
        <ele>436.0</ele>
      </trkpt>
      <trkpt lat="50.1176" lon="5.79162">
        <ele>434.0</ele>
      </trkpt>
      <trkpt lat="50.1077" lon="5.78808">
        <ele>450.0</ele>
      </trkpt>
      <trkpt lat="50.03936" lon="5.74568">
        <ele>514.0</ele>
      </trkpt>
      <trkpt lat="50.03739" lon="5.74419">
        <ele>525.0</ele>
      </trkpt>
      <trkpt lat="50.01532" lon="5.72481">
        <ele>522.0</ele>
      </trkpt>
      <trkpt lat="50.00711" lon="5.721">
        <ele>509.0</ele>
      </trkpt>
      <trkpt lat="50.00661" lon="5.72094">
        <ele>508.0</ele>
      </trkpt>
      <trkpt lat="50.00651" lon="5.72077">
        <ele>507.0</ele>
      </trkpt>
      <trkpt lat="50.00643" lon="5.721">
        <ele>507.0</ele>
      </trkpt>
      <trkpt lat="50.00549" lon="5.72164">
        <ele>505.0</ele>
      </trkpt>
      <trkpt lat="50.00051" lon="5.71527">
        <ele>514.0</ele>
      </trkpt>
      <trkpt lat="50.00143" lon="5.71359">
        <ele>515.0</ele>
      </trkpt>
      <trkpt lat="50.00159" lon="5.71215">
        <ele>514.0</ele>
      </trkpt>
      <trkpt lat="50.00217" lon="5.7128">
        <ele>512.0</ele>
      </trkpt>
      <trkpt lat="50.00321" lon="5.71127">
        <ele>512.0</ele>
      </trkpt>
      <trkpt lat="50.00339" lon="5.71121">
        <ele>512.0</ele>
      </trkpt>
      <trkpt lat="50.00628" lon="5.71549">
        <ele>510.0</ele>
      </trkpt>
      <trkpt lat="50.00645" lon="5.71676">
        <ele>509.0</ele>
      </trkpt>
      <trkpt lat="50.00711" lon="5.71896">
        <ele>506.0</ele>
      </trkpt>
      <trkpt lat="50.00751" lon="5.7191">
        <ele>506.0</ele>
      </trkpt>
      <trkpt lat="50.0092" lon="5.71712">
        <ele>503.0</ele>
      </trkpt>
      <trkpt lat="50.01022" lon="5.71646">
        <ele>500.0</ele>
      </trkpt>
      <trkpt lat="50.01057" lon="5.71603">
        <ele>499.0</ele>
      </trkpt>
      <trkpt lat="50.0108" lon="5.71544">
        <ele>499.0</ele>
      </trkpt>
      <trkpt lat="50.01104" lon="5.71386">
        <ele>499.0</ele>
      </trkpt>
      <trkpt lat="50.01162" lon="5.71246">
        <ele>498.0</ele>
      </trkpt>
      <trkpt lat="50.01242" lon="5.71131">
        <ele>498.0</ele>
      </trkpt>
      <trkpt lat="50.01417" lon="5.70957">
        <ele>494.0</ele>
      </trkpt>
      <trkpt lat="50.02203" lon="5.70556">
        <ele>507.0</ele>
      </trkpt>
      <trkpt lat="50.02777" lon="5.7035">
        <ele>490.0</ele>
      </trkpt>
      <trkpt lat="50.02892" lon="5.70187">
        <ele>480.0</ele>
      </trkpt>
      <trkpt lat="50.02955" lon="5.69963">
        <ele>467.0</ele>
      </trkpt>
      <trkpt lat="50.03045" lon="5.69817">
        <ele>464.0</ele>
      </trkpt>
      <trkpt lat="50.03137" lon="5.6976">
        <ele>465.0</ele>
      </trkpt>
      <trkpt lat="50.03328" lon="5.69741">
        <ele>468.0</ele>
      </trkpt>
      <trkpt lat="50.03457" lon="5.69682">
        <ele>464.0</ele>
      </trkpt>
      <trkpt lat="50.03524" lon="5.69611">
        <ele>460.0</ele>
      </trkpt>
      <trkpt lat="50.03713" lon="5.6932">
        <ele>458.0</ele>
      </trkpt>
      <trkpt lat="50.03777" lon="5.69248">
        <ele>456.0</ele>
      </trkpt>
      <trkpt lat="50.03961" lon="5.69124">
        <ele>456.0</ele>
      </trkpt>
      <trkpt lat="50.04512" lon="5.68832">
        <ele>464.0</ele>
      </trkpt>
      <trkpt lat="50.04539" lon="5.68772">
        <ele>462.0</ele>
      </trkpt>
      <trkpt lat="50.04553" lon="5.68633">
        <ele>455.0</ele>
      </trkpt>
      <trkpt lat="50.04596" lon="5.6859">
        <ele>449.0</ele>
      </trkpt>
      <trkpt lat="50.04635" lon="5.68604">
        <ele>445.0</ele>
      </trkpt>
      <trkpt lat="50.04701" lon="5.68701">
        <ele>440.0</ele>
      </trkpt>
      <trkpt lat="50.04789" lon="5.68769">
        <ele>433.0</ele>
      </trkpt>
      <trkpt lat="50.04918" lon="5.68778">
        <ele>426.0</ele>
      </trkpt>
      <trkpt lat="50.0513" lon="5.68844">
        <ele>429.0</ele>
      </trkpt>
      <trkpt lat="50.05239" lon="5.68983">
        <ele>442.0</ele>
      </trkpt>
      <trkpt lat="50.05323" lon="5.69017">
        <ele>453.0</ele>
      </trkpt>
      <trkpt lat="50.05388" lon="5.69093">
        <ele>457.0</ele>
      </trkpt>
      <trkpt lat="50.05642" lon="5.69183">
        <ele>472.0</ele>
      </trkpt>
      <trkpt lat="50.05686" lon="5.69171">
        <ele>475.0</ele>
      </trkpt>
      <trkpt lat="50.05732" lon="5.69103">
        <ele>475.0</ele>
      </trkpt>
      <trkpt lat="50.05827" lon="5.68843">
        <ele>463.0</ele>
      </trkpt>
      <trkpt lat="50.05879" lon="5.68754">
        <ele>455.0</ele>
      </trkpt>
      <trkpt lat="50.05974" lon="5.68663">
        <ele>448.0</ele>
      </trkpt>
      <trkpt lat="50.06284" lon="5.6844">
        <ele>453.0</ele>
      </trkpt>
      <trkpt lat="50.06511" lon="5.6825">
        <ele>461.0</ele>
      </trkpt>
      <trkpt lat="50.06696" lon="5.67993">
        <ele>475.0</ele>
      </trkpt>
      <trkpt lat="50.07081" lon="5.67683">
        <ele>465.0</ele>
      </trkpt>
      <trkpt lat="50.07386" lon="5.6729">
        <ele>454.0</ele>
      </trkpt>
      <trkpt lat="50.07683" lon="5.67012">
        <ele>439.0</ele>
      </trkpt>
      <trkpt lat="50.07953" lon="5.66545">
        <ele>436.0</ele>
      </trkpt>
      <trkpt lat="50.08008" lon="5.66493">
        <ele>434.0</ele>
      </trkpt>
      <trkpt lat="50.08037" lon="5.66488">
        <ele>434.0</ele>
      </trkpt>
      <trkpt lat="50.0805" lon="5.66509">
        <ele>434.0</ele>
      </trkpt>
      <trkpt lat="50.08063" lon="5.66488">
        <ele>434.0</ele>
      </trkpt>
      <trkpt lat="50.08104" lon="5.665">
        <ele>434.0</ele>
      </trkpt>
      <trkpt lat="50.08309" lon="5.66707">
        <ele>431.0</ele>
      </trkpt>
      <trkpt lat="50.08464" lon="5.66796">
        <ele>426.0</ele>
      </trkpt>
      <trkpt lat="50.08516" lon="5.66889">
        <ele>424.0</ele>
      </trkpt>
      <trkpt lat="50.08541" lon="5.67008">
        <ele>420.0</ele>
      </trkpt>
      <trkpt lat="50.08566" lon="5.67042">
        <ele>418.0</ele>
      </trkpt>
      <trkpt lat="50.08587" lon="5.6704">
        <ele>416.0</ele>
      </trkpt>
      <trkpt lat="50.08642" lon="5.66966">
        <ele>413.0</ele>
      </trkpt>
      <trkpt lat="50.08683" lon="5.66952">
        <ele>411.0</ele>
      </trkpt>
      <trkpt lat="50.08734" lon="5.66953">
        <ele>408.0</ele>
      </trkpt>
      <trkpt lat="50.0882" lon="5.67001">
        <ele>405.0</ele>
      </trkpt>
      <trkpt lat="50.08998" lon="5.67224">
        <ele>398.0</ele>
      </trkpt>
      <trkpt lat="50.09104" lon="5.6744">
        <ele>391.0</ele>
      </trkpt>
      <trkpt lat="50.09147" lon="5.67485">
        <ele>391.0</ele>
      </trkpt>
      <trkpt lat="50.09198" lon="5.67509">
        <ele>391.0</ele>
      </trkpt>
      <trkpt lat="50.09251" lon="5.67505">
        <ele>391.0</ele>
      </trkpt>
      <trkpt lat="50.0933" lon="5.67438">
        <ele>392.0</ele>
      </trkpt>
      <trkpt lat="50.0939" lon="5.67432">
        <ele>393.0</ele>
      </trkpt>
      <trkpt lat="50.09652" lon="5.67529">
        <ele>394.0</ele>
      </trkpt>
      <trkpt lat="50.0976" lon="5.67612">
        <ele>378.0</ele>
      </trkpt>
      <trkpt lat="50.09787" lon="5.67583">
        <ele>375.0</ele>
      </trkpt>
      <trkpt lat="50.0981" lon="5.67445">
        <ele>379.0</ele>
      </trkpt>
      <trkpt lat="50.09846" lon="5.6738">
        <ele>381.0</ele>
      </trkpt>
      <trkpt lat="50.09889" lon="5.67337">
        <ele>382.0</ele>
      </trkpt>
      <trkpt lat="50.09978" lon="5.6732">
        <ele>379.0</ele>
      </trkpt>
      <trkpt lat="50.10085" lon="5.67363">
        <ele>372.0</ele>
      </trkpt>
      <trkpt lat="50.10131" lon="5.67348">
        <ele>370.0</ele>
      </trkpt>
      <trkpt lat="50.10209" lon="5.67242">
        <ele>366.0</ele>
      </trkpt>
      <trkpt lat="50.10301" lon="5.67173">
        <ele>363.0</ele>
      </trkpt>
      <trkpt lat="50.10329" lon="5.67133">
        <ele>359.0</ele>
      </trkpt>
      <trkpt lat="50.10381" lon="5.66944">
        <ele>354.0</ele>
      </trkpt>
      <trkpt lat="50.10386" lon="5.66665">
        <ele>348.0</ele>
      </trkpt>
      <trkpt lat="50.10398" lon="5.66563">
        <ele>341.0</ele>
      </trkpt>
      <trkpt lat="50.10517" lon="5.66289">
        <ele>329.0</ele>
      </trkpt>
      <trkpt lat="50.10574" lon="5.66011">
        <ele>320.0</ele>
      </trkpt>
      <trkpt lat="50.10553" lon="5.65908">
        <ele>314.0</ele>
      </trkpt>
      <trkpt lat="50.10445" lon="5.65854">
        <ele>314.0</ele>
      </trkpt>
      <trkpt lat="50.10385" lon="5.65787">
        <ele>315.0</ele>
      </trkpt>
      <trkpt lat="50.10311" lon="5.65663">
        <ele>321.0</ele>
      </trkpt>
      <trkpt lat="50.10282" lon="5.65575">
        <ele>325.0</ele>
      </trkpt>
      <trkpt lat="50.10271" lon="5.65495">
        <ele>326.0</ele>
      </trkpt>
      <trkpt lat="50.10286" lon="5.65368">
        <ele>326.0</ele>
      </trkpt>
      <trkpt lat="50.10323" lon="5.65289">
        <ele>325.0</ele>
      </trkpt>
      <trkpt lat="50.10412" lon="5.65201">
        <ele>320.0</ele>
      </trkpt>
      <trkpt lat="50.10494" lon="5.65195">
        <ele>314.0</ele>
      </trkpt>
      <trkpt lat="50.10685" lon="5.65232">
        <ele>306.0</ele>
      </trkpt>
      <trkpt lat="50.10747" lon="5.65208">
        <ele>306.0</ele>
      </trkpt>
      <trkpt lat="50.10811" lon="5.65119">
        <ele>306.0</ele>
      </trkpt>
      <trkpt lat="50.10836" lon="5.64994">
        <ele>307.0</ele>
      </trkpt>
      <trkpt lat="50.1083" lon="5.64919">
        <ele>307.0</ele>
      </trkpt>
      <trkpt lat="50.10804" lon="5.64841">
        <ele>307.0</ele>
      </trkpt>
      <trkpt lat="50.10647" lon="5.64562">
        <ele>306.0</ele>
      </trkpt>
      <trkpt lat="50.10584" lon="5.64506">
        <ele>306.0</ele>
      </trkpt>
      <trkpt lat="50.10378" lon="5.64498">
        <ele>307.0</ele>
      </trkpt>
      <trkpt lat="50.10327" lon="5.64477">
        <ele>307.0</ele>
      </trkpt>
      <trkpt lat="50.10273" lon="5.64382">
        <ele>308.0</ele>
      </trkpt>
      <trkpt lat="50.10265" lon="5.64311">
        <ele>310.0</ele>
      </trkpt>
      <trkpt lat="50.10273" lon="5.64258">
        <ele>311.0</ele>
      </trkpt>
      <trkpt lat="50.1029" lon="5.64208">
        <ele>313.0</ele>
      </trkpt>
      <trkpt lat="50.10325" lon="5.64161">
        <ele>315.0</ele>
      </trkpt>
      <trkpt lat="50.1048" lon="5.64064">
        <ele>320.0</ele>
      </trkpt>
      <trkpt lat="50.10588" lon="5.63963">
        <ele>327.0</ele>
      </trkpt>
      <trkpt lat="50.10599" lon="5.63882">
        <ele>334.0</ele>
      </trkpt>
      <trkpt lat="50.10564" lon="5.63716">
        <ele>340.0</ele>
      </trkpt>
      <trkpt lat="50.10586" lon="5.63583">
        <ele>344.0</ele>
      </trkpt>
      <trkpt lat="50.1071" lon="5.63274">
        <ele>348.0</ele>
      </trkpt>
      <trkpt lat="50.10928" lon="5.62956">
        <ele>355.0</ele>
      </trkpt>
      <trkpt lat="50.10984" lon="5.62902">
        <ele>361.0</ele>
      </trkpt>
      <trkpt lat="50.11051" lon="5.62877">
        <ele>365.0</ele>
      </trkpt>
      <trkpt lat="50.11215" lon="5.62851">
        <ele>368.0</ele>
      </trkpt>
      <trkpt lat="50.11315" lon="5.62894">
        <ele>373.0</ele>
      </trkpt>
      <trkpt lat="50.11376" lon="5.62882">
        <ele>375.0</ele>
      </trkpt>
      <trkpt lat="50.11525" lon="5.62635">
        <ele>384.0</ele>
      </trkpt>
      <trkpt lat="50.11707" lon="5.62439">
        <ele>387.0</ele>
      </trkpt>
      <trkpt lat="50.1182" lon="5.62261">
        <ele>392.0</ele>
      </trkpt>
      <trkpt lat="50.12235" lon="5.61984">
        <ele>405.0</ele>
      </trkpt>
      <trkpt lat="50.12299" lon="5.61882">
        <ele>406.0</ele>
      </trkpt>
      <trkpt lat="50.12449" lon="5.61579">
        <ele>406.0</ele>
      </trkpt>
      <trkpt lat="50.12536" lon="5.615">
        <ele>414.0</ele>
      </trkpt>
      <trkpt lat="50.12586" lon="5.61492">
        <ele>415.0</ele>
      </trkpt>
      <trkpt lat="50.12658" lon="5.61518">
        <ele>418.0</ele>
      </trkpt>
      <trkpt lat="50.12779" lon="5.6166">
        <ele>423.0</ele>
      </trkpt>
      <trkpt lat="50.12933" lon="5.61788">
        <ele>430.0</ele>
      </trkpt>
      <trkpt lat="50.13252" lon="5.61883">
        <ele>433.0</ele>
      </trkpt>
      <trkpt lat="50.13519" lon="5.6209">
        <ele>434.0</ele>
      </trkpt>
      <trkpt lat="50.13675" lon="5.62258">
        <ele>432.0</ele>
      </trkpt>
      <trkpt lat="50.13722" lon="5.62279">
        <ele>430.0</ele>
      </trkpt>
      <trkpt lat="50.13768" lon="5.6227">
        <ele>427.0</ele>
      </trkpt>
      <trkpt lat="50.13862" lon="5.62189">
        <ele>422.0</ele>
      </trkpt>
      <trkpt lat="50.14527" lon="5.61837">
        <ele>404.0</ele>
      </trkpt>
      <trkpt lat="50.14695" lon="5.61768">
        <ele>396.0</ele>
      </trkpt>
      <trkpt lat="50.14971" lon="5.61582">
        <ele>395.0</ele>
      </trkpt>
      <trkpt lat="50.15211" lon="5.61544">
        <ele>397.0</ele>
      </trkpt>
      <trkpt lat="50.15398" lon="5.6134">
        <ele>396.0</ele>
      </trkpt>
      <trkpt lat="50.15522" lon="5.61263">
        <ele>389.0</ele>
      </trkpt>
      <trkpt lat="50.15688" lon="5.61091">
        <ele>380.0</ele>
      </trkpt>
      <trkpt lat="50.15785" lon="5.60879">
        <ele>377.0</ele>
      </trkpt>
      <trkpt lat="50.15872" lon="5.60766">
        <ele>377.0</ele>
      </trkpt>
      <trkpt lat="50.15966" lon="5.6053">
        <ele>381.0</ele>
      </trkpt>
      <trkpt lat="50.16097" lon="5.60289">
        <ele>386.0</ele>
      </trkpt>
      <trkpt lat="50.16195" lon="5.6017">
        <ele>389.0</ele>
      </trkpt>
      <trkpt lat="50.16512" lon="5.59675">
        <ele>389.0</ele>
      </trkpt>
      <trkpt lat="50.16602" lon="5.59609">
        <ele>382.0</ele>
      </trkpt>
      <trkpt lat="50.16631" lon="5.59516">
        <ele>377.0</ele>
      </trkpt>
      <trkpt lat="50.16601" lon="5.59413">
        <ele>371.0</ele>
      </trkpt>
      <trkpt lat="50.16553" lon="5.59321">
        <ele>366.0</ele>
      </trkpt>
      <trkpt lat="50.16546" lon="5.59268">
        <ele>361.0</ele>
      </trkpt>
      <trkpt lat="50.16587" lon="5.59184">
        <ele>358.0</ele>
      </trkpt>
      <trkpt lat="50.16621" lon="5.59145">
        <ele>355.0</ele>
      </trkpt>
      <trkpt lat="50.16657" lon="5.59123">
        <ele>352.0</ele>
      </trkpt>
      <trkpt lat="50.16727" lon="5.59126">
        <ele>348.0</ele>
      </trkpt>
      <trkpt lat="50.16751" lon="5.59096">
        <ele>345.0</ele>
      </trkpt>
      <trkpt lat="50.16777" lon="5.59005">
        <ele>339.0</ele>
      </trkpt>
      <trkpt lat="50.16754" lon="5.588">
        <ele>327.0</ele>
      </trkpt>
      <trkpt lat="50.16782" lon="5.58699">
        <ele>321.0</ele>
      </trkpt>
      <trkpt lat="50.16825" lon="5.58658">
        <ele>317.0</ele>
      </trkpt>
      <trkpt lat="50.16884" lon="5.5864">
        <ele>312.0</ele>
      </trkpt>
      <trkpt lat="50.17011" lon="5.58437">
        <ele>301.0</ele>
      </trkpt>
      <trkpt lat="50.17095" lon="5.58385">
        <ele>296.0</ele>
      </trkpt>
      <trkpt lat="50.17196" lon="5.58289">
        <ele>292.0</ele>
      </trkpt>
      <trkpt lat="50.17409" lon="5.58232">
        <ele>284.0</ele>
      </trkpt>
      <trkpt lat="50.1749" lon="5.58185">
        <ele>277.0</ele>
      </trkpt>
      <trkpt lat="50.17537" lon="5.58107">
        <ele>273.0</ele>
      </trkpt>
      <trkpt lat="50.17582" lon="5.57938">
        <ele>262.0</ele>
      </trkpt>
      <trkpt lat="50.17623" lon="5.57834">
        <ele>254.0</ele>
      </trkpt>
      <trkpt lat="50.17675" lon="5.57761">
        <ele>244.0</ele>
      </trkpt>
      <trkpt lat="50.17724" lon="5.57737">
        <ele>240.0</ele>
      </trkpt>
      <trkpt lat="50.17873" lon="5.57749">
        <ele>230.0</ele>
      </trkpt>
      <trkpt lat="50.1793" lon="5.57731">
        <ele>227.0</ele>
      </trkpt>
      <trkpt lat="50.18001" lon="5.57672">
        <ele>224.0</ele>
      </trkpt>
      <trkpt lat="50.17995" lon="5.57602">
        <ele>222.0</ele>
      </trkpt>
      <trkpt lat="50.18048" lon="5.57604">
        <ele>221.0</ele>
      </trkpt>
      <trkpt lat="50.18115" lon="5.57568">
        <ele>220.0</ele>
      </trkpt>
      <trkpt lat="50.18189" lon="5.57776">
        <ele>224.0</ele>
      </trkpt>
      <trkpt lat="50.18224" lon="5.57913">
        <ele>226.0</ele>
      </trkpt>
      <trkpt lat="50.1823" lon="5.58128">
        <ele>228.0</ele>
      </trkpt>
      <trkpt lat="50.18218" lon="5.58239">
        <ele>229.0</ele>
      </trkpt>
      <trkpt lat="50.182" lon="5.58294">
        <ele>230.0</ele>
      </trkpt>
      <trkpt lat="50.18165" lon="5.58341">
        <ele>231.0</ele>
      </trkpt>
      <trkpt lat="50.18064" lon="5.58385">
        <ele>230.0</ele>
      </trkpt>
      <trkpt lat="50.17851" lon="5.58373">
        <ele>226.0</ele>
      </trkpt>
      <trkpt lat="50.17778" lon="5.58392">
        <ele>226.0</ele>
      </trkpt>
      <trkpt lat="50.17714" lon="5.58465">
        <ele>226.0</ele>
      </trkpt>
      <trkpt lat="50.1768" lon="5.58593">
        <ele>226.0</ele>
      </trkpt>
      <trkpt lat="50.17874" lon="5.58749">
        <ele>240.0</ele>
      </trkpt>
      <trkpt lat="50.17983" lon="5.58815">
        <ele>251.0</ele>
      </trkpt>
      <trkpt lat="50.18053" lon="5.58837">
        <ele>256.0</ele>
      </trkpt>
      <trkpt lat="50.18103" lon="5.5888">
        <ele>262.0</ele>
      </trkpt>
      <trkpt lat="50.18251" lon="5.5907">
        <ele>271.0</ele>
      </trkpt>
      <trkpt lat="50.18357" lon="5.5926">
        <ele>284.0</ele>
      </trkpt>
      <trkpt lat="50.18421" lon="5.59341">
        <ele>293.0</ele>
      </trkpt>
      <trkpt lat="50.1856" lon="5.59388">
        <ele>303.0</ele>
      </trkpt>
      <trkpt lat="50.18675" lon="5.59488">
        <ele>307.0</ele>
      </trkpt>
      <trkpt lat="50.18807" lon="5.59489">
        <ele>310.0</ele>
      </trkpt>
      <trkpt lat="50.18905" lon="5.59436">
        <ele>315.0</ele>
      </trkpt>
      <trkpt lat="50.19044" lon="5.59425">
        <ele>321.0</ele>
      </trkpt>
      <trkpt lat="50.19103" lon="5.59433">
        <ele>327.0</ele>
      </trkpt>
      <trkpt lat="50.19165" lon="5.59466">
        <ele>332.0</ele>
      </trkpt>
      <trkpt lat="50.19454" lon="5.59754">
        <ele>346.0</ele>
      </trkpt>
      <trkpt lat="50.19657" lon="5.6004">
        <ele>367.0</ele>
      </trkpt>
      <trkpt lat="50.19783" lon="5.60147">
        <ele>384.0</ele>
      </trkpt>
      <trkpt lat="50.19943" lon="5.60254">
        <ele>406.0</ele>
      </trkpt>
      <trkpt lat="50.20031" lon="5.60339">
        <ele>423.0</ele>
      </trkpt>
      <trkpt lat="50.2014" lon="5.60495">
        <ele>443.0</ele>
      </trkpt>
      <trkpt lat="50.20285" lon="5.60651">
        <ele>463.0</ele>
      </trkpt>
      <trkpt lat="50.20332" lon="5.60738">
        <ele>474.0</ele>
      </trkpt>
      <trkpt lat="50.20411" lon="5.60808">
        <ele>483.0</ele>
      </trkpt>
      <trkpt lat="50.20532" lon="5.60983">
        <ele>498.0</ele>
      </trkpt>
      <trkpt lat="50.20561" lon="5.61001">
        <ele>502.0</ele>
      </trkpt>
      <trkpt lat="50.20584" lon="5.60987">
        <ele>504.0</ele>
      </trkpt>
      <trkpt lat="50.20666" lon="5.60832">
        <ele>507.0</ele>
      </trkpt>
      <trkpt lat="50.20593" lon="5.60257">
        <ele>494.0</ele>
      </trkpt>
      <trkpt lat="50.20672" lon="5.59886">
        <ele>482.0</ele>
      </trkpt>
      <trkpt lat="50.20674" lon="5.59635">
        <ele>470.0</ele>
      </trkpt>
      <trkpt lat="50.20643" lon="5.59369">
        <ele>452.0</ele>
      </trkpt>
      <trkpt lat="50.20658" lon="5.59353">
        <ele>447.0</ele>
      </trkpt>
      <trkpt lat="50.20763" lon="5.59441">
        <ele>441.0</ele>
      </trkpt>
      <trkpt lat="50.20886" lon="5.59604">
        <ele>430.0</ele>
      </trkpt>
      <trkpt lat="50.20937" lon="5.59651">
        <ele>421.0</ele>
      </trkpt>
      <trkpt lat="50.20913" lon="5.59916">
        <ele>422.0</ele>
      </trkpt>
      <trkpt lat="50.20878" lon="5.60121">
        <ele>428.0</ele>
      </trkpt>
      <trkpt lat="50.20881" lon="5.60179">
        <ele>430.0</ele>
      </trkpt>
      <trkpt lat="50.20916" lon="5.60273">
        <ele>433.0</ele>
      </trkpt>
      <trkpt lat="50.20943" lon="5.60289">
        <ele>434.0</ele>
      </trkpt>
      <trkpt lat="50.20961" lon="5.60274">
        <ele>435.0</ele>
      </trkpt>
      <trkpt lat="50.21003" lon="5.60137">
        <ele>437.0</ele>
      </trkpt>
      <trkpt lat="50.21071" lon="5.60056">
        <ele>440.0</ele>
      </trkpt>
      <trkpt lat="50.21108" lon="5.60051">
        <ele>443.0</ele>
      </trkpt>
      <trkpt lat="50.21259" lon="5.60175">
        <ele>451.0</ele>
      </trkpt>
      <trkpt lat="50.21393" lon="5.60209">
        <ele>455.0</ele>
      </trkpt>
      <trkpt lat="50.21503" lon="5.60406">
        <ele>465.0</ele>
      </trkpt>
      <trkpt lat="50.21566" lon="5.60569">
        <ele>472.0</ele>
      </trkpt>
      <trkpt lat="50.21591" lon="5.6069">
        <ele>477.0</ele>
      </trkpt>
      <trkpt lat="50.21593" lon="5.60805">
        <ele>481.0</ele>
      </trkpt>
      <trkpt lat="50.21516" lon="5.61243">
        <ele>491.0</ele>
      </trkpt>
      <trkpt lat="50.21464" lon="5.61349">
        <ele>498.0</ele>
      </trkpt>
      <trkpt lat="50.21359" lon="5.61454">
        <ele>501.0</ele>
      </trkpt>
      <trkpt lat="50.21325" lon="5.61509">
        <ele>502.0</ele>
      </trkpt>
      <trkpt lat="50.21289" lon="5.61627">
        <ele>505.0</ele>
      </trkpt>
      <trkpt lat="50.21278" lon="5.61837">
        <ele>512.0</ele>
      </trkpt>
      <trkpt lat="50.21258" lon="5.61929">
        <ele>518.0</ele>
      </trkpt>
      <trkpt lat="50.21208" lon="5.62026">
        <ele>525.0</ele>
      </trkpt>
      <trkpt lat="50.21051" lon="5.62215">
        <ele>531.0</ele>
      </trkpt>
      <trkpt lat="50.21018" lon="5.62299">
        <ele>531.0</ele>
      </trkpt>
      <trkpt lat="50.21006" lon="5.62411">
        <ele>532.0</ele>
      </trkpt>
      <trkpt lat="50.21111" lon="5.6341">
        <ele>546.0</ele>
      </trkpt>
      <trkpt lat="50.21672" lon="5.65754">
        <ele>568.0</ele>
      </trkpt>
      <trkpt lat="50.21719" lon="5.65869">
        <ele>575.0</ele>
      </trkpt>
      <trkpt lat="50.22488" lon="5.67407">
        <ele>591.0</ele>
      </trkpt>
      <trkpt lat="50.2252" lon="5.6758">
        <ele>597.0</ele>
      </trkpt>
      <trkpt lat="50.22643" lon="5.69287">
        <ele>614.0</ele>
      </trkpt>
      <trkpt lat="50.22655" lon="5.69398">
        <ele>620.0</ele>
      </trkpt>
      <trkpt lat="50.22689" lon="5.69516">
        <ele>625.0</ele>
      </trkpt>
      <trkpt lat="50.24695" lon="5.72828">
        <ele>642.0</ele>
      </trkpt>
      <trkpt lat="50.24823" lon="5.73113">
        <ele>647.0</ele>
      </trkpt>
      <trkpt lat="50.24891" lon="5.73394">
        <ele>649.0</ele>
      </trkpt>
      <trkpt lat="50.24917" lon="5.73763">
        <ele>639.0</ele>
      </trkpt>
      <trkpt lat="50.24897" lon="5.73853">
        <ele>637.0</ele>
      </trkpt>
      <trkpt lat="50.24915" lon="5.73897">
        <ele>636.0</ele>
      </trkpt>
      <trkpt lat="50.24904" lon="5.75538">
        <ele>609.0</ele>
      </trkpt>
      <trkpt lat="50.25325" lon="5.78256">
        <ele>550.0</ele>
      </trkpt>
      <trkpt lat="50.25321" lon="5.7837">
        <ele>544.0</ele>
      </trkpt>
      <trkpt lat="50.25122" lon="5.7983">
        <ele>527.0</ele>
      </trkpt>
      <trkpt lat="50.25259" lon="5.81152">
        <ele>505.0</ele>
      </trkpt>
      <trkpt lat="50.253" lon="5.81242">
        <ele>502.0</ele>
      </trkpt>
      <trkpt lat="50.25616" lon="5.81616">
        <ele>502.0</ele>
      </trkpt>
      <trkpt lat="50.25727" lon="5.81983">
        <ele>505.0</ele>
      </trkpt>
      <trkpt lat="50.2579" lon="5.82125">
        <ele>506.0</ele>
      </trkpt>
      <trkpt lat="50.26171" lon="5.82657">
        <ele>495.0</ele>
      </trkpt>
      <trkpt lat="50.26223" lon="5.82761">
        <ele>491.0</ele>
      </trkpt>
      <trkpt lat="50.26249" lon="5.82876">
        <ele>489.0</ele>
      </trkpt>
      <trkpt lat="50.26278" lon="5.83168">
        <ele>483.0</ele>
      </trkpt>
      <trkpt lat="50.2622" lon="5.83549">
        <ele>477.0</ele>
      </trkpt>
      <trkpt lat="50.26131" lon="5.83922">
        <ele>468.0</ele>
      </trkpt>
      <trkpt lat="50.26135" lon="5.84008">
        <ele>464.0</ele>
      </trkpt>
      <trkpt lat="50.26319" lon="5.84342">
        <ele>457.0</ele>
      </trkpt>
      <trkpt lat="50.26333" lon="5.84475">
        <ele>455.0</ele>
      </trkpt>
      <trkpt lat="50.26334" lon="5.84751">
        <ele>450.0</ele>
      </trkpt>
      <trkpt lat="50.26346" lon="5.84812">
        <ele>447.0</ele>
      </trkpt>
      <trkpt lat="50.2668" lon="5.85624">
        <ele>438.0</ele>
      </trkpt>
      <trkpt lat="50.26848" lon="5.86206">
        <ele>430.0</ele>
      </trkpt>
      <trkpt lat="50.26829" lon="5.87811">
        <ele>415.0</ele>
      </trkpt>
      <trkpt lat="50.26837" lon="5.88216">
        <ele>411.0</ele>
      </trkpt>
      <trkpt lat="50.26809" lon="5.88598">
        <ele>412.0</ele>
      </trkpt>
      <trkpt lat="50.26832" lon="5.88862">
        <ele>406.0</ele>
      </trkpt>
      <trkpt lat="50.26778" lon="5.89196">
        <ele>401.0</ele>
      </trkpt>
      <trkpt lat="50.26801" lon="5.89434">
        <ele>395.0</ele>
      </trkpt>
      <trkpt lat="50.26799" lon="5.89537">
        <ele>392.0</ele>
      </trkpt>
      <trkpt lat="50.26769" lon="5.89806">
        <ele>389.0</ele>
      </trkpt>
      <trkpt lat="50.26716" lon="5.89923">
        <ele>386.0</ele>
      </trkpt>
      <trkpt lat="50.26695" lon="5.90139">
        <ele>384.0</ele>
      </trkpt>
      <trkpt lat="50.26587" lon="5.90541">
        <ele>376.0</ele>
      </trkpt>
      <trkpt lat="50.26609" lon="5.90597">
        <ele>375.0</ele>
      </trkpt>
      <trkpt lat="50.26729" lon="5.90748">
        <ele>374.0</ele>
      </trkpt>
      <trkpt lat="50.26795" lon="5.90881">
        <ele>378.0</ele>
      </trkpt>
      <trkpt lat="50.26847" lon="5.90914">
        <ele>381.0</ele>
      </trkpt>
      <trkpt lat="50.26902" lon="5.9091">
        <ele>382.0</ele>
      </trkpt>
      <trkpt lat="50.26968" lon="5.90879">
        <ele>381.0</ele>
      </trkpt>
      <trkpt lat="50.27128" lon="5.90759">
        <ele>378.0</ele>
      </trkpt>
      <trkpt lat="50.27226" lon="5.90731">
        <ele>374.0</ele>
      </trkpt>
      <trkpt lat="50.2729" lon="5.90768">
        <ele>373.0</ele>
      </trkpt>
      <trkpt lat="50.2758" lon="5.9108">
        <ele>366.0</ele>
      </trkpt>
      <trkpt lat="50.27817" lon="5.91096">
        <ele>366.0</ele>
      </trkpt>
      <trkpt lat="50.27907" lon="5.9112">
        <ele>366.0</ele>
      </trkpt>
      <trkpt lat="50.28106" lon="5.91232">
        <ele>371.0</ele>
      </trkpt>
      <trkpt lat="50.28341" lon="5.91423">
        <ele>370.0</ele>
      </trkpt>
      <trkpt lat="50.28377" lon="5.91469">
        <ele>365.0</ele>
      </trkpt>
      <trkpt lat="50.28401" lon="5.91462">
        <ele>364.0</ele>
      </trkpt>
      <trkpt lat="50.28655" lon="5.91526">
        <ele>365.0</ele>
      </trkpt>
      <trkpt lat="50.28739" lon="5.91508">
        <ele>365.0</ele>
      </trkpt>
      <trkpt lat="50.28782" lon="5.91443">
        <ele>361.0</ele>
      </trkpt>
      <trkpt lat="50.28804" lon="5.91434">
        <ele>359.0</ele>
      </trkpt>
      <trkpt lat="50.28943" lon="5.91531">
        <ele>355.0</ele>
      </trkpt>
      <trkpt lat="50.29004" lon="5.9154">
        <ele>355.0</ele>
      </trkpt>
      <trkpt lat="50.2909" lon="5.91484">
        <ele>354.0</ele>
      </trkpt>
      <trkpt lat="50.29198" lon="5.91242">
        <ele>351.0</ele>
      </trkpt>
      <trkpt lat="50.29266" lon="5.90876">
        <ele>353.0</ele>
      </trkpt>
      <trkpt lat="50.29337" lon="5.90635">
        <ele>351.0</ele>
      </trkpt>
      <trkpt lat="50.29548" lon="5.90454">
        <ele>349.0</ele>
      </trkpt>
      <trkpt lat="50.29664" lon="5.90314">
        <ele>349.0</ele>
      </trkpt>
      <trkpt lat="50.29745" lon="5.90262">
        <ele>348.0</ele>
      </trkpt>
      <trkpt lat="50.29797" lon="5.90252">
        <ele>347.0</ele>
      </trkpt>
      <trkpt lat="50.2985" lon="5.90279">
        <ele>346.0</ele>
      </trkpt>
      <trkpt lat="50.29882" lon="5.90356">
        <ele>346.0</ele>
      </trkpt>
      <trkpt lat="50.29966" lon="5.9086">
        <ele>347.0</ele>
      </trkpt>
      <trkpt lat="50.30003" lon="5.90979">
        <ele>343.0</ele>
      </trkpt>
      <trkpt lat="50.30094" lon="5.91111">
        <ele>339.0</ele>
      </trkpt>
      <trkpt lat="50.3016" lon="5.91158">
        <ele>338.0</ele>
      </trkpt>
      <trkpt lat="50.304" lon="5.91118">
        <ele>335.0</ele>
      </trkpt>
      <trkpt lat="50.30517" lon="5.9105">
        <ele>332.0</ele>
      </trkpt>
      <trkpt lat="50.30559" lon="5.9105">
        <ele>332.0</ele>
      </trkpt>
      <trkpt lat="50.30703" lon="5.91108">
        <ele>332.0</ele>
      </trkpt>
      <trkpt lat="50.30784" lon="5.91096">
        <ele>333.0</ele>
      </trkpt>
      <trkpt lat="50.30951" lon="5.90928">
        <ele>331.0</ele>
      </trkpt>
      <trkpt lat="50.30974" lon="5.90881">
        <ele>331.0</ele>
      </trkpt>
      <trkpt lat="50.3103" lon="5.90652">
        <ele>330.0</ele>
      </trkpt>
      <trkpt lat="50.3106" lon="5.90611">
        <ele>329.0</ele>
      </trkpt>
      <trkpt lat="50.31102" lon="5.90592">
        <ele>328.0</ele>
      </trkpt>
      <trkpt lat="50.31165" lon="5.9061">
        <ele>327.0</ele>
      </trkpt>
      <trkpt lat="50.31326" lon="5.90726">
        <ele>326.0</ele>
      </trkpt>
      <trkpt lat="50.31642" lon="5.90858">
        <ele>327.0</ele>
      </trkpt>
      <trkpt lat="50.31788" lon="5.90841">
        <ele>328.0</ele>
      </trkpt>
      <trkpt lat="50.31893" lon="5.90904">
        <ele>328.0</ele>
      </trkpt>
      <trkpt lat="50.32" lon="5.90942">
        <ele>328.0</ele>
      </trkpt>
      <trkpt lat="50.32387" lon="5.90925">
        <ele>323.0</ele>
      </trkpt>
      <trkpt lat="50.32528" lon="5.90795">
        <ele>315.0</ele>
      </trkpt>
      <trkpt lat="50.32564" lon="5.9081">
        <ele>315.0</ele>
      </trkpt>
      <trkpt lat="50.32614" lon="5.90785">
        <ele>318.0</ele>
      </trkpt>
      <trkpt lat="50.32624" lon="5.90796">
        <ele>319.0</ele>
      </trkpt>
      <trkpt lat="50.32655" lon="5.91138">
        <ele>331.0</ele>
      </trkpt>
      <trkpt lat="50.32701" lon="5.91377">
        <ele>339.0</ele>
      </trkpt>
      <trkpt lat="50.32764" lon="5.91483">
        <ele>348.0</ele>
      </trkpt>
      <trkpt lat="50.32801" lon="5.91598">
        <ele>355.0</ele>
      </trkpt>
      <trkpt lat="50.3284" lon="5.91656">
        <ele>360.0</ele>
      </trkpt>
      <trkpt lat="50.33134" lon="5.91889">
        <ele>352.0</ele>
      </trkpt>
      <trkpt lat="50.33358" lon="5.92011">
        <ele>335.0</ele>
      </trkpt>
      <trkpt lat="50.33421" lon="5.92002">
        <ele>331.0</ele>
      </trkpt>
      <trkpt lat="50.33886" lon="5.92258">
        <ele>365.0</ele>
      </trkpt>
      <trkpt lat="50.33989" lon="5.92226">
        <ele>370.0</ele>
      </trkpt>
      <trkpt lat="50.34068" lon="5.92228">
        <ele>378.0</ele>
      </trkpt>
      <trkpt lat="50.3415" lon="5.92207">
        <ele>384.0</ele>
      </trkpt>
      <trkpt lat="50.34254" lon="5.92262">
        <ele>398.0</ele>
      </trkpt>
      <trkpt lat="50.34303" lon="5.92264">
        <ele>405.0</ele>
      </trkpt>
      <trkpt lat="50.34494" lon="5.92123">
        <ele>431.0</ele>
      </trkpt>
      <trkpt lat="50.34556" lon="5.92108">
        <ele>439.0</ele>
      </trkpt>
      <trkpt lat="50.34596" lon="5.92342">
        <ele>463.0</ele>
      </trkpt>
      <trkpt lat="50.3462" lon="5.9237">
        <ele>469.0</ele>
      </trkpt>
      <trkpt lat="50.34718" lon="5.92241">
        <ele>476.0</ele>
      </trkpt>
      <trkpt lat="50.34771" lon="5.92078">
        <ele>483.0</ele>
      </trkpt>
      <trkpt lat="50.34943" lon="5.91954">
        <ele>491.0</ele>
      </trkpt>
      <trkpt lat="50.35225" lon="5.92005">
        <ele>486.0</ele>
      </trkpt>
      <trkpt lat="50.3536" lon="5.91977">
        <ele>479.0</ele>
      </trkpt>
      <trkpt lat="50.35533" lon="5.92033">
        <ele>477.0</ele>
      </trkpt>
      <trkpt lat="50.35539" lon="5.92047">
        <ele>475.0</ele>
      </trkpt>
      <trkpt lat="50.35759" lon="5.91987">
        <ele>465.0</ele>
      </trkpt>
      <trkpt lat="50.35925" lon="5.91999">
        <ele>448.0</ele>
      </trkpt>
      <trkpt lat="50.36127" lon="5.9188">
        <ele>436.0</ele>
      </trkpt>
      <trkpt lat="50.36169" lon="5.9183">
        <ele>421.0</ele>
      </trkpt>
      <trkpt lat="50.36178" lon="5.91853">
        <ele>417.0</ele>
      </trkpt>
      <trkpt lat="50.36173" lon="5.92012">
        <ele>408.0</ele>
      </trkpt>
      <trkpt lat="50.362" lon="5.92106">
        <ele>395.0</ele>
      </trkpt>
      <trkpt lat="50.36216" lon="5.92117">
        <ele>392.0</ele>
      </trkpt>
      <trkpt lat="50.36381" lon="5.92091">
        <ele>371.0</ele>
      </trkpt>
      <trkpt lat="50.36465" lon="5.92118">
        <ele>362.0</ele>
      </trkpt>
      <trkpt lat="50.36531" lon="5.92228">
        <ele>352.0</ele>
      </trkpt>
      <trkpt lat="50.3653" lon="5.92362">
        <ele>346.0</ele>
      </trkpt>
      <trkpt lat="50.36546" lon="5.92384">
        <ele>341.0</ele>
      </trkpt>
      <trkpt lat="50.36624" lon="5.92277">
        <ele>335.0</ele>
      </trkpt>
      <trkpt lat="50.36691" lon="5.92249">
        <ele>333.0</ele>
      </trkpt>
      <trkpt lat="50.36757" lon="5.92195">
        <ele>331.0</ele>
      </trkpt>
      <trkpt lat="50.36966" lon="5.921">
        <ele>334.0</ele>
      </trkpt>
      <trkpt lat="50.37039" lon="5.92008">
        <ele>338.0</ele>
      </trkpt>
      <trkpt lat="50.371" lon="5.91881">
        <ele>342.0</ele>
      </trkpt>
      <trkpt lat="50.37152" lon="5.91828">
        <ele>344.0</ele>
      </trkpt>
      <trkpt lat="50.37256" lon="5.91801">
        <ele>346.0</ele>
      </trkpt>
      <trkpt lat="50.37494" lon="5.91814">
        <ele>346.0</ele>
      </trkpt>
      <trkpt lat="50.37589" lon="5.91856">
        <ele>346.0</ele>
      </trkpt>
      <trkpt lat="50.3767" lon="5.91925">
        <ele>346.0</ele>
      </trkpt>
      <trkpt lat="50.3783" lon="5.92231">
        <ele>346.0</ele>
      </trkpt>
      <trkpt lat="50.3817" lon="5.92539">
        <ele>345.0</ele>
      </trkpt>
      <trkpt lat="50.38216" lon="5.92601">
        <ele>344.0</ele>
      </trkpt>
      <trkpt lat="50.3834" lon="5.9285">
        <ele>341.0</ele>
      </trkpt>
      <trkpt lat="50.38384" lon="5.9289">
        <ele>335.0</ele>
      </trkpt>
      <trkpt lat="50.38446" lon="5.93056">
        <ele>321.0</ele>
      </trkpt>
      <trkpt lat="50.38473" lon="5.93097">
        <ele>316.0</ele>
      </trkpt>
      <trkpt lat="50.38554" lon="5.93078">
        <ele>306.0</ele>
      </trkpt>
      <trkpt lat="50.38625" lon="5.93166">
        <ele>300.0</ele>
      </trkpt>
      <trkpt lat="50.38663" lon="5.93185">
        <ele>298.0</ele>
      </trkpt>
      <trkpt lat="50.38739" lon="5.93189">
        <ele>295.0</ele>
      </trkpt>
      <trkpt lat="50.38869" lon="5.93164">
        <ele>291.0</ele>
      </trkpt>
      <trkpt lat="50.39015" lon="5.93175">
        <ele>290.0</ele>
      </trkpt>
      <trkpt lat="50.39078" lon="5.93192">
        <ele>288.0</ele>
      </trkpt>
      <trkpt lat="50.39148" lon="5.93247">
        <ele>284.0</ele>
      </trkpt>
      <trkpt lat="50.39073" lon="5.9334">
        <ele>287.0</ele>
      </trkpt>
      <trkpt lat="50.38955" lon="5.93408">
        <ele>299.0</ele>
      </trkpt>
      <trkpt lat="50.38839" lon="5.93377">
        <ele>317.0</ele>
      </trkpt>
      <trkpt lat="50.38698" lon="5.93426">
        <ele>338.0</ele>
      </trkpt>
      <trkpt lat="50.38626" lon="5.93499">
        <ele>357.0</ele>
      </trkpt>
      <trkpt lat="50.38404" lon="5.9363">
        <ele>390.0</ele>
      </trkpt>
      <trkpt lat="50.38325" lon="5.93736">
        <ele>401.0</ele>
      </trkpt>
      <trkpt lat="50.38394" lon="5.93705">
        <ele>405.0</ele>
      </trkpt>
      <trkpt lat="50.38437" lon="5.93719">
        <ele>406.0</ele>
      </trkpt>
      <trkpt lat="50.38639" lon="5.93714">
        <ele>382.0</ele>
      </trkpt>
      <trkpt lat="50.38783" lon="5.93814">
        <ele>369.0</ele>
      </trkpt>
      <trkpt lat="50.38839" lon="5.9388">
        <ele>359.0</ele>
      </trkpt>
      <trkpt lat="50.38914" lon="5.93888">
        <ele>349.0</ele>
      </trkpt>
      <trkpt lat="50.38968" lon="5.93916">
        <ele>340.0</ele>
      </trkpt>
      <trkpt lat="50.39053" lon="5.93912">
        <ele>329.0</ele>
      </trkpt>
      <trkpt lat="50.39095" lon="5.93874">
        <ele>320.0</ele>
      </trkpt>
      <trkpt lat="50.39153" lon="5.93467">
        <ele>292.0</ele>
      </trkpt>
      <trkpt lat="50.39142" lon="5.9329">
        <ele>282.0</ele>
      </trkpt>
      <trkpt lat="50.39179" lon="5.93165">
        <ele>277.0</ele>
      </trkpt>
      <trkpt lat="50.39252" lon="5.93088">
        <ele>280.0</ele>
      </trkpt>
      <trkpt lat="50.39406" lon="5.93045">
        <ele>287.0</ele>
      </trkpt>
      <trkpt lat="50.39485" lon="5.93194">
        <ele>292.0</ele>
      </trkpt>
      <trkpt lat="50.39496" lon="5.93198">
        <ele>292.0</ele>
      </trkpt>
      <trkpt lat="50.39506" lon="5.93156">
        <ele>294.0</ele>
      </trkpt>
      <trkpt lat="50.39572" lon="5.93152">
        <ele>299.0</ele>
      </trkpt>
      <trkpt lat="50.39969" lon="5.93314">
        <ele>341.0</ele>
      </trkpt>
      <trkpt lat="50.40132" lon="5.93454">
        <ele>364.0</ele>
      </trkpt>
      <trkpt lat="50.4019" lon="5.93471">
        <ele>373.0</ele>
      </trkpt>
      <trkpt lat="50.4023" lon="5.9346">
        <ele>378.0</ele>
      </trkpt>
      <trkpt lat="50.40259" lon="5.9342">
        <ele>384.0</ele>
      </trkpt>
      <trkpt lat="50.40239" lon="5.93347">
        <ele>390.0</ele>
      </trkpt>
      <trkpt lat="50.40252" lon="5.93312">
        <ele>392.0</ele>
      </trkpt>
      <trkpt lat="50.40651" lon="5.93007">
        <ele>408.0</ele>
      </trkpt>
      <trkpt lat="50.40713" lon="5.92977">
        <ele>413.0</ele>
      </trkpt>
      <trkpt lat="50.40843" lon="5.92973">
        <ele>418.0</ele>
      </trkpt>
      <trkpt lat="50.41098" lon="5.93001">
        <ele>433.0</ele>
      </trkpt>
      <trkpt lat="50.41268" lon="5.93043">
        <ele>448.0</ele>
      </trkpt>
      <trkpt lat="50.41289" lon="5.93062">
        <ele>460.0</ele>
      </trkpt>
      <trkpt lat="50.41318" lon="5.93048">
        <ele>461.0</ele>
      </trkpt>
      <trkpt lat="50.42109" lon="5.93218">
        <ele>480.0</ele>
      </trkpt>
      <trkpt lat="50.42939" lon="5.9293">
        <ele>504.0</ele>
      </trkpt>
      <trkpt lat="50.43054" lon="5.92907">
        <ele>504.0</ele>
      </trkpt>
      <trkpt lat="50.43149" lon="5.92919">
        <ele>502.0</ele>
      </trkpt>
      <trkpt lat="50.43278" lon="5.92976">
        <ele>500.0</ele>
      </trkpt>
      <trkpt lat="50.43392" lon="5.93067">
        <ele>499.0</ele>
      </trkpt>
      <trkpt lat="50.44707" lon="5.94271">
        <ele>507.0</ele>
      </trkpt>
      <trkpt lat="50.44855" lon="5.9443">
        <ele>505.0</ele>
      </trkpt>
      <trkpt lat="50.44985" lon="5.94599">
        <ele>501.0</ele>
      </trkpt>
      <trkpt lat="50.4526" lon="5.95083">
        <ele>486.0</ele>
      </trkpt>
      <trkpt lat="50.45339" lon="5.95182">
        <ele>483.0</ele>
      </trkpt>
      <trkpt lat="50.45423" lon="5.95246">
        <ele>481.0</ele>
      </trkpt>
      <trkpt lat="50.45448" lon="5.95233">
        <ele>481.0</ele>
      </trkpt>
      <trkpt lat="50.45419" lon="5.95072">
        <ele>478.0</ele>
      </trkpt>
      <trkpt lat="50.45425" lon="5.94985">
        <ele>477.0</ele>
      </trkpt>
      <trkpt lat="50.45372" lon="5.94846">
        <ele>473.0</ele>
      </trkpt>
      <trkpt lat="50.45277" lon="5.94747">
        <ele>468.0</ele>
      </trkpt>
      <trkpt lat="50.45005" lon="5.94259">
        <ele>462.0</ele>
      </trkpt>
      <trkpt lat="50.44864" lon="5.93916">
        <ele>461.0</ele>
      </trkpt>
      <trkpt lat="50.44832" lon="5.93865">
        <ele>461.0</ele>
      </trkpt>
      <trkpt lat="50.44668" lon="5.93708">
        <ele>456.0</ele>
      </trkpt>
      <trkpt lat="50.44418" lon="5.93503">
        <ele>442.0</ele>
      </trkpt>
      <trkpt lat="50.44364" lon="5.93238">
        <ele>430.0</ele>
      </trkpt>
      <trkpt lat="50.4439" lon="5.93215">
        <ele>427.0</ele>
      </trkpt>
      <trkpt lat="50.4446" lon="5.9327">
        <ele>421.0</ele>
      </trkpt>
      <trkpt lat="50.44476" lon="5.93257">
        <ele>419.0</ele>
      </trkpt>
      <trkpt lat="50.4448" lon="5.93219">
        <ele>418.0</ele>
      </trkpt>
      <trkpt lat="50.4442" lon="5.93041">
        <ele>414.0</ele>
      </trkpt>
      <trkpt lat="50.44413" lon="5.92938">
        <ele>409.0</ele>
      </trkpt>
      <trkpt lat="50.44231" lon="5.92532">
        <ele>410.0</ele>
      </trkpt>
      <trkpt lat="50.4423" lon="5.92379">
        <ele>412.0</ele>
      </trkpt>
      <trkpt lat="50.44216" lon="5.92314">
        <ele>410.0</ele>
      </trkpt>
      <trkpt lat="50.44076" lon="5.92097">
        <ele>399.0</ele>
      </trkpt>
      <trkpt lat="50.43935" lon="5.91718">
        <ele>390.0</ele>
      </trkpt>
      <trkpt lat="50.43801" lon="5.91401">
        <ele>374.0</ele>
      </trkpt>
      <trkpt lat="50.43467" lon="5.90805">
        <ele>345.0</ele>
      </trkpt>
      <trkpt lat="50.43378" lon="5.90514">
        <ele>325.0</ele>
      </trkpt>
      <trkpt lat="50.43433" lon="5.90355">
        <ele>319.0</ele>
      </trkpt>
      <trkpt lat="50.43433" lon="5.90311">
        <ele>319.0</ele>
      </trkpt>
      <trkpt lat="50.43347" lon="5.90151">
        <ele>314.0</ele>
      </trkpt>
      <trkpt lat="50.4328" lon="5.89968">
        <ele>311.0</ele>
      </trkpt>
      <trkpt lat="50.43344" lon="5.90023">
        <ele>315.0</ele>
      </trkpt>
      <trkpt lat="50.43419" lon="5.90017">
        <ele>320.0</ele>
      </trkpt>
      <trkpt lat="50.43518" lon="5.90097">
        <ele>325.0</ele>
      </trkpt>
      <trkpt lat="50.43615" lon="5.90143">
        <ele>337.0</ele>
      </trkpt>
      <trkpt lat="50.43783" lon="5.90181">
        <ele>356.0</ele>
      </trkpt>
      <trkpt lat="50.43795" lon="5.90203">
        <ele>361.0</ele>
      </trkpt>
      <trkpt lat="50.43775" lon="5.90244">
        <ele>364.0</ele>
      </trkpt>
      <trkpt lat="50.43777" lon="5.90282">
        <ele>366.0</ele>
      </trkpt>
      <trkpt lat="50.43805" lon="5.90301">
        <ele>367.0</ele>
      </trkpt>
      <trkpt lat="50.43838" lon="5.90285">
        <ele>369.0</ele>
      </trkpt>
      <trkpt lat="50.43906" lon="5.90188">
        <ele>372.0</ele>
      </trkpt>
      <trkpt lat="50.43975" lon="5.90217">
        <ele>375.0</ele>
      </trkpt>
      <trkpt lat="50.44024" lon="5.90195">
        <ele>379.0</ele>
      </trkpt>
      <trkpt lat="50.44138" lon="5.89973">
        <ele>390.0</ele>
      </trkpt>
      <trkpt lat="50.4424" lon="5.89837">
        <ele>401.0</ele>
      </trkpt>
      <trkpt lat="50.44242" lon="5.89818">
        <ele>405.0</ele>
      </trkpt>
      <trkpt lat="50.44232" lon="5.89776">
        <ele>410.0</ele>
      </trkpt>
      <trkpt lat="50.44212" lon="5.89753">
        <ele>411.0</ele>
      </trkpt>
      <trkpt lat="50.43887" lon="5.89446">
        <ele>417.0</ele>
      </trkpt>
      <trkpt lat="50.43824" lon="5.89309">
        <ele>423.0</ele>
      </trkpt>
      <trkpt lat="50.4382" lon="5.89231">
        <ele>429.0</ele>
      </trkpt>
      <trkpt lat="50.43894" lon="5.89091">
        <ele>439.0</ele>
      </trkpt>
      <trkpt lat="50.43926" lon="5.89074">
        <ele>445.0</ele>
      </trkpt>
      <trkpt lat="50.43987" lon="5.89094">
        <ele>452.0</ele>
      </trkpt>
      <trkpt lat="50.44013" lon="5.89055">
        <ele>456.0</ele>
      </trkpt>
      <trkpt lat="50.43965" lon="5.88866">
        <ele>464.0</ele>
      </trkpt>
      <trkpt lat="50.43945" lon="5.88658">
        <ele>471.0</ele>
      </trkpt>
      <trkpt lat="50.43958" lon="5.88541">
        <ele>476.0</ele>
      </trkpt>
      <trkpt lat="50.43988" lon="5.88463">
        <ele>479.0</ele>
      </trkpt>
      <trkpt lat="50.4403" lon="5.88407">
        <ele>481.0</ele>
      </trkpt>
      <trkpt lat="50.44073" lon="5.88378">
        <ele>484.0</ele>
      </trkpt>
      <trkpt lat="50.44123" lon="5.88376">
        <ele>487.0</ele>
      </trkpt>
      <trkpt lat="50.44333" lon="5.8845">
        <ele>500.0</ele>
      </trkpt>
      <trkpt lat="50.44379" lon="5.88437">
        <ele>503.0</ele>
      </trkpt>
      <trkpt lat="50.44422" lon="5.88391">
        <ele>506.0</ele>
      </trkpt>
      <trkpt lat="50.44466" lon="5.88302">
        <ele>512.0</ele>
      </trkpt>
      <trkpt lat="50.44625" lon="5.87831">
        <ele>528.0</ele>
      </trkpt>
      <trkpt lat="50.44755" lon="5.87626">
        <ele>539.0</ele>
      </trkpt>
      <trkpt lat="50.44888" lon="5.87888">
        <ele>549.0</ele>
      </trkpt>
      <trkpt lat="50.44955" lon="5.87973">
        <ele>556.0</ele>
      </trkpt>
      <trkpt lat="50.45006" lon="5.88012">
        <ele>560.0</ele>
      </trkpt>
      <trkpt lat="50.45352" lon="5.88148">
        <ele>564.0</ele>
      </trkpt>
      <trkpt lat="50.45789" lon="5.88247">
        <ele>547.0</ele>
      </trkpt>
      <trkpt lat="50.45833" lon="5.88241">
        <ele>539.0</ele>
      </trkpt>
      <trkpt lat="50.45882" lon="5.88189">
        <ele>534.0</ele>
      </trkpt>
      <trkpt lat="50.4591" lon="5.88105">
        <ele>530.0</ele>
      </trkpt>
      <trkpt lat="50.45907" lon="5.87856">
        <ele>522.0</ele>
      </trkpt>
      <trkpt lat="50.45973" lon="5.87498">
        <ele>509.0</ele>
      </trkpt>
      <trkpt lat="50.45994" lon="5.87105">
        <ele>498.0</ele>
      </trkpt>
      <trkpt lat="50.4601" lon="5.87011">
        <ele>492.0</ele>
      </trkpt>
      <trkpt lat="50.46028" lon="5.86994">
        <ele>490.0</ele>
      </trkpt>
      <trkpt lat="50.46059" lon="5.86998">
        <ele>488.0</ele>
      </trkpt>
      <trkpt lat="50.46335" lon="5.87203">
        <ele>471.0</ele>
      </trkpt>
      <trkpt lat="50.46295" lon="5.86808">
        <ele>456.0</ele>
      </trkpt>
      <trkpt lat="50.46264" lon="5.85918">
        <ele>422.0</ele>
      </trkpt>
      <trkpt lat="50.46294" lon="5.85501">
        <ele>413.0</ele>
      </trkpt>
      <trkpt lat="50.46242" lon="5.84751">
        <ele>402.0</ele>
      </trkpt>
      <trkpt lat="50.46258" lon="5.84688">
        <ele>399.0</ele>
      </trkpt>
      <trkpt lat="50.46348" lon="5.84519">
        <ele>391.0</ele>
      </trkpt>
      <trkpt lat="50.46376" lon="5.84493">
        <ele>390.0</ele>
      </trkpt>
      <trkpt lat="50.46467" lon="5.8449">
        <ele>389.0</ele>
      </trkpt>
      <trkpt lat="50.46566" lon="5.84557">
        <ele>389.0</ele>
      </trkpt>
      <trkpt lat="50.46749" lon="5.84591">
        <ele>389.0</ele>
      </trkpt>
      <trkpt lat="50.46834" lon="5.84535">
        <ele>389.0</ele>
      </trkpt>
      <trkpt lat="50.46865" lon="5.84534">
        <ele>389.0</ele>
      </trkpt>
      <trkpt lat="50.46982" lon="5.84663">
        <ele>388.0</ele>
      </trkpt>
      <trkpt lat="50.47084" lon="5.84676">
        <ele>387.0</ele>
      </trkpt>
      <trkpt lat="50.47165" lon="5.84643">
        <ele>386.0</ele>
      </trkpt>
      <trkpt lat="50.47272" lon="5.84513">
        <ele>384.0</ele>
      </trkpt>
      <trkpt lat="50.47699" lon="5.84912">
        <ele>371.0</ele>
      </trkpt>
      <trkpt lat="50.48071" lon="5.85515">
        <ele>342.0</ele>
      </trkpt>
      <trkpt lat="50.48363" lon="5.8566">
        <ele>324.0</ele>
      </trkpt>
      <trkpt lat="50.48523" lon="5.85704">
        <ele>303.0</ele>
      </trkpt>
      <trkpt lat="50.48756" lon="5.85921">
        <ele>282.0</ele>
      </trkpt>
      <trkpt lat="50.48803" lon="5.85931">
        <ele>280.0</ele>
      </trkpt>
      <trkpt lat="50.48872" lon="5.85902">
        <ele>278.0</ele>
      </trkpt>
      <trkpt lat="50.48909" lon="5.85905">
        <ele>276.0</ele>
      </trkpt>
      <trkpt lat="50.48889" lon="5.85811">
        <ele>275.0</ele>
      </trkpt>
      <trkpt lat="50.48845" lon="5.85307">
        <ele>267.0</ele>
      </trkpt>
      <trkpt lat="50.48763" lon="5.85086">
        <ele>265.0</ele>
      </trkpt>
      <trkpt lat="50.48719" lon="5.84926">
        <ele>265.0</ele>
      </trkpt>
      <trkpt lat="50.48739" lon="5.84868">
        <ele>263.0</ele>
      </trkpt>
      <trkpt lat="50.48824" lon="5.84777">
        <ele>259.0</ele>
      </trkpt>
      <trkpt lat="50.48848" lon="5.84692">
        <ele>255.0</ele>
      </trkpt>
      <trkpt lat="50.48805" lon="5.84313">
        <ele>242.0</ele>
      </trkpt>
      <trkpt lat="50.48733" lon="5.83841">
        <ele>242.0</ele>
      </trkpt>
      <trkpt lat="50.48727" lon="5.83665">
        <ele>243.0</ele>
      </trkpt>
      <trkpt lat="50.48765" lon="5.83408">
        <ele>242.0</ele>
      </trkpt>
      <trkpt lat="50.488" lon="5.83312">
        <ele>240.0</ele>
      </trkpt>
      <trkpt lat="50.48847" lon="5.83247">
        <ele>235.0</ele>
      </trkpt>
      <trkpt lat="50.48876" lon="5.83255">
        <ele>232.0</ele>
      </trkpt>
      <trkpt lat="50.48901" lon="5.83184">
        <ele>229.0</ele>
      </trkpt>
      <trkpt lat="50.48942" lon="5.83125">
        <ele>227.0</ele>
      </trkpt>
      <trkpt lat="50.49035" lon="5.83077">
        <ele>221.0</ele>
      </trkpt>
      <trkpt lat="50.49035" lon="5.83057">
        <ele>220.0</ele>
      </trkpt>
      <trkpt lat="50.48973" lon="5.82961">
        <ele>221.0</ele>
      </trkpt>
      <trkpt lat="50.48836" lon="5.82857">
        <ele>225.0</ele>
      </trkpt>
      <trkpt lat="50.48795" lon="5.82846">
        <ele>228.0</ele>
      </trkpt>
      <trkpt lat="50.48647" lon="5.82875">
        <ele>236.0</ele>
      </trkpt>
      <trkpt lat="50.48646" lon="5.82863">
        <ele>238.0</ele>
      </trkpt>
      <trkpt lat="50.48783" lon="5.82768">
        <ele>249.0</ele>
      </trkpt>
      <trkpt lat="50.48884" lon="5.82782">
        <ele>254.0</ele>
      </trkpt>
      <trkpt lat="50.48917" lon="5.82707">
        <ele>255.0</ele>
      </trkpt>
      <trkpt lat="50.48954" lon="5.82747">
        <ele>257.0</ele>
      </trkpt>
      <trkpt lat="50.48985" lon="5.8271">
        <ele>258.0</ele>
      </trkpt>
      <trkpt lat="50.48948" lon="5.82468">
        <ele>264.0</ele>
      </trkpt>
      <trkpt lat="50.48789" lon="5.82356">
        <ele>274.0</ele>
      </trkpt>
      <trkpt lat="50.48771" lon="5.82326">
        <ele>276.0</ele>
      </trkpt>
      <trkpt lat="50.48766" lon="5.82093">
        <ele>283.0</ele>
      </trkpt>
      <trkpt lat="50.48778" lon="5.82031">
        <ele>288.0</ele>
      </trkpt>
      <trkpt lat="50.48999" lon="5.81817">
        <ele>310.0</ele>
      </trkpt>
      <trkpt lat="50.49038" lon="5.81821">
        <ele>314.0</ele>
      </trkpt>
      <trkpt lat="50.49151" lon="5.81931">
        <ele>319.0</ele>
      </trkpt>
      <trkpt lat="50.49163" lon="5.81922">
        <ele>320.0</ele>
      </trkpt>
      <trkpt lat="50.49077" lon="5.81698">
        <ele>332.0</ele>
      </trkpt>
      <trkpt lat="50.48924" lon="5.81498">
        <ele>346.0</ele>
      </trkpt>
      <trkpt lat="50.48821" lon="5.81171">
        <ele>358.0</ele>
      </trkpt>
      <trkpt lat="50.48822" lon="5.81066">
        <ele>361.0</ele>
      </trkpt>
      <trkpt lat="50.489" lon="5.80873">
        <ele>366.0</ele>
      </trkpt>
      <trkpt lat="50.48577" lon="5.80833">
        <ele>362.0</ele>
      </trkpt>
      <trkpt lat="50.48512" lon="5.80854">
        <ele>358.0</ele>
      </trkpt>
      <trkpt lat="50.48458" lon="5.80899">
        <ele>355.0</ele>
      </trkpt>
      <trkpt lat="50.48407" lon="5.81011">
        <ele>350.0</ele>
      </trkpt>
      <trkpt lat="50.48359" lon="5.81244">
        <ele>337.0</ele>
      </trkpt>
      <trkpt lat="50.48431" lon="5.81736">
        <ele>318.0</ele>
      </trkpt>
      <trkpt lat="50.48426" lon="5.81829">
        <ele>312.0</ele>
      </trkpt>
      <trkpt lat="50.48376" lon="5.81892">
        <ele>308.0</ele>
      </trkpt>
      <trkpt lat="50.48193" lon="5.81921">
        <ele>301.0</ele>
      </trkpt>
      <trkpt lat="50.4808" lon="5.81971">
        <ele>290.0</ele>
      </trkpt>
      <trkpt lat="50.48023" lon="5.81957">
        <ele>285.0</ele>
      </trkpt>
      <trkpt lat="50.47901" lon="5.81853">
        <ele>280.0</ele>
      </trkpt>
      <trkpt lat="50.47633" lon="5.81693">
        <ele>264.0</ele>
      </trkpt>
      <trkpt lat="50.47607" lon="5.81701">
        <ele>260.0</ele>
      </trkpt>
      <trkpt lat="50.47588" lon="5.8174">
        <ele>259.0</ele>
      </trkpt>
      <trkpt lat="50.47604" lon="5.81838">
        <ele>260.0</ele>
      </trkpt>
      <trkpt lat="50.47293" lon="5.81626">
        <ele>279.0</ele>
      </trkpt>
      <trkpt lat="50.47058" lon="5.81515">
        <ele>299.0</ele>
      </trkpt>
      <trkpt lat="50.46665" lon="5.81451">
        <ele>335.0</ele>
      </trkpt>
      <trkpt lat="50.46378" lon="5.81168">
        <ele>366.0</ele>
      </trkpt>
      <trkpt lat="50.46265" lon="5.81103">
        <ele>375.0</ele>
      </trkpt>
      <trkpt lat="50.46243" lon="5.81142">
        <ele>378.0</ele>
      </trkpt>
      <trkpt lat="50.46211" lon="5.81088">
        <ele>378.0</ele>
      </trkpt>
      <trkpt lat="50.46247" lon="5.80637">
        <ele>381.0</ele>
      </trkpt>
      <trkpt lat="50.46265" lon="5.80558">
        <ele>382.0</ele>
      </trkpt>
      <trkpt lat="50.46747" lon="5.79514">
        <ele>383.0</ele>
      </trkpt>
      <trkpt lat="50.46803" lon="5.79477">
        <ele>382.0</ele>
      </trkpt>
      <trkpt lat="50.47044" lon="5.79395">
        <ele>380.0</ele>
      </trkpt>
      <trkpt lat="50.47359" lon="5.79523">
        <ele>375.0</ele>
      </trkpt>
      <trkpt lat="50.4752" lon="5.79542">
        <ele>380.0</ele>
      </trkpt>
      <trkpt lat="50.47495" lon="5.79451">
        <ele>384.0</ele>
      </trkpt>
      <trkpt lat="50.47506" lon="5.7936">
        <ele>386.0</ele>
      </trkpt>
      <trkpt lat="50.47713" lon="5.78512">
        <ele>379.0</ele>
      </trkpt>
      <trkpt lat="50.47769" lon="5.78207">
        <ele>377.0</ele>
      </trkpt>
      <trkpt lat="50.47917" lon="5.77948">
        <ele>378.0</ele>
      </trkpt>
      <trkpt lat="50.47957" lon="5.778">
        <ele>379.0</ele>
      </trkpt>
      <trkpt lat="50.48024" lon="5.77708">
        <ele>379.0</ele>
      </trkpt>
      <trkpt lat="50.48139" lon="5.77599">
        <ele>377.0</ele>
      </trkpt>
      <trkpt lat="50.48194" lon="5.77472">
        <ele>374.0</ele>
      </trkpt>
      <trkpt lat="50.48304" lon="5.77323">
        <ele>371.0</ele>
      </trkpt>
      <trkpt lat="50.48524" lon="5.76954">
        <ele>365.0</ele>
      </trkpt>
      <trkpt lat="50.48556" lon="5.76811">
        <ele>363.0</ele>
      </trkpt>
      <trkpt lat="50.48576" lon="5.76768">
        <ele>364.0</ele>
      </trkpt>
      <trkpt lat="50.48657" lon="5.76658">
        <ele>363.0</ele>
      </trkpt>
      <trkpt lat="50.48731" lon="5.7659">
        <ele>360.0</ele>
      </trkpt>
      <trkpt lat="50.48804" lon="5.76601">
        <ele>357.0</ele>
      </trkpt>
      <trkpt lat="50.48806" lon="5.76588">
        <ele>357.0</ele>
      </trkpt>
      <trkpt lat="50.48804" lon="5.76517">
        <ele>356.0</ele>
      </trkpt>
      <trkpt lat="50.48595" lon="5.75615">
        <ele>338.0</ele>
      </trkpt>
      <trkpt lat="50.48594" lon="5.75534">
        <ele>338.0</ele>
      </trkpt>
      <trkpt lat="50.48629" lon="5.75359">
        <ele>337.0</ele>
      </trkpt>
      <trkpt lat="50.48616" lon="5.75215">
        <ele>336.0</ele>
      </trkpt>
      <trkpt lat="50.48483" lon="5.74697">
        <ele>325.0</ele>
      </trkpt>
      <trkpt lat="50.48227" lon="5.74177">
        <ele>298.0</ele>
      </trkpt>
      <trkpt lat="50.48171" lon="5.7413">
        <ele>291.0</ele>
      </trkpt>
      <trkpt lat="50.48029" lon="5.74154">
        <ele>283.0</ele>
      </trkpt>
      <trkpt lat="50.479" lon="5.74105">
        <ele>279.0</ele>
      </trkpt>
      <trkpt lat="50.47766" lon="5.74123">
        <ele>275.0</ele>
      </trkpt>
      <trkpt lat="50.47552" lon="5.74081">
        <ele>264.0</ele>
      </trkpt>
      <trkpt lat="50.47447" lon="5.7401">
        <ele>253.0</ele>
      </trkpt>
      <trkpt lat="50.47408" lon="5.73925">
        <ele>245.0</ele>
      </trkpt>
      <trkpt lat="50.47409" lon="5.7384">
        <ele>241.0</ele>
      </trkpt>
      <trkpt lat="50.47546" lon="5.73387">
        <ele>230.0</ele>
      </trkpt>
      <trkpt lat="50.47573" lon="5.73208">
        <ele>220.0</ele>
      </trkpt>
      <trkpt lat="50.47578" lon="5.72652">
        <ele>198.0</ele>
      </trkpt>
      <trkpt lat="50.47613" lon="5.72485">
        <ele>190.0</ele>
      </trkpt>
      <trkpt lat="50.47643" lon="5.72137">
        <ele>180.0</ele>
      </trkpt>
      <trkpt lat="50.47633" lon="5.71952">
        <ele>172.0</ele>
      </trkpt>
      <trkpt lat="50.4761" lon="5.71826">
        <ele>165.0</ele>
      </trkpt>
      <trkpt lat="50.47596" lon="5.71635">
        <ele>156.0</ele>
      </trkpt>
      <trkpt lat="50.47625" lon="5.71488">
        <ele>147.0</ele>
      </trkpt>
      <trkpt lat="50.47782" lon="5.71303">
        <ele>143.0</ele>
      </trkpt>
      <trkpt lat="50.47986" lon="5.71185">
        <ele>134.0</ele>
      </trkpt>
      <trkpt lat="50.47965" lon="5.70917">
        <ele>128.0</ele>
      </trkpt>
      <trkpt lat="50.48008" lon="5.70658">
        <ele>128.0</ele>
      </trkpt>
      <trkpt lat="50.48022" lon="5.70648">
        <ele>128.0</ele>
      </trkpt>
      <trkpt lat="50.48065" lon="5.707">
        <ele>129.0</ele>
      </trkpt>
      <trkpt lat="50.48184" lon="5.70773">
        <ele>129.0</ele>
      </trkpt>
      <trkpt lat="50.48194" lon="5.7073">
        <ele>130.0</ele>
      </trkpt>
      <trkpt lat="50.4841" lon="5.70696">
        <ele>136.0</ele>
      </trkpt>
      <trkpt lat="50.48412" lon="5.70675">
        <ele>136.0</ele>
      </trkpt>
      <trkpt lat="50.48344" lon="5.70547">
        <ele>134.0</ele>
      </trkpt>
      <trkpt lat="50.48318" lon="5.70408">
        <ele>135.0</ele>
      </trkpt>
      <trkpt lat="50.48327" lon="5.70383">
        <ele>136.0</ele>
      </trkpt>
      <trkpt lat="50.48396" lon="5.70319">
        <ele>138.0</ele>
      </trkpt>
      <trkpt lat="50.48535" lon="5.70344">
        <ele>149.0</ele>
      </trkpt>
      <trkpt lat="50.48607" lon="5.70309">
        <ele>156.0</ele>
      </trkpt>
      <trkpt lat="50.48655" lon="5.70479">
        <ele>166.0</ele>
      </trkpt>
      <trkpt lat="50.48833" lon="5.70767">
        <ele>185.0</ele>
      </trkpt>
      <trkpt lat="50.48865" lon="5.70772">
        <ele>190.0</ele>
      </trkpt>
      <trkpt lat="50.48971" lon="5.70703">
        <ele>201.0</ele>
      </trkpt>
      <trkpt lat="50.49094" lon="5.70564">
        <ele>225.0</ele>
      </trkpt>
      <trkpt lat="50.49101" lon="5.70534">
        <ele>228.0</ele>
      </trkpt>
      <trkpt lat="50.49091" lon="5.70383">
        <ele>239.0</ele>
      </trkpt>
      <trkpt lat="50.49118" lon="5.7022">
        <ele>251.0</ele>
      </trkpt>
      <trkpt lat="50.49214" lon="5.70075">
        <ele>271.0</ele>
      </trkpt>
      <trkpt lat="50.49228" lon="5.69939">
        <ele>283.0</ele>
      </trkpt>
      <trkpt lat="50.49313" lon="5.70029">
        <ele>282.0</ele>
      </trkpt>
      <trkpt lat="50.49458" lon="5.70261">
        <ele>259.0</ele>
      </trkpt>
      <trkpt lat="50.49584" lon="5.70588">
        <ele>241.0</ele>
      </trkpt>
      <trkpt lat="50.49621" lon="5.70585">
        <ele>239.0</ele>
      </trkpt>
      <trkpt lat="50.49699" lon="5.7045">
        <ele>238.0</ele>
      </trkpt>
      <trkpt lat="50.49714" lon="5.70449">
        <ele>237.0</ele>
      </trkpt>
      <trkpt lat="50.49749" lon="5.70505">
        <ele>237.0</ele>
      </trkpt>
      <trkpt lat="50.49756" lon="5.70529">
        <ele>236.0</ele>
      </trkpt>
      <trkpt lat="50.49747" lon="5.70557">
        <ele>236.0</ele>
      </trkpt>
      <trkpt lat="50.49663" lon="5.70659">
        <ele>236.0</ele>
      </trkpt>
      <trkpt lat="50.49629" lon="5.70728">
        <ele>235.0</ele>
      </trkpt>
      <trkpt lat="50.49623" lon="5.70909">
        <ele>235.0</ele>
      </trkpt>
      <trkpt lat="50.49633" lon="5.71001">
        <ele>235.0</ele>
      </trkpt>
      <trkpt lat="50.49693" lon="5.71131">
        <ele>233.0</ele>
      </trkpt>
      <trkpt lat="50.49868" lon="5.71307">
        <ele>227.0</ele>
      </trkpt>
      <trkpt lat="50.49926" lon="5.71402">
        <ele>219.0</ele>
      </trkpt>
      <trkpt lat="50.49971" lon="5.71429">
        <ele>218.0</ele>
      </trkpt>
      <trkpt lat="50.50024" lon="5.71497">
        <ele>216.0</ele>
      </trkpt>
      <trkpt lat="50.50046" lon="5.71228">
        <ele>214.0</ele>
      </trkpt>
      <trkpt lat="50.50033" lon="5.71097">
        <ele>215.0</ele>
      </trkpt>
      <trkpt lat="50.50047" lon="5.71011">
        <ele>219.0</ele>
      </trkpt>
      <trkpt lat="50.50069" lon="5.70984">
        <ele>221.0</ele>
      </trkpt>
      <trkpt lat="50.50107" lon="5.7098">
        <ele>222.0</ele>
      </trkpt>
      <trkpt lat="50.50205" lon="5.71015">
        <ele>224.0</ele>
      </trkpt>
      <trkpt lat="50.50423" lon="5.70894">
        <ele>229.0</ele>
      </trkpt>
      <trkpt lat="50.50444" lon="5.70872">
        <ele>231.0</ele>
      </trkpt>
      <trkpt lat="50.50602" lon="5.70528">
        <ele>249.0</ele>
      </trkpt>
      <trkpt lat="50.50645" lon="5.70507">
        <ele>253.0</ele>
      </trkpt>
      <trkpt lat="50.50946" lon="5.705">
        <ele>267.0</ele>
      </trkpt>
      <trkpt lat="50.51051" lon="5.7055">
        <ele>276.0</ele>
      </trkpt>
      <trkpt lat="50.51173" lon="5.70566">
        <ele>281.0</ele>
      </trkpt>
      <trkpt lat="50.51212" lon="5.70552">
        <ele>284.0</ele>
      </trkpt>
      <trkpt lat="50.51282" lon="5.70445">
        <ele>291.0</ele>
      </trkpt>
      <trkpt lat="50.51453" lon="5.70367">
        <ele>293.0</ele>
      </trkpt>
      <trkpt lat="50.51628" lon="5.70221">
        <ele>297.0</ele>
      </trkpt>
      <trkpt lat="50.51816" lon="5.70011">
        <ele>299.0</ele>
      </trkpt>
      <trkpt lat="50.51858" lon="5.70037">
        <ele>299.0</ele>
      </trkpt>
      <trkpt lat="50.51885" lon="5.70033">
        <ele>299.0</ele>
      </trkpt>
      <trkpt lat="50.52053" lon="5.70386">
        <ele>297.0</ele>
      </trkpt>
      <trkpt lat="50.52083" lon="5.70372">
        <ele>295.0</ele>
      </trkpt>
      <trkpt lat="50.52212" lon="5.70516">
        <ele>290.0</ele>
      </trkpt>
      <trkpt lat="50.52364" lon="5.70759">
        <ele>276.0</ele>
      </trkpt>
      <trkpt lat="50.52431" lon="5.70822">
        <ele>267.0</ele>
      </trkpt>
      <trkpt lat="50.52654" lon="5.70889">
        <ele>253.0</ele>
      </trkpt>
      <trkpt lat="50.52707" lon="5.70933">
        <ele>250.0</ele>
      </trkpt>
      <trkpt lat="50.52876" lon="5.71249">
        <ele>242.0</ele>
      </trkpt>
      <trkpt lat="50.52946" lon="5.71288">
        <ele>243.0</ele>
      </trkpt>
      <trkpt lat="50.52994" lon="5.71361">
        <ele>243.0</ele>
      </trkpt>
      <trkpt lat="50.53041" lon="5.71377">
        <ele>245.0</ele>
      </trkpt>
      <trkpt lat="50.53034" lon="5.71293">
        <ele>246.0</ele>
      </trkpt>
      <trkpt lat="50.53046" lon="5.71101">
        <ele>244.0</ele>
      </trkpt>
      <trkpt lat="50.5307" lon="5.71061">
        <ele>244.0</ele>
      </trkpt>
      <trkpt lat="50.53161" lon="5.70994">
        <ele>242.0</ele>
      </trkpt>
      <trkpt lat="50.532" lon="5.70933">
        <ele>240.0</ele>
      </trkpt>
      <trkpt lat="50.53209" lon="5.70869">
        <ele>238.0</ele>
      </trkpt>
      <trkpt lat="50.53185" lon="5.70706">
        <ele>231.0</ele>
      </trkpt>
      <trkpt lat="50.53196" lon="5.70654">
        <ele>229.0</ele>
      </trkpt>
      <trkpt lat="50.53213" lon="5.70638">
        <ele>229.0</ele>
      </trkpt>
      <trkpt lat="50.53269" lon="5.70653">
        <ele>228.0</ele>
      </trkpt>
      <trkpt lat="50.5351" lon="5.70904">
        <ele>223.0</ele>
      </trkpt>
      <trkpt lat="50.53539" lon="5.70915">
        <ele>218.0</ele>
      </trkpt>
      <trkpt lat="50.53554" lon="5.70901">
        <ele>216.0</ele>
      </trkpt>
      <trkpt lat="50.53559" lon="5.70863">
        <ele>215.0</ele>
      </trkpt>
      <trkpt lat="50.53542" lon="5.70742">
        <ele>211.0</ele>
      </trkpt>
      <trkpt lat="50.53605" lon="5.69982">
        <ele>206.0</ele>
      </trkpt>
      <trkpt lat="50.5362" lon="5.69622">
        <ele>204.0</ele>
      </trkpt>
      <trkpt lat="50.53675" lon="5.69355">
        <ele>203.0</ele>
      </trkpt>
      <trkpt lat="50.53721" lon="5.69246">
        <ele>203.0</ele>
      </trkpt>
      <trkpt lat="50.53781" lon="5.69181">
        <ele>199.0</ele>
      </trkpt>
      <trkpt lat="50.5385" lon="5.69168">
        <ele>194.0</ele>
      </trkpt>
      <trkpt lat="50.54009" lon="5.69253">
        <ele>192.0</ele>
      </trkpt>
      <trkpt lat="50.54187" lon="5.69299">
        <ele>188.0</ele>
      </trkpt>
      <trkpt lat="50.54324" lon="5.69234">
        <ele>183.0</ele>
      </trkpt>
      <trkpt lat="50.54383" lon="5.69159">
        <ele>178.0</ele>
      </trkpt>
      <trkpt lat="50.54408" lon="5.69031">
        <ele>182.0</ele>
      </trkpt>
      <trkpt lat="50.54378" lon="5.68652">
        <ele>189.0</ele>
      </trkpt>
      <trkpt lat="50.54348" lon="5.68458">
        <ele>201.0</ele>
      </trkpt>
      <trkpt lat="50.54397" lon="5.68352">
        <ele>210.0</ele>
      </trkpt>
      <trkpt lat="50.54431" lon="5.68193">
        <ele>223.0</ele>
      </trkpt>
      <trkpt lat="50.54432" lon="5.67693">
        <ele>236.0</ele>
      </trkpt>
      <trkpt lat="50.54451" lon="5.67646">
        <ele>245.0</ele>
      </trkpt>
      <trkpt lat="50.54565" lon="5.67484">
        <ele>264.0</ele>
      </trkpt>
      <trkpt lat="50.54736" lon="5.67066">
        <ele>277.0</ele>
      </trkpt>
      <trkpt lat="50.54575" lon="5.6691">
        <ele>278.0</ele>
      </trkpt>
      <trkpt lat="50.54478" lon="5.66787">
        <ele>271.0</ele>
      </trkpt>
      <trkpt lat="50.54171" lon="5.66292">
        <ele>250.0</ele>
      </trkpt>
      <trkpt lat="50.5412" lon="5.6617">
        <ele>243.0</ele>
      </trkpt>
      <trkpt lat="50.54086" lon="5.66043">
        <ele>240.0</ele>
      </trkpt>
      <trkpt lat="50.54053" lon="5.65802">
        <ele>242.0</ele>
      </trkpt>
      <trkpt lat="50.53942" lon="5.65255">
        <ele>257.0</ele>
      </trkpt>
      <trkpt lat="50.53929" lon="5.64494">
        <ele>253.0</ele>
      </trkpt>
      <trkpt lat="50.53875" lon="5.64042">
        <ele>249.0</ele>
      </trkpt>
      <trkpt lat="50.53838" lon="5.63893">
        <ele>250.0</ele>
      </trkpt>
      <trkpt lat="50.53751" lon="5.63717">
        <ele>249.0</ele>
      </trkpt>
      <trkpt lat="50.53652" lon="5.63459">
        <ele>250.0</ele>
      </trkpt>
      <trkpt lat="50.53604" lon="5.63291">
        <ele>250.0</ele>
      </trkpt>
      <trkpt lat="50.53702" lon="5.63131">
        <ele>249.0</ele>
      </trkpt>
      <trkpt lat="50.53708" lon="5.63009">
        <ele>247.0</ele>
      </trkpt>
      <trkpt lat="50.53747" lon="5.62877">
        <ele>240.0</ele>
      </trkpt>
      <trkpt lat="50.53732" lon="5.62704">
        <ele>234.0</ele>
      </trkpt>
      <trkpt lat="50.53751" lon="5.62493">
        <ele>227.0</ele>
      </trkpt>
      <trkpt lat="50.53699" lon="5.61897">
        <ele>213.0</ele>
      </trkpt>
      <trkpt lat="50.53635" lon="5.61816">
        <ele>202.0</ele>
      </trkpt>
      <trkpt lat="50.53625" lon="5.61766">
        <ele>199.0</ele>
      </trkpt>
      <trkpt lat="50.53645" lon="5.61723">
        <ele>197.0</ele>
      </trkpt>
      <trkpt lat="50.53775" lon="5.61602">
        <ele>193.0</ele>
      </trkpt>
      <trkpt lat="50.53891" lon="5.61423">
        <ele>190.0</ele>
      </trkpt>
      <trkpt lat="50.53985" lon="5.61351">
        <ele>184.0</ele>
      </trkpt>
      <trkpt lat="50.54029" lon="5.61107">
        <ele>178.0</ele>
      </trkpt>
      <trkpt lat="50.54107" lon="5.60922">
        <ele>176.0</ele>
      </trkpt>
      <trkpt lat="50.54222" lon="5.60918">
        <ele>172.0</ele>
      </trkpt>
      <trkpt lat="50.54262" lon="5.60888">
        <ele>166.0</ele>
      </trkpt>
      <trkpt lat="50.54277" lon="5.60842">
        <ele>162.0</ele>
      </trkpt>
      <trkpt lat="50.54288" lon="5.60647">
        <ele>161.0</ele>
      </trkpt>
      <trkpt lat="50.54331" lon="5.60454">
        <ele>159.0</ele>
      </trkpt>
      <trkpt lat="50.54337" lon="5.60285">
        <ele>156.0</ele>
      </trkpt>
      <trkpt lat="50.54361" lon="5.60206">
        <ele>155.0</ele>
      </trkpt>
      <trkpt lat="50.54404" lon="5.60145">
        <ele>151.0</ele>
      </trkpt>
      <trkpt lat="50.54435" lon="5.60126">
        <ele>148.0</ele>
      </trkpt>
      <trkpt lat="50.54548" lon="5.60152">
        <ele>142.0</ele>
      </trkpt>
      <trkpt lat="50.54576" lon="5.60135">
        <ele>138.0</ele>
      </trkpt>
      <trkpt lat="50.54652" lon="5.59839">
        <ele>126.0</ele>
      </trkpt>
      <trkpt lat="50.54657" lon="5.59783">
        <ele>119.0</ele>
      </trkpt>
      <trkpt lat="50.54633" lon="5.59708">
        <ele>117.0</ele>
      </trkpt>
      <trkpt lat="50.54625" lon="5.59609">
        <ele>116.0</ele>
      </trkpt>
      <trkpt lat="50.54684" lon="5.5935">
        <ele>103.0</ele>
      </trkpt>
      <trkpt lat="50.54683" lon="5.59192">
        <ele>93.0</ele>
      </trkpt>
      <trkpt lat="50.54664" lon="5.5911">
        <ele>87.0</ele>
      </trkpt>
      <trkpt lat="50.54863" lon="5.59006">
        <ele>81.0</ele>
      </trkpt>
      <trkpt lat="50.54788" lon="5.58808">
        <ele>78.0</ele>
      </trkpt>
      <trkpt lat="50.54704" lon="5.58867">
        <ele>78.0</ele>
      </trkpt>
      <trkpt lat="50.54603" lon="5.58875">
        <ele>79.0</ele>
      </trkpt>
      <trkpt lat="50.54536" lon="5.58839">
        <ele>79.0</ele>
      </trkpt>
      <trkpt lat="50.54481" lon="5.58781">
        <ele>79.0</ele>
      </trkpt>
      <trkpt lat="50.5442" lon="5.58645">
        <ele>79.0</ele>
      </trkpt>
      <trkpt lat="50.54322" lon="5.58491">
        <ele>79.0</ele>
      </trkpt>
      <trkpt lat="50.54274" lon="5.58381">
        <ele>80.0</ele>
      </trkpt>
      <trkpt lat="50.54236" lon="5.58237">
        <ele>81.0</ele>
      </trkpt>
      <trkpt lat="50.5422" lon="5.58112">
        <ele>81.0</ele>
      </trkpt>
      <trkpt lat="50.54116" lon="5.57834">
        <ele>82.0</ele>
      </trkpt>
      <trkpt lat="50.54159" lon="5.578">
        <ele>84.0</ele>
      </trkpt>
      <trkpt lat="50.54181" lon="5.57807">
        <ele>86.0</ele>
      </trkpt>
      <trkpt lat="50.54214" lon="5.57879">
        <ele>89.0</ele>
      </trkpt>
      <trkpt lat="50.54246" lon="5.57884">
        <ele>93.0</ele>
      </trkpt>
      <trkpt lat="50.54309" lon="5.58034">
        <ele>104.0</ele>
      </trkpt>
      <trkpt lat="50.54409" lon="5.5818">
        <ele>120.0</ele>
      </trkpt>
      <trkpt lat="50.54454" lon="5.58181">
        <ele>127.0</ele>
      </trkpt>
      <trkpt lat="50.5449" lon="5.58154">
        <ele>131.0</ele>
      </trkpt>
      <trkpt lat="50.54565" lon="5.58062">
        <ele>141.0</ele>
      </trkpt>
      <trkpt lat="50.54667" lon="5.58012">
        <ele>156.0</ele>
      </trkpt>
      <trkpt lat="50.54743" lon="5.57844">
        <ele>171.0</ele>
      </trkpt>
      <trkpt lat="50.54929" lon="5.57626">
        <ele>200.0</ele>
      </trkpt>
      <trkpt lat="50.54961" lon="5.57511">
        <ele>211.0</ele>
      </trkpt>
      <trkpt lat="50.55028" lon="5.57384">
        <ele>214.0</ele>
      </trkpt>
      <trkpt lat="50.55049" lon="5.57273">
        <ele>214.0</ele>
      </trkpt>
      <trkpt lat="50.55086" lon="5.57172">
        <ele>207.0</ele>
      </trkpt>
      <trkpt lat="50.55181" lon="5.56996">
        <ele>190.0</ele>
      </trkpt>
      <trkpt lat="50.55275" lon="5.56951">
        <ele>187.0</ele>
      </trkpt>
      <trkpt lat="50.55287" lon="5.56926">
        <ele>185.0</ele>
      </trkpt>
      <trkpt lat="50.55316" lon="5.56809">
        <ele>183.0</ele>
      </trkpt>
      <trkpt lat="50.55323" lon="5.56668">
        <ele>179.0</ele>
      </trkpt>
      <trkpt lat="50.55345" lon="5.56557">
        <ele>176.0</ele>
      </trkpt>
      <trkpt lat="50.55347" lon="5.56448">
        <ele>174.0</ele>
      </trkpt>
      <trkpt lat="50.55322" lon="5.56222">
        <ele>173.0</ele>
      </trkpt>
      <trkpt lat="50.55354" lon="5.56097">
        <ele>174.0</ele>
      </trkpt>
      <trkpt lat="50.55364" lon="5.55949">
        <ele>176.0</ele>
      </trkpt>
      <trkpt lat="50.55358" lon="5.55866">
        <ele>178.0</ele>
      </trkpt>
      <trkpt lat="50.55374" lon="5.55768">
        <ele>182.0</ele>
      </trkpt>
      <trkpt lat="50.55267" lon="5.55065">
        <ele>199.0</ele>
      </trkpt>
      <trkpt lat="50.55243" lon="5.54995">
        <ele>204.0</ele>
      </trkpt>
      <trkpt lat="50.55293" lon="5.54859">
        <ele>208.0</ele>
      </trkpt>
      <trkpt lat="50.55317" lon="5.54827">
        <ele>211.0</ele>
      </trkpt>
      <trkpt lat="50.5541" lon="5.54805">
        <ele>217.0</ele>
      </trkpt>
      <trkpt lat="50.55573" lon="5.54831">
        <ele>228.0</ele>
      </trkpt>
      <trkpt lat="50.55607" lon="5.54855">
        <ele>232.0</ele>
      </trkpt>
      <trkpt lat="50.5566" lon="5.54932">
        <ele>239.0</ele>
      </trkpt>
      <trkpt lat="50.55749" lon="5.54934">
        <ele>243.0</ele>
      </trkpt>
      <trkpt lat="50.55938" lon="5.54762">
        <ele>253.0</ele>
      </trkpt>
      <trkpt lat="50.56122" lon="5.54718">
        <ele>267.0</ele>
      </trkpt>
      <trkpt lat="50.56139" lon="5.54735">
        <ele>269.0</ele>
      </trkpt>
      <trkpt lat="50.56157" lon="5.54834">
        <ele>269.0</ele>
      </trkpt>
      <trkpt lat="50.56249" lon="5.54808">
        <ele>269.0</ele>
      </trkpt>
      <trkpt lat="50.56409" lon="5.54903">
        <ele>270.0</ele>
      </trkpt>
      <trkpt lat="50.56674" lon="5.54965">
        <ele>270.0</ele>
      </trkpt>
      <trkpt lat="50.56731" lon="5.54995">
        <ele>269.0</ele>
      </trkpt>
      <trkpt lat="50.56961" lon="5.55194">
        <ele>269.0</ele>
      </trkpt>
      <trkpt lat="50.57044" lon="5.55247">
        <ele>270.0</ele>
      </trkpt>
      <trkpt lat="50.57652" lon="5.5535">
        <ele>264.0</ele>
      </trkpt>
      <trkpt lat="50.57666" lon="5.55383">
        <ele>262.0</ele>
      </trkpt>
      <trkpt lat="50.5779" lon="5.55458">
        <ele>261.0</ele>
      </trkpt>
      <trkpt lat="50.57956" lon="5.55628">
        <ele>259.0</ele>
      </trkpt>
      <trkpt lat="50.58018" lon="5.55638">
        <ele>257.0</ele>
      </trkpt>
      <trkpt lat="50.58033" lon="5.55701">
        <ele>257.0</ele>
      </trkpt>
      <trkpt lat="50.58027" lon="5.55799">
        <ele>256.0</ele>
      </trkpt>
      <trkpt lat="50.58104" lon="5.55873">
        <ele>255.0</ele>
      </trkpt>
      <trkpt lat="50.58328" lon="5.56314">
        <ele>247.0</ele>
      </trkpt>
      <trkpt lat="50.58412" lon="5.56417">
        <ele>248.0</ele>
      </trkpt>
      <trkpt lat="50.5853" lon="5.56464">
        <ele>249.0</ele>
      </trkpt>
      <trkpt lat="50.5854" lon="5.56505">
        <ele>248.0</ele>
      </trkpt>
      <trkpt lat="50.58525" lon="5.56715">
        <ele>245.0</ele>
      </trkpt>
      <trkpt lat="50.58512" lon="5.56735">
        <ele>244.0</ele>
      </trkpt>
      <trkpt lat="50.58528" lon="5.56753">
        <ele>244.0</ele>
      </trkpt>
      <trkpt lat="50.58561" lon="5.56958">
        <ele>244.0</ele>
      </trkpt>
      <trkpt lat="50.5862" lon="5.57115">
        <ele>244.0</ele>
      </trkpt>
      <trkpt lat="50.58655" lon="5.57139">
        <ele>244.0</ele>
      </trkpt>
      <trkpt lat="50.58684" lon="5.57125">
        <ele>244.0</ele>
      </trkpt>
      <trkpt lat="50.58737" lon="5.57067">
        <ele>243.0</ele>
      </trkpt>
      <trkpt lat="50.58809" lon="5.56949">
        <ele>243.0</ele>
      </trkpt>
      <trkpt lat="50.58907" lon="5.57041">
        <ele>241.0</ele>
      </trkpt>
      <trkpt lat="50.59056" lon="5.57104">
        <ele>239.0</ele>
      </trkpt>
      <trkpt lat="50.59069" lon="5.57123">
        <ele>239.0</ele>
      </trkpt>
      <trkpt lat="50.59066" lon="5.57219">
        <ele>238.0</ele>
      </trkpt>
      <trkpt lat="50.59145" lon="5.57225">
        <ele>238.0</ele>
      </trkpt>
      <trkpt lat="50.59168" lon="5.57289">
        <ele>237.0</ele>
      </trkpt>
      <trkpt lat="50.59278" lon="5.57436">
        <ele>235.0</ele>
      </trkpt>
      <trkpt lat="50.59311" lon="5.57711">
        <ele>232.0</ele>
      </trkpt>
      <trkpt lat="50.5944" lon="5.57997">
        <ele>230.0</ele>
      </trkpt>
      <trkpt lat="50.59553" lon="5.58073">
        <ele>228.0</ele>
      </trkpt>
      <trkpt lat="50.59661" lon="5.58197">
        <ele>223.0</ele>
      </trkpt>
      <trkpt lat="50.59701" lon="5.58203">
        <ele>221.0</ele>
      </trkpt>
      <trkpt lat="50.59791" lon="5.5817">
        <ele>215.0</ele>
      </trkpt>
      <trkpt lat="50.6001" lon="5.58211">
        <ele>202.0</ele>
      </trkpt>
      <trkpt lat="50.6014" lon="5.58384">
        <ele>194.0</ele>
      </trkpt>
      <trkpt lat="50.60293" lon="5.58682">
        <ele>183.0</ele>
      </trkpt>
      <trkpt lat="50.60374" lon="5.58964">
        <ele>172.0</ele>
      </trkpt>
      <trkpt lat="50.60862" lon="5.59265">
        <ele>139.0</ele>
      </trkpt>
      <trkpt lat="50.60892" lon="5.59268">
        <ele>137.0</ele>
      </trkpt>
      <trkpt lat="50.60912" lon="5.59248">
        <ele>135.0</ele>
      </trkpt>
      <trkpt lat="50.6097" lon="5.59056">
        <ele>124.0</ele>
      </trkpt>
      <trkpt lat="50.61055" lon="5.59019">
        <ele>118.0</ele>
      </trkpt>
      <trkpt lat="50.61081" lon="5.58987">
        <ele>115.0</ele>
      </trkpt>
      <trkpt lat="50.611" lon="5.58929">
        <ele>111.0</ele>
      </trkpt>
      <trkpt lat="50.61102" lon="5.58875">
        <ele>108.0</ele>
      </trkpt>
      <trkpt lat="50.61088" lon="5.58818">
        <ele>104.0</ele>
      </trkpt>
      <trkpt lat="50.61004" lon="5.58707">
        <ele>95.0</ele>
      </trkpt>
      <trkpt lat="50.60951" lon="5.58569">
        <ele>89.0</ele>
      </trkpt>
      <trkpt lat="50.60963" lon="5.58468">
        <ele>85.0</ele>
      </trkpt>
      <trkpt lat="50.61026" lon="5.5838">
        <ele>79.0</ele>
      </trkpt>
      <trkpt lat="50.6108" lon="5.58361">
        <ele>74.0</ele>
      </trkpt>
      <trkpt lat="50.61189" lon="5.58412">
        <ele>69.0</ele>
      </trkpt>
      <trkpt lat="50.61248" lon="5.58418">
        <ele>67.0</ele>
      </trkpt>
      <trkpt lat="50.61448" lon="5.58356">
        <ele>66.0</ele>
      </trkpt>
      <trkpt lat="50.61595" lon="5.58265">
        <ele>65.0</ele>
      </trkpt>
      <trkpt lat="50.61655" lon="5.58149">
        <ele>64.0</ele>
      </trkpt>
      <trkpt lat="50.61752" lon="5.581">
        <ele>62.0</ele>
      </trkpt>
      <trkpt lat="50.62127" lon="5.58129">
        <ele>63.0</ele>
      </trkpt>
      <trkpt lat="50.62219" lon="5.58249">
        <ele>61.0</ele>
      </trkpt>
      <trkpt lat="50.61991" lon="5.58913">
        <ele>68.0</ele>
      </trkpt>
      <trkpt lat="50.61841" lon="5.59255">
        <ele>65.0</ele>
      </trkpt>
    </trkseg>
  </trk>
</gpx>