<?xml version="1.0" encoding="UTF-8"?>
<gpx xmlns="http://www.topografix.com/GPX/1/0" xmlns:xsi="http://www.w3.org/2001/XMLSchema-instance" xsi:schemaLocation="http://www.topografix.com/GPX/1/0 http://www.topografix.com/GPX/1/0/gpx.xsd" version="1.0" creator="GPSBabel - https://www.gpsbabel.org">
  <time>2026-01-28T06:23:18.838000Z</time>
  <bounds minlat="43.04873" maxlat="43.38282" minlon="11.2546" maxlon="11.61876" />
  <trk>
    <trkseg>
      <trkpt lat="43.30212" lon="11.31137">
        <ele>271.0</ele>
      </trkpt>
      <trkpt lat="43.30161" lon="11.31158">
        <ele>269.0</ele>
      </trkpt>
      <trkpt lat="43.30125" lon="11.31146">
        <ele>267.0</ele>
      </trkpt>
      <trkpt lat="43.30011" lon="11.30934">
        <ele>258.0</ele>
      </trkpt>
      <trkpt lat="43.29965" lon="11.30894">
        <ele>253.0</ele>
      </trkpt>
      <trkpt lat="43.2972" lon="11.30891">
        <ele>240.0</ele>
      </trkpt>
      <trkpt lat="43.29696" lon="11.30874">
        <ele>239.0</ele>
      </trkpt>
      <trkpt lat="43.29522" lon="11.30835">
        <ele>238.0</ele>
      </trkpt>
      <trkpt lat="43.29327" lon="11.30677">
        <ele>239.0</ele>
      </trkpt>
      <trkpt lat="43.29293" lon="11.30685">
        <ele>242.0</ele>
      </trkpt>
      <trkpt lat="43.29222" lon="11.30753">
        <ele>252.0</ele>
      </trkpt>
      <trkpt lat="43.29195" lon="11.30755">
        <ele>255.0</ele>
      </trkpt>
      <trkpt lat="43.29187" lon="11.30721">
        <ele>257.0</ele>
      </trkpt>
      <trkpt lat="43.29234" lon="11.30652">
        <ele>260.0</ele>
      </trkpt>
      <trkpt lat="43.29238" lon="11.30621">
        <ele>262.0</ele>
      </trkpt>
      <trkpt lat="43.29185" lon="11.30523">
        <ele>266.0</ele>
      </trkpt>
      <trkpt lat="43.29189" lon="11.30426">
        <ele>269.0</ele>
      </trkpt>
      <trkpt lat="43.29139" lon="11.30384">
        <ele>271.0</ele>
      </trkpt>
      <trkpt lat="43.28996" lon="11.30394">
        <ele>270.0</ele>
      </trkpt>
      <trkpt lat="43.28897" lon="11.30339">
        <ele>267.0</ele>
      </trkpt>
      <trkpt lat="43.28851" lon="11.30339">
        <ele>265.0</ele>
      </trkpt>
      <trkpt lat="43.28754" lon="11.30385">
        <ele>260.0</ele>
      </trkpt>
      <trkpt lat="43.28704" lon="11.30451">
        <ele>258.0</ele>
      </trkpt>
      <trkpt lat="43.28661" lon="11.30472">
        <ele>256.0</ele>
      </trkpt>
      <trkpt lat="43.28448" lon="11.30372">
        <ele>251.0</ele>
      </trkpt>
      <trkpt lat="43.28247" lon="11.30342">
        <ele>259.0</ele>
      </trkpt>
      <trkpt lat="43.28219" lon="11.30267">
        <ele>258.0</ele>
      </trkpt>
      <trkpt lat="43.28187" lon="11.29979">
        <ele>251.0</ele>
      </trkpt>
      <trkpt lat="43.28125" lon="11.29871">
        <ele>247.0</ele>
      </trkpt>
      <trkpt lat="43.27974" lon="11.29779">
        <ele>237.0</ele>
      </trkpt>
      <trkpt lat="43.27866" lon="11.29599">
        <ele>236.0</ele>
      </trkpt>
      <trkpt lat="43.27798" lon="11.29536">
        <ele>238.0</ele>
      </trkpt>
      <trkpt lat="43.27623" lon="11.29462">
        <ele>245.0</ele>
      </trkpt>
      <trkpt lat="43.2744" lon="11.29476">
        <ele>253.0</ele>
      </trkpt>
      <trkpt lat="43.27335" lon="11.29468">
        <ele>256.0</ele>
      </trkpt>
      <trkpt lat="43.27128" lon="11.29355">
        <ele>255.0</ele>
      </trkpt>
      <trkpt lat="43.27073" lon="11.29203">
        <ele>254.0</ele>
      </trkpt>
      <trkpt lat="43.27048" lon="11.2917">
        <ele>253.0</ele>
      </trkpt>
      <trkpt lat="43.26873" lon="11.29082">
        <ele>252.0</ele>
      </trkpt>
      <trkpt lat="43.26781" lon="11.28994">
        <ele>252.0</ele>
      </trkpt>
      <trkpt lat="43.26637" lon="11.28911">
        <ele>249.0</ele>
      </trkpt>
      <trkpt lat="43.26356" lon="11.28787">
        <ele>247.0</ele>
      </trkpt>
      <trkpt lat="43.26212" lon="11.28693">
        <ele>245.0</ele>
      </trkpt>
      <trkpt lat="43.26054" lon="11.28687">
        <ele>243.0</ele>
      </trkpt>
      <trkpt lat="43.26033" lon="11.28659">
        <ele>244.0</ele>
      </trkpt>
      <trkpt lat="43.26002" lon="11.28658">
        <ele>245.0</ele>
      </trkpt>
      <trkpt lat="43.25861" lon="11.28538">
        <ele>248.0</ele>
      </trkpt>
      <trkpt lat="43.25644" lon="11.28512">
        <ele>249.0</ele>
      </trkpt>
      <trkpt lat="43.25563" lon="11.28485">
        <ele>250.0</ele>
      </trkpt>
      <trkpt lat="43.25363" lon="11.2822">
        <ele>238.0</ele>
      </trkpt>
      <trkpt lat="43.25268" lon="11.27956">
        <ele>226.0</ele>
      </trkpt>
      <trkpt lat="43.25047" lon="11.27644">
        <ele>213.0</ele>
      </trkpt>
      <trkpt lat="43.24947" lon="11.27535">
        <ele>206.0</ele>
      </trkpt>
      <trkpt lat="43.24752" lon="11.27369">
        <ele>207.0</ele>
      </trkpt>
      <trkpt lat="43.23919" lon="11.26586">
        <ele>185.0</ele>
      </trkpt>
      <trkpt lat="43.23545" lon="11.25466">
        <ele>181.0</ele>
      </trkpt>
      <trkpt lat="43.23435" lon="11.25466">
        <ele>181.0</ele>
      </trkpt>
      <trkpt lat="43.23026" lon="11.25552">
        <ele>181.0</ele>
      </trkpt>
      <trkpt lat="43.22828" lon="11.25559">
        <ele>181.0</ele>
      </trkpt>
      <trkpt lat="43.22787" lon="11.25578">
        <ele>181.0</ele>
      </trkpt>
      <trkpt lat="43.22107" lon="11.2624">
        <ele>181.0</ele>
      </trkpt>
      <trkpt lat="43.21945" lon="11.26554">
        <ele>179.0</ele>
      </trkpt>
      <trkpt lat="43.21768" lon="11.2685">
        <ele>179.0</ele>
      </trkpt>
      <trkpt lat="43.21976" lon="11.2741">
        <ele>183.0</ele>
      </trkpt>
      <trkpt lat="43.21986" lon="11.27474">
        <ele>188.0</ele>
      </trkpt>
      <trkpt lat="43.22015" lon="11.27517">
        <ele>190.0</ele>
      </trkpt>
      <trkpt lat="43.22034" lon="11.27579">
        <ele>193.0</ele>
      </trkpt>
      <trkpt lat="43.22269" lon="11.28597">
        <ele>212.0</ele>
      </trkpt>
      <trkpt lat="43.22004" lon="11.28953">
        <ele>204.0</ele>
      </trkpt>
      <trkpt lat="43.22015" lon="11.29089">
        <ele>208.0</ele>
      </trkpt>
      <trkpt lat="43.22043" lon="11.29146">
        <ele>210.0</ele>
      </trkpt>
      <trkpt lat="43.22036" lon="11.29251">
        <ele>214.0</ele>
      </trkpt>
      <trkpt lat="43.21998" lon="11.29319">
        <ele>218.0</ele>
      </trkpt>
      <trkpt lat="43.2193" lon="11.29371">
        <ele>221.0</ele>
      </trkpt>
      <trkpt lat="43.21844" lon="11.29536">
        <ele>228.0</ele>
      </trkpt>
      <trkpt lat="43.21819" lon="11.29715">
        <ele>236.0</ele>
      </trkpt>
      <trkpt lat="43.21838" lon="11.29771">
        <ele>240.0</ele>
      </trkpt>
      <trkpt lat="43.21837" lon="11.29804">
        <ele>243.0</ele>
      </trkpt>
      <trkpt lat="43.21815" lon="11.29808">
        <ele>246.0</ele>
      </trkpt>
      <trkpt lat="43.21724" lon="11.29737">
        <ele>253.0</ele>
      </trkpt>
      <trkpt lat="43.21684" lon="11.29799">
        <ele>256.0</ele>
      </trkpt>
      <trkpt lat="43.21659" lon="11.29794">
        <ele>257.0</ele>
      </trkpt>
      <trkpt lat="43.21631" lon="11.29763">
        <ele>259.0</ele>
      </trkpt>
      <trkpt lat="43.2161" lon="11.29773">
        <ele>261.0</ele>
      </trkpt>
      <trkpt lat="43.21475" lon="11.29999">
        <ele>276.0</ele>
      </trkpt>
      <trkpt lat="43.21425" lon="11.3013">
        <ele>288.0</ele>
      </trkpt>
      <trkpt lat="43.21437" lon="11.30143">
        <ele>290.0</ele>
      </trkpt>
      <trkpt lat="43.21481" lon="11.30085">
        <ele>295.0</ele>
      </trkpt>
      <trkpt lat="43.2152" lon="11.30078">
        <ele>298.0</ele>
      </trkpt>
      <trkpt lat="43.21536" lon="11.30093">
        <ele>300.0</ele>
      </trkpt>
      <trkpt lat="43.21533" lon="11.30152">
        <ele>303.0</ele>
      </trkpt>
      <trkpt lat="43.21542" lon="11.30173">
        <ele>305.0</ele>
      </trkpt>
      <trkpt lat="43.21596" lon="11.30175">
        <ele>309.0</ele>
      </trkpt>
      <trkpt lat="43.2168" lon="11.30223">
        <ele>315.0</ele>
      </trkpt>
      <trkpt lat="43.21681" lon="11.30249">
        <ele>317.0</ele>
      </trkpt>
      <trkpt lat="43.21663" lon="11.30274">
        <ele>319.0</ele>
      </trkpt>
      <trkpt lat="43.21601" lon="11.30286">
        <ele>322.0</ele>
      </trkpt>
      <trkpt lat="43.21532" lon="11.30327">
        <ele>329.0</ele>
      </trkpt>
      <trkpt lat="43.2151" lon="11.30357">
        <ele>332.0</ele>
      </trkpt>
      <trkpt lat="43.21496" lon="11.30561">
        <ele>342.0</ele>
      </trkpt>
      <trkpt lat="43.21534" lon="11.30701">
        <ele>347.0</ele>
      </trkpt>
      <trkpt lat="43.2154" lon="11.30823">
        <ele>350.0</ele>
      </trkpt>
      <trkpt lat="43.21578" lon="11.31005">
        <ele>354.0</ele>
      </trkpt>
      <trkpt lat="43.21637" lon="11.31062">
        <ele>357.0</ele>
      </trkpt>
      <trkpt lat="43.2178" lon="11.31137">
        <ele>361.0</ele>
      </trkpt>
      <trkpt lat="43.218" lon="11.31195">
        <ele>366.0</ele>
      </trkpt>
      <trkpt lat="43.21798" lon="11.31343">
        <ele>370.0</ele>
      </trkpt>
      <trkpt lat="43.21782" lon="11.31462">
        <ele>370.0</ele>
      </trkpt>
      <trkpt lat="43.21814" lon="11.31645">
        <ele>369.0</ele>
      </trkpt>
      <trkpt lat="43.21761" lon="11.31832">
        <ele>367.0</ele>
      </trkpt>
      <trkpt lat="43.21771" lon="11.32088">
        <ele>368.0</ele>
      </trkpt>
      <trkpt lat="43.21754" lon="11.32131">
        <ele>367.0</ele>
      </trkpt>
      <trkpt lat="43.21727" lon="11.32142">
        <ele>366.0</ele>
      </trkpt>
      <trkpt lat="43.21702" lon="11.32134">
        <ele>365.0</ele>
      </trkpt>
      <trkpt lat="43.21661" lon="11.3209">
        <ele>364.0</ele>
      </trkpt>
      <trkpt lat="43.21639" lon="11.32089">
        <ele>363.0</ele>
      </trkpt>
      <trkpt lat="43.21629" lon="11.32126">
        <ele>361.0</ele>
      </trkpt>
      <trkpt lat="43.21645" lon="11.32205">
        <ele>358.0</ele>
      </trkpt>
      <trkpt lat="43.21706" lon="11.32307">
        <ele>351.0</ele>
      </trkpt>
      <trkpt lat="43.21833" lon="11.32402">
        <ele>338.0</ele>
      </trkpt>
      <trkpt lat="43.21852" lon="11.32445">
        <ele>334.0</ele>
      </trkpt>
      <trkpt lat="43.21914" lon="11.32715">
        <ele>316.0</ele>
      </trkpt>
      <trkpt lat="43.21986" lon="11.32822">
        <ele>308.0</ele>
      </trkpt>
      <trkpt lat="43.22037" lon="11.32934">
        <ele>301.0</ele>
      </trkpt>
      <trkpt lat="43.22229" lon="11.33144">
        <ele>288.0</ele>
      </trkpt>
      <trkpt lat="43.22058" lon="11.33392">
        <ele>278.0</ele>
      </trkpt>
      <trkpt lat="43.22" lon="11.33602">
        <ele>277.0</ele>
      </trkpt>
      <trkpt lat="43.21829" lon="11.33629">
        <ele>277.0</ele>
      </trkpt>
      <trkpt lat="43.21771" lon="11.33588">
        <ele>278.0</ele>
      </trkpt>
      <trkpt lat="43.21696" lon="11.33572">
        <ele>279.0</ele>
      </trkpt>
      <trkpt lat="43.21683" lon="11.33582">
        <ele>280.0</ele>
      </trkpt>
      <trkpt lat="43.21672" lon="11.33697">
        <ele>277.0</ele>
      </trkpt>
      <trkpt lat="43.2164" lon="11.33835">
        <ele>272.0</ele>
      </trkpt>
      <trkpt lat="43.21615" lon="11.34209">
        <ele>271.0</ele>
      </trkpt>
      <trkpt lat="43.21635" lon="11.34339">
        <ele>271.0</ele>
      </trkpt>
      <trkpt lat="43.2169" lon="11.34483">
        <ele>265.0</ele>
      </trkpt>
      <trkpt lat="43.21715" lon="11.34519">
        <ele>262.0</ele>
      </trkpt>
      <trkpt lat="43.2188" lon="11.34652">
        <ele>248.0</ele>
      </trkpt>
      <trkpt lat="43.21908" lon="11.34751">
        <ele>241.0</ele>
      </trkpt>
      <trkpt lat="43.2197" lon="11.34895">
        <ele>231.0</ele>
      </trkpt>
      <trkpt lat="43.21819" lon="11.35098">
        <ele>213.0</ele>
      </trkpt>
      <trkpt lat="43.21744" lon="11.35169">
        <ele>206.0</ele>
      </trkpt>
      <trkpt lat="43.21733" lon="11.35205">
        <ele>209.0</ele>
      </trkpt>
      <trkpt lat="43.21744" lon="11.35313">
        <ele>217.0</ele>
      </trkpt>
      <trkpt lat="43.21651" lon="11.35515">
        <ele>230.0</ele>
      </trkpt>
      <trkpt lat="43.21631" lon="11.35529">
        <ele>233.0</ele>
      </trkpt>
      <trkpt lat="43.21427" lon="11.35553">
        <ele>239.0</ele>
      </trkpt>
      <trkpt lat="43.21367" lon="11.35596">
        <ele>244.0</ele>
      </trkpt>
      <trkpt lat="43.21328" lon="11.35661">
        <ele>248.0</ele>
      </trkpt>
      <trkpt lat="43.21324" lon="11.35707">
        <ele>248.0</ele>
      </trkpt>
      <trkpt lat="43.21353" lon="11.35876">
        <ele>245.0</ele>
      </trkpt>
      <trkpt lat="43.21464" lon="11.35978">
        <ele>246.0</ele>
      </trkpt>
      <trkpt lat="43.2149" lon="11.36033">
        <ele>246.0</ele>
      </trkpt>
      <trkpt lat="43.21466" lon="11.36097">
        <ele>244.0</ele>
      </trkpt>
      <trkpt lat="43.2136" lon="11.36259">
        <ele>231.0</ele>
      </trkpt>
      <trkpt lat="43.21284" lon="11.36506">
        <ele>212.0</ele>
      </trkpt>
      <trkpt lat="43.21294" lon="11.3659">
        <ele>204.0</ele>
      </trkpt>
      <trkpt lat="43.21365" lon="11.36742">
        <ele>198.0</ele>
      </trkpt>
      <trkpt lat="43.21364" lon="11.37135">
        <ele>220.0</ele>
      </trkpt>
      <trkpt lat="43.21342" lon="11.3714">
        <ele>223.0</ele>
      </trkpt>
      <trkpt lat="43.21324" lon="11.37123">
        <ele>223.0</ele>
      </trkpt>
      <trkpt lat="43.21258" lon="11.36993">
        <ele>225.0</ele>
      </trkpt>
      <trkpt lat="43.21196" lon="11.36907">
        <ele>228.0</ele>
      </trkpt>
      <trkpt lat="43.2114" lon="11.36874">
        <ele>230.0</ele>
      </trkpt>
      <trkpt lat="43.20966" lon="11.36824">
        <ele>238.0</ele>
      </trkpt>
      <trkpt lat="43.20723" lon="11.37165">
        <ele>258.0</ele>
      </trkpt>
      <trkpt lat="43.2066" lon="11.37272">
        <ele>264.0</ele>
      </trkpt>
      <trkpt lat="43.20546" lon="11.37366">
        <ele>264.0</ele>
      </trkpt>
      <trkpt lat="43.20393" lon="11.37402">
        <ele>255.0</ele>
      </trkpt>
      <trkpt lat="43.20338" lon="11.37444">
        <ele>255.0</ele>
      </trkpt>
      <trkpt lat="43.20189" lon="11.37487">
        <ele>260.0</ele>
      </trkpt>
      <trkpt lat="43.20101" lon="11.37542">
        <ele>260.0</ele>
      </trkpt>
      <trkpt lat="43.2001" lon="11.37499">
        <ele>258.0</ele>
      </trkpt>
      <trkpt lat="43.19923" lon="11.37614">
        <ele>247.0</ele>
      </trkpt>
      <trkpt lat="43.19831" lon="11.37646">
        <ele>239.0</ele>
      </trkpt>
      <trkpt lat="43.19768" lon="11.3771">
        <ele>237.0</ele>
      </trkpt>
      <trkpt lat="43.19526" lon="11.37862">
        <ele>234.0</ele>
      </trkpt>
      <trkpt lat="43.19488" lon="11.37907">
        <ele>234.0</ele>
      </trkpt>
      <trkpt lat="43.19462" lon="11.37967">
        <ele>233.0</ele>
      </trkpt>
      <trkpt lat="43.19443" lon="11.38111">
        <ele>232.0</ele>
      </trkpt>
      <trkpt lat="43.19363" lon="11.38329">
        <ele>228.0</ele>
      </trkpt>
      <trkpt lat="43.19252" lon="11.38391">
        <ele>226.0</ele>
      </trkpt>
      <trkpt lat="43.19178" lon="11.38398">
        <ele>223.0</ele>
      </trkpt>
      <trkpt lat="43.19107" lon="11.38494">
        <ele>223.0</ele>
      </trkpt>
      <trkpt lat="43.19018" lon="11.38558">
        <ele>224.0</ele>
      </trkpt>
      <trkpt lat="43.18864" lon="11.38595">
        <ele>220.0</ele>
      </trkpt>
      <trkpt lat="43.18734" lon="11.38523">
        <ele>232.0</ele>
      </trkpt>
      <trkpt lat="43.1855" lon="11.3854">
        <ele>253.0</ele>
      </trkpt>
      <trkpt lat="43.18416" lon="11.38394">
        <ele>269.0</ele>
      </trkpt>
      <trkpt lat="43.18083" lon="11.38266">
        <ele>266.0</ele>
      </trkpt>
      <trkpt lat="43.18011" lon="11.38335">
        <ele>266.0</ele>
      </trkpt>
      <trkpt lat="43.1788" lon="11.3841">
        <ele>271.0</ele>
      </trkpt>
      <trkpt lat="43.17753" lon="11.38538">
        <ele>272.0</ele>
      </trkpt>
      <trkpt lat="43.17727" lon="11.38574">
        <ele>272.0</ele>
      </trkpt>
      <trkpt lat="43.17642" lon="11.38774">
        <ele>272.0</ele>
      </trkpt>
      <trkpt lat="43.17612" lon="11.38814">
        <ele>273.0</ele>
      </trkpt>
      <trkpt lat="43.17409" lon="11.38914">
        <ele>276.0</ele>
      </trkpt>
      <trkpt lat="43.17299" lon="11.39065">
        <ele>287.0</ele>
      </trkpt>
      <trkpt lat="43.17195" lon="11.39119">
        <ele>291.0</ele>
      </trkpt>
      <trkpt lat="43.17113" lon="11.39129">
        <ele>300.0</ele>
      </trkpt>
      <trkpt lat="43.16927" lon="11.39007">
        <ele>294.0</ele>
      </trkpt>
      <trkpt lat="43.16701" lon="11.38986">
        <ele>275.0</ele>
      </trkpt>
      <trkpt lat="43.16666" lon="11.39002">
        <ele>273.0</ele>
      </trkpt>
      <trkpt lat="43.16629" lon="11.39051">
        <ele>273.0</ele>
      </trkpt>
      <trkpt lat="43.16586" lon="11.3908">
        <ele>273.0</ele>
      </trkpt>
      <trkpt lat="43.16187" lon="11.3918">
        <ele>280.0</ele>
      </trkpt>
      <trkpt lat="43.16143" lon="11.39288">
        <ele>281.0</ele>
      </trkpt>
      <trkpt lat="43.15961" lon="11.39384">
        <ele>275.0</ele>
      </trkpt>
      <trkpt lat="43.15917" lon="11.3943">
        <ele>275.0</ele>
      </trkpt>
      <trkpt lat="43.15881" lon="11.39494">
        <ele>274.0</ele>
      </trkpt>
      <trkpt lat="43.1587" lon="11.39559">
        <ele>274.0</ele>
      </trkpt>
      <trkpt lat="43.15867" lon="11.39756">
        <ele>275.0</ele>
      </trkpt>
      <trkpt lat="43.15893" lon="11.39902">
        <ele>278.0</ele>
      </trkpt>
      <trkpt lat="43.15886" lon="11.3995">
        <ele>280.0</ele>
      </trkpt>
      <trkpt lat="43.15869" lon="11.39964">
        <ele>280.0</ele>
      </trkpt>
      <trkpt lat="43.15807" lon="11.39965">
        <ele>283.0</ele>
      </trkpt>
      <trkpt lat="43.15729" lon="11.40019">
        <ele>288.0</ele>
      </trkpt>
      <trkpt lat="43.15655" lon="11.39999">
        <ele>293.0</ele>
      </trkpt>
      <trkpt lat="43.15633" lon="11.40013">
        <ele>293.0</ele>
      </trkpt>
      <trkpt lat="43.15629" lon="11.40041">
        <ele>292.0</ele>
      </trkpt>
      <trkpt lat="43.15669" lon="11.40142">
        <ele>289.0</ele>
      </trkpt>
      <trkpt lat="43.15671" lon="11.40178">
        <ele>287.0</ele>
      </trkpt>
      <trkpt lat="43.15639" lon="11.40415">
        <ele>281.0</ele>
      </trkpt>
      <trkpt lat="43.15614" lon="11.40458">
        <ele>279.0</ele>
      </trkpt>
      <trkpt lat="43.15579" lon="11.40486">
        <ele>279.0</ele>
      </trkpt>
      <trkpt lat="43.15462" lon="11.40523">
        <ele>281.0</ele>
      </trkpt>
      <trkpt lat="43.15403" lon="11.40563">
        <ele>283.0</ele>
      </trkpt>
      <trkpt lat="43.15333" lon="11.40577">
        <ele>284.0</ele>
      </trkpt>
      <trkpt lat="43.15228" lon="11.40657">
        <ele>284.0</ele>
      </trkpt>
      <trkpt lat="43.15071" lon="11.40681">
        <ele>284.0</ele>
      </trkpt>
      <trkpt lat="43.15023" lon="11.40668">
        <ele>284.0</ele>
      </trkpt>
      <trkpt lat="43.14987" lon="11.40626">
        <ele>285.0</ele>
      </trkpt>
      <trkpt lat="43.14963" lon="11.4062">
        <ele>285.0</ele>
      </trkpt>
      <trkpt lat="43.14918" lon="11.40666">
        <ele>285.0</ele>
      </trkpt>
      <trkpt lat="43.1484" lon="11.40702">
        <ele>283.0</ele>
      </trkpt>
      <trkpt lat="43.14794" lon="11.40808">
        <ele>280.0</ele>
      </trkpt>
      <trkpt lat="43.14762" lon="11.41018">
        <ele>270.0</ele>
      </trkpt>
      <trkpt lat="43.14736" lon="11.41055">
        <ele>267.0</ele>
      </trkpt>
      <trkpt lat="43.14676" lon="11.41098">
        <ele>263.0</ele>
      </trkpt>
      <trkpt lat="43.14626" lon="11.41177">
        <ele>259.0</ele>
      </trkpt>
      <trkpt lat="43.14601" lon="11.41227">
        <ele>255.0</ele>
      </trkpt>
      <trkpt lat="43.14575" lon="11.41329">
        <ele>250.0</ele>
      </trkpt>
      <trkpt lat="43.14523" lon="11.41423">
        <ele>244.0</ele>
      </trkpt>
      <trkpt lat="43.14523" lon="11.41459">
        <ele>243.0</ele>
      </trkpt>
      <trkpt lat="43.14572" lon="11.41549">
        <ele>239.0</ele>
      </trkpt>
      <trkpt lat="43.14579" lon="11.41606">
        <ele>237.0</ele>
      </trkpt>
      <trkpt lat="43.14567" lon="11.41713">
        <ele>231.0</ele>
      </trkpt>
      <trkpt lat="43.14537" lon="11.41822">
        <ele>223.0</ele>
      </trkpt>
      <trkpt lat="43.14533" lon="11.41922">
        <ele>217.0</ele>
      </trkpt>
      <trkpt lat="43.14515" lon="11.42006">
        <ele>213.0</ele>
      </trkpt>
      <trkpt lat="43.14515" lon="11.421">
        <ele>208.0</ele>
      </trkpt>
      <trkpt lat="43.14494" lon="11.42149">
        <ele>205.0</ele>
      </trkpt>
      <trkpt lat="43.1441" lon="11.42183">
        <ele>202.0</ele>
      </trkpt>
      <trkpt lat="43.1425" lon="11.42141">
        <ele>196.0</ele>
      </trkpt>
      <trkpt lat="43.14151" lon="11.42167">
        <ele>191.0</ele>
      </trkpt>
      <trkpt lat="43.14031" lon="11.42075">
        <ele>196.0</ele>
      </trkpt>
      <trkpt lat="43.13947" lon="11.42083">
        <ele>199.0</ele>
      </trkpt>
      <trkpt lat="43.13832" lon="11.4214">
        <ele>205.0</ele>
      </trkpt>
      <trkpt lat="43.13759" lon="11.42244">
        <ele>208.0</ele>
      </trkpt>
      <trkpt lat="43.1367" lon="11.42283">
        <ele>210.0</ele>
      </trkpt>
      <trkpt lat="43.13599" lon="11.42408">
        <ele>219.0</ele>
      </trkpt>
      <trkpt lat="43.13385" lon="11.42632">
        <ele>243.0</ele>
      </trkpt>
      <trkpt lat="43.13342" lon="11.4265">
        <ele>249.0</ele>
      </trkpt>
      <trkpt lat="43.13117" lon="11.42666">
        <ele>249.0</ele>
      </trkpt>
      <trkpt lat="43.12974" lon="11.42828">
        <ele>247.0</ele>
      </trkpt>
      <trkpt lat="43.1294" lon="11.42899">
        <ele>248.0</ele>
      </trkpt>
      <trkpt lat="43.12888" lon="11.43083">
        <ele>252.0</ele>
      </trkpt>
      <trkpt lat="43.12859" lon="11.43249">
        <ele>257.0</ele>
      </trkpt>
      <trkpt lat="43.1288" lon="11.43401">
        <ele>257.0</ele>
      </trkpt>
      <trkpt lat="43.12974" lon="11.43582">
        <ele>252.0</ele>
      </trkpt>
      <trkpt lat="43.12993" lon="11.43647">
        <ele>249.0</ele>
      </trkpt>
      <trkpt lat="43.13012" lon="11.44172">
        <ele>253.0</ele>
      </trkpt>
      <trkpt lat="43.12992" lon="11.44223">
        <ele>253.0</ele>
      </trkpt>
      <trkpt lat="43.12905" lon="11.44333">
        <ele>251.0</ele>
      </trkpt>
      <trkpt lat="43.12723" lon="11.44515">
        <ele>242.0</ele>
      </trkpt>
      <trkpt lat="43.12674" lon="11.44649">
        <ele>238.0</ele>
      </trkpt>
      <trkpt lat="43.12483" lon="11.44855">
        <ele>238.0</ele>
      </trkpt>
      <trkpt lat="43.12481" lon="11.44881">
        <ele>238.0</ele>
      </trkpt>
      <trkpt lat="43.12575" lon="11.44918">
        <ele>236.0</ele>
      </trkpt>
      <trkpt lat="43.12611" lon="11.44953">
        <ele>235.0</ele>
      </trkpt>
      <trkpt lat="43.12665" lon="11.45127">
        <ele>230.0</ele>
      </trkpt>
      <trkpt lat="43.12679" lon="11.45402">
        <ele>210.0</ele>
      </trkpt>
      <trkpt lat="43.12697" lon="11.45457">
        <ele>205.0</ele>
      </trkpt>
      <trkpt lat="43.1272" lon="11.4549">
        <ele>199.0</ele>
      </trkpt>
      <trkpt lat="43.12837" lon="11.45549">
        <ele>179.0</ele>
      </trkpt>
      <trkpt lat="43.1286" lon="11.45576">
        <ele>172.0</ele>
      </trkpt>
      <trkpt lat="43.13" lon="11.45824">
        <ele>162.0</ele>
      </trkpt>
      <trkpt lat="43.13049" lon="11.46062">
        <ele>145.0</ele>
      </trkpt>
      <trkpt lat="43.131" lon="11.46086">
        <ele>144.0</ele>
      </trkpt>
      <trkpt lat="43.1314" lon="11.46148">
        <ele>146.0</ele>
      </trkpt>
      <trkpt lat="43.13192" lon="11.46165">
        <ele>147.0</ele>
      </trkpt>
      <trkpt lat="43.13295" lon="11.46392">
        <ele>147.0</ele>
      </trkpt>
      <trkpt lat="43.1351" lon="11.47522">
        <ele>139.0</ele>
      </trkpt>
      <trkpt lat="43.13668" lon="11.48192">
        <ele>146.0</ele>
      </trkpt>
      <trkpt lat="43.11935" lon="11.48351">
        <ele>142.0</ele>
      </trkpt>
      <trkpt lat="43.11902" lon="11.48331">
        <ele>142.0</ele>
      </trkpt>
      <trkpt lat="43.11884" lon="11.48245">
        <ele>143.0</ele>
      </trkpt>
      <trkpt lat="43.11855" lon="11.48199">
        <ele>144.0</ele>
      </trkpt>
      <trkpt lat="43.1152" lon="11.4805">
        <ele>160.0</ele>
      </trkpt>
      <trkpt lat="43.11305" lon="11.48011">
        <ele>160.0</ele>
      </trkpt>
      <trkpt lat="43.11123" lon="11.47945">
        <ele>153.0</ele>
      </trkpt>
      <trkpt lat="43.10831" lon="11.47923">
        <ele>145.0</ele>
      </trkpt>
      <trkpt lat="43.10455" lon="11.47936">
        <ele>145.0</ele>
      </trkpt>
      <trkpt lat="43.10342" lon="11.47952">
        <ele>148.0</ele>
      </trkpt>
      <trkpt lat="43.10213" lon="11.48053">
        <ele>146.0</ele>
      </trkpt>
      <trkpt lat="43.0999" lon="11.48324">
        <ele>146.0</ele>
      </trkpt>
      <trkpt lat="43.09888" lon="11.48337">
        <ele>146.0</ele>
      </trkpt>
      <trkpt lat="43.09786" lon="11.48381">
        <ele>146.0</ele>
      </trkpt>
      <trkpt lat="43.09609" lon="11.48525">
        <ele>150.0</ele>
      </trkpt>
      <trkpt lat="43.09417" lon="11.48603">
        <ele>152.0</ele>
      </trkpt>
      <trkpt lat="43.08898" lon="11.48675">
        <ele>158.0</ele>
      </trkpt>
      <trkpt lat="43.08843" lon="11.48649">
        <ele>159.0</ele>
      </trkpt>
      <trkpt lat="43.08711" lon="11.48437">
        <ele>164.0</ele>
      </trkpt>
      <trkpt lat="43.08662" lon="11.48397">
        <ele>168.0</ele>
      </trkpt>
      <trkpt lat="43.08382" lon="11.48413">
        <ele>185.0</ele>
      </trkpt>
      <trkpt lat="43.08267" lon="11.48461">
        <ele>196.0</ele>
      </trkpt>
      <trkpt lat="43.08136" lon="11.48429">
        <ele>206.0</ele>
      </trkpt>
      <trkpt lat="43.08115" lon="11.48453">
        <ele>208.0</ele>
      </trkpt>
      <trkpt lat="43.08092" lon="11.48573">
        <ele>214.0</ele>
      </trkpt>
      <trkpt lat="43.08029" lon="11.4866">
        <ele>220.0</ele>
      </trkpt>
      <trkpt lat="43.0799" lon="11.48747">
        <ele>224.0</ele>
      </trkpt>
      <trkpt lat="43.07856" lon="11.48853">
        <ele>233.0</ele>
      </trkpt>
      <trkpt lat="43.07839" lon="11.48882">
        <ele>233.0</ele>
      </trkpt>
      <trkpt lat="43.07852" lon="11.49016">
        <ele>236.0</ele>
      </trkpt>
      <trkpt lat="43.07791" lon="11.49256">
        <ele>247.0</ele>
      </trkpt>
      <trkpt lat="43.07682" lon="11.49332">
        <ele>250.0</ele>
      </trkpt>
      <trkpt lat="43.07554" lon="11.49464">
        <ele>254.0</ele>
      </trkpt>
      <trkpt lat="43.07406" lon="11.49588">
        <ele>260.0</ele>
      </trkpt>
      <trkpt lat="43.07266" lon="11.4966">
        <ele>273.0</ele>
      </trkpt>
      <trkpt lat="43.07005" lon="11.49853">
        <ele>283.0</ele>
      </trkpt>
      <trkpt lat="43.06782" lon="11.49923">
        <ele>296.0</ele>
      </trkpt>
      <trkpt lat="43.06672" lon="11.49992">
        <ele>306.0</ele>
      </trkpt>
      <trkpt lat="43.06598" lon="11.5002">
        <ele>310.0</ele>
      </trkpt>
      <trkpt lat="43.0652" lon="11.50148">
        <ele>317.0</ele>
      </trkpt>
      <trkpt lat="43.0649" lon="11.5017">
        <ele>319.0</ele>
      </trkpt>
      <trkpt lat="43.06451" lon="11.50171">
        <ele>321.0</ele>
      </trkpt>
      <trkpt lat="43.06309" lon="11.501">
        <ele>328.0</ele>
      </trkpt>
      <trkpt lat="43.06278" lon="11.50098">
        <ele>330.0</ele>
      </trkpt>
      <trkpt lat="43.06167" lon="11.50191">
        <ele>337.0</ele>
      </trkpt>
      <trkpt lat="43.06086" lon="11.5022">
        <ele>341.0</ele>
      </trkpt>
      <trkpt lat="43.06047" lon="11.5028">
        <ele>343.0</ele>
      </trkpt>
      <trkpt lat="43.06003" lon="11.50305">
        <ele>344.0</ele>
      </trkpt>
      <trkpt lat="43.05927" lon="11.5029">
        <ele>353.0</ele>
      </trkpt>
      <trkpt lat="43.05846" lon="11.50203">
        <ele>363.0</ele>
      </trkpt>
      <trkpt lat="43.05791" lon="11.50216">
        <ele>367.0</ele>
      </trkpt>
      <trkpt lat="43.05764" lon="11.50331">
        <ele>370.0</ele>
      </trkpt>
      <trkpt lat="43.05632" lon="11.50406">
        <ele>379.0</ele>
      </trkpt>
      <trkpt lat="43.05579" lon="11.505">
        <ele>386.0</ele>
      </trkpt>
      <trkpt lat="43.05548" lon="11.50616">
        <ele>390.0</ele>
      </trkpt>
      <trkpt lat="43.05592" lon="11.50725">
        <ele>394.0</ele>
      </trkpt>
      <trkpt lat="43.0559" lon="11.50815">
        <ele>399.0</ele>
      </trkpt>
      <trkpt lat="43.05528" lon="11.50904">
        <ele>406.0</ele>
      </trkpt>
      <trkpt lat="43.05483" lon="11.51013">
        <ele>413.0</ele>
      </trkpt>
      <trkpt lat="43.05442" lon="11.51052">
        <ele>417.0</ele>
      </trkpt>
      <trkpt lat="43.05377" lon="11.51052">
        <ele>422.0</ele>
      </trkpt>
      <trkpt lat="43.05321" lon="11.50981">
        <ele>425.0</ele>
      </trkpt>
      <trkpt lat="43.05298" lon="11.50843">
        <ele>430.0</ele>
      </trkpt>
      <trkpt lat="43.05327" lon="11.50571">
        <ele>449.0</ele>
      </trkpt>
      <trkpt lat="43.05302" lon="11.50522">
        <ele>451.0</ele>
      </trkpt>
      <trkpt lat="43.05227" lon="11.50488">
        <ele>453.0</ele>
      </trkpt>
      <trkpt lat="43.05182" lon="11.50664">
        <ele>453.0</ele>
      </trkpt>
      <trkpt lat="43.05185" lon="11.50774">
        <ele>453.0</ele>
      </trkpt>
      <trkpt lat="43.05175" lon="11.50811">
        <ele>450.0</ele>
      </trkpt>
      <trkpt lat="43.0511" lon="11.50907">
        <ele>441.0</ele>
      </trkpt>
      <trkpt lat="43.04966" lon="11.51059">
        <ele>423.0</ele>
      </trkpt>
      <trkpt lat="43.04925" lon="11.51128">
        <ele>417.0</ele>
      </trkpt>
      <trkpt lat="43.04873" lon="11.51292">
        <ele>410.0</ele>
      </trkpt>
      <trkpt lat="43.04892" lon="11.51368">
        <ele>407.0</ele>
      </trkpt>
      <trkpt lat="43.04876" lon="11.51486">
        <ele>401.0</ele>
      </trkpt>
      <trkpt lat="43.0489" lon="11.51515">
        <ele>399.0</ele>
      </trkpt>
      <trkpt lat="43.04955" lon="11.51537">
        <ele>395.0</ele>
      </trkpt>
      <trkpt lat="43.04981" lon="11.51573">
        <ele>391.0</ele>
      </trkpt>
      <trkpt lat="43.04979" lon="11.51741">
        <ele>380.0</ele>
      </trkpt>
      <trkpt lat="43.05014" lon="11.51893">
        <ele>372.0</ele>
      </trkpt>
      <trkpt lat="43.05141" lon="11.51986">
        <ele>361.0</ele>
      </trkpt>
      <trkpt lat="43.05401" lon="11.52073">
        <ele>347.0</ele>
      </trkpt>
      <trkpt lat="43.05433" lon="11.52075">
        <ele>335.0</ele>
      </trkpt>
      <trkpt lat="43.05507" lon="11.52041">
        <ele>330.0</ele>
      </trkpt>
      <trkpt lat="43.05644" lon="11.52051">
        <ele>322.0</ele>
      </trkpt>
      <trkpt lat="43.05683" lon="11.52095">
        <ele>319.0</ele>
      </trkpt>
      <trkpt lat="43.05727" lon="11.52288">
        <ele>314.0</ele>
      </trkpt>
      <trkpt lat="43.05758" lon="11.52327">
        <ele>311.0</ele>
      </trkpt>
      <trkpt lat="43.05803" lon="11.52307">
        <ele>309.0</ele>
      </trkpt>
      <trkpt lat="43.05885" lon="11.52159">
        <ele>306.0</ele>
      </trkpt>
      <trkpt lat="43.0592" lon="11.52127">
        <ele>301.0</ele>
      </trkpt>
      <trkpt lat="43.05955" lon="11.52138">
        <ele>298.0</ele>
      </trkpt>
      <trkpt lat="43.0611" lon="11.52287">
        <ele>287.0</ele>
      </trkpt>
      <trkpt lat="43.0621" lon="11.52473">
        <ele>283.0</ele>
      </trkpt>
      <trkpt lat="43.06243" lon="11.52628">
        <ele>281.0</ele>
      </trkpt>
      <trkpt lat="43.06347" lon="11.52808">
        <ele>274.0</ele>
      </trkpt>
      <trkpt lat="43.0637" lon="11.52954">
        <ele>270.0</ele>
      </trkpt>
      <trkpt lat="43.06407" lon="11.53041">
        <ele>267.0</ele>
      </trkpt>
      <trkpt lat="43.06513" lon="11.53157">
        <ele>261.0</ele>
      </trkpt>
      <trkpt lat="43.06511" lon="11.53319">
        <ele>256.0</ele>
      </trkpt>
      <trkpt lat="43.06684" lon="11.53935">
        <ele>242.0</ele>
      </trkpt>
      <trkpt lat="43.06684" lon="11.54018">
        <ele>241.0</ele>
      </trkpt>
      <trkpt lat="43.06588" lon="11.54407">
        <ele>240.0</ele>
      </trkpt>
      <trkpt lat="43.06621" lon="11.54724">
        <ele>239.0</ele>
      </trkpt>
      <trkpt lat="43.06656" lon="11.54805">
        <ele>239.0</ele>
      </trkpt>
      <trkpt lat="43.06701" lon="11.54824">
        <ele>239.0</ele>
      </trkpt>
      <trkpt lat="43.0687" lon="11.54791">
        <ele>240.0</ele>
      </trkpt>
      <trkpt lat="43.06934" lon="11.54712">
        <ele>242.0</ele>
      </trkpt>
      <trkpt lat="43.06961" lon="11.54697">
        <ele>242.0</ele>
      </trkpt>
      <trkpt lat="43.07056" lon="11.54691">
        <ele>242.0</ele>
      </trkpt>
      <trkpt lat="43.07308" lon="11.54753">
        <ele>245.0</ele>
      </trkpt>
      <trkpt lat="43.0778" lon="11.54655">
        <ele>245.0</ele>
      </trkpt>
      <trkpt lat="43.07981" lon="11.54709">
        <ele>244.0</ele>
      </trkpt>
      <trkpt lat="43.08045" lon="11.54772">
        <ele>246.0</ele>
      </trkpt>
      <trkpt lat="43.08124" lon="11.54816">
        <ele>248.0</ele>
      </trkpt>
      <trkpt lat="43.08247" lon="11.54839">
        <ele>249.0</ele>
      </trkpt>
      <trkpt lat="43.08469" lon="11.54837">
        <ele>250.0</ele>
      </trkpt>
      <trkpt lat="43.08595" lon="11.54934">
        <ele>257.0</ele>
      </trkpt>
      <trkpt lat="43.08398" lon="11.55261">
        <ele>243.0</ele>
      </trkpt>
      <trkpt lat="43.08348" lon="11.55564">
        <ele>252.0</ele>
      </trkpt>
      <trkpt lat="43.08356" lon="11.55609">
        <ele>257.0</ele>
      </trkpt>
      <trkpt lat="43.08418" lon="11.55647">
        <ele>261.0</ele>
      </trkpt>
      <trkpt lat="43.08451" lon="11.55692">
        <ele>265.0</ele>
      </trkpt>
      <trkpt lat="43.08459" lon="11.55762">
        <ele>268.0</ele>
      </trkpt>
      <trkpt lat="43.08436" lon="11.55883">
        <ele>274.0</ele>
      </trkpt>
      <trkpt lat="43.08442" lon="11.55911">
        <ele>276.0</ele>
      </trkpt>
      <trkpt lat="43.0848" lon="11.55934">
        <ele>279.0</ele>
      </trkpt>
      <trkpt lat="43.08478" lon="11.55994">
        <ele>282.0</ele>
      </trkpt>
      <trkpt lat="43.08512" lon="11.5605">
        <ele>287.0</ele>
      </trkpt>
      <trkpt lat="43.0848" lon="11.56113">
        <ele>293.0</ele>
      </trkpt>
      <trkpt lat="43.08511" lon="11.56214">
        <ele>299.0</ele>
      </trkpt>
      <trkpt lat="43.08508" lon="11.56252">
        <ele>300.0</ele>
      </trkpt>
      <trkpt lat="43.08485" lon="11.56282">
        <ele>301.0</ele>
      </trkpt>
      <trkpt lat="43.08388" lon="11.563">
        <ele>302.0</ele>
      </trkpt>
      <trkpt lat="43.08349" lon="11.56343">
        <ele>303.0</ele>
      </trkpt>
      <trkpt lat="43.0827" lon="11.56529">
        <ele>308.0</ele>
      </trkpt>
      <trkpt lat="43.08177" lon="11.56678">
        <ele>322.0</ele>
      </trkpt>
      <trkpt lat="43.08147" lon="11.56868">
        <ele>329.0</ele>
      </trkpt>
      <trkpt lat="43.08101" lon="11.56993">
        <ele>331.0</ele>
      </trkpt>
      <trkpt lat="43.08073" lon="11.57025">
        <ele>334.0</ele>
      </trkpt>
      <trkpt lat="43.07976" lon="11.57058">
        <ele>338.0</ele>
      </trkpt>
      <trkpt lat="43.0797" lon="11.57077">
        <ele>340.0</ele>
      </trkpt>
      <trkpt lat="43.08083" lon="11.57135">
        <ele>345.0</ele>
      </trkpt>
      <trkpt lat="43.08177" lon="11.57219">
        <ele>352.0</ele>
      </trkpt>
      <trkpt lat="43.08359" lon="11.57643">
        <ele>354.0</ele>
      </trkpt>
      <trkpt lat="43.08423" lon="11.57907">
        <ele>361.0</ele>
      </trkpt>
      <trkpt lat="43.08487" lon="11.58023">
        <ele>367.0</ele>
      </trkpt>
      <trkpt lat="43.08525" lon="11.58154">
        <ele>370.0</ele>
      </trkpt>
      <trkpt lat="43.08581" lon="11.5825">
        <ele>371.0</ele>
      </trkpt>
      <trkpt lat="43.08658" lon="11.58329">
        <ele>369.0</ele>
      </trkpt>
      <trkpt lat="43.08989" lon="11.58592">
        <ele>364.0</ele>
      </trkpt>
      <trkpt lat="43.09094" lon="11.58767">
        <ele>365.0</ele>
      </trkpt>
      <trkpt lat="43.09257" lon="11.58872">
        <ele>360.0</ele>
      </trkpt>
      <trkpt lat="43.09297" lon="11.58915">
        <ele>357.0</ele>
      </trkpt>
      <trkpt lat="43.09358" lon="11.59029">
        <ele>353.0</ele>
      </trkpt>
      <trkpt lat="43.09435" lon="11.59104">
        <ele>351.0</ele>
      </trkpt>
      <trkpt lat="43.09583" lon="11.59474">
        <ele>350.0</ele>
      </trkpt>
      <trkpt lat="43.09637" lon="11.59532">
        <ele>351.0</ele>
      </trkpt>
      <trkpt lat="43.09685" lon="11.5971">
        <ele>355.0</ele>
      </trkpt>
      <trkpt lat="43.09726" lon="11.59744">
        <ele>358.0</ele>
      </trkpt>
      <trkpt lat="43.09804" lon="11.59854">
        <ele>361.0</ele>
      </trkpt>
      <trkpt lat="43.09838" lon="11.59845">
        <ele>365.0</ele>
      </trkpt>
      <trkpt lat="43.09871" lon="11.59746">
        <ele>363.0</ele>
      </trkpt>
      <trkpt lat="43.09894" lon="11.5974">
        <ele>361.0</ele>
      </trkpt>
      <trkpt lat="43.10024" lon="11.59914">
        <ele>352.0</ele>
      </trkpt>
      <trkpt lat="43.10064" lon="11.59926">
        <ele>349.0</ele>
      </trkpt>
      <trkpt lat="43.1013" lon="11.59919">
        <ele>350.0</ele>
      </trkpt>
      <trkpt lat="43.10174" lon="11.59951">
        <ele>352.0</ele>
      </trkpt>
      <trkpt lat="43.10263" lon="11.60107">
        <ele>359.0</ele>
      </trkpt>
      <trkpt lat="43.10332" lon="11.60046">
        <ele>362.0</ele>
      </trkpt>
      <trkpt lat="43.10525" lon="11.60074">
        <ele>365.0</ele>
      </trkpt>
      <trkpt lat="43.10629" lon="11.60029">
        <ele>374.0</ele>
      </trkpt>
      <trkpt lat="43.1077" lon="11.60121">
        <ele>382.0</ele>
      </trkpt>
      <trkpt lat="43.10798" lon="11.60158">
        <ele>386.0</ele>
      </trkpt>
      <trkpt lat="43.10807" lon="11.60194">
        <ele>386.0</ele>
      </trkpt>
      <trkpt lat="43.10783" lon="11.60337">
        <ele>379.0</ele>
      </trkpt>
      <trkpt lat="43.1082" lon="11.6045">
        <ele>374.0</ele>
      </trkpt>
      <trkpt lat="43.11051" lon="11.60671">
        <ele>370.0</ele>
      </trkpt>
      <trkpt lat="43.11091" lon="11.60688">
        <ele>370.0</ele>
      </trkpt>
      <trkpt lat="43.11194" lon="11.60778">
        <ele>372.0</ele>
      </trkpt>
      <trkpt lat="43.1128" lon="11.60869">
        <ele>371.0</ele>
      </trkpt>
      <trkpt lat="43.11379" lon="11.6108">
        <ele>369.0</ele>
      </trkpt>
      <trkpt lat="43.11457" lon="11.61193">
        <ele>373.0</ele>
      </trkpt>
      <trkpt lat="43.11484" lon="11.61286">
        <ele>374.0</ele>
      </trkpt>
      <trkpt lat="43.11595" lon="11.61436">
        <ele>374.0</ele>
      </trkpt>
      <trkpt lat="43.11607" lon="11.61477">
        <ele>375.0</ele>
      </trkpt>
      <trkpt lat="43.11606" lon="11.61585">
        <ele>378.0</ele>
      </trkpt>
      <trkpt lat="43.11513" lon="11.61849">
        <ele>387.0</ele>
      </trkpt>
      <trkpt lat="43.11564" lon="11.61862">
        <ele>386.0</ele>
      </trkpt>
      <trkpt lat="43.11677" lon="11.61846">
        <ele>380.0</ele>
      </trkpt>
      <trkpt lat="43.12075" lon="11.61872">
        <ele>377.0</ele>
      </trkpt>
      <trkpt lat="43.12243" lon="11.61699">
        <ele>381.0</ele>
      </trkpt>
      <trkpt lat="43.12351" lon="11.615">
        <ele>379.0</ele>
      </trkpt>
      <trkpt lat="43.12389" lon="11.61452">
        <ele>380.0</ele>
      </trkpt>
      <trkpt lat="43.12486" lon="11.61423">
        <ele>383.0</ele>
      </trkpt>
      <trkpt lat="43.12575" lon="11.61455">
        <ele>382.0</ele>
      </trkpt>
      <trkpt lat="43.12715" lon="11.61439">
        <ele>378.0</ele>
      </trkpt>
      <trkpt lat="43.12788" lon="11.61354">
        <ele>373.0</ele>
      </trkpt>
      <trkpt lat="43.12878" lon="11.6128">
        <ele>366.0</ele>
      </trkpt>
      <trkpt lat="43.12887" lon="11.61059">
        <ele>366.0</ele>
      </trkpt>
      <trkpt lat="43.1287" lon="11.60972">
        <ele>367.0</ele>
      </trkpt>
      <trkpt lat="43.1282" lon="11.60849">
        <ele>370.0</ele>
      </trkpt>
      <trkpt lat="43.12774" lon="11.60774">
        <ele>372.0</ele>
      </trkpt>
      <trkpt lat="43.1272" lon="11.60585">
        <ele>368.0</ele>
      </trkpt>
      <trkpt lat="43.12642" lon="11.60497">
        <ele>365.0</ele>
      </trkpt>
      <trkpt lat="43.12401" lon="11.59914">
        <ele>369.0</ele>
      </trkpt>
      <trkpt lat="43.12433" lon="11.59805">
        <ele>369.0</ele>
      </trkpt>
      <trkpt lat="43.12448" lon="11.59585">
        <ele>368.0</ele>
      </trkpt>
      <trkpt lat="43.12407" lon="11.59422">
        <ele>369.0</ele>
      </trkpt>
      <trkpt lat="43.12411" lon="11.59322">
        <ele>369.0</ele>
      </trkpt>
      <trkpt lat="43.12588" lon="11.59246">
        <ele>365.0</ele>
      </trkpt>
      <trkpt lat="43.12616" lon="11.59214">
        <ele>362.0</ele>
      </trkpt>
      <trkpt lat="43.12644" lon="11.59139">
        <ele>358.0</ele>
      </trkpt>
      <trkpt lat="43.12627" lon="11.59058">
        <ele>355.0</ele>
      </trkpt>
      <trkpt lat="43.12632" lon="11.59009">
        <ele>352.0</ele>
      </trkpt>
      <trkpt lat="43.12782" lon="11.58787">
        <ele>336.0</ele>
      </trkpt>
      <trkpt lat="43.1282" lon="11.58597">
        <ele>329.0</ele>
      </trkpt>
      <trkpt lat="43.12835" lon="11.58434">
        <ele>316.0</ele>
      </trkpt>
      <trkpt lat="43.12857" lon="11.58392">
        <ele>310.0</ele>
      </trkpt>
      <trkpt lat="43.12912" lon="11.58346">
        <ele>299.0</ele>
      </trkpt>
      <trkpt lat="43.12967" lon="11.57999">
        <ele>271.0</ele>
      </trkpt>
      <trkpt lat="43.13022" lon="11.57857">
        <ele>264.0</ele>
      </trkpt>
      <trkpt lat="43.13016" lon="11.57795">
        <ele>261.0</ele>
      </trkpt>
      <trkpt lat="43.12982" lon="11.57738">
        <ele>258.0</ele>
      </trkpt>
      <trkpt lat="43.12931" lon="11.5773">
        <ele>257.0</ele>
      </trkpt>
      <trkpt lat="43.12913" lon="11.57711">
        <ele>255.0</ele>
      </trkpt>
      <trkpt lat="43.12918" lon="11.57507">
        <ele>256.0</ele>
      </trkpt>
      <trkpt lat="43.12959" lon="11.5748">
        <ele>258.0</ele>
      </trkpt>
      <trkpt lat="43.13448" lon="11.57621">
        <ele>264.0</ele>
      </trkpt>
      <trkpt lat="43.13511" lon="11.57654">
        <ele>265.0</ele>
      </trkpt>
      <trkpt lat="43.13759" lon="11.57877">
        <ele>265.0</ele>
      </trkpt>
      <trkpt lat="43.13875" lon="11.57658">
        <ele>281.0</ele>
      </trkpt>
      <trkpt lat="43.13872" lon="11.57555">
        <ele>288.0</ele>
      </trkpt>
      <trkpt lat="43.138" lon="11.57444">
        <ele>297.0</ele>
      </trkpt>
      <trkpt lat="43.13795" lon="11.57213">
        <ele>301.0</ele>
      </trkpt>
      <trkpt lat="43.13853" lon="11.57167">
        <ele>302.0</ele>
      </trkpt>
      <trkpt lat="43.1387" lon="11.57104">
        <ele>303.0</ele>
      </trkpt>
      <trkpt lat="43.13843" lon="11.57035">
        <ele>305.0</ele>
      </trkpt>
      <trkpt lat="43.13847" lon="11.56888">
        <ele>304.0</ele>
      </trkpt>
      <trkpt lat="43.13786" lon="11.56784">
        <ele>301.0</ele>
      </trkpt>
      <trkpt lat="43.13792" lon="11.56704">
        <ele>300.0</ele>
      </trkpt>
      <trkpt lat="43.13772" lon="11.56498">
        <ele>293.0</ele>
      </trkpt>
      <trkpt lat="43.13742" lon="11.56438">
        <ele>290.0</ele>
      </trkpt>
      <trkpt lat="43.13711" lon="11.5644">
        <ele>286.0</ele>
      </trkpt>
      <trkpt lat="43.13695" lon="11.56488">
        <ele>283.0</ele>
      </trkpt>
      <trkpt lat="43.13723" lon="11.56563">
        <ele>279.0</ele>
      </trkpt>
      <trkpt lat="43.13719" lon="11.56599">
        <ele>276.0</ele>
      </trkpt>
      <trkpt lat="43.13699" lon="11.56626">
        <ele>273.0</ele>
      </trkpt>
      <trkpt lat="43.13635" lon="11.56656">
        <ele>269.0</ele>
      </trkpt>
      <trkpt lat="43.13612" lon="11.56653">
        <ele>264.0</ele>
      </trkpt>
      <trkpt lat="43.1361" lon="11.56629">
        <ele>261.0</ele>
      </trkpt>
      <trkpt lat="43.13637" lon="11.56565">
        <ele>257.0</ele>
      </trkpt>
      <trkpt lat="43.13601" lon="11.56484">
        <ele>254.0</ele>
      </trkpt>
      <trkpt lat="43.13633" lon="11.56398">
        <ele>252.0</ele>
      </trkpt>
      <trkpt lat="43.13635" lon="11.56351">
        <ele>250.0</ele>
      </trkpt>
      <trkpt lat="43.13551" lon="11.56234">
        <ele>245.0</ele>
      </trkpt>
      <trkpt lat="43.1341" lon="11.55975">
        <ele>227.0</ele>
      </trkpt>
      <trkpt lat="43.13398" lon="11.5592">
        <ele>220.0</ele>
      </trkpt>
      <trkpt lat="43.13394" lon="11.55745">
        <ele>212.0</ele>
      </trkpt>
      <trkpt lat="43.13364" lon="11.55604">
        <ele>209.0</ele>
      </trkpt>
      <trkpt lat="43.13336" lon="11.55584">
        <ele>209.0</ele>
      </trkpt>
      <trkpt lat="43.133" lon="11.55596">
        <ele>211.0</ele>
      </trkpt>
      <trkpt lat="43.13224" lon="11.55698">
        <ele>214.0</ele>
      </trkpt>
      <trkpt lat="43.1316" lon="11.55733">
        <ele>219.0</ele>
      </trkpt>
      <trkpt lat="43.13136" lon="11.55738">
        <ele>221.0</ele>
      </trkpt>
      <trkpt lat="43.13108" lon="11.55716">
        <ele>226.0</ele>
      </trkpt>
      <trkpt lat="43.13105" lon="11.55677">
        <ele>230.0</ele>
      </trkpt>
      <trkpt lat="43.1312" lon="11.55654">
        <ele>231.0</ele>
      </trkpt>
      <trkpt lat="43.1327" lon="11.55516">
        <ele>236.0</ele>
      </trkpt>
      <trkpt lat="43.13285" lon="11.55488">
        <ele>240.0</ele>
      </trkpt>
      <trkpt lat="43.13277" lon="11.55444">
        <ele>243.0</ele>
      </trkpt>
      <trkpt lat="43.13249" lon="11.55411">
        <ele>246.0</ele>
      </trkpt>
      <trkpt lat="43.13226" lon="11.55409">
        <ele>248.0</ele>
      </trkpt>
      <trkpt lat="43.13142" lon="11.55509">
        <ele>254.0</ele>
      </trkpt>
      <trkpt lat="43.13111" lon="11.55517">
        <ele>257.0</ele>
      </trkpt>
      <trkpt lat="43.13" lon="11.55396">
        <ele>265.0</ele>
      </trkpt>
      <trkpt lat="43.12946" lon="11.55377">
        <ele>269.0</ele>
      </trkpt>
      <trkpt lat="43.1293" lon="11.55348">
        <ele>271.0</ele>
      </trkpt>
      <trkpt lat="43.12949" lon="11.55312">
        <ele>274.0</ele>
      </trkpt>
      <trkpt lat="43.13064" lon="11.55341">
        <ele>278.0</ele>
      </trkpt>
      <trkpt lat="43.1309" lon="11.55331">
        <ele>281.0</ele>
      </trkpt>
      <trkpt lat="43.13109" lon="11.55291">
        <ele>284.0</ele>
      </trkpt>
      <trkpt lat="43.13105" lon="11.55218">
        <ele>287.0</ele>
      </trkpt>
      <trkpt lat="43.13117" lon="11.55168">
        <ele>290.0</ele>
      </trkpt>
      <trkpt lat="43.13242" lon="11.54938">
        <ele>299.0</ele>
      </trkpt>
      <trkpt lat="43.13324" lon="11.54873">
        <ele>306.0</ele>
      </trkpt>
      <trkpt lat="43.13346" lon="11.5482">
        <ele>309.0</ele>
      </trkpt>
      <trkpt lat="43.13254" lon="11.54407">
        <ele>305.0</ele>
      </trkpt>
      <trkpt lat="43.13184" lon="11.54225">
        <ele>303.0</ele>
      </trkpt>
      <trkpt lat="43.13179" lon="11.54182">
        <ele>302.0</ele>
      </trkpt>
      <trkpt lat="43.13216" lon="11.53988">
        <ele>296.0</ele>
      </trkpt>
      <trkpt lat="43.13221" lon="11.53867">
        <ele>292.0</ele>
      </trkpt>
      <trkpt lat="43.13248" lon="11.5376">
        <ele>288.0</ele>
      </trkpt>
      <trkpt lat="43.13341" lon="11.53608">
        <ele>280.0</ele>
      </trkpt>
      <trkpt lat="43.13396" lon="11.5349">
        <ele>275.0</ele>
      </trkpt>
      <trkpt lat="43.13438" lon="11.53391">
        <ele>273.0</ele>
      </trkpt>
      <trkpt lat="43.13488" lon="11.532">
        <ele>271.0</ele>
      </trkpt>
      <trkpt lat="43.13504" lon="11.5306">
        <ele>271.0</ele>
      </trkpt>
      <trkpt lat="43.13434" lon="11.52839">
        <ele>266.0</ele>
      </trkpt>
      <trkpt lat="43.13452" lon="11.5261">
        <ele>260.0</ele>
      </trkpt>
      <trkpt lat="43.13504" lon="11.52433">
        <ele>252.0</ele>
      </trkpt>
      <trkpt lat="43.13498" lon="11.52074">
        <ele>242.0</ele>
      </trkpt>
      <trkpt lat="43.13465" lon="11.51902">
        <ele>238.0</ele>
      </trkpt>
      <trkpt lat="43.13463" lon="11.51815">
        <ele>237.0</ele>
      </trkpt>
      <trkpt lat="43.13472" lon="11.5178">
        <ele>235.0</ele>
      </trkpt>
      <trkpt lat="43.1357" lon="11.51616">
        <ele>234.0</ele>
      </trkpt>
      <trkpt lat="43.13619" lon="11.51564">
        <ele>232.0</ele>
      </trkpt>
      <trkpt lat="43.13631" lon="11.51491">
        <ele>232.0</ele>
      </trkpt>
      <trkpt lat="43.13625" lon="11.51451">
        <ele>232.0</ele>
      </trkpt>
      <trkpt lat="43.13561" lon="11.51319">
        <ele>233.0</ele>
      </trkpt>
      <trkpt lat="43.13532" lon="11.51228">
        <ele>235.0</ele>
      </trkpt>
      <trkpt lat="43.1339" lon="11.50933">
        <ele>230.0</ele>
      </trkpt>
      <trkpt lat="43.13353" lon="11.50757">
        <ele>225.0</ele>
      </trkpt>
      <trkpt lat="43.13398" lon="11.5039">
        <ele>218.0</ele>
      </trkpt>
      <trkpt lat="43.13484" lon="11.49956">
        <ele>191.0</ele>
      </trkpt>
      <trkpt lat="43.13555" lon="11.49735">
        <ele>169.0</ele>
      </trkpt>
      <trkpt lat="43.13722" lon="11.49449">
        <ele>163.39</ele>
      </trkpt>
      <trkpt lat="43.13743" lon="11.49394">
        <ele>162.69</ele>
      </trkpt>
      <trkpt lat="43.1378" lon="11.4909">
        <ele>159.24</ele>
      </trkpt>
      <trkpt lat="43.13767" lon="11.48865">
        <ele>156.71</ele>
      </trkpt>
      <trkpt lat="43.13768" lon="11.48336">
        <ele>147.0</ele>
      </trkpt>
      <trkpt lat="43.13842" lon="11.48332">
        <ele>146.0</ele>
      </trkpt>
      <trkpt lat="43.13902" lon="11.4831">
        <ele>144.0</ele>
      </trkpt>
      <trkpt lat="43.14159" lon="11.48125">
        <ele>141.0</ele>
      </trkpt>
      <trkpt lat="43.14268" lon="11.47978">
        <ele>142.0</ele>
      </trkpt>
      <trkpt lat="43.14318" lon="11.47748">
        <ele>144.0</ele>
      </trkpt>
      <trkpt lat="43.14425" lon="11.47623">
        <ele>146.0</ele>
      </trkpt>
      <trkpt lat="43.1456" lon="11.47617">
        <ele>146.0</ele>
      </trkpt>
      <trkpt lat="43.14921" lon="11.47482">
        <ele>147.0</ele>
      </trkpt>
      <trkpt lat="43.1504" lon="11.47407">
        <ele>149.0</ele>
      </trkpt>
      <trkpt lat="43.15171" lon="11.47285">
        <ele>146.0</ele>
      </trkpt>
      <trkpt lat="43.15233" lon="11.47254">
        <ele>143.0</ele>
      </trkpt>
      <trkpt lat="43.15776" lon="11.47127">
        <ele>147.0</ele>
      </trkpt>
      <trkpt lat="43.1589" lon="11.47046">
        <ele>147.0</ele>
      </trkpt>
      <trkpt lat="43.16067" lon="11.46883">
        <ele>147.0</ele>
      </trkpt>
      <trkpt lat="43.16295" lon="11.46826">
        <ele>148.0</ele>
      </trkpt>
      <trkpt lat="43.16575" lon="11.46639">
        <ele>145.0</ele>
      </trkpt>
      <trkpt lat="43.16637" lon="11.46555">
        <ele>146.0</ele>
      </trkpt>
      <trkpt lat="43.16699" lon="11.4651">
        <ele>148.0</ele>
      </trkpt>
      <trkpt lat="43.1675" lon="11.46506">
        <ele>148.0</ele>
      </trkpt>
      <trkpt lat="43.1686" lon="11.46561">
        <ele>149.0</ele>
      </trkpt>
      <trkpt lat="43.16963" lon="11.46572">
        <ele>149.0</ele>
      </trkpt>
      <trkpt lat="43.17803" lon="11.46243">
        <ele>151.0</ele>
      </trkpt>
      <trkpt lat="43.17935" lon="11.46278">
        <ele>155.0</ele>
      </trkpt>
      <trkpt lat="43.17974" lon="11.46273">
        <ele>156.0</ele>
      </trkpt>
      <trkpt lat="43.18007" lon="11.46244">
        <ele>157.0</ele>
      </trkpt>
      <trkpt lat="43.18075" lon="11.46109">
        <ele>158.0</ele>
      </trkpt>
      <trkpt lat="43.1838" lon="11.45798">
        <ele>160.0</ele>
      </trkpt>
      <trkpt lat="43.18583" lon="11.45552">
        <ele>165.0</ele>
      </trkpt>
      <trkpt lat="43.18651" lon="11.45496">
        <ele>169.0</ele>
      </trkpt>
      <trkpt lat="43.1881" lon="11.45407">
        <ele>178.0</ele>
      </trkpt>
      <trkpt lat="43.18966" lon="11.45402">
        <ele>176.0</ele>
      </trkpt>
      <trkpt lat="43.19069" lon="11.45343">
        <ele>173.0</ele>
      </trkpt>
      <trkpt lat="43.19123" lon="11.45333">
        <ele>170.0</ele>
      </trkpt>
      <trkpt lat="43.19157" lon="11.45355">
        <ele>168.0</ele>
      </trkpt>
      <trkpt lat="43.19214" lon="11.45482">
        <ele>166.0</ele>
      </trkpt>
      <trkpt lat="43.19258" lon="11.45503">
        <ele>165.0</ele>
      </trkpt>
      <trkpt lat="43.1929" lon="11.45492">
        <ele>164.0</ele>
      </trkpt>
      <trkpt lat="43.19314" lon="11.45448">
        <ele>163.0</ele>
      </trkpt>
      <trkpt lat="43.1927" lon="11.4528">
        <ele>159.0</ele>
      </trkpt>
      <trkpt lat="43.19505" lon="11.44866">
        <ele>159.0</ele>
      </trkpt>
      <trkpt lat="43.19582" lon="11.4455">
        <ele>160.0</ele>
      </trkpt>
      <trkpt lat="43.19616" lon="11.44475">
        <ele>158.0</ele>
      </trkpt>
      <trkpt lat="43.19662" lon="11.44429">
        <ele>157.0</ele>
      </trkpt>
      <trkpt lat="43.19863" lon="11.44329">
        <ele>157.0</ele>
      </trkpt>
      <trkpt lat="43.20278" lon="11.44277">
        <ele>156.0</ele>
      </trkpt>
      <trkpt lat="43.20418" lon="11.44126">
        <ele>157.0</ele>
      </trkpt>
      <trkpt lat="43.20739" lon="11.43925">
        <ele>157.0</ele>
      </trkpt>
      <trkpt lat="43.20759" lon="11.43897">
        <ele>157.0</ele>
      </trkpt>
      <trkpt lat="43.20826" lon="11.43709">
        <ele>157.0</ele>
      </trkpt>
      <trkpt lat="43.20864" lon="11.43556">
        <ele>158.0</ele>
      </trkpt>
      <trkpt lat="43.2086" lon="11.43384">
        <ele>162.0</ele>
      </trkpt>
      <trkpt lat="43.20914" lon="11.43233">
        <ele>164.0</ele>
      </trkpt>
      <trkpt lat="43.20939" lon="11.43205">
        <ele>165.0</ele>
      </trkpt>
      <trkpt lat="43.21302" lon="11.43189">
        <ele>165.0</ele>
      </trkpt>
      <trkpt lat="43.21426" lon="11.43221">
        <ele>163.0</ele>
      </trkpt>
      <trkpt lat="43.21508" lon="11.43262">
        <ele>162.0</ele>
      </trkpt>
      <trkpt lat="43.2153" lon="11.43277">
        <ele>161.0</ele>
      </trkpt>
      <trkpt lat="43.21554" lon="11.43337">
        <ele>160.0</ele>
      </trkpt>
      <trkpt lat="43.21582" lon="11.43345">
        <ele>159.0</ele>
      </trkpt>
      <trkpt lat="43.21599" lon="11.4333">
        <ele>159.0</ele>
      </trkpt>
      <trkpt lat="43.21623" lon="11.43264">
        <ele>159.0</ele>
      </trkpt>
      <trkpt lat="43.22226" lon="11.42777">
        <ele>160.0</ele>
      </trkpt>
      <trkpt lat="43.2237" lon="11.42632">
        <ele>162.0</ele>
      </trkpt>
      <trkpt lat="43.22503" lon="11.42472">
        <ele>161.0</ele>
      </trkpt>
      <trkpt lat="43.22627" lon="11.42374">
        <ele>162.0</ele>
      </trkpt>
      <trkpt lat="43.22828" lon="11.42355">
        <ele>163.0</ele>
      </trkpt>
      <trkpt lat="43.22858" lon="11.42373">
        <ele>163.0</ele>
      </trkpt>
      <trkpt lat="43.2292" lon="11.42855">
        <ele>162.0</ele>
      </trkpt>
      <trkpt lat="43.22932" lon="11.42872">
        <ele>163.0</ele>
      </trkpt>
      <trkpt lat="43.22993" lon="11.42841">
        <ele>164.0</ele>
      </trkpt>
      <trkpt lat="43.23055" lon="11.42858">
        <ele>164.0</ele>
      </trkpt>
      <trkpt lat="43.23075" lon="11.42848">
        <ele>164.0</ele>
      </trkpt>
      <trkpt lat="43.23725" lon="11.42309">
        <ele>167.0</ele>
      </trkpt>
      <trkpt lat="43.23751" lon="11.4235">
        <ele>167.0</ele>
      </trkpt>
      <trkpt lat="43.2382" lon="11.42349">
        <ele>167.0</ele>
      </trkpt>
      <trkpt lat="43.23858" lon="11.42458">
        <ele>167.0</ele>
      </trkpt>
      <trkpt lat="43.23929" lon="11.42519">
        <ele>167.0</ele>
      </trkpt>
      <trkpt lat="43.24049" lon="11.42518">
        <ele>165.0</ele>
      </trkpt>
      <trkpt lat="43.24067" lon="11.4253">
        <ele>165.0</ele>
      </trkpt>
      <trkpt lat="43.24286" lon="11.42801">
        <ele>173.0</ele>
      </trkpt>
      <trkpt lat="43.24409" lon="11.42768">
        <ele>179.0</ele>
      </trkpt>
      <trkpt lat="43.24457" lon="11.42782">
        <ele>186.0</ele>
      </trkpt>
      <trkpt lat="43.2453" lon="11.42897">
        <ele>198.0</ele>
      </trkpt>
      <trkpt lat="43.24587" lon="11.43023">
        <ele>212.0</ele>
      </trkpt>
      <trkpt lat="43.24598" lon="11.43127">
        <ele>215.0</ele>
      </trkpt>
      <trkpt lat="43.24613" lon="11.43167">
        <ele>218.0</ele>
      </trkpt>
      <trkpt lat="43.24716" lon="11.43225">
        <ele>214.0</ele>
      </trkpt>
      <trkpt lat="43.24786" lon="11.43343">
        <ele>207.0</ele>
      </trkpt>
      <trkpt lat="43.2491" lon="11.43394">
        <ele>198.0</ele>
      </trkpt>
      <trkpt lat="43.25023" lon="11.43532">
        <ele>189.0</ele>
      </trkpt>
      <trkpt lat="43.2501" lon="11.43628">
        <ele>180.0</ele>
      </trkpt>
      <trkpt lat="43.25065" lon="11.43941">
        <ele>172.0</ele>
      </trkpt>
      <trkpt lat="43.25017" lon="11.44001">
        <ele>173.0</ele>
      </trkpt>
      <trkpt lat="43.24937" lon="11.44051">
        <ele>173.0</ele>
      </trkpt>
      <trkpt lat="43.24816" lon="11.44198">
        <ele>174.0</ele>
      </trkpt>
      <trkpt lat="43.24842" lon="11.44299">
        <ele>181.0</ele>
      </trkpt>
      <trkpt lat="43.24836" lon="11.44368">
        <ele>188.0</ele>
      </trkpt>
      <trkpt lat="43.24885" lon="11.44526">
        <ele>203.0</ele>
      </trkpt>
      <trkpt lat="43.2484" lon="11.44637">
        <ele>216.0</ele>
      </trkpt>
      <trkpt lat="43.24845" lon="11.44827">
        <ele>228.0</ele>
      </trkpt>
      <trkpt lat="43.24799" lon="11.44989">
        <ele>230.0</ele>
      </trkpt>
      <trkpt lat="43.24784" lon="11.45291">
        <ele>226.0</ele>
      </trkpt>
      <trkpt lat="43.24751" lon="11.45375">
        <ele>229.0</ele>
      </trkpt>
      <trkpt lat="43.24752" lon="11.45461">
        <ele>234.0</ele>
      </trkpt>
      <trkpt lat="43.24783" lon="11.45559">
        <ele>241.0</ele>
      </trkpt>
      <trkpt lat="43.24819" lon="11.45589">
        <ele>246.0</ele>
      </trkpt>
      <trkpt lat="43.24906" lon="11.45604">
        <ele>250.0</ele>
      </trkpt>
      <trkpt lat="43.24958" lon="11.4566">
        <ele>255.0</ele>
      </trkpt>
      <trkpt lat="43.25133" lon="11.45756">
        <ele>263.0</ele>
      </trkpt>
      <trkpt lat="43.25185" lon="11.45738">
        <ele>264.0</ele>
      </trkpt>
      <trkpt lat="43.25255" lon="11.45786">
        <ele>261.0</ele>
      </trkpt>
      <trkpt lat="43.25276" lon="11.45821">
        <ele>256.0</ele>
      </trkpt>
      <trkpt lat="43.25275" lon="11.45927">
        <ele>249.0</ele>
      </trkpt>
      <trkpt lat="43.25347" lon="11.45993">
        <ele>243.0</ele>
      </trkpt>
      <trkpt lat="43.25384" lon="11.46079">
        <ele>238.0</ele>
      </trkpt>
      <trkpt lat="43.25442" lon="11.46167">
        <ele>235.0</ele>
      </trkpt>
      <trkpt lat="43.25544" lon="11.46173">
        <ele>232.0</ele>
      </trkpt>
      <trkpt lat="43.25671" lon="11.46226">
        <ele>237.0</ele>
      </trkpt>
      <trkpt lat="43.25714" lon="11.46208">
        <ele>240.0</ele>
      </trkpt>
      <trkpt lat="43.25788" lon="11.46139">
        <ele>242.0</ele>
      </trkpt>
      <trkpt lat="43.25822" lon="11.4614">
        <ele>244.0</ele>
      </trkpt>
      <trkpt lat="43.25888" lon="11.46189">
        <ele>246.0</ele>
      </trkpt>
      <trkpt lat="43.25992" lon="11.46317">
        <ele>249.0</ele>
      </trkpt>
      <trkpt lat="43.26067" lon="11.46371">
        <ele>252.0</ele>
      </trkpt>
      <trkpt lat="43.26143" lon="11.46553">
        <ele>249.0</ele>
      </trkpt>
      <trkpt lat="43.26206" lon="11.46632">
        <ele>248.0</ele>
      </trkpt>
      <trkpt lat="43.26313" lon="11.46833">
        <ele>248.0</ele>
      </trkpt>
      <trkpt lat="43.26359" lon="11.46986">
        <ele>252.0</ele>
      </trkpt>
      <trkpt lat="43.26377" lon="11.47118">
        <ele>262.0</ele>
      </trkpt>
      <trkpt lat="43.26445" lon="11.472">
        <ele>272.0</ele>
      </trkpt>
      <trkpt lat="43.26496" lon="11.47326">
        <ele>275.0</ele>
      </trkpt>
      <trkpt lat="43.26586" lon="11.47381">
        <ele>276.0</ele>
      </trkpt>
      <trkpt lat="43.26711" lon="11.47414">
        <ele>272.0</ele>
      </trkpt>
      <trkpt lat="43.26777" lon="11.47553">
        <ele>269.0</ele>
      </trkpt>
      <trkpt lat="43.26871" lon="11.4767">
        <ele>265.0</ele>
      </trkpt>
      <trkpt lat="43.26975" lon="11.47847">
        <ele>261.0</ele>
      </trkpt>
      <trkpt lat="43.27046" lon="11.47877">
        <ele>261.0</ele>
      </trkpt>
      <trkpt lat="43.27129" lon="11.48106">
        <ele>271.0</ele>
      </trkpt>
      <trkpt lat="43.27159" lon="11.48132">
        <ele>276.0</ele>
      </trkpt>
      <trkpt lat="43.2726" lon="11.48169">
        <ele>289.0</ele>
      </trkpt>
      <trkpt lat="43.27258" lon="11.48195">
        <ele>292.0</ele>
      </trkpt>
      <trkpt lat="43.27194" lon="11.48228">
        <ele>298.0</ele>
      </trkpt>
      <trkpt lat="43.27181" lon="11.48281">
        <ele>302.0</ele>
      </trkpt>
      <trkpt lat="43.27197" lon="11.48299">
        <ele>305.0</ele>
      </trkpt>
      <trkpt lat="43.27245" lon="11.48298">
        <ele>308.0</ele>
      </trkpt>
      <trkpt lat="43.27314" lon="11.4833">
        <ele>312.0</ele>
      </trkpt>
      <trkpt lat="43.27317" lon="11.48356">
        <ele>315.0</ele>
      </trkpt>
      <trkpt lat="43.27289" lon="11.48391">
        <ele>318.0</ele>
      </trkpt>
      <trkpt lat="43.27298" lon="11.48438">
        <ele>320.0</ele>
      </trkpt>
      <trkpt lat="43.2739" lon="11.48448">
        <ele>326.0</ele>
      </trkpt>
      <trkpt lat="43.27493" lon="11.48492">
        <ele>332.0</ele>
      </trkpt>
      <trkpt lat="43.27408" lon="11.48603">
        <ele>329.0</ele>
      </trkpt>
      <trkpt lat="43.27397" lon="11.48671">
        <ele>328.0</ele>
      </trkpt>
      <trkpt lat="43.27404" lon="11.48752">
        <ele>327.0</ele>
      </trkpt>
      <trkpt lat="43.2745" lon="11.48893">
        <ele>326.0</ele>
      </trkpt>
      <trkpt lat="43.27503" lon="11.48983">
        <ele>327.0</ele>
      </trkpt>
      <trkpt lat="43.27562" lon="11.49165">
        <ele>330.0</ele>
      </trkpt>
      <trkpt lat="43.27595" lon="11.49279">
        <ele>334.0</ele>
      </trkpt>
      <trkpt lat="43.27609" lon="11.49386">
        <ele>336.0</ele>
      </trkpt>
      <trkpt lat="43.27591" lon="11.49512">
        <ele>337.0</ele>
      </trkpt>
      <trkpt lat="43.27558" lon="11.4956">
        <ele>336.0</ele>
      </trkpt>
      <trkpt lat="43.27412" lon="11.49662">
        <ele>332.0</ele>
      </trkpt>
      <trkpt lat="43.27345" lon="11.49667">
        <ele>327.0</ele>
      </trkpt>
      <trkpt lat="43.2732" lon="11.49707">
        <ele>325.0</ele>
      </trkpt>
      <trkpt lat="43.27329" lon="11.49788">
        <ele>321.0</ele>
      </trkpt>
      <trkpt lat="43.27375" lon="11.49867">
        <ele>316.0</ele>
      </trkpt>
      <trkpt lat="43.27379" lon="11.49985">
        <ele>308.0</ele>
      </trkpt>
      <trkpt lat="43.27394" lon="11.50063">
        <ele>303.0</ele>
      </trkpt>
      <trkpt lat="43.27385" lon="11.50092">
        <ele>301.0</ele>
      </trkpt>
      <trkpt lat="43.27314" lon="11.50183">
        <ele>295.0</ele>
      </trkpt>
      <trkpt lat="43.27302" lon="11.50258">
        <ele>290.0</ele>
      </trkpt>
      <trkpt lat="43.27306" lon="11.50327">
        <ele>287.0</ele>
      </trkpt>
      <trkpt lat="43.27341" lon="11.50372">
        <ele>283.0</ele>
      </trkpt>
      <trkpt lat="43.27361" lon="11.50433">
        <ele>280.0</ele>
      </trkpt>
      <trkpt lat="43.27365" lon="11.50659">
        <ele>274.0</ele>
      </trkpt>
      <trkpt lat="43.27338" lon="11.50785">
        <ele>277.0</ele>
      </trkpt>
      <trkpt lat="43.27285" lon="11.50884">
        <ele>281.0</ele>
      </trkpt>
      <trkpt lat="43.27261" lon="11.51013">
        <ele>289.0</ele>
      </trkpt>
      <trkpt lat="43.27178" lon="11.51233">
        <ele>306.0</ele>
      </trkpt>
      <trkpt lat="43.27133" lon="11.51481">
        <ele>321.0</ele>
      </trkpt>
      <trkpt lat="43.27092" lon="11.5153">
        <ele>324.0</ele>
      </trkpt>
      <trkpt lat="43.27036" lon="11.51564">
        <ele>326.0</ele>
      </trkpt>
      <trkpt lat="43.26994" lon="11.51542">
        <ele>322.0</ele>
      </trkpt>
      <trkpt lat="43.26888" lon="11.51453">
        <ele>310.0</ele>
      </trkpt>
      <trkpt lat="43.26812" lon="11.51313">
        <ele>298.0</ele>
      </trkpt>
      <trkpt lat="43.26669" lon="11.51169">
        <ele>288.0</ele>
      </trkpt>
      <trkpt lat="43.26513" lon="11.51098">
        <ele>284.0</ele>
      </trkpt>
      <trkpt lat="43.2637" lon="11.50912">
        <ele>279.0</ele>
      </trkpt>
      <trkpt lat="43.26282" lon="11.50863">
        <ele>279.0</ele>
      </trkpt>
      <trkpt lat="43.26196" lon="11.50848">
        <ele>280.0</ele>
      </trkpt>
      <trkpt lat="43.26115" lon="11.50864">
        <ele>281.0</ele>
      </trkpt>
      <trkpt lat="43.25983" lon="11.50932">
        <ele>282.0</ele>
      </trkpt>
      <trkpt lat="43.25819" lon="11.51092">
        <ele>271.0</ele>
      </trkpt>
      <trkpt lat="43.25605" lon="11.51208">
        <ele>275.0</ele>
      </trkpt>
      <trkpt lat="43.25512" lon="11.51276">
        <ele>278.0</ele>
      </trkpt>
      <trkpt lat="43.25345" lon="11.51443">
        <ele>293.0</ele>
      </trkpt>
      <trkpt lat="43.25208" lon="11.51748">
        <ele>285.0</ele>
      </trkpt>
      <trkpt lat="43.25176" lon="11.51882">
        <ele>280.0</ele>
      </trkpt>
      <trkpt lat="43.25158" lon="11.52071">
        <ele>276.0</ele>
      </trkpt>
      <trkpt lat="43.25132" lon="11.52157">
        <ele>277.0</ele>
      </trkpt>
      <trkpt lat="43.2501" lon="11.52358">
        <ele>294.0</ele>
      </trkpt>
      <trkpt lat="43.24981" lon="11.52453">
        <ele>299.0</ele>
      </trkpt>
      <trkpt lat="43.24978" lon="11.52547">
        <ele>300.0</ele>
      </trkpt>
      <trkpt lat="43.25013" lon="11.52736">
        <ele>296.0</ele>
      </trkpt>
      <trkpt lat="43.24981" lon="11.53144">
        <ele>288.0</ele>
      </trkpt>
      <trkpt lat="43.25008" lon="11.53305">
        <ele>282.0</ele>
      </trkpt>
      <trkpt lat="43.25006" lon="11.53418">
        <ele>281.0</ele>
      </trkpt>
      <trkpt lat="43.24979" lon="11.53518">
        <ele>278.0</ele>
      </trkpt>
      <trkpt lat="43.2496" lon="11.53728">
        <ele>271.0</ele>
      </trkpt>
      <trkpt lat="43.24851" lon="11.53827">
        <ele>263.0</ele>
      </trkpt>
      <trkpt lat="43.24825" lon="11.53871">
        <ele>261.0</ele>
      </trkpt>
      <trkpt lat="43.2481" lon="11.54059">
        <ele>252.0</ele>
      </trkpt>
      <trkpt lat="43.24752" lon="11.54286">
        <ele>243.0</ele>
      </trkpt>
      <trkpt lat="43.24764" lon="11.54405">
        <ele>239.0</ele>
      </trkpt>
      <trkpt lat="43.24752" lon="11.5448">
        <ele>237.0</ele>
      </trkpt>
      <trkpt lat="43.24735" lon="11.54519">
        <ele>235.0</ele>
      </trkpt>
      <trkpt lat="43.2466" lon="11.54605">
        <ele>233.0</ele>
      </trkpt>
      <trkpt lat="43.24619" lon="11.54693">
        <ele>230.0</ele>
      </trkpt>
      <trkpt lat="43.24533" lon="11.54827">
        <ele>225.0</ele>
      </trkpt>
      <trkpt lat="43.24435" lon="11.54909">
        <ele>218.0</ele>
      </trkpt>
      <trkpt lat="43.24358" lon="11.55003">
        <ele>207.0</ele>
      </trkpt>
      <trkpt lat="43.24294" lon="11.55014">
        <ele>200.0</ele>
      </trkpt>
      <trkpt lat="43.24232" lon="11.551">
        <ele>194.0</ele>
      </trkpt>
      <trkpt lat="43.24111" lon="11.55155">
        <ele>187.0</ele>
      </trkpt>
      <trkpt lat="43.24032" lon="11.55303">
        <ele>177.0</ele>
      </trkpt>
      <trkpt lat="43.24132" lon="11.55376">
        <ele>176.0</ele>
      </trkpt>
      <trkpt lat="43.24198" lon="11.55388">
        <ele>183.0</ele>
      </trkpt>
      <trkpt lat="43.24298" lon="11.55451">
        <ele>189.0</ele>
      </trkpt>
      <trkpt lat="43.2464" lon="11.55409">
        <ele>180.0</ele>
      </trkpt>
      <trkpt lat="43.24676" lon="11.55418">
        <ele>176.0</ele>
      </trkpt>
      <trkpt lat="43.24771" lon="11.55484">
        <ele>179.0</ele>
      </trkpt>
      <trkpt lat="43.24817" lon="11.55553">
        <ele>184.0</ele>
      </trkpt>
      <trkpt lat="43.24894" lon="11.55608">
        <ele>189.0</ele>
      </trkpt>
      <trkpt lat="43.24997" lon="11.55595">
        <ele>196.0</ele>
      </trkpt>
      <trkpt lat="43.25104" lon="11.55496">
        <ele>205.0</ele>
      </trkpt>
      <trkpt lat="43.25144" lon="11.55478">
        <ele>208.0</ele>
      </trkpt>
      <trkpt lat="43.2521" lon="11.55458">
        <ele>213.0</ele>
      </trkpt>
      <trkpt lat="43.25277" lon="11.55471">
        <ele>219.0</ele>
      </trkpt>
      <trkpt lat="43.25336" lon="11.55451">
        <ele>225.0</ele>
      </trkpt>
      <trkpt lat="43.25387" lon="11.55411">
        <ele>230.0</ele>
      </trkpt>
      <trkpt lat="43.2541" lon="11.55316">
        <ele>241.0</ele>
      </trkpt>
      <trkpt lat="43.25436" lon="11.55294">
        <ele>244.0</ele>
      </trkpt>
      <trkpt lat="43.25541" lon="11.55287">
        <ele>249.0</ele>
      </trkpt>
      <trkpt lat="43.25681" lon="11.5537">
        <ele>253.0</ele>
      </trkpt>
      <trkpt lat="43.25896" lon="11.55304">
        <ele>249.0</ele>
      </trkpt>
      <trkpt lat="43.2594" lon="11.55252">
        <ele>248.0</ele>
      </trkpt>
      <trkpt lat="43.2598" lon="11.55106">
        <ele>250.0</ele>
      </trkpt>
      <trkpt lat="43.26039" lon="11.55011">
        <ele>246.0</ele>
      </trkpt>
      <trkpt lat="43.26077" lon="11.54992">
        <ele>243.0</ele>
      </trkpt>
      <trkpt lat="43.26157" lon="11.54993">
        <ele>237.0</ele>
      </trkpt>
      <trkpt lat="43.26201" lon="11.54964">
        <ele>240.0</ele>
      </trkpt>
      <trkpt lat="43.26257" lon="11.54893">
        <ele>246.0</ele>
      </trkpt>
      <trkpt lat="43.26322" lon="11.54752">
        <ele>255.0</ele>
      </trkpt>
      <trkpt lat="43.26436" lon="11.54626">
        <ele>262.0</ele>
      </trkpt>
      <trkpt lat="43.2647" lon="11.54462">
        <ele>257.0</ele>
      </trkpt>
      <trkpt lat="43.26521" lon="11.54342">
        <ele>249.0</ele>
      </trkpt>
      <trkpt lat="43.26519" lon="11.54254">
        <ele>246.0</ele>
      </trkpt>
      <trkpt lat="43.26546" lon="11.54164">
        <ele>245.0</ele>
      </trkpt>
      <trkpt lat="43.26557" lon="11.5406">
        <ele>244.0</ele>
      </trkpt>
      <trkpt lat="43.26646" lon="11.53918">
        <ele>242.0</ele>
      </trkpt>
      <trkpt lat="43.26854" lon="11.53776">
        <ele>226.0</ele>
      </trkpt>
      <trkpt lat="43.26931" lon="11.53781">
        <ele>211.0</ele>
      </trkpt>
      <trkpt lat="43.27005" lon="11.53754">
        <ele>199.0</ele>
      </trkpt>
      <trkpt lat="43.27085" lon="11.53783">
        <ele>190.0</ele>
      </trkpt>
      <trkpt lat="43.27114" lon="11.53815">
        <ele>188.0</ele>
      </trkpt>
      <trkpt lat="43.2724" lon="11.54118">
        <ele>196.0</ele>
      </trkpt>
      <trkpt lat="43.27263" lon="11.54276">
        <ele>209.0</ele>
      </trkpt>
      <trkpt lat="43.27277" lon="11.54294">
        <ele>214.0</ele>
      </trkpt>
      <trkpt lat="43.27318" lon="11.54291">
        <ele>220.0</ele>
      </trkpt>
      <trkpt lat="43.27361" lon="11.54333">
        <ele>226.0</ele>
      </trkpt>
      <trkpt lat="43.27358" lon="11.54379">
        <ele>231.0</ele>
      </trkpt>
      <trkpt lat="43.27321" lon="11.54444">
        <ele>237.0</ele>
      </trkpt>
      <trkpt lat="43.27315" lon="11.54559">
        <ele>246.0</ele>
      </trkpt>
      <trkpt lat="43.27328" lon="11.54636">
        <ele>254.0</ele>
      </trkpt>
      <trkpt lat="43.27364" lon="11.54703">
        <ele>261.0</ele>
      </trkpt>
      <trkpt lat="43.27461" lon="11.54711">
        <ele>276.0</ele>
      </trkpt>
      <trkpt lat="43.27573" lon="11.548">
        <ele>287.0</ele>
      </trkpt>
      <trkpt lat="43.27673" lon="11.54844">
        <ele>290.0</ele>
      </trkpt>
      <trkpt lat="43.27777" lon="11.54936">
        <ele>288.0</ele>
      </trkpt>
      <trkpt lat="43.27886" lon="11.54949">
        <ele>281.0</ele>
      </trkpt>
      <trkpt lat="43.27959" lon="11.5499">
        <ele>275.0</ele>
      </trkpt>
      <trkpt lat="43.27998" lon="11.54989">
        <ele>274.0</ele>
      </trkpt>
      <trkpt lat="43.28043" lon="11.54964">
        <ele>276.0</ele>
      </trkpt>
      <trkpt lat="43.28112" lon="11.5487">
        <ele>284.0</ele>
      </trkpt>
      <trkpt lat="43.28176" lon="11.54814">
        <ele>291.0</ele>
      </trkpt>
      <trkpt lat="43.28261" lon="11.54818">
        <ele>298.0</ele>
      </trkpt>
      <trkpt lat="43.283" lon="11.54833">
        <ele>300.0</ele>
      </trkpt>
      <trkpt lat="43.28342" lon="11.54872">
        <ele>300.0</ele>
      </trkpt>
      <trkpt lat="43.28414" lon="11.54879">
        <ele>299.0</ele>
      </trkpt>
      <trkpt lat="43.28454" lon="11.54812">
        <ele>299.0</ele>
      </trkpt>
      <trkpt lat="43.28476" lon="11.54709">
        <ele>305.0</ele>
      </trkpt>
      <trkpt lat="43.28506" lon="11.54662">
        <ele>308.0</ele>
      </trkpt>
      <trkpt lat="43.28629" lon="11.54586">
        <ele>309.0</ele>
      </trkpt>
      <trkpt lat="43.2869" lon="11.54614">
        <ele>306.0</ele>
      </trkpt>
      <trkpt lat="43.28719" lon="11.54598">
        <ele>304.0</ele>
      </trkpt>
      <trkpt lat="43.28771" lon="11.5429">
        <ele>297.0</ele>
      </trkpt>
      <trkpt lat="43.28843" lon="11.54137">
        <ele>301.0</ele>
      </trkpt>
      <trkpt lat="43.28921" lon="11.54109">
        <ele>304.0</ele>
      </trkpt>
      <trkpt lat="43.29107" lon="11.54132">
        <ele>308.0</ele>
      </trkpt>
      <trkpt lat="43.2913" lon="11.54105">
        <ele>308.0</ele>
      </trkpt>
      <trkpt lat="43.29133" lon="11.54007">
        <ele>308.0</ele>
      </trkpt>
      <trkpt lat="43.29184" lon="11.53882">
        <ele>312.0</ele>
      </trkpt>
      <trkpt lat="43.29274" lon="11.53885">
        <ele>318.0</ele>
      </trkpt>
      <trkpt lat="43.29458" lon="11.53703">
        <ele>315.0</ele>
      </trkpt>
      <trkpt lat="43.29551" lon="11.5365">
        <ele>318.0</ele>
      </trkpt>
      <trkpt lat="43.29576" lon="11.53585">
        <ele>321.0</ele>
      </trkpt>
      <trkpt lat="43.29582" lon="11.53479">
        <ele>324.0</ele>
      </trkpt>
      <trkpt lat="43.29509" lon="11.53399">
        <ele>327.0</ele>
      </trkpt>
      <trkpt lat="43.29452" lon="11.53359">
        <ele>328.0</ele>
      </trkpt>
      <trkpt lat="43.29451" lon="11.53226">
        <ele>325.0</ele>
      </trkpt>
      <trkpt lat="43.29525" lon="11.5309">
        <ele>318.0</ele>
      </trkpt>
      <trkpt lat="43.29664" lon="11.53006">
        <ele>302.0</ele>
      </trkpt>
      <trkpt lat="43.29655" lon="11.52981">
        <ele>301.0</ele>
      </trkpt>
      <trkpt lat="43.29591" lon="11.52957">
        <ele>300.0</ele>
      </trkpt>
      <trkpt lat="43.2953" lon="11.52909">
        <ele>298.0</ele>
      </trkpt>
      <trkpt lat="43.29585" lon="11.52845">
        <ele>296.0</ele>
      </trkpt>
      <trkpt lat="43.29606" lon="11.5271">
        <ele>292.0</ele>
      </trkpt>
      <trkpt lat="43.29675" lon="11.52605">
        <ele>292.0</ele>
      </trkpt>
      <trkpt lat="43.29677" lon="11.52506">
        <ele>293.0</ele>
      </trkpt>
      <trkpt lat="43.29649" lon="11.52392">
        <ele>295.0</ele>
      </trkpt>
      <trkpt lat="43.29642" lon="11.52276">
        <ele>298.0</ele>
      </trkpt>
      <trkpt lat="43.29666" lon="11.52226">
        <ele>299.0</ele>
      </trkpt>
      <trkpt lat="43.29674" lon="11.5217">
        <ele>299.0</ele>
      </trkpt>
      <trkpt lat="43.2969" lon="11.5215">
        <ele>299.0</ele>
      </trkpt>
      <trkpt lat="43.29755" lon="11.52138">
        <ele>298.0</ele>
      </trkpt>
      <trkpt lat="43.29789" lon="11.52166">
        <ele>298.0</ele>
      </trkpt>
      <trkpt lat="43.29827" lon="11.52229">
        <ele>297.0</ele>
      </trkpt>
      <trkpt lat="43.29865" lon="11.52224">
        <ele>297.0</ele>
      </trkpt>
      <trkpt lat="43.29903" lon="11.52251">
        <ele>296.0</ele>
      </trkpt>
      <trkpt lat="43.3" lon="11.5222">
        <ele>296.0</ele>
      </trkpt>
      <trkpt lat="43.30171" lon="11.52289">
        <ele>299.0</ele>
      </trkpt>
      <trkpt lat="43.30329" lon="11.5227">
        <ele>296.0</ele>
      </trkpt>
      <trkpt lat="43.30387" lon="11.52366">
        <ele>297.0</ele>
      </trkpt>
      <trkpt lat="43.30414" lon="11.52385">
        <ele>298.0</ele>
      </trkpt>
      <trkpt lat="43.30436" lon="11.52376">
        <ele>298.0</ele>
      </trkpt>
      <trkpt lat="43.30481" lon="11.52318">
        <ele>300.0</ele>
      </trkpt>
      <trkpt lat="43.30554" lon="11.52278">
        <ele>306.0</ele>
      </trkpt>
      <trkpt lat="43.3073" lon="11.52309">
        <ele>322.0</ele>
      </trkpt>
      <trkpt lat="43.30877" lon="11.52438">
        <ele>324.0</ele>
      </trkpt>
      <trkpt lat="43.30891" lon="11.52391">
        <ele>322.0</ele>
      </trkpt>
      <trkpt lat="43.30889" lon="11.52317">
        <ele>317.0</ele>
      </trkpt>
      <trkpt lat="43.30974" lon="11.52238">
        <ele>310.0</ele>
      </trkpt>
      <trkpt lat="43.30985" lon="11.52204">
        <ele>309.0</ele>
      </trkpt>
      <trkpt lat="43.30964" lon="11.51993">
        <ele>302.0</ele>
      </trkpt>
      <trkpt lat="43.30992" lon="11.51863">
        <ele>295.0</ele>
      </trkpt>
      <trkpt lat="43.30966" lon="11.51777">
        <ele>289.0</ele>
      </trkpt>
      <trkpt lat="43.30923" lon="11.51722">
        <ele>288.0</ele>
      </trkpt>
      <trkpt lat="43.30919" lon="11.51666">
        <ele>288.0</ele>
      </trkpt>
      <trkpt lat="43.31012" lon="11.5155">
        <ele>289.0</ele>
      </trkpt>
      <trkpt lat="43.31079" lon="11.51521">
        <ele>290.0</ele>
      </trkpt>
      <trkpt lat="43.31185" lon="11.51513">
        <ele>291.0</ele>
      </trkpt>
      <trkpt lat="43.31251" lon="11.51415">
        <ele>296.0</ele>
      </trkpt>
      <trkpt lat="43.31308" lon="11.51382">
        <ele>299.0</ele>
      </trkpt>
      <trkpt lat="43.31341" lon="11.5139">
        <ele>300.0</ele>
      </trkpt>
      <trkpt lat="43.31426" lon="11.51464">
        <ele>301.0</ele>
      </trkpt>
      <trkpt lat="43.3145" lon="11.5145">
        <ele>301.0</ele>
      </trkpt>
      <trkpt lat="43.31486" lon="11.51392">
        <ele>301.0</ele>
      </trkpt>
      <trkpt lat="43.31543" lon="11.51388">
        <ele>301.0</ele>
      </trkpt>
      <trkpt lat="43.31575" lon="11.51501">
        <ele>299.0</ele>
      </trkpt>
      <trkpt lat="43.31619" lon="11.51527">
        <ele>299.0</ele>
      </trkpt>
      <trkpt lat="43.31732" lon="11.51482">
        <ele>301.0</ele>
      </trkpt>
      <trkpt lat="43.31759" lon="11.51441">
        <ele>302.0</ele>
      </trkpt>
      <trkpt lat="43.31781" lon="11.51359">
        <ele>301.0</ele>
      </trkpt>
      <trkpt lat="43.31839" lon="11.51336">
        <ele>300.0</ele>
      </trkpt>
      <trkpt lat="43.31869" lon="11.5136">
        <ele>299.0</ele>
      </trkpt>
      <trkpt lat="43.31876" lon="11.51391">
        <ele>298.0</ele>
      </trkpt>
      <trkpt lat="43.31872" lon="11.51423">
        <ele>298.0</ele>
      </trkpt>
      <trkpt lat="43.31835" lon="11.51479">
        <ele>296.0</ele>
      </trkpt>
      <trkpt lat="43.3184" lon="11.515">
        <ele>296.0</ele>
      </trkpt>
      <trkpt lat="43.31851" lon="11.51498">
        <ele>295.0</ele>
      </trkpt>
      <trkpt lat="43.31892" lon="11.51433">
        <ele>294.0</ele>
      </trkpt>
      <trkpt lat="43.31899" lon="11.51332">
        <ele>289.0</ele>
      </trkpt>
      <trkpt lat="43.31923" lon="11.51269">
        <ele>284.0</ele>
      </trkpt>
      <trkpt lat="43.31916" lon="11.51064">
        <ele>267.0</ele>
      </trkpt>
      <trkpt lat="43.31969" lon="11.50968">
        <ele>253.0</ele>
      </trkpt>
      <trkpt lat="43.31982" lon="11.50919">
        <ele>248.0</ele>
      </trkpt>
      <trkpt lat="43.31986" lon="11.50845">
        <ele>247.0</ele>
      </trkpt>
      <trkpt lat="43.31966" lon="11.50638">
        <ele>246.0</ele>
      </trkpt>
      <trkpt lat="43.31991" lon="11.50601">
        <ele>246.0</ele>
      </trkpt>
      <trkpt lat="43.32094" lon="11.50566">
        <ele>247.0</ele>
      </trkpt>
      <trkpt lat="43.32136" lon="11.50577">
        <ele>250.0</ele>
      </trkpt>
      <trkpt lat="43.32265" lon="11.50752">
        <ele>264.0</ele>
      </trkpt>
      <trkpt lat="43.32394" lon="11.50783">
        <ele>278.0</ele>
      </trkpt>
      <trkpt lat="43.32462" lon="11.50929">
        <ele>284.0</ele>
      </trkpt>
      <trkpt lat="43.32504" lon="11.50951">
        <ele>289.0</ele>
      </trkpt>
      <trkpt lat="43.32677" lon="11.50873">
        <ele>293.0</ele>
      </trkpt>
      <trkpt lat="43.32892" lon="11.50736">
        <ele>301.0</ele>
      </trkpt>
      <trkpt lat="43.33132" lon="11.50676">
        <ele>310.0</ele>
      </trkpt>
      <trkpt lat="43.33284" lon="11.50585">
        <ele>313.0</ele>
      </trkpt>
      <trkpt lat="43.33676" lon="11.50507">
        <ele>320.0</ele>
      </trkpt>
      <trkpt lat="43.33726" lon="11.50516">
        <ele>323.0</ele>
      </trkpt>
      <trkpt lat="43.33842" lon="11.50584">
        <ele>331.0</ele>
      </trkpt>
      <trkpt lat="43.33905" lon="11.50586">
        <ele>334.0</ele>
      </trkpt>
      <trkpt lat="43.34063" lon="11.50533">
        <ele>335.0</ele>
      </trkpt>
      <trkpt lat="43.34078" lon="11.50549">
        <ele>335.0</ele>
      </trkpt>
      <trkpt lat="43.34096" lon="11.50523">
        <ele>335.0</ele>
      </trkpt>
      <trkpt lat="43.34157" lon="11.50501">
        <ele>336.0</ele>
      </trkpt>
      <trkpt lat="43.34472" lon="11.50445">
        <ele>339.0</ele>
      </trkpt>
      <trkpt lat="43.34501" lon="11.50374">
        <ele>340.0</ele>
      </trkpt>
      <trkpt lat="43.34488" lon="11.50288">
        <ele>342.0</ele>
      </trkpt>
      <trkpt lat="43.34522" lon="11.50174">
        <ele>340.0</ele>
      </trkpt>
      <trkpt lat="43.34492" lon="11.50081">
        <ele>339.0</ele>
      </trkpt>
      <trkpt lat="43.34506" lon="11.50054">
        <ele>338.0</ele>
      </trkpt>
      <trkpt lat="43.3438" lon="11.49711">
        <ele>335.0</ele>
      </trkpt>
      <trkpt lat="43.34021" lon="11.49273">
        <ele>326.0</ele>
      </trkpt>
      <trkpt lat="43.33891" lon="11.49085">
        <ele>312.0</ele>
      </trkpt>
      <trkpt lat="43.33717" lon="11.48906">
        <ele>305.0</ele>
      </trkpt>
      <trkpt lat="43.33653" lon="11.48861">
        <ele>298.0</ele>
      </trkpt>
      <trkpt lat="43.33567" lon="11.48746">
        <ele>294.0</ele>
      </trkpt>
      <trkpt lat="43.33498" lon="11.4858">
        <ele>287.0</ele>
      </trkpt>
      <trkpt lat="43.33458" lon="11.48205">
        <ele>281.0</ele>
      </trkpt>
      <trkpt lat="43.33537" lon="11.48061">
        <ele>279.0</ele>
      </trkpt>
      <trkpt lat="43.33627" lon="11.47975">
        <ele>277.0</ele>
      </trkpt>
      <trkpt lat="43.33687" lon="11.47931">
        <ele>275.0</ele>
      </trkpt>
      <trkpt lat="43.33756" lon="11.47925">
        <ele>274.0</ele>
      </trkpt>
      <trkpt lat="43.33787" lon="11.47903">
        <ele>273.0</ele>
      </trkpt>
      <trkpt lat="43.33791" lon="11.47878">
        <ele>273.0</ele>
      </trkpt>
      <trkpt lat="43.3375" lon="11.4764">
        <ele>265.0</ele>
      </trkpt>
      <trkpt lat="43.33794" lon="11.47437">
        <ele>256.0</ele>
      </trkpt>
      <trkpt lat="43.33832" lon="11.47393">
        <ele>248.0</ele>
      </trkpt>
      <trkpt lat="43.33906" lon="11.47372">
        <ele>241.0</ele>
      </trkpt>
      <trkpt lat="43.33995" lon="11.47218">
        <ele>233.0</ele>
      </trkpt>
      <trkpt lat="43.34009" lon="11.47166">
        <ele>229.0</ele>
      </trkpt>
      <trkpt lat="43.33982" lon="11.47022">
        <ele>230.0</ele>
      </trkpt>
      <trkpt lat="43.34007" lon="11.46948">
        <ele>232.0</ele>
      </trkpt>
      <trkpt lat="43.34042" lon="11.46918">
        <ele>234.0</ele>
      </trkpt>
      <trkpt lat="43.34144" lon="11.46934">
        <ele>239.0</ele>
      </trkpt>
      <trkpt lat="43.34181" lon="11.46892">
        <ele>242.0</ele>
      </trkpt>
      <trkpt lat="43.34178" lon="11.46667">
        <ele>247.0</ele>
      </trkpt>
      <trkpt lat="43.34142" lon="11.4654">
        <ele>252.0</ele>
      </trkpt>
      <trkpt lat="43.34158" lon="11.46499">
        <ele>254.0</ele>
      </trkpt>
      <trkpt lat="43.34196" lon="11.46496">
        <ele>257.0</ele>
      </trkpt>
      <trkpt lat="43.34268" lon="11.46565">
        <ele>260.0</ele>
      </trkpt>
      <trkpt lat="43.34362" lon="11.46537">
        <ele>263.0</ele>
      </trkpt>
      <trkpt lat="43.34471" lon="11.46563">
        <ele>266.0</ele>
      </trkpt>
      <trkpt lat="43.34551" lon="11.46602">
        <ele>270.0</ele>
      </trkpt>
      <trkpt lat="43.34669" lon="11.46585">
        <ele>277.0</ele>
      </trkpt>
      <trkpt lat="43.3477" lon="11.4646">
        <ele>284.0</ele>
      </trkpt>
      <trkpt lat="43.34791" lon="11.4645">
        <ele>287.0</ele>
      </trkpt>
      <trkpt lat="43.34895" lon="11.46443">
        <ele>294.0</ele>
      </trkpt>
      <trkpt lat="43.34939" lon="11.46502">
        <ele>302.0</ele>
      </trkpt>
      <trkpt lat="43.34973" lon="11.46505">
        <ele>304.0</ele>
      </trkpt>
      <trkpt lat="43.34998" lon="11.4648">
        <ele>305.0</ele>
      </trkpt>
      <trkpt lat="43.35015" lon="11.46412">
        <ele>306.0</ele>
      </trkpt>
      <trkpt lat="43.35052" lon="11.46364">
        <ele>307.0</ele>
      </trkpt>
      <trkpt lat="43.35048" lon="11.46329">
        <ele>308.0</ele>
      </trkpt>
      <trkpt lat="43.35011" lon="11.46274">
        <ele>309.0</ele>
      </trkpt>
      <trkpt lat="43.35014" lon="11.46251">
        <ele>309.0</ele>
      </trkpt>
      <trkpt lat="43.35136" lon="11.46176">
        <ele>311.0</ele>
      </trkpt>
      <trkpt lat="43.35185" lon="11.4619">
        <ele>312.0</ele>
      </trkpt>
      <trkpt lat="43.35275" lon="11.46152">
        <ele>310.0</ele>
      </trkpt>
      <trkpt lat="43.353" lon="11.46069">
        <ele>308.0</ele>
      </trkpt>
      <trkpt lat="43.35373" lon="11.46048">
        <ele>302.0</ele>
      </trkpt>
      <trkpt lat="43.35374" lon="11.46016">
        <ele>300.0</ele>
      </trkpt>
      <trkpt lat="43.35303" lon="11.45914">
        <ele>297.0</ele>
      </trkpt>
      <trkpt lat="43.35243" lon="11.45762">
        <ele>287.0</ele>
      </trkpt>
      <trkpt lat="43.35219" lon="11.45663">
        <ele>279.0</ele>
      </trkpt>
      <trkpt lat="43.35238" lon="11.45613">
        <ele>272.0</ele>
      </trkpt>
      <trkpt lat="43.35289" lon="11.45613">
        <ele>268.0</ele>
      </trkpt>
      <trkpt lat="43.35305" lon="11.45599">
        <ele>267.0</ele>
      </trkpt>
      <trkpt lat="43.35348" lon="11.45508">
        <ele>263.0</ele>
      </trkpt>
      <trkpt lat="43.35369" lon="11.45515">
        <ele>261.0</ele>
      </trkpt>
      <trkpt lat="43.35393" lon="11.45552">
        <ele>259.0</ele>
      </trkpt>
      <trkpt lat="43.3541" lon="11.45547">
        <ele>257.0</ele>
      </trkpt>
      <trkpt lat="43.35378" lon="11.45414">
        <ele>254.0</ele>
      </trkpt>
      <trkpt lat="43.35295" lon="11.45273">
        <ele>247.0</ele>
      </trkpt>
      <trkpt lat="43.35267" lon="11.45191">
        <ele>238.0</ele>
      </trkpt>
      <trkpt lat="43.35284" lon="11.44951">
        <ele>231.0</ele>
      </trkpt>
      <trkpt lat="43.35265" lon="11.44914">
        <ele>230.0</ele>
      </trkpt>
      <trkpt lat="43.35193" lon="11.44855">
        <ele>231.0</ele>
      </trkpt>
      <trkpt lat="43.35181" lon="11.44805">
        <ele>232.0</ele>
      </trkpt>
      <trkpt lat="43.35175" lon="11.44508">
        <ele>237.0</ele>
      </trkpt>
      <trkpt lat="43.35155" lon="11.4441">
        <ele>243.0</ele>
      </trkpt>
      <trkpt lat="43.35154" lon="11.44344">
        <ele>242.0</ele>
      </trkpt>
      <trkpt lat="43.35183" lon="11.44312">
        <ele>241.0</ele>
      </trkpt>
      <trkpt lat="43.35273" lon="11.44277">
        <ele>236.0</ele>
      </trkpt>
      <trkpt lat="43.35277" lon="11.44215">
        <ele>236.0</ele>
      </trkpt>
      <trkpt lat="43.35245" lon="11.44146">
        <ele>238.0</ele>
      </trkpt>
      <trkpt lat="43.35153" lon="11.44105">
        <ele>242.0</ele>
      </trkpt>
      <trkpt lat="43.35139" lon="11.44071">
        <ele>243.0</ele>
      </trkpt>
      <trkpt lat="43.35137" lon="11.43979">
        <ele>246.0</ele>
      </trkpt>
      <trkpt lat="43.35095" lon="11.44007">
        <ele>247.0</ele>
      </trkpt>
      <trkpt lat="43.35051" lon="11.44008">
        <ele>249.0</ele>
      </trkpt>
      <trkpt lat="43.34993" lon="11.43963">
        <ele>251.0</ele>
      </trkpt>
      <trkpt lat="43.34937" lon="11.43871">
        <ele>254.0</ele>
      </trkpt>
      <trkpt lat="43.34791" lon="11.43838">
        <ele>257.0</ele>
      </trkpt>
      <trkpt lat="43.34642" lon="11.43617">
        <ele>261.0</ele>
      </trkpt>
      <trkpt lat="43.34582" lon="11.43565">
        <ele>262.0</ele>
      </trkpt>
      <trkpt lat="43.34458" lon="11.4355">
        <ele>261.0</ele>
      </trkpt>
      <trkpt lat="43.34323" lon="11.43388">
        <ele>254.0</ele>
      </trkpt>
      <trkpt lat="43.3429" lon="11.43387">
        <ele>252.0</ele>
      </trkpt>
      <trkpt lat="43.34069" lon="11.43461">
        <ele>249.0</ele>
      </trkpt>
      <trkpt lat="43.34031" lon="11.43454">
        <ele>248.0</ele>
      </trkpt>
      <trkpt lat="43.33921" lon="11.43239">
        <ele>249.0</ele>
      </trkpt>
      <trkpt lat="43.33837" lon="11.43147">
        <ele>249.0</ele>
      </trkpt>
      <trkpt lat="43.33689" lon="11.43142">
        <ele>249.0</ele>
      </trkpt>
      <trkpt lat="43.33349" lon="11.43325">
        <ele>250.0</ele>
      </trkpt>
      <trkpt lat="43.33252" lon="11.43281">
        <ele>251.0</ele>
      </trkpt>
      <trkpt lat="43.32952" lon="11.43256">
        <ele>252.0</ele>
      </trkpt>
      <trkpt lat="43.3259" lon="11.43129">
        <ele>251.0</ele>
      </trkpt>
      <trkpt lat="43.32412" lon="11.43131">
        <ele>247.0</ele>
      </trkpt>
      <trkpt lat="43.32279" lon="11.43074">
        <ele>242.0</ele>
      </trkpt>
      <trkpt lat="43.32285" lon="11.42991">
        <ele>234.0</ele>
      </trkpt>
      <trkpt lat="43.32341" lon="11.42774">
        <ele>227.0</ele>
      </trkpt>
      <trkpt lat="43.32318" lon="11.42624">
        <ele>214.0</ele>
      </trkpt>
      <trkpt lat="43.32342" lon="11.42606">
        <ele>212.0</ele>
      </trkpt>
      <trkpt lat="43.32429" lon="11.42618">
        <ele>206.0</ele>
      </trkpt>
      <trkpt lat="43.32575" lon="11.42529">
        <ele>200.0</ele>
      </trkpt>
      <trkpt lat="43.32604" lon="11.42495">
        <ele>198.0</ele>
      </trkpt>
      <trkpt lat="43.32618" lon="11.42455">
        <ele>198.0</ele>
      </trkpt>
      <trkpt lat="43.32592" lon="11.42188">
        <ele>201.0</ele>
      </trkpt>
      <trkpt lat="43.32543" lon="11.41905">
        <ele>216.0</ele>
      </trkpt>
      <trkpt lat="43.32549" lon="11.41875">
        <ele>219.0</ele>
      </trkpt>
      <trkpt lat="43.32589" lon="11.41837">
        <ele>224.0</ele>
      </trkpt>
      <trkpt lat="43.32592" lon="11.4181">
        <ele>226.0</ele>
      </trkpt>
      <trkpt lat="43.32546" lon="11.41472">
        <ele>251.0</ele>
      </trkpt>
      <trkpt lat="43.32535" lon="11.41311">
        <ele>252.0</ele>
      </trkpt>
      <trkpt lat="43.32597" lon="11.41038">
        <ele>246.0</ele>
      </trkpt>
      <trkpt lat="43.3258" lon="11.40985">
        <ele>242.0</ele>
      </trkpt>
      <trkpt lat="43.32582" lon="11.40893">
        <ele>235.0</ele>
      </trkpt>
      <trkpt lat="43.32558" lon="11.40685">
        <ele>224.0</ele>
      </trkpt>
      <trkpt lat="43.32506" lon="11.40549">
        <ele>217.0</ele>
      </trkpt>
      <trkpt lat="43.32494" lon="11.40451">
        <ele>215.0</ele>
      </trkpt>
      <trkpt lat="43.32516" lon="11.39999">
        <ele>231.0</ele>
      </trkpt>
      <trkpt lat="43.32508" lon="11.39794">
        <ele>241.0</ele>
      </trkpt>
      <trkpt lat="43.32568" lon="11.39584">
        <ele>249.0</ele>
      </trkpt>
      <trkpt lat="43.32568" lon="11.39466">
        <ele>254.0</ele>
      </trkpt>
      <trkpt lat="43.32501" lon="11.39255">
        <ele>259.0</ele>
      </trkpt>
      <trkpt lat="43.32455" lon="11.39257">
        <ele>260.0</ele>
      </trkpt>
      <trkpt lat="43.32169" lon="11.39173">
        <ele>256.0</ele>
      </trkpt>
      <trkpt lat="43.32016" lon="11.3909">
        <ele>248.0</ele>
      </trkpt>
      <trkpt lat="43.31945" lon="11.38767">
        <ele>233.0</ele>
      </trkpt>
      <trkpt lat="43.31902" lon="11.38717">
        <ele>230.0</ele>
      </trkpt>
      <trkpt lat="43.31916" lon="11.38658">
        <ele>228.0</ele>
      </trkpt>
      <trkpt lat="43.32005" lon="11.3859">
        <ele>222.0</ele>
      </trkpt>
      <trkpt lat="43.32012" lon="11.38508">
        <ele>218.0</ele>
      </trkpt>
      <trkpt lat="43.32077" lon="11.38398">
        <ele>212.0</ele>
      </trkpt>
      <trkpt lat="43.3203" lon="11.38105">
        <ele>199.0</ele>
      </trkpt>
      <trkpt lat="43.32058" lon="11.37869">
        <ele>199.0</ele>
      </trkpt>
      <trkpt lat="43.32042" lon="11.37695">
        <ele>207.0</ele>
      </trkpt>
      <trkpt lat="43.32048" lon="11.37612">
        <ele>210.0</ele>
      </trkpt>
      <trkpt lat="43.32097" lon="11.37603">
        <ele>209.0</ele>
      </trkpt>
      <trkpt lat="43.32154" lon="11.377">
        <ele>208.0</ele>
      </trkpt>
      <trkpt lat="43.32234" lon="11.37714">
        <ele>211.0</ele>
      </trkpt>
      <trkpt lat="43.32263" lon="11.37685">
        <ele>214.0</ele>
      </trkpt>
      <trkpt lat="43.32313" lon="11.37594">
        <ele>221.0</ele>
      </trkpt>
      <trkpt lat="43.32401" lon="11.37592">
        <ele>228.0</ele>
      </trkpt>
      <trkpt lat="43.32409" lon="11.37604">
        <ele>237.0</ele>
      </trkpt>
      <trkpt lat="43.32387" lon="11.37668">
        <ele>248.0</ele>
      </trkpt>
      <trkpt lat="43.32415" lon="11.37682">
        <ele>254.0</ele>
      </trkpt>
      <trkpt lat="43.32561" lon="11.37526">
        <ele>252.0</ele>
      </trkpt>
      <trkpt lat="43.32703" lon="11.37486">
        <ele>255.0</ele>
      </trkpt>
      <trkpt lat="43.32805" lon="11.37496">
        <ele>259.0</ele>
      </trkpt>
      <trkpt lat="43.32869" lon="11.37584">
        <ele>268.0</ele>
      </trkpt>
      <trkpt lat="43.32933" lon="11.37568">
        <ele>272.0</ele>
      </trkpt>
      <trkpt lat="43.33051" lon="11.37592">
        <ele>276.0</ele>
      </trkpt>
      <trkpt lat="43.33145" lon="11.37551">
        <ele>277.0</ele>
      </trkpt>
      <trkpt lat="43.3324" lon="11.3739">
        <ele>276.0</ele>
      </trkpt>
      <trkpt lat="43.33334" lon="11.3735">
        <ele>275.0</ele>
      </trkpt>
      <trkpt lat="43.33564" lon="11.37314">
        <ele>280.0</ele>
      </trkpt>
      <trkpt lat="43.33707" lon="11.37245">
        <ele>286.0</ele>
      </trkpt>
      <trkpt lat="43.33727" lon="11.37196">
        <ele>290.0</ele>
      </trkpt>
      <trkpt lat="43.33783" lon="11.3716">
        <ele>293.0</ele>
      </trkpt>
      <trkpt lat="43.33796" lon="11.37162">
        <ele>295.0</ele>
      </trkpt>
      <trkpt lat="43.33813" lon="11.37198">
        <ele>297.0</ele>
      </trkpt>
      <trkpt lat="43.33824" lon="11.37192">
        <ele>297.0</ele>
      </trkpt>
      <trkpt lat="43.33971" lon="11.37087">
        <ele>296.0</ele>
      </trkpt>
      <trkpt lat="43.34053" lon="11.36999">
        <ele>290.0</ele>
      </trkpt>
      <trkpt lat="43.34242" lon="11.36848">
        <ele>288.0</ele>
      </trkpt>
      <trkpt lat="43.34552" lon="11.36214">
        <ele>274.0</ele>
      </trkpt>
      <trkpt lat="43.34532" lon="11.3611">
        <ele>270.0</ele>
      </trkpt>
      <trkpt lat="43.34574" lon="11.36034">
        <ele>268.0</ele>
      </trkpt>
      <trkpt lat="43.34574" lon="11.36">
        <ele>268.0</ele>
      </trkpt>
      <trkpt lat="43.34521" lon="11.35976">
        <ele>270.0</ele>
      </trkpt>
      <trkpt lat="43.34456" lon="11.35985">
        <ele>275.0</ele>
      </trkpt>
      <trkpt lat="43.34379" lon="11.35875">
        <ele>279.0</ele>
      </trkpt>
      <trkpt lat="43.34051" lon="11.35749">
        <ele>262.0</ele>
      </trkpt>
      <trkpt lat="43.3397" lon="11.35704">
        <ele>261.0</ele>
      </trkpt>
      <trkpt lat="43.33817" lon="11.35848">
        <ele>266.0</ele>
      </trkpt>
      <trkpt lat="43.33783" lon="11.35853">
        <ele>268.0</ele>
      </trkpt>
      <trkpt lat="43.33772" lon="11.35662">
        <ele>280.0</ele>
      </trkpt>
      <trkpt lat="43.33754" lon="11.3559">
        <ele>285.0</ele>
      </trkpt>
      <trkpt lat="43.33704" lon="11.35509">
        <ele>288.0</ele>
      </trkpt>
      <trkpt lat="43.33696" lon="11.35441">
        <ele>291.0</ele>
      </trkpt>
      <trkpt lat="43.3357" lon="11.35183">
        <ele>304.0</ele>
      </trkpt>
      <trkpt lat="43.33501" lon="11.35132">
        <ele>302.0</ele>
      </trkpt>
      <trkpt lat="43.33468" lon="11.3506">
        <ele>300.0</ele>
      </trkpt>
      <trkpt lat="43.33427" lon="11.34801">
        <ele>308.0</ele>
      </trkpt>
      <trkpt lat="43.33383" lon="11.34655">
        <ele>315.0</ele>
      </trkpt>
      <trkpt lat="43.33396" lon="11.34515">
        <ele>317.0</ele>
      </trkpt>
      <trkpt lat="43.33361" lon="11.34454">
        <ele>315.0</ele>
      </trkpt>
      <trkpt lat="43.33521" lon="11.34517">
        <ele>319.0</ele>
      </trkpt>
      <trkpt lat="43.33743" lon="11.34712">
        <ele>291.0</ele>
      </trkpt>
      <trkpt lat="43.33913" lon="11.34793">
        <ele>281.0</ele>
      </trkpt>
      <trkpt lat="43.33967" lon="11.3487">
        <ele>275.0</ele>
      </trkpt>
      <trkpt lat="43.34197" lon="11.34773">
        <ele>285.0</ele>
      </trkpt>
      <trkpt lat="43.34265" lon="11.34978">
        <ele>312.0</ele>
      </trkpt>
      <trkpt lat="43.34278" lon="11.34952">
        <ele>315.0</ele>
      </trkpt>
      <trkpt lat="43.34301" lon="11.34941">
        <ele>318.0</ele>
      </trkpt>
      <trkpt lat="43.34319" lon="11.34883">
        <ele>321.0</ele>
      </trkpt>
      <trkpt lat="43.34404" lon="11.34857">
        <ele>325.0</ele>
      </trkpt>
      <trkpt lat="43.34487" lon="11.34876">
        <ele>328.0</ele>
      </trkpt>
      <trkpt lat="43.34559" lon="11.34843">
        <ele>329.0</ele>
      </trkpt>
      <trkpt lat="43.34585" lon="11.34818">
        <ele>329.0</ele>
      </trkpt>
      <trkpt lat="43.34631" lon="11.34725">
        <ele>328.0</ele>
      </trkpt>
      <trkpt lat="43.34762" lon="11.34677">
        <ele>325.0</ele>
      </trkpt>
      <trkpt lat="43.34817" lon="11.3463">
        <ele>323.0</ele>
      </trkpt>
      <trkpt lat="43.34865" lon="11.34556">
        <ele>320.0</ele>
      </trkpt>
      <trkpt lat="43.3496" lon="11.34474">
        <ele>318.0</ele>
      </trkpt>
      <trkpt lat="43.35015" lon="11.3435">
        <ele>318.0</ele>
      </trkpt>
      <trkpt lat="43.35022" lon="11.34295">
        <ele>322.0</ele>
      </trkpt>
      <trkpt lat="43.3496" lon="11.3413">
        <ele>341.0</ele>
      </trkpt>
      <trkpt lat="43.35006" lon="11.34061">
        <ele>342.0</ele>
      </trkpt>
      <trkpt lat="43.35018" lon="11.33973">
        <ele>339.0</ele>
      </trkpt>
      <trkpt lat="43.35094" lon="11.33875">
        <ele>334.0</ele>
      </trkpt>
      <trkpt lat="43.35174" lon="11.33569">
        <ele>335.0</ele>
      </trkpt>
      <trkpt lat="43.35229" lon="11.33454">
        <ele>337.0</ele>
      </trkpt>
      <trkpt lat="43.3524" lon="11.33377">
        <ele>336.0</ele>
      </trkpt>
      <trkpt lat="43.35291" lon="11.33263">
        <ele>330.0</ele>
      </trkpt>
      <trkpt lat="43.35289" lon="11.33115">
        <ele>326.0</ele>
      </trkpt>
      <trkpt lat="43.35244" lon="11.32904">
        <ele>336.0</ele>
      </trkpt>
      <trkpt lat="43.3532" lon="11.32785">
        <ele>338.0</ele>
      </trkpt>
      <trkpt lat="43.35385" lon="11.32731">
        <ele>340.0</ele>
      </trkpt>
      <trkpt lat="43.35443" lon="11.3262">
        <ele>339.0</ele>
      </trkpt>
      <trkpt lat="43.35477" lon="11.32497">
        <ele>336.0</ele>
      </trkpt>
      <trkpt lat="43.35511" lon="11.32449">
        <ele>337.0</ele>
      </trkpt>
      <trkpt lat="43.35572" lon="11.32312">
        <ele>338.0</ele>
      </trkpt>
      <trkpt lat="43.35646" lon="11.32115">
        <ele>337.0</ele>
      </trkpt>
      <trkpt lat="43.35695" lon="11.32036">
        <ele>338.0</ele>
      </trkpt>
      <trkpt lat="43.35746" lon="11.3196">
        <ele>342.0</ele>
      </trkpt>
      <trkpt lat="43.3589" lon="11.31871">
        <ele>346.0</ele>
      </trkpt>
      <trkpt lat="43.35927" lon="11.31832">
        <ele>348.0</ele>
      </trkpt>
      <trkpt lat="43.35932" lon="11.31668">
        <ele>348.0</ele>
      </trkpt>
      <trkpt lat="43.35938" lon="11.31743">
        <ele>346.0</ele>
      </trkpt>
      <trkpt lat="43.35989" lon="11.31879">
        <ele>341.0</ele>
      </trkpt>
      <trkpt lat="43.35986" lon="11.3195">
        <ele>337.0</ele>
      </trkpt>
      <trkpt lat="43.36015" lon="11.32005">
        <ele>333.0</ele>
      </trkpt>
      <trkpt lat="43.35999" lon="11.32026">
        <ele>331.0</ele>
      </trkpt>
      <trkpt lat="43.3596" lon="11.32007">
        <ele>329.0</ele>
      </trkpt>
      <trkpt lat="43.35958" lon="11.32045">
        <ele>326.0</ele>
      </trkpt>
      <trkpt lat="43.36006" lon="11.32097">
        <ele>322.0</ele>
      </trkpt>
      <trkpt lat="43.36083" lon="11.32113">
        <ele>316.0</ele>
      </trkpt>
      <trkpt lat="43.36089" lon="11.322">
        <ele>313.0</ele>
      </trkpt>
      <trkpt lat="43.36122" lon="11.32289">
        <ele>312.0</ele>
      </trkpt>
      <trkpt lat="43.36263" lon="11.32467">
        <ele>310.0</ele>
      </trkpt>
      <trkpt lat="43.36332" lon="11.32597">
        <ele>310.0</ele>
      </trkpt>
      <trkpt lat="43.36364" lon="11.32693">
        <ele>308.0</ele>
      </trkpt>
      <trkpt lat="43.36358" lon="11.32735">
        <ele>305.0</ele>
      </trkpt>
      <trkpt lat="43.36232" lon="11.32869">
        <ele>296.0</ele>
      </trkpt>
      <trkpt lat="43.36232" lon="11.32904">
        <ele>293.0</ele>
      </trkpt>
      <trkpt lat="43.3625" lon="11.32916">
        <ele>291.0</ele>
      </trkpt>
      <trkpt lat="43.36281" lon="11.32876">
        <ele>289.0</ele>
      </trkpt>
      <trkpt lat="43.36308" lon="11.32871">
        <ele>287.0</ele>
      </trkpt>
      <trkpt lat="43.36401" lon="11.33028">
        <ele>278.0</ele>
      </trkpt>
      <trkpt lat="43.36562" lon="11.33045">
        <ele>267.0</ele>
      </trkpt>
      <trkpt lat="43.36614" lon="11.33235">
        <ele>255.0</ele>
      </trkpt>
      <trkpt lat="43.36664" lon="11.33321">
        <ele>252.0</ele>
      </trkpt>
      <trkpt lat="43.36909" lon="11.33382">
        <ele>257.0</ele>
      </trkpt>
      <trkpt lat="43.37329" lon="11.33587">
        <ele>290.0</ele>
      </trkpt>
      <trkpt lat="43.37495" lon="11.3361">
        <ele>295.0</ele>
      </trkpt>
      <trkpt lat="43.37593" lon="11.33651">
        <ele>296.0</ele>
      </trkpt>
      <trkpt lat="43.37714" lon="11.33739">
        <ele>301.0</ele>
      </trkpt>
      <trkpt lat="43.37797" lon="11.33882">
        <ele>310.0</ele>
      </trkpt>
      <trkpt lat="43.37847" lon="11.33931">
        <ele>315.0</ele>
      </trkpt>
      <trkpt lat="43.38044" lon="11.34083">
        <ele>339.0</ele>
      </trkpt>
      <trkpt lat="43.38161" lon="11.34119">
        <ele>348.0</ele>
      </trkpt>
      <trkpt lat="43.38282" lon="11.34211">
        <ele>353.0</ele>
      </trkpt>
      <trkpt lat="43.38152" lon="11.34302">
        <ele>354.0</ele>
      </trkpt>
      <trkpt lat="43.38039" lon="11.34435">
        <ele>354.0</ele>
      </trkpt>
      <trkpt lat="43.37961" lon="11.34676">
        <ele>353.0</ele>
      </trkpt>
      <trkpt lat="43.379" lon="11.34774">
        <ele>351.0</ele>
      </trkpt>
      <trkpt lat="43.37821" lon="11.34856">
        <ele>350.0</ele>
      </trkpt>
      <trkpt lat="43.37553" lon="11.35041">
        <ele>344.0</ele>
      </trkpt>
      <trkpt lat="43.37462" lon="11.35113">
        <ele>342.0</ele>
      </trkpt>
      <trkpt lat="43.37416" lon="11.35168">
        <ele>341.0</ele>
      </trkpt>
      <trkpt lat="43.37359" lon="11.35366">
        <ele>345.0</ele>
      </trkpt>
      <trkpt lat="43.3737" lon="11.35735">
        <ele>356.0</ele>
      </trkpt>
      <trkpt lat="43.37323" lon="11.35885">
        <ele>360.0</ele>
      </trkpt>
      <trkpt lat="43.37303" lon="11.35913">
        <ele>362.0</ele>
      </trkpt>
      <trkpt lat="43.37224" lon="11.35959">
        <ele>361.0</ele>
      </trkpt>
      <trkpt lat="43.3719" lon="11.35937">
        <ele>359.0</ele>
      </trkpt>
      <trkpt lat="43.37052" lon="11.35961">
        <ele>356.0</ele>
      </trkpt>
      <trkpt lat="43.36968" lon="11.3601">
        <ele>350.0</ele>
      </trkpt>
      <trkpt lat="43.36929" lon="11.36004">
        <ele>349.0</ele>
      </trkpt>
      <trkpt lat="43.36191" lon="11.3671">
        <ele>325.0</ele>
      </trkpt>
      <trkpt lat="43.36058" lon="11.36762">
        <ele>320.0</ele>
      </trkpt>
      <trkpt lat="43.35746" lon="11.36933">
        <ele>301.0</ele>
      </trkpt>
      <trkpt lat="43.35385" lon="11.36976">
        <ele>286.0</ele>
      </trkpt>
      <trkpt lat="43.35242" lon="11.36812">
        <ele>278.0</ele>
      </trkpt>
      <trkpt lat="43.35137" lon="11.36754">
        <ele>268.0</ele>
      </trkpt>
      <trkpt lat="43.34783" lon="11.36748">
        <ele>228.0</ele>
      </trkpt>
      <trkpt lat="43.34841" lon="11.37053">
        <ele>230.0</ele>
      </trkpt>
      <trkpt lat="43.34792" lon="11.37386">
        <ele>242.0</ele>
      </trkpt>
      <trkpt lat="43.34762" lon="11.37503">
        <ele>248.0</ele>
      </trkpt>
      <trkpt lat="43.3476" lon="11.37661">
        <ele>253.0</ele>
      </trkpt>
      <trkpt lat="43.3477" lon="11.37718">
        <ele>255.0</ele>
      </trkpt>
      <trkpt lat="43.34939" lon="11.38115">
        <ele>259.0</ele>
      </trkpt>
      <trkpt lat="43.34944" lon="11.38151">
        <ele>259.0</ele>
      </trkpt>
      <trkpt lat="43.34933" lon="11.38181">
        <ele>260.0</ele>
      </trkpt>
      <trkpt lat="43.34915" lon="11.38183">
        <ele>260.0</ele>
      </trkpt>
      <trkpt lat="43.34843" lon="11.38096">
        <ele>261.0</ele>
      </trkpt>
      <trkpt lat="43.34808" lon="11.38085">
        <ele>262.0</ele>
      </trkpt>
      <trkpt lat="43.34758" lon="11.38152">
        <ele>263.0</ele>
      </trkpt>
      <trkpt lat="43.34752" lon="11.38194">
        <ele>263.0</ele>
      </trkpt>
      <trkpt lat="43.34805" lon="11.3841">
        <ele>265.0</ele>
      </trkpt>
      <trkpt lat="43.34851" lon="11.38496">
        <ele>270.0</ele>
      </trkpt>
      <trkpt lat="43.34897" lon="11.3854">
        <ele>274.0</ele>
      </trkpt>
      <trkpt lat="43.35096" lon="11.38662">
        <ele>291.0</ele>
      </trkpt>
      <trkpt lat="43.35088" lon="11.3869">
        <ele>294.0</ele>
      </trkpt>
      <trkpt lat="43.35036" lon="11.38707">
        <ele>294.0</ele>
      </trkpt>
      <trkpt lat="43.34935" lon="11.38847">
        <ele>295.0</ele>
      </trkpt>
      <trkpt lat="43.34865" lon="11.39051">
        <ele>305.0</ele>
      </trkpt>
      <trkpt lat="43.34869" lon="11.39113">
        <ele>308.0</ele>
      </trkpt>
      <trkpt lat="43.3499" lon="11.39265">
        <ele>307.0</ele>
      </trkpt>
      <trkpt lat="43.35027" lon="11.39373">
        <ele>307.0</ele>
      </trkpt>
      <trkpt lat="43.35048" lon="11.39539">
        <ele>307.0</ele>
      </trkpt>
      <trkpt lat="43.35025" lon="11.3982">
        <ele>310.0</ele>
      </trkpt>
      <trkpt lat="43.34842" lon="11.39897">
        <ele>309.0</ele>
      </trkpt>
      <trkpt lat="43.34811" lon="11.39849">
        <ele>307.0</ele>
      </trkpt>
      <trkpt lat="43.34687" lon="11.39886">
        <ele>304.0</ele>
      </trkpt>
      <trkpt lat="43.34536" lon="11.40106">
        <ele>302.0</ele>
      </trkpt>
      <trkpt lat="43.34493" lon="11.40128">
        <ele>301.0</ele>
      </trkpt>
      <trkpt lat="43.34416" lon="11.40137">
        <ele>296.0</ele>
      </trkpt>
      <trkpt lat="43.34341" lon="11.40178">
        <ele>292.0</ele>
      </trkpt>
      <trkpt lat="43.34316" lon="11.40216">
        <ele>291.0</ele>
      </trkpt>
      <trkpt lat="43.3429" lon="11.40325">
        <ele>289.0</ele>
      </trkpt>
      <trkpt lat="43.34227" lon="11.40349">
        <ele>289.0</ele>
      </trkpt>
      <trkpt lat="43.34089" lon="11.40526">
        <ele>288.0</ele>
      </trkpt>
      <trkpt lat="43.3397" lon="11.40603">
        <ele>289.0</ele>
      </trkpt>
      <trkpt lat="43.33909" lon="11.407">
        <ele>290.0</ele>
      </trkpt>
      <trkpt lat="43.33829" lon="11.40778">
        <ele>290.0</ele>
      </trkpt>
      <trkpt lat="43.33808" lon="11.40785">
        <ele>290.0</ele>
      </trkpt>
      <trkpt lat="43.33723" lon="11.40706">
        <ele>291.0</ele>
      </trkpt>
      <trkpt lat="43.33636" lon="11.40668">
        <ele>291.0</ele>
      </trkpt>
      <trkpt lat="43.33597" lon="11.40681">
        <ele>292.0</ele>
      </trkpt>
      <trkpt lat="43.33541" lon="11.40737">
        <ele>294.0</ele>
      </trkpt>
      <trkpt lat="43.33429" lon="11.40747">
        <ele>294.0</ele>
      </trkpt>
      <trkpt lat="43.33407" lon="11.40602">
        <ele>289.0</ele>
      </trkpt>
      <trkpt lat="43.3342" lon="11.40418">
        <ele>284.0</ele>
      </trkpt>
      <trkpt lat="43.33409" lon="11.40402">
        <ele>282.0</ele>
      </trkpt>
      <trkpt lat="43.33186" lon="11.40518">
        <ele>278.0</ele>
      </trkpt>
      <trkpt lat="43.33035" lon="11.40562">
        <ele>270.0</ele>
      </trkpt>
      <trkpt lat="43.32958" lon="11.40611">
        <ele>264.0</ele>
      </trkpt>
      <trkpt lat="43.32597" lon="11.41041">
        <ele>244.0</ele>
      </trkpt>
      <trkpt lat="43.3258" lon="11.40985">
        <ele>241.0</ele>
      </trkpt>
      <trkpt lat="43.32582" lon="11.40893">
        <ele>235.0</ele>
      </trkpt>
      <trkpt lat="43.32558" lon="11.40685">
        <ele>224.0</ele>
      </trkpt>
      <trkpt lat="43.32506" lon="11.40549">
        <ele>217.0</ele>
      </trkpt>
      <trkpt lat="43.32494" lon="11.40451">
        <ele>215.0</ele>
      </trkpt>
      <trkpt lat="43.32516" lon="11.39999">
        <ele>231.0</ele>
      </trkpt>
      <trkpt lat="43.32508" lon="11.39794">
        <ele>241.0</ele>
      </trkpt>
      <trkpt lat="43.32568" lon="11.39584">
        <ele>249.0</ele>
      </trkpt>
      <trkpt lat="43.32562" lon="11.39434">
        <ele>256.0</ele>
      </trkpt>
      <trkpt lat="43.32501" lon="11.39255">
        <ele>259.0</ele>
      </trkpt>
      <trkpt lat="43.32455" lon="11.39257">
        <ele>260.0</ele>
      </trkpt>
      <trkpt lat="43.32169" lon="11.39173">
        <ele>256.0</ele>
      </trkpt>
      <trkpt lat="43.32016" lon="11.3909">
        <ele>248.0</ele>
      </trkpt>
      <trkpt lat="43.31945" lon="11.38767">
        <ele>233.0</ele>
      </trkpt>
      <trkpt lat="43.31902" lon="11.38717">
        <ele>230.0</ele>
      </trkpt>
      <trkpt lat="43.31916" lon="11.38658">
        <ele>228.0</ele>
      </trkpt>
      <trkpt lat="43.32005" lon="11.3859">
        <ele>222.0</ele>
      </trkpt>
      <trkpt lat="43.32012" lon="11.38508">
        <ele>218.0</ele>
      </trkpt>
      <trkpt lat="43.32077" lon="11.38398">
        <ele>212.0</ele>
      </trkpt>
      <trkpt lat="43.3203" lon="11.38105">
        <ele>199.0</ele>
      </trkpt>
      <trkpt lat="43.32058" lon="11.37869">
        <ele>199.0</ele>
      </trkpt>
      <trkpt lat="43.32042" lon="11.37695">
        <ele>207.0</ele>
      </trkpt>
      <trkpt lat="43.32048" lon="11.37612">
        <ele>210.0</ele>
      </trkpt>
      <trkpt lat="43.32097" lon="11.37603">
        <ele>209.0</ele>
      </trkpt>
      <trkpt lat="43.32154" lon="11.377">
        <ele>208.0</ele>
      </trkpt>
      <trkpt lat="43.32234" lon="11.37714">
        <ele>212.0</ele>
      </trkpt>
      <trkpt lat="43.32263" lon="11.37685">
        <ele>215.0</ele>
      </trkpt>
      <trkpt lat="43.32313" lon="11.37594">
        <ele>221.0</ele>
      </trkpt>
      <trkpt lat="43.32401" lon="11.37592">
        <ele>228.0</ele>
      </trkpt>
      <trkpt lat="43.32409" lon="11.37604">
        <ele>237.0</ele>
      </trkpt>
      <trkpt lat="43.32387" lon="11.37668">
        <ele>248.0</ele>
      </trkpt>
      <trkpt lat="43.32415" lon="11.37682">
        <ele>254.0</ele>
      </trkpt>
      <trkpt lat="43.32561" lon="11.37526">
        <ele>252.0</ele>
      </trkpt>
      <trkpt lat="43.32703" lon="11.37486">
        <ele>254.0</ele>
      </trkpt>
      <trkpt lat="43.32805" lon="11.37496">
        <ele>259.0</ele>
      </trkpt>
      <trkpt lat="43.32869" lon="11.37584">
        <ele>268.0</ele>
      </trkpt>
      <trkpt lat="43.32933" lon="11.37568">
        <ele>272.0</ele>
      </trkpt>
      <trkpt lat="43.32995" lon="11.37589">
        <ele>274.0</ele>
      </trkpt>
      <trkpt lat="43.33066" lon="11.37587">
        <ele>276.0</ele>
      </trkpt>
      <trkpt lat="43.33145" lon="11.37551">
        <ele>277.0</ele>
      </trkpt>
      <trkpt lat="43.3324" lon="11.3739">
        <ele>276.0</ele>
      </trkpt>
      <trkpt lat="43.33334" lon="11.3735">
        <ele>275.0</ele>
      </trkpt>
      <trkpt lat="43.33564" lon="11.37314">
        <ele>280.0</ele>
      </trkpt>
      <trkpt lat="43.33707" lon="11.37245">
        <ele>287.0</ele>
      </trkpt>
      <trkpt lat="43.33727" lon="11.37196">
        <ele>291.0</ele>
      </trkpt>
      <trkpt lat="43.33783" lon="11.3716">
        <ele>293.0</ele>
      </trkpt>
      <trkpt lat="43.33797" lon="11.37162">
        <ele>295.0</ele>
      </trkpt>
      <trkpt lat="43.33813" lon="11.37198">
        <ele>297.0</ele>
      </trkpt>
      <trkpt lat="43.33971" lon="11.37087">
        <ele>296.0</ele>
      </trkpt>
      <trkpt lat="43.34053" lon="11.36999">
        <ele>290.0</ele>
      </trkpt>
      <trkpt lat="43.34242" lon="11.36848">
        <ele>288.0</ele>
      </trkpt>
      <trkpt lat="43.34552" lon="11.36214">
        <ele>276.0</ele>
      </trkpt>
      <trkpt lat="43.34532" lon="11.3611">
        <ele>270.0</ele>
      </trkpt>
      <trkpt lat="43.34574" lon="11.36034">
        <ele>268.0</ele>
      </trkpt>
      <trkpt lat="43.34574" lon="11.36">
        <ele>268.0</ele>
      </trkpt>
      <trkpt lat="43.34521" lon="11.35976">
        <ele>270.0</ele>
      </trkpt>
      <trkpt lat="43.34464" lon="11.35989">
        <ele>274.0</ele>
      </trkpt>
      <trkpt lat="43.34379" lon="11.35875">
        <ele>279.0</ele>
      </trkpt>
      <trkpt lat="43.34051" lon="11.35749">
        <ele>262.0</ele>
      </trkpt>
      <trkpt lat="43.33976" lon="11.35705">
        <ele>261.0</ele>
      </trkpt>
      <trkpt lat="43.33957" lon="11.35709">
        <ele>261.0</ele>
      </trkpt>
      <trkpt lat="43.33919" lon="11.35763">
        <ele>265.0</ele>
      </trkpt>
      <trkpt lat="43.33817" lon="11.35848">
        <ele>266.0</ele>
      </trkpt>
      <trkpt lat="43.33783" lon="11.35853">
        <ele>268.0</ele>
      </trkpt>
      <trkpt lat="43.33772" lon="11.35662">
        <ele>280.0</ele>
      </trkpt>
      <trkpt lat="43.33754" lon="11.3559">
        <ele>285.0</ele>
      </trkpt>
      <trkpt lat="43.33704" lon="11.35509">
        <ele>288.0</ele>
      </trkpt>
      <trkpt lat="43.33696" lon="11.35441">
        <ele>291.0</ele>
      </trkpt>
      <trkpt lat="43.3357" lon="11.35183">
        <ele>304.0</ele>
      </trkpt>
      <trkpt lat="43.33501" lon="11.35132">
        <ele>302.0</ele>
      </trkpt>
      <trkpt lat="43.33468" lon="11.3506">
        <ele>300.0</ele>
      </trkpt>
      <trkpt lat="43.33427" lon="11.34801">
        <ele>308.0</ele>
      </trkpt>
      <trkpt lat="43.33383" lon="11.34655">
        <ele>315.0</ele>
      </trkpt>
      <trkpt lat="43.33396" lon="11.34515">
        <ele>317.0</ele>
      </trkpt>
      <trkpt lat="43.33361" lon="11.34454">
        <ele>315.0</ele>
      </trkpt>
      <trkpt lat="43.33521" lon="11.34517">
        <ele>318.0</ele>
      </trkpt>
      <trkpt lat="43.33743" lon="11.34712">
        <ele>292.0</ele>
      </trkpt>
      <trkpt lat="43.33913" lon="11.34793">
        <ele>281.0</ele>
      </trkpt>
      <trkpt lat="43.33967" lon="11.3487">
        <ele>275.0</ele>
      </trkpt>
      <trkpt lat="43.34197" lon="11.34773">
        <ele>285.0</ele>
      </trkpt>
      <trkpt lat="43.34265" lon="11.34978">
        <ele>312.0</ele>
      </trkpt>
      <trkpt lat="43.34278" lon="11.34952">
        <ele>315.0</ele>
      </trkpt>
      <trkpt lat="43.34298" lon="11.34946">
        <ele>317.0</ele>
      </trkpt>
      <trkpt lat="43.34307" lon="11.34903">
        <ele>319.0</ele>
      </trkpt>
      <trkpt lat="43.34331" lon="11.34876">
        <ele>321.0</ele>
      </trkpt>
      <trkpt lat="43.34404" lon="11.34857">
        <ele>325.0</ele>
      </trkpt>
      <trkpt lat="43.34475" lon="11.34878">
        <ele>328.0</ele>
      </trkpt>
      <trkpt lat="43.34559" lon="11.34843">
        <ele>329.0</ele>
      </trkpt>
      <trkpt lat="43.34585" lon="11.34818">
        <ele>329.0</ele>
      </trkpt>
      <trkpt lat="43.34631" lon="11.34725">
        <ele>328.0</ele>
      </trkpt>
      <trkpt lat="43.34734" lon="11.34691">
        <ele>326.0</ele>
      </trkpt>
      <trkpt lat="43.34801" lon="11.34645">
        <ele>324.0</ele>
      </trkpt>
      <trkpt lat="43.34865" lon="11.34556">
        <ele>320.0</ele>
      </trkpt>
      <trkpt lat="43.3496" lon="11.34474">
        <ele>318.0</ele>
      </trkpt>
      <trkpt lat="43.34993" lon="11.34412">
        <ele>318.0</ele>
      </trkpt>
      <trkpt lat="43.35022" lon="11.34295">
        <ele>322.0</ele>
      </trkpt>
      <trkpt lat="43.3496" lon="11.3413">
        <ele>341.0</ele>
      </trkpt>
      <trkpt lat="43.35006" lon="11.34061">
        <ele>342.0</ele>
      </trkpt>
      <trkpt lat="43.35018" lon="11.33973">
        <ele>339.0</ele>
      </trkpt>
      <trkpt lat="43.35087" lon="11.33888">
        <ele>334.0</ele>
      </trkpt>
      <trkpt lat="43.35113" lon="11.33819">
        <ele>334.0</ele>
      </trkpt>
      <trkpt lat="43.35174" lon="11.33569">
        <ele>335.0</ele>
      </trkpt>
      <trkpt lat="43.35229" lon="11.33454">
        <ele>337.0</ele>
      </trkpt>
      <trkpt lat="43.3524" lon="11.33377">
        <ele>336.0</ele>
      </trkpt>
      <trkpt lat="43.35291" lon="11.33263">
        <ele>329.0</ele>
      </trkpt>
      <trkpt lat="43.35289" lon="11.33115">
        <ele>326.0</ele>
      </trkpt>
      <trkpt lat="43.35244" lon="11.32904">
        <ele>336.0</ele>
      </trkpt>
      <trkpt lat="43.35215" lon="11.32874">
        <ele>336.0</ele>
      </trkpt>
      <trkpt lat="43.35144" lon="11.32834">
        <ele>337.0</ele>
      </trkpt>
      <trkpt lat="43.35018" lon="11.32845">
        <ele>332.0</ele>
      </trkpt>
      <trkpt lat="43.34906" lon="11.3279">
        <ele>322.0</ele>
      </trkpt>
      <trkpt lat="43.35062" lon="11.3259">
        <ele>308.0</ele>
      </trkpt>
      <trkpt lat="43.35056" lon="11.32546">
        <ele>308.0</ele>
      </trkpt>
      <trkpt lat="43.34983" lon="11.32509">
        <ele>308.0</ele>
      </trkpt>
      <trkpt lat="43.34809" lon="11.32469">
        <ele>306.0</ele>
      </trkpt>
      <trkpt lat="43.34709" lon="11.32482">
        <ele>306.0</ele>
      </trkpt>
      <trkpt lat="43.34649" lon="11.3245">
        <ele>310.0</ele>
      </trkpt>
      <trkpt lat="43.34513" lon="11.32219">
        <ele>323.0</ele>
      </trkpt>
      <trkpt lat="43.34312" lon="11.32071">
        <ele>327.0</ele>
      </trkpt>
      <trkpt lat="43.34164" lon="11.3189">
        <ele>338.0</ele>
      </trkpt>
      <trkpt lat="43.34126" lon="11.31797">
        <ele>349.0</ele>
      </trkpt>
      <trkpt lat="43.34103" lon="11.31589">
        <ele>360.0</ele>
      </trkpt>
      <trkpt lat="43.34045" lon="11.31621">
        <ele>356.0</ele>
      </trkpt>
      <trkpt lat="43.338" lon="11.31637">
        <ele>343.0</ele>
      </trkpt>
      <trkpt lat="43.3369" lon="11.31675">
        <ele>324.0</ele>
      </trkpt>
      <trkpt lat="43.33582" lon="11.31755">
        <ele>311.0</ele>
      </trkpt>
      <trkpt lat="43.33457" lon="11.31915">
        <ele>296.0</ele>
      </trkpt>
      <trkpt lat="43.33396" lon="11.31911">
        <ele>292.0</ele>
      </trkpt>
      <trkpt lat="43.33347" lon="11.31986">
        <ele>291.0</ele>
      </trkpt>
      <trkpt lat="43.33329" lon="11.31988">
        <ele>289.0</ele>
      </trkpt>
      <trkpt lat="43.33252" lon="11.31938">
        <ele>290.0</ele>
      </trkpt>
      <trkpt lat="43.33239" lon="11.3191">
        <ele>292.0</ele>
      </trkpt>
      <trkpt lat="43.33245" lon="11.3186">
        <ele>293.0</ele>
      </trkpt>
      <trkpt lat="43.33331" lon="11.31534">
        <ele>306.0</ele>
      </trkpt>
      <trkpt lat="43.33343" lon="11.31242">
        <ele>316.0</ele>
      </trkpt>
      <trkpt lat="43.3344" lon="11.31001">
        <ele>329.0</ele>
      </trkpt>
      <trkpt lat="43.33416" lon="11.30971">
        <ele>332.0</ele>
      </trkpt>
      <trkpt lat="43.33266" lon="11.31148">
        <ele>341.0</ele>
      </trkpt>
      <trkpt lat="43.33219" lon="11.31243">
        <ele>345.0</ele>
      </trkpt>
      <trkpt lat="43.3319" lon="11.31176">
        <ele>346.0</ele>
      </trkpt>
      <trkpt lat="43.33123" lon="11.31149">
        <ele>346.0</ele>
      </trkpt>
      <trkpt lat="43.3304" lon="11.3105">
        <ele>345.0</ele>
      </trkpt>
      <trkpt lat="43.32998" lon="11.31034">
        <ele>344.0</ele>
      </trkpt>
      <trkpt lat="43.32833" lon="11.31135">
        <ele>343.0</ele>
      </trkpt>
      <trkpt lat="43.3262" lon="11.31223">
        <ele>342.0</ele>
      </trkpt>
      <trkpt lat="43.32551" lon="11.31274">
        <ele>343.0</ele>
      </trkpt>
      <trkpt lat="43.32321" lon="11.31302">
        <ele>343.0</ele>
      </trkpt>
      <trkpt lat="43.32251" lon="11.3127">
        <ele>340.0</ele>
      </trkpt>
      <trkpt lat="43.32174" lon="11.31276">
        <ele>341.0</ele>
      </trkpt>
      <trkpt lat="43.32137" lon="11.31291">
        <ele>342.0</ele>
      </trkpt>
      <trkpt lat="43.32101" lon="11.31341">
        <ele>343.0</ele>
      </trkpt>
      <trkpt lat="43.32048" lon="11.3138">
        <ele>342.0</ele>
      </trkpt>
      <trkpt lat="43.31964" lon="11.31348">
        <ele>339.0</ele>
      </trkpt>
      <trkpt lat="43.31845" lon="11.31344">
        <ele>332.0</ele>
      </trkpt>
      <trkpt lat="43.31786" lon="11.31383">
        <ele>328.0</ele>
      </trkpt>
      <trkpt lat="43.31618" lon="11.31407">
        <ele>320.0</ele>
      </trkpt>
      <trkpt lat="43.31637" lon="11.31438">
        <ele>317.0</ele>
      </trkpt>
      <trkpt lat="43.31806" lon="11.315">
        <ele>313.0</ele>
      </trkpt>
      <trkpt lat="43.31946" lon="11.31582">
        <ele>300.0</ele>
      </trkpt>
      <trkpt lat="43.32043" lon="11.31596">
        <ele>292.0</ele>
      </trkpt>
      <trkpt lat="43.32223" lon="11.31678">
        <ele>281.0</ele>
      </trkpt>
      <trkpt lat="43.3221" lon="11.31696">
        <ele>281.0</ele>
      </trkpt>
      <trkpt lat="43.32044" lon="11.31659">
        <ele>277.0</ele>
      </trkpt>
      <trkpt lat="43.31949" lon="11.31679">
        <ele>274.0</ele>
      </trkpt>
      <trkpt lat="43.31823" lon="11.31651">
        <ele>271.0</ele>
      </trkpt>
      <trkpt lat="43.31715" lon="11.31667">
        <ele>268.0</ele>
      </trkpt>
      <trkpt lat="43.31612" lon="11.31619">
        <ele>266.0</ele>
      </trkpt>
      <trkpt lat="43.31499" lon="11.31657">
        <ele>263.0</ele>
      </trkpt>
      <trkpt lat="43.31441" lon="11.31693">
        <ele>260.0</ele>
      </trkpt>
      <trkpt lat="43.3141" lon="11.3173">
        <ele>257.0</ele>
      </trkpt>
      <trkpt lat="43.31414" lon="11.31788">
        <ele>254.0</ele>
      </trkpt>
      <trkpt lat="43.31571" lon="11.32033">
        <ele>260.0</ele>
      </trkpt>
      <trkpt lat="43.31698" lon="11.32333">
        <ele>278.0</ele>
      </trkpt>
      <trkpt lat="43.31834" lon="11.32565">
        <ele>285.0</ele>
      </trkpt>
      <trkpt lat="43.31909" lon="11.32759">
        <ele>305.0</ele>
      </trkpt>
      <trkpt lat="43.31959" lon="11.32823">
        <ele>313.0</ele>
      </trkpt>
      <trkpt lat="43.32005" lon="11.33029">
        <ele>329.0</ele>
      </trkpt>
      <trkpt lat="43.31916" lon="11.33023">
        <ele>339.0</ele>
      </trkpt>
      <trkpt lat="43.31881" lon="11.3308">
        <ele>339.0</ele>
      </trkpt>
      <trkpt lat="43.31912" lon="11.33124">
        <ele>339.0</ele>
      </trkpt>
      <trkpt lat="43.31923" lon="11.33181">
        <ele>339.0</ele>
      </trkpt>
      <trkpt lat="43.31913" lon="11.33268">
        <ele>338.0</ele>
      </trkpt>
      <trkpt lat="43.31865" lon="11.33246">
        <ele>334.0</ele>
      </trkpt>
      <trkpt lat="43.31842" lon="11.33215">
        <ele>332.0</ele>
      </trkpt>
    </trkseg>
  </trk>
</gpx>