<?xml version="1.0" encoding="UTF-8"?>
<gpx xmlns="http://www.topografix.com/GPX/1/0" xmlns:xsi="http://www.w3.org/2001/XMLSchema-instance" xsi:schemaLocation="http://www.topografix.com/GPX/1/0 http://www.topografix.com/GPX/1/0/gpx.xsd" version="1.0" creator="GPSBabel - https://www.gpsbabel.org">
  <time>2026-09-25T07:07:35.961000Z</time>
  <bounds minlat="45.68156" maxlat="45.97274" minlon="9.05255" maxlon="9.82182" />
  <trk>
    <trkseg>
      <trkpt lat="45.69117" lon="9.70077">
        <ele>259.0</ele>
      </trkpt>
      <trkpt lat="45.68916" lon="9.70814">
        <ele>258.0</ele>
      </trkpt>
      <trkpt lat="45.68894" lon="9.70891">
        <ele>258.0</ele>
      </trkpt>
      <trkpt lat="45.68865" lon="9.70938">
        <ele>258.0</ele>
      </trkpt>
      <trkpt lat="45.68859" lon="9.70987">
        <ele>258.0</ele>
      </trkpt>
      <trkpt lat="45.6876" lon="9.7122">
        <ele>258.0</ele>
      </trkpt>
      <trkpt lat="45.68526" lon="9.71642">
        <ele>255.0</ele>
      </trkpt>
      <trkpt lat="45.68479" lon="9.7176">
        <ele>253.0</ele>
      </trkpt>
      <trkpt lat="45.6849" lon="9.71802">
        <ele>252.0</ele>
      </trkpt>
      <trkpt lat="45.68487" lon="9.72006">
        <ele>249.0</ele>
      </trkpt>
      <trkpt lat="45.68541" lon="9.72172">
        <ele>246.0</ele>
      </trkpt>
      <trkpt lat="45.68542" lon="9.72539">
        <ele>248.0</ele>
      </trkpt>
      <trkpt lat="45.68532" lon="9.72609">
        <ele>248.0</ele>
      </trkpt>
      <trkpt lat="45.68505" lon="9.72652">
        <ele>248.0</ele>
      </trkpt>
      <trkpt lat="45.68514" lon="9.7268">
        <ele>248.0</ele>
      </trkpt>
      <trkpt lat="45.68515" lon="9.72875">
        <ele>248.0</ele>
      </trkpt>
      <trkpt lat="45.68543" lon="9.73282">
        <ele>248.0</ele>
      </trkpt>
      <trkpt lat="45.68575" lon="9.73474">
        <ele>250.0</ele>
      </trkpt>
      <trkpt lat="45.6874" lon="9.74181">
        <ele>254.0</ele>
      </trkpt>
      <trkpt lat="45.68766" lon="9.7439">
        <ele>254.0</ele>
      </trkpt>
      <trkpt lat="45.6877" lon="9.74591">
        <ele>253.0</ele>
      </trkpt>
      <trkpt lat="45.68753" lon="9.74798">
        <ele>253.0</ele>
      </trkpt>
      <trkpt lat="45.68536" lon="9.76258">
        <ele>248.0</ele>
      </trkpt>
      <trkpt lat="45.68432" lon="9.76854">
        <ele>241.0</ele>
      </trkpt>
      <trkpt lat="45.68428" lon="9.7691">
        <ele>241.0</ele>
      </trkpt>
      <trkpt lat="45.6845" lon="9.7704">
        <ele>241.0</ele>
      </trkpt>
      <trkpt lat="45.68451" lon="9.77142">
        <ele>240.0</ele>
      </trkpt>
      <trkpt lat="45.68348" lon="9.77606">
        <ele>238.0</ele>
      </trkpt>
      <trkpt lat="45.68326" lon="9.77652">
        <ele>237.0</ele>
      </trkpt>
      <trkpt lat="45.68337" lon="9.77696">
        <ele>237.0</ele>
      </trkpt>
      <trkpt lat="45.68277" lon="9.78212">
        <ele>236.0</ele>
      </trkpt>
      <trkpt lat="45.68237" lon="9.78249">
        <ele>236.0</ele>
      </trkpt>
      <trkpt lat="45.6823" lon="9.78278">
        <ele>236.0</ele>
      </trkpt>
      <trkpt lat="45.68238" lon="9.78305">
        <ele>235.0</ele>
      </trkpt>
      <trkpt lat="45.68273" lon="9.7832">
        <ele>235.0</ele>
      </trkpt>
      <trkpt lat="45.68287" lon="9.78347">
        <ele>235.0</ele>
      </trkpt>
      <trkpt lat="45.68315" lon="9.78661">
        <ele>235.0</ele>
      </trkpt>
      <trkpt lat="45.68289" lon="9.78742">
        <ele>235.0</ele>
      </trkpt>
      <trkpt lat="45.68289" lon="9.78776">
        <ele>235.0</ele>
      </trkpt>
      <trkpt lat="45.68342" lon="9.78835">
        <ele>236.0</ele>
      </trkpt>
      <trkpt lat="45.68381" lon="9.78999">
        <ele>237.0</ele>
      </trkpt>
      <trkpt lat="45.68586" lon="9.79562">
        <ele>239.0</ele>
      </trkpt>
      <trkpt lat="45.6862" lon="9.79698">
        <ele>240.0</ele>
      </trkpt>
      <trkpt lat="45.68688" lon="9.80303">
        <ele>241.0</ele>
      </trkpt>
      <trkpt lat="45.68688" lon="9.80363">
        <ele>241.0</ele>
      </trkpt>
      <trkpt lat="45.68627" lon="9.8065">
        <ele>241.0</ele>
      </trkpt>
      <trkpt lat="45.68594" lon="9.81095">
        <ele>242.0</ele>
      </trkpt>
      <trkpt lat="45.68588" lon="9.81387">
        <ele>243.0</ele>
      </trkpt>
      <trkpt lat="45.68622" lon="9.81551">
        <ele>245.0</ele>
      </trkpt>
      <trkpt lat="45.6865" lon="9.81582">
        <ele>245.0</ele>
      </trkpt>
      <trkpt lat="45.68701" lon="9.81695">
        <ele>246.0</ele>
      </trkpt>
      <trkpt lat="45.68908" lon="9.82064">
        <ele>250.0</ele>
      </trkpt>
      <trkpt lat="45.68962" lon="9.82036">
        <ele>251.0</ele>
      </trkpt>
      <trkpt lat="45.69204" lon="9.82146">
        <ele>254.0</ele>
      </trkpt>
      <trkpt lat="45.69252" lon="9.82181">
        <ele>254.0</ele>
      </trkpt>
      <trkpt lat="45.69271" lon="9.82175">
        <ele>254.0</ele>
      </trkpt>
      <trkpt lat="45.69285" lon="9.8213">
        <ele>254.0</ele>
      </trkpt>
      <trkpt lat="45.69309" lon="9.82117">
        <ele>254.0</ele>
      </trkpt>
      <trkpt lat="45.69601" lon="9.82029">
        <ele>255.0</ele>
      </trkpt>
      <trkpt lat="45.69629" lon="9.82046">
        <ele>256.0</ele>
      </trkpt>
      <trkpt lat="45.69649" lon="9.82019">
        <ele>257.0</ele>
      </trkpt>
      <trkpt lat="45.69727" lon="9.81989">
        <ele>258.0</ele>
      </trkpt>
      <trkpt lat="45.69811" lon="9.81998">
        <ele>261.0</ele>
      </trkpt>
      <trkpt lat="45.69936" lon="9.82071">
        <ele>268.0</ele>
      </trkpt>
      <trkpt lat="45.6995" lon="9.81891">
        <ele>274.0</ele>
      </trkpt>
      <trkpt lat="45.70002" lon="9.81702">
        <ele>281.0</ele>
      </trkpt>
      <trkpt lat="45.70008" lon="9.81607">
        <ele>283.0</ele>
      </trkpt>
      <trkpt lat="45.70108" lon="9.81498">
        <ele>282.0</ele>
      </trkpt>
      <trkpt lat="45.7019" lon="9.8146">
        <ele>281.0</ele>
      </trkpt>
      <trkpt lat="45.70226" lon="9.81423">
        <ele>282.0</ele>
      </trkpt>
      <trkpt lat="45.70207" lon="9.81278">
        <ele>289.0</ele>
      </trkpt>
      <trkpt lat="45.70223" lon="9.81194">
        <ele>297.0</ele>
      </trkpt>
      <trkpt lat="45.70248" lon="9.81174">
        <ele>300.0</ele>
      </trkpt>
      <trkpt lat="45.70302" lon="9.81205">
        <ele>304.0</ele>
      </trkpt>
      <trkpt lat="45.70415" lon="9.81188">
        <ele>313.0</ele>
      </trkpt>
      <trkpt lat="45.70466" lon="9.81126">
        <ele>318.0</ele>
      </trkpt>
      <trkpt lat="45.70568" lon="9.81189">
        <ele>324.0</ele>
      </trkpt>
      <trkpt lat="45.70602" lon="9.81055">
        <ele>326.0</ele>
      </trkpt>
      <trkpt lat="45.70653" lon="9.81">
        <ele>327.0</ele>
      </trkpt>
      <trkpt lat="45.70704" lon="9.80875">
        <ele>331.0</ele>
      </trkpt>
      <trkpt lat="45.70844" lon="9.80767">
        <ele>338.0</ele>
      </trkpt>
      <trkpt lat="45.70897" lon="9.80703">
        <ele>344.0</ele>
      </trkpt>
      <trkpt lat="45.70906" lon="9.80657">
        <ele>347.0</ele>
      </trkpt>
      <trkpt lat="45.70871" lon="9.80428">
        <ele>357.0</ele>
      </trkpt>
      <trkpt lat="45.70884" lon="9.80391">
        <ele>359.0</ele>
      </trkpt>
      <trkpt lat="45.70939" lon="9.80317">
        <ele>364.0</ele>
      </trkpt>
      <trkpt lat="45.70981" lon="9.80156">
        <ele>374.0</ele>
      </trkpt>
      <trkpt lat="45.70956" lon="9.80064">
        <ele>379.0</ele>
      </trkpt>
      <trkpt lat="45.70911" lon="9.79969">
        <ele>385.0</ele>
      </trkpt>
      <trkpt lat="45.70925" lon="9.79924">
        <ele>388.0</ele>
      </trkpt>
      <trkpt lat="45.70935" lon="9.7993">
        <ele>388.0</ele>
      </trkpt>
      <trkpt lat="45.7096" lon="9.79997">
        <ele>391.0</ele>
      </trkpt>
      <trkpt lat="45.71025" lon="9.8009">
        <ele>394.0</ele>
      </trkpt>
      <trkpt lat="45.71086" lon="9.80065">
        <ele>398.0</ele>
      </trkpt>
      <trkpt lat="45.71102" lon="9.79974">
        <ele>401.0</ele>
      </trkpt>
      <trkpt lat="45.71092" lon="9.79901">
        <ele>403.0</ele>
      </trkpt>
      <trkpt lat="45.711" lon="9.79858">
        <ele>404.0</ele>
      </trkpt>
      <trkpt lat="45.71135" lon="9.79805">
        <ele>406.0</ele>
      </trkpt>
      <trkpt lat="45.71177" lon="9.797">
        <ele>410.0</ele>
      </trkpt>
      <trkpt lat="45.71216" lon="9.79649">
        <ele>412.0</ele>
      </trkpt>
      <trkpt lat="45.71241" lon="9.79559">
        <ele>411.0</ele>
      </trkpt>
      <trkpt lat="45.71225" lon="9.79512">
        <ele>410.0</ele>
      </trkpt>
      <trkpt lat="45.71155" lon="9.79475">
        <ele>408.0</ele>
      </trkpt>
      <trkpt lat="45.71125" lon="9.79417">
        <ele>408.0</ele>
      </trkpt>
      <trkpt lat="45.71115" lon="9.79377">
        <ele>407.0</ele>
      </trkpt>
      <trkpt lat="45.7112" lon="9.79286">
        <ele>407.0</ele>
      </trkpt>
      <trkpt lat="45.71194" lon="9.79089">
        <ele>399.0</ele>
      </trkpt>
      <trkpt lat="45.71278" lon="9.78973">
        <ele>393.0</ele>
      </trkpt>
      <trkpt lat="45.71348" lon="9.78927">
        <ele>391.0</ele>
      </trkpt>
      <trkpt lat="45.71391" lon="9.78817">
        <ele>390.0</ele>
      </trkpt>
      <trkpt lat="45.71365" lon="9.7868">
        <ele>387.0</ele>
      </trkpt>
      <trkpt lat="45.71391" lon="9.78439">
        <ele>381.0</ele>
      </trkpt>
      <trkpt lat="45.71386" lon="9.78269">
        <ele>374.0</ele>
      </trkpt>
      <trkpt lat="45.71409" lon="9.78185">
        <ele>370.0</ele>
      </trkpt>
      <trkpt lat="45.71428" lon="9.78019">
        <ele>363.0</ele>
      </trkpt>
      <trkpt lat="45.71473" lon="9.77955">
        <ele>361.0</ele>
      </trkpt>
      <trkpt lat="45.71497" lon="9.77894">
        <ele>359.0</ele>
      </trkpt>
      <trkpt lat="45.71493" lon="9.77762">
        <ele>357.0</ele>
      </trkpt>
      <trkpt lat="45.71452" lon="9.77677">
        <ele>353.0</ele>
      </trkpt>
      <trkpt lat="45.7145" lon="9.77645">
        <ele>351.0</ele>
      </trkpt>
      <trkpt lat="45.71464" lon="9.77579">
        <ele>348.0</ele>
      </trkpt>
      <trkpt lat="45.715" lon="9.77537">
        <ele>346.0</ele>
      </trkpt>
      <trkpt lat="45.71512" lon="9.77501">
        <ele>344.0</ele>
      </trkpt>
      <trkpt lat="45.71526" lon="9.77321">
        <ele>336.0</ele>
      </trkpt>
      <trkpt lat="45.71679" lon="9.7713">
        <ele>326.0</ele>
      </trkpt>
      <trkpt lat="45.71824" lon="9.769">
        <ele>323.0</ele>
      </trkpt>
      <trkpt lat="45.72303" lon="9.76406">
        <ele>316.0</ele>
      </trkpt>
      <trkpt lat="45.72424" lon="9.76252">
        <ele>316.0</ele>
      </trkpt>
      <trkpt lat="45.72469" lon="9.76153">
        <ele>316.0</ele>
      </trkpt>
      <trkpt lat="45.7253" lon="9.76101">
        <ele>315.0</ele>
      </trkpt>
      <trkpt lat="45.72743" lon="9.7602">
        <ele>310.0</ele>
      </trkpt>
      <trkpt lat="45.72901" lon="9.75939">
        <ele>308.0</ele>
      </trkpt>
      <trkpt lat="45.73039" lon="9.75925">
        <ele>308.0</ele>
      </trkpt>
      <trkpt lat="45.73111" lon="9.75887">
        <ele>307.0</ele>
      </trkpt>
      <trkpt lat="45.73208" lon="9.75864">
        <ele>306.0</ele>
      </trkpt>
      <trkpt lat="45.73432" lon="9.75731">
        <ele>307.0</ele>
      </trkpt>
      <trkpt lat="45.73591" lon="9.75722">
        <ele>301.0</ele>
      </trkpt>
      <trkpt lat="45.73644" lon="9.75748">
        <ele>299.0</ele>
      </trkpt>
      <trkpt lat="45.73724" lon="9.75918">
        <ele>299.0</ele>
      </trkpt>
      <trkpt lat="45.73769" lon="9.76095">
        <ele>299.0</ele>
      </trkpt>
      <trkpt lat="45.73778" lon="9.76275">
        <ele>298.0</ele>
      </trkpt>
      <trkpt lat="45.73833" lon="9.76456">
        <ele>301.0</ele>
      </trkpt>
      <trkpt lat="45.74094" lon="9.76257">
        <ele>303.0</ele>
      </trkpt>
      <trkpt lat="45.74121" lon="9.76254">
        <ele>305.0</ele>
      </trkpt>
      <trkpt lat="45.74142" lon="9.7622">
        <ele>306.0</ele>
      </trkpt>
      <trkpt lat="45.74239" lon="9.76165">
        <ele>310.0</ele>
      </trkpt>
      <trkpt lat="45.74359" lon="9.76156">
        <ele>313.0</ele>
      </trkpt>
      <trkpt lat="45.74441" lon="9.76218">
        <ele>319.0</ele>
      </trkpt>
      <trkpt lat="45.74489" lon="9.76211">
        <ele>322.0</ele>
      </trkpt>
      <trkpt lat="45.74514" lon="9.76185">
        <ele>325.0</ele>
      </trkpt>
      <trkpt lat="45.74586" lon="9.76238">
        <ele>329.0</ele>
      </trkpt>
      <trkpt lat="45.74635" lon="9.76197">
        <ele>332.0</ele>
      </trkpt>
      <trkpt lat="45.7466" lon="9.76155">
        <ele>334.0</ele>
      </trkpt>
      <trkpt lat="45.74752" lon="9.76202">
        <ele>337.0</ele>
      </trkpt>
      <trkpt lat="45.74811" lon="9.76184">
        <ele>338.0</ele>
      </trkpt>
      <trkpt lat="45.74841" lon="9.76154">
        <ele>339.0</ele>
      </trkpt>
      <trkpt lat="45.74837" lon="9.76136">
        <ele>341.0</ele>
      </trkpt>
      <trkpt lat="45.74779" lon="9.76162">
        <ele>347.0</ele>
      </trkpt>
      <trkpt lat="45.74622" lon="9.7602">
        <ele>362.0</ele>
      </trkpt>
      <trkpt lat="45.74602" lon="9.75987">
        <ele>364.0</ele>
      </trkpt>
      <trkpt lat="45.74604" lon="9.75888">
        <ele>368.0</ele>
      </trkpt>
      <trkpt lat="45.74688" lon="9.75846">
        <ele>377.0</ele>
      </trkpt>
      <trkpt lat="45.74759" lon="9.75845">
        <ele>388.0</ele>
      </trkpt>
      <trkpt lat="45.74829" lon="9.75904">
        <ele>395.0</ele>
      </trkpt>
      <trkpt lat="45.74918" lon="9.75915">
        <ele>397.0</ele>
      </trkpt>
      <trkpt lat="45.74956" lon="9.75956">
        <ele>396.0</ele>
      </trkpt>
      <trkpt lat="45.75115" lon="9.76055">
        <ele>385.0</ele>
      </trkpt>
      <trkpt lat="45.7524" lon="9.76031">
        <ele>405.0</ele>
      </trkpt>
      <trkpt lat="45.75298" lon="9.76003">
        <ele>415.0</ele>
      </trkpt>
      <trkpt lat="45.75358" lon="9.7595">
        <ele>423.0</ele>
      </trkpt>
      <trkpt lat="45.75421" lon="9.75928">
        <ele>434.0</ele>
      </trkpt>
      <trkpt lat="45.75528" lon="9.75728">
        <ele>446.0</ele>
      </trkpt>
      <trkpt lat="45.75597" lon="9.75714">
        <ele>449.0</ele>
      </trkpt>
      <trkpt lat="45.75635" lon="9.75682">
        <ele>452.0</ele>
      </trkpt>
      <trkpt lat="45.75697" lon="9.75562">
        <ele>460.0</ele>
      </trkpt>
      <trkpt lat="45.75793" lon="9.7545">
        <ele>469.0</ele>
      </trkpt>
      <trkpt lat="45.75784" lon="9.7544">
        <ele>470.0</ele>
      </trkpt>
      <trkpt lat="45.75729" lon="9.75483">
        <ele>473.0</ele>
      </trkpt>
      <trkpt lat="45.75773" lon="9.75435">
        <ele>477.0</ele>
      </trkpt>
      <trkpt lat="45.75871" lon="9.75268">
        <ele>485.0</ele>
      </trkpt>
      <trkpt lat="45.75864" lon="9.75246">
        <ele>490.0</ele>
      </trkpt>
      <trkpt lat="45.75838" lon="9.75304">
        <ele>494.0</ele>
      </trkpt>
      <trkpt lat="45.75826" lon="9.75303">
        <ele>496.0</ele>
      </trkpt>
      <trkpt lat="45.75855" lon="9.75242">
        <ele>500.0</ele>
      </trkpt>
      <trkpt lat="45.75926" lon="9.75233">
        <ele>504.0</ele>
      </trkpt>
      <trkpt lat="45.76008" lon="9.75169">
        <ele>507.0</ele>
      </trkpt>
      <trkpt lat="45.76002" lon="9.75157">
        <ele>509.0</ele>
      </trkpt>
      <trkpt lat="45.75951" lon="9.75202">
        <ele>511.0</ele>
      </trkpt>
      <trkpt lat="45.7594" lon="9.75197">
        <ele>511.0</ele>
      </trkpt>
      <trkpt lat="45.75994" lon="9.75142">
        <ele>514.0</ele>
      </trkpt>
      <trkpt lat="45.76035" lon="9.75124">
        <ele>515.0</ele>
      </trkpt>
      <trkpt lat="45.76138" lon="9.74895">
        <ele>534.0</ele>
      </trkpt>
      <trkpt lat="45.76294" lon="9.74694">
        <ele>537.0</ele>
      </trkpt>
      <trkpt lat="45.76306" lon="9.74647">
        <ele>540.0</ele>
      </trkpt>
      <trkpt lat="45.76396" lon="9.74638">
        <ele>545.0</ele>
      </trkpt>
      <trkpt lat="45.76436" lon="9.74616">
        <ele>548.0</ele>
      </trkpt>
      <trkpt lat="45.76456" lon="9.74594">
        <ele>550.0</ele>
      </trkpt>
      <trkpt lat="45.76485" lon="9.74509">
        <ele>556.0</ele>
      </trkpt>
      <trkpt lat="45.76543" lon="9.74498">
        <ele>561.0</ele>
      </trkpt>
      <trkpt lat="45.76559" lon="9.74538">
        <ele>565.0</ele>
      </trkpt>
      <trkpt lat="45.76574" lon="9.74653">
        <ele>570.0</ele>
      </trkpt>
      <trkpt lat="45.76571" lon="9.74731">
        <ele>576.0</ele>
      </trkpt>
      <trkpt lat="45.76588" lon="9.74792">
        <ele>580.0</ele>
      </trkpt>
      <trkpt lat="45.76582" lon="9.74898">
        <ele>584.0</ele>
      </trkpt>
      <trkpt lat="45.76602" lon="9.74942">
        <ele>585.0</ele>
      </trkpt>
      <trkpt lat="45.76592" lon="9.74889">
        <ele>586.0</ele>
      </trkpt>
      <trkpt lat="45.76606" lon="9.74794">
        <ele>588.0</ele>
      </trkpt>
      <trkpt lat="45.76599" lon="9.74733">
        <ele>591.0</ele>
      </trkpt>
      <trkpt lat="45.76626" lon="9.74644">
        <ele>596.0</ele>
      </trkpt>
      <trkpt lat="45.76626" lon="9.74561">
        <ele>598.0</ele>
      </trkpt>
      <trkpt lat="45.76637" lon="9.74529">
        <ele>601.0</ele>
      </trkpt>
      <trkpt lat="45.76622" lon="9.74469">
        <ele>604.0</ele>
      </trkpt>
      <trkpt lat="45.76627" lon="9.7444">
        <ele>607.0</ele>
      </trkpt>
      <trkpt lat="45.76637" lon="9.74445">
        <ele>609.0</ele>
      </trkpt>
      <trkpt lat="45.76635" lon="9.74479">
        <ele>610.0</ele>
      </trkpt>
      <trkpt lat="45.76649" lon="9.7452">
        <ele>613.0</ele>
      </trkpt>
      <trkpt lat="45.76642" lon="9.74561">
        <ele>615.0</ele>
      </trkpt>
      <trkpt lat="45.76661" lon="9.7465">
        <ele>616.0</ele>
      </trkpt>
      <trkpt lat="45.76646" lon="9.747">
        <ele>618.0</ele>
      </trkpt>
      <trkpt lat="45.7665" lon="9.74803">
        <ele>620.0</ele>
      </trkpt>
      <trkpt lat="45.76635" lon="9.7488">
        <ele>622.0</ele>
      </trkpt>
      <trkpt lat="45.76646" lon="9.74891">
        <ele>623.0</ele>
      </trkpt>
      <trkpt lat="45.76657" lon="9.74764">
        <ele>628.0</ele>
      </trkpt>
      <trkpt lat="45.76688" lon="9.74627">
        <ele>632.0</ele>
      </trkpt>
      <trkpt lat="45.76689" lon="9.7441">
        <ele>640.0</ele>
      </trkpt>
      <trkpt lat="45.76702" lon="9.7442">
        <ele>641.0</ele>
      </trkpt>
      <trkpt lat="45.76699" lon="9.74486">
        <ele>644.0</ele>
      </trkpt>
      <trkpt lat="45.76715" lon="9.7453">
        <ele>647.0</ele>
      </trkpt>
      <trkpt lat="45.76727" lon="9.74656">
        <ele>651.0</ele>
      </trkpt>
      <trkpt lat="45.76693" lon="9.74853">
        <ele>663.0</ele>
      </trkpt>
      <trkpt lat="45.76709" lon="9.74845">
        <ele>664.0</ele>
      </trkpt>
      <trkpt lat="45.76708" lon="9.74786">
        <ele>666.0</ele>
      </trkpt>
      <trkpt lat="45.76745" lon="9.74704">
        <ele>670.0</ele>
      </trkpt>
      <trkpt lat="45.76766" lon="9.746">
        <ele>674.0</ele>
      </trkpt>
      <trkpt lat="45.76792" lon="9.74545">
        <ele>677.0</ele>
      </trkpt>
      <trkpt lat="45.76831" lon="9.7451">
        <ele>679.0</ele>
      </trkpt>
      <trkpt lat="45.76781" lon="9.74407">
        <ele>681.0</ele>
      </trkpt>
      <trkpt lat="45.76773" lon="9.74349">
        <ele>683.0</ele>
      </trkpt>
      <trkpt lat="45.76784" lon="9.74353">
        <ele>685.0</ele>
      </trkpt>
      <trkpt lat="45.76791" lon="9.744">
        <ele>688.0</ele>
      </trkpt>
      <trkpt lat="45.76876" lon="9.74519">
        <ele>696.0</ele>
      </trkpt>
      <trkpt lat="45.76808" lon="9.74612">
        <ele>703.0</ele>
      </trkpt>
      <trkpt lat="45.76799" lon="9.74721">
        <ele>706.0</ele>
      </trkpt>
      <trkpt lat="45.76779" lon="9.748">
        <ele>709.0</ele>
      </trkpt>
      <trkpt lat="45.76791" lon="9.74795">
        <ele>710.0</ele>
      </trkpt>
      <trkpt lat="45.76831" lon="9.7462">
        <ele>714.0</ele>
      </trkpt>
      <trkpt lat="45.76941" lon="9.74543">
        <ele>723.0</ele>
      </trkpt>
      <trkpt lat="45.76923" lon="9.74436">
        <ele>729.0</ele>
      </trkpt>
      <trkpt lat="45.76871" lon="9.74353">
        <ele>733.0</ele>
      </trkpt>
      <trkpt lat="45.76865" lon="9.74286">
        <ele>736.0</ele>
      </trkpt>
      <trkpt lat="45.76888" lon="9.74356">
        <ele>739.0</ele>
      </trkpt>
      <trkpt lat="45.76943" lon="9.74408">
        <ele>743.0</ele>
      </trkpt>
      <trkpt lat="45.7696" lon="9.74469">
        <ele>746.0</ele>
      </trkpt>
      <trkpt lat="45.76994" lon="9.74524">
        <ele>750.0</ele>
      </trkpt>
      <trkpt lat="45.76981" lon="9.74583">
        <ele>752.0</ele>
      </trkpt>
      <trkpt lat="45.76916" lon="9.74659">
        <ele>757.0</ele>
      </trkpt>
      <trkpt lat="45.77004" lon="9.74586">
        <ele>762.0</ele>
      </trkpt>
      <trkpt lat="45.77029" lon="9.7451">
        <ele>767.0</ele>
      </trkpt>
      <trkpt lat="45.77026" lon="9.74487">
        <ele>769.0</ele>
      </trkpt>
      <trkpt lat="45.77005" lon="9.74443">
        <ele>772.0</ele>
      </trkpt>
      <trkpt lat="45.77004" lon="9.74396">
        <ele>776.0</ele>
      </trkpt>
      <trkpt lat="45.76944" lon="9.74307">
        <ele>782.0</ele>
      </trkpt>
      <trkpt lat="45.76942" lon="9.74263">
        <ele>786.0</ele>
      </trkpt>
      <trkpt lat="45.76978" lon="9.74201">
        <ele>790.0</ele>
      </trkpt>
      <trkpt lat="45.77023" lon="9.74173">
        <ele>793.0</ele>
      </trkpt>
      <trkpt lat="45.77087" lon="9.74017">
        <ele>804.0</ele>
      </trkpt>
      <trkpt lat="45.77093" lon="9.74031">
        <ele>807.0</ele>
      </trkpt>
      <trkpt lat="45.77048" lon="9.74146">
        <ele>809.0</ele>
      </trkpt>
      <trkpt lat="45.77041" lon="9.74198">
        <ele>810.0</ele>
      </trkpt>
      <trkpt lat="45.76996" lon="9.74236">
        <ele>811.0</ele>
      </trkpt>
      <trkpt lat="45.76993" lon="9.74255">
        <ele>812.0</ele>
      </trkpt>
      <trkpt lat="45.77064" lon="9.74364">
        <ele>819.0</ele>
      </trkpt>
      <trkpt lat="45.77023" lon="9.74266">
        <ele>825.0</ele>
      </trkpt>
      <trkpt lat="45.77072" lon="9.74229">
        <ele>829.0</ele>
      </trkpt>
      <trkpt lat="45.77088" lon="9.74139">
        <ele>834.0</ele>
      </trkpt>
      <trkpt lat="45.77137" lon="9.74053">
        <ele>840.0</ele>
      </trkpt>
      <trkpt lat="45.77148" lon="9.7406">
        <ele>841.0</ele>
      </trkpt>
      <trkpt lat="45.77131" lon="9.74076">
        <ele>842.0</ele>
      </trkpt>
      <trkpt lat="45.77101" lon="9.74154">
        <ele>844.0</ele>
      </trkpt>
      <trkpt lat="45.77104" lon="9.74227">
        <ele>846.0</ele>
      </trkpt>
      <trkpt lat="45.77117" lon="9.74258">
        <ele>849.0</ele>
      </trkpt>
      <trkpt lat="45.7724" lon="9.74212">
        <ele>860.0</ele>
      </trkpt>
      <trkpt lat="45.77388" lon="9.74201">
        <ele>875.0</ele>
      </trkpt>
      <trkpt lat="45.77442" lon="9.74136">
        <ele>880.0</ele>
      </trkpt>
      <trkpt lat="45.77502" lon="9.74122">
        <ele>885.0</ele>
      </trkpt>
      <trkpt lat="45.77553" lon="9.74032">
        <ele>889.0</ele>
      </trkpt>
      <trkpt lat="45.77656" lon="9.73964">
        <ele>899.0</ele>
      </trkpt>
      <trkpt lat="45.77699" lon="9.73977">
        <ele>903.0</ele>
      </trkpt>
      <trkpt lat="45.77712" lon="9.73996">
        <ele>905.0</ele>
      </trkpt>
      <trkpt lat="45.77698" lon="9.74121">
        <ele>910.0</ele>
      </trkpt>
      <trkpt lat="45.77723" lon="9.74229">
        <ele>913.0</ele>
      </trkpt>
      <trkpt lat="45.77723" lon="9.74319">
        <ele>913.0</ele>
      </trkpt>
      <trkpt lat="45.77773" lon="9.74361">
        <ele>914.0</ele>
      </trkpt>
      <trkpt lat="45.77864" lon="9.7437">
        <ele>918.0</ele>
      </trkpt>
      <trkpt lat="45.77899" lon="9.74408">
        <ele>921.0</ele>
      </trkpt>
      <trkpt lat="45.7793" lon="9.74517">
        <ele>924.0</ele>
      </trkpt>
      <trkpt lat="45.77938" lon="9.74666">
        <ele>928.0</ele>
      </trkpt>
      <trkpt lat="45.77968" lon="9.74753">
        <ele>931.0</ele>
      </trkpt>
      <trkpt lat="45.77949" lon="9.74823">
        <ele>934.0</ele>
      </trkpt>
      <trkpt lat="45.77953" lon="9.74859">
        <ele>936.0</ele>
      </trkpt>
      <trkpt lat="45.78071" lon="9.75054">
        <ele>943.0</ele>
      </trkpt>
      <trkpt lat="45.78154" lon="9.75232">
        <ele>945.0</ele>
      </trkpt>
      <trkpt lat="45.78159" lon="9.7547">
        <ele>949.0</ele>
      </trkpt>
      <trkpt lat="45.7824" lon="9.75584">
        <ele>950.0</ele>
      </trkpt>
      <trkpt lat="45.78234" lon="9.75674">
        <ele>950.0</ele>
      </trkpt>
      <trkpt lat="45.78243" lon="9.75702">
        <ele>950.0</ele>
      </trkpt>
      <trkpt lat="45.78292" lon="9.75714">
        <ele>950.0</ele>
      </trkpt>
      <trkpt lat="45.78472" lon="9.75628">
        <ele>950.0</ele>
      </trkpt>
      <trkpt lat="45.78542" lon="9.75642">
        <ele>949.0</ele>
      </trkpt>
      <trkpt lat="45.78626" lon="9.75742">
        <ele>953.0</ele>
      </trkpt>
      <trkpt lat="45.7871" lon="9.75901">
        <ele>962.0</ele>
      </trkpt>
      <trkpt lat="45.78753" lon="9.76014">
        <ele>975.0</ele>
      </trkpt>
      <trkpt lat="45.78873" lon="9.76106">
        <ele>993.0</ele>
      </trkpt>
      <trkpt lat="45.78912" lon="9.76186">
        <ele>1002.0</ele>
      </trkpt>
      <trkpt lat="45.7898" lon="9.76247">
        <ele>1010.0</ele>
      </trkpt>
      <trkpt lat="45.79036" lon="9.7637">
        <ele>1016.0</ele>
      </trkpt>
      <trkpt lat="45.79191" lon="9.76561">
        <ele>1019.0</ele>
      </trkpt>
      <trkpt lat="45.7945" lon="9.77024">
        <ele>1017.0</ele>
      </trkpt>
      <trkpt lat="45.79503" lon="9.77055">
        <ele>1017.0</ele>
      </trkpt>
      <trkpt lat="45.79595" lon="9.77171">
        <ele>1014.0</ele>
      </trkpt>
      <trkpt lat="45.79701" lon="9.77256">
        <ele>1011.0</ele>
      </trkpt>
      <trkpt lat="45.79747" lon="9.77271">
        <ele>1009.0</ele>
      </trkpt>
      <trkpt lat="45.79814" lon="9.77266">
        <ele>1006.0</ele>
      </trkpt>
      <trkpt lat="45.79917" lon="9.77214">
        <ele>1004.0</ele>
      </trkpt>
      <trkpt lat="45.79986" lon="9.77147">
        <ele>1005.0</ele>
      </trkpt>
      <trkpt lat="45.80007" lon="9.77079">
        <ele>1007.0</ele>
      </trkpt>
      <trkpt lat="45.80135" lon="9.76919">
        <ele>1017.0</ele>
      </trkpt>
      <trkpt lat="45.80144" lon="9.76817">
        <ele>1019.0</ele>
      </trkpt>
      <trkpt lat="45.80193" lon="9.76813">
        <ele>1017.0</ele>
      </trkpt>
      <trkpt lat="45.80212" lon="9.76793">
        <ele>1017.0</ele>
      </trkpt>
      <trkpt lat="45.80225" lon="9.76708">
        <ele>1015.0</ele>
      </trkpt>
      <trkpt lat="45.80256" lon="9.76619">
        <ele>1011.0</ele>
      </trkpt>
      <trkpt lat="45.80251" lon="9.76547">
        <ele>1007.0</ele>
      </trkpt>
      <trkpt lat="45.80268" lon="9.76516">
        <ele>1004.0</ele>
      </trkpt>
      <trkpt lat="45.80302" lon="9.76493">
        <ele>1001.0</ele>
      </trkpt>
      <trkpt lat="45.80309" lon="9.76468">
        <ele>1000.0</ele>
      </trkpt>
      <trkpt lat="45.80311" lon="9.76414">
        <ele>997.0</ele>
      </trkpt>
      <trkpt lat="45.80326" lon="9.76382">
        <ele>994.0</ele>
      </trkpt>
      <trkpt lat="45.80319" lon="9.76347">
        <ele>991.0</ele>
      </trkpt>
      <trkpt lat="45.80328" lon="9.76299">
        <ele>988.0</ele>
      </trkpt>
      <trkpt lat="45.80369" lon="9.7626">
        <ele>984.0</ele>
      </trkpt>
      <trkpt lat="45.80383" lon="9.76195">
        <ele>977.0</ele>
      </trkpt>
      <trkpt lat="45.8053" lon="9.75954">
        <ele>960.0</ele>
      </trkpt>
      <trkpt lat="45.80572" lon="9.75918">
        <ele>956.0</ele>
      </trkpt>
      <trkpt lat="45.80616" lon="9.75915">
        <ele>954.0</ele>
      </trkpt>
      <trkpt lat="45.80682" lon="9.75972">
        <ele>953.0</ele>
      </trkpt>
      <trkpt lat="45.80731" lon="9.75963">
        <ele>953.0</ele>
      </trkpt>
      <trkpt lat="45.80792" lon="9.76023">
        <ele>953.0</ele>
      </trkpt>
      <trkpt lat="45.80815" lon="9.76088">
        <ele>952.0</ele>
      </trkpt>
      <trkpt lat="45.80882" lon="9.76125">
        <ele>948.0</ele>
      </trkpt>
      <trkpt lat="45.80928" lon="9.76095">
        <ele>945.0</ele>
      </trkpt>
      <trkpt lat="45.80978" lon="9.76034">
        <ele>943.0</ele>
      </trkpt>
      <trkpt lat="45.81049" lon="9.75885">
        <ele>936.0</ele>
      </trkpt>
      <trkpt lat="45.81072" lon="9.75874">
        <ele>934.0</ele>
      </trkpt>
      <trkpt lat="45.81101" lon="9.75933">
        <ele>933.0</ele>
      </trkpt>
      <trkpt lat="45.81159" lon="9.76252">
        <ele>937.0</ele>
      </trkpt>
      <trkpt lat="45.81203" lon="9.76272">
        <ele>931.0</ele>
      </trkpt>
      <trkpt lat="45.81231" lon="9.76354">
        <ele>920.0</ele>
      </trkpt>
      <trkpt lat="45.81261" lon="9.76365">
        <ele>914.0</ele>
      </trkpt>
      <trkpt lat="45.81324" lon="9.76334">
        <ele>909.0</ele>
      </trkpt>
      <trkpt lat="45.81372" lon="9.76254">
        <ele>901.0</ele>
      </trkpt>
      <trkpt lat="45.81465" lon="9.76152">
        <ele>892.0</ele>
      </trkpt>
      <trkpt lat="45.81533" lon="9.76112">
        <ele>886.0</ele>
      </trkpt>
      <trkpt lat="45.81602" lon="9.76134">
        <ele>885.0</ele>
      </trkpt>
      <trkpt lat="45.8166" lon="9.76195">
        <ele>886.0</ele>
      </trkpt>
      <trkpt lat="45.81702" lon="9.76269">
        <ele>887.0</ele>
      </trkpt>
      <trkpt lat="45.8172" lon="9.76268">
        <ele>886.0</ele>
      </trkpt>
      <trkpt lat="45.81743" lon="9.76219">
        <ele>884.0</ele>
      </trkpt>
      <trkpt lat="45.8174" lon="9.7615">
        <ele>880.0</ele>
      </trkpt>
      <trkpt lat="45.81755" lon="9.76081">
        <ele>877.0</ele>
      </trkpt>
      <trkpt lat="45.81793" lon="9.76027">
        <ele>874.0</ele>
      </trkpt>
      <trkpt lat="45.81777" lon="9.75952">
        <ele>873.0</ele>
      </trkpt>
      <trkpt lat="45.81818" lon="9.75824">
        <ele>873.0</ele>
      </trkpt>
      <trkpt lat="45.81816" lon="9.75751">
        <ele>874.0</ele>
      </trkpt>
      <trkpt lat="45.81925" lon="9.75663">
        <ele>877.0</ele>
      </trkpt>
      <trkpt lat="45.82079" lon="9.75623">
        <ele>886.0</ele>
      </trkpt>
      <trkpt lat="45.82256" lon="9.75751">
        <ele>901.0</ele>
      </trkpt>
      <trkpt lat="45.82303" lon="9.75822">
        <ele>912.0</ele>
      </trkpt>
      <trkpt lat="45.82325" lon="9.75816">
        <ele>915.0</ele>
      </trkpt>
      <trkpt lat="45.82335" lon="9.75795">
        <ele>915.0</ele>
      </trkpt>
      <trkpt lat="45.82336" lon="9.75672">
        <ele>915.0</ele>
      </trkpt>
      <trkpt lat="45.82356" lon="9.75523">
        <ele>915.0</ele>
      </trkpt>
      <trkpt lat="45.82357" lon="9.753">
        <ele>912.0</ele>
      </trkpt>
      <trkpt lat="45.82538" lon="9.75204">
        <ele>918.0</ele>
      </trkpt>
      <trkpt lat="45.82704" lon="9.75143">
        <ele>919.0</ele>
      </trkpt>
      <trkpt lat="45.82804" lon="9.75126">
        <ele>911.0</ele>
      </trkpt>
      <trkpt lat="45.82884" lon="9.75051">
        <ele>899.0</ele>
      </trkpt>
      <trkpt lat="45.82883" lon="9.75016">
        <ele>896.0</ele>
      </trkpt>
      <trkpt lat="45.82919" lon="9.74921">
        <ele>889.0</ele>
      </trkpt>
      <trkpt lat="45.82915" lon="9.74849">
        <ele>884.0</ele>
      </trkpt>
      <trkpt lat="45.82882" lon="9.74775">
        <ele>878.0</ele>
      </trkpt>
      <trkpt lat="45.82863" lon="9.74655">
        <ele>877.0</ele>
      </trkpt>
      <trkpt lat="45.82788" lon="9.7452">
        <ele>878.0</ele>
      </trkpt>
      <trkpt lat="45.8297" lon="9.74451">
        <ele>872.0</ele>
      </trkpt>
      <trkpt lat="45.83069" lon="9.74246">
        <ele>863.0</ele>
      </trkpt>
      <trkpt lat="45.83179" lon="9.74135">
        <ele>861.0</ele>
      </trkpt>
      <trkpt lat="45.83212" lon="9.74053">
        <ele>861.0</ele>
      </trkpt>
      <trkpt lat="45.83204" lon="9.7387">
        <ele>849.0</ele>
      </trkpt>
      <trkpt lat="45.83122" lon="9.74062">
        <ele>842.0</ele>
      </trkpt>
      <trkpt lat="45.83023" lon="9.74134">
        <ele>828.0</ele>
      </trkpt>
      <trkpt lat="45.83004" lon="9.74176">
        <ele>825.0</ele>
      </trkpt>
      <trkpt lat="45.82991" lon="9.7417">
        <ele>823.0</ele>
      </trkpt>
      <trkpt lat="45.83055" lon="9.74052">
        <ele>816.0</ele>
      </trkpt>
      <trkpt lat="45.83076" lon="9.73899">
        <ele>807.0</ele>
      </trkpt>
      <trkpt lat="45.8306" lon="9.73828">
        <ele>801.0</ele>
      </trkpt>
      <trkpt lat="45.83023" lon="9.7376">
        <ele>793.0</ele>
      </trkpt>
      <trkpt lat="45.83029" lon="9.73697">
        <ele>787.0</ele>
      </trkpt>
      <trkpt lat="45.83013" lon="9.73631">
        <ele>784.0</ele>
      </trkpt>
      <trkpt lat="45.83009" lon="9.73409">
        <ele>771.0</ele>
      </trkpt>
      <trkpt lat="45.82947" lon="9.73736">
        <ele>753.0</ele>
      </trkpt>
      <trkpt lat="45.8293" lon="9.73734">
        <ele>745.0</ele>
      </trkpt>
      <trkpt lat="45.82939" lon="9.73643">
        <ele>742.0</ele>
      </trkpt>
      <trkpt lat="45.82927" lon="9.73401">
        <ele>734.0</ele>
      </trkpt>
      <trkpt lat="45.8291" lon="9.73274">
        <ele>727.0</ele>
      </trkpt>
      <trkpt lat="45.82885" lon="9.73198">
        <ele>717.0</ele>
      </trkpt>
      <trkpt lat="45.82878" lon="9.73071">
        <ele>705.0</ele>
      </trkpt>
      <trkpt lat="45.82698" lon="9.73099">
        <ele>696.0</ele>
      </trkpt>
      <trkpt lat="45.82701" lon="9.73117">
        <ele>693.0</ele>
      </trkpt>
      <trkpt lat="45.82802" lon="9.73186">
        <ele>687.0</ele>
      </trkpt>
      <trkpt lat="45.82803" lon="9.73265">
        <ele>682.0</ele>
      </trkpt>
      <trkpt lat="45.82603" lon="9.73457">
        <ele>667.0</ele>
      </trkpt>
      <trkpt lat="45.82582" lon="9.73426">
        <ele>662.0</ele>
      </trkpt>
      <trkpt lat="45.82542" lon="9.73181">
        <ele>651.0</ele>
      </trkpt>
      <trkpt lat="45.82489" lon="9.73054">
        <ele>643.0</ele>
      </trkpt>
      <trkpt lat="45.8244" lon="9.72855">
        <ele>629.0</ele>
      </trkpt>
      <trkpt lat="45.82423" lon="9.72862">
        <ele>626.0</ele>
      </trkpt>
      <trkpt lat="45.824" lon="9.72991">
        <ele>617.0</ele>
      </trkpt>
      <trkpt lat="45.82449" lon="9.73203">
        <ele>603.0</ele>
      </trkpt>
      <trkpt lat="45.82341" lon="9.73204">
        <ele>595.0</ele>
      </trkpt>
      <trkpt lat="45.82307" lon="9.73089">
        <ele>587.0</ele>
      </trkpt>
      <trkpt lat="45.82316" lon="9.72987">
        <ele>582.0</ele>
      </trkpt>
      <trkpt lat="45.823" lon="9.72885">
        <ele>576.0</ele>
      </trkpt>
      <trkpt lat="45.82306" lon="9.72813">
        <ele>572.0</ele>
      </trkpt>
      <trkpt lat="45.82331" lon="9.72744">
        <ele>566.0</ele>
      </trkpt>
      <trkpt lat="45.82333" lon="9.72638">
        <ele>559.0</ele>
      </trkpt>
      <trkpt lat="45.82353" lon="9.7258">
        <ele>554.0</ele>
      </trkpt>
      <trkpt lat="45.82423" lon="9.72495">
        <ele>546.0</ele>
      </trkpt>
      <trkpt lat="45.82442" lon="9.72371">
        <ele>541.0</ele>
      </trkpt>
      <trkpt lat="45.82511" lon="9.72389">
        <ele>542.0</ele>
      </trkpt>
      <trkpt lat="45.82612" lon="9.72495">
        <ele>538.0</ele>
      </trkpt>
      <trkpt lat="45.82693" lon="9.72537">
        <ele>524.0</ele>
      </trkpt>
      <trkpt lat="45.82762" lon="9.72513">
        <ele>510.0</ele>
      </trkpt>
      <trkpt lat="45.82938" lon="9.72534">
        <ele>490.0</ele>
      </trkpt>
      <trkpt lat="45.82948" lon="9.72516">
        <ele>482.0</ele>
      </trkpt>
      <trkpt lat="45.82866" lon="9.72498">
        <ele>476.0</ele>
      </trkpt>
      <trkpt lat="45.82849" lon="9.72478">
        <ele>473.0</ele>
      </trkpt>
      <trkpt lat="45.82862" lon="9.72452">
        <ele>471.0</ele>
      </trkpt>
      <trkpt lat="45.82847" lon="9.72406">
        <ele>468.0</ele>
      </trkpt>
      <trkpt lat="45.82728" lon="9.72309">
        <ele>461.0</ele>
      </trkpt>
      <trkpt lat="45.82583" lon="9.7223">
        <ele>447.0</ele>
      </trkpt>
      <trkpt lat="45.8253" lon="9.72147">
        <ele>441.0</ele>
      </trkpt>
      <trkpt lat="45.82453" lon="9.72104">
        <ele>439.0</ele>
      </trkpt>
      <trkpt lat="45.82356" lon="9.72016">
        <ele>440.0</ele>
      </trkpt>
      <trkpt lat="45.82335" lon="9.71933">
        <ele>442.0</ele>
      </trkpt>
      <trkpt lat="45.82336" lon="9.71806">
        <ele>442.0</ele>
      </trkpt>
      <trkpt lat="45.8227" lon="9.71616">
        <ele>434.0</ele>
      </trkpt>
      <trkpt lat="45.82248" lon="9.71513">
        <ele>430.0</ele>
      </trkpt>
      <trkpt lat="45.82245" lon="9.71438">
        <ele>426.0</ele>
      </trkpt>
      <trkpt lat="45.82197" lon="9.7138">
        <ele>422.0</ele>
      </trkpt>
      <trkpt lat="45.82101" lon="9.71352">
        <ele>417.0</ele>
      </trkpt>
      <trkpt lat="45.82074" lon="9.71209">
        <ele>416.0</ele>
      </trkpt>
      <trkpt lat="45.8204" lon="9.71146">
        <ele>416.0</ele>
      </trkpt>
      <trkpt lat="45.8197" lon="9.71063">
        <ele>415.0</ele>
      </trkpt>
      <trkpt lat="45.81883" lon="9.71015">
        <ele>414.0</ele>
      </trkpt>
      <trkpt lat="45.8175" lon="9.7086">
        <ele>406.0</ele>
      </trkpt>
      <trkpt lat="45.8172" lon="9.70697">
        <ele>402.0</ele>
      </trkpt>
      <trkpt lat="45.81668" lon="9.70578">
        <ele>400.0</ele>
      </trkpt>
      <trkpt lat="45.81586" lon="9.70513">
        <ele>395.0</ele>
      </trkpt>
      <trkpt lat="45.81547" lon="9.70517">
        <ele>393.0</ele>
      </trkpt>
      <trkpt lat="45.81489" lon="9.70551">
        <ele>392.0</ele>
      </trkpt>
      <trkpt lat="45.81457" lon="9.70545">
        <ele>389.0</ele>
      </trkpt>
      <trkpt lat="45.81426" lon="9.70423">
        <ele>387.0</ele>
      </trkpt>
      <trkpt lat="45.81427" lon="9.70302">
        <ele>384.0</ele>
      </trkpt>
      <trkpt lat="45.81408" lon="9.70267">
        <ele>382.0</ele>
      </trkpt>
      <trkpt lat="45.81314" lon="9.70218">
        <ele>381.0</ele>
      </trkpt>
      <trkpt lat="45.81206" lon="9.70263">
        <ele>379.0</ele>
      </trkpt>
      <trkpt lat="45.81182" lon="9.70236">
        <ele>379.0</ele>
      </trkpt>
      <trkpt lat="45.81165" lon="9.70134">
        <ele>378.0</ele>
      </trkpt>
      <trkpt lat="45.81166" lon="9.70033">
        <ele>378.0</ele>
      </trkpt>
      <trkpt lat="45.81108" lon="9.69864">
        <ele>371.0</ele>
      </trkpt>
      <trkpt lat="45.81034" lon="9.69792">
        <ele>366.0</ele>
      </trkpt>
      <trkpt lat="45.81022" lon="9.69661">
        <ele>366.0</ele>
      </trkpt>
      <trkpt lat="45.8098" lon="9.69504">
        <ele>367.0</ele>
      </trkpt>
      <trkpt lat="45.80947" lon="9.69472">
        <ele>367.0</ele>
      </trkpt>
      <trkpt lat="45.80923" lon="9.6939">
        <ele>368.0</ele>
      </trkpt>
      <trkpt lat="45.80898" lon="9.69071">
        <ele>385.0</ele>
      </trkpt>
      <trkpt lat="45.80815" lon="9.68915">
        <ele>377.0</ele>
      </trkpt>
      <trkpt lat="45.8081" lon="9.68821">
        <ele>369.0</ele>
      </trkpt>
      <trkpt lat="45.80843" lon="9.68627">
        <ele>355.0</ele>
      </trkpt>
      <trkpt lat="45.80842" lon="9.68231">
        <ele>341.0</ele>
      </trkpt>
      <trkpt lat="45.80792" lon="9.6808">
        <ele>328.0</ele>
      </trkpt>
      <trkpt lat="45.80808" lon="9.68036">
        <ele>326.0</ele>
      </trkpt>
      <trkpt lat="45.80794" lon="9.68026">
        <ele>326.0</ele>
      </trkpt>
      <trkpt lat="45.80789" lon="9.67813">
        <ele>332.0</ele>
      </trkpt>
      <trkpt lat="45.80622" lon="9.67718">
        <ele>333.0</ele>
      </trkpt>
      <trkpt lat="45.80566" lon="9.67577">
        <ele>330.0</ele>
      </trkpt>
      <trkpt lat="45.80497" lon="9.67316">
        <ele>328.0</ele>
      </trkpt>
      <trkpt lat="45.80436" lon="9.67203">
        <ele>327.0</ele>
      </trkpt>
      <trkpt lat="45.80382" lon="9.67148">
        <ele>327.0</ele>
      </trkpt>
      <trkpt lat="45.80277" lon="9.67119">
        <ele>327.0</ele>
      </trkpt>
      <trkpt lat="45.80203" lon="9.67044">
        <ele>328.0</ele>
      </trkpt>
      <trkpt lat="45.80069" lon="9.6696">
        <ele>328.0</ele>
      </trkpt>
      <trkpt lat="45.80124" lon="9.66979">
        <ele>328.0</ele>
      </trkpt>
      <trkpt lat="45.8015" lon="9.66996">
        <ele>328.0</ele>
      </trkpt>
      <trkpt lat="45.80071" lon="9.66954">
        <ele>328.0</ele>
      </trkpt>
      <trkpt lat="45.7997" lon="9.6693">
        <ele>327.0</ele>
      </trkpt>
      <trkpt lat="45.79749" lon="9.66955">
        <ele>327.0</ele>
      </trkpt>
      <trkpt lat="45.7961" lon="9.66934">
        <ele>327.0</ele>
      </trkpt>
      <trkpt lat="45.79475" lon="9.6695">
        <ele>323.0</ele>
      </trkpt>
      <trkpt lat="45.79349" lon="9.66813">
        <ele>319.0</ele>
      </trkpt>
      <trkpt lat="45.79216" lon="9.66392">
        <ele>308.0</ele>
      </trkpt>
      <trkpt lat="45.79236" lon="9.66044">
        <ele>306.0</ele>
      </trkpt>
      <trkpt lat="45.79257" lon="9.65998">
        <ele>306.0</ele>
      </trkpt>
      <trkpt lat="45.79328" lon="9.65939">
        <ele>306.0</ele>
      </trkpt>
      <trkpt lat="45.79332" lon="9.65895">
        <ele>306.0</ele>
      </trkpt>
      <trkpt lat="45.79304" lon="9.65461">
        <ele>304.0</ele>
      </trkpt>
      <trkpt lat="45.79227" lon="9.65077">
        <ele>300.0</ele>
      </trkpt>
      <trkpt lat="45.79177" lon="9.64756">
        <ele>297.0</ele>
      </trkpt>
      <trkpt lat="45.79061" lon="9.64212">
        <ele>293.0</ele>
      </trkpt>
      <trkpt lat="45.78985" lon="9.63987">
        <ele>292.0</ele>
      </trkpt>
      <trkpt lat="45.78944" lon="9.63926">
        <ele>293.0</ele>
      </trkpt>
      <trkpt lat="45.78958" lon="9.63867">
        <ele>294.0</ele>
      </trkpt>
      <trkpt lat="45.78844" lon="9.63654">
        <ele>302.0</ele>
      </trkpt>
      <trkpt lat="45.78824" lon="9.63591">
        <ele>305.0</ele>
      </trkpt>
      <trkpt lat="45.78767" lon="9.63354">
        <ele>308.0</ele>
      </trkpt>
      <trkpt lat="45.78735" lon="9.63114">
        <ele>313.0</ele>
      </trkpt>
      <trkpt lat="45.78653" lon="9.63024">
        <ele>308.0</ele>
      </trkpt>
      <trkpt lat="45.78716" lon="9.62868">
        <ele>302.0</ele>
      </trkpt>
      <trkpt lat="45.78781" lon="9.62829">
        <ele>303.0</ele>
      </trkpt>
      <trkpt lat="45.78827" lon="9.62704">
        <ele>305.0</ele>
      </trkpt>
      <trkpt lat="45.78914" lon="9.62631">
        <ele>306.0</ele>
      </trkpt>
      <trkpt lat="45.79018" lon="9.62581">
        <ele>307.0</ele>
      </trkpt>
      <trkpt lat="45.7918" lon="9.62577">
        <ele>310.0</ele>
      </trkpt>
      <trkpt lat="45.79256" lon="9.62522">
        <ele>315.0</ele>
      </trkpt>
      <trkpt lat="45.79287" lon="9.62525">
        <ele>316.0</ele>
      </trkpt>
      <trkpt lat="45.79359" lon="9.62607">
        <ele>321.0</ele>
      </trkpt>
      <trkpt lat="45.79436" lon="9.62605">
        <ele>321.0</ele>
      </trkpt>
      <trkpt lat="45.79516" lon="9.62511">
        <ele>315.0</ele>
      </trkpt>
      <trkpt lat="45.79545" lon="9.62504">
        <ele>314.0</ele>
      </trkpt>
      <trkpt lat="45.7962" lon="9.62523">
        <ele>317.0</ele>
      </trkpt>
      <trkpt lat="45.79843" lon="9.62356">
        <ele>324.0</ele>
      </trkpt>
      <trkpt lat="45.79935" lon="9.62241">
        <ele>329.0</ele>
      </trkpt>
      <trkpt lat="45.79932" lon="9.6218">
        <ele>333.0</ele>
      </trkpt>
      <trkpt lat="45.80052" lon="9.62053">
        <ele>341.0</ele>
      </trkpt>
      <trkpt lat="45.80124" lon="9.6184">
        <ele>352.0</ele>
      </trkpt>
      <trkpt lat="45.80203" lon="9.61683">
        <ele>364.0</ele>
      </trkpt>
      <trkpt lat="45.80269" lon="9.61478">
        <ele>374.0</ele>
      </trkpt>
      <trkpt lat="45.80322" lon="9.61381">
        <ele>375.0</ele>
      </trkpt>
      <trkpt lat="45.80461" lon="9.61367">
        <ele>369.0</ele>
      </trkpt>
      <trkpt lat="45.80606" lon="9.61305">
        <ele>365.0</ele>
      </trkpt>
      <trkpt lat="45.80725" lon="9.61232">
        <ele>368.0</ele>
      </trkpt>
      <trkpt lat="45.80779" lon="9.61167">
        <ele>369.0</ele>
      </trkpt>
      <trkpt lat="45.80928" lon="9.61069">
        <ele>372.0</ele>
      </trkpt>
      <trkpt lat="45.81099" lon="9.61031">
        <ele>376.0</ele>
      </trkpt>
      <trkpt lat="45.8111" lon="9.6098">
        <ele>377.0</ele>
      </trkpt>
      <trkpt lat="45.81187" lon="9.60942">
        <ele>379.0</ele>
      </trkpt>
      <trkpt lat="45.81358" lon="9.60668">
        <ele>389.0</ele>
      </trkpt>
      <trkpt lat="45.81443" lon="9.60692">
        <ele>396.0</ele>
      </trkpt>
      <trkpt lat="45.81497" lon="9.60656">
        <ele>397.0</ele>
      </trkpt>
      <trkpt lat="45.81524" lon="9.60565">
        <ele>398.0</ele>
      </trkpt>
      <trkpt lat="45.81589" lon="9.60459">
        <ele>399.0</ele>
      </trkpt>
      <trkpt lat="45.81612" lon="9.60346">
        <ele>401.0</ele>
      </trkpt>
      <trkpt lat="45.81705" lon="9.60299">
        <ele>402.0</ele>
      </trkpt>
      <trkpt lat="45.81735" lon="9.60265">
        <ele>403.0</ele>
      </trkpt>
      <trkpt lat="45.81744" lon="9.60148">
        <ele>405.0</ele>
      </trkpt>
      <trkpt lat="45.81767" lon="9.60043">
        <ele>407.0</ele>
      </trkpt>
      <trkpt lat="45.81858" lon="9.59885">
        <ele>412.0</ele>
      </trkpt>
      <trkpt lat="45.81791" lon="9.59781">
        <ele>416.0</ele>
      </trkpt>
      <trkpt lat="45.81693" lon="9.59797">
        <ele>420.0</ele>
      </trkpt>
      <trkpt lat="45.81654" lon="9.59822">
        <ele>421.0</ele>
      </trkpt>
      <trkpt lat="45.81633" lon="9.59858">
        <ele>423.0</ele>
      </trkpt>
      <trkpt lat="45.81569" lon="9.59898">
        <ele>427.0</ele>
      </trkpt>
      <trkpt lat="45.81527" lon="9.59999">
        <ele>433.0</ele>
      </trkpt>
      <trkpt lat="45.81528" lon="9.60131">
        <ele>439.0</ele>
      </trkpt>
      <trkpt lat="45.81498" lon="9.60225">
        <ele>444.0</ele>
      </trkpt>
      <trkpt lat="45.81512" lon="9.60291">
        <ele>448.0</ele>
      </trkpt>
      <trkpt lat="45.81483" lon="9.60368">
        <ele>452.0</ele>
      </trkpt>
      <trkpt lat="45.81436" lon="9.6041">
        <ele>455.0</ele>
      </trkpt>
      <trkpt lat="45.8137" lon="9.6037">
        <ele>463.0</ele>
      </trkpt>
      <trkpt lat="45.81257" lon="9.60392">
        <ele>473.0</ele>
      </trkpt>
      <trkpt lat="45.81195" lon="9.60444">
        <ele>481.0</ele>
      </trkpt>
      <trkpt lat="45.81156" lon="9.60535">
        <ele>486.0</ele>
      </trkpt>
      <trkpt lat="45.81144" lon="9.60527">
        <ele>487.0</ele>
      </trkpt>
      <trkpt lat="45.81145" lon="9.60497">
        <ele>488.0</ele>
      </trkpt>
      <trkpt lat="45.81185" lon="9.60409">
        <ele>491.0</ele>
      </trkpt>
      <trkpt lat="45.81224" lon="9.60358">
        <ele>496.0</ele>
      </trkpt>
      <trkpt lat="45.81297" lon="9.60306">
        <ele>504.0</ele>
      </trkpt>
      <trkpt lat="45.81295" lon="9.60274">
        <ele>507.0</ele>
      </trkpt>
      <trkpt lat="45.81199" lon="9.60221">
        <ele>512.0</ele>
      </trkpt>
      <trkpt lat="45.81007" lon="9.60237">
        <ele>518.0</ele>
      </trkpt>
      <trkpt lat="45.80985" lon="9.60206">
        <ele>520.0</ele>
      </trkpt>
      <trkpt lat="45.80937" lon="9.6007">
        <ele>523.0</ele>
      </trkpt>
      <trkpt lat="45.80846" lon="9.59967">
        <ele>526.0</ele>
      </trkpt>
      <trkpt lat="45.80789" lon="9.59829">
        <ele>531.0</ele>
      </trkpt>
      <trkpt lat="45.80707" lon="9.59758">
        <ele>535.0</ele>
      </trkpt>
      <trkpt lat="45.80684" lon="9.59748">
        <ele>538.0</ele>
      </trkpt>
      <trkpt lat="45.8066" lon="9.59764">
        <ele>541.0</ele>
      </trkpt>
      <trkpt lat="45.80615" lon="9.59912">
        <ele>550.0</ele>
      </trkpt>
      <trkpt lat="45.80563" lon="9.59976">
        <ele>554.0</ele>
      </trkpt>
      <trkpt lat="45.80528" lon="9.60046">
        <ele>561.0</ele>
      </trkpt>
      <trkpt lat="45.80506" lon="9.60035">
        <ele>564.0</ele>
      </trkpt>
      <trkpt lat="45.80459" lon="9.59827">
        <ele>573.0</ele>
      </trkpt>
      <trkpt lat="45.80464" lon="9.59798">
        <ele>576.0</ele>
      </trkpt>
      <trkpt lat="45.80548" lon="9.59654">
        <ele>584.0</ele>
      </trkpt>
      <trkpt lat="45.80532" lon="9.5964">
        <ele>587.0</ele>
      </trkpt>
      <trkpt lat="45.80469" lon="9.59677">
        <ele>589.0</ele>
      </trkpt>
      <trkpt lat="45.80456" lon="9.59664">
        <ele>594.0</ele>
      </trkpt>
      <trkpt lat="45.80518" lon="9.59532">
        <ele>602.0</ele>
      </trkpt>
      <trkpt lat="45.80606" lon="9.59423">
        <ele>613.0</ele>
      </trkpt>
      <trkpt lat="45.80683" lon="9.5918">
        <ele>635.0</ele>
      </trkpt>
      <trkpt lat="45.80726" lon="9.59114">
        <ele>649.0</ele>
      </trkpt>
      <trkpt lat="45.80705" lon="9.59043">
        <ele>658.0</ele>
      </trkpt>
      <trkpt lat="45.80711" lon="9.58923">
        <ele>663.0</ele>
      </trkpt>
      <trkpt lat="45.80598" lon="9.588">
        <ele>673.0</ele>
      </trkpt>
      <trkpt lat="45.80565" lon="9.58727">
        <ele>680.0</ele>
      </trkpt>
      <trkpt lat="45.80566" lon="9.58606">
        <ele>685.0</ele>
      </trkpt>
      <trkpt lat="45.80513" lon="9.58535">
        <ele>688.0</ele>
      </trkpt>
      <trkpt lat="45.80516" lon="9.58453">
        <ele>689.0</ele>
      </trkpt>
      <trkpt lat="45.80634" lon="9.58335">
        <ele>691.0</ele>
      </trkpt>
      <trkpt lat="45.80665" lon="9.58213">
        <ele>696.0</ele>
      </trkpt>
      <trkpt lat="45.80757" lon="9.58101">
        <ele>700.0</ele>
      </trkpt>
      <trkpt lat="45.80764" lon="9.58018">
        <ele>701.0</ele>
      </trkpt>
      <trkpt lat="45.80867" lon="9.57939">
        <ele>701.0</ele>
      </trkpt>
      <trkpt lat="45.80956" lon="9.57766">
        <ele>699.0</ele>
      </trkpt>
      <trkpt lat="45.80982" lon="9.57762">
        <ele>698.0</ele>
      </trkpt>
      <trkpt lat="45.81134" lon="9.57859">
        <ele>700.0</ele>
      </trkpt>
      <trkpt lat="45.81251" lon="9.57848">
        <ele>705.0</ele>
      </trkpt>
      <trkpt lat="45.81286" lon="9.57764">
        <ele>708.0</ele>
      </trkpt>
      <trkpt lat="45.81303" lon="9.57629">
        <ele>707.0</ele>
      </trkpt>
      <trkpt lat="45.81424" lon="9.57463">
        <ele>703.0</ele>
      </trkpt>
      <trkpt lat="45.81527" lon="9.57367">
        <ele>699.0</ele>
      </trkpt>
      <trkpt lat="45.81542" lon="9.57305">
        <ele>698.0</ele>
      </trkpt>
      <trkpt lat="45.81504" lon="9.57186">
        <ele>694.0</ele>
      </trkpt>
      <trkpt lat="45.81433" lon="9.5707">
        <ele>688.0</ele>
      </trkpt>
      <trkpt lat="45.81388" lon="9.56921">
        <ele>680.0</ele>
      </trkpt>
      <trkpt lat="45.81376" lon="9.56929">
        <ele>676.0</ele>
      </trkpt>
      <trkpt lat="45.8139" lon="9.56994">
        <ele>672.0</ele>
      </trkpt>
      <trkpt lat="45.81356" lon="9.57071">
        <ele>669.0</ele>
      </trkpt>
      <trkpt lat="45.81353" lon="9.57134">
        <ele>667.0</ele>
      </trkpt>
      <trkpt lat="45.81339" lon="9.57142">
        <ele>665.0</ele>
      </trkpt>
      <trkpt lat="45.81319" lon="9.5704">
        <ele>662.0</ele>
      </trkpt>
      <trkpt lat="45.81336" lon="9.56951">
        <ele>658.0</ele>
      </trkpt>
      <trkpt lat="45.81176" lon="9.56722">
        <ele>651.0</ele>
      </trkpt>
      <trkpt lat="45.81137" lon="9.56697">
        <ele>643.0</ele>
      </trkpt>
      <trkpt lat="45.8094" lon="9.56674">
        <ele>630.0</ele>
      </trkpt>
      <trkpt lat="45.80935" lon="9.56651">
        <ele>627.0</ele>
      </trkpt>
      <trkpt lat="45.81113" lon="9.56598">
        <ele>623.0</ele>
      </trkpt>
      <trkpt lat="45.81364" lon="9.56595">
        <ele>609.0</ele>
      </trkpt>
      <trkpt lat="45.81376" lon="9.56589">
        <ele>606.0</ele>
      </trkpt>
      <trkpt lat="45.81376" lon="9.56571">
        <ele>603.0</ele>
      </trkpt>
      <trkpt lat="45.81197" lon="9.5657">
        <ele>596.0</ele>
      </trkpt>
      <trkpt lat="45.81126" lon="9.56524">
        <ele>591.0</ele>
      </trkpt>
      <trkpt lat="45.80919" lon="9.56522">
        <ele>578.0</ele>
      </trkpt>
      <trkpt lat="45.80809" lon="9.56458">
        <ele>563.0</ele>
      </trkpt>
      <trkpt lat="45.8077" lon="9.56463">
        <ele>561.0</ele>
      </trkpt>
      <trkpt lat="45.80737" lon="9.56511">
        <ele>557.0</ele>
      </trkpt>
      <trkpt lat="45.8068" lon="9.56529">
        <ele>554.0</ele>
      </trkpt>
      <trkpt lat="45.80531" lon="9.56427">
        <ele>552.0</ele>
      </trkpt>
      <trkpt lat="45.80516" lon="9.56433">
        <ele>551.0</ele>
      </trkpt>
      <trkpt lat="45.80562" lon="9.56566">
        <ele>548.0</ele>
      </trkpt>
      <trkpt lat="45.80615" lon="9.56553">
        <ele>546.0</ele>
      </trkpt>
      <trkpt lat="45.80663" lon="9.56588">
        <ele>544.0</ele>
      </trkpt>
      <trkpt lat="45.80634" lon="9.56681">
        <ele>539.0</ele>
      </trkpt>
      <trkpt lat="45.80648" lon="9.56711">
        <ele>537.0</ele>
      </trkpt>
      <trkpt lat="45.807" lon="9.56725">
        <ele>533.0</ele>
      </trkpt>
      <trkpt lat="45.80693" lon="9.56748">
        <ele>530.0</ele>
      </trkpt>
      <trkpt lat="45.80627" lon="9.56723">
        <ele>529.0</ele>
      </trkpt>
      <trkpt lat="45.8059" lon="9.56671">
        <ele>527.0</ele>
      </trkpt>
      <trkpt lat="45.80529" lon="9.56626">
        <ele>524.0</ele>
      </trkpt>
      <trkpt lat="45.80466" lon="9.56539">
        <ele>521.0</ele>
      </trkpt>
      <trkpt lat="45.80244" lon="9.56551">
        <ele>511.0</ele>
      </trkpt>
      <trkpt lat="45.80228" lon="9.56536">
        <ele>510.0</ele>
      </trkpt>
      <trkpt lat="45.80224" lon="9.56488">
        <ele>507.0</ele>
      </trkpt>
      <trkpt lat="45.80266" lon="9.56377">
        <ele>498.0</ele>
      </trkpt>
      <trkpt lat="45.80163" lon="9.56388">
        <ele>492.0</ele>
      </trkpt>
      <trkpt lat="45.80153" lon="9.56376">
        <ele>490.0</ele>
      </trkpt>
      <trkpt lat="45.80148" lon="9.56296">
        <ele>486.0</ele>
      </trkpt>
      <trkpt lat="45.80042" lon="9.55997">
        <ele>474.0</ele>
      </trkpt>
      <trkpt lat="45.80023" lon="9.55902">
        <ele>467.0</ele>
      </trkpt>
      <trkpt lat="45.79984" lon="9.55837">
        <ele>463.0</ele>
      </trkpt>
      <trkpt lat="45.79959" lon="9.55753">
        <ele>457.0</ele>
      </trkpt>
      <trkpt lat="45.79952" lon="9.55766">
        <ele>456.0</ele>
      </trkpt>
      <trkpt lat="45.80013" lon="9.56048">
        <ele>452.0</ele>
      </trkpt>
      <trkpt lat="45.80061" lon="9.56392">
        <ele>438.0</ele>
      </trkpt>
      <trkpt lat="45.80033" lon="9.56395">
        <ele>432.0</ele>
      </trkpt>
      <trkpt lat="45.79948" lon="9.56235">
        <ele>426.0</ele>
      </trkpt>
      <trkpt lat="45.79912" lon="9.56239">
        <ele>423.0</ele>
      </trkpt>
      <trkpt lat="45.79899" lon="9.56273">
        <ele>421.0</ele>
      </trkpt>
      <trkpt lat="45.79906" lon="9.56297">
        <ele>420.0</ele>
      </trkpt>
      <trkpt lat="45.79955" lon="9.56336">
        <ele>418.0</ele>
      </trkpt>
      <trkpt lat="45.79969" lon="9.56375">
        <ele>417.0</ele>
      </trkpt>
      <trkpt lat="45.80007" lon="9.56527">
        <ele>412.0</ele>
      </trkpt>
      <trkpt lat="45.80007" lon="9.56612">
        <ele>409.0</ele>
      </trkpt>
      <trkpt lat="45.80035" lon="9.56663">
        <ele>408.0</ele>
      </trkpt>
      <trkpt lat="45.80021" lon="9.56711">
        <ele>407.0</ele>
      </trkpt>
      <trkpt lat="45.79988" lon="9.56718">
        <ele>406.0</ele>
      </trkpt>
      <trkpt lat="45.79904" lon="9.56632">
        <ele>405.0</ele>
      </trkpt>
      <trkpt lat="45.79861" lon="9.56545">
        <ele>405.0</ele>
      </trkpt>
      <trkpt lat="45.7984" lon="9.56471">
        <ele>403.0</ele>
      </trkpt>
      <trkpt lat="45.79755" lon="9.56427">
        <ele>400.0</ele>
      </trkpt>
      <trkpt lat="45.79681" lon="9.56314">
        <ele>391.0</ele>
      </trkpt>
      <trkpt lat="45.79626" lon="9.56272">
        <ele>379.0</ele>
      </trkpt>
      <trkpt lat="45.7959" lon="9.56302">
        <ele>372.0</ele>
      </trkpt>
      <trkpt lat="45.79554" lon="9.56385">
        <ele>365.0</ele>
      </trkpt>
      <trkpt lat="45.79509" lon="9.56412">
        <ele>364.0</ele>
      </trkpt>
      <trkpt lat="45.79454" lon="9.56527">
        <ele>365.0</ele>
      </trkpt>
      <trkpt lat="45.79365" lon="9.56597">
        <ele>377.0</ele>
      </trkpt>
      <trkpt lat="45.79193" lon="9.56659">
        <ele>387.0</ele>
      </trkpt>
      <trkpt lat="45.79014" lon="9.5668">
        <ele>368.0</ele>
      </trkpt>
      <trkpt lat="45.78963" lon="9.56744">
        <ele>369.0</ele>
      </trkpt>
      <trkpt lat="45.7893" lon="9.56814">
        <ele>371.0</ele>
      </trkpt>
      <trkpt lat="45.78884" lon="9.57117">
        <ele>362.0</ele>
      </trkpt>
      <trkpt lat="45.78804" lon="9.57183">
        <ele>362.0</ele>
      </trkpt>
      <trkpt lat="45.7875" lon="9.57191">
        <ele>363.0</ele>
      </trkpt>
      <trkpt lat="45.78676" lon="9.57239">
        <ele>364.0</ele>
      </trkpt>
      <trkpt lat="45.78535" lon="9.57286">
        <ele>360.0</ele>
      </trkpt>
      <trkpt lat="45.78494" lon="9.5734">
        <ele>361.0</ele>
      </trkpt>
      <trkpt lat="45.78485" lon="9.57313">
        <ele>362.0</ele>
      </trkpt>
      <trkpt lat="45.78524" lon="9.57214">
        <ele>365.0</ele>
      </trkpt>
      <trkpt lat="45.78577" lon="9.57232">
        <ele>368.0</ele>
      </trkpt>
      <trkpt lat="45.78606" lon="9.57202">
        <ele>371.0</ele>
      </trkpt>
      <trkpt lat="45.78593" lon="9.57175">
        <ele>373.0</ele>
      </trkpt>
      <trkpt lat="45.78525" lon="9.57186">
        <ele>376.0</ele>
      </trkpt>
      <trkpt lat="45.78514" lon="9.57171">
        <ele>379.0</ele>
      </trkpt>
      <trkpt lat="45.78566" lon="9.57142">
        <ele>384.0</ele>
      </trkpt>
      <trkpt lat="45.7862" lon="9.57052">
        <ele>390.0</ele>
      </trkpt>
      <trkpt lat="45.78713" lon="9.56999">
        <ele>394.0</ele>
      </trkpt>
      <trkpt lat="45.78723" lon="9.56965">
        <ele>398.0</ele>
      </trkpt>
      <trkpt lat="45.78718" lon="9.56867">
        <ele>405.0</ele>
      </trkpt>
      <trkpt lat="45.78693" lon="9.56849">
        <ele>408.0</ele>
      </trkpt>
      <trkpt lat="45.78614" lon="9.56923">
        <ele>414.0</ele>
      </trkpt>
      <trkpt lat="45.78572" lon="9.57">
        <ele>416.0</ele>
      </trkpt>
      <trkpt lat="45.78532" lon="9.57033">
        <ele>421.0</ele>
      </trkpt>
      <trkpt lat="45.78519" lon="9.5702">
        <ele>423.0</ele>
      </trkpt>
      <trkpt lat="45.78491" lon="9.56876">
        <ele>427.0</ele>
      </trkpt>
      <trkpt lat="45.78473" lon="9.5687">
        <ele>430.0</ele>
      </trkpt>
      <trkpt lat="45.7843" lon="9.56892">
        <ele>434.0</ele>
      </trkpt>
      <trkpt lat="45.78401" lon="9.56825">
        <ele>437.0</ele>
      </trkpt>
      <trkpt lat="45.78401" lon="9.56769">
        <ele>441.0</ele>
      </trkpt>
      <trkpt lat="45.7854" lon="9.5664">
        <ele>454.0</ele>
      </trkpt>
      <trkpt lat="45.78577" lon="9.56582">
        <ele>460.0</ele>
      </trkpt>
      <trkpt lat="45.78615" lon="9.56456">
        <ele>469.0</ele>
      </trkpt>
      <trkpt lat="45.78628" lon="9.56517">
        <ele>472.0</ele>
      </trkpt>
      <trkpt lat="45.78643" lon="9.56529">
        <ele>473.0</ele>
      </trkpt>
      <trkpt lat="45.7873" lon="9.56483">
        <ele>477.0</ele>
      </trkpt>
      <trkpt lat="45.788" lon="9.56513">
        <ele>480.0</ele>
      </trkpt>
      <trkpt lat="45.78843" lon="9.56503">
        <ele>482.0</ele>
      </trkpt>
      <trkpt lat="45.78874" lon="9.56276">
        <ele>490.0</ele>
      </trkpt>
      <trkpt lat="45.78861" lon="9.56195">
        <ele>496.0</ele>
      </trkpt>
      <trkpt lat="45.78899" lon="9.56132">
        <ele>498.0</ele>
      </trkpt>
      <trkpt lat="45.78943" lon="9.56106">
        <ele>500.0</ele>
      </trkpt>
      <trkpt lat="45.78957" lon="9.56064">
        <ele>504.0</ele>
      </trkpt>
      <trkpt lat="45.7896" lon="9.55944">
        <ele>507.0</ele>
      </trkpt>
      <trkpt lat="45.78948" lon="9.5593">
        <ele>511.0</ele>
      </trkpt>
      <trkpt lat="45.78853" lon="9.56104">
        <ele>523.0</ele>
      </trkpt>
      <trkpt lat="45.78758" lon="9.56095">
        <ele>531.0</ele>
      </trkpt>
      <trkpt lat="45.78757" lon="9.56067">
        <ele>532.0</ele>
      </trkpt>
      <trkpt lat="45.78783" lon="9.55991">
        <ele>536.0</ele>
      </trkpt>
      <trkpt lat="45.78832" lon="9.55929">
        <ele>542.0</ele>
      </trkpt>
      <trkpt lat="45.7888" lon="9.55688">
        <ele>550.0</ele>
      </trkpt>
      <trkpt lat="45.78858" lon="9.55649">
        <ele>555.0</ele>
      </trkpt>
      <trkpt lat="45.78756" lon="9.55565">
        <ele>565.0</ele>
      </trkpt>
      <trkpt lat="45.78735" lon="9.55513">
        <ele>570.0</ele>
      </trkpt>
      <trkpt lat="45.78751" lon="9.55489">
        <ele>573.0</ele>
      </trkpt>
      <trkpt lat="45.78829" lon="9.55493">
        <ele>577.0</ele>
      </trkpt>
      <trkpt lat="45.78891" lon="9.55474">
        <ele>580.0</ele>
      </trkpt>
      <trkpt lat="45.79058" lon="9.5537">
        <ele>588.0</ele>
      </trkpt>
      <trkpt lat="45.79104" lon="9.55324">
        <ele>594.0</ele>
      </trkpt>
      <trkpt lat="45.79096" lon="9.55288">
        <ele>598.0</ele>
      </trkpt>
      <trkpt lat="45.7912" lon="9.55285">
        <ele>599.0</ele>
      </trkpt>
      <trkpt lat="45.79135" lon="9.55224">
        <ele>601.0</ele>
      </trkpt>
      <trkpt lat="45.79129" lon="9.5514">
        <ele>604.0</ele>
      </trkpt>
      <trkpt lat="45.79092" lon="9.55029">
        <ele>610.0</ele>
      </trkpt>
      <trkpt lat="45.79048" lon="9.5497">
        <ele>616.0</ele>
      </trkpt>
      <trkpt lat="45.78967" lon="9.54941">
        <ele>621.0</ele>
      </trkpt>
      <trkpt lat="45.78993" lon="9.54889">
        <ele>623.0</ele>
      </trkpt>
      <trkpt lat="45.78971" lon="9.54828">
        <ele>624.0</ele>
      </trkpt>
      <trkpt lat="45.78974" lon="9.54805">
        <ele>625.0</ele>
      </trkpt>
      <trkpt lat="45.7902" lon="9.54718">
        <ele>630.0</ele>
      </trkpt>
      <trkpt lat="45.79018" lon="9.5469">
        <ele>632.0</ele>
      </trkpt>
      <trkpt lat="45.7898" lon="9.54621">
        <ele>637.0</ele>
      </trkpt>
      <trkpt lat="45.7893" lon="9.54613">
        <ele>641.0</ele>
      </trkpt>
      <trkpt lat="45.78898" lon="9.54659">
        <ele>645.0</ele>
      </trkpt>
      <trkpt lat="45.78875" lon="9.54854">
        <ele>654.0</ele>
      </trkpt>
      <trkpt lat="45.78838" lon="9.54907">
        <ele>658.0</ele>
      </trkpt>
      <trkpt lat="45.78781" lon="9.54946">
        <ele>664.0</ele>
      </trkpt>
      <trkpt lat="45.78804" lon="9.55043">
        <ele>670.0</ele>
      </trkpt>
      <trkpt lat="45.7878" lon="9.55108">
        <ele>674.0</ele>
      </trkpt>
      <trkpt lat="45.78752" lon="9.55111">
        <ele>675.0</ele>
      </trkpt>
      <trkpt lat="45.78728" lon="9.55094">
        <ele>677.0</ele>
      </trkpt>
      <trkpt lat="45.78668" lon="9.54889">
        <ele>686.0</ele>
      </trkpt>
      <trkpt lat="45.78726" lon="9.54758">
        <ele>695.0</ele>
      </trkpt>
      <trkpt lat="45.78696" lon="9.54621">
        <ele>707.0</ele>
      </trkpt>
      <trkpt lat="45.78769" lon="9.54554">
        <ele>717.0</ele>
      </trkpt>
      <trkpt lat="45.78807" lon="9.54408">
        <ele>729.0</ele>
      </trkpt>
      <trkpt lat="45.78886" lon="9.54189">
        <ele>746.0</ele>
      </trkpt>
      <trkpt lat="45.78879" lon="9.54123">
        <ele>751.0</ele>
      </trkpt>
      <trkpt lat="45.78786" lon="9.53905">
        <ele>758.0</ele>
      </trkpt>
      <trkpt lat="45.78789" lon="9.53876">
        <ele>759.0</ele>
      </trkpt>
      <trkpt lat="45.7881" lon="9.53846">
        <ele>759.0</ele>
      </trkpt>
      <trkpt lat="45.78811" lon="9.53784">
        <ele>760.0</ele>
      </trkpt>
      <trkpt lat="45.78831" lon="9.53775">
        <ele>761.0</ele>
      </trkpt>
      <trkpt lat="45.78898" lon="9.53807">
        <ele>765.0</ele>
      </trkpt>
      <trkpt lat="45.79019" lon="9.53815">
        <ele>771.0</ele>
      </trkpt>
      <trkpt lat="45.7905" lon="9.53785">
        <ele>777.0</ele>
      </trkpt>
      <trkpt lat="45.79061" lon="9.53724">
        <ele>780.0</ele>
      </trkpt>
      <trkpt lat="45.79046" lon="9.53718">
        <ele>782.0</ele>
      </trkpt>
      <trkpt lat="45.79026" lon="9.53763">
        <ele>784.0</ele>
      </trkpt>
      <trkpt lat="45.79002" lon="9.53782">
        <ele>786.0</ele>
      </trkpt>
      <trkpt lat="45.78941" lon="9.5378">
        <ele>789.0</ele>
      </trkpt>
      <trkpt lat="45.78757" lon="9.53655">
        <ele>803.0</ele>
      </trkpt>
      <trkpt lat="45.78682" lon="9.53645">
        <ele>811.0</ele>
      </trkpt>
      <trkpt lat="45.78689" lon="9.53629">
        <ele>813.0</ele>
      </trkpt>
      <trkpt lat="45.78818" lon="9.53643">
        <ele>820.0</ele>
      </trkpt>
      <trkpt lat="45.7895" lon="9.53593">
        <ele>824.0</ele>
      </trkpt>
      <trkpt lat="45.78986" lon="9.53537">
        <ele>828.0</ele>
      </trkpt>
      <trkpt lat="45.78984" lon="9.53434">
        <ele>832.0</ele>
      </trkpt>
      <trkpt lat="45.78968" lon="9.53515">
        <ele>836.0</ele>
      </trkpt>
      <trkpt lat="45.78922" lon="9.53552">
        <ele>839.0</ele>
      </trkpt>
      <trkpt lat="45.78841" lon="9.53535">
        <ele>845.0</ele>
      </trkpt>
      <trkpt lat="45.78662" lon="9.53554">
        <ele>858.0</ele>
      </trkpt>
      <trkpt lat="45.78583" lon="9.53529">
        <ele>866.0</ele>
      </trkpt>
      <trkpt lat="45.78594" lon="9.53518">
        <ele>867.0</ele>
      </trkpt>
      <trkpt lat="45.78726" lon="9.53522">
        <ele>873.0</ele>
      </trkpt>
      <trkpt lat="45.78766" lon="9.53454">
        <ele>878.0</ele>
      </trkpt>
      <trkpt lat="45.7884" lon="9.53409">
        <ele>886.0</ele>
      </trkpt>
      <trkpt lat="45.78891" lon="9.53298">
        <ele>891.0</ele>
      </trkpt>
      <trkpt lat="45.78927" lon="9.53261">
        <ele>895.0</ele>
      </trkpt>
      <trkpt lat="45.78927" lon="9.53241">
        <ele>898.0</ele>
      </trkpt>
      <trkpt lat="45.78809" lon="9.53372">
        <ele>906.0</ele>
      </trkpt>
      <trkpt lat="45.78741" lon="9.53389">
        <ele>909.0</ele>
      </trkpt>
      <trkpt lat="45.78685" lon="9.53444">
        <ele>912.0</ele>
      </trkpt>
      <trkpt lat="45.78534" lon="9.53378">
        <ele>916.0</ele>
      </trkpt>
      <trkpt lat="45.78482" lon="9.53384">
        <ele>922.0</ele>
      </trkpt>
      <trkpt lat="45.78478" lon="9.53371">
        <ele>923.0</ele>
      </trkpt>
      <trkpt lat="45.78641" lon="9.53366">
        <ele>931.0</ele>
      </trkpt>
      <trkpt lat="45.78779" lon="9.53249">
        <ele>939.0</ele>
      </trkpt>
      <trkpt lat="45.78785" lon="9.53196">
        <ele>943.0</ele>
      </trkpt>
      <trkpt lat="45.78813" lon="9.53138">
        <ele>946.0</ele>
      </trkpt>
      <trkpt lat="45.78795" lon="9.53053">
        <ele>950.0</ele>
      </trkpt>
      <trkpt lat="45.78829" lon="9.53022">
        <ele>953.0</ele>
      </trkpt>
      <trkpt lat="45.78842" lon="9.52979">
        <ele>956.0</ele>
      </trkpt>
      <trkpt lat="45.78862" lon="9.52959">
        <ele>958.0</ele>
      </trkpt>
      <trkpt lat="45.78919" lon="9.52931">
        <ele>966.0</ele>
      </trkpt>
      <trkpt lat="45.78985" lon="9.52844">
        <ele>971.0</ele>
      </trkpt>
      <trkpt lat="45.79023" lon="9.52769">
        <ele>975.0</ele>
      </trkpt>
      <trkpt lat="45.79032" lon="9.52743">
        <ele>980.0</ele>
      </trkpt>
      <trkpt lat="45.79029" lon="9.52664">
        <ele>985.0</ele>
      </trkpt>
      <trkpt lat="45.79061" lon="9.5255">
        <ele>990.0</ele>
      </trkpt>
      <trkpt lat="45.79114" lon="9.52485">
        <ele>993.0</ele>
      </trkpt>
      <trkpt lat="45.79142" lon="9.5239">
        <ele>996.0</ele>
      </trkpt>
      <trkpt lat="45.79122" lon="9.524">
        <ele>997.0</ele>
      </trkpt>
      <trkpt lat="45.79088" lon="9.52462">
        <ele>998.0</ele>
      </trkpt>
      <trkpt lat="45.78936" lon="9.52643">
        <ele>1003.0</ele>
      </trkpt>
      <trkpt lat="45.78889" lon="9.52729">
        <ele>1004.0</ele>
      </trkpt>
      <trkpt lat="45.78847" lon="9.52743">
        <ele>1005.0</ele>
      </trkpt>
      <trkpt lat="45.78819" lon="9.52804">
        <ele>1005.0</ele>
      </trkpt>
      <trkpt lat="45.78771" lon="9.52827">
        <ele>1006.0</ele>
      </trkpt>
      <trkpt lat="45.78698" lon="9.52802">
        <ele>1006.0</ele>
      </trkpt>
      <trkpt lat="45.78651" lon="9.52828">
        <ele>1006.0</ele>
      </trkpt>
      <trkpt lat="45.78614" lon="9.52992">
        <ele>1005.0</ele>
      </trkpt>
      <trkpt lat="45.78569" lon="9.53071">
        <ele>1002.0</ele>
      </trkpt>
      <trkpt lat="45.78432" lon="9.53183">
        <ele>995.0</ele>
      </trkpt>
      <trkpt lat="45.7835" lon="9.53213">
        <ele>997.0</ele>
      </trkpt>
      <trkpt lat="45.78319" lon="9.53263">
        <ele>1000.0</ele>
      </trkpt>
      <trkpt lat="45.78269" lon="9.53292">
        <ele>1002.0</ele>
      </trkpt>
      <trkpt lat="45.78268" lon="9.5334">
        <ele>1003.0</ele>
      </trkpt>
      <trkpt lat="45.78294" lon="9.53415">
        <ele>1003.0</ele>
      </trkpt>
      <trkpt lat="45.78306" lon="9.53496">
        <ele>1003.0</ele>
      </trkpt>
      <trkpt lat="45.78337" lon="9.53567">
        <ele>1003.0</ele>
      </trkpt>
      <trkpt lat="45.78324" lon="9.53767">
        <ele>1003.0</ele>
      </trkpt>
      <trkpt lat="45.78363" lon="9.53854">
        <ele>1000.0</ele>
      </trkpt>
      <trkpt lat="45.78377" lon="9.53967">
        <ele>990.0</ele>
      </trkpt>
      <trkpt lat="45.78354" lon="9.54128">
        <ele>985.0</ele>
      </trkpt>
      <trkpt lat="45.78342" lon="9.54151">
        <ele>985.0</ele>
      </trkpt>
      <trkpt lat="45.78239" lon="9.54161">
        <ele>985.0</ele>
      </trkpt>
      <trkpt lat="45.7818" lon="9.54212">
        <ele>979.0</ele>
      </trkpt>
      <trkpt lat="45.78166" lon="9.54409">
        <ele>970.0</ele>
      </trkpt>
      <trkpt lat="45.7812" lon="9.5464">
        <ele>960.0</ele>
      </trkpt>
      <trkpt lat="45.78051" lon="9.54853">
        <ele>938.0</ele>
      </trkpt>
      <trkpt lat="45.78023" lon="9.54872">
        <ele>935.0</ele>
      </trkpt>
      <trkpt lat="45.77866" lon="9.54838">
        <ele>926.0</ele>
      </trkpt>
      <trkpt lat="45.77826" lon="9.5477">
        <ele>921.0</ele>
      </trkpt>
      <trkpt lat="45.77787" lon="9.54767">
        <ele>917.0</ele>
      </trkpt>
      <trkpt lat="45.77762" lon="9.54778">
        <ele>915.0</ele>
      </trkpt>
      <trkpt lat="45.77728" lon="9.54862">
        <ele>911.0</ele>
      </trkpt>
      <trkpt lat="45.77707" lon="9.5488">
        <ele>911.0</ele>
      </trkpt>
      <trkpt lat="45.77662" lon="9.549">
        <ele>913.0</ele>
      </trkpt>
      <trkpt lat="45.77602" lon="9.54885">
        <ele>916.0</ele>
      </trkpt>
      <trkpt lat="45.7758" lon="9.549">
        <ele>917.0</ele>
      </trkpt>
      <trkpt lat="45.77572" lon="9.54934">
        <ele>917.0</ele>
      </trkpt>
      <trkpt lat="45.77518" lon="9.55003">
        <ele>910.0</ele>
      </trkpt>
      <trkpt lat="45.77418" lon="9.55266">
        <ele>887.0</ele>
      </trkpt>
      <trkpt lat="45.77311" lon="9.55334">
        <ele>880.0</ele>
      </trkpt>
      <trkpt lat="45.7723" lon="9.55443">
        <ele>877.0</ele>
      </trkpt>
      <trkpt lat="45.77173" lon="9.55559">
        <ele>873.0</ele>
      </trkpt>
      <trkpt lat="45.77164" lon="9.55659">
        <ele>865.0</ele>
      </trkpt>
      <trkpt lat="45.77134" lon="9.55777">
        <ele>857.0</ele>
      </trkpt>
      <trkpt lat="45.77129" lon="9.55897">
        <ele>855.0</ele>
      </trkpt>
      <trkpt lat="45.77061" lon="9.55937">
        <ele>854.0</ele>
      </trkpt>
      <trkpt lat="45.76848" lon="9.56133">
        <ele>855.0</ele>
      </trkpt>
      <trkpt lat="45.76769" lon="9.56141">
        <ele>853.0</ele>
      </trkpt>
      <trkpt lat="45.76735" lon="9.5609">
        <ele>850.0</ele>
      </trkpt>
      <trkpt lat="45.76685" lon="9.55967">
        <ele>848.0</ele>
      </trkpt>
      <trkpt lat="45.76628" lon="9.55889">
        <ele>840.0</ele>
      </trkpt>
      <trkpt lat="45.76583" lon="9.55745">
        <ele>834.0</ele>
      </trkpt>
      <trkpt lat="45.76562" lon="9.55634">
        <ele>828.0</ele>
      </trkpt>
      <trkpt lat="45.76497" lon="9.55571">
        <ele>815.0</ele>
      </trkpt>
      <trkpt lat="45.76468" lon="9.55379">
        <ele>798.0</ele>
      </trkpt>
      <trkpt lat="45.76461" lon="9.55564">
        <ele>789.0</ele>
      </trkpt>
      <trkpt lat="45.76502" lon="9.55717">
        <ele>779.0</ele>
      </trkpt>
      <trkpt lat="45.76503" lon="9.56111">
        <ele>748.0</ele>
      </trkpt>
      <trkpt lat="45.7652" lon="9.56211">
        <ele>739.0</ele>
      </trkpt>
      <trkpt lat="45.76496" lon="9.56316">
        <ele>730.0</ele>
      </trkpt>
      <trkpt lat="45.76461" lon="9.5638">
        <ele>724.0</ele>
      </trkpt>
      <trkpt lat="45.76396" lon="9.56449">
        <ele>716.0</ele>
      </trkpt>
      <trkpt lat="45.76387" lon="9.56485">
        <ele>713.0</ele>
      </trkpt>
      <trkpt lat="45.76421" lon="9.56572">
        <ele>707.0</ele>
      </trkpt>
      <trkpt lat="45.76434" lon="9.56788">
        <ele>701.0</ele>
      </trkpt>
      <trkpt lat="45.7647" lon="9.56971">
        <ele>687.0</ele>
      </trkpt>
      <trkpt lat="45.76462" lon="9.57089">
        <ele>678.0</ele>
      </trkpt>
      <trkpt lat="45.76434" lon="9.57212">
        <ele>666.0</ele>
      </trkpt>
      <trkpt lat="45.76427" lon="9.572">
        <ele>664.0</ele>
      </trkpt>
      <trkpt lat="45.76442" lon="9.57068">
        <ele>658.0</ele>
      </trkpt>
      <trkpt lat="45.76432" lon="9.56994">
        <ele>655.0</ele>
      </trkpt>
      <trkpt lat="45.76391" lon="9.56875">
        <ele>648.0</ele>
      </trkpt>
      <trkpt lat="45.76331" lon="9.56792">
        <ele>643.0</ele>
      </trkpt>
      <trkpt lat="45.76316" lon="9.56799">
        <ele>637.0</ele>
      </trkpt>
      <trkpt lat="45.76362" lon="9.56874">
        <ele>632.0</ele>
      </trkpt>
      <trkpt lat="45.7639" lon="9.57009">
        <ele>624.0</ele>
      </trkpt>
      <trkpt lat="45.76384" lon="9.57113">
        <ele>615.0</ele>
      </trkpt>
      <trkpt lat="45.76336" lon="9.57209">
        <ele>604.0</ele>
      </trkpt>
      <trkpt lat="45.76325" lon="9.57263">
        <ele>601.0</ele>
      </trkpt>
      <trkpt lat="45.7636" lon="9.57394">
        <ele>597.0</ele>
      </trkpt>
      <trkpt lat="45.76354" lon="9.57488">
        <ele>593.0</ele>
      </trkpt>
      <trkpt lat="45.76331" lon="9.57551">
        <ele>586.0</ele>
      </trkpt>
      <trkpt lat="45.76256" lon="9.57676">
        <ele>571.0</ele>
      </trkpt>
      <trkpt lat="45.76247" lon="9.57583">
        <ele>566.0</ele>
      </trkpt>
      <trkpt lat="45.76303" lon="9.5749">
        <ele>560.0</ele>
      </trkpt>
      <trkpt lat="45.7631" lon="9.57449">
        <ele>557.0</ele>
      </trkpt>
      <trkpt lat="45.76279" lon="9.57392">
        <ele>552.0</ele>
      </trkpt>
      <trkpt lat="45.76162" lon="9.57309">
        <ele>542.0</ele>
      </trkpt>
      <trkpt lat="45.76145" lon="9.57261">
        <ele>536.0</ele>
      </trkpt>
      <trkpt lat="45.76153" lon="9.57226">
        <ele>533.0</ele>
      </trkpt>
      <trkpt lat="45.76195" lon="9.57168">
        <ele>528.0</ele>
      </trkpt>
      <trkpt lat="45.76219" lon="9.57096">
        <ele>523.0</ele>
      </trkpt>
      <trkpt lat="45.76215" lon="9.57055">
        <ele>520.0</ele>
      </trkpt>
      <trkpt lat="45.76183" lon="9.57038">
        <ele>517.0</ele>
      </trkpt>
      <trkpt lat="45.76117" lon="9.57056">
        <ele>513.0</ele>
      </trkpt>
      <trkpt lat="45.76088" lon="9.57044">
        <ele>509.0</ele>
      </trkpt>
      <trkpt lat="45.76039" lon="9.56951">
        <ele>505.0</ele>
      </trkpt>
      <trkpt lat="45.76018" lon="9.56873">
        <ele>496.0</ele>
      </trkpt>
      <trkpt lat="45.75961" lon="9.56831">
        <ele>490.0</ele>
      </trkpt>
      <trkpt lat="45.75936" lon="9.56777">
        <ele>486.0</ele>
      </trkpt>
      <trkpt lat="45.75919" lon="9.56776">
        <ele>484.0</ele>
      </trkpt>
      <trkpt lat="45.75915" lon="9.5682">
        <ele>481.0</ele>
      </trkpt>
      <trkpt lat="45.75978" lon="9.56905">
        <ele>476.0</ele>
      </trkpt>
      <trkpt lat="45.75978" lon="9.56944">
        <ele>471.0</ele>
      </trkpt>
      <trkpt lat="45.75897" lon="9.57018">
        <ele>459.0</ele>
      </trkpt>
      <trkpt lat="45.75844" lon="9.57039">
        <ele>449.0</ele>
      </trkpt>
      <trkpt lat="45.75837" lon="9.57061">
        <ele>445.0</ele>
      </trkpt>
      <trkpt lat="45.75847" lon="9.57078">
        <ele>444.0</ele>
      </trkpt>
      <trkpt lat="45.75984" lon="9.57139">
        <ele>442.0</ele>
      </trkpt>
      <trkpt lat="45.75996" lon="9.57159">
        <ele>442.0</ele>
      </trkpt>
      <trkpt lat="45.75966" lon="9.57218">
        <ele>440.0</ele>
      </trkpt>
      <trkpt lat="45.75957" lon="9.57271">
        <ele>438.0</ele>
      </trkpt>
      <trkpt lat="45.75973" lon="9.57337">
        <ele>436.0</ele>
      </trkpt>
      <trkpt lat="45.75936" lon="9.57415">
        <ele>433.0</ele>
      </trkpt>
      <trkpt lat="45.75949" lon="9.57439">
        <ele>431.0</ele>
      </trkpt>
      <trkpt lat="45.76023" lon="9.5748">
        <ele>427.0</ele>
      </trkpt>
      <trkpt lat="45.75982" lon="9.57615">
        <ele>421.0</ele>
      </trkpt>
      <trkpt lat="45.75933" lon="9.57659">
        <ele>418.0</ele>
      </trkpt>
      <trkpt lat="45.75883" lon="9.57768">
        <ele>412.0</ele>
      </trkpt>
      <trkpt lat="45.75821" lon="9.57715">
        <ele>412.0</ele>
      </trkpt>
      <trkpt lat="45.75772" lon="9.57738">
        <ele>412.0</ele>
      </trkpt>
      <trkpt lat="45.75723" lon="9.57714">
        <ele>411.0</ele>
      </trkpt>
      <trkpt lat="45.7564" lon="9.57745">
        <ele>403.0</ele>
      </trkpt>
      <trkpt lat="45.75516" lon="9.57681">
        <ele>390.0</ele>
      </trkpt>
      <trkpt lat="45.75384" lon="9.57756">
        <ele>381.0</ele>
      </trkpt>
      <trkpt lat="45.75344" lon="9.57882">
        <ele>371.0</ele>
      </trkpt>
      <trkpt lat="45.75361" lon="9.57953">
        <ele>361.0</ele>
      </trkpt>
      <trkpt lat="45.75289" lon="9.5795">
        <ele>355.0</ele>
      </trkpt>
      <trkpt lat="45.75188" lon="9.58073">
        <ele>351.0</ele>
      </trkpt>
      <trkpt lat="45.75151" lon="9.58146">
        <ele>345.0</ele>
      </trkpt>
      <trkpt lat="45.75098" lon="9.5817">
        <ele>340.0</ele>
      </trkpt>
      <trkpt lat="45.75055" lon="9.58242">
        <ele>337.0</ele>
      </trkpt>
      <trkpt lat="45.75021" lon="9.58367">
        <ele>334.0</ele>
      </trkpt>
      <trkpt lat="45.74958" lon="9.58443">
        <ele>331.0</ele>
      </trkpt>
      <trkpt lat="45.74978" lon="9.58679">
        <ele>329.0</ele>
      </trkpt>
      <trkpt lat="45.74997" lon="9.58738">
        <ele>328.0</ele>
      </trkpt>
      <trkpt lat="45.74947" lon="9.58818">
        <ele>324.0</ele>
      </trkpt>
      <trkpt lat="45.74961" lon="9.58862">
        <ele>321.0</ele>
      </trkpt>
      <trkpt lat="45.74943" lon="9.59019">
        <ele>316.0</ele>
      </trkpt>
      <trkpt lat="45.74969" lon="9.5913">
        <ele>311.0</ele>
      </trkpt>
      <trkpt lat="45.75116" lon="9.59468">
        <ele>305.0</ele>
      </trkpt>
      <trkpt lat="45.75123" lon="9.59635">
        <ele>303.0</ele>
      </trkpt>
      <trkpt lat="45.75087" lon="9.59747">
        <ele>303.0</ele>
      </trkpt>
      <trkpt lat="45.75098" lon="9.59915">
        <ele>299.0</ele>
      </trkpt>
      <trkpt lat="45.75078" lon="9.5993">
        <ele>298.0</ele>
      </trkpt>
      <trkpt lat="45.75069" lon="9.59969">
        <ele>297.0</ele>
      </trkpt>
      <trkpt lat="45.75098" lon="9.60084">
        <ele>293.0</ele>
      </trkpt>
      <trkpt lat="45.75057" lon="9.60123">
        <ele>290.0</ele>
      </trkpt>
      <trkpt lat="45.74954" lon="9.60167">
        <ele>286.0</ele>
      </trkpt>
      <trkpt lat="45.74911" lon="9.60169">
        <ele>284.0</ele>
      </trkpt>
      <trkpt lat="45.74641" lon="9.60134">
        <ele>279.0</ele>
      </trkpt>
      <trkpt lat="45.74267" lon="9.6004">
        <ele>274.0</ele>
      </trkpt>
      <trkpt lat="45.74232" lon="9.60025">
        <ele>273.0</ele>
      </trkpt>
      <trkpt lat="45.74199" lon="9.59987">
        <ele>273.0</ele>
      </trkpt>
      <trkpt lat="45.74126" lon="9.59741">
        <ele>274.0</ele>
      </trkpt>
      <trkpt lat="45.74112" lon="9.59653">
        <ele>275.0</ele>
      </trkpt>
      <trkpt lat="45.74152" lon="9.58946">
        <ele>287.0</ele>
      </trkpt>
      <trkpt lat="45.74146" lon="9.58887">
        <ele>290.0</ele>
      </trkpt>
      <trkpt lat="45.73793" lon="9.58333">
        <ele>290.0</ele>
      </trkpt>
      <trkpt lat="45.73711" lon="9.58232">
        <ele>289.0</ele>
      </trkpt>
      <trkpt lat="45.73691" lon="9.58182">
        <ele>288.0</ele>
      </trkpt>
      <trkpt lat="45.73651" lon="9.58155">
        <ele>288.0</ele>
      </trkpt>
      <trkpt lat="45.73261" lon="9.57671">
        <ele>283.0</ele>
      </trkpt>
      <trkpt lat="45.73019" lon="9.57344">
        <ele>283.0</ele>
      </trkpt>
      <trkpt lat="45.7298" lon="9.57222">
        <ele>283.0</ele>
      </trkpt>
      <trkpt lat="45.72866" lon="9.56589">
        <ele>285.0</ele>
      </trkpt>
      <trkpt lat="45.7287" lon="9.56176">
        <ele>281.0</ele>
      </trkpt>
      <trkpt lat="45.72886" lon="9.56144">
        <ele>277.0</ele>
      </trkpt>
      <trkpt lat="45.72873" lon="9.5612">
        <ele>277.0</ele>
      </trkpt>
      <trkpt lat="45.7288" lon="9.55982">
        <ele>277.0</ele>
      </trkpt>
      <trkpt lat="45.72872" lon="9.55902">
        <ele>276.0</ele>
      </trkpt>
      <trkpt lat="45.72827" lon="9.55695">
        <ele>276.0</ele>
      </trkpt>
      <trkpt lat="45.72823" lon="9.55529">
        <ele>276.0</ele>
      </trkpt>
      <trkpt lat="45.72844" lon="9.55514">
        <ele>275.0</ele>
      </trkpt>
      <trkpt lat="45.72846" lon="9.55482">
        <ele>274.0</ele>
      </trkpt>
      <trkpt lat="45.72821" lon="9.5546">
        <ele>273.0</ele>
      </trkpt>
      <trkpt lat="45.728" lon="9.55495">
        <ele>273.0</ele>
      </trkpt>
      <trkpt lat="45.7274" lon="9.55499">
        <ele>273.0</ele>
      </trkpt>
      <trkpt lat="45.72694" lon="9.55482">
        <ele>273.0</ele>
      </trkpt>
      <trkpt lat="45.72655" lon="9.55434">
        <ele>273.0</ele>
      </trkpt>
      <trkpt lat="45.72593" lon="9.55284">
        <ele>273.0</ele>
      </trkpt>
      <trkpt lat="45.72511" lon="9.55212">
        <ele>273.0</ele>
      </trkpt>
      <trkpt lat="45.72492" lon="9.55155">
        <ele>273.0</ele>
      </trkpt>
      <trkpt lat="45.72469" lon="9.55158">
        <ele>273.0</ele>
      </trkpt>
      <trkpt lat="45.72454" lon="9.55214">
        <ele>273.0</ele>
      </trkpt>
      <trkpt lat="45.72305" lon="9.55422">
        <ele>270.0</ele>
      </trkpt>
      <trkpt lat="45.72247" lon="9.55483">
        <ele>270.0</ele>
      </trkpt>
      <trkpt lat="45.72194" lon="9.55516">
        <ele>269.0</ele>
      </trkpt>
      <trkpt lat="45.72008" lon="9.55579">
        <ele>269.0</ele>
      </trkpt>
      <trkpt lat="45.71952" lon="9.55555">
        <ele>268.0</ele>
      </trkpt>
      <trkpt lat="45.71924" lon="9.55599">
        <ele>268.0</ele>
      </trkpt>
      <trkpt lat="45.71804" lon="9.5563">
        <ele>268.0</ele>
      </trkpt>
      <trkpt lat="45.71782" lon="9.55599">
        <ele>268.0</ele>
      </trkpt>
      <trkpt lat="45.71751" lon="9.55437">
        <ele>267.0</ele>
      </trkpt>
      <trkpt lat="45.71737" lon="9.55334">
        <ele>266.0</ele>
      </trkpt>
      <trkpt lat="45.71741" lon="9.55257">
        <ele>265.0</ele>
      </trkpt>
      <trkpt lat="45.71641" lon="9.55024">
        <ele>261.0</ele>
      </trkpt>
      <trkpt lat="45.71513" lon="9.54837">
        <ele>260.0</ele>
      </trkpt>
      <trkpt lat="45.71267" lon="9.54775">
        <ele>257.0</ele>
      </trkpt>
      <trkpt lat="45.71222" lon="9.54789">
        <ele>256.0</ele>
      </trkpt>
      <trkpt lat="45.71074" lon="9.54899">
        <ele>254.0</ele>
      </trkpt>
      <trkpt lat="45.71044" lon="9.54889">
        <ele>253.0</ele>
      </trkpt>
      <trkpt lat="45.71002" lon="9.54961">
        <ele>253.0</ele>
      </trkpt>
      <trkpt lat="45.70914" lon="9.55029">
        <ele>253.0</ele>
      </trkpt>
      <trkpt lat="45.70874" lon="9.55169">
        <ele>253.0</ele>
      </trkpt>
      <trkpt lat="45.70659" lon="9.55189">
        <ele>252.0</ele>
      </trkpt>
      <trkpt lat="45.70539" lon="9.5524">
        <ele>251.0</ele>
      </trkpt>
      <trkpt lat="45.70241" lon="9.55304">
        <ele>247.0</ele>
      </trkpt>
      <trkpt lat="45.69935" lon="9.55292">
        <ele>248.0</ele>
      </trkpt>
      <trkpt lat="45.69761" lon="9.55313">
        <ele>247.0</ele>
      </trkpt>
      <trkpt lat="45.6948" lon="9.55421">
        <ele>245.0</ele>
      </trkpt>
      <trkpt lat="45.69437" lon="9.5543">
        <ele>244.0</ele>
      </trkpt>
      <trkpt lat="45.69362" lon="9.55415">
        <ele>243.0</ele>
      </trkpt>
      <trkpt lat="45.69246" lon="9.5546">
        <ele>242.0</ele>
      </trkpt>
      <trkpt lat="45.69165" lon="9.5551">
        <ele>241.0</ele>
      </trkpt>
      <trkpt lat="45.68987" lon="9.55563">
        <ele>239.0</ele>
      </trkpt>
      <trkpt lat="45.68864" lon="9.54817">
        <ele>234.0</ele>
      </trkpt>
      <trkpt lat="45.68877" lon="9.54753">
        <ele>233.0</ele>
      </trkpt>
      <trkpt lat="45.68848" lon="9.54713">
        <ele>233.0</ele>
      </trkpt>
      <trkpt lat="45.68841" lon="9.54673">
        <ele>233.0</ele>
      </trkpt>
      <trkpt lat="45.68756" lon="9.54152">
        <ele>232.0</ele>
      </trkpt>
      <trkpt lat="45.68757" lon="9.54095">
        <ele>232.0</ele>
      </trkpt>
      <trkpt lat="45.6874" lon="9.54048">
        <ele>232.0</ele>
      </trkpt>
      <trkpt lat="45.68624" lon="9.53347">
        <ele>231.0</ele>
      </trkpt>
      <trkpt lat="45.68619" lon="9.53262">
        <ele>231.0</ele>
      </trkpt>
      <trkpt lat="45.68648" lon="9.53198">
        <ele>231.0</ele>
      </trkpt>
      <trkpt lat="45.68653" lon="9.53126">
        <ele>231.0</ele>
      </trkpt>
      <trkpt lat="45.68884" lon="9.52766">
        <ele>233.0</ele>
      </trkpt>
      <trkpt lat="45.68942" lon="9.52652">
        <ele>238.0</ele>
      </trkpt>
      <trkpt lat="45.68976" lon="9.5253">
        <ele>244.0</ele>
      </trkpt>
      <trkpt lat="45.69022" lon="9.52223">
        <ele>249.0</ele>
      </trkpt>
      <trkpt lat="45.69069" lon="9.52032">
        <ele>254.0</ele>
      </trkpt>
      <trkpt lat="45.69231" lon="9.51562">
        <ele>259.0</ele>
      </trkpt>
      <trkpt lat="45.69292" lon="9.51456">
        <ele>260.0</ele>
      </trkpt>
      <trkpt lat="45.6934" lon="9.51425">
        <ele>261.0</ele>
      </trkpt>
      <trkpt lat="45.69352" lon="9.51357">
        <ele>262.0</ele>
      </trkpt>
      <trkpt lat="45.695" lon="9.50991">
        <ele>264.0</ele>
      </trkpt>
      <trkpt lat="45.69589" lon="9.50527">
        <ele>267.0</ele>
      </trkpt>
      <trkpt lat="45.69637" lon="9.50475">
        <ele>268.0</ele>
      </trkpt>
      <trkpt lat="45.69626" lon="9.50424">
        <ele>268.0</ele>
      </trkpt>
      <trkpt lat="45.69631" lon="9.50385">
        <ele>268.0</ele>
      </trkpt>
      <trkpt lat="45.69979" lon="9.49485">
        <ele>280.0</ele>
      </trkpt>
      <trkpt lat="45.7003" lon="9.49442">
        <ele>281.0</ele>
      </trkpt>
      <trkpt lat="45.70019" lon="9.4937">
        <ele>281.0</ele>
      </trkpt>
      <trkpt lat="45.70086" lon="9.48104">
        <ele>282.0</ele>
      </trkpt>
      <trkpt lat="45.70108" lon="9.47994">
        <ele>283.0</ele>
      </trkpt>
      <trkpt lat="45.70087" lon="9.47972">
        <ele>284.0</ele>
      </trkpt>
      <trkpt lat="45.69781" lon="9.48028">
        <ele>283.0</ele>
      </trkpt>
      <trkpt lat="45.69588" lon="9.48082">
        <ele>281.0</ele>
      </trkpt>
      <trkpt lat="45.69497" lon="9.48085">
        <ele>281.0</ele>
      </trkpt>
      <trkpt lat="45.69479" lon="9.48069">
        <ele>281.0</ele>
      </trkpt>
      <trkpt lat="45.69457" lon="9.48001">
        <ele>281.0</ele>
      </trkpt>
      <trkpt lat="45.69401" lon="9.47998">
        <ele>281.0</ele>
      </trkpt>
      <trkpt lat="45.69375" lon="9.47981">
        <ele>281.0</ele>
      </trkpt>
      <trkpt lat="45.69137" lon="9.47755">
        <ele>276.0</ele>
      </trkpt>
      <trkpt lat="45.69112" lon="9.4771">
        <ele>276.0</ele>
      </trkpt>
      <trkpt lat="45.68883" lon="9.46957">
        <ele>271.0</ele>
      </trkpt>
      <trkpt lat="45.68555" lon="9.46038">
        <ele>267.0</ele>
      </trkpt>
      <trkpt lat="45.68523" lon="9.45976">
        <ele>267.0</ele>
      </trkpt>
      <trkpt lat="45.68422" lon="9.45435">
        <ele>255.0</ele>
      </trkpt>
      <trkpt lat="45.68388" lon="9.45396">
        <ele>241.0</ele>
      </trkpt>
      <trkpt lat="45.6835" lon="9.45397">
        <ele>226.0</ele>
      </trkpt>
      <trkpt lat="45.68156" lon="9.45128">
        <ele>228.0</ele>
      </trkpt>
      <trkpt lat="45.68205" lon="9.45029">
        <ele>254.0</ele>
      </trkpt>
      <trkpt lat="45.68286" lon="9.44754">
        <ele>263.0</ele>
      </trkpt>
      <trkpt lat="45.68309" lon="9.44429">
        <ele>271.0</ele>
      </trkpt>
      <trkpt lat="45.68429" lon="9.44149">
        <ele>270.0</ele>
      </trkpt>
      <trkpt lat="45.68509" lon="9.44001">
        <ele>268.0</ele>
      </trkpt>
      <trkpt lat="45.68607" lon="9.43643">
        <ele>268.0</ele>
      </trkpt>
      <trkpt lat="45.68614" lon="9.43336">
        <ele>268.0</ele>
      </trkpt>
      <trkpt lat="45.68647" lon="9.43334">
        <ele>268.0</ele>
      </trkpt>
      <trkpt lat="45.69058" lon="9.43596">
        <ele>271.0</ele>
      </trkpt>
      <trkpt lat="45.69088" lon="9.4363">
        <ele>273.0</ele>
      </trkpt>
      <trkpt lat="45.69125" lon="9.43637">
        <ele>273.0</ele>
      </trkpt>
      <trkpt lat="45.69567" lon="9.43889">
        <ele>289.0</ele>
      </trkpt>
      <trkpt lat="45.6973" lon="9.44058">
        <ele>305.0</ele>
      </trkpt>
      <trkpt lat="45.69841" lon="9.44041">
        <ele>313.0</ele>
      </trkpt>
      <trkpt lat="45.70057" lon="9.44146">
        <ele>303.0</ele>
      </trkpt>
      <trkpt lat="45.70187" lon="9.44305">
        <ele>285.0</ele>
      </trkpt>
      <trkpt lat="45.702" lon="9.44345">
        <ele>281.0</ele>
      </trkpt>
      <trkpt lat="45.70181" lon="9.44387">
        <ele>279.0</ele>
      </trkpt>
      <trkpt lat="45.7013" lon="9.44434">
        <ele>277.0</ele>
      </trkpt>
      <trkpt lat="45.69998" lon="9.44486">
        <ele>276.0</ele>
      </trkpt>
      <trkpt lat="45.69943" lon="9.44537">
        <ele>273.0</ele>
      </trkpt>
      <trkpt lat="45.69916" lon="9.44618">
        <ele>269.0</ele>
      </trkpt>
      <trkpt lat="45.69927" lon="9.44714">
        <ele>265.0</ele>
      </trkpt>
      <trkpt lat="45.69985" lon="9.44788">
        <ele>261.0</ele>
      </trkpt>
      <trkpt lat="45.70298" lon="9.44928">
        <ele>245.0</ele>
      </trkpt>
      <trkpt lat="45.70597" lon="9.44933">
        <ele>242.0</ele>
      </trkpt>
      <trkpt lat="45.70672" lon="9.44915">
        <ele>242.0</ele>
      </trkpt>
      <trkpt lat="45.7076" lon="9.44927">
        <ele>243.0</ele>
      </trkpt>
      <trkpt lat="45.7098" lon="9.44885">
        <ele>245.0</ele>
      </trkpt>
      <trkpt lat="45.71058" lon="9.4483">
        <ele>248.0</ele>
      </trkpt>
      <trkpt lat="45.71069" lon="9.44805">
        <ele>249.0</ele>
      </trkpt>
      <trkpt lat="45.71111" lon="9.44788">
        <ele>250.0</ele>
      </trkpt>
      <trkpt lat="45.71398" lon="9.44474">
        <ele>252.0</ele>
      </trkpt>
      <trkpt lat="45.7148" lon="9.44407">
        <ele>248.0</ele>
      </trkpt>
      <trkpt lat="45.71561" lon="9.44366">
        <ele>242.0</ele>
      </trkpt>
      <trkpt lat="45.71645" lon="9.44374">
        <ele>240.0</ele>
      </trkpt>
      <trkpt lat="45.72046" lon="9.44552">
        <ele>236.0</ele>
      </trkpt>
      <trkpt lat="45.72106" lon="9.44563">
        <ele>235.0</ele>
      </trkpt>
      <trkpt lat="45.7216" lon="9.44547">
        <ele>235.0</ele>
      </trkpt>
      <trkpt lat="45.72463" lon="9.44332">
        <ele>236.0</ele>
      </trkpt>
      <trkpt lat="45.72391" lon="9.44081">
        <ele>237.0</ele>
      </trkpt>
      <trkpt lat="45.72621" lon="9.43872">
        <ele>240.0</ele>
      </trkpt>
      <trkpt lat="45.72746" lon="9.43654">
        <ele>248.0</ele>
      </trkpt>
      <trkpt lat="45.72812" lon="9.4346">
        <ele>253.0</ele>
      </trkpt>
      <trkpt lat="45.72913" lon="9.43072">
        <ele>258.0</ele>
      </trkpt>
      <trkpt lat="45.73087" lon="9.42751">
        <ele>260.0</ele>
      </trkpt>
      <trkpt lat="45.73255" lon="9.42363">
        <ele>262.0</ele>
      </trkpt>
      <trkpt lat="45.73262" lon="9.42211">
        <ele>260.0</ele>
      </trkpt>
      <trkpt lat="45.73247" lon="9.42077">
        <ele>258.0</ele>
      </trkpt>
      <trkpt lat="45.73212" lon="9.41986">
        <ele>256.0</ele>
      </trkpt>
      <trkpt lat="45.73252" lon="9.41933">
        <ele>253.0</ele>
      </trkpt>
      <trkpt lat="45.73282" lon="9.41766">
        <ele>246.0</ele>
      </trkpt>
      <trkpt lat="45.73317" lon="9.4172">
        <ele>243.0</ele>
      </trkpt>
      <trkpt lat="45.73369" lon="9.41707">
        <ele>240.0</ele>
      </trkpt>
      <trkpt lat="45.73405" lon="9.41724">
        <ele>237.0</ele>
      </trkpt>
      <trkpt lat="45.73474" lon="9.41799">
        <ele>233.0</ele>
      </trkpt>
      <trkpt lat="45.73542" lon="9.41766">
        <ele>230.0</ele>
      </trkpt>
      <trkpt lat="45.73637" lon="9.41841">
        <ele>226.0</ele>
      </trkpt>
      <trkpt lat="45.73676" lon="9.41853">
        <ele>226.0</ele>
      </trkpt>
      <trkpt lat="45.73694" lon="9.41835">
        <ele>227.0</ele>
      </trkpt>
      <trkpt lat="45.7366" lon="9.41657">
        <ele>229.0</ele>
      </trkpt>
      <trkpt lat="45.73658" lon="9.41535">
        <ele>230.0</ele>
      </trkpt>
      <trkpt lat="45.73634" lon="9.41388">
        <ele>232.0</ele>
      </trkpt>
      <trkpt lat="45.73628" lon="9.41238">
        <ele>237.0</ele>
      </trkpt>
      <trkpt lat="45.73588" lon="9.41065">
        <ele>241.0</ele>
      </trkpt>
      <trkpt lat="45.73601" lon="9.4089">
        <ele>250.0</ele>
      </trkpt>
      <trkpt lat="45.73572" lon="9.40743">
        <ele>256.0</ele>
      </trkpt>
      <trkpt lat="45.73526" lon="9.40631">
        <ele>264.0</ele>
      </trkpt>
      <trkpt lat="45.73531" lon="9.40585">
        <ele>267.0</ele>
      </trkpt>
      <trkpt lat="45.73586" lon="9.40524">
        <ele>272.0</ele>
      </trkpt>
      <trkpt lat="45.73554" lon="9.40511">
        <ele>274.0</ele>
      </trkpt>
      <trkpt lat="45.73505" lon="9.40547">
        <ele>277.0</ele>
      </trkpt>
      <trkpt lat="45.73468" lon="9.40545">
        <ele>279.0</ele>
      </trkpt>
      <trkpt lat="45.73385" lon="9.4048">
        <ele>284.0</ele>
      </trkpt>
      <trkpt lat="45.73318" lon="9.40453">
        <ele>288.0</ele>
      </trkpt>
      <trkpt lat="45.7331" lon="9.40406">
        <ele>292.0</ele>
      </trkpt>
      <trkpt lat="45.7321" lon="9.40291">
        <ele>295.0</ele>
      </trkpt>
      <trkpt lat="45.73175" lon="9.40194">
        <ele>299.0</ele>
      </trkpt>
      <trkpt lat="45.73063" lon="9.40049">
        <ele>301.0</ele>
      </trkpt>
      <trkpt lat="45.73056" lon="9.39846">
        <ele>306.0</ele>
      </trkpt>
      <trkpt lat="45.73105" lon="9.39801">
        <ele>310.0</ele>
      </trkpt>
      <trkpt lat="45.73224" lon="9.39763">
        <ele>316.0</ele>
      </trkpt>
      <trkpt lat="45.73245" lon="9.39656">
        <ele>318.0</ele>
      </trkpt>
      <trkpt lat="45.73311" lon="9.39527">
        <ele>322.0</ele>
      </trkpt>
      <trkpt lat="45.73437" lon="9.39531">
        <ele>322.0</ele>
      </trkpt>
      <trkpt lat="45.73491" lon="9.39165">
        <ele>319.0</ele>
      </trkpt>
      <trkpt lat="45.73497" lon="9.39036">
        <ele>321.0</ele>
      </trkpt>
      <trkpt lat="45.73488" lon="9.38977">
        <ele>322.0</ele>
      </trkpt>
      <trkpt lat="45.7358" lon="9.38855">
        <ele>326.0</ele>
      </trkpt>
      <trkpt lat="45.73699" lon="9.38887">
        <ele>331.0</ele>
      </trkpt>
      <trkpt lat="45.73759" lon="9.38868">
        <ele>334.0</ele>
      </trkpt>
      <trkpt lat="45.73803" lon="9.38821">
        <ele>339.0</ele>
      </trkpt>
      <trkpt lat="45.73819" lon="9.38833">
        <ele>341.0</ele>
      </trkpt>
      <trkpt lat="45.73887" lon="9.38821">
        <ele>345.0</ele>
      </trkpt>
      <trkpt lat="45.7402" lon="9.38872">
        <ele>357.0</ele>
      </trkpt>
      <trkpt lat="45.7412" lon="9.38846">
        <ele>363.0</ele>
      </trkpt>
      <trkpt lat="45.74243" lon="9.38726">
        <ele>381.0</ele>
      </trkpt>
      <trkpt lat="45.74348" lon="9.38869">
        <ele>395.0</ele>
      </trkpt>
      <trkpt lat="45.74357" lon="9.38858">
        <ele>397.0</ele>
      </trkpt>
      <trkpt lat="45.74345" lon="9.388">
        <ele>401.0</ele>
      </trkpt>
      <trkpt lat="45.74357" lon="9.38774">
        <ele>403.0</ele>
      </trkpt>
      <trkpt lat="45.74465" lon="9.38678">
        <ele>414.0</ele>
      </trkpt>
      <trkpt lat="45.74471" lon="9.38699">
        <ele>417.0</ele>
      </trkpt>
      <trkpt lat="45.7443" lon="9.38768">
        <ele>421.0</ele>
      </trkpt>
      <trkpt lat="45.74434" lon="9.38811">
        <ele>426.0</ele>
      </trkpt>
      <trkpt lat="45.74443" lon="9.38814">
        <ele>428.0</ele>
      </trkpt>
      <trkpt lat="45.74469" lon="9.38757">
        <ele>433.0</ele>
      </trkpt>
      <trkpt lat="45.74514" lon="9.38741">
        <ele>438.0</ele>
      </trkpt>
      <trkpt lat="45.74542" lon="9.38712">
        <ele>443.0</ele>
      </trkpt>
      <trkpt lat="45.74569" lon="9.38711">
        <ele>447.0</ele>
      </trkpt>
      <trkpt lat="45.74526" lon="9.38776">
        <ele>454.0</ele>
      </trkpt>
      <trkpt lat="45.74522" lon="9.38833">
        <ele>459.0</ele>
      </trkpt>
      <trkpt lat="45.74571" lon="9.38873">
        <ele>467.0</ele>
      </trkpt>
      <trkpt lat="45.74556" lon="9.38826">
        <ele>471.0</ele>
      </trkpt>
      <trkpt lat="45.74566" lon="9.3882">
        <ele>473.0</ele>
      </trkpt>
      <trkpt lat="45.74605" lon="9.38896">
        <ele>479.0</ele>
      </trkpt>
      <trkpt lat="45.7465" lon="9.38922">
        <ele>485.0</ele>
      </trkpt>
      <trkpt lat="45.74658" lon="9.38966">
        <ele>489.0</ele>
      </trkpt>
      <trkpt lat="45.74626" lon="9.39048">
        <ele>494.0</ele>
      </trkpt>
      <trkpt lat="45.74694" lon="9.3905">
        <ele>499.0</ele>
      </trkpt>
      <trkpt lat="45.7471" lon="9.39034">
        <ele>502.0</ele>
      </trkpt>
      <trkpt lat="45.74683" lon="9.38833">
        <ele>514.0</ele>
      </trkpt>
      <trkpt lat="45.74759" lon="9.38787">
        <ele>520.0</ele>
      </trkpt>
      <trkpt lat="45.74776" lon="9.38745">
        <ele>525.0</ele>
      </trkpt>
      <trkpt lat="45.74818" lon="9.38713">
        <ele>529.0</ele>
      </trkpt>
      <trkpt lat="45.74826" lon="9.38605">
        <ele>535.0</ele>
      </trkpt>
      <trkpt lat="45.74835" lon="9.38576">
        <ele>538.0</ele>
      </trkpt>
      <trkpt lat="45.74853" lon="9.38568">
        <ele>541.0</ele>
      </trkpt>
      <trkpt lat="45.74887" lon="9.38579">
        <ele>548.0</ele>
      </trkpt>
      <trkpt lat="45.74878" lon="9.38635">
        <ele>555.0</ele>
      </trkpt>
      <trkpt lat="45.74907" lon="9.38753">
        <ele>569.0</ele>
      </trkpt>
      <trkpt lat="45.74909" lon="9.38862">
        <ele>583.0</ele>
      </trkpt>
      <trkpt lat="45.74936" lon="9.3892">
        <ele>590.0</ele>
      </trkpt>
      <trkpt lat="45.74964" lon="9.38928">
        <ele>595.0</ele>
      </trkpt>
      <trkpt lat="45.75019" lon="9.38827">
        <ele>608.0</ele>
      </trkpt>
      <trkpt lat="45.75127" lon="9.38807">
        <ele>629.0</ele>
      </trkpt>
      <trkpt lat="45.7516" lon="9.38701">
        <ele>633.0</ele>
      </trkpt>
      <trkpt lat="45.75189" lon="9.38678">
        <ele>635.0</ele>
      </trkpt>
      <trkpt lat="45.75247" lon="9.38532">
        <ele>639.0</ele>
      </trkpt>
      <trkpt lat="45.75305" lon="9.38448">
        <ele>644.0</ele>
      </trkpt>
      <trkpt lat="45.7535" lon="9.38449">
        <ele>647.0</ele>
      </trkpt>
      <trkpt lat="45.75335" lon="9.38364">
        <ele>650.0</ele>
      </trkpt>
      <trkpt lat="45.75343" lon="9.38303">
        <ele>652.0</ele>
      </trkpt>
      <trkpt lat="45.75305" lon="9.38242">
        <ele>655.0</ele>
      </trkpt>
      <trkpt lat="45.75309" lon="9.3819">
        <ele>656.0</ele>
      </trkpt>
      <trkpt lat="45.75295" lon="9.38116">
        <ele>659.0</ele>
      </trkpt>
      <trkpt lat="45.75244" lon="9.38023">
        <ele>663.0</ele>
      </trkpt>
      <trkpt lat="45.75249" lon="9.37907">
        <ele>664.0</ele>
      </trkpt>
      <trkpt lat="45.75218" lon="9.37775">
        <ele>661.0</ele>
      </trkpt>
      <trkpt lat="45.75234" lon="9.37683">
        <ele>660.0</ele>
      </trkpt>
      <trkpt lat="45.75294" lon="9.37671">
        <ele>660.0</ele>
      </trkpt>
      <trkpt lat="45.75277" lon="9.37519">
        <ele>661.0</ele>
      </trkpt>
      <trkpt lat="45.75322" lon="9.37385">
        <ele>655.0</ele>
      </trkpt>
      <trkpt lat="45.75342" lon="9.37238">
        <ele>649.0</ele>
      </trkpt>
      <trkpt lat="45.75335" lon="9.37139">
        <ele>649.0</ele>
      </trkpt>
      <trkpt lat="45.75359" lon="9.37098">
        <ele>649.0</ele>
      </trkpt>
      <trkpt lat="45.75357" lon="9.36992">
        <ele>647.0</ele>
      </trkpt>
      <trkpt lat="45.75393" lon="9.3695">
        <ele>645.0</ele>
      </trkpt>
      <trkpt lat="45.75478" lon="9.36968">
        <ele>641.0</ele>
      </trkpt>
      <trkpt lat="45.75501" lon="9.36944">
        <ele>638.0</ele>
      </trkpt>
      <trkpt lat="45.75521" lon="9.36877">
        <ele>632.0</ele>
      </trkpt>
      <trkpt lat="45.7556" lon="9.36872">
        <ele>626.0</ele>
      </trkpt>
      <trkpt lat="45.75541" lon="9.36817">
        <ele>620.0</ele>
      </trkpt>
      <trkpt lat="45.75551" lon="9.36756">
        <ele>615.0</ele>
      </trkpt>
      <trkpt lat="45.75637" lon="9.3661">
        <ele>605.0</ele>
      </trkpt>
      <trkpt lat="45.75697" lon="9.36535">
        <ele>597.0</ele>
      </trkpt>
      <trkpt lat="45.75769" lon="9.36312">
        <ele>572.0</ele>
      </trkpt>
      <trkpt lat="45.75867" lon="9.36293">
        <ele>564.0</ele>
      </trkpt>
      <trkpt lat="45.75934" lon="9.36321">
        <ele>558.0</ele>
      </trkpt>
      <trkpt lat="45.75967" lon="9.36316">
        <ele>552.0</ele>
      </trkpt>
      <trkpt lat="45.75976" lon="9.36285">
        <ele>549.0</ele>
      </trkpt>
      <trkpt lat="45.75941" lon="9.36196">
        <ele>543.0</ele>
      </trkpt>
      <trkpt lat="45.75946" lon="9.36181">
        <ele>540.0</ele>
      </trkpt>
      <trkpt lat="45.76082" lon="9.36147">
        <ele>538.0</ele>
      </trkpt>
      <trkpt lat="45.76434" lon="9.36306">
        <ele>558.0</ele>
      </trkpt>
      <trkpt lat="45.76563" lon="9.36325">
        <ele>566.0</ele>
      </trkpt>
      <trkpt lat="45.7705" lon="9.36877">
        <ele>589.0</ele>
      </trkpt>
      <trkpt lat="45.77329" lon="9.36885">
        <ele>590.0</ele>
      </trkpt>
      <trkpt lat="45.77437" lon="9.36863">
        <ele>589.0</ele>
      </trkpt>
      <trkpt lat="45.77581" lon="9.36942">
        <ele>590.0</ele>
      </trkpt>
      <trkpt lat="45.7779" lon="9.37028">
        <ele>589.0</ele>
      </trkpt>
      <trkpt lat="45.77839" lon="9.37069">
        <ele>588.0</ele>
      </trkpt>
      <trkpt lat="45.77874" lon="9.3714">
        <ele>586.0</ele>
      </trkpt>
      <trkpt lat="45.77897" lon="9.37132">
        <ele>586.0</ele>
      </trkpt>
      <trkpt lat="45.77939" lon="9.3708">
        <ele>586.0</ele>
      </trkpt>
      <trkpt lat="45.77973" lon="9.37078">
        <ele>587.0</ele>
      </trkpt>
      <trkpt lat="45.78276" lon="9.37186">
        <ele>582.0</ele>
      </trkpt>
      <trkpt lat="45.78433" lon="9.37273">
        <ele>575.0</ele>
      </trkpt>
      <trkpt lat="45.78551" lon="9.37281">
        <ele>566.0</ele>
      </trkpt>
      <trkpt lat="45.78592" lon="9.37226">
        <ele>561.0</ele>
      </trkpt>
      <trkpt lat="45.78615" lon="9.37217">
        <ele>559.0</ele>
      </trkpt>
      <trkpt lat="45.78663" lon="9.37264">
        <ele>556.0</ele>
      </trkpt>
      <trkpt lat="45.78693" lon="9.3727">
        <ele>555.0</ele>
      </trkpt>
      <trkpt lat="45.78754" lon="9.37247">
        <ele>551.0</ele>
      </trkpt>
      <trkpt lat="45.78896" lon="9.3727">
        <ele>541.0</ele>
      </trkpt>
      <trkpt lat="45.78935" lon="9.37306">
        <ele>535.0</ele>
      </trkpt>
      <trkpt lat="45.79004" lon="9.37315">
        <ele>529.0</ele>
      </trkpt>
      <trkpt lat="45.79034" lon="9.37358">
        <ele>528.0</ele>
      </trkpt>
      <trkpt lat="45.7936" lon="9.37593">
        <ele>533.0</ele>
      </trkpt>
      <trkpt lat="45.79384" lon="9.37582">
        <ele>532.0</ele>
      </trkpt>
      <trkpt lat="45.79396" lon="9.3754">
        <ele>530.0</ele>
      </trkpt>
      <trkpt lat="45.79375" lon="9.37414">
        <ele>522.0</ele>
      </trkpt>
      <trkpt lat="45.79378" lon="9.3737">
        <ele>519.0</ele>
      </trkpt>
      <trkpt lat="45.794" lon="9.37349">
        <ele>517.0</ele>
      </trkpt>
      <trkpt lat="45.79485" lon="9.37338">
        <ele>509.0</ele>
      </trkpt>
      <trkpt lat="45.79646" lon="9.37363">
        <ele>499.0</ele>
      </trkpt>
      <trkpt lat="45.79708" lon="9.37402">
        <ele>492.0</ele>
      </trkpt>
      <trkpt lat="45.79853" lon="9.37426">
        <ele>482.0</ele>
      </trkpt>
      <trkpt lat="45.79943" lon="9.37424">
        <ele>480.0</ele>
      </trkpt>
      <trkpt lat="45.80093" lon="9.37468">
        <ele>477.0</ele>
      </trkpt>
      <trkpt lat="45.80177" lon="9.37474">
        <ele>472.0</ele>
      </trkpt>
      <trkpt lat="45.80205" lon="9.375">
        <ele>469.0</ele>
      </trkpt>
      <trkpt lat="45.80266" lon="9.37516">
        <ele>464.0</ele>
      </trkpt>
      <trkpt lat="45.8034" lon="9.37561">
        <ele>455.0</ele>
      </trkpt>
      <trkpt lat="45.80487" lon="9.3758">
        <ele>445.0</ele>
      </trkpt>
      <trkpt lat="45.80593" lon="9.37652">
        <ele>438.0</ele>
      </trkpt>
      <trkpt lat="45.8062" lon="9.37649">
        <ele>436.0</ele>
      </trkpt>
      <trkpt lat="45.80683" lon="9.37599">
        <ele>431.0</ele>
      </trkpt>
      <trkpt lat="45.80706" lon="9.37614">
        <ele>429.0</ele>
      </trkpt>
      <trkpt lat="45.80722" lon="9.37771">
        <ele>423.0</ele>
      </trkpt>
      <trkpt lat="45.80734" lon="9.37782">
        <ele>420.0</ele>
      </trkpt>
      <trkpt lat="45.80763" lon="9.37763">
        <ele>418.0</ele>
      </trkpt>
      <trkpt lat="45.80855" lon="9.37629">
        <ele>415.0</ele>
      </trkpt>
      <trkpt lat="45.80909" lon="9.37613">
        <ele>411.0</ele>
      </trkpt>
      <trkpt lat="45.81029" lon="9.37667">
        <ele>405.0</ele>
      </trkpt>
      <trkpt lat="45.81047" lon="9.37716">
        <ele>403.0</ele>
      </trkpt>
      <trkpt lat="45.81067" lon="9.37851">
        <ele>400.0</ele>
      </trkpt>
      <trkpt lat="45.81118" lon="9.37892">
        <ele>398.0</ele>
      </trkpt>
      <trkpt lat="45.81158" lon="9.37876">
        <ele>396.0</ele>
      </trkpt>
      <trkpt lat="45.81253" lon="9.37753">
        <ele>388.0</ele>
      </trkpt>
      <trkpt lat="45.81319" lon="9.37745">
        <ele>385.0</ele>
      </trkpt>
      <trkpt lat="45.81376" lon="9.37766">
        <ele>378.0</ele>
      </trkpt>
      <trkpt lat="45.81385" lon="9.37751">
        <ele>377.0</ele>
      </trkpt>
      <trkpt lat="45.81476" lon="9.37746">
        <ele>374.0</ele>
      </trkpt>
      <trkpt lat="45.81647" lon="9.37698">
        <ele>373.0</ele>
      </trkpt>
      <trkpt lat="45.81819" lon="9.3842">
        <ele>346.0</ele>
      </trkpt>
      <trkpt lat="45.81914" lon="9.38493">
        <ele>341.0</ele>
      </trkpt>
      <trkpt lat="45.81925" lon="9.38519">
        <ele>339.0</ele>
      </trkpt>
      <trkpt lat="45.81913" lon="9.38693">
        <ele>334.0</ele>
      </trkpt>
      <trkpt lat="45.81867" lon="9.38802">
        <ele>327.0</ele>
      </trkpt>
      <trkpt lat="45.81847" lon="9.38987">
        <ele>320.0</ele>
      </trkpt>
      <trkpt lat="45.81941" lon="9.39158">
        <ele>313.0</ele>
      </trkpt>
      <trkpt lat="45.8199" lon="9.39314">
        <ele>307.0</ele>
      </trkpt>
      <trkpt lat="45.82024" lon="9.39322">
        <ele>304.0</ele>
      </trkpt>
      <trkpt lat="45.82107" lon="9.39285">
        <ele>300.0</ele>
      </trkpt>
      <trkpt lat="45.82199" lon="9.39294">
        <ele>294.0</ele>
      </trkpt>
      <trkpt lat="45.82536" lon="9.39244">
        <ele>270.0</ele>
      </trkpt>
      <trkpt lat="45.82675" lon="9.39255">
        <ele>261.0</ele>
      </trkpt>
      <trkpt lat="45.8274" lon="9.39273">
        <ele>250.0</ele>
      </trkpt>
      <trkpt lat="45.82779" lon="9.39328">
        <ele>243.0</ele>
      </trkpt>
      <trkpt lat="45.82855" lon="9.3933">
        <ele>240.0</ele>
      </trkpt>
      <trkpt lat="45.83201" lon="9.39458">
        <ele>223.0</ele>
      </trkpt>
      <trkpt lat="45.83305" lon="9.39378">
        <ele>214.0</ele>
      </trkpt>
      <trkpt lat="45.83347" lon="9.3938">
        <ele>211.0</ele>
      </trkpt>
      <trkpt lat="45.83371" lon="9.39409">
        <ele>207.0</ele>
      </trkpt>
      <trkpt lat="45.83377" lon="9.39394">
        <ele>207.0</ele>
      </trkpt>
      <trkpt lat="45.83515" lon="9.39369">
        <ele>206.0</ele>
      </trkpt>
      <trkpt lat="45.83557" lon="9.39382">
        <ele>206.0</ele>
      </trkpt>
      <trkpt lat="45.83585" lon="9.39421">
        <ele>206.0</ele>
      </trkpt>
      <trkpt lat="45.83614" lon="9.39416">
        <ele>206.0</ele>
      </trkpt>
      <trkpt lat="45.83738" lon="9.39529">
        <ele>206.0</ele>
      </trkpt>
      <trkpt lat="45.84058" lon="9.39533">
        <ele>204.0</ele>
      </trkpt>
      <trkpt lat="45.84068" lon="9.39538">
        <ele>204.0</ele>
      </trkpt>
      <trkpt lat="45.84063" lon="9.39559">
        <ele>204.0</ele>
      </trkpt>
      <trkpt lat="45.84068" lon="9.39538">
        <ele>204.0</ele>
      </trkpt>
      <trkpt lat="45.84101" lon="9.39557">
        <ele>204.0</ele>
      </trkpt>
      <trkpt lat="45.84266" lon="9.39693">
        <ele>206.0</ele>
      </trkpt>
      <trkpt lat="45.84334" lon="9.39687">
        <ele>206.0</ele>
      </trkpt>
      <trkpt lat="45.84489" lon="9.39567">
        <ele>205.0</ele>
      </trkpt>
      <trkpt lat="45.84523" lon="9.39525">
        <ele>205.0</ele>
      </trkpt>
      <trkpt lat="45.84767" lon="9.39027">
        <ele>204.0</ele>
      </trkpt>
      <trkpt lat="45.84796" lon="9.38923">
        <ele>203.0</ele>
      </trkpt>
      <trkpt lat="45.84798" lon="9.38769">
        <ele>205.0</ele>
      </trkpt>
      <trkpt lat="45.84817" lon="9.38723">
        <ele>205.0</ele>
      </trkpt>
      <trkpt lat="45.84814" lon="9.38675">
        <ele>205.0</ele>
      </trkpt>
      <trkpt lat="45.84868" lon="9.38531">
        <ele>204.0</ele>
      </trkpt>
      <trkpt lat="45.84897" lon="9.38366">
        <ele>204.0</ele>
      </trkpt>
      <trkpt lat="45.84998" lon="9.38076">
        <ele>205.0</ele>
      </trkpt>
      <trkpt lat="45.85159" lon="9.37703">
        <ele>206.0</ele>
      </trkpt>
      <trkpt lat="45.85226" lon="9.37579">
        <ele>208.0</ele>
      </trkpt>
      <trkpt lat="45.85297" lon="9.37508">
        <ele>207.0</ele>
      </trkpt>
      <trkpt lat="45.85396" lon="9.37453">
        <ele>205.0</ele>
      </trkpt>
      <trkpt lat="45.85628" lon="9.37445">
        <ele>214.0</ele>
      </trkpt>
      <trkpt lat="45.85728" lon="9.37257">
        <ele>221.0</ele>
      </trkpt>
      <trkpt lat="45.85792" lon="9.37181">
        <ele>220.0</ele>
      </trkpt>
      <trkpt lat="45.85799" lon="9.37127">
        <ele>216.0</ele>
      </trkpt>
      <trkpt lat="45.8577" lon="9.37031">
        <ele>210.0</ele>
      </trkpt>
      <trkpt lat="45.85788" lon="9.36818">
        <ele>204.0</ele>
      </trkpt>
      <trkpt lat="45.85733" lon="9.36691">
        <ele>203.0</ele>
      </trkpt>
      <trkpt lat="45.8573" lon="9.36654">
        <ele>203.0</ele>
      </trkpt>
      <trkpt lat="45.85743" lon="9.3661">
        <ele>203.0</ele>
      </trkpt>
      <trkpt lat="45.85782" lon="9.36583">
        <ele>203.0</ele>
      </trkpt>
      <trkpt lat="45.85815" lon="9.36616">
        <ele>205.0</ele>
      </trkpt>
      <trkpt lat="45.85856" lon="9.36581">
        <ele>210.0</ele>
      </trkpt>
      <trkpt lat="45.86057" lon="9.36478">
        <ele>213.18</ele>
      </trkpt>
      <trkpt lat="45.86299" lon="9.36457">
        <ele>213.42</ele>
      </trkpt>
      <trkpt lat="45.8637" lon="9.3643">
        <ele>213.5</ele>
      </trkpt>
      <trkpt lat="45.86489" lon="9.36356">
        <ele>213.63</ele>
      </trkpt>
      <trkpt lat="45.87044" lon="9.35868">
        <ele>214.29</ele>
      </trkpt>
      <trkpt lat="45.8726" lon="9.35749">
        <ele>214.52</ele>
      </trkpt>
      <trkpt lat="45.87304" lon="9.35701">
        <ele>214.58</ele>
      </trkpt>
      <trkpt lat="45.87344" lon="9.35611">
        <ele>214.66</ele>
      </trkpt>
      <trkpt lat="45.87382" lon="9.35267">
        <ele>214.9</ele>
      </trkpt>
      <trkpt lat="45.87455" lon="9.35001">
        <ele>215.1</ele>
      </trkpt>
      <trkpt lat="45.88122" lon="9.33768">
        <ele>216.21</ele>
      </trkpt>
      <trkpt lat="45.88412" lon="9.33128">
        <ele>216.74</ele>
      </trkpt>
      <trkpt lat="45.88448" lon="9.32692">
        <ele>218.0</ele>
      </trkpt>
      <trkpt lat="45.88495" lon="9.32448">
        <ele>218.0</ele>
      </trkpt>
      <trkpt lat="45.88537" lon="9.3239">
        <ele>219.0</ele>
      </trkpt>
      <trkpt lat="45.88614" lon="9.32335">
        <ele>222.0</ele>
      </trkpt>
      <trkpt lat="45.8865" lon="9.32251">
        <ele>226.0</ele>
      </trkpt>
      <trkpt lat="45.88733" lon="9.3215">
        <ele>226.0</ele>
      </trkpt>
      <trkpt lat="45.88803" lon="9.32015">
        <ele>226.0</ele>
      </trkpt>
      <trkpt lat="45.88893" lon="9.31955">
        <ele>225.0</ele>
      </trkpt>
      <trkpt lat="45.8895" lon="9.31885">
        <ele>225.0</ele>
      </trkpt>
      <trkpt lat="45.88978" lon="9.31819">
        <ele>223.0</ele>
      </trkpt>
      <trkpt lat="45.8907" lon="9.31753">
        <ele>220.0</ele>
      </trkpt>
      <trkpt lat="45.89106" lon="9.31677">
        <ele>218.0</ele>
      </trkpt>
      <trkpt lat="45.89112" lon="9.31558">
        <ele>216.0</ele>
      </trkpt>
      <trkpt lat="45.89127" lon="9.31527">
        <ele>215.0</ele>
      </trkpt>
      <trkpt lat="45.89236" lon="9.31501">
        <ele>215.0</ele>
      </trkpt>
      <trkpt lat="45.89293" lon="9.31455">
        <ele>215.0</ele>
      </trkpt>
      <trkpt lat="45.89337" lon="9.3138">
        <ele>216.0</ele>
      </trkpt>
      <trkpt lat="45.89382" lon="9.31337">
        <ele>216.0</ele>
      </trkpt>
      <trkpt lat="45.89486" lon="9.31293">
        <ele>217.0</ele>
      </trkpt>
      <trkpt lat="45.89727" lon="9.31086">
        <ele>211.0</ele>
      </trkpt>
      <trkpt lat="45.89799" lon="9.3109">
        <ele>208.0</ele>
      </trkpt>
      <trkpt lat="45.89841" lon="9.31053">
        <ele>211.0</ele>
      </trkpt>
      <trkpt lat="45.89869" lon="9.30908">
        <ele>222.0</ele>
      </trkpt>
      <trkpt lat="45.89906" lon="9.30795">
        <ele>228.0</ele>
      </trkpt>
      <trkpt lat="45.89988" lon="9.30641">
        <ele>227.0</ele>
      </trkpt>
      <trkpt lat="45.90054" lon="9.30553">
        <ele>223.0</ele>
      </trkpt>
      <trkpt lat="45.90271" lon="9.30139">
        <ele>213.0</ele>
      </trkpt>
      <trkpt lat="45.90397" lon="9.30083">
        <ele>208.0</ele>
      </trkpt>
      <trkpt lat="45.90489" lon="9.29985">
        <ele>206.0</ele>
      </trkpt>
      <trkpt lat="45.90559" lon="9.29957">
        <ele>203.0</ele>
      </trkpt>
      <trkpt lat="45.90854" lon="9.29691">
        <ele>205.0</ele>
      </trkpt>
      <trkpt lat="45.90917" lon="9.29626">
        <ele>206.0</ele>
      </trkpt>
      <trkpt lat="45.90992" lon="9.29469">
        <ele>206.0</ele>
      </trkpt>
      <trkpt lat="45.91063" lon="9.29414">
        <ele>204.0</ele>
      </trkpt>
      <trkpt lat="45.91191" lon="9.29385">
        <ele>203.0</ele>
      </trkpt>
      <trkpt lat="45.91334" lon="9.29301">
        <ele>204.0</ele>
      </trkpt>
      <trkpt lat="45.914" lon="9.29289">
        <ele>204.0</ele>
      </trkpt>
      <trkpt lat="45.91471" lon="9.29298">
        <ele>203.0</ele>
      </trkpt>
      <trkpt lat="45.91562" lon="9.29259">
        <ele>203.0</ele>
      </trkpt>
      <trkpt lat="45.91668" lon="9.29174">
        <ele>204.0</ele>
      </trkpt>
      <trkpt lat="45.9171" lon="9.29128">
        <ele>205.0</ele>
      </trkpt>
      <trkpt lat="45.91748" lon="9.29056">
        <ele>207.0</ele>
      </trkpt>
      <trkpt lat="45.91866" lon="9.28947">
        <ele>211.0</ele>
      </trkpt>
      <trkpt lat="45.92013" lon="9.28899">
        <ele>211.0</ele>
      </trkpt>
      <trkpt lat="45.9212" lon="9.288">
        <ele>208.0</ele>
      </trkpt>
      <trkpt lat="45.92173" lon="9.2877">
        <ele>207.0</ele>
      </trkpt>
      <trkpt lat="45.92272" lon="9.28756">
        <ele>210.0</ele>
      </trkpt>
      <trkpt lat="45.92305" lon="9.28736">
        <ele>211.0</ele>
      </trkpt>
      <trkpt lat="45.92385" lon="9.28656">
        <ele>215.0</ele>
      </trkpt>
      <trkpt lat="45.92495" lon="9.28585">
        <ele>216.0</ele>
      </trkpt>
      <trkpt lat="45.92542" lon="9.28535">
        <ele>214.0</ele>
      </trkpt>
      <trkpt lat="45.92599" lon="9.28519">
        <ele>211.0</ele>
      </trkpt>
      <trkpt lat="45.9278" lon="9.28538">
        <ele>210.0</ele>
      </trkpt>
      <trkpt lat="45.92882" lon="9.28465">
        <ele>210.0</ele>
      </trkpt>
      <trkpt lat="45.93001" lon="9.28453">
        <ele>211.0</ele>
      </trkpt>
      <trkpt lat="45.93139" lon="9.28374">
        <ele>213.0</ele>
      </trkpt>
      <trkpt lat="45.93249" lon="9.28383">
        <ele>212.0</ele>
      </trkpt>
      <trkpt lat="45.93351" lon="9.28366">
        <ele>210.0</ele>
      </trkpt>
      <trkpt lat="45.93462" lon="9.28264">
        <ele>206.0</ele>
      </trkpt>
      <trkpt lat="45.9355" lon="9.28238">
        <ele>205.0</ele>
      </trkpt>
      <trkpt lat="45.93727" lon="9.28226">
        <ele>214.0</ele>
      </trkpt>
      <trkpt lat="45.93815" lon="9.28239">
        <ele>219.0</ele>
      </trkpt>
      <trkpt lat="45.93849" lon="9.28217">
        <ele>220.0</ele>
      </trkpt>
      <trkpt lat="45.94052" lon="9.28201">
        <ele>219.0</ele>
      </trkpt>
      <trkpt lat="45.94215" lon="9.28054">
        <ele>222.0</ele>
      </trkpt>
      <trkpt lat="45.94286" lon="9.28013">
        <ele>226.0</ele>
      </trkpt>
      <trkpt lat="45.94371" lon="9.27904">
        <ele>233.0</ele>
      </trkpt>
      <trkpt lat="45.94512" lon="9.27883">
        <ele>230.0</ele>
      </trkpt>
      <trkpt lat="45.9462" lon="9.27847">
        <ele>222.0</ele>
      </trkpt>
      <trkpt lat="45.94663" lon="9.2783">
        <ele>220.0</ele>
      </trkpt>
      <trkpt lat="45.94694" lon="9.27789">
        <ele>220.0</ele>
      </trkpt>
      <trkpt lat="45.94769" lon="9.27785">
        <ele>219.0</ele>
      </trkpt>
      <trkpt lat="45.94826" lon="9.27752">
        <ele>219.0</ele>
      </trkpt>
      <trkpt lat="45.94904" lon="9.2775">
        <ele>219.0</ele>
      </trkpt>
      <trkpt lat="45.94967" lon="9.2771">
        <ele>218.0</ele>
      </trkpt>
      <trkpt lat="45.95049" lon="9.27691">
        <ele>217.0</ele>
      </trkpt>
      <trkpt lat="45.95256" lon="9.27558">
        <ele>216.0</ele>
      </trkpt>
      <trkpt lat="45.95407" lon="9.27492">
        <ele>215.0</ele>
      </trkpt>
      <trkpt lat="45.95468" lon="9.27422">
        <ele>214.0</ele>
      </trkpt>
      <trkpt lat="45.95553" lon="9.27239">
        <ele>219.0</ele>
      </trkpt>
      <trkpt lat="45.95567" lon="9.27148">
        <ele>223.0</ele>
      </trkpt>
      <trkpt lat="45.95627" lon="9.27063">
        <ele>228.0</ele>
      </trkpt>
      <trkpt lat="45.9565" lon="9.27006">
        <ele>232.0</ele>
      </trkpt>
      <trkpt lat="45.95683" lon="9.26984">
        <ele>233.0</ele>
      </trkpt>
      <trkpt lat="45.95808" lon="9.26968">
        <ele>235.0</ele>
      </trkpt>
      <trkpt lat="45.95906" lon="9.26882">
        <ele>236.0</ele>
      </trkpt>
      <trkpt lat="45.95934" lon="9.26801">
        <ele>235.0</ele>
      </trkpt>
      <trkpt lat="45.95983" lon="9.26718">
        <ele>234.0</ele>
      </trkpt>
      <trkpt lat="45.95985" lon="9.26646">
        <ele>233.0</ele>
      </trkpt>
      <trkpt lat="45.95998" lon="9.26613">
        <ele>233.0</ele>
      </trkpt>
      <trkpt lat="45.96052" lon="9.2661">
        <ele>233.0</ele>
      </trkpt>
      <trkpt lat="45.9614" lon="9.26569">
        <ele>232.0</ele>
      </trkpt>
      <trkpt lat="45.96302" lon="9.26565">
        <ele>230.0</ele>
      </trkpt>
      <trkpt lat="45.96481" lon="9.26615">
        <ele>230.0</ele>
      </trkpt>
      <trkpt lat="45.96532" lon="9.26681">
        <ele>233.0</ele>
      </trkpt>
      <trkpt lat="45.96565" lon="9.26674">
        <ele>236.0</ele>
      </trkpt>
      <trkpt lat="45.96657" lon="9.26729">
        <ele>242.0</ele>
      </trkpt>
      <trkpt lat="45.96736" lon="9.26745">
        <ele>250.0</ele>
      </trkpt>
      <trkpt lat="45.96815" lon="9.26703">
        <ele>253.0</ele>
      </trkpt>
      <trkpt lat="45.96823" lon="9.26649">
        <ele>256.0</ele>
      </trkpt>
      <trkpt lat="45.96842" lon="9.26618">
        <ele>258.0</ele>
      </trkpt>
      <trkpt lat="45.96907" lon="9.2664">
        <ele>260.0</ele>
      </trkpt>
      <trkpt lat="45.96951" lon="9.26598">
        <ele>261.0</ele>
      </trkpt>
      <trkpt lat="45.97034" lon="9.266">
        <ele>262.0</ele>
      </trkpt>
      <trkpt lat="45.97067" lon="9.26534">
        <ele>264.0</ele>
      </trkpt>
      <trkpt lat="45.97129" lon="9.26519">
        <ele>270.0</ele>
      </trkpt>
      <trkpt lat="45.97172" lon="9.26412">
        <ele>276.0</ele>
      </trkpt>
      <trkpt lat="45.97255" lon="9.2626">
        <ele>282.0</ele>
      </trkpt>
      <trkpt lat="45.97257" lon="9.26165">
        <ele>283.0</ele>
      </trkpt>
      <trkpt lat="45.97273" lon="9.2608">
        <ele>284.0</ele>
      </trkpt>
      <trkpt lat="45.97246" lon="9.26051">
        <ele>284.0</ele>
      </trkpt>
      <trkpt lat="45.97252" lon="9.26036">
        <ele>284.0</ele>
      </trkpt>
      <trkpt lat="45.97238" lon="9.26033">
        <ele>284.0</ele>
      </trkpt>
      <trkpt lat="45.97206" lon="9.25954">
        <ele>284.0</ele>
      </trkpt>
      <trkpt lat="45.97135" lon="9.25859">
        <ele>290.0</ele>
      </trkpt>
      <trkpt lat="45.97043" lon="9.25854">
        <ele>301.0</ele>
      </trkpt>
      <trkpt lat="45.9702" lon="9.25834">
        <ele>304.0</ele>
      </trkpt>
      <trkpt lat="45.97006" lon="9.2578">
        <ele>307.0</ele>
      </trkpt>
      <trkpt lat="45.9703" lon="9.25642">
        <ele>313.0</ele>
      </trkpt>
      <trkpt lat="45.97021" lon="9.25578">
        <ele>319.0</ele>
      </trkpt>
      <trkpt lat="45.96962" lon="9.25507">
        <ele>327.0</ele>
      </trkpt>
      <trkpt lat="45.96896" lon="9.25504">
        <ele>341.0</ele>
      </trkpt>
      <trkpt lat="45.96896" lon="9.25441">
        <ele>347.0</ele>
      </trkpt>
      <trkpt lat="45.96875" lon="9.25391">
        <ele>353.0</ele>
      </trkpt>
      <trkpt lat="45.96831" lon="9.25366">
        <ele>358.0</ele>
      </trkpt>
      <trkpt lat="45.9674" lon="9.25265">
        <ele>373.0</ele>
      </trkpt>
      <trkpt lat="45.96647" lon="9.25293">
        <ele>385.0</ele>
      </trkpt>
      <trkpt lat="45.96583" lon="9.25292">
        <ele>396.0</ele>
      </trkpt>
      <trkpt lat="45.96582" lon="9.25308">
        <ele>403.0</ele>
      </trkpt>
      <trkpt lat="45.96617" lon="9.25323">
        <ele>406.0</ele>
      </trkpt>
      <trkpt lat="45.96623" lon="9.25405">
        <ele>410.0</ele>
      </trkpt>
      <trkpt lat="45.96594" lon="9.25461">
        <ele>414.0</ele>
      </trkpt>
      <trkpt lat="45.96607" lon="9.25513">
        <ele>419.0</ele>
      </trkpt>
      <trkpt lat="45.96576" lon="9.25475">
        <ele>421.0</ele>
      </trkpt>
      <trkpt lat="45.96576" lon="9.25433">
        <ele>424.0</ele>
      </trkpt>
      <trkpt lat="45.96547" lon="9.25424">
        <ele>427.0</ele>
      </trkpt>
      <trkpt lat="45.9655" lon="9.25469">
        <ele>429.0</ele>
      </trkpt>
      <trkpt lat="45.96579" lon="9.25533">
        <ele>434.0</ele>
      </trkpt>
      <trkpt lat="45.96572" lon="9.25542">
        <ele>437.0</ele>
      </trkpt>
      <trkpt lat="45.96535" lon="9.25495">
        <ele>441.0</ele>
      </trkpt>
      <trkpt lat="45.96515" lon="9.2544">
        <ele>448.0</ele>
      </trkpt>
      <trkpt lat="45.96432" lon="9.25406">
        <ele>456.0</ele>
      </trkpt>
      <trkpt lat="45.96402" lon="9.25339">
        <ele>462.0</ele>
      </trkpt>
      <trkpt lat="45.96347" lon="9.25318">
        <ele>465.0</ele>
      </trkpt>
      <trkpt lat="45.96342" lon="9.25299">
        <ele>466.0</ele>
      </trkpt>
      <trkpt lat="45.96356" lon="9.2525">
        <ele>469.0</ele>
      </trkpt>
      <trkpt lat="45.96311" lon="9.25239">
        <ele>475.0</ele>
      </trkpt>
      <trkpt lat="45.96275" lon="9.25112">
        <ele>488.0</ele>
      </trkpt>
      <trkpt lat="45.96263" lon="9.25127">
        <ele>492.0</ele>
      </trkpt>
      <trkpt lat="45.96272" lon="9.25163">
        <ele>495.0</ele>
      </trkpt>
      <trkpt lat="45.96265" lon="9.25223">
        <ele>498.0</ele>
      </trkpt>
      <trkpt lat="45.9628" lon="9.25296">
        <ele>503.0</ele>
      </trkpt>
      <trkpt lat="45.96226" lon="9.25163">
        <ele>510.0</ele>
      </trkpt>
      <trkpt lat="45.96233" lon="9.25097">
        <ele>513.0</ele>
      </trkpt>
      <trkpt lat="45.96203" lon="9.25034">
        <ele>516.0</ele>
      </trkpt>
      <trkpt lat="45.96118" lon="9.24989">
        <ele>520.0</ele>
      </trkpt>
      <trkpt lat="45.96068" lon="9.24981">
        <ele>527.0</ele>
      </trkpt>
      <trkpt lat="45.95972" lon="9.25016">
        <ele>539.0</ele>
      </trkpt>
      <trkpt lat="45.95937" lon="9.2505">
        <ele>545.0</ele>
      </trkpt>
      <trkpt lat="45.9586" lon="9.25177">
        <ele>563.0</ele>
      </trkpt>
      <trkpt lat="45.95768" lon="9.2524">
        <ele>577.0</ele>
      </trkpt>
      <trkpt lat="45.95744" lon="9.2522">
        <ele>579.0</ele>
      </trkpt>
      <trkpt lat="45.95731" lon="9.25083">
        <ele>582.0</ele>
      </trkpt>
      <trkpt lat="45.95716" lon="9.25056">
        <ele>585.0</ele>
      </trkpt>
      <trkpt lat="45.95683" lon="9.25198">
        <ele>590.0</ele>
      </trkpt>
      <trkpt lat="45.95606" lon="9.2531">
        <ele>601.0</ele>
      </trkpt>
      <trkpt lat="45.95586" lon="9.2539">
        <ele>609.0</ele>
      </trkpt>
      <trkpt lat="45.95534" lon="9.25472">
        <ele>617.0</ele>
      </trkpt>
      <trkpt lat="45.95485" lon="9.25597">
        <ele>623.0</ele>
      </trkpt>
      <trkpt lat="45.95403" lon="9.25708">
        <ele>630.0</ele>
      </trkpt>
      <trkpt lat="45.95379" lon="9.25723">
        <ele>632.0</ele>
      </trkpt>
      <trkpt lat="45.95262" lon="9.25725">
        <ele>635.0</ele>
      </trkpt>
      <trkpt lat="45.95121" lon="9.25751">
        <ele>638.0</ele>
      </trkpt>
      <trkpt lat="45.95094" lon="9.25836">
        <ele>639.0</ele>
      </trkpt>
      <trkpt lat="45.9503" lon="9.25935">
        <ele>641.0</ele>
      </trkpt>
      <trkpt lat="45.94986" lon="9.25977">
        <ele>642.0</ele>
      </trkpt>
      <trkpt lat="45.94909" lon="9.25991">
        <ele>644.0</ele>
      </trkpt>
      <trkpt lat="45.94884" lon="9.26016">
        <ele>645.0</ele>
      </trkpt>
      <trkpt lat="45.94806" lon="9.26342">
        <ele>646.0</ele>
      </trkpt>
      <trkpt lat="45.94748" lon="9.26443">
        <ele>649.0</ele>
      </trkpt>
      <trkpt lat="45.94712" lon="9.26564">
        <ele>653.0</ele>
      </trkpt>
      <trkpt lat="45.94659" lon="9.26658">
        <ele>654.0</ele>
      </trkpt>
      <trkpt lat="45.94584" lon="9.26739">
        <ele>656.0</ele>
      </trkpt>
      <trkpt lat="45.94501" lon="9.26943">
        <ele>658.0</ele>
      </trkpt>
      <trkpt lat="45.94416" lon="9.27061">
        <ele>658.0</ele>
      </trkpt>
      <trkpt lat="45.9438" lon="9.27088">
        <ele>656.0</ele>
      </trkpt>
      <trkpt lat="45.94309" lon="9.27088">
        <ele>653.0</ele>
      </trkpt>
      <trkpt lat="45.94193" lon="9.27198">
        <ele>649.0</ele>
      </trkpt>
      <trkpt lat="45.93933" lon="9.27286">
        <ele>635.0</ele>
      </trkpt>
      <trkpt lat="45.93873" lon="9.27283">
        <ele>632.0</ele>
      </trkpt>
      <trkpt lat="45.93818" lon="9.27191">
        <ele>629.0</ele>
      </trkpt>
      <trkpt lat="45.93725" lon="9.27134">
        <ele>628.0</ele>
      </trkpt>
      <trkpt lat="45.93667" lon="9.27112">
        <ele>629.0</ele>
      </trkpt>
      <trkpt lat="45.93585" lon="9.27107">
        <ele>629.0</ele>
      </trkpt>
      <trkpt lat="45.9347" lon="9.27028">
        <ele>626.0</ele>
      </trkpt>
      <trkpt lat="45.93451" lon="9.26992">
        <ele>625.0</ele>
      </trkpt>
      <trkpt lat="45.93447" lon="9.26906">
        <ele>623.0</ele>
      </trkpt>
      <trkpt lat="45.93408" lon="9.26857">
        <ele>620.0</ele>
      </trkpt>
      <trkpt lat="45.93343" lon="9.26868">
        <ele>617.0</ele>
      </trkpt>
      <trkpt lat="45.93279" lon="9.26942">
        <ele>619.0</ele>
      </trkpt>
      <trkpt lat="45.93221" lon="9.26934">
        <ele>622.0</ele>
      </trkpt>
      <trkpt lat="45.93164" lon="9.26984">
        <ele>627.0</ele>
      </trkpt>
      <trkpt lat="45.93123" lon="9.26988">
        <ele>630.0</ele>
      </trkpt>
      <trkpt lat="45.93045" lon="9.2694">
        <ele>642.0</ele>
      </trkpt>
      <trkpt lat="45.9295" lon="9.26924">
        <ele>648.0</ele>
      </trkpt>
      <trkpt lat="45.92913" lon="9.26863">
        <ele>655.0</ele>
      </trkpt>
      <trkpt lat="45.92902" lon="9.26872">
        <ele>656.0</ele>
      </trkpt>
      <trkpt lat="45.92898" lon="9.26928">
        <ele>659.0</ele>
      </trkpt>
      <trkpt lat="45.92829" lon="9.26891">
        <ele>664.0</ele>
      </trkpt>
      <trkpt lat="45.92825" lon="9.26871">
        <ele>668.0</ele>
      </trkpt>
      <trkpt lat="45.92873" lon="9.26834">
        <ele>673.0</ele>
      </trkpt>
      <trkpt lat="45.92866" lon="9.2682">
        <ele>677.0</ele>
      </trkpt>
      <trkpt lat="45.9275" lon="9.2691">
        <ele>690.0</ele>
      </trkpt>
      <trkpt lat="45.92749" lon="9.26888">
        <ele>693.0</ele>
      </trkpt>
      <trkpt lat="45.92785" lon="9.2684">
        <ele>697.0</ele>
      </trkpt>
      <trkpt lat="45.92724" lon="9.26855">
        <ele>701.0</ele>
      </trkpt>
      <trkpt lat="45.92721" lon="9.26839">
        <ele>704.0</ele>
      </trkpt>
      <trkpt lat="45.92791" lon="9.26793">
        <ele>711.0</ele>
      </trkpt>
      <trkpt lat="45.92753" lon="9.26763">
        <ele>717.0</ele>
      </trkpt>
      <trkpt lat="45.92689" lon="9.26763">
        <ele>721.0</ele>
      </trkpt>
      <trkpt lat="45.92537" lon="9.26802">
        <ele>737.0</ele>
      </trkpt>
      <trkpt lat="45.92416" lon="9.26755">
        <ele>748.0</ele>
      </trkpt>
      <trkpt lat="45.92334" lon="9.26685">
        <ele>752.0</ele>
      </trkpt>
      <trkpt lat="45.92317" lon="9.26654">
        <ele>753.0</ele>
      </trkpt>
      <trkpt lat="45.92283" lon="9.26355">
        <ele>747.0</ele>
      </trkpt>
      <trkpt lat="45.9225" lon="9.26286">
        <ele>746.0</ele>
      </trkpt>
      <trkpt lat="45.9221" lon="9.26253">
        <ele>747.0</ele>
      </trkpt>
      <trkpt lat="45.92117" lon="9.26215">
        <ele>748.0</ele>
      </trkpt>
      <trkpt lat="45.92031" lon="9.26157">
        <ele>746.0</ele>
      </trkpt>
      <trkpt lat="45.91955" lon="9.26163">
        <ele>743.0</ele>
      </trkpt>
      <trkpt lat="45.91741" lon="9.26121">
        <ele>732.0</ele>
      </trkpt>
      <trkpt lat="45.91609" lon="9.26046">
        <ele>724.0</ele>
      </trkpt>
      <trkpt lat="45.91455" lon="9.26023">
        <ele>713.0</ele>
      </trkpt>
      <trkpt lat="45.91367" lon="9.25983">
        <ele>704.0</ele>
      </trkpt>
      <trkpt lat="45.91323" lon="9.26">
        <ele>700.0</ele>
      </trkpt>
      <trkpt lat="45.91233" lon="9.26099">
        <ele>697.0</ele>
      </trkpt>
      <trkpt lat="45.91169" lon="9.26241">
        <ele>689.0</ele>
      </trkpt>
      <trkpt lat="45.9112" lon="9.26264">
        <ele>681.0</ele>
      </trkpt>
      <trkpt lat="45.90991" lon="9.26257">
        <ele>667.0</ele>
      </trkpt>
      <trkpt lat="45.9078" lon="9.2637">
        <ele>651.0</ele>
      </trkpt>
      <trkpt lat="45.90566" lon="9.26575">
        <ele>624.0</ele>
      </trkpt>
      <trkpt lat="45.9045" lon="9.26659">
        <ele>614.0</ele>
      </trkpt>
      <trkpt lat="45.90413" lon="9.26644">
        <ele>613.0</ele>
      </trkpt>
      <trkpt lat="45.90352" lon="9.26587">
        <ele>613.0</ele>
      </trkpt>
      <trkpt lat="45.90227" lon="9.26527">
        <ele>612.0</ele>
      </trkpt>
      <trkpt lat="45.9016" lon="9.26445">
        <ele>611.0</ele>
      </trkpt>
      <trkpt lat="45.90111" lon="9.26408">
        <ele>609.0</ele>
      </trkpt>
      <trkpt lat="45.899" lon="9.26412">
        <ele>602.0</ele>
      </trkpt>
      <trkpt lat="45.89818" lon="9.2634">
        <ele>599.0</ele>
      </trkpt>
      <trkpt lat="45.89641" lon="9.26254">
        <ele>592.0</ele>
      </trkpt>
      <trkpt lat="45.89569" lon="9.2619">
        <ele>589.0</ele>
      </trkpt>
      <trkpt lat="45.89474" lon="9.26153">
        <ele>587.0</ele>
      </trkpt>
      <trkpt lat="45.89342" lon="9.26141">
        <ele>580.0</ele>
      </trkpt>
      <trkpt lat="45.89131" lon="9.2606">
        <ele>568.0</ele>
      </trkpt>
      <trkpt lat="45.88964" lon="9.26054">
        <ele>562.0</ele>
      </trkpt>
      <trkpt lat="45.88831" lon="9.26095">
        <ele>556.0</ele>
      </trkpt>
      <trkpt lat="45.88533" lon="9.26269">
        <ele>549.0</ele>
      </trkpt>
      <trkpt lat="45.88485" lon="9.26369">
        <ele>548.0</ele>
      </trkpt>
      <trkpt lat="45.88455" lon="9.26388">
        <ele>547.0</ele>
      </trkpt>
      <trkpt lat="45.87934" lon="9.26255">
        <ele>533.0</ele>
      </trkpt>
      <trkpt lat="45.87855" lon="9.26222">
        <ele>529.0</ele>
      </trkpt>
      <trkpt lat="45.877" lon="9.26201">
        <ele>523.0</ele>
      </trkpt>
      <trkpt lat="45.875" lon="9.26082">
        <ele>514.0</ele>
      </trkpt>
      <trkpt lat="45.87474" lon="9.26081">
        <ele>511.0</ele>
      </trkpt>
      <trkpt lat="45.87388" lon="9.26124">
        <ele>507.0</ele>
      </trkpt>
      <trkpt lat="45.87338" lon="9.26094">
        <ele>504.0</ele>
      </trkpt>
      <trkpt lat="45.87298" lon="9.26091">
        <ele>503.0</ele>
      </trkpt>
      <trkpt lat="45.87105" lon="9.26267">
        <ele>498.0</ele>
      </trkpt>
      <trkpt lat="45.87069" lon="9.2628">
        <ele>496.0</ele>
      </trkpt>
      <trkpt lat="45.86993" lon="9.2627">
        <ele>493.0</ele>
      </trkpt>
      <trkpt lat="45.86964" lon="9.26287">
        <ele>491.0</ele>
      </trkpt>
      <trkpt lat="45.86942" lon="9.26389">
        <ele>490.0</ele>
      </trkpt>
      <trkpt lat="45.86871" lon="9.26512">
        <ele>490.0</ele>
      </trkpt>
      <trkpt lat="45.86742" lon="9.26562">
        <ele>488.0</ele>
      </trkpt>
      <trkpt lat="45.86688" lon="9.26617">
        <ele>486.0</ele>
      </trkpt>
      <trkpt lat="45.86583" lon="9.2682">
        <ele>486.0</ele>
      </trkpt>
      <trkpt lat="45.86436" lon="9.27293">
        <ele>480.0</ele>
      </trkpt>
      <trkpt lat="45.86395" lon="9.27512">
        <ele>463.0</ele>
      </trkpt>
      <trkpt lat="45.86332" lon="9.27587">
        <ele>456.0</ele>
      </trkpt>
      <trkpt lat="45.86254" lon="9.2758">
        <ele>447.0</ele>
      </trkpt>
      <trkpt lat="45.86221" lon="9.27548">
        <ele>444.0</ele>
      </trkpt>
      <trkpt lat="45.86199" lon="9.27502">
        <ele>442.0</ele>
      </trkpt>
      <trkpt lat="45.86183" lon="9.27176">
        <ele>433.0</ele>
      </trkpt>
      <trkpt lat="45.86159" lon="9.26978">
        <ele>421.0</ele>
      </trkpt>
      <trkpt lat="45.86146" lon="9.26961">
        <ele>416.0</ele>
      </trkpt>
      <trkpt lat="45.86041" lon="9.26935">
        <ele>412.0</ele>
      </trkpt>
      <trkpt lat="45.86007" lon="9.26871">
        <ele>408.0</ele>
      </trkpt>
      <trkpt lat="45.8592" lon="9.26957">
        <ele>404.0</ele>
      </trkpt>
      <trkpt lat="45.85874" lon="9.26973">
        <ele>401.0</ele>
      </trkpt>
      <trkpt lat="45.85815" lon="9.26963">
        <ele>399.0</ele>
      </trkpt>
      <trkpt lat="45.85695" lon="9.26979">
        <ele>396.0</ele>
      </trkpt>
      <trkpt lat="45.85532" lon="9.26936">
        <ele>394.0</ele>
      </trkpt>
      <trkpt lat="45.85509" lon="9.26954">
        <ele>393.0</ele>
      </trkpt>
      <trkpt lat="45.85432" lon="9.27133">
        <ele>391.0</ele>
      </trkpt>
      <trkpt lat="45.85352" lon="9.27201">
        <ele>391.0</ele>
      </trkpt>
      <trkpt lat="45.85317" lon="9.27201">
        <ele>391.0</ele>
      </trkpt>
      <trkpt lat="45.85302" lon="9.27151">
        <ele>391.0</ele>
      </trkpt>
      <trkpt lat="45.85326" lon="9.26979">
        <ele>391.0</ele>
      </trkpt>
      <trkpt lat="45.85318" lon="9.26918">
        <ele>391.0</ele>
      </trkpt>
      <trkpt lat="45.85226" lon="9.26726">
        <ele>390.0</ele>
      </trkpt>
      <trkpt lat="45.85035" lon="9.26405">
        <ele>387.0</ele>
      </trkpt>
      <trkpt lat="45.84891" lon="9.26196">
        <ele>382.0</ele>
      </trkpt>
      <trkpt lat="45.84691" lon="9.25788">
        <ele>377.0</ele>
      </trkpt>
      <trkpt lat="45.84347" lon="9.25408">
        <ele>359.0</ele>
      </trkpt>
      <trkpt lat="45.84126" lon="9.25127">
        <ele>358.0</ele>
      </trkpt>
      <trkpt lat="45.83987" lon="9.24827">
        <ele>358.0</ele>
      </trkpt>
      <trkpt lat="45.8398" lon="9.24766">
        <ele>357.0</ele>
      </trkpt>
      <trkpt lat="45.83948" lon="9.24718">
        <ele>357.0</ele>
      </trkpt>
      <trkpt lat="45.83887" lon="9.2455">
        <ele>355.0</ele>
      </trkpt>
      <trkpt lat="45.83853" lon="9.24331">
        <ele>348.0</ele>
      </trkpt>
      <trkpt lat="45.83781" lon="9.24239">
        <ele>346.0</ele>
      </trkpt>
      <trkpt lat="45.83737" lon="9.24155">
        <ele>346.0</ele>
      </trkpt>
      <trkpt lat="45.83671" lon="9.23891">
        <ele>352.0</ele>
      </trkpt>
      <trkpt lat="45.83578" lon="9.23626">
        <ele>358.0</ele>
      </trkpt>
      <trkpt lat="45.83535" lon="9.23343">
        <ele>360.0</ele>
      </trkpt>
      <trkpt lat="45.83528" lon="9.23223">
        <ele>356.0</ele>
      </trkpt>
      <trkpt lat="45.8345" lon="9.22792">
        <ele>340.0</ele>
      </trkpt>
      <trkpt lat="45.83301" lon="9.2234">
        <ele>352.0</ele>
      </trkpt>
      <trkpt lat="45.83257" lon="9.22286">
        <ele>359.0</ele>
      </trkpt>
      <trkpt lat="45.83103" lon="9.22218">
        <ele>365.0</ele>
      </trkpt>
      <trkpt lat="45.82927" lon="9.22034">
        <ele>378.0</ele>
      </trkpt>
      <trkpt lat="45.82688" lon="9.21997">
        <ele>366.0</ele>
      </trkpt>
      <trkpt lat="45.82586" lon="9.21948">
        <ele>363.0</ele>
      </trkpt>
      <trkpt lat="45.82498" lon="9.21883">
        <ele>360.0</ele>
      </trkpt>
      <trkpt lat="45.82212" lon="9.21741">
        <ele>358.0</ele>
      </trkpt>
      <trkpt lat="45.82059" lon="9.21622">
        <ele>360.0</ele>
      </trkpt>
      <trkpt lat="45.81633" lon="9.21464">
        <ele>370.0</ele>
      </trkpt>
      <trkpt lat="45.81571" lon="9.21419">
        <ele>373.0</ele>
      </trkpt>
      <trkpt lat="45.81328" lon="9.21164">
        <ele>383.0</ele>
      </trkpt>
      <trkpt lat="45.81271" lon="9.21129">
        <ele>384.0</ele>
      </trkpt>
      <trkpt lat="45.81114" lon="9.21075">
        <ele>380.0</ele>
      </trkpt>
      <trkpt lat="45.81021" lon="9.20968">
        <ele>376.0</ele>
      </trkpt>
      <trkpt lat="45.80973" lon="9.20933">
        <ele>374.0</ele>
      </trkpt>
      <trkpt lat="45.80893" lon="9.20932">
        <ele>366.0</ele>
      </trkpt>
      <trkpt lat="45.80732" lon="9.21004">
        <ele>354.0</ele>
      </trkpt>
      <trkpt lat="45.80683" lon="9.21003">
        <ele>351.0</ele>
      </trkpt>
      <trkpt lat="45.80614" lon="9.20963">
        <ele>348.0</ele>
      </trkpt>
      <trkpt lat="45.80445" lon="9.20748">
        <ele>342.0</ele>
      </trkpt>
      <trkpt lat="45.80429" lon="9.20694">
        <ele>343.0</ele>
      </trkpt>
      <trkpt lat="45.80436" lon="9.20575">
        <ele>343.0</ele>
      </trkpt>
      <trkpt lat="45.8048" lon="9.20283">
        <ele>354.0</ele>
      </trkpt>
      <trkpt lat="45.80335" lon="9.20001">
        <ele>358.0</ele>
      </trkpt>
      <trkpt lat="45.80237" lon="9.19868">
        <ele>361.0</ele>
      </trkpt>
      <trkpt lat="45.80136" lon="9.1966">
        <ele>365.0</ele>
      </trkpt>
      <trkpt lat="45.80072" lon="9.19433">
        <ele>375.0</ele>
      </trkpt>
      <trkpt lat="45.79948" lon="9.19191">
        <ele>382.0</ele>
      </trkpt>
      <trkpt lat="45.79886" lon="9.19084">
        <ele>385.0</ele>
      </trkpt>
      <trkpt lat="45.79644" lon="9.18767">
        <ele>405.0</ele>
      </trkpt>
      <trkpt lat="45.79653" lon="9.18727">
        <ele>409.0</ele>
      </trkpt>
      <trkpt lat="45.79838" lon="9.18524">
        <ele>420.0</ele>
      </trkpt>
      <trkpt lat="45.79809" lon="9.18297">
        <ele>416.0</ele>
      </trkpt>
      <trkpt lat="45.79818" lon="9.18192">
        <ele>413.0</ele>
      </trkpt>
      <trkpt lat="45.7976" lon="9.17944">
        <ele>410.0</ele>
      </trkpt>
      <trkpt lat="45.79636" lon="9.17566">
        <ele>411.0</ele>
      </trkpt>
      <trkpt lat="45.79645" lon="9.17268">
        <ele>410.0</ele>
      </trkpt>
      <trkpt lat="45.79601" lon="9.17136">
        <ele>409.0</ele>
      </trkpt>
      <trkpt lat="45.7957" lon="9.16987">
        <ele>408.0</ele>
      </trkpt>
      <trkpt lat="45.79666" lon="9.16723">
        <ele>407.0</ele>
      </trkpt>
      <trkpt lat="45.79686" lon="9.16633">
        <ele>407.0</ele>
      </trkpt>
      <trkpt lat="45.79718" lon="9.16155">
        <ele>404.0</ele>
      </trkpt>
      <trkpt lat="45.79748" lon="9.1594">
        <ele>407.0</ele>
      </trkpt>
      <trkpt lat="45.7979" lon="9.15765">
        <ele>410.0</ele>
      </trkpt>
      <trkpt lat="45.79808" lon="9.15709">
        <ele>413.0</ele>
      </trkpt>
      <trkpt lat="45.79868" lon="9.15619">
        <ele>416.0</ele>
      </trkpt>
      <trkpt lat="45.80024" lon="9.153">
        <ele>422.0</ele>
      </trkpt>
      <trkpt lat="45.8006" lon="9.1505">
        <ele>419.0</ele>
      </trkpt>
      <trkpt lat="45.80182" lon="9.14785">
        <ele>419.0</ele>
      </trkpt>
      <trkpt lat="45.80154" lon="9.14644">
        <ele>420.0</ele>
      </trkpt>
      <trkpt lat="45.80182" lon="9.14459">
        <ele>420.0</ele>
      </trkpt>
      <trkpt lat="45.80098" lon="9.14169">
        <ele>420.0</ele>
      </trkpt>
      <trkpt lat="45.8015" lon="9.13975">
        <ele>430.0</ele>
      </trkpt>
      <trkpt lat="45.80197" lon="9.13875">
        <ele>433.0</ele>
      </trkpt>
      <trkpt lat="45.80207" lon="9.137">
        <ele>432.0</ele>
      </trkpt>
      <trkpt lat="45.80246" lon="9.13632">
        <ele>433.0</ele>
      </trkpt>
      <trkpt lat="45.80297" lon="9.13447">
        <ele>438.0</ele>
      </trkpt>
      <trkpt lat="45.80342" lon="9.13369">
        <ele>438.0</ele>
      </trkpt>
      <trkpt lat="45.80389" lon="9.1317">
        <ele>437.0</ele>
      </trkpt>
      <trkpt lat="45.80381" lon="9.13132">
        <ele>436.0</ele>
      </trkpt>
      <trkpt lat="45.80347" lon="9.13093">
        <ele>433.0</ele>
      </trkpt>
      <trkpt lat="45.80339" lon="9.1302">
        <ele>430.0</ele>
      </trkpt>
      <trkpt lat="45.80371" lon="9.12503">
        <ele>411.0</ele>
      </trkpt>
      <trkpt lat="45.80364" lon="9.12398">
        <ele>402.0</ele>
      </trkpt>
      <trkpt lat="45.80403" lon="9.12345">
        <ele>394.0</ele>
      </trkpt>
      <trkpt lat="45.80445" lon="9.12253">
        <ele>384.0</ele>
      </trkpt>
      <trkpt lat="45.80446" lon="9.12163">
        <ele>379.0</ele>
      </trkpt>
      <trkpt lat="45.80471" lon="9.12001">
        <ele>369.0</ele>
      </trkpt>
      <trkpt lat="45.80459" lon="9.11824">
        <ele>359.0</ele>
      </trkpt>
      <trkpt lat="45.80481" lon="9.11744">
        <ele>349.0</ele>
      </trkpt>
      <trkpt lat="45.80474" lon="9.11586">
        <ele>338.0</ele>
      </trkpt>
      <trkpt lat="45.80445" lon="9.11634">
        <ele>334.0</ele>
      </trkpt>
      <trkpt lat="45.80438" lon="9.11627">
        <ele>333.0</ele>
      </trkpt>
      <trkpt lat="45.80469" lon="9.11508">
        <ele>333.0</ele>
      </trkpt>
      <trkpt lat="45.80508" lon="9.11442">
        <ele>333.0</ele>
      </trkpt>
      <trkpt lat="45.80506" lon="9.11411">
        <ele>333.0</ele>
      </trkpt>
      <trkpt lat="45.80467" lon="9.11368">
        <ele>330.0</ele>
      </trkpt>
      <trkpt lat="45.80417" lon="9.11273">
        <ele>320.0</ele>
      </trkpt>
      <trkpt lat="45.80394" lon="9.11153">
        <ele>308.0</ele>
      </trkpt>
      <trkpt lat="45.80344" lon="9.11069">
        <ele>300.0</ele>
      </trkpt>
      <trkpt lat="45.80332" lon="9.11016">
        <ele>296.0</ele>
      </trkpt>
      <trkpt lat="45.8037" lon="9.10867">
        <ele>288.0</ele>
      </trkpt>
      <trkpt lat="45.80445" lon="9.10837">
        <ele>284.0</ele>
      </trkpt>
      <trkpt lat="45.80492" lon="9.10752">
        <ele>281.0</ele>
      </trkpt>
      <trkpt lat="45.80553" lon="9.10723">
        <ele>279.0</ele>
      </trkpt>
      <trkpt lat="45.80566" lon="9.10691">
        <ele>277.0</ele>
      </trkpt>
      <trkpt lat="45.80554" lon="9.10528">
        <ele>273.0</ele>
      </trkpt>
      <trkpt lat="45.80572" lon="9.1044">
        <ele>270.0</ele>
      </trkpt>
      <trkpt lat="45.80582" lon="9.10271">
        <ele>265.0</ele>
      </trkpt>
      <trkpt lat="45.80572" lon="9.10187">
        <ele>259.0</ele>
      </trkpt>
      <trkpt lat="45.80584" lon="9.10119">
        <ele>254.0</ele>
      </trkpt>
      <trkpt lat="45.80542" lon="9.09916">
        <ele>242.0</ele>
      </trkpt>
      <trkpt lat="45.80562" lon="9.09818">
        <ele>239.0</ele>
      </trkpt>
      <trkpt lat="45.80499" lon="9.09869">
        <ele>232.0</ele>
      </trkpt>
      <trkpt lat="45.80478" lon="9.09767">
        <ele>229.0</ele>
      </trkpt>
      <trkpt lat="45.80395" lon="9.09522">
        <ele>225.0</ele>
      </trkpt>
      <trkpt lat="45.80263" lon="9.09273">
        <ele>225.0</ele>
      </trkpt>
      <trkpt lat="45.80161" lon="9.09033">
        <ele>219.0</ele>
      </trkpt>
      <trkpt lat="45.80142" lon="9.08955">
        <ele>218.0</ele>
      </trkpt>
      <trkpt lat="45.80145" lon="9.08899">
        <ele>218.0</ele>
      </trkpt>
      <trkpt lat="45.80217" lon="9.08713">
        <ele>218.0</ele>
      </trkpt>
      <trkpt lat="45.80214" lon="9.08494">
        <ele>215.0</ele>
      </trkpt>
      <trkpt lat="45.80223" lon="9.08446">
        <ele>214.0</ele>
      </trkpt>
      <trkpt lat="45.80368" lon="9.08239">
        <ele>210.0</ele>
      </trkpt>
      <trkpt lat="45.80624" lon="9.07817">
        <ele>208.0</ele>
      </trkpt>
      <trkpt lat="45.81009" lon="9.07441">
        <ele>207.0</ele>
      </trkpt>
      <trkpt lat="45.81078" lon="9.07399">
        <ele>208.0</ele>
      </trkpt>
      <trkpt lat="45.81099" lon="9.07351">
        <ele>208.0</ele>
      </trkpt>
      <trkpt lat="45.81217" lon="9.0723">
        <ele>208.0</ele>
      </trkpt>
      <trkpt lat="45.81245" lon="9.07167">
        <ele>208.0</ele>
      </trkpt>
      <trkpt lat="45.81226" lon="9.07023">
        <ele>209.0</ele>
      </trkpt>
      <trkpt lat="45.81192" lon="9.06955">
        <ele>211.0</ele>
      </trkpt>
      <trkpt lat="45.81183" lon="9.0689">
        <ele>217.0</ele>
      </trkpt>
      <trkpt lat="45.81395" lon="9.06516">
        <ele>239.0</ele>
      </trkpt>
      <trkpt lat="45.81379" lon="9.06503">
        <ele>241.0</ele>
      </trkpt>
      <trkpt lat="45.81308" lon="9.06621">
        <ele>245.0</ele>
      </trkpt>
      <trkpt lat="45.81289" lon="9.06626">
        <ele>250.0</ele>
      </trkpt>
      <trkpt lat="45.81246" lon="9.06508">
        <ele>258.0</ele>
      </trkpt>
      <trkpt lat="45.81238" lon="9.06443">
        <ele>263.0</ele>
      </trkpt>
      <trkpt lat="45.81179" lon="9.06378">
        <ele>272.0</ele>
      </trkpt>
      <trkpt lat="45.81262" lon="9.06365">
        <ele>276.0</ele>
      </trkpt>
      <trkpt lat="45.81231" lon="9.06344">
        <ele>276.0</ele>
      </trkpt>
      <trkpt lat="45.81178" lon="9.06341">
        <ele>278.0</ele>
      </trkpt>
      <trkpt lat="45.81132" lon="9.0621">
        <ele>285.0</ele>
      </trkpt>
      <trkpt lat="45.80981" lon="9.06068">
        <ele>297.0</ele>
      </trkpt>
      <trkpt lat="45.80957" lon="9.06077">
        <ele>303.0</ele>
      </trkpt>
      <trkpt lat="45.80951" lon="9.06099">
        <ele>305.0</ele>
      </trkpt>
      <trkpt lat="45.80987" lon="9.06252">
        <ele>316.0</ele>
      </trkpt>
      <trkpt lat="45.80938" lon="9.06156">
        <ele>324.0</ele>
      </trkpt>
      <trkpt lat="45.8091" lon="9.06078">
        <ele>331.0</ele>
      </trkpt>
      <trkpt lat="45.80893" lon="9.05982">
        <ele>340.0</ele>
      </trkpt>
      <trkpt lat="45.80872" lon="9.05943">
        <ele>345.0</ele>
      </trkpt>
      <trkpt lat="45.80892" lon="9.05906">
        <ele>350.0</ele>
      </trkpt>
      <trkpt lat="45.80889" lon="9.05862">
        <ele>354.0</ele>
      </trkpt>
      <trkpt lat="45.80816" lon="9.05767">
        <ele>365.0</ele>
      </trkpt>
      <trkpt lat="45.80841" lon="9.05724">
        <ele>372.0</ele>
      </trkpt>
      <trkpt lat="45.8086" lon="9.0559">
        <ele>384.0</ele>
      </trkpt>
      <trkpt lat="45.80909" lon="9.05608">
        <ele>384.0</ele>
      </trkpt>
      <trkpt lat="45.80947" lon="9.05666">
        <ele>384.0</ele>
      </trkpt>
      <trkpt lat="45.8097" lon="9.05626">
        <ele>384.0</ele>
      </trkpt>
      <trkpt lat="45.8095" lon="9.05547">
        <ele>385.0</ele>
      </trkpt>
      <trkpt lat="45.80893" lon="9.05546">
        <ele>390.0</ele>
      </trkpt>
      <trkpt lat="45.80857" lon="9.0551">
        <ele>392.0</ele>
      </trkpt>
      <trkpt lat="45.8084" lon="9.05454">
        <ele>395.0</ele>
      </trkpt>
      <trkpt lat="45.80899" lon="9.05358">
        <ele>398.0</ele>
      </trkpt>
      <trkpt lat="45.80915" lon="9.05261">
        <ele>400.0</ele>
      </trkpt>
      <trkpt lat="45.80931" lon="9.05256">
        <ele>400.0</ele>
      </trkpt>
      <trkpt lat="45.80993" lon="9.05493">
        <ele>401.0</ele>
      </trkpt>
      <trkpt lat="45.80986" lon="9.05553">
        <ele>400.0</ele>
      </trkpt>
      <trkpt lat="45.81005" lon="9.05602">
        <ele>399.0</ele>
      </trkpt>
      <trkpt lat="45.80989" lon="9.05659">
        <ele>398.0</ele>
      </trkpt>
      <trkpt lat="45.80994" lon="9.05687">
        <ele>397.0</ele>
      </trkpt>
      <trkpt lat="45.81057" lon="9.05745">
        <ele>394.0</ele>
      </trkpt>
      <trkpt lat="45.81081" lon="9.05864">
        <ele>391.0</ele>
      </trkpt>
      <trkpt lat="45.81115" lon="9.05883">
        <ele>390.0</ele>
      </trkpt>
      <trkpt lat="45.81206" lon="9.05871">
        <ele>386.0</ele>
      </trkpt>
      <trkpt lat="45.81241" lon="9.0595">
        <ele>382.0</ele>
      </trkpt>
      <trkpt lat="45.81344" lon="9.05955">
        <ele>376.0</ele>
      </trkpt>
      <trkpt lat="45.81397" lon="9.06048">
        <ele>366.0</ele>
      </trkpt>
      <trkpt lat="45.81419" lon="9.06058">
        <ele>362.0</ele>
      </trkpt>
      <trkpt lat="45.81446" lon="9.06038">
        <ele>357.0</ele>
      </trkpt>
      <trkpt lat="45.81472" lon="9.05946">
        <ele>352.0</ele>
      </trkpt>
      <trkpt lat="45.81512" lon="9.05899">
        <ele>349.0</ele>
      </trkpt>
      <trkpt lat="45.8159" lon="9.05891">
        <ele>346.0</ele>
      </trkpt>
      <trkpt lat="45.81649" lon="9.05864">
        <ele>343.0</ele>
      </trkpt>
      <trkpt lat="45.81729" lon="9.05876">
        <ele>339.0</ele>
      </trkpt>
      <trkpt lat="45.81753" lon="9.05845">
        <ele>338.0</ele>
      </trkpt>
      <trkpt lat="45.81907" lon="9.05748">
        <ele>332.0</ele>
      </trkpt>
      <trkpt lat="45.82023" lon="9.05597">
        <ele>326.0</ele>
      </trkpt>
      <trkpt lat="45.82073" lon="9.0549">
        <ele>320.0</ele>
      </trkpt>
      <trkpt lat="45.82151" lon="9.05463">
        <ele>318.0</ele>
      </trkpt>
      <trkpt lat="45.82178" lon="9.0549">
        <ele>312.0</ele>
      </trkpt>
      <trkpt lat="45.82245" lon="9.05454">
        <ele>308.0</ele>
      </trkpt>
      <trkpt lat="45.823" lon="9.05457">
        <ele>304.0</ele>
      </trkpt>
      <trkpt lat="45.82309" lon="9.0547">
        <ele>303.0</ele>
      </trkpt>
      <trkpt lat="45.823" lon="9.05499">
        <ele>303.0</ele>
      </trkpt>
      <trkpt lat="45.82102" lon="9.05766">
        <ele>296.0</ele>
      </trkpt>
      <trkpt lat="45.82091" lon="9.058">
        <ele>291.0</ele>
      </trkpt>
      <trkpt lat="45.82111" lon="9.05856">
        <ele>288.0</ele>
      </trkpt>
      <trkpt lat="45.82198" lon="9.05987">
        <ele>284.0</ele>
      </trkpt>
      <trkpt lat="45.8223" lon="9.06176">
        <ele>270.0</ele>
      </trkpt>
      <trkpt lat="45.82214" lon="9.06191">
        <ele>266.0</ele>
      </trkpt>
      <trkpt lat="45.82195" lon="9.06182">
        <ele>264.0</ele>
      </trkpt>
      <trkpt lat="45.82177" lon="9.06103">
        <ele>258.0</ele>
      </trkpt>
      <trkpt lat="45.82122" lon="9.06019">
        <ele>254.0</ele>
      </trkpt>
      <trkpt lat="45.82097" lon="9.06031">
        <ele>251.0</ele>
      </trkpt>
      <trkpt lat="45.82071" lon="9.0607">
        <ele>248.0</ele>
      </trkpt>
      <trkpt lat="45.81961" lon="9.06087">
        <ele>239.0</ele>
      </trkpt>
      <trkpt lat="45.81879" lon="9.06313">
        <ele>221.0</ele>
      </trkpt>
      <trkpt lat="45.81847" lon="9.06355">
        <ele>219.0</ele>
      </trkpt>
      <trkpt lat="45.81689" lon="9.06534">
        <ele>210.0</ele>
      </trkpt>
      <trkpt lat="45.81522" lon="9.06657">
        <ele>205.0</ele>
      </trkpt>
      <trkpt lat="45.81457" lon="9.06813">
        <ele>206.0</ele>
      </trkpt>
      <trkpt lat="45.81415" lon="9.06873">
        <ele>206.0</ele>
      </trkpt>
      <trkpt lat="45.81239" lon="9.06996">
        <ele>206.0</ele>
      </trkpt>
      <trkpt lat="45.813" lon="9.07902">
        <ele>202.0</ele>
      </trkpt>
      <trkpt lat="45.81317" lon="9.08017">
        <ele>201.0</ele>
      </trkpt>
      <trkpt lat="45.81341" lon="9.08083">
        <ele>200.0</ele>
      </trkpt>
      <trkpt lat="45.81485" lon="9.0831">
        <ele>201.0</ele>
      </trkpt>
      <trkpt lat="45.81433" lon="9.08418">
        <ele>204.0</ele>
      </trkpt>
      <trkpt lat="45.81392" lon="9.08467">
        <ele>205.0</ele>
      </trkpt>
      <trkpt lat="45.81204" lon="9.08542">
        <ele>205.0</ele>
      </trkpt>
      <trkpt lat="45.8113" lon="9.08661">
        <ele>205.0</ele>
      </trkpt>
      <trkpt lat="45.80853" lon="9.08951">
        <ele>214.0</ele>
      </trkpt>
      <trkpt lat="45.81071" lon="9.09363">
        <ele>237.0</ele>
      </trkpt>
      <trkpt lat="45.81126" lon="9.0951">
        <ele>262.0</ele>
      </trkpt>
      <trkpt lat="45.81113" lon="9.09548">
        <ele>270.0</ele>
      </trkpt>
      <trkpt lat="45.81043" lon="9.09589">
        <ele>272.0</ele>
      </trkpt>
      <trkpt lat="45.80935" lon="9.09736">
        <ele>277.0</ele>
      </trkpt>
      <trkpt lat="45.80878" lon="9.09765">
        <ele>279.0</ele>
      </trkpt>
      <trkpt lat="45.80778" lon="9.0985">
        <ele>285.0</ele>
      </trkpt>
      <trkpt lat="45.80729" lon="9.10023">
        <ele>305.0</ele>
      </trkpt>
      <trkpt lat="45.80765" lon="9.10082">
        <ele>321.0</ele>
      </trkpt>
      <trkpt lat="45.80766" lon="9.10026">
        <ele>326.0</ele>
      </trkpt>
      <trkpt lat="45.80824" lon="9.09943">
        <ele>332.0</ele>
      </trkpt>
      <trkpt lat="45.80882" lon="9.09929">
        <ele>337.0</ele>
      </trkpt>
      <trkpt lat="45.80895" lon="9.09944">
        <ele>342.0</ele>
      </trkpt>
      <trkpt lat="45.80828" lon="9.10123">
        <ele>350.0</ele>
      </trkpt>
      <trkpt lat="45.80797" lon="9.10254">
        <ele>359.0</ele>
      </trkpt>
      <trkpt lat="45.80795" lon="9.10283">
        <ele>367.0</ele>
      </trkpt>
      <trkpt lat="45.80827" lon="9.10378">
        <ele>384.0</ele>
      </trkpt>
      <trkpt lat="45.8084" lon="9.10336">
        <ele>389.0</ele>
      </trkpt>
      <trkpt lat="45.8088" lon="9.10293">
        <ele>394.0</ele>
      </trkpt>
      <trkpt lat="45.80938" lon="9.10177">
        <ele>404.0</ele>
      </trkpt>
      <trkpt lat="45.81004" lon="9.10124">
        <ele>413.0</ele>
      </trkpt>
      <trkpt lat="45.81025" lon="9.10058">
        <ele>416.0</ele>
      </trkpt>
      <trkpt lat="45.81043" lon="9.10062">
        <ele>418.0</ele>
      </trkpt>
      <trkpt lat="45.81047" lon="9.10089">
        <ele>419.0</ele>
      </trkpt>
      <trkpt lat="45.81032" lon="9.10132">
        <ele>420.0</ele>
      </trkpt>
      <trkpt lat="45.80986" lon="9.10205">
        <ele>423.0</ele>
      </trkpt>
      <trkpt lat="45.8094" lon="9.1045">
        <ele>452.0</ele>
      </trkpt>
      <trkpt lat="45.81014" lon="9.10328">
        <ele>469.0</ele>
      </trkpt>
      <trkpt lat="45.81085" lon="9.10294">
        <ele>481.0</ele>
      </trkpt>
      <trkpt lat="45.81036" lon="9.10361">
        <ele>486.0</ele>
      </trkpt>
      <trkpt lat="45.81024" lon="9.10424">
        <ele>490.0</ele>
      </trkpt>
      <trkpt lat="45.81031" lon="9.10439">
        <ele>492.0</ele>
      </trkpt>
      <trkpt lat="45.81058" lon="9.10383">
        <ele>496.0</ele>
      </trkpt>
      <trkpt lat="45.81144" lon="9.10291">
        <ele>508.0</ele>
      </trkpt>
      <trkpt lat="45.8109" lon="9.10442">
        <ele>524.0</ele>
      </trkpt>
      <trkpt lat="45.81118" lon="9.10571">
        <ele>550.0</ele>
      </trkpt>
      <trkpt lat="45.81165" lon="9.10624">
        <ele>566.0</ele>
      </trkpt>
      <trkpt lat="45.81058" lon="9.1065">
        <ele>567.0</ele>
      </trkpt>
      <trkpt lat="45.81052" lon="9.10674">
        <ele>566.0</ele>
      </trkpt>
      <trkpt lat="45.81081" lon="9.10734">
        <ele>565.0</ele>
      </trkpt>
      <trkpt lat="45.81091" lon="9.10832">
        <ele>571.0</ele>
      </trkpt>
      <trkpt lat="45.81132" lon="9.10902">
        <ele>584.0</ele>
      </trkpt>
      <trkpt lat="45.81163" lon="9.10914">
        <ele>593.0</ele>
      </trkpt>
      <trkpt lat="45.81251" lon="9.10891">
        <ele>603.0</ele>
      </trkpt>
      <trkpt lat="45.81269" lon="9.10914">
        <ele>609.0</ele>
      </trkpt>
      <trkpt lat="45.81208" lon="9.11063">
        <ele>614.0</ele>
      </trkpt>
      <trkpt lat="45.81174" lon="9.11112">
        <ele>618.0</ele>
      </trkpt>
      <trkpt lat="45.81167" lon="9.11174">
        <ele>619.0</ele>
      </trkpt>
      <trkpt lat="45.81175" lon="9.11207">
        <ele>619.0</ele>
      </trkpt>
      <trkpt lat="45.81231" lon="9.1129">
        <ele>620.0</ele>
      </trkpt>
      <trkpt lat="45.81176" lon="9.1137">
        <ele>620.0</ele>
      </trkpt>
      <trkpt lat="45.8118" lon="9.11452">
        <ele>620.0</ele>
      </trkpt>
      <trkpt lat="45.81159" lon="9.11506">
        <ele>620.0</ele>
      </trkpt>
      <trkpt lat="45.81071" lon="9.11594">
        <ele>610.0</ele>
      </trkpt>
      <trkpt lat="45.8102" lon="9.1167">
        <ele>604.0</ele>
      </trkpt>
      <trkpt lat="45.81025" lon="9.11737">
        <ele>601.0</ele>
      </trkpt>
      <trkpt lat="45.81" lon="9.11801">
        <ele>598.0</ele>
      </trkpt>
      <trkpt lat="45.80921" lon="9.11844">
        <ele>595.0</ele>
      </trkpt>
      <trkpt lat="45.8091" lon="9.11866">
        <ele>595.0</ele>
      </trkpt>
      <trkpt lat="45.80888" lon="9.12102">
        <ele>597.0</ele>
      </trkpt>
      <trkpt lat="45.80786" lon="9.12375">
        <ele>579.0</ele>
      </trkpt>
      <trkpt lat="45.80807" lon="9.125">
        <ele>570.0</ele>
      </trkpt>
      <trkpt lat="45.80827" lon="9.12546">
        <ele>565.0</ele>
      </trkpt>
      <trkpt lat="45.80953" lon="9.12695">
        <ele>555.0</ele>
      </trkpt>
      <trkpt lat="45.81033" lon="9.12756">
        <ele>541.0</ele>
      </trkpt>
      <trkpt lat="45.8102" lon="9.12769">
        <ele>538.0</ele>
      </trkpt>
      <trkpt lat="45.80902" lon="9.12739">
        <ele>531.0</ele>
      </trkpt>
      <trkpt lat="45.80819" lon="9.12675">
        <ele>524.0</ele>
      </trkpt>
      <trkpt lat="45.80692" lon="9.12662">
        <ele>515.0</ele>
      </trkpt>
      <trkpt lat="45.806" lon="9.12732">
        <ele>493.0</ele>
      </trkpt>
      <trkpt lat="45.8049" lon="9.12737">
        <ele>484.0</ele>
      </trkpt>
      <trkpt lat="45.80434" lon="9.12811">
        <ele>470.0</ele>
      </trkpt>
      <trkpt lat="45.80421" lon="9.12794">
        <ele>466.0</ele>
      </trkpt>
      <trkpt lat="45.8042" lon="9.12759">
        <ele>464.0</ele>
      </trkpt>
      <trkpt lat="45.80442" lon="9.12636">
        <ele>456.0</ele>
      </trkpt>
      <trkpt lat="45.80435" lon="9.12624">
        <ele>451.0</ele>
      </trkpt>
      <trkpt lat="45.804" lon="9.12725">
        <ele>446.0</ele>
      </trkpt>
      <trkpt lat="45.80361" lon="9.12881">
        <ele>439.0</ele>
      </trkpt>
      <trkpt lat="45.80351" lon="9.12975">
        <ele>432.0</ele>
      </trkpt>
      <trkpt lat="45.8034" lon="9.12987">
        <ele>428.0</ele>
      </trkpt>
      <trkpt lat="45.80371" lon="9.12503">
        <ele>404.0</ele>
      </trkpt>
      <trkpt lat="45.80364" lon="9.12398">
        <ele>398.0</ele>
      </trkpt>
      <trkpt lat="45.80403" lon="9.12345">
        <ele>392.0</ele>
      </trkpt>
      <trkpt lat="45.80445" lon="9.12253">
        <ele>383.0</ele>
      </trkpt>
      <trkpt lat="45.80446" lon="9.12163">
        <ele>379.0</ele>
      </trkpt>
      <trkpt lat="45.80471" lon="9.12001">
        <ele>369.0</ele>
      </trkpt>
      <trkpt lat="45.80459" lon="9.11824">
        <ele>359.0</ele>
      </trkpt>
      <trkpt lat="45.80481" lon="9.11744">
        <ele>349.0</ele>
      </trkpt>
      <trkpt lat="45.80474" lon="9.11586">
        <ele>338.0</ele>
      </trkpt>
      <trkpt lat="45.80445" lon="9.11634">
        <ele>334.0</ele>
      </trkpt>
      <trkpt lat="45.80438" lon="9.11627">
        <ele>333.0</ele>
      </trkpt>
      <trkpt lat="45.80469" lon="9.11508">
        <ele>333.0</ele>
      </trkpt>
      <trkpt lat="45.80504" lon="9.11455">
        <ele>333.0</ele>
      </trkpt>
      <trkpt lat="45.80508" lon="9.11423">
        <ele>333.0</ele>
      </trkpt>
      <trkpt lat="45.80417" lon="9.11273">
        <ele>320.0</ele>
      </trkpt>
      <trkpt lat="45.80394" lon="9.11153">
        <ele>308.0</ele>
      </trkpt>
      <trkpt lat="45.80344" lon="9.11069">
        <ele>300.0</ele>
      </trkpt>
      <trkpt lat="45.80332" lon="9.11016">
        <ele>296.0</ele>
      </trkpt>
      <trkpt lat="45.8037" lon="9.10867">
        <ele>288.0</ele>
      </trkpt>
      <trkpt lat="45.80439" lon="9.10842">
        <ele>284.0</ele>
      </trkpt>
      <trkpt lat="45.80492" lon="9.10752">
        <ele>281.0</ele>
      </trkpt>
      <trkpt lat="45.80564" lon="9.10707">
        <ele>278.0</ele>
      </trkpt>
      <trkpt lat="45.80554" lon="9.10528">
        <ele>273.0</ele>
      </trkpt>
      <trkpt lat="45.80572" lon="9.1044">
        <ele>270.0</ele>
      </trkpt>
      <trkpt lat="45.80582" lon="9.10271">
        <ele>265.0</ele>
      </trkpt>
      <trkpt lat="45.80572" lon="9.10187">
        <ele>259.0</ele>
      </trkpt>
      <trkpt lat="45.80584" lon="9.10119">
        <ele>254.0</ele>
      </trkpt>
      <trkpt lat="45.80542" lon="9.09916">
        <ele>243.0</ele>
      </trkpt>
      <trkpt lat="45.80562" lon="9.09818">
        <ele>238.0</ele>
      </trkpt>
      <trkpt lat="45.805" lon="9.09868">
        <ele>232.0</ele>
      </trkpt>
      <trkpt lat="45.80478" lon="9.09767">
        <ele>229.0</ele>
      </trkpt>
      <trkpt lat="45.80395" lon="9.09522">
        <ele>224.0</ele>
      </trkpt>
      <trkpt lat="45.80286" lon="9.09324">
        <ele>227.0</ele>
      </trkpt>
      <trkpt lat="45.80217" lon="9.09166">
        <ele>222.0</ele>
      </trkpt>
      <trkpt lat="45.80161" lon="9.09033">
        <ele>219.0</ele>
      </trkpt>
      <trkpt lat="45.80139" lon="9.08926">
        <ele>218.0</ele>
      </trkpt>
      <trkpt lat="45.80215" lon="9.08724">
        <ele>218.0</ele>
      </trkpt>
      <trkpt lat="45.80214" lon="9.08494">
        <ele>215.0</ele>
      </trkpt>
      <trkpt lat="45.8024" lon="9.08419">
        <ele>213.0</ele>
      </trkpt>
      <trkpt lat="45.80368" lon="9.08239">
        <ele>210.0</ele>
      </trkpt>
      <trkpt lat="45.80624" lon="9.07817">
        <ele>208.0</ele>
      </trkpt>
      <trkpt lat="45.81009" lon="9.07441">
        <ele>207.0</ele>
      </trkpt>
      <trkpt lat="45.81078" lon="9.07399">
        <ele>208.0</ele>
      </trkpt>
      <trkpt lat="45.81099" lon="9.07351">
        <ele>208.0</ele>
      </trkpt>
      <trkpt lat="45.81231" lon="9.07206">
        <ele>208.0</ele>
      </trkpt>
      <trkpt lat="45.81245" lon="9.07167">
        <ele>208.0</ele>
      </trkpt>
      <trkpt lat="45.81231" lon="9.07051">
        <ele>208.0</ele>
      </trkpt>
      <trkpt lat="45.81192" lon="9.06955">
        <ele>211.0</ele>
      </trkpt>
      <trkpt lat="45.81183" lon="9.0689">
        <ele>217.0</ele>
      </trkpt>
      <trkpt lat="45.81395" lon="9.06516">
        <ele>239.0</ele>
      </trkpt>
      <trkpt lat="45.81379" lon="9.06503">
        <ele>241.0</ele>
      </trkpt>
      <trkpt lat="45.81308" lon="9.06621">
        <ele>245.0</ele>
      </trkpt>
      <trkpt lat="45.81289" lon="9.06626">
        <ele>250.0</ele>
      </trkpt>
      <trkpt lat="45.81246" lon="9.06508">
        <ele>258.0</ele>
      </trkpt>
      <trkpt lat="45.81238" lon="9.06443">
        <ele>263.0</ele>
      </trkpt>
      <trkpt lat="45.81179" lon="9.06378">
        <ele>272.0</ele>
      </trkpt>
      <trkpt lat="45.81262" lon="9.06365">
        <ele>276.0</ele>
      </trkpt>
      <trkpt lat="45.81231" lon="9.06344">
        <ele>276.0</ele>
      </trkpt>
      <trkpt lat="45.81178" lon="9.06341">
        <ele>278.0</ele>
      </trkpt>
      <trkpt lat="45.81132" lon="9.0621">
        <ele>285.0</ele>
      </trkpt>
      <trkpt lat="45.80969" lon="9.06066">
        <ele>301.0</ele>
      </trkpt>
      <trkpt lat="45.80951" lon="9.06099">
        <ele>305.0</ele>
      </trkpt>
      <trkpt lat="45.80987" lon="9.06252">
        <ele>316.0</ele>
      </trkpt>
      <trkpt lat="45.80978" lon="9.06244">
        <ele>318.0</ele>
      </trkpt>
      <trkpt lat="45.80913" lon="9.06087">
        <ele>330.0</ele>
      </trkpt>
      <trkpt lat="45.80898" lon="9.05999">
        <ele>338.0</ele>
      </trkpt>
      <trkpt lat="45.80872" lon="9.05943">
        <ele>345.0</ele>
      </trkpt>
      <trkpt lat="45.80892" lon="9.05906">
        <ele>350.0</ele>
      </trkpt>
      <trkpt lat="45.80889" lon="9.05862">
        <ele>354.0</ele>
      </trkpt>
      <trkpt lat="45.80816" lon="9.05767">
        <ele>365.0</ele>
      </trkpt>
      <trkpt lat="45.80841" lon="9.05724">
        <ele>372.0</ele>
      </trkpt>
      <trkpt lat="45.8086" lon="9.0559">
        <ele>384.0</ele>
      </trkpt>
      <trkpt lat="45.80909" lon="9.05608">
        <ele>384.0</ele>
      </trkpt>
      <trkpt lat="45.80947" lon="9.05666">
        <ele>384.0</ele>
      </trkpt>
      <trkpt lat="45.8097" lon="9.05617">
        <ele>384.0</ele>
      </trkpt>
      <trkpt lat="45.8095" lon="9.05547">
        <ele>385.0</ele>
      </trkpt>
      <trkpt lat="45.809" lon="9.0555">
        <ele>389.0</ele>
      </trkpt>
      <trkpt lat="45.80872" lon="9.05527">
        <ele>391.0</ele>
      </trkpt>
      <trkpt lat="45.80857" lon="9.0551">
        <ele>392.0</ele>
      </trkpt>
      <trkpt lat="45.80841" lon="9.05448">
        <ele>396.0</ele>
      </trkpt>
      <trkpt lat="45.80899" lon="9.05358">
        <ele>398.0</ele>
      </trkpt>
      <trkpt lat="45.80915" lon="9.05261">
        <ele>400.0</ele>
      </trkpt>
      <trkpt lat="45.80931" lon="9.05256">
        <ele>400.0</ele>
      </trkpt>
      <trkpt lat="45.80993" lon="9.05493">
        <ele>401.0</ele>
      </trkpt>
      <trkpt lat="45.80986" lon="9.05553">
        <ele>400.0</ele>
      </trkpt>
      <trkpt lat="45.81005" lon="9.05607">
        <ele>399.0</ele>
      </trkpt>
      <trkpt lat="45.80991" lon="9.05675">
        <ele>397.0</ele>
      </trkpt>
      <trkpt lat="45.81057" lon="9.05745">
        <ele>394.0</ele>
      </trkpt>
      <trkpt lat="45.81081" lon="9.05864">
        <ele>391.0</ele>
      </trkpt>
      <trkpt lat="45.81115" lon="9.05883">
        <ele>390.0</ele>
      </trkpt>
      <trkpt lat="45.81206" lon="9.05871">
        <ele>386.0</ele>
      </trkpt>
      <trkpt lat="45.81241" lon="9.0595">
        <ele>382.0</ele>
      </trkpt>
      <trkpt lat="45.81344" lon="9.05955">
        <ele>376.0</ele>
      </trkpt>
      <trkpt lat="45.81397" lon="9.06048">
        <ele>366.0</ele>
      </trkpt>
      <trkpt lat="45.81419" lon="9.06058">
        <ele>362.0</ele>
      </trkpt>
      <trkpt lat="45.81446" lon="9.06038">
        <ele>357.0</ele>
      </trkpt>
      <trkpt lat="45.81472" lon="9.05946">
        <ele>352.0</ele>
      </trkpt>
      <trkpt lat="45.81512" lon="9.05899">
        <ele>349.0</ele>
      </trkpt>
      <trkpt lat="45.8159" lon="9.05891">
        <ele>346.0</ele>
      </trkpt>
      <trkpt lat="45.81649" lon="9.05864">
        <ele>343.0</ele>
      </trkpt>
      <trkpt lat="45.81729" lon="9.05876">
        <ele>339.0</ele>
      </trkpt>
      <trkpt lat="45.81753" lon="9.05845">
        <ele>338.0</ele>
      </trkpt>
      <trkpt lat="45.81907" lon="9.05748">
        <ele>332.0</ele>
      </trkpt>
      <trkpt lat="45.82023" lon="9.05597">
        <ele>326.0</ele>
      </trkpt>
      <trkpt lat="45.82073" lon="9.0549">
        <ele>320.0</ele>
      </trkpt>
      <trkpt lat="45.82151" lon="9.05463">
        <ele>318.0</ele>
      </trkpt>
      <trkpt lat="45.82178" lon="9.0549">
        <ele>312.0</ele>
      </trkpt>
      <trkpt lat="45.82245" lon="9.05454">
        <ele>308.0</ele>
      </trkpt>
      <trkpt lat="45.823" lon="9.05457">
        <ele>304.0</ele>
      </trkpt>
      <trkpt lat="45.82309" lon="9.0547">
        <ele>303.0</ele>
      </trkpt>
      <trkpt lat="45.823" lon="9.05499">
        <ele>303.0</ele>
      </trkpt>
      <trkpt lat="45.82102" lon="9.05766">
        <ele>296.0</ele>
      </trkpt>
      <trkpt lat="45.82091" lon="9.058">
        <ele>291.0</ele>
      </trkpt>
      <trkpt lat="45.82111" lon="9.05856">
        <ele>288.0</ele>
      </trkpt>
      <trkpt lat="45.82198" lon="9.05987">
        <ele>284.0</ele>
      </trkpt>
      <trkpt lat="45.8223" lon="9.06176">
        <ele>270.0</ele>
      </trkpt>
      <trkpt lat="45.82214" lon="9.06191">
        <ele>266.0</ele>
      </trkpt>
      <trkpt lat="45.82195" lon="9.06182">
        <ele>264.0</ele>
      </trkpt>
      <trkpt lat="45.82177" lon="9.06103">
        <ele>258.0</ele>
      </trkpt>
      <trkpt lat="45.82122" lon="9.06019">
        <ele>254.0</ele>
      </trkpt>
      <trkpt lat="45.82097" lon="9.06031">
        <ele>251.0</ele>
      </trkpt>
      <trkpt lat="45.82071" lon="9.0607">
        <ele>248.0</ele>
      </trkpt>
      <trkpt lat="45.81961" lon="9.06087">
        <ele>238.0</ele>
      </trkpt>
      <trkpt lat="45.81879" lon="9.06313">
        <ele>221.0</ele>
      </trkpt>
      <trkpt lat="45.81847" lon="9.06355">
        <ele>219.0</ele>
      </trkpt>
      <trkpt lat="45.81689" lon="9.06534">
        <ele>210.0</ele>
      </trkpt>
      <trkpt lat="45.81522" lon="9.06657">
        <ele>205.0</ele>
      </trkpt>
      <trkpt lat="45.81457" lon="9.06813">
        <ele>206.0</ele>
      </trkpt>
      <trkpt lat="45.81415" lon="9.06873">
        <ele>206.0</ele>
      </trkpt>
      <trkpt lat="45.81241" lon="9.06991">
        <ele>206.0</ele>
      </trkpt>
      <trkpt lat="45.81302" lon="9.07924">
        <ele>200.0</ele>
      </trkpt>
    </trkseg>
  </trk>
</gpx>