<?xml version="1.0" encoding="UTF-8"?>
<gpx xmlns="http://www.topografix.com/GPX/1/0" xmlns:xsi="http://www.w3.org/2001/XMLSchema-instance" xsi:schemaLocation="http://www.topografix.com/GPX/1/0 http://www.topografix.com/GPX/1/0/gpx.xsd" version="1.0" creator="GPSBabel - https://www.gpsbabel.org">
  <time>2026-03-10T09:19:41.725000Z</time>
  <bounds minlat="50.75359" maxlat="51.21469" minlon="3.50079" maxlon="4.38191" />
  <trk>
    <trkseg>
      <trkpt lat="51.21469" lon="4.38191">
        <ele>8.0</ele>
      </trkpt>
      <trkpt lat="51.21286" lon="4.37918">
        <ele>-1.0</ele>
      </trkpt>
      <trkpt lat="51.20909" lon="4.37097">
        <ele>4.0</ele>
      </trkpt>
      <trkpt lat="51.20627" lon="4.36304">
        <ele>2.0</ele>
      </trkpt>
      <trkpt lat="51.20401" lon="4.35572">
        <ele>4.0</ele>
      </trkpt>
      <trkpt lat="51.20217" lon="4.35055">
        <ele>3.0</ele>
      </trkpt>
      <trkpt lat="51.20157" lon="4.34785">
        <ele>5.0</ele>
      </trkpt>
      <trkpt lat="51.2017" lon="4.34537">
        <ele>8.0</ele>
      </trkpt>
      <trkpt lat="51.20219" lon="4.34358">
        <ele>9.0</ele>
      </trkpt>
      <trkpt lat="51.20214" lon="4.3405">
        <ele>9.0</ele>
      </trkpt>
      <trkpt lat="51.20164" lon="4.33789">
        <ele>10.0</ele>
      </trkpt>
      <trkpt lat="51.20084" lon="4.33637">
        <ele>11.0</ele>
      </trkpt>
      <trkpt lat="51.19827" lon="4.32947">
        <ele>7.0</ele>
      </trkpt>
      <trkpt lat="51.1946" lon="4.3251">
        <ele>6.0</ele>
      </trkpt>
      <trkpt lat="51.19314" lon="4.3238">
        <ele>4.0</ele>
      </trkpt>
      <trkpt lat="51.19223" lon="4.32277">
        <ele>1.0</ele>
      </trkpt>
      <trkpt lat="51.19178" lon="4.32251">
        <ele>2.0</ele>
      </trkpt>
      <trkpt lat="51.19182" lon="4.32158">
        <ele>3.0</ele>
      </trkpt>
      <trkpt lat="51.19251" lon="4.32095">
        <ele>5.0</ele>
      </trkpt>
      <trkpt lat="51.19257" lon="4.32034">
        <ele>5.0</ele>
      </trkpt>
      <trkpt lat="51.1931" lon="4.31907">
        <ele>5.0</ele>
      </trkpt>
      <trkpt lat="51.19316" lon="4.31805">
        <ele>5.0</ele>
      </trkpt>
      <trkpt lat="51.19279" lon="4.31571">
        <ele>4.0</ele>
      </trkpt>
      <trkpt lat="51.19267" lon="4.31365">
        <ele>5.0</ele>
      </trkpt>
      <trkpt lat="51.19207" lon="4.3104">
        <ele>7.0</ele>
      </trkpt>
      <trkpt lat="51.19144" lon="4.30817">
        <ele>6.0</ele>
      </trkpt>
      <trkpt lat="51.19091" lon="4.30382">
        <ele>8.0</ele>
      </trkpt>
      <trkpt lat="51.18851" lon="4.29972">
        <ele>9.0</ele>
      </trkpt>
      <trkpt lat="51.18727" lon="4.29835">
        <ele>9.0</ele>
      </trkpt>
      <trkpt lat="51.18676" lon="4.2974">
        <ele>10.0</ele>
      </trkpt>
      <trkpt lat="51.18608" lon="4.29783">
        <ele>9.0</ele>
      </trkpt>
      <trkpt lat="51.18427" lon="4.29826">
        <ele>9.0</ele>
      </trkpt>
      <trkpt lat="51.1825" lon="4.29941">
        <ele>8.0</ele>
      </trkpt>
      <trkpt lat="51.18189" lon="4.29949">
        <ele>8.0</ele>
      </trkpt>
      <trkpt lat="51.18076" lon="4.30018">
        <ele>8.0</ele>
      </trkpt>
      <trkpt lat="51.18062" lon="4.30326">
        <ele>7.0</ele>
      </trkpt>
      <trkpt lat="51.18035" lon="4.3053">
        <ele>6.0</ele>
      </trkpt>
      <trkpt lat="51.18034" lon="4.307">
        <ele>6.0</ele>
      </trkpt>
      <trkpt lat="51.18072" lon="4.3094">
        <ele>6.0</ele>
      </trkpt>
      <trkpt lat="51.18141" lon="4.31065">
        <ele>7.0</ele>
      </trkpt>
      <trkpt lat="51.1806" lon="4.3137">
        <ele>2.0</ele>
      </trkpt>
      <trkpt lat="51.18032" lon="4.31581">
        <ele>2.0</ele>
      </trkpt>
      <trkpt lat="51.18033" lon="4.31749">
        <ele>3.0</ele>
      </trkpt>
      <trkpt lat="51.17908" lon="4.31731">
        <ele>6.0</ele>
      </trkpt>
      <trkpt lat="51.17796" lon="4.31658">
        <ele>7.0</ele>
      </trkpt>
      <trkpt lat="51.17549" lon="4.31542">
        <ele>8.0</ele>
      </trkpt>
      <trkpt lat="51.16768" lon="4.31073">
        <ele>7.0</ele>
      </trkpt>
      <trkpt lat="51.16526" lon="4.30901">
        <ele>6.0</ele>
      </trkpt>
      <trkpt lat="51.16331" lon="4.3072">
        <ele>5.0</ele>
      </trkpt>
      <trkpt lat="51.16163" lon="4.30531">
        <ele>4.0</ele>
      </trkpt>
      <trkpt lat="51.15989" lon="4.30381">
        <ele>5.0</ele>
      </trkpt>
      <trkpt lat="51.1592" lon="4.30335">
        <ele>6.0</ele>
      </trkpt>
      <trkpt lat="51.15785" lon="4.3029">
        <ele>7.0</ele>
      </trkpt>
      <trkpt lat="51.15641" lon="4.30099">
        <ele>7.0</ele>
      </trkpt>
      <trkpt lat="51.15287" lon="4.30027">
        <ele>7.0</ele>
      </trkpt>
      <trkpt lat="51.15184" lon="4.29981">
        <ele>8.0</ele>
      </trkpt>
      <trkpt lat="51.15054" lon="4.29976">
        <ele>8.0</ele>
      </trkpt>
      <trkpt lat="51.14893" lon="4.29912">
        <ele>8.0</ele>
      </trkpt>
      <trkpt lat="51.14802" lon="4.2985">
        <ele>8.0</ele>
      </trkpt>
      <trkpt lat="51.14751" lon="4.29844">
        <ele>8.0</ele>
      </trkpt>
      <trkpt lat="51.14395" lon="4.29682">
        <ele>7.0</ele>
      </trkpt>
      <trkpt lat="51.13939" lon="4.28796">
        <ele>8.0</ele>
      </trkpt>
      <trkpt lat="51.13474" lon="4.28139">
        <ele>10.0</ele>
      </trkpt>
      <trkpt lat="51.13374" lon="4.27976">
        <ele>10.0</ele>
      </trkpt>
      <trkpt lat="51.13274" lon="4.27646">
        <ele>11.0</ele>
      </trkpt>
      <trkpt lat="51.13211" lon="4.27505">
        <ele>12.0</ele>
      </trkpt>
      <trkpt lat="51.13119" lon="4.27211">
        <ele>13.0</ele>
      </trkpt>
      <trkpt lat="51.13065" lon="4.2698">
        <ele>18.0</ele>
      </trkpt>
      <trkpt lat="51.12993" lon="4.26795">
        <ele>21.0</ele>
      </trkpt>
      <trkpt lat="51.1298" lon="4.26684">
        <ele>22.0</ele>
      </trkpt>
      <trkpt lat="51.1296" lon="4.25933">
        <ele>25.0</ele>
      </trkpt>
      <trkpt lat="51.12985" lon="4.25483">
        <ele>23.0</ele>
      </trkpt>
      <trkpt lat="51.12848" lon="4.24551">
        <ele>20.0</ele>
      </trkpt>
      <trkpt lat="51.12904" lon="4.2252">
        <ele>13.0</ele>
      </trkpt>
      <trkpt lat="51.129" lon="4.22117">
        <ele>12.0</ele>
      </trkpt>
      <trkpt lat="51.13013" lon="4.22041">
        <ele>9.0</ele>
      </trkpt>
      <trkpt lat="51.13195" lon="4.21807">
        <ele>11.0</ele>
      </trkpt>
      <trkpt lat="51.13312" lon="4.21529">
        <ele>12.0</ele>
      </trkpt>
      <trkpt lat="51.13378" lon="4.2126">
        <ele>11.0</ele>
      </trkpt>
      <trkpt lat="51.13408" lon="4.20997">
        <ele>11.0</ele>
      </trkpt>
      <trkpt lat="51.13442" lon="4.19407">
        <ele>18.0</ele>
      </trkpt>
      <trkpt lat="51.13458" lon="4.1914">
        <ele>20.0</ele>
      </trkpt>
      <trkpt lat="51.13518" lon="4.18731">
        <ele>23.0</ele>
      </trkpt>
      <trkpt lat="51.1377" lon="4.17534">
        <ele>23.0</ele>
      </trkpt>
      <trkpt lat="51.13831" lon="4.17355">
        <ele>24.0</ele>
      </trkpt>
      <trkpt lat="51.13909" lon="4.17187">
        <ele>28.0</ele>
      </trkpt>
      <trkpt lat="51.14068" lon="4.16957">
        <ele>29.0</ele>
      </trkpt>
      <trkpt lat="51.14913" lon="4.16187">
        <ele>26.0</ele>
      </trkpt>
      <trkpt lat="51.15764" lon="4.15276">
        <ele>22.0</ele>
      </trkpt>
      <trkpt lat="51.15847" lon="4.15147">
        <ele>22.0</ele>
      </trkpt>
      <trkpt lat="51.16087" lon="4.14704">
        <ele>22.0</ele>
      </trkpt>
      <trkpt lat="51.1617" lon="4.14526">
        <ele>19.0</ele>
      </trkpt>
      <trkpt lat="51.16285" lon="4.14212">
        <ele>20.0</ele>
      </trkpt>
      <trkpt lat="51.16433" lon="4.13902">
        <ele>20.0</ele>
      </trkpt>
      <trkpt lat="51.16514" lon="4.13985">
        <ele>20.0</ele>
      </trkpt>
      <trkpt lat="51.16548" lon="4.13794">
        <ele>19.0</ele>
      </trkpt>
      <trkpt lat="51.16594" lon="4.1373">
        <ele>19.0</ele>
      </trkpt>
      <trkpt lat="51.16614" lon="4.13725">
        <ele>18.0</ele>
      </trkpt>
      <trkpt lat="51.16705" lon="4.13734">
        <ele>16.0</ele>
      </trkpt>
      <trkpt lat="51.16907" lon="4.13864">
        <ele>16.0</ele>
      </trkpt>
      <trkpt lat="51.16942" lon="4.13866">
        <ele>16.0</ele>
      </trkpt>
      <trkpt lat="51.16953" lon="4.13846">
        <ele>16.0</ele>
      </trkpt>
      <trkpt lat="51.16724" lon="4.13168">
        <ele>15.0</ele>
      </trkpt>
      <trkpt lat="51.16163" lon="4.11677">
        <ele>14.0</ele>
      </trkpt>
      <trkpt lat="51.16127" lon="4.11539">
        <ele>15.0</ele>
      </trkpt>
      <trkpt lat="51.16129" lon="4.11494">
        <ele>16.0</ele>
      </trkpt>
      <trkpt lat="51.16092" lon="4.11467">
        <ele>16.0</ele>
      </trkpt>
      <trkpt lat="51.15967" lon="4.1113">
        <ele>14.0</ele>
      </trkpt>
      <trkpt lat="51.15932" lon="4.10958">
        <ele>15.0</ele>
      </trkpt>
      <trkpt lat="51.15862" lon="4.10845">
        <ele>16.0</ele>
      </trkpt>
      <trkpt lat="51.15806" lon="4.10812">
        <ele>16.0</ele>
      </trkpt>
      <trkpt lat="51.15747" lon="4.10808">
        <ele>15.0</ele>
      </trkpt>
      <trkpt lat="51.15697" lon="4.10831">
        <ele>15.0</ele>
      </trkpt>
      <trkpt lat="51.15644" lon="4.10887">
        <ele>15.0</ele>
      </trkpt>
      <trkpt lat="51.15612" lon="4.10952">
        <ele>15.0</ele>
      </trkpt>
      <trkpt lat="51.15557" lon="4.11168">
        <ele>15.0</ele>
      </trkpt>
      <trkpt lat="51.15516" lon="4.1126">
        <ele>15.0</ele>
      </trkpt>
      <trkpt lat="51.15487" lon="4.11309">
        <ele>15.0</ele>
      </trkpt>
      <trkpt lat="51.15459" lon="4.11318">
        <ele>15.0</ele>
      </trkpt>
      <trkpt lat="51.15445" lon="4.11372">
        <ele>15.0</ele>
      </trkpt>
      <trkpt lat="51.15358" lon="4.11432">
        <ele>15.0</ele>
      </trkpt>
      <trkpt lat="51.15102" lon="4.11821">
        <ele>19.0</ele>
      </trkpt>
      <trkpt lat="51.14424" lon="4.13185">
        <ele>25.0</ele>
      </trkpt>
      <trkpt lat="51.1438" lon="4.13155">
        <ele>26.0</ele>
      </trkpt>
      <trkpt lat="51.14299" lon="4.13249">
        <ele>27.0</ele>
      </trkpt>
      <trkpt lat="51.14203" lon="4.13309">
        <ele>27.0</ele>
      </trkpt>
      <trkpt lat="51.14092" lon="4.13327">
        <ele>27.0</ele>
      </trkpt>
      <trkpt lat="51.13985" lon="4.13392">
        <ele>27.0</ele>
      </trkpt>
      <trkpt lat="51.13846" lon="4.13403">
        <ele>26.0</ele>
      </trkpt>
      <trkpt lat="51.138" lon="4.13319">
        <ele>26.0</ele>
      </trkpt>
      <trkpt lat="51.13715" lon="4.13218">
        <ele>26.0</ele>
      </trkpt>
      <trkpt lat="51.13598" lon="4.12946">
        <ele>29.0</ele>
      </trkpt>
      <trkpt lat="51.13534" lon="4.1289">
        <ele>31.0</ele>
      </trkpt>
      <trkpt lat="51.13495" lon="4.1288">
        <ele>31.0</ele>
      </trkpt>
      <trkpt lat="51.13239" lon="4.12954">
        <ele>31.0</ele>
      </trkpt>
      <trkpt lat="51.13202" lon="4.12976">
        <ele>31.0</ele>
      </trkpt>
      <trkpt lat="51.1309" lon="4.13108">
        <ele>29.0</ele>
      </trkpt>
      <trkpt lat="51.12959" lon="4.13169">
        <ele>28.0</ele>
      </trkpt>
      <trkpt lat="51.13074" lon="4.13883">
        <ele>28.0</ele>
      </trkpt>
      <trkpt lat="51.13218" lon="4.14503">
        <ele>29.0</ele>
      </trkpt>
      <trkpt lat="51.13019" lon="4.14528">
        <ele>27.0</ele>
      </trkpt>
      <trkpt lat="51.12659" lon="4.14527">
        <ele>27.0</ele>
      </trkpt>
      <trkpt lat="51.11672" lon="4.14342">
        <ele>16.0</ele>
      </trkpt>
      <trkpt lat="51.1097" lon="4.14236">
        <ele>2.0</ele>
      </trkpt>
      <trkpt lat="51.10868" lon="4.14255">
        <ele>2.0</ele>
      </trkpt>
      <trkpt lat="51.10726" lon="4.14317">
        <ele>2.0</ele>
      </trkpt>
      <trkpt lat="51.10133" lon="4.14695">
        <ele>3.0</ele>
      </trkpt>
      <trkpt lat="51.10123" lon="4.14549">
        <ele>3.0</ele>
      </trkpt>
      <trkpt lat="51.1007" lon="4.14223">
        <ele>3.0</ele>
      </trkpt>
      <trkpt lat="51.10054" lon="4.14033">
        <ele>4.0</ele>
      </trkpt>
      <trkpt lat="51.09997" lon="4.13825">
        <ele>5.0</ele>
      </trkpt>
      <trkpt lat="51.09869" lon="4.13824">
        <ele>5.0</ele>
      </trkpt>
      <trkpt lat="51.09827" lon="4.13751">
        <ele>5.0</ele>
      </trkpt>
      <trkpt lat="51.09625" lon="4.13594">
        <ele>5.0</ele>
      </trkpt>
      <trkpt lat="51.09546" lon="4.13583">
        <ele>6.0</ele>
      </trkpt>
      <trkpt lat="51.09346" lon="4.1359">
        <ele>6.0</ele>
      </trkpt>
      <trkpt lat="51.09272" lon="4.13663">
        <ele>5.0</ele>
      </trkpt>
      <trkpt lat="51.09001" lon="4.13586">
        <ele>4.0</ele>
      </trkpt>
      <trkpt lat="51.08666" lon="4.13776">
        <ele>4.0</ele>
      </trkpt>
      <trkpt lat="51.08636" lon="4.13743">
        <ele>4.0</ele>
      </trkpt>
      <trkpt lat="51.08609" lon="4.13639">
        <ele>4.0</ele>
      </trkpt>
      <trkpt lat="51.08503" lon="4.13376">
        <ele>4.0</ele>
      </trkpt>
      <trkpt lat="51.08271" lon="4.13223">
        <ele>2.0</ele>
      </trkpt>
      <trkpt lat="51.08294" lon="4.13299">
        <ele>1.0</ele>
      </trkpt>
      <trkpt lat="51.08304" lon="4.13386">
        <ele>1.0</ele>
      </trkpt>
      <trkpt lat="51.08297" lon="4.13783">
        <ele>2.0</ele>
      </trkpt>
      <trkpt lat="51.08315" lon="4.13911">
        <ele>2.0</ele>
      </trkpt>
      <trkpt lat="51.08351" lon="4.1402">
        <ele>2.0</ele>
      </trkpt>
      <trkpt lat="51.08298" lon="4.14088">
        <ele>2.0</ele>
      </trkpt>
      <trkpt lat="51.0791" lon="4.1447">
        <ele>1.0</ele>
      </trkpt>
      <trkpt lat="51.07633" lon="4.14776">
        <ele>1.0</ele>
      </trkpt>
      <trkpt lat="51.0742" lon="4.14978">
        <ele>1.0</ele>
      </trkpt>
      <trkpt lat="51.07256" lon="4.15017">
        <ele>1.0</ele>
      </trkpt>
      <trkpt lat="51.07165" lon="4.14949">
        <ele>1.0</ele>
      </trkpt>
      <trkpt lat="51.06963" lon="4.15131">
        <ele>1.0</ele>
      </trkpt>
      <trkpt lat="51.06926" lon="4.15135">
        <ele>1.0</ele>
      </trkpt>
      <trkpt lat="51.06868" lon="4.15091">
        <ele>1.0</ele>
      </trkpt>
      <trkpt lat="51.06842" lon="4.15103">
        <ele>1.0</ele>
      </trkpt>
      <trkpt lat="51.06797" lon="4.1517">
        <ele>1.0</ele>
      </trkpt>
      <trkpt lat="51.06682" lon="4.15419">
        <ele>1.0</ele>
      </trkpt>
      <trkpt lat="51.06664" lon="4.15578">
        <ele>2.0</ele>
      </trkpt>
      <trkpt lat="51.06545" lon="4.15507">
        <ele>2.0</ele>
      </trkpt>
      <trkpt lat="51.06407" lon="4.15393">
        <ele>3.0</ele>
      </trkpt>
      <trkpt lat="51.06347" lon="4.15334">
        <ele>3.0</ele>
      </trkpt>
      <trkpt lat="51.06291" lon="4.15248">
        <ele>3.0</ele>
      </trkpt>
      <trkpt lat="51.06227" lon="4.15059">
        <ele>3.0</ele>
      </trkpt>
      <trkpt lat="51.06216" lon="4.14885">
        <ele>3.0</ele>
      </trkpt>
      <trkpt lat="51.06231" lon="4.14607">
        <ele>2.0</ele>
      </trkpt>
      <trkpt lat="51.06265" lon="4.14421">
        <ele>2.0</ele>
      </trkpt>
      <trkpt lat="51.06272" lon="4.1429">
        <ele>1.0</ele>
      </trkpt>
      <trkpt lat="51.06248" lon="4.14075">
      </trkpt>
      <trkpt lat="51.06257" lon="4.13656">
      </trkpt>
      <trkpt lat="51.06094" lon="4.12528">
        <ele>3.0</ele>
      </trkpt>
      <trkpt lat="51.06" lon="4.12388">
        <ele>3.0</ele>
      </trkpt>
      <trkpt lat="51.05985" lon="4.12301">
        <ele>3.0</ele>
      </trkpt>
      <trkpt lat="51.04439" lon="4.12121">
        <ele>4.0</ele>
      </trkpt>
      <trkpt lat="51.04297" lon="4.12178">
        <ele>8.0</ele>
      </trkpt>
      <trkpt lat="51.03961" lon="4.125">
        <ele>8.0</ele>
      </trkpt>
      <trkpt lat="51.0384" lon="4.1258">
        <ele>6.0</ele>
      </trkpt>
      <trkpt lat="51.03758" lon="4.1261">
        <ele>5.0</ele>
      </trkpt>
      <trkpt lat="51.03746" lon="4.12534">
        <ele>4.0</ele>
      </trkpt>
      <trkpt lat="51.03669" lon="4.12277">
        <ele>2.0</ele>
      </trkpt>
      <trkpt lat="51.03601" lon="4.11812">
        <ele>3.0</ele>
      </trkpt>
      <trkpt lat="51.0326" lon="4.10757">
        <ele>4.0</ele>
      </trkpt>
      <trkpt lat="51.03261" lon="4.10644">
        <ele>5.0</ele>
      </trkpt>
      <trkpt lat="51.03304" lon="4.10481">
        <ele>6.0</ele>
      </trkpt>
      <trkpt lat="51.03322" lon="4.10362">
        <ele>4.0</ele>
      </trkpt>
      <trkpt lat="51.03326" lon="4.10004">
        <ele>2.0</ele>
      </trkpt>
      <trkpt lat="51.03369" lon="4.09115">
        <ele>3.0</ele>
      </trkpt>
      <trkpt lat="51.03366" lon="4.08968">
        <ele>4.0</ele>
      </trkpt>
      <trkpt lat="51.03307" lon="4.08552">
        <ele>4.0</ele>
      </trkpt>
      <trkpt lat="51.03279" lon="4.08481">
        <ele>3.0</ele>
      </trkpt>
      <trkpt lat="51.03217" lon="4.08405">
        <ele>3.0</ele>
      </trkpt>
      <trkpt lat="51.03205" lon="4.08367">
        <ele>3.0</ele>
      </trkpt>
      <trkpt lat="51.03195" lon="4.08169">
        <ele>3.0</ele>
      </trkpt>
      <trkpt lat="51.03155" lon="4.07962">
        <ele>4.0</ele>
      </trkpt>
      <trkpt lat="51.03086" lon="4.07389">
        <ele>3.0</ele>
      </trkpt>
      <trkpt lat="51.03083" lon="4.07311">
        <ele>2.0</ele>
      </trkpt>
      <trkpt lat="51.03096" lon="4.07258">
        <ele>2.0</ele>
      </trkpt>
      <trkpt lat="51.03084" lon="4.07097">
        <ele>3.0</ele>
      </trkpt>
      <trkpt lat="51.02997" lon="4.06705">
        <ele>3.0</ele>
      </trkpt>
      <trkpt lat="51.02934" lon="4.06563">
        <ele>4.0</ele>
      </trkpt>
      <trkpt lat="51.02829" lon="4.06388">
        <ele>6.0</ele>
      </trkpt>
      <trkpt lat="51.02766" lon="4.06252">
        <ele>6.0</ele>
      </trkpt>
      <trkpt lat="51.02584" lon="4.0571">
        <ele>6.0</ele>
      </trkpt>
      <trkpt lat="51.02064" lon="4.04459">
        <ele>4.0</ele>
      </trkpt>
      <trkpt lat="51.01554" lon="4.03729">
        <ele>3.0</ele>
      </trkpt>
      <trkpt lat="51.01447" lon="4.03554">
        <ele>4.0</ele>
      </trkpt>
      <trkpt lat="51.01362" lon="4.03382">
        <ele>4.0</ele>
      </trkpt>
      <trkpt lat="51.0103" lon="4.02572">
        <ele>5.0</ele>
      </trkpt>
      <trkpt lat="51.00738" lon="4.02063">
        <ele>7.0</ele>
      </trkpt>
      <trkpt lat="51.0059" lon="4.0177">
        <ele>7.0</ele>
      </trkpt>
      <trkpt lat="51.00397" lon="4.01226">
        <ele>8.0</ele>
      </trkpt>
      <trkpt lat="51.00284" lon="4.00696">
        <ele>8.0</ele>
      </trkpt>
      <trkpt lat="51.00241" lon="4.00372">
        <ele>8.0</ele>
      </trkpt>
      <trkpt lat="51.00207" lon="3.99522">
        <ele>8.0</ele>
      </trkpt>
      <trkpt lat="51.00175" lon="3.99092">
        <ele>10.0</ele>
      </trkpt>
      <trkpt lat="51.00179" lon="3.98989">
        <ele>10.0</ele>
      </trkpt>
      <trkpt lat="51.00211" lon="3.98822">
        <ele>8.0</ele>
      </trkpt>
      <trkpt lat="51.00251" lon="3.98709">
        <ele>7.0</ele>
      </trkpt>
      <trkpt lat="51.0033" lon="3.982">
        <ele>7.0</ele>
      </trkpt>
      <trkpt lat="51.00357" lon="3.98098">
        <ele>8.0</ele>
      </trkpt>
      <trkpt lat="51.00535" lon="3.97691">
        <ele>7.0</ele>
      </trkpt>
      <trkpt lat="51.00719" lon="3.97362">
        <ele>6.0</ele>
      </trkpt>
      <trkpt lat="51.00822" lon="3.97086">
        <ele>6.0</ele>
      </trkpt>
      <trkpt lat="51.00837" lon="3.96985">
        <ele>6.0</ele>
      </trkpt>
      <trkpt lat="51.00803" lon="3.96479">
        <ele>6.0</ele>
      </trkpt>
      <trkpt lat="51.00435" lon="3.96777">
        <ele>6.0</ele>
      </trkpt>
      <trkpt lat="51.00039" lon="3.97011">
        <ele>8.0</ele>
      </trkpt>
      <trkpt lat="50.99206" lon="3.9739">
        <ele>8.0</ele>
      </trkpt>
      <trkpt lat="50.99126" lon="3.97401">
        <ele>9.0</ele>
      </trkpt>
      <trkpt lat="50.984" lon="3.97345">
        <ele>7.0</ele>
      </trkpt>
      <trkpt lat="50.98177" lon="3.9735">
        <ele>9.0</ele>
      </trkpt>
      <trkpt lat="50.97863" lon="3.97487">
        <ele>12.0</ele>
      </trkpt>
      <trkpt lat="50.97134" lon="3.97529">
        <ele>15.0</ele>
      </trkpt>
      <trkpt lat="50.97037" lon="3.97561">
        <ele>17.0</ele>
      </trkpt>
      <trkpt lat="50.9678" lon="3.97698">
        <ele>22.0</ele>
      </trkpt>
      <trkpt lat="50.96617" lon="3.97743">
        <ele>25.0</ele>
      </trkpt>
      <trkpt lat="50.96423" lon="3.97717">
        <ele>30.0</ele>
      </trkpt>
      <trkpt lat="50.96119" lon="3.97711">
        <ele>32.0</ele>
      </trkpt>
      <trkpt lat="50.95956" lon="3.97636">
        <ele>30.0</ele>
      </trkpt>
      <trkpt lat="50.9583" lon="3.97659">
        <ele>28.0</ele>
      </trkpt>
      <trkpt lat="50.95659" lon="3.97787">
        <ele>26.0</ele>
      </trkpt>
      <trkpt lat="50.95433" lon="3.98041">
        <ele>23.0</ele>
      </trkpt>
      <trkpt lat="50.94907" lon="3.9848">
        <ele>14.0</ele>
      </trkpt>
      <trkpt lat="50.94466" lon="3.98994">
        <ele>14.0</ele>
      </trkpt>
      <trkpt lat="50.94278" lon="3.99247">
        <ele>18.0</ele>
      </trkpt>
      <trkpt lat="50.94192" lon="3.9922">
        <ele>21.0</ele>
      </trkpt>
      <trkpt lat="50.94162" lon="3.99192">
        <ele>21.0</ele>
      </trkpt>
      <trkpt lat="50.94026" lon="3.98929">
        <ele>26.0</ele>
      </trkpt>
      <trkpt lat="50.93855" lon="3.98161">
        <ele>23.0</ele>
      </trkpt>
      <trkpt lat="50.93842" lon="3.98168">
        <ele>23.0</ele>
      </trkpt>
      <trkpt lat="50.93781" lon="3.98094">
        <ele>23.0</ele>
      </trkpt>
      <trkpt lat="50.93716" lon="3.98049">
        <ele>24.0</ele>
      </trkpt>
      <trkpt lat="50.93648" lon="3.98055">
        <ele>25.0</ele>
      </trkpt>
      <trkpt lat="50.93606" lon="3.98083">
        <ele>27.0</ele>
      </trkpt>
      <trkpt lat="50.93531" lon="3.97881">
        <ele>27.0</ele>
      </trkpt>
      <trkpt lat="50.93387" lon="3.97692">
        <ele>23.0</ele>
      </trkpt>
      <trkpt lat="50.93395" lon="3.97584">
        <ele>23.0</ele>
      </trkpt>
      <trkpt lat="50.93322" lon="3.97545">
        <ele>24.0</ele>
      </trkpt>
      <trkpt lat="50.93183" lon="3.97533">
        <ele>24.0</ele>
      </trkpt>
      <trkpt lat="50.93102" lon="3.97505">
        <ele>24.0</ele>
      </trkpt>
      <trkpt lat="50.92937" lon="3.97416">
        <ele>24.0</ele>
      </trkpt>
      <trkpt lat="50.92835" lon="3.97385">
        <ele>24.0</ele>
      </trkpt>
      <trkpt lat="50.92717" lon="3.973">
        <ele>26.0</ele>
      </trkpt>
      <trkpt lat="50.9256" lon="3.97319">
        <ele>29.0</ele>
      </trkpt>
      <trkpt lat="50.92452" lon="3.9728">
        <ele>27.0</ele>
      </trkpt>
      <trkpt lat="50.9242" lon="3.97236">
        <ele>27.0</ele>
      </trkpt>
      <trkpt lat="50.92394" lon="3.97152">
        <ele>26.0</ele>
      </trkpt>
      <trkpt lat="50.92392" lon="3.97039">
        <ele>26.0</ele>
      </trkpt>
      <trkpt lat="50.92376" lon="3.96968">
        <ele>26.0</ele>
      </trkpt>
      <trkpt lat="50.92264" lon="3.96834">
        <ele>24.0</ele>
      </trkpt>
      <trkpt lat="50.92256" lon="3.96808">
        <ele>24.0</ele>
      </trkpt>
      <trkpt lat="50.92231" lon="3.96811">
        <ele>24.0</ele>
      </trkpt>
      <trkpt lat="50.92216" lon="3.96847">
        <ele>24.0</ele>
      </trkpt>
      <trkpt lat="50.92152" lon="3.96893">
        <ele>26.0</ele>
      </trkpt>
      <trkpt lat="50.92032" lon="3.96943">
        <ele>31.0</ele>
      </trkpt>
      <trkpt lat="50.91917" lon="3.96925">
        <ele>34.0</ele>
      </trkpt>
      <trkpt lat="50.91888" lon="3.96956">
        <ele>35.0</ele>
      </trkpt>
      <trkpt lat="50.91847" lon="3.97186">
        <ele>42.0</ele>
      </trkpt>
      <trkpt lat="50.91825" lon="3.97223">
        <ele>45.0</ele>
      </trkpt>
      <trkpt lat="50.91661" lon="3.97198">
        <ele>49.0</ele>
      </trkpt>
      <trkpt lat="50.91467" lon="3.97211">
        <ele>52.0</ele>
      </trkpt>
      <trkpt lat="50.91101" lon="3.97319">
        <ele>47.0</ele>
      </trkpt>
      <trkpt lat="50.90988" lon="3.97316">
        <ele>42.0</ele>
      </trkpt>
      <trkpt lat="50.90886" lon="3.97339">
        <ele>40.0</ele>
      </trkpt>
      <trkpt lat="50.90954" lon="3.97545">
        <ele>40.0</ele>
      </trkpt>
      <trkpt lat="50.90989" lon="3.97836">
        <ele>44.0</ele>
      </trkpt>
      <trkpt lat="50.90977" lon="3.98026">
        <ele>47.0</ele>
      </trkpt>
      <trkpt lat="50.90991" lon="3.98308">
        <ele>47.0</ele>
      </trkpt>
      <trkpt lat="50.90976" lon="3.98487">
        <ele>45.0</ele>
      </trkpt>
      <trkpt lat="50.90987" lon="3.98586">
        <ele>44.0</ele>
      </trkpt>
      <trkpt lat="50.91015" lon="3.98692">
        <ele>42.0</ele>
      </trkpt>
      <trkpt lat="50.90994" lon="3.98795">
        <ele>42.0</ele>
      </trkpt>
      <trkpt lat="50.91021" lon="3.9896">
        <ele>41.0</ele>
      </trkpt>
      <trkpt lat="50.90984" lon="3.99054">
        <ele>41.0</ele>
      </trkpt>
      <trkpt lat="50.90962" lon="3.99342">
        <ele>41.0</ele>
      </trkpt>
      <trkpt lat="50.90868" lon="3.99596">
        <ele>44.0</ele>
      </trkpt>
      <trkpt lat="50.90776" lon="3.99796">
        <ele>44.0</ele>
      </trkpt>
      <trkpt lat="50.90689" lon="3.99909">
        <ele>44.0</ele>
      </trkpt>
      <trkpt lat="50.90629" lon="3.9996">
        <ele>44.0</ele>
      </trkpt>
      <trkpt lat="50.90597" lon="4.00019">
        <ele>43.0</ele>
      </trkpt>
      <trkpt lat="50.90572" lon="4.00113">
        <ele>42.0</ele>
      </trkpt>
      <trkpt lat="50.90422" lon="4.00377">
        <ele>38.0</ele>
      </trkpt>
      <trkpt lat="50.90173" lon="4.0069">
        <ele>34.0</ele>
      </trkpt>
      <trkpt lat="50.9021" lon="4.00809">
        <ele>33.0</ele>
      </trkpt>
      <trkpt lat="50.90184" lon="4.00833">
        <ele>32.0</ele>
      </trkpt>
      <trkpt lat="50.90171" lon="4.00884">
        <ele>32.0</ele>
      </trkpt>
      <trkpt lat="50.90143" lon="4.0124">
        <ele>32.0</ele>
      </trkpt>
      <trkpt lat="50.90055" lon="4.01592">
        <ele>32.0</ele>
      </trkpt>
      <trkpt lat="50.89953" lon="4.0216">
        <ele>25.0</ele>
      </trkpt>
      <trkpt lat="50.89894" lon="4.02305">
        <ele>23.0</ele>
      </trkpt>
      <trkpt lat="50.89744" lon="4.02533">
        <ele>21.0</ele>
      </trkpt>
      <trkpt lat="50.89587" lon="4.02648">
        <ele>21.0</ele>
      </trkpt>
      <trkpt lat="50.89554" lon="4.02653">
        <ele>21.0</ele>
      </trkpt>
      <trkpt lat="50.895" lon="4.02614">
        <ele>21.0</ele>
      </trkpt>
      <trkpt lat="50.89452" lon="4.02461">
        <ele>22.0</ele>
      </trkpt>
      <trkpt lat="50.8936" lon="4.02326">
        <ele>24.0</ele>
      </trkpt>
      <trkpt lat="50.89156" lon="4.02252">
        <ele>27.0</ele>
      </trkpt>
      <trkpt lat="50.88917" lon="4.02191">
        <ele>29.0</ele>
      </trkpt>
      <trkpt lat="50.88752" lon="4.02222">
        <ele>27.0</ele>
      </trkpt>
      <trkpt lat="50.88673" lon="4.02146">
        <ele>26.0</ele>
      </trkpt>
      <trkpt lat="50.88641" lon="4.02094">
        <ele>24.0</ele>
      </trkpt>
      <trkpt lat="50.88583" lon="4.02123">
        <ele>24.0</ele>
      </trkpt>
      <trkpt lat="50.88437" lon="4.02108">
        <ele>24.0</ele>
      </trkpt>
      <trkpt lat="50.88264" lon="4.02219">
        <ele>24.0</ele>
      </trkpt>
      <trkpt lat="50.88193" lon="4.02323">
        <ele>25.0</ele>
      </trkpt>
      <trkpt lat="50.88057" lon="4.02161">
        <ele>26.0</ele>
      </trkpt>
      <trkpt lat="50.87954" lon="4.01973">
        <ele>26.0</ele>
      </trkpt>
      <trkpt lat="50.87923" lon="4.01962">
        <ele>26.0</ele>
      </trkpt>
      <trkpt lat="50.87668" lon="4.02006">
        <ele>29.0</ele>
      </trkpt>
      <trkpt lat="50.87556" lon="4.02057">
        <ele>32.0</ele>
      </trkpt>
      <trkpt lat="50.87367" lon="4.01845">
        <ele>33.0</ele>
      </trkpt>
      <trkpt lat="50.87313" lon="4.01837">
        <ele>33.0</ele>
      </trkpt>
      <trkpt lat="50.87218" lon="4.0186">
        <ele>32.0</ele>
      </trkpt>
      <trkpt lat="50.87172" lon="4.01818">
        <ele>30.0</ele>
      </trkpt>
      <trkpt lat="50.87129" lon="4.01828">
        <ele>27.0</ele>
      </trkpt>
      <trkpt lat="50.871" lon="4.01815">
        <ele>26.0</ele>
      </trkpt>
      <trkpt lat="50.87071" lon="4.01774">
        <ele>24.0</ele>
      </trkpt>
      <trkpt lat="50.87032" lon="4.01674">
        <ele>23.0</ele>
      </trkpt>
      <trkpt lat="50.86991" lon="4.01622">
        <ele>23.0</ele>
      </trkpt>
      <trkpt lat="50.86973" lon="4.01571">
        <ele>23.0</ele>
      </trkpt>
      <trkpt lat="50.86969" lon="4.01482">
        <ele>23.0</ele>
      </trkpt>
      <trkpt lat="50.86929" lon="4.01244">
        <ele>21.0</ele>
      </trkpt>
      <trkpt lat="50.8694" lon="4.01064">
        <ele>21.0</ele>
      </trkpt>
      <trkpt lat="50.86936" lon="4.00814">
        <ele>22.0</ele>
      </trkpt>
      <trkpt lat="50.8706" lon="4.00537">
        <ele>23.0</ele>
      </trkpt>
      <trkpt lat="50.87237" lon="4.00376">
        <ele>25.0</ele>
      </trkpt>
      <trkpt lat="50.87326" lon="4.00347">
        <ele>26.0</ele>
      </trkpt>
      <trkpt lat="50.87368" lon="4.00505">
        <ele>27.0</ele>
      </trkpt>
      <trkpt lat="50.87408" lon="4.00566">
        <ele>28.0</ele>
      </trkpt>
      <trkpt lat="50.87401" lon="4.00323">
        <ele>30.0</ele>
      </trkpt>
      <trkpt lat="50.87435" lon="4.00071">
        <ele>32.0</ele>
      </trkpt>
      <trkpt lat="50.87436" lon="3.99866">
        <ele>34.0</ele>
      </trkpt>
      <trkpt lat="50.87492" lon="3.99508">
        <ele>41.0</ele>
      </trkpt>
      <trkpt lat="50.87528" lon="3.99068">
        <ele>49.0</ele>
      </trkpt>
      <trkpt lat="50.87483" lon="3.98914">
        <ele>52.0</ele>
      </trkpt>
      <trkpt lat="50.87512" lon="3.98685">
        <ele>57.0</ele>
      </trkpt>
      <trkpt lat="50.87478" lon="3.98556">
        <ele>58.0</ele>
      </trkpt>
      <trkpt lat="50.87542" lon="3.98334">
        <ele>58.0</ele>
      </trkpt>
      <trkpt lat="50.87581" lon="3.98057">
        <ele>62.0</ele>
      </trkpt>
      <trkpt lat="50.87577" lon="3.9791">
        <ele>64.0</ele>
      </trkpt>
      <trkpt lat="50.87593" lon="3.97859">
        <ele>65.0</ele>
      </trkpt>
      <trkpt lat="50.87669" lon="3.97793">
        <ele>66.0</ele>
      </trkpt>
      <trkpt lat="50.87759" lon="3.97653">
        <ele>65.0</ele>
      </trkpt>
      <trkpt lat="50.87834" lon="3.9774">
        <ele>65.0</ele>
      </trkpt>
      <trkpt lat="50.87888" lon="3.97846">
        <ele>66.0</ele>
      </trkpt>
      <trkpt lat="50.87956" lon="3.98041">
        <ele>66.0</ele>
      </trkpt>
      <trkpt lat="50.88202" lon="3.98377">
        <ele>62.0</ele>
      </trkpt>
      <trkpt lat="50.88205" lon="3.9846">
        <ele>61.0</ele>
      </trkpt>
      <trkpt lat="50.88224" lon="3.98535">
        <ele>59.0</ele>
      </trkpt>
      <trkpt lat="50.88266" lon="3.98622">
        <ele>57.0</ele>
      </trkpt>
      <trkpt lat="50.88283" lon="3.98719">
        <ele>55.0</ele>
      </trkpt>
      <trkpt lat="50.8833" lon="3.98805">
        <ele>52.0</ele>
      </trkpt>
      <trkpt lat="50.88425" lon="3.9904">
        <ele>44.0</ele>
      </trkpt>
      <trkpt lat="50.88437" lon="3.99278">
        <ele>41.0</ele>
      </trkpt>
      <trkpt lat="50.88458" lon="3.99317">
        <ele>40.0</ele>
      </trkpt>
      <trkpt lat="50.88574" lon="3.99376">
        <ele>38.0</ele>
      </trkpt>
      <trkpt lat="50.88638" lon="3.9936">
        <ele>38.0</ele>
      </trkpt>
      <trkpt lat="50.8867" lon="3.99338">
        <ele>38.0</ele>
      </trkpt>
      <trkpt lat="50.88711" lon="3.9922">
        <ele>38.0</ele>
      </trkpt>
      <trkpt lat="50.88829" lon="3.99185">
        <ele>42.0</ele>
      </trkpt>
      <trkpt lat="50.88968" lon="3.99074">
        <ele>47.0</ele>
      </trkpt>
      <trkpt lat="50.88898" lon="3.98721">
        <ele>53.0</ele>
      </trkpt>
      <trkpt lat="50.88804" lon="3.98625">
        <ele>54.0</ele>
      </trkpt>
      <trkpt lat="50.88766" lon="3.98565">
        <ele>55.0</ele>
      </trkpt>
      <trkpt lat="50.88685" lon="3.98253">
        <ele>59.0</ele>
      </trkpt>
      <trkpt lat="50.88618" lon="3.98104">
        <ele>62.0</ele>
      </trkpt>
      <trkpt lat="50.88508" lon="3.97799">
        <ele>66.0</ele>
      </trkpt>
      <trkpt lat="50.88421" lon="3.97724">
        <ele>67.0</ele>
      </trkpt>
      <trkpt lat="50.88167" lon="3.97591">
        <ele>67.0</ele>
      </trkpt>
      <trkpt lat="50.88033" lon="3.97488">
        <ele>67.0</ele>
      </trkpt>
      <trkpt lat="50.87402" lon="3.96788">
        <ele>69.0</ele>
      </trkpt>
      <trkpt lat="50.87248" lon="3.96545">
        <ele>68.0</ele>
      </trkpt>
      <trkpt lat="50.87191" lon="3.96384">
        <ele>68.0</ele>
      </trkpt>
      <trkpt lat="50.87138" lon="3.96151">
        <ele>71.0</ele>
      </trkpt>
      <trkpt lat="50.87092" lon="3.9606">
        <ele>72.0</ele>
      </trkpt>
      <trkpt lat="50.87118" lon="3.96022">
        <ele>72.0</ele>
      </trkpt>
      <trkpt lat="50.87389" lon="3.95896">
        <ele>70.0</ele>
      </trkpt>
      <trkpt lat="50.87797" lon="3.95669">
        <ele>59.0</ele>
      </trkpt>
      <trkpt lat="50.88166" lon="3.95425">
        <ele>58.0</ele>
      </trkpt>
      <trkpt lat="50.8828" lon="3.95326">
        <ele>55.0</ele>
      </trkpt>
      <trkpt lat="50.88379" lon="3.9516">
        <ele>49.0</ele>
      </trkpt>
      <trkpt lat="50.88462" lon="3.95082">
        <ele>45.0</ele>
      </trkpt>
      <trkpt lat="50.88528" lon="3.95049">
        <ele>42.0</ele>
      </trkpt>
      <trkpt lat="50.8863" lon="3.95032">
        <ele>37.0</ele>
      </trkpt>
      <trkpt lat="50.88646" lon="3.94967">
        <ele>35.0</ele>
      </trkpt>
      <trkpt lat="50.88796" lon="3.94687">
        <ele>34.0</ele>
      </trkpt>
      <trkpt lat="50.88986" lon="3.94487">
        <ele>39.0</ele>
      </trkpt>
      <trkpt lat="50.89094" lon="3.94123">
        <ele>46.0</ele>
      </trkpt>
      <trkpt lat="50.89101" lon="3.94011">
        <ele>50.0</ele>
      </trkpt>
      <trkpt lat="50.89084" lon="3.93959">
        <ele>50.0</ele>
      </trkpt>
      <trkpt lat="50.8909" lon="3.9392">
        <ele>51.0</ele>
      </trkpt>
      <trkpt lat="50.89108" lon="3.93889">
        <ele>51.0</ele>
      </trkpt>
      <trkpt lat="50.89207" lon="3.93819">
        <ele>53.0</ele>
      </trkpt>
      <trkpt lat="50.89286" lon="3.93582">
        <ele>57.0</ele>
      </trkpt>
      <trkpt lat="50.89469" lon="3.93344">
        <ele>62.0</ele>
      </trkpt>
      <trkpt lat="50.89517" lon="3.93224">
        <ele>63.0</ele>
      </trkpt>
      <trkpt lat="50.89529" lon="3.93064">
        <ele>62.0</ele>
      </trkpt>
      <trkpt lat="50.89727" lon="3.92932">
        <ele>61.0</ele>
      </trkpt>
      <trkpt lat="50.89707" lon="3.92528">
        <ele>63.0</ele>
      </trkpt>
      <trkpt lat="50.89614" lon="3.92184">
        <ele>65.0</ele>
      </trkpt>
      <trkpt lat="50.89561" lon="3.91819">
        <ele>66.0</ele>
      </trkpt>
      <trkpt lat="50.89509" lon="3.91636">
        <ele>66.0</ele>
      </trkpt>
      <trkpt lat="50.89404" lon="3.91405">
        <ele>63.0</ele>
      </trkpt>
      <trkpt lat="50.89348" lon="3.91352">
        <ele>61.0</ele>
      </trkpt>
      <trkpt lat="50.89301" lon="3.91269">
        <ele>60.0</ele>
      </trkpt>
      <trkpt lat="50.89171" lon="3.90889">
        <ele>60.0</ele>
      </trkpt>
      <trkpt lat="50.89111" lon="3.90672">
        <ele>60.0</ele>
      </trkpt>
      <trkpt lat="50.89038" lon="3.90533">
        <ele>60.0</ele>
      </trkpt>
      <trkpt lat="50.89029" lon="3.90334">
        <ele>59.0</ele>
      </trkpt>
      <trkpt lat="50.8887" lon="3.90067">
        <ele>61.0</ele>
      </trkpt>
      <trkpt lat="50.88775" lon="3.89804">
        <ele>64.0</ele>
      </trkpt>
      <trkpt lat="50.88584" lon="3.89562">
        <ele>60.0</ele>
      </trkpt>
      <trkpt lat="50.88517" lon="3.8958">
        <ele>61.0</ele>
      </trkpt>
      <trkpt lat="50.88446" lon="3.89446">
        <ele>63.0</ele>
      </trkpt>
      <trkpt lat="50.88448" lon="3.89281">
        <ele>63.0</ele>
      </trkpt>
      <trkpt lat="50.88678" lon="3.89153">
        <ele>59.0</ele>
      </trkpt>
      <trkpt lat="50.88484" lon="3.88783">
        <ele>61.0</ele>
      </trkpt>
      <trkpt lat="50.88421" lon="3.88553">
        <ele>63.0</ele>
      </trkpt>
      <trkpt lat="50.88366" lon="3.88421">
        <ele>64.0</ele>
      </trkpt>
      <trkpt lat="50.88332" lon="3.88257">
        <ele>66.0</ele>
      </trkpt>
      <trkpt lat="50.88188" lon="3.87855">
        <ele>68.0</ele>
      </trkpt>
      <trkpt lat="50.8805" lon="3.87535">
        <ele>71.0</ele>
      </trkpt>
      <trkpt lat="50.87889" lon="3.87098">
        <ele>73.0</ele>
      </trkpt>
      <trkpt lat="50.87842" lon="3.86826">
        <ele>75.0</ele>
      </trkpt>
      <trkpt lat="50.87675" lon="3.85397">
        <ele>81.0</ele>
      </trkpt>
      <trkpt lat="50.87673" lon="3.85183">
        <ele>82.0</ele>
      </trkpt>
      <trkpt lat="50.87585" lon="3.84768">
        <ele>82.0</ele>
      </trkpt>
      <trkpt lat="50.8754" lon="3.84375">
        <ele>79.0</ele>
      </trkpt>
      <trkpt lat="50.87388" lon="3.83602">
        <ele>78.0</ele>
      </trkpt>
      <trkpt lat="50.87252" lon="3.83199">
        <ele>83.0</ele>
      </trkpt>
      <trkpt lat="50.8728" lon="3.83087">
        <ele>81.0</ele>
      </trkpt>
      <trkpt lat="50.87354" lon="3.82942">
        <ele>78.0</ele>
      </trkpt>
      <trkpt lat="50.87364" lon="3.82813">
        <ele>78.0</ele>
      </trkpt>
      <trkpt lat="50.87293" lon="3.82536">
        <ele>72.0</ele>
      </trkpt>
      <trkpt lat="50.87227" lon="3.82389">
        <ele>66.0</ele>
      </trkpt>
      <trkpt lat="50.87196" lon="3.82264">
        <ele>62.0</ele>
      </trkpt>
      <trkpt lat="50.87197" lon="3.82213">
        <ele>58.0</ele>
      </trkpt>
      <trkpt lat="50.87249" lon="3.82031">
        <ele>58.0</ele>
      </trkpt>
      <trkpt lat="50.87258" lon="3.81893">
        <ele>58.0</ele>
      </trkpt>
      <trkpt lat="50.87188" lon="3.81581">
        <ele>58.0</ele>
      </trkpt>
      <trkpt lat="50.87176" lon="3.81549">
        <ele>59.0</ele>
      </trkpt>
      <trkpt lat="50.87042" lon="3.81586">
        <ele>60.0</ele>
      </trkpt>
      <trkpt lat="50.8669" lon="3.81518">
        <ele>62.0</ele>
      </trkpt>
      <trkpt lat="50.86643" lon="3.81555">
        <ele>64.0</ele>
      </trkpt>
      <trkpt lat="50.8658" lon="3.81665">
        <ele>68.0</ele>
      </trkpt>
      <trkpt lat="50.86517" lon="3.81416">
        <ele>68.0</ele>
      </trkpt>
      <trkpt lat="50.86527" lon="3.81343">
        <ele>67.0</ele>
      </trkpt>
      <trkpt lat="50.86562" lon="3.81321">
        <ele>66.0</ele>
      </trkpt>
      <trkpt lat="50.86634" lon="3.81323">
        <ele>66.0</ele>
      </trkpt>
      <trkpt lat="50.86898" lon="3.81402">
        <ele>63.0</ele>
      </trkpt>
      <trkpt lat="50.86949" lon="3.81045">
        <ele>62.0</ele>
      </trkpt>
      <trkpt lat="50.87003" lon="3.81048">
        <ele>62.0</ele>
      </trkpt>
      <trkpt lat="50.87215" lon="3.80976">
        <ele>57.0</ele>
      </trkpt>
      <trkpt lat="50.87257" lon="3.81001">
        <ele>53.0</ele>
      </trkpt>
      <trkpt lat="50.87296" lon="3.80993">
        <ele>51.0</ele>
      </trkpt>
      <trkpt lat="50.87426" lon="3.81019">
        <ele>50.0</ele>
      </trkpt>
      <trkpt lat="50.87622" lon="3.8089">
        <ele>50.0</ele>
      </trkpt>
      <trkpt lat="50.88076" lon="3.80752">
        <ele>56.0</ele>
      </trkpt>
      <trkpt lat="50.88561" lon="3.80843">
        <ele>47.0</ele>
      </trkpt>
      <trkpt lat="50.88736" lon="3.80953">
        <ele>44.0</ele>
      </trkpt>
      <trkpt lat="50.88997" lon="3.81035">
        <ele>46.0</ele>
      </trkpt>
      <trkpt lat="50.89043" lon="3.81033">
        <ele>47.0</ele>
      </trkpt>
      <trkpt lat="50.88992" lon="3.80923">
        <ele>47.0</ele>
      </trkpt>
      <trkpt lat="50.88899" lon="3.80801">
        <ele>48.0</ele>
      </trkpt>
      <trkpt lat="50.88773" lon="3.80593">
        <ele>47.0</ele>
      </trkpt>
      <trkpt lat="50.88743" lon="3.80438">
        <ele>45.0</ele>
      </trkpt>
      <trkpt lat="50.88772" lon="3.80387">
        <ele>44.0</ele>
      </trkpt>
      <trkpt lat="50.8878" lon="3.80308">
        <ele>44.0</ele>
      </trkpt>
      <trkpt lat="50.88817" lon="3.80235">
        <ele>44.0</ele>
      </trkpt>
      <trkpt lat="50.88818" lon="3.80127">
        <ele>44.0</ele>
      </trkpt>
      <trkpt lat="50.88805" lon="3.80053">
        <ele>45.0</ele>
      </trkpt>
      <trkpt lat="50.88743" lon="3.79949">
        <ele>46.0</ele>
      </trkpt>
      <trkpt lat="50.88664" lon="3.79931">
        <ele>46.0</ele>
      </trkpt>
      <trkpt lat="50.88652" lon="3.79911">
        <ele>46.0</ele>
      </trkpt>
      <trkpt lat="50.88566" lon="3.7962">
        <ele>48.0</ele>
      </trkpt>
      <trkpt lat="50.88526" lon="3.79414">
        <ele>50.0</ele>
      </trkpt>
      <trkpt lat="50.88435" lon="3.79138">
        <ele>54.0</ele>
      </trkpt>
      <trkpt lat="50.88347" lon="3.78692">
        <ele>53.0</ele>
      </trkpt>
      <trkpt lat="50.88252" lon="3.78484">
        <ele>48.0</ele>
      </trkpt>
      <trkpt lat="50.88193" lon="3.78321">
        <ele>46.0</ele>
      </trkpt>
      <trkpt lat="50.88269" lon="3.78212">
        <ele>43.0</ele>
      </trkpt>
      <trkpt lat="50.88378" lon="3.78113">
        <ele>42.0</ele>
      </trkpt>
      <trkpt lat="50.88357" lon="3.78034">
        <ele>42.0</ele>
      </trkpt>
      <trkpt lat="50.88169" lon="3.77504">
        <ele>45.0</ele>
      </trkpt>
      <trkpt lat="50.88131" lon="3.77437">
        <ele>45.0</ele>
      </trkpt>
      <trkpt lat="50.88097" lon="3.77335">
        <ele>44.0</ele>
      </trkpt>
      <trkpt lat="50.88044" lon="3.77245">
        <ele>42.0</ele>
      </trkpt>
      <trkpt lat="50.87903" lon="3.76851">
        <ele>37.0</ele>
      </trkpt>
      <trkpt lat="50.87799" lon="3.76627">
        <ele>35.0</ele>
      </trkpt>
      <trkpt lat="50.87761" lon="3.76512">
        <ele>34.0</ele>
      </trkpt>
      <trkpt lat="50.87729" lon="3.76347">
        <ele>33.0</ele>
      </trkpt>
      <trkpt lat="50.87658" lon="3.76214">
        <ele>35.0</ele>
      </trkpt>
      <trkpt lat="50.8774" lon="3.76153">
        <ele>37.0</ele>
      </trkpt>
      <trkpt lat="50.88182" lon="3.75982">
        <ele>40.0</ele>
      </trkpt>
      <trkpt lat="50.88212" lon="3.7602">
        <ele>38.0</ele>
      </trkpt>
      <trkpt lat="50.88252" lon="3.76028">
        <ele>36.0</ele>
      </trkpt>
      <trkpt lat="50.8828" lon="3.76083">
        <ele>33.0</ele>
      </trkpt>
      <trkpt lat="50.88336" lon="3.76106">
        <ele>32.0</ele>
      </trkpt>
      <trkpt lat="50.88405" lon="3.76092">
        <ele>30.0</ele>
      </trkpt>
      <trkpt lat="50.88507" lon="3.76323">
        <ele>32.0</ele>
      </trkpt>
      <trkpt lat="50.88561" lon="3.76348">
        <ele>36.0</ele>
      </trkpt>
      <trkpt lat="50.88618" lon="3.76331">
        <ele>38.0</ele>
      </trkpt>
      <trkpt lat="50.88611" lon="3.76">
        <ele>39.0</ele>
      </trkpt>
      <trkpt lat="50.88737" lon="3.75645">
        <ele>38.0</ele>
      </trkpt>
      <trkpt lat="50.88836" lon="3.75446">
        <ele>43.0</ele>
      </trkpt>
      <trkpt lat="50.88863" lon="3.75303">
        <ele>45.0</ele>
      </trkpt>
      <trkpt lat="50.88892" lon="3.74993">
        <ele>49.0</ele>
      </trkpt>
      <trkpt lat="50.8913" lon="3.74456">
        <ele>53.0</ele>
      </trkpt>
      <trkpt lat="50.89286" lon="3.73869">
        <ele>50.0</ele>
      </trkpt>
      <trkpt lat="50.89421" lon="3.73528">
        <ele>49.0</ele>
      </trkpt>
      <trkpt lat="50.89404" lon="3.73493">
        <ele>49.0</ele>
      </trkpt>
      <trkpt lat="50.89018" lon="3.70719">
        <ele>44.0</ele>
      </trkpt>
      <trkpt lat="50.888" lon="3.70308">
        <ele>33.0</ele>
      </trkpt>
      <trkpt lat="50.88739" lon="3.70168">
        <ele>25.0</ele>
      </trkpt>
      <trkpt lat="50.88572" lon="3.69291">
        <ele>15.0</ele>
      </trkpt>
      <trkpt lat="50.88531" lon="3.68827">
        <ele>11.0</ele>
      </trkpt>
      <trkpt lat="50.88462" lon="3.68553">
        <ele>10.0</ele>
      </trkpt>
      <trkpt lat="50.88468" lon="3.68528">
        <ele>10.0</ele>
      </trkpt>
      <trkpt lat="50.88436" lon="3.68472">
        <ele>10.0</ele>
      </trkpt>
      <trkpt lat="50.88375" lon="3.68252">
        <ele>11.0</ele>
      </trkpt>
      <trkpt lat="50.88334" lon="3.68148">
        <ele>12.0</ele>
      </trkpt>
      <trkpt lat="50.87121" lon="3.65945">
        <ele>11.0</ele>
      </trkpt>
      <trkpt lat="50.86191" lon="3.63606">
        <ele>10.0</ele>
      </trkpt>
      <trkpt lat="50.86106" lon="3.63482">
        <ele>10.0</ele>
      </trkpt>
      <trkpt lat="50.8599" lon="3.63419">
        <ele>10.0</ele>
      </trkpt>
      <trkpt lat="50.85835" lon="3.63299">
        <ele>10.0</ele>
      </trkpt>
      <trkpt lat="50.8588" lon="3.63133">
        <ele>10.0</ele>
      </trkpt>
      <trkpt lat="50.85893" lon="3.62952">
        <ele>10.0</ele>
      </trkpt>
      <trkpt lat="50.85836" lon="3.62439">
        <ele>13.0</ele>
      </trkpt>
      <trkpt lat="50.85799" lon="3.62325">
        <ele>11.0</ele>
      </trkpt>
      <trkpt lat="50.85764" lon="3.62289">
        <ele>10.0</ele>
      </trkpt>
      <trkpt lat="50.85628" lon="3.6223">
        <ele>8.0</ele>
      </trkpt>
      <trkpt lat="50.85586" lon="3.62243">
        <ele>7.0</ele>
      </trkpt>
      <trkpt lat="50.85521" lon="3.62349">
        <ele>6.0</ele>
      </trkpt>
      <trkpt lat="50.85514" lon="3.62343">
        <ele>6.0</ele>
      </trkpt>
      <trkpt lat="50.85357" lon="3.62184">
        <ele>6.0</ele>
      </trkpt>
      <trkpt lat="50.8516" lon="3.6194">
        <ele>6.0</ele>
      </trkpt>
      <trkpt lat="50.8511" lon="3.61819">
        <ele>6.0</ele>
      </trkpt>
      <trkpt lat="50.84768" lon="3.61472">
        <ele>9.0</ele>
      </trkpt>
      <trkpt lat="50.84531" lon="3.6116">
        <ele>10.0</ele>
      </trkpt>
      <trkpt lat="50.84561" lon="3.61025">
        <ele>10.0</ele>
      </trkpt>
      <trkpt lat="50.84553" lon="3.60929">
        <ele>11.0</ele>
      </trkpt>
      <trkpt lat="50.84505" lon="3.60751">
        <ele>12.0</ele>
      </trkpt>
      <trkpt lat="50.84486" lon="3.60733">
        <ele>12.0</ele>
      </trkpt>
      <trkpt lat="50.8461" lon="3.60487">
        <ele>12.0</ele>
      </trkpt>
      <trkpt lat="50.8463" lon="3.60407">
        <ele>12.0</ele>
      </trkpt>
      <trkpt lat="50.84631" lon="3.60369">
        <ele>12.0</ele>
      </trkpt>
      <trkpt lat="50.84591" lon="3.60202">
        <ele>13.0</ele>
      </trkpt>
      <trkpt lat="50.84444" lon="3.60287">
        <ele>15.0</ele>
      </trkpt>
      <trkpt lat="50.84336" lon="3.6038">
        <ele>14.0</ele>
      </trkpt>
      <trkpt lat="50.84271" lon="3.60404">
        <ele>13.0</ele>
      </trkpt>
      <trkpt lat="50.84224" lon="3.60346">
        <ele>12.0</ele>
      </trkpt>
      <trkpt lat="50.84223" lon="3.60278">
        <ele>12.0</ele>
      </trkpt>
      <trkpt lat="50.84199" lon="3.60158">
        <ele>11.0</ele>
      </trkpt>
      <trkpt lat="50.84187" lon="3.60151">
        <ele>11.0</ele>
      </trkpt>
      <trkpt lat="50.84175" lon="3.60204">
        <ele>11.0</ele>
      </trkpt>
      <trkpt lat="50.84163" lon="3.60213">
        <ele>11.0</ele>
      </trkpt>
      <trkpt lat="50.84016" lon="3.60282">
        <ele>10.0</ele>
      </trkpt>
      <trkpt lat="50.83826" lon="3.60402">
        <ele>13.0</ele>
      </trkpt>
      <trkpt lat="50.83771" lon="3.60524">
        <ele>15.0</ele>
      </trkpt>
      <trkpt lat="50.83752" lon="3.60714">
        <ele>13.0</ele>
      </trkpt>
      <trkpt lat="50.83517" lon="3.60678">
        <ele>12.0</ele>
      </trkpt>
      <trkpt lat="50.83439" lon="3.60694">
        <ele>13.0</ele>
      </trkpt>
      <trkpt lat="50.83355" lon="3.60471">
        <ele>15.0</ele>
      </trkpt>
      <trkpt lat="50.83303" lon="3.60216">
        <ele>13.0</ele>
      </trkpt>
      <trkpt lat="50.83306" lon="3.60172">
        <ele>12.0</ele>
      </trkpt>
      <trkpt lat="50.8328" lon="3.60141">
        <ele>11.0</ele>
      </trkpt>
      <trkpt lat="50.83208" lon="3.59937">
        <ele>10.0</ele>
      </trkpt>
      <trkpt lat="50.8273" lon="3.59005">
        <ele>11.0</ele>
      </trkpt>
      <trkpt lat="50.82478" lon="3.58468">
        <ele>10.0</ele>
      </trkpt>
      <trkpt lat="50.82222" lon="3.58015">
        <ele>11.0</ele>
      </trkpt>
      <trkpt lat="50.81865" lon="3.57461">
        <ele>10.0</ele>
      </trkpt>
      <trkpt lat="50.81661" lon="3.57043">
        <ele>8.0</ele>
      </trkpt>
      <trkpt lat="50.81419" lon="3.56522">
        <ele>12.0</ele>
      </trkpt>
      <trkpt lat="50.80864" lon="3.5514">
        <ele>13.0</ele>
      </trkpt>
      <trkpt lat="50.80689" lon="3.54842">
        <ele>14.0</ele>
      </trkpt>
      <trkpt lat="50.80617" lon="3.54693">
        <ele>15.0</ele>
      </trkpt>
      <trkpt lat="50.80307" lon="3.53859">
        <ele>14.0</ele>
      </trkpt>
      <trkpt lat="50.79855" lon="3.52904">
        <ele>14.0</ele>
      </trkpt>
      <trkpt lat="50.79488" lon="3.51951">
        <ele>15.0</ele>
      </trkpt>
      <trkpt lat="50.79314" lon="3.51021">
        <ele>11.0</ele>
      </trkpt>
      <trkpt lat="50.79226" lon="3.50736">
        <ele>11.0</ele>
      </trkpt>
      <trkpt lat="50.79232" lon="3.50661">
        <ele>11.0</ele>
      </trkpt>
      <trkpt lat="50.79211" lon="3.50657">
        <ele>11.0</ele>
      </trkpt>
      <trkpt lat="50.79071" lon="3.50832">
        <ele>12.0</ele>
      </trkpt>
      <trkpt lat="50.79068" lon="3.50926">
        <ele>13.0</ele>
      </trkpt>
      <trkpt lat="50.78833" lon="3.51123">
        <ele>14.0</ele>
      </trkpt>
      <trkpt lat="50.79117" lon="3.5182">
        <ele>13.0</ele>
      </trkpt>
      <trkpt lat="50.79098" lon="3.51857">
        <ele>14.0</ele>
      </trkpt>
      <trkpt lat="50.79086" lon="3.52072">
        <ele>14.0</ele>
      </trkpt>
      <trkpt lat="50.79028" lon="3.52463">
        <ele>13.0</ele>
      </trkpt>
      <trkpt lat="50.78977" lon="3.52427">
        <ele>12.0</ele>
      </trkpt>
      <trkpt lat="50.78901" lon="3.52417">
        <ele>12.0</ele>
      </trkpt>
      <trkpt lat="50.78721" lon="3.52482">
        <ele>12.0</ele>
      </trkpt>
      <trkpt lat="50.78654" lon="3.52413">
        <ele>11.0</ele>
      </trkpt>
      <trkpt lat="50.78546" lon="3.52499">
        <ele>12.0</ele>
      </trkpt>
      <trkpt lat="50.78434" lon="3.52521">
        <ele>17.0</ele>
      </trkpt>
      <trkpt lat="50.78377" lon="3.52511">
        <ele>20.0</ele>
      </trkpt>
      <trkpt lat="50.78255" lon="3.52627">
        <ele>30.0</ele>
      </trkpt>
      <trkpt lat="50.78097" lon="3.52571">
        <ele>38.0</ele>
      </trkpt>
      <trkpt lat="50.78001" lon="3.52581">
        <ele>50.0</ele>
      </trkpt>
      <trkpt lat="50.77914" lon="3.52563">
        <ele>59.0</ele>
      </trkpt>
      <trkpt lat="50.77868" lon="3.52531">
        <ele>65.0</ele>
      </trkpt>
      <trkpt lat="50.77803" lon="3.52515">
        <ele>71.0</ele>
      </trkpt>
      <trkpt lat="50.77701" lon="3.52532">
        <ele>78.0</ele>
      </trkpt>
      <trkpt lat="50.77528" lon="3.52606">
        <ele>82.0</ele>
      </trkpt>
      <trkpt lat="50.77369" lon="3.52748">
        <ele>83.0</ele>
      </trkpt>
      <trkpt lat="50.77276" lon="3.52778">
        <ele>84.0</ele>
      </trkpt>
      <trkpt lat="50.77157" lon="3.52852">
        <ele>90.0</ele>
      </trkpt>
      <trkpt lat="50.77035" lon="3.52974">
        <ele>98.0</ele>
      </trkpt>
      <trkpt lat="50.7701" lon="3.5298">
        <ele>100.0</ele>
      </trkpt>
      <trkpt lat="50.76917" lon="3.53092">
        <ele>103.0</ele>
      </trkpt>
      <trkpt lat="50.76841" lon="3.53046">
        <ele>103.0</ele>
      </trkpt>
      <trkpt lat="50.7689" lon="3.52964">
        <ele>105.0</ele>
      </trkpt>
      <trkpt lat="50.76873" lon="3.52952">
        <ele>107.0</ele>
      </trkpt>
      <trkpt lat="50.76597" lon="3.5309">
        <ele>108.0</ele>
      </trkpt>
      <trkpt lat="50.76576" lon="3.53114">
        <ele>110.0</ele>
      </trkpt>
      <trkpt lat="50.76528" lon="3.53213">
        <ele>114.0</ele>
      </trkpt>
      <trkpt lat="50.76485" lon="3.53346">
        <ele>116.0</ele>
      </trkpt>
      <trkpt lat="50.76454" lon="3.53785">
        <ele>125.0</ele>
      </trkpt>
      <trkpt lat="50.76471" lon="3.53965">
        <ele>125.0</ele>
      </trkpt>
      <trkpt lat="50.76565" lon="3.54396">
        <ele>116.0</ele>
      </trkpt>
      <trkpt lat="50.76587" lon="3.54436">
        <ele>114.0</ele>
      </trkpt>
      <trkpt lat="50.76331" lon="3.55651">
        <ele>117.0</ele>
      </trkpt>
      <trkpt lat="50.76296" lon="3.55755">
        <ele>117.0</ele>
      </trkpt>
      <trkpt lat="50.7632" lon="3.55795">
        <ele>116.0</ele>
      </trkpt>
      <trkpt lat="50.76324" lon="3.55846">
        <ele>116.0</ele>
      </trkpt>
      <trkpt lat="50.7626" lon="3.56516">
        <ele>124.0</ele>
      </trkpt>
      <trkpt lat="50.76141" lon="3.56699">
        <ele>130.0</ele>
      </trkpt>
      <trkpt lat="50.76105" lon="3.5695">
        <ele>145.0</ele>
      </trkpt>
      <trkpt lat="50.75938" lon="3.5733">
        <ele>158.0</ele>
      </trkpt>
      <trkpt lat="50.75921" lon="3.57422">
        <ele>159.0</ele>
      </trkpt>
      <trkpt lat="50.75938" lon="3.57519">
        <ele>155.0</ele>
      </trkpt>
      <trkpt lat="50.7598" lon="3.57649">
        <ele>146.0</ele>
      </trkpt>
      <trkpt lat="50.76136" lon="3.5776">
        <ele>125.0</ele>
      </trkpt>
      <trkpt lat="50.76352" lon="3.58196">
        <ele>115.0</ele>
      </trkpt>
      <trkpt lat="50.76464" lon="3.58482">
        <ele>116.0</ele>
      </trkpt>
      <trkpt lat="50.76484" lon="3.58626">
        <ele>119.0</ele>
      </trkpt>
      <trkpt lat="50.76477" lon="3.58706">
        <ele>120.0</ele>
      </trkpt>
      <trkpt lat="50.76693" lon="3.58892">
        <ele>120.0</ele>
      </trkpt>
      <trkpt lat="50.76944" lon="3.59043">
        <ele>111.0</ele>
      </trkpt>
      <trkpt lat="50.77108" lon="3.59044">
        <ele>108.0</ele>
      </trkpt>
      <trkpt lat="50.77488" lon="3.58952">
        <ele>101.0</ele>
      </trkpt>
      <trkpt lat="50.77859" lon="3.59026">
        <ele>89.0</ele>
      </trkpt>
      <trkpt lat="50.78257" lon="3.58974">
        <ele>90.0</ele>
      </trkpt>
      <trkpt lat="50.79628" lon="3.59134">
        <ele>89.0</ele>
      </trkpt>
      <trkpt lat="50.79875" lon="3.59184">
        <ele>82.0</ele>
      </trkpt>
      <trkpt lat="50.80017" lon="3.59241">
        <ele>76.0</ele>
      </trkpt>
      <trkpt lat="50.80146" lon="3.59331">
        <ele>71.0</ele>
      </trkpt>
      <trkpt lat="50.81047" lon="3.60131">
        <ele>47.0</ele>
      </trkpt>
      <trkpt lat="50.81206" lon="3.6026">
        <ele>48.0</ele>
      </trkpt>
      <trkpt lat="50.81295" lon="3.60312">
        <ele>48.0</ele>
      </trkpt>
      <trkpt lat="50.81427" lon="3.6036">
        <ele>45.0</ele>
      </trkpt>
      <trkpt lat="50.81565" lon="3.60379">
        <ele>40.0</ele>
      </trkpt>
      <trkpt lat="50.82334" lon="3.60389">
        <ele>16.0</ele>
      </trkpt>
      <trkpt lat="50.82334" lon="3.60452">
        <ele>14.0</ele>
      </trkpt>
      <trkpt lat="50.82279" lon="3.60684">
        <ele>14.0</ele>
      </trkpt>
      <trkpt lat="50.8222" lon="3.60833">
        <ele>14.0</ele>
      </trkpt>
      <trkpt lat="50.82107" lon="3.61249">
        <ele>17.0</ele>
      </trkpt>
      <trkpt lat="50.82115" lon="3.61418">
        <ele>17.0</ele>
      </trkpt>
      <trkpt lat="50.82102" lon="3.61476">
        <ele>18.0</ele>
      </trkpt>
      <trkpt lat="50.82027" lon="3.61618">
        <ele>19.0</ele>
      </trkpt>
      <trkpt lat="50.81752" lon="3.61927">
        <ele>22.0</ele>
      </trkpt>
      <trkpt lat="50.81721" lon="3.61988">
        <ele>21.0</ele>
      </trkpt>
      <trkpt lat="50.81691" lon="3.62107">
        <ele>21.0</ele>
      </trkpt>
      <trkpt lat="50.81689" lon="3.62337">
        <ele>21.0</ele>
      </trkpt>
      <trkpt lat="50.81584" lon="3.6273">
        <ele>21.0</ele>
      </trkpt>
      <trkpt lat="50.81596" lon="3.62797">
        <ele>21.0</ele>
      </trkpt>
      <trkpt lat="50.8165" lon="3.62864">
        <ele>21.0</ele>
      </trkpt>
      <trkpt lat="50.81673" lon="3.62976">
        <ele>20.0</ele>
      </trkpt>
      <trkpt lat="50.81643" lon="3.63119">
        <ele>19.0</ele>
      </trkpt>
      <trkpt lat="50.8163" lon="3.63285">
        <ele>19.0</ele>
      </trkpt>
      <trkpt lat="50.81718" lon="3.63427">
        <ele>19.0</ele>
      </trkpt>
      <trkpt lat="50.81746" lon="3.63597">
        <ele>19.0</ele>
      </trkpt>
      <trkpt lat="50.81778" lon="3.63682">
        <ele>19.0</ele>
      </trkpt>
      <trkpt lat="50.81786" lon="3.63962">
        <ele>20.0</ele>
      </trkpt>
      <trkpt lat="50.81838" lon="3.63962">
        <ele>21.0</ele>
      </trkpt>
      <trkpt lat="50.81876" lon="3.64031">
        <ele>21.0</ele>
      </trkpt>
      <trkpt lat="50.81946" lon="3.64065">
        <ele>20.0</ele>
      </trkpt>
      <trkpt lat="50.82035" lon="3.64079">
        <ele>23.0</ele>
      </trkpt>
      <trkpt lat="50.82265" lon="3.64074">
        <ele>44.0</ele>
      </trkpt>
      <trkpt lat="50.82368" lon="3.64019">
        <ele>56.0</ele>
      </trkpt>
      <trkpt lat="50.82417" lon="3.63913">
        <ele>64.0</ele>
      </trkpt>
      <trkpt lat="50.82492" lon="3.63822">
        <ele>69.0</ele>
      </trkpt>
      <trkpt lat="50.82758" lon="3.63678">
        <ele>80.0</ele>
      </trkpt>
      <trkpt lat="50.82862" lon="3.63487">
        <ele>81.0</ele>
      </trkpt>
      <trkpt lat="50.82889" lon="3.63857">
        <ele>83.0</ele>
      </trkpt>
      <trkpt lat="50.8295" lon="3.64374">
        <ele>83.0</ele>
      </trkpt>
      <trkpt lat="50.83062" lon="3.64556">
        <ele>87.0</ele>
      </trkpt>
      <trkpt lat="50.83078" lon="3.64604">
        <ele>88.0</ele>
      </trkpt>
      <trkpt lat="50.83078" lon="3.65014">
        <ele>92.0</ele>
      </trkpt>
      <trkpt lat="50.83118" lon="3.65425">
        <ele>89.0</ele>
      </trkpt>
      <trkpt lat="50.83663" lon="3.65047">
        <ele>80.0</ele>
      </trkpt>
      <trkpt lat="50.83778" lon="3.64723">
        <ele>76.0</ele>
      </trkpt>
      <trkpt lat="50.8385" lon="3.64386">
        <ele>70.0</ele>
      </trkpt>
      <trkpt lat="50.8394" lon="3.64266">
        <ele>62.0</ele>
      </trkpt>
      <trkpt lat="50.83966" lon="3.6402">
        <ele>53.0</ele>
      </trkpt>
      <trkpt lat="50.84012" lon="3.63824">
        <ele>40.0</ele>
      </trkpt>
      <trkpt lat="50.8407" lon="3.6368">
        <ele>33.0</ele>
      </trkpt>
      <trkpt lat="50.84101" lon="3.63517">
        <ele>31.0</ele>
      </trkpt>
      <trkpt lat="50.84168" lon="3.63676">
        <ele>30.0</ele>
      </trkpt>
      <trkpt lat="50.84192" lon="3.63779">
        <ele>30.0</ele>
      </trkpt>
      <trkpt lat="50.84219" lon="3.63969">
        <ele>43.0</ele>
      </trkpt>
      <trkpt lat="50.84315" lon="3.64407">
        <ele>63.0</ele>
      </trkpt>
      <trkpt lat="50.84336" lon="3.64591">
        <ele>67.0</ele>
      </trkpt>
      <trkpt lat="50.84399" lon="3.64518">
        <ele>70.0</ele>
      </trkpt>
      <trkpt lat="50.84542" lon="3.6427">
        <ele>66.0</ele>
      </trkpt>
      <trkpt lat="50.84557" lon="3.6427">
        <ele>66.0</ele>
      </trkpt>
      <trkpt lat="50.8463" lon="3.64351">
        <ele>65.0</ele>
      </trkpt>
      <trkpt lat="50.84655" lon="3.64353">
        <ele>65.0</ele>
      </trkpt>
      <trkpt lat="50.84718" lon="3.64226">
        <ele>65.0</ele>
      </trkpt>
      <trkpt lat="50.84755" lon="3.64218">
        <ele>65.0</ele>
      </trkpt>
      <trkpt lat="50.84836" lon="3.64278">
        <ele>64.0</ele>
      </trkpt>
      <trkpt lat="50.84835" lon="3.64318">
        <ele>63.0</ele>
      </trkpt>
      <trkpt lat="50.84848" lon="3.64347">
        <ele>63.0</ele>
      </trkpt>
      <trkpt lat="50.849" lon="3.6438">
        <ele>62.0</ele>
      </trkpt>
      <trkpt lat="50.85045" lon="3.64529">
        <ele>59.0</ele>
      </trkpt>
      <trkpt lat="50.85266" lon="3.64847">
        <ele>62.0</ele>
      </trkpt>
      <trkpt lat="50.85326" lon="3.64996">
        <ele>62.0</ele>
      </trkpt>
      <trkpt lat="50.8539" lon="3.65091">
        <ele>62.0</ele>
      </trkpt>
      <trkpt lat="50.85529" lon="3.65227">
        <ele>60.0</ele>
      </trkpt>
      <trkpt lat="50.85639" lon="3.65264">
        <ele>58.0</ele>
      </trkpt>
      <trkpt lat="50.85571" lon="3.6545">
        <ele>55.0</ele>
      </trkpt>
      <trkpt lat="50.85503" lon="3.65491">
        <ele>55.0</ele>
      </trkpt>
      <trkpt lat="50.85478" lon="3.65525">
        <ele>55.0</ele>
      </trkpt>
      <trkpt lat="50.85518" lon="3.65671">
        <ele>54.0</ele>
      </trkpt>
      <trkpt lat="50.85565" lon="3.65777">
        <ele>52.0</ele>
      </trkpt>
      <trkpt lat="50.8564" lon="3.66152">
        <ele>47.0</ele>
      </trkpt>
      <trkpt lat="50.85607" lon="3.66252">
        <ele>40.0</ele>
      </trkpt>
      <trkpt lat="50.85616" lon="3.66333">
        <ele>37.0</ele>
      </trkpt>
      <trkpt lat="50.85605" lon="3.6641">
        <ele>36.0</ele>
      </trkpt>
      <trkpt lat="50.8567" lon="3.66532">
        <ele>33.0</ele>
      </trkpt>
      <trkpt lat="50.85472" lon="3.66931">
        <ele>26.0</ele>
      </trkpt>
      <trkpt lat="50.85418" lon="3.67013">
        <ele>26.0</ele>
      </trkpt>
      <trkpt lat="50.85417" lon="3.67095">
        <ele>26.0</ele>
      </trkpt>
      <trkpt lat="50.85386" lon="3.67182">
        <ele>27.0</ele>
      </trkpt>
      <trkpt lat="50.85315" lon="3.67165">
        <ele>29.0</ele>
      </trkpt>
      <trkpt lat="50.85045" lon="3.66962">
        <ele>37.0</ele>
      </trkpt>
      <trkpt lat="50.84886" lon="3.66892">
        <ele>46.0</ele>
      </trkpt>
      <trkpt lat="50.84611" lon="3.66672">
        <ele>57.0</ele>
      </trkpt>
      <trkpt lat="50.8443" lon="3.66469">
        <ele>64.0</ele>
      </trkpt>
      <trkpt lat="50.8435" lon="3.66399">
        <ele>66.0</ele>
      </trkpt>
      <trkpt lat="50.84243" lon="3.66353">
        <ele>68.0</ele>
      </trkpt>
      <trkpt lat="50.84085" lon="3.6661">
        <ele>59.0</ele>
      </trkpt>
      <trkpt lat="50.84041" lon="3.66758">
        <ele>63.0</ele>
      </trkpt>
      <trkpt lat="50.83923" lon="3.66789">
        <ele>74.0</ele>
      </trkpt>
      <trkpt lat="50.83866" lon="3.66888">
        <ele>76.0</ele>
      </trkpt>
      <trkpt lat="50.83747" lon="3.66966">
        <ele>77.0</ele>
      </trkpt>
      <trkpt lat="50.83643" lon="3.67077">
        <ele>79.0</ele>
      </trkpt>
      <trkpt lat="50.83503" lon="3.67301">
        <ele>79.0</ele>
      </trkpt>
      <trkpt lat="50.83518" lon="3.67342">
        <ele>78.0</ele>
      </trkpt>
      <trkpt lat="50.83679" lon="3.67481">
        <ele>75.0</ele>
      </trkpt>
      <trkpt lat="50.83768" lon="3.67519">
        <ele>73.0</ele>
      </trkpt>
      <trkpt lat="50.83786" lon="3.67564">
        <ele>73.0</ele>
      </trkpt>
      <trkpt lat="50.83785" lon="3.6766">
        <ele>74.0</ele>
      </trkpt>
      <trkpt lat="50.83806" lon="3.67702">
        <ele>75.0</ele>
      </trkpt>
      <trkpt lat="50.83888" lon="3.67753">
        <ele>75.0</ele>
      </trkpt>
      <trkpt lat="50.84055" lon="3.67918">
        <ele>75.0</ele>
      </trkpt>
      <trkpt lat="50.84159" lon="3.67961">
        <ele>75.0</ele>
      </trkpt>
      <trkpt lat="50.84439" lon="3.67971">
        <ele>77.0</ele>
      </trkpt>
      <trkpt lat="50.84546" lon="3.68051">
        <ele>77.0</ele>
      </trkpt>
      <trkpt lat="50.84593" lon="3.67993">
        <ele>75.0</ele>
      </trkpt>
      <trkpt lat="50.8476" lon="3.67965">
        <ele>71.0</ele>
      </trkpt>
      <trkpt lat="50.8497" lon="3.67857">
        <ele>64.0</ele>
      </trkpt>
      <trkpt lat="50.85008" lon="3.67866">
        <ele>62.0</ele>
      </trkpt>
      <trkpt lat="50.85083" lon="3.67838">
        <ele>60.0</ele>
      </trkpt>
      <trkpt lat="50.85239" lon="3.67823">
        <ele>58.0</ele>
      </trkpt>
      <trkpt lat="50.85428" lon="3.6768">
        <ele>55.0</ele>
      </trkpt>
      <trkpt lat="50.85484" lon="3.677">
        <ele>55.0</ele>
      </trkpt>
      <trkpt lat="50.85589" lon="3.6783">
        <ele>53.0</ele>
      </trkpt>
      <trkpt lat="50.85771" lon="3.67755">
        <ele>48.0</ele>
      </trkpt>
      <trkpt lat="50.86094" lon="3.67857">
        <ele>47.0</ele>
      </trkpt>
      <trkpt lat="50.86122" lon="3.67857">
        <ele>47.0</ele>
      </trkpt>
      <trkpt lat="50.86142" lon="3.6783">
        <ele>46.0</ele>
      </trkpt>
      <trkpt lat="50.86301" lon="3.67932">
        <ele>44.0</ele>
      </trkpt>
      <trkpt lat="50.86318" lon="3.68074">
        <ele>41.0</ele>
      </trkpt>
      <trkpt lat="50.86697" lon="3.68527">
        <ele>26.0</ele>
      </trkpt>
      <trkpt lat="50.8677" lon="3.68646">
        <ele>20.0</ele>
      </trkpt>
      <trkpt lat="50.86755" lon="3.68909">
        <ele>17.0</ele>
      </trkpt>
      <trkpt lat="50.86776" lon="3.69355">
        <ele>17.0</ele>
      </trkpt>
      <trkpt lat="50.86689" lon="3.69335">
        <ele>17.0</ele>
      </trkpt>
      <trkpt lat="50.8624" lon="3.69468">
        <ele>19.0</ele>
      </trkpt>
      <trkpt lat="50.86035" lon="3.69661">
        <ele>20.0</ele>
      </trkpt>
      <trkpt lat="50.85853" lon="3.69881">
        <ele>21.0</ele>
      </trkpt>
      <trkpt lat="50.85798" lon="3.69988">
        <ele>24.0</ele>
      </trkpt>
      <trkpt lat="50.85833" lon="3.70022">
        <ele>27.0</ele>
      </trkpt>
      <trkpt lat="50.85874" lon="3.70032">
        <ele>29.0</ele>
      </trkpt>
      <trkpt lat="50.85911" lon="3.7018">
        <ele>37.0</ele>
      </trkpt>
      <trkpt lat="50.85951" lon="3.70261">
        <ele>44.0</ele>
      </trkpt>
      <trkpt lat="50.86008" lon="3.70306">
        <ele>49.0</ele>
      </trkpt>
      <trkpt lat="50.86075" lon="3.70433">
        <ele>54.0</ele>
      </trkpt>
      <trkpt lat="50.86051" lon="3.70639">
        <ele>59.0</ele>
      </trkpt>
      <trkpt lat="50.85998" lon="3.70824">
        <ele>61.0</ele>
      </trkpt>
      <trkpt lat="50.85992" lon="3.71069">
        <ele>64.0</ele>
      </trkpt>
      <trkpt lat="50.8593" lon="3.71399">
        <ele>68.0</ele>
      </trkpt>
      <trkpt lat="50.85755" lon="3.71547">
        <ele>67.0</ele>
      </trkpt>
      <trkpt lat="50.85491" lon="3.71871">
        <ele>68.0</ele>
      </trkpt>
      <trkpt lat="50.85449" lon="3.71879">
        <ele>67.0</ele>
      </trkpt>
      <trkpt lat="50.8526" lon="3.71831">
        <ele>61.0</ele>
      </trkpt>
      <trkpt lat="50.85022" lon="3.72064">
        <ele>48.0</ele>
      </trkpt>
      <trkpt lat="50.84965" lon="3.72089">
        <ele>42.0</ele>
      </trkpt>
      <trkpt lat="50.84788" lon="3.72093">
        <ele>45.0</ele>
      </trkpt>
      <trkpt lat="50.84604" lon="3.72024">
        <ele>49.0</ele>
      </trkpt>
      <trkpt lat="50.8456" lon="3.72025">
        <ele>50.0</ele>
      </trkpt>
      <trkpt lat="50.84512" lon="3.72047">
        <ele>53.0</ele>
      </trkpt>
      <trkpt lat="50.84346" lon="3.72193">
        <ele>63.0</ele>
      </trkpt>
      <trkpt lat="50.84208" lon="3.72237">
        <ele>73.0</ele>
      </trkpt>
      <trkpt lat="50.84032" lon="3.72405">
        <ele>80.0</ele>
      </trkpt>
      <trkpt lat="50.83984" lon="3.72435">
        <ele>82.0</ele>
      </trkpt>
      <trkpt lat="50.83897" lon="3.72453">
        <ele>84.0</ele>
      </trkpt>
      <trkpt lat="50.83852" lon="3.72486">
        <ele>85.0</ele>
      </trkpt>
      <trkpt lat="50.83733" lon="3.72689">
        <ele>89.0</ele>
      </trkpt>
      <trkpt lat="50.83391" lon="3.73077">
        <ele>96.0</ele>
      </trkpt>
      <trkpt lat="50.83353" lon="3.73185">
        <ele>100.0</ele>
      </trkpt>
      <trkpt lat="50.83018" lon="3.73236">
        <ele>99.0</ele>
      </trkpt>
      <trkpt lat="50.83128" lon="3.73816">
        <ele>97.0</ele>
      </trkpt>
      <trkpt lat="50.83145" lon="3.73973">
        <ele>92.0</ele>
      </trkpt>
      <trkpt lat="50.83136" lon="3.7413">
        <ele>89.0</ele>
      </trkpt>
      <trkpt lat="50.83092" lon="3.7431">
        <ele>87.0</ele>
      </trkpt>
      <trkpt lat="50.83089" lon="3.74423">
        <ele>86.0</ele>
      </trkpt>
      <trkpt lat="50.83225" lon="3.75058">
        <ele>72.0</ele>
      </trkpt>
      <trkpt lat="50.83283" lon="3.75248">
        <ele>62.0</ele>
      </trkpt>
      <trkpt lat="50.83297" lon="3.75512">
        <ele>55.0</ele>
      </trkpt>
      <trkpt lat="50.83346" lon="3.75826">
        <ele>45.0</ele>
      </trkpt>
      <trkpt lat="50.83371" lon="3.76195">
        <ele>37.0</ele>
      </trkpt>
      <trkpt lat="50.83346" lon="3.7633">
        <ele>32.0</ele>
      </trkpt>
      <trkpt lat="50.83364" lon="3.76507">
        <ele>30.0</ele>
      </trkpt>
      <trkpt lat="50.83394" lon="3.76612">
        <ele>29.0</ele>
      </trkpt>
      <trkpt lat="50.83378" lon="3.76927">
        <ele>29.0</ele>
      </trkpt>
      <trkpt lat="50.83411" lon="3.77134">
        <ele>35.0</ele>
      </trkpt>
      <trkpt lat="50.83378" lon="3.77371">
        <ele>43.0</ele>
      </trkpt>
      <trkpt lat="50.83314" lon="3.77725">
        <ele>66.0</ele>
      </trkpt>
      <trkpt lat="50.83248" lon="3.77915">
        <ele>83.0</ele>
      </trkpt>
      <trkpt lat="50.83232" lon="3.78037">
        <ele>89.0</ele>
      </trkpt>
      <trkpt lat="50.83135" lon="3.78328">
        <ele>90.0</ele>
      </trkpt>
      <trkpt lat="50.83113" lon="3.7844">
        <ele>88.0</ele>
      </trkpt>
      <trkpt lat="50.83149" lon="3.78667">
        <ele>88.0</ele>
      </trkpt>
      <trkpt lat="50.83188" lon="3.78756">
        <ele>89.0</ele>
      </trkpt>
      <trkpt lat="50.83238" lon="3.78946">
        <ele>90.0</ele>
      </trkpt>
      <trkpt lat="50.83282" lon="3.79043">
        <ele>91.0</ele>
      </trkpt>
      <trkpt lat="50.83306" lon="3.79144">
        <ele>92.0</ele>
      </trkpt>
      <trkpt lat="50.83315" lon="3.79258">
        <ele>93.0</ele>
      </trkpt>
      <trkpt lat="50.83385" lon="3.7947">
        <ele>94.0</ele>
      </trkpt>
      <trkpt lat="50.83247" lon="3.7982">
        <ele>94.0</ele>
      </trkpt>
      <trkpt lat="50.83281" lon="3.79896">
        <ele>94.0</ele>
      </trkpt>
      <trkpt lat="50.83199" lon="3.80011">
        <ele>93.0</ele>
      </trkpt>
      <trkpt lat="50.83076" lon="3.8026">
        <ele>91.0</ele>
      </trkpt>
      <trkpt lat="50.82958" lon="3.8043">
        <ele>89.0</ele>
      </trkpt>
      <trkpt lat="50.82891" lon="3.80491">
        <ele>90.0</ele>
      </trkpt>
      <trkpt lat="50.82797" lon="3.80542">
        <ele>91.0</ele>
      </trkpt>
      <trkpt lat="50.82745" lon="3.80501">
        <ele>91.0</ele>
      </trkpt>
      <trkpt lat="50.82688" lon="3.80348">
        <ele>91.0</ele>
      </trkpt>
      <trkpt lat="50.82536" lon="3.80238">
        <ele>91.0</ele>
      </trkpt>
      <trkpt lat="50.82415" lon="3.80277">
        <ele>91.0</ele>
      </trkpt>
      <trkpt lat="50.82251" lon="3.80285">
        <ele>89.0</ele>
      </trkpt>
      <trkpt lat="50.82149" lon="3.80219">
        <ele>84.0</ele>
      </trkpt>
      <trkpt lat="50.81883" lon="3.80098">
        <ele>80.0</ele>
      </trkpt>
      <trkpt lat="50.81661" lon="3.80021">
        <ele>80.0</ele>
      </trkpt>
      <trkpt lat="50.81325" lon="3.798">
        <ele>71.0</ele>
      </trkpt>
      <trkpt lat="50.81222" lon="3.79755">
        <ele>64.0</ele>
      </trkpt>
      <trkpt lat="50.81166" lon="3.79751">
        <ele>59.0</ele>
      </trkpt>
      <trkpt lat="50.81077" lon="3.79785">
        <ele>57.0</ele>
      </trkpt>
      <trkpt lat="50.80729" lon="3.77927">
        <ele>47.0</ele>
      </trkpt>
      <trkpt lat="50.80636" lon="3.77342">
        <ele>39.0</ele>
      </trkpt>
      <trkpt lat="50.80607" lon="3.77272">
        <ele>37.0</ele>
      </trkpt>
      <trkpt lat="50.80619" lon="3.77224">
        <ele>37.0</ele>
      </trkpt>
      <trkpt lat="50.80558" lon="3.76853">
        <ele>37.0</ele>
      </trkpt>
      <trkpt lat="50.8044" lon="3.76663">
        <ele>40.0</ele>
      </trkpt>
      <trkpt lat="50.80324" lon="3.76437">
        <ele>42.0</ele>
      </trkpt>
      <trkpt lat="50.80277" lon="3.7638">
        <ele>41.0</ele>
      </trkpt>
      <trkpt lat="50.80371" lon="3.76256">
        <ele>38.0</ele>
      </trkpt>
      <trkpt lat="50.80441" lon="3.76239">
        <ele>37.0</ele>
      </trkpt>
      <trkpt lat="50.80484" lon="3.76195">
        <ele>36.0</ele>
      </trkpt>
      <trkpt lat="50.80575" lon="3.76175">
        <ele>37.0</ele>
      </trkpt>
      <trkpt lat="50.80659" lon="3.76111">
        <ele>39.0</ele>
      </trkpt>
      <trkpt lat="50.8076" lon="3.76116">
        <ele>41.0</ele>
      </trkpt>
      <trkpt lat="50.80829" lon="3.76087">
        <ele>43.0</ele>
      </trkpt>
      <trkpt lat="50.81186" lon="3.75874">
        <ele>51.0</ele>
      </trkpt>
      <trkpt lat="50.81222" lon="3.75831">
        <ele>54.0</ele>
      </trkpt>
      <trkpt lat="50.81317" lon="3.75633">
        <ele>62.0</ele>
      </trkpt>
      <trkpt lat="50.81363" lon="3.75579">
        <ele>71.0</ele>
      </trkpt>
      <trkpt lat="50.81406" lon="3.75475">
        <ele>79.0</ele>
      </trkpt>
      <trkpt lat="50.81523" lon="3.75359">
        <ele>87.0</ele>
      </trkpt>
      <trkpt lat="50.81558" lon="3.75261">
        <ele>90.0</ele>
      </trkpt>
      <trkpt lat="50.81708" lon="3.75136">
        <ele>93.0</ele>
      </trkpt>
      <trkpt lat="50.81649" lon="3.7507">
        <ele>95.0</ele>
      </trkpt>
      <trkpt lat="50.81502" lon="3.74719">
        <ele>97.0</ele>
      </trkpt>
      <trkpt lat="50.81421" lon="3.74598">
        <ele>97.0</ele>
      </trkpt>
      <trkpt lat="50.81296" lon="3.74238">
        <ele>99.0</ele>
      </trkpt>
      <trkpt lat="50.81222" lon="3.74087">
        <ele>99.0</ele>
      </trkpt>
      <trkpt lat="50.81193" lon="3.73981">
        <ele>99.0</ele>
      </trkpt>
      <trkpt lat="50.81249" lon="3.73687">
        <ele>100.0</ele>
      </trkpt>
      <trkpt lat="50.81308" lon="3.73641">
        <ele>101.0</ele>
      </trkpt>
      <trkpt lat="50.81327" lon="3.73577">
        <ele>102.0</ele>
      </trkpt>
      <trkpt lat="50.81306" lon="3.73552">
        <ele>102.0</ele>
      </trkpt>
      <trkpt lat="50.81303" lon="3.73525">
        <ele>102.0</ele>
      </trkpt>
      <trkpt lat="50.81343" lon="3.73437">
        <ele>103.0</ele>
      </trkpt>
      <trkpt lat="50.81425" lon="3.7318">
        <ele>101.0</ele>
      </trkpt>
      <trkpt lat="50.81533" lon="3.72901">
        <ele>98.0</ele>
      </trkpt>
      <trkpt lat="50.81633" lon="3.72765">
        <ele>93.0</ele>
      </trkpt>
      <trkpt lat="50.8171" lon="3.72611">
        <ele>88.0</ele>
      </trkpt>
      <trkpt lat="50.81773" lon="3.724">
        <ele>80.0</ele>
      </trkpt>
      <trkpt lat="50.81841" lon="3.7166">
        <ele>68.0</ele>
      </trkpt>
      <trkpt lat="50.81949" lon="3.7125">
        <ele>73.0</ele>
      </trkpt>
      <trkpt lat="50.81968" lon="3.71131">
        <ele>76.0</ele>
      </trkpt>
      <trkpt lat="50.81979" lon="3.70867">
        <ele>85.0</ele>
      </trkpt>
      <trkpt lat="50.81952" lon="3.7062">
        <ele>93.0</ele>
      </trkpt>
      <trkpt lat="50.81948" lon="3.70478">
        <ele>96.0</ele>
      </trkpt>
      <trkpt lat="50.82017" lon="3.69901">
        <ele>97.0</ele>
      </trkpt>
      <trkpt lat="50.82049" lon="3.6976">
        <ele>97.0</ele>
      </trkpt>
      <trkpt lat="50.82068" lon="3.69596">
        <ele>98.0</ele>
      </trkpt>
      <trkpt lat="50.82165" lon="3.69357">
        <ele>95.0</ele>
      </trkpt>
      <trkpt lat="50.82279" lon="3.69211">
        <ele>94.0</ele>
      </trkpt>
      <trkpt lat="50.82319" lon="3.69137">
        <ele>95.0</ele>
      </trkpt>
      <trkpt lat="50.82466" lon="3.68793">
        <ele>101.0</ele>
      </trkpt>
      <trkpt lat="50.82587" lon="3.68628">
        <ele>100.0</ele>
      </trkpt>
      <trkpt lat="50.82497" lon="3.68539">
        <ele>98.0</ele>
      </trkpt>
      <trkpt lat="50.82375" lon="3.68594">
        <ele>96.0</ele>
      </trkpt>
      <trkpt lat="50.82219" lon="3.68599">
        <ele>90.0</ele>
      </trkpt>
      <trkpt lat="50.82135" lon="3.68565">
        <ele>86.0</ele>
      </trkpt>
      <trkpt lat="50.82077" lon="3.68475">
        <ele>80.0</ele>
      </trkpt>
      <trkpt lat="50.81949" lon="3.68343">
        <ele>75.0</ele>
      </trkpt>
      <trkpt lat="50.81804" lon="3.68158">
        <ele>64.0</ele>
      </trkpt>
      <trkpt lat="50.81699" lon="3.68152">
        <ele>58.0</ele>
      </trkpt>
      <trkpt lat="50.81573" lon="3.68098">
        <ele>50.0</ele>
      </trkpt>
      <trkpt lat="50.81444" lon="3.68104">
        <ele>37.0</ele>
      </trkpt>
      <trkpt lat="50.81394" lon="3.68083">
        <ele>35.0</ele>
      </trkpt>
      <trkpt lat="50.81305" lon="3.67985">
        <ele>31.0</ele>
      </trkpt>
      <trkpt lat="50.81252" lon="3.68018">
        <ele>30.0</ele>
      </trkpt>
      <trkpt lat="50.81152" lon="3.68187">
        <ele>30.0</ele>
      </trkpt>
      <trkpt lat="50.81121" lon="3.68207">
        <ele>30.0</ele>
      </trkpt>
      <trkpt lat="50.81079" lon="3.68174">
        <ele>31.0</ele>
      </trkpt>
      <trkpt lat="50.80914" lon="3.67938">
        <ele>37.0</ele>
      </trkpt>
      <trkpt lat="50.80894" lon="3.67943">
        <ele>37.0</ele>
      </trkpt>
      <trkpt lat="50.80827" lon="3.68039">
        <ele>38.0</ele>
      </trkpt>
      <trkpt lat="50.80774" lon="3.68026">
        <ele>39.0</ele>
      </trkpt>
      <trkpt lat="50.80721" lon="3.67974">
        <ele>40.0</ele>
      </trkpt>
      <trkpt lat="50.80683" lon="3.67909">
        <ele>41.0</ele>
      </trkpt>
      <trkpt lat="50.80617" lon="3.67866">
        <ele>42.0</ele>
      </trkpt>
      <trkpt lat="50.80535" lon="3.67767">
        <ele>43.0</ele>
      </trkpt>
      <trkpt lat="50.80457" lon="3.67706">
        <ele>44.0</ele>
      </trkpt>
      <trkpt lat="50.80158" lon="3.67556">
        <ele>42.0</ele>
      </trkpt>
      <trkpt lat="50.79882" lon="3.6748">
        <ele>45.0</ele>
      </trkpt>
      <trkpt lat="50.79778" lon="3.67429">
        <ele>46.0</ele>
      </trkpt>
      <trkpt lat="50.79781" lon="3.67411">
        <ele>46.0</ele>
      </trkpt>
      <trkpt lat="50.79736" lon="3.6732">
        <ele>44.0</ele>
      </trkpt>
      <trkpt lat="50.79634" lon="3.67191">
        <ele>39.0</ele>
      </trkpt>
      <trkpt lat="50.79626" lon="3.67126">
        <ele>37.0</ele>
      </trkpt>
      <trkpt lat="50.79633" lon="3.66978">
        <ele>33.0</ele>
      </trkpt>
      <trkpt lat="50.79616" lon="3.66935">
        <ele>32.0</ele>
      </trkpt>
      <trkpt lat="50.79562" lon="3.66884">
        <ele>33.0</ele>
      </trkpt>
      <trkpt lat="50.79589" lon="3.66697">
        <ele>34.0</ele>
      </trkpt>
      <trkpt lat="50.79491" lon="3.66587">
        <ele>36.0</ele>
      </trkpt>
      <trkpt lat="50.79447" lon="3.66476">
        <ele>37.0</ele>
      </trkpt>
      <trkpt lat="50.79329" lon="3.66487">
        <ele>37.0</ele>
      </trkpt>
      <trkpt lat="50.79202" lon="3.66309">
        <ele>40.0</ele>
      </trkpt>
      <trkpt lat="50.79012" lon="3.65868">
        <ele>48.0</ele>
      </trkpt>
      <trkpt lat="50.78797" lon="3.65449">
        <ele>53.0</ele>
      </trkpt>
      <trkpt lat="50.7871" lon="3.65212">
        <ele>60.0</ele>
      </trkpt>
      <trkpt lat="50.78617" lon="3.65297">
        <ele>59.0</ele>
      </trkpt>
      <trkpt lat="50.78521" lon="3.65431">
        <ele>55.0</ele>
      </trkpt>
      <trkpt lat="50.78458" lon="3.65488">
        <ele>51.0</ele>
      </trkpt>
      <trkpt lat="50.78338" lon="3.65681">
        <ele>55.0</ele>
      </trkpt>
      <trkpt lat="50.78255" lon="3.6564">
        <ele>64.0</ele>
      </trkpt>
      <trkpt lat="50.78229" lon="3.65727">
        <ele>72.0</ele>
      </trkpt>
      <trkpt lat="50.78146" lon="3.65802">
        <ele>80.0</ele>
      </trkpt>
      <trkpt lat="50.77956" lon="3.65918">
        <ele>93.0</ele>
      </trkpt>
      <trkpt lat="50.77807" lon="3.66064">
        <ele>100.0</ele>
      </trkpt>
      <trkpt lat="50.77741" lon="3.66188">
        <ele>104.0</ele>
      </trkpt>
      <trkpt lat="50.77627" lon="3.66344">
        <ele>110.0</ele>
      </trkpt>
      <trkpt lat="50.77203" lon="3.66065">
        <ele>112.0</ele>
      </trkpt>
      <trkpt lat="50.77187" lon="3.65987">
        <ele>110.0</ele>
      </trkpt>
      <trkpt lat="50.77112" lon="3.64862">
        <ele>100.0</ele>
      </trkpt>
      <trkpt lat="50.77115" lon="3.64796">
        <ele>100.0</ele>
      </trkpt>
      <trkpt lat="50.77183" lon="3.64467">
        <ele>105.0</ele>
      </trkpt>
      <trkpt lat="50.77108" lon="3.64125">
        <ele>100.0</ele>
      </trkpt>
      <trkpt lat="50.77139" lon="3.63922">
        <ele>95.0</ele>
      </trkpt>
      <trkpt lat="50.77048" lon="3.6301">
        <ele>91.0</ele>
      </trkpt>
      <trkpt lat="50.76938" lon="3.62501">
        <ele>91.0</ele>
      </trkpt>
      <trkpt lat="50.7685" lon="3.62209">
        <ele>90.0</ele>
      </trkpt>
      <trkpt lat="50.76762" lon="3.62049">
        <ele>91.0</ele>
      </trkpt>
      <trkpt lat="50.7667" lon="3.61768">
        <ele>98.0</ele>
      </trkpt>
      <trkpt lat="50.76656" lon="3.61168">
        <ele>105.0</ele>
      </trkpt>
      <trkpt lat="50.76608" lon="3.60884">
        <ele>106.0</ele>
      </trkpt>
      <trkpt lat="50.76625" lon="3.60574">
        <ele>108.0</ele>
      </trkpt>
      <trkpt lat="50.76668" lon="3.60412">
        <ele>105.0</ele>
      </trkpt>
      <trkpt lat="50.76587" lon="3.60438">
        <ele>103.0</ele>
      </trkpt>
      <trkpt lat="50.76406" lon="3.60323">
        <ele>97.0</ele>
      </trkpt>
      <trkpt lat="50.7632" lon="3.60313">
        <ele>94.0</ele>
      </trkpt>
      <trkpt lat="50.76132" lon="3.60353">
        <ele>85.0</ele>
      </trkpt>
      <trkpt lat="50.75754" lon="3.60528">
        <ele>63.0</ele>
      </trkpt>
      <trkpt lat="50.75693" lon="3.60526">
        <ele>57.0</ele>
      </trkpt>
      <trkpt lat="50.75661" lon="3.60279">
        <ele>47.0</ele>
      </trkpt>
      <trkpt lat="50.7566" lon="3.60187">
        <ele>42.0</ele>
      </trkpt>
      <trkpt lat="50.75675" lon="3.60136">
        <ele>41.0</ele>
      </trkpt>
      <trkpt lat="50.75584" lon="3.59982">
        <ele>42.0</ele>
      </trkpt>
      <trkpt lat="50.75527" lon="3.59996">
        <ele>42.0</ele>
      </trkpt>
      <trkpt lat="50.75493" lon="3.5986">
        <ele>41.0</ele>
      </trkpt>
      <trkpt lat="50.75451" lon="3.59751">
        <ele>41.0</ele>
      </trkpt>
      <trkpt lat="50.75431" lon="3.59478">
        <ele>46.0</ele>
      </trkpt>
      <trkpt lat="50.75359" lon="3.59328">
        <ele>48.0</ele>
      </trkpt>
      <trkpt lat="50.7576" lon="3.5877">
        <ele>72.0</ele>
      </trkpt>
      <trkpt lat="50.75802" lon="3.58735">
        <ele>80.0</ele>
      </trkpt>
      <trkpt lat="50.75873" lon="3.58715">
        <ele>90.0</ele>
      </trkpt>
      <trkpt lat="50.76161" lon="3.58733">
        <ele>114.0</ele>
      </trkpt>
      <trkpt lat="50.76372" lon="3.5868">
        <ele>116.0</ele>
      </trkpt>
      <trkpt lat="50.76487" lon="3.58713">
        <ele>118.0</ele>
      </trkpt>
      <trkpt lat="50.76464" lon="3.58482">
        <ele>118.0</ele>
      </trkpt>
      <trkpt lat="50.76338" lon="3.58164">
        <ele>114.0</ele>
      </trkpt>
      <trkpt lat="50.76136" lon="3.5776">
        <ele>118.0</ele>
      </trkpt>
      <trkpt lat="50.7598" lon="3.57649">
        <ele>140.0</ele>
      </trkpt>
      <trkpt lat="50.75938" lon="3.57519">
        <ele>148.0</ele>
      </trkpt>
      <trkpt lat="50.75921" lon="3.57422">
        <ele>155.0</ele>
      </trkpt>
      <trkpt lat="50.75938" lon="3.5733">
        <ele>159.0</ele>
      </trkpt>
      <trkpt lat="50.76105" lon="3.5695">
        <ele>150.0</ele>
      </trkpt>
      <trkpt lat="50.76141" lon="3.56699">
        <ele>132.0</ele>
      </trkpt>
      <trkpt lat="50.7626" lon="3.56516">
        <ele>126.0</ele>
      </trkpt>
      <trkpt lat="50.76326" lon="3.55829">
        <ele>115.0</ele>
      </trkpt>
      <trkpt lat="50.76311" lon="3.55722">
        <ele>116.0</ele>
      </trkpt>
      <trkpt lat="50.76587" lon="3.54436">
        <ele>110.0</ele>
      </trkpt>
      <trkpt lat="50.76565" lon="3.54396">
        <ele>112.0</ele>
      </trkpt>
      <trkpt lat="50.76458" lon="3.53872">
        <ele>124.0</ele>
      </trkpt>
      <trkpt lat="50.76454" lon="3.53768">
        <ele>126.0</ele>
      </trkpt>
      <trkpt lat="50.76482" lon="3.53369">
        <ele>122.0</ele>
      </trkpt>
      <trkpt lat="50.76528" lon="3.53213">
        <ele>117.0</ele>
      </trkpt>
      <trkpt lat="50.76597" lon="3.5309">
        <ele>112.0</ele>
      </trkpt>
      <trkpt lat="50.76865" lon="3.52955">
        <ele>107.0</ele>
      </trkpt>
      <trkpt lat="50.7689" lon="3.52964">
        <ele>107.0</ele>
      </trkpt>
      <trkpt lat="50.77601" lon="3.52164">
        <ele>70.0</ele>
      </trkpt>
      <trkpt lat="50.78173" lon="3.51798">
        <ele>21.0</ele>
      </trkpt>
      <trkpt lat="50.78255" lon="3.51712">
        <ele>17.0</ele>
      </trkpt>
      <trkpt lat="50.7838" lon="3.5153">
        <ele>14.0</ele>
      </trkpt>
      <trkpt lat="50.78504" lon="3.51391">
        <ele>13.0</ele>
      </trkpt>
      <trkpt lat="50.78719" lon="3.51198">
        <ele>13.0</ele>
      </trkpt>
      <trkpt lat="50.78833" lon="3.51123">
        <ele>13.0</ele>
      </trkpt>
      <trkpt lat="50.79117" lon="3.5182">
        <ele>13.0</ele>
      </trkpt>
      <trkpt lat="50.79098" lon="3.51857">
        <ele>14.0</ele>
      </trkpt>
      <trkpt lat="50.79086" lon="3.52072">
        <ele>14.0</ele>
      </trkpt>
      <trkpt lat="50.79028" lon="3.52463">
        <ele>13.0</ele>
      </trkpt>
      <trkpt lat="50.78977" lon="3.52427">
        <ele>12.0</ele>
      </trkpt>
      <trkpt lat="50.78901" lon="3.52417">
        <ele>12.0</ele>
      </trkpt>
      <trkpt lat="50.78721" lon="3.52482">
        <ele>12.0</ele>
      </trkpt>
      <trkpt lat="50.78654" lon="3.52413">
        <ele>11.0</ele>
      </trkpt>
      <trkpt lat="50.78546" lon="3.52499">
        <ele>12.0</ele>
      </trkpt>
      <trkpt lat="50.78434" lon="3.52521">
        <ele>17.0</ele>
      </trkpt>
      <trkpt lat="50.78377" lon="3.52511">
        <ele>20.0</ele>
      </trkpt>
      <trkpt lat="50.78255" lon="3.52627">
        <ele>30.0</ele>
      </trkpt>
      <trkpt lat="50.78097" lon="3.52571">
        <ele>38.0</ele>
      </trkpt>
      <trkpt lat="50.78001" lon="3.52581">
        <ele>50.0</ele>
      </trkpt>
      <trkpt lat="50.77914" lon="3.52563">
        <ele>59.0</ele>
      </trkpt>
      <trkpt lat="50.77868" lon="3.52531">
        <ele>65.0</ele>
      </trkpt>
      <trkpt lat="50.77803" lon="3.52515">
        <ele>71.0</ele>
      </trkpt>
      <trkpt lat="50.77701" lon="3.52532">
        <ele>78.0</ele>
      </trkpt>
      <trkpt lat="50.77528" lon="3.52606">
        <ele>82.0</ele>
      </trkpt>
      <trkpt lat="50.77369" lon="3.52748">
        <ele>83.0</ele>
      </trkpt>
      <trkpt lat="50.77276" lon="3.52778">
        <ele>84.0</ele>
      </trkpt>
      <trkpt lat="50.77157" lon="3.52852">
        <ele>90.0</ele>
      </trkpt>
      <trkpt lat="50.77035" lon="3.52974">
        <ele>98.0</ele>
      </trkpt>
      <trkpt lat="50.7701" lon="3.5298">
        <ele>100.0</ele>
      </trkpt>
      <trkpt lat="50.76917" lon="3.53092">
        <ele>103.0</ele>
      </trkpt>
      <trkpt lat="50.76841" lon="3.53046">
        <ele>103.0</ele>
      </trkpt>
      <trkpt lat="50.76786" lon="3.53217">
        <ele>99.0</ele>
      </trkpt>
      <trkpt lat="50.76587" lon="3.54436">
        <ele>112.0</ele>
      </trkpt>
      <trkpt lat="50.76637" lon="3.54524">
        <ele>109.0</ele>
      </trkpt>
      <trkpt lat="50.76705" lon="3.54563">
        <ele>105.0</ele>
      </trkpt>
      <trkpt lat="50.76842" lon="3.54725">
        <ele>98.0</ele>
      </trkpt>
      <trkpt lat="50.76893" lon="3.54754">
        <ele>94.0</ele>
      </trkpt>
      <trkpt lat="50.76929" lon="3.54731">
        <ele>93.0</ele>
      </trkpt>
      <trkpt lat="50.77072" lon="3.54704">
        <ele>88.0</ele>
      </trkpt>
      <trkpt lat="50.77128" lon="3.54629">
        <ele>85.0</ele>
      </trkpt>
      <trkpt lat="50.7726" lon="3.5456">
        <ele>81.0</ele>
      </trkpt>
      <trkpt lat="50.77325" lon="3.54574">
        <ele>81.0</ele>
      </trkpt>
      <trkpt lat="50.77392" lon="3.54544">
        <ele>82.0</ele>
      </trkpt>
      <trkpt lat="50.77608" lon="3.5453">
        <ele>70.0</ele>
      </trkpt>
      <trkpt lat="50.77635" lon="3.54546">
        <ele>68.0</ele>
      </trkpt>
      <trkpt lat="50.77682" lon="3.54627">
        <ele>61.0</ele>
      </trkpt>
      <trkpt lat="50.77701" lon="3.5463">
        <ele>59.0</ele>
      </trkpt>
      <trkpt lat="50.77751" lon="3.54609">
        <ele>54.0</ele>
      </trkpt>
      <trkpt lat="50.77962" lon="3.54434">
        <ele>39.0</ele>
      </trkpt>
      <trkpt lat="50.78111" lon="3.54384">
        <ele>30.0</ele>
      </trkpt>
      <trkpt lat="50.78216" lon="3.54406">
        <ele>32.0</ele>
      </trkpt>
      <trkpt lat="50.78265" lon="3.54399">
        <ele>33.0</ele>
      </trkpt>
      <trkpt lat="50.78272" lon="3.54483">
        <ele>36.0</ele>
      </trkpt>
      <trkpt lat="50.78212" lon="3.54798">
        <ele>59.0</ele>
      </trkpt>
      <trkpt lat="50.78207" lon="3.54902">
        <ele>67.0</ele>
      </trkpt>
      <trkpt lat="50.78294" lon="3.54882">
        <ele>73.0</ele>
      </trkpt>
      <trkpt lat="50.78377" lon="3.54829">
        <ele>70.0</ele>
      </trkpt>
      <trkpt lat="50.78504" lon="3.54876">
        <ele>65.0</ele>
      </trkpt>
      <trkpt lat="50.78684" lon="3.54853">
        <ele>49.0</ele>
      </trkpt>
      <trkpt lat="50.78723" lon="3.54807">
        <ele>45.0</ele>
      </trkpt>
      <trkpt lat="50.78861" lon="3.54488">
        <ele>28.0</ele>
      </trkpt>
      <trkpt lat="50.78898" lon="3.54493">
        <ele>25.0</ele>
      </trkpt>
      <trkpt lat="50.78943" lon="3.54638">
        <ele>22.0</ele>
      </trkpt>
      <trkpt lat="50.79037" lon="3.55097">
        <ele>19.0</ele>
      </trkpt>
      <trkpt lat="50.7901" lon="3.55287">
        <ele>19.0</ele>
      </trkpt>
      <trkpt lat="50.79" lon="3.55795">
        <ele>25.0</ele>
      </trkpt>
      <trkpt lat="50.79046" lon="3.56095">
        <ele>26.0</ele>
      </trkpt>
      <trkpt lat="50.79049" lon="3.56179">
        <ele>25.0</ele>
      </trkpt>
      <trkpt lat="50.79206" lon="3.56165">
        <ele>21.0</ele>
      </trkpt>
      <trkpt lat="50.79367" lon="3.56068">
        <ele>18.0</ele>
      </trkpt>
      <trkpt lat="50.79452" lon="3.55993">
        <ele>17.0</ele>
      </trkpt>
      <trkpt lat="50.79626" lon="3.55894">
        <ele>15.0</ele>
      </trkpt>
      <trkpt lat="50.7974" lon="3.55796">
        <ele>14.0</ele>
      </trkpt>
      <trkpt lat="50.79819" lon="3.55661">
        <ele>14.0</ele>
      </trkpt>
      <trkpt lat="50.79871" lon="3.55623">
        <ele>13.0</ele>
      </trkpt>
      <trkpt lat="50.79892" lon="3.55613">
        <ele>13.0</ele>
      </trkpt>
      <trkpt lat="50.79972" lon="3.55647">
        <ele>12.0</ele>
      </trkpt>
      <trkpt lat="50.80012" lon="3.55632">
        <ele>11.0</ele>
      </trkpt>
      <trkpt lat="50.80065" lon="3.55651">
        <ele>10.0</ele>
      </trkpt>
      <trkpt lat="50.80206" lon="3.55627">
        <ele>10.0</ele>
      </trkpt>
      <trkpt lat="50.80276" lon="3.55591">
        <ele>10.0</ele>
      </trkpt>
      <trkpt lat="50.80342" lon="3.55631">
        <ele>10.0</ele>
      </trkpt>
      <trkpt lat="50.80475" lon="3.5576">
        <ele>11.0</ele>
      </trkpt>
      <trkpt lat="50.80586" lon="3.55827">
        <ele>11.0</ele>
      </trkpt>
      <trkpt lat="50.80616" lon="3.55899">
        <ele>11.0</ele>
      </trkpt>
      <trkpt lat="50.80713" lon="3.55994">
        <ele>11.0</ele>
      </trkpt>
      <trkpt lat="50.80732" lon="3.56063">
        <ele>11.0</ele>
      </trkpt>
      <trkpt lat="50.80802" lon="3.56142">
        <ele>11.0</ele>
      </trkpt>
      <trkpt lat="50.80838" lon="3.56157">
        <ele>11.0</ele>
      </trkpt>
      <trkpt lat="50.80904" lon="3.56096">
        <ele>11.0</ele>
      </trkpt>
      <trkpt lat="50.80953" lon="3.56207">
        <ele>10.0</ele>
      </trkpt>
      <trkpt lat="50.81131" lon="3.56377">
        <ele>11.0</ele>
      </trkpt>
      <trkpt lat="50.81359" lon="3.5644">
        <ele>13.0</ele>
      </trkpt>
      <trkpt lat="50.81379" lon="3.56425">
        <ele>14.0</ele>
      </trkpt>
      <trkpt lat="50.81473" lon="3.56645">
        <ele>12.0</ele>
      </trkpt>
      <trkpt lat="50.81407" lon="3.56792">
        <ele>11.0</ele>
      </trkpt>
      <trkpt lat="50.81397" lon="3.57022">
        <ele>10.0</ele>
      </trkpt>
      <trkpt lat="50.81373" lon="3.57043">
        <ele>10.0</ele>
      </trkpt>
      <trkpt lat="50.81282" lon="3.57204">
        <ele>12.0</ele>
      </trkpt>
      <trkpt lat="50.81128" lon="3.57746">
        <ele>42.0</ele>
      </trkpt>
      <trkpt lat="50.81068" lon="3.58059">
        <ele>70.0</ele>
      </trkpt>
      <trkpt lat="50.81055" lon="3.58277">
        <ele>74.0</ele>
      </trkpt>
      <trkpt lat="50.8106" lon="3.5872">
        <ele>73.0</ele>
      </trkpt>
      <trkpt lat="50.81083" lon="3.59008">
        <ele>74.0</ele>
      </trkpt>
      <trkpt lat="50.81104" lon="3.59129">
        <ele>75.0</ele>
      </trkpt>
      <trkpt lat="50.81114" lon="3.59334">
        <ele>75.0</ele>
      </trkpt>
      <trkpt lat="50.81206" lon="3.59522">
        <ele>74.0</ele>
      </trkpt>
      <trkpt lat="50.81254" lon="3.59578">
        <ele>72.0</ele>
      </trkpt>
      <trkpt lat="50.81382" lon="3.59805">
        <ele>63.0</ele>
      </trkpt>
      <trkpt lat="50.81415" lon="3.59833">
        <ele>60.0</ele>
      </trkpt>
      <trkpt lat="50.81441" lon="3.59844">
        <ele>59.0</ele>
      </trkpt>
      <trkpt lat="50.81517" lon="3.59804">
        <ele>53.0</ele>
      </trkpt>
      <trkpt lat="50.81621" lon="3.59871">
        <ele>41.0</ele>
      </trkpt>
      <trkpt lat="50.81745" lon="3.59874">
        <ele>30.0</ele>
      </trkpt>
      <trkpt lat="50.81808" lon="3.599">
        <ele>25.0</ele>
      </trkpt>
      <trkpt lat="50.8186" lon="3.59838">
        <ele>22.0</ele>
      </trkpt>
      <trkpt lat="50.81911" lon="3.5982">
        <ele>20.0</ele>
      </trkpt>
      <trkpt lat="50.82057" lon="3.60028">
        <ele>16.0</ele>
      </trkpt>
      <trkpt lat="50.82101" lon="3.60133">
        <ele>14.0</ele>
      </trkpt>
      <trkpt lat="50.82174" lon="3.60226">
        <ele>14.0</ele>
      </trkpt>
      <trkpt lat="50.82242" lon="3.60367">
        <ele>15.0</ele>
      </trkpt>
      <trkpt lat="50.81561" lon="3.60359">
        <ele>28.0</ele>
      </trkpt>
      <trkpt lat="50.81438" lon="3.60343">
        <ele>41.0</ele>
      </trkpt>
      <trkpt lat="50.81246" lon="3.60264">
        <ele>49.0</ele>
      </trkpt>
      <trkpt lat="50.81054" lon="3.60113">
        <ele>45.0</ele>
      </trkpt>
      <trkpt lat="50.81006" lon="3.60209">
        <ele>40.0</ele>
      </trkpt>
      <trkpt lat="50.80723" lon="3.60661">
        <ele>32.0</ele>
      </trkpt>
      <trkpt lat="50.80547" lon="3.60793">
        <ele>38.0</ele>
      </trkpt>
      <trkpt lat="50.80512" lon="3.60836">
        <ele>41.0</ele>
      </trkpt>
      <trkpt lat="50.8056" lon="3.60951">
        <ele>41.0</ele>
      </trkpt>
      <trkpt lat="50.80557" lon="3.60997">
        <ele>40.0</ele>
      </trkpt>
      <trkpt lat="50.80544" lon="3.61062">
        <ele>39.0</ele>
      </trkpt>
      <trkpt lat="50.80479" lon="3.6117">
        <ele>41.0</ele>
      </trkpt>
      <trkpt lat="50.8045" lon="3.61282">
        <ele>48.0</ele>
      </trkpt>
      <trkpt lat="50.80507" lon="3.61348">
        <ele>53.0</ele>
      </trkpt>
      <trkpt lat="50.8057" lon="3.61476">
        <ele>50.0</ele>
      </trkpt>
      <trkpt lat="50.80722" lon="3.61692">
        <ele>42.0</ele>
      </trkpt>
      <trkpt lat="50.80749" lon="3.61753">
        <ele>40.0</ele>
      </trkpt>
      <trkpt lat="50.80756" lon="3.6181">
        <ele>39.0</ele>
      </trkpt>
      <trkpt lat="50.80803" lon="3.61851">
        <ele>38.0</ele>
      </trkpt>
      <trkpt lat="50.80866" lon="3.61982">
        <ele>36.0</ele>
      </trkpt>
      <trkpt lat="50.80756" lon="3.62184">
        <ele>36.0</ele>
      </trkpt>
      <trkpt lat="50.80716" lon="3.62286">
        <ele>35.0</ele>
      </trkpt>
      <trkpt lat="50.80548" lon="3.62199">
        <ele>31.0</ele>
      </trkpt>
      <trkpt lat="50.80301" lon="3.62226">
        <ele>30.0</ele>
      </trkpt>
      <trkpt lat="50.80013" lon="3.62113">
        <ele>34.0</ele>
      </trkpt>
      <trkpt lat="50.7974" lon="3.62111">
        <ele>34.0</ele>
      </trkpt>
      <trkpt lat="50.79651" lon="3.62129">
        <ele>36.0</ele>
      </trkpt>
      <trkpt lat="50.79544" lon="3.62283">
        <ele>36.0</ele>
      </trkpt>
      <trkpt lat="50.79402" lon="3.62283">
        <ele>35.0</ele>
      </trkpt>
      <trkpt lat="50.79486" lon="3.6248">
        <ele>34.0</ele>
      </trkpt>
      <trkpt lat="50.79467" lon="3.62655">
        <ele>34.0</ele>
      </trkpt>
      <trkpt lat="50.79521" lon="3.62791">
        <ele>44.0</ele>
      </trkpt>
      <trkpt lat="50.79585" lon="3.63075">
        <ele>64.0</ele>
      </trkpt>
      <trkpt lat="50.79591" lon="3.63201">
        <ele>72.0</ele>
      </trkpt>
      <trkpt lat="50.79572" lon="3.6353">
        <ele>78.0</ele>
      </trkpt>
      <trkpt lat="50.79547" lon="3.63591">
        <ele>78.0</ele>
      </trkpt>
      <trkpt lat="50.79572" lon="3.63704">
        <ele>78.0</ele>
      </trkpt>
      <trkpt lat="50.79555" lon="3.63766">
        <ele>79.0</ele>
      </trkpt>
      <trkpt lat="50.79559" lon="3.63854">
        <ele>80.0</ele>
      </trkpt>
      <trkpt lat="50.79548" lon="3.6393">
        <ele>81.0</ele>
      </trkpt>
      <trkpt lat="50.79571" lon="3.64095">
        <ele>83.0</ele>
      </trkpt>
      <trkpt lat="50.79558" lon="3.64182">
        <ele>83.0</ele>
      </trkpt>
      <trkpt lat="50.79528" lon="3.64211">
        <ele>83.0</ele>
      </trkpt>
      <trkpt lat="50.79426" lon="3.64201">
        <ele>83.0</ele>
      </trkpt>
      <trkpt lat="50.79248" lon="3.64218">
        <ele>80.0</ele>
      </trkpt>
      <trkpt lat="50.79087" lon="3.64186">
        <ele>80.0</ele>
      </trkpt>
      <trkpt lat="50.789" lon="3.64067">
        <ele>79.0</ele>
      </trkpt>
      <trkpt lat="50.78751" lon="3.63934">
        <ele>79.0</ele>
      </trkpt>
      <trkpt lat="50.78688" lon="3.63899">
        <ele>80.0</ele>
      </trkpt>
      <trkpt lat="50.78591" lon="3.63916">
        <ele>80.0</ele>
      </trkpt>
      <trkpt lat="50.78506" lon="3.6399">
        <ele>81.0</ele>
      </trkpt>
      <trkpt lat="50.78407" lon="3.64019">
        <ele>83.0</ele>
      </trkpt>
      <trkpt lat="50.78102" lon="3.63973">
        <ele>94.0</ele>
      </trkpt>
      <trkpt lat="50.7771" lon="3.63689">
        <ele>94.0</ele>
      </trkpt>
      <trkpt lat="50.77388" lon="3.63559">
        <ele>101.0</ele>
      </trkpt>
      <trkpt lat="50.77262" lon="3.63479">
        <ele>104.0</ele>
      </trkpt>
      <trkpt lat="50.7705" lon="3.63028">
        <ele>92.0</ele>
      </trkpt>
      <trkpt lat="50.76938" lon="3.62501">
        <ele>91.0</ele>
      </trkpt>
      <trkpt lat="50.76857" lon="3.6223">
        <ele>90.0</ele>
      </trkpt>
      <trkpt lat="50.76767" lon="3.62061">
        <ele>91.0</ele>
      </trkpt>
      <trkpt lat="50.76674" lon="3.61793">
        <ele>98.0</ele>
      </trkpt>
      <trkpt lat="50.76656" lon="3.61168">
        <ele>105.0</ele>
      </trkpt>
      <trkpt lat="50.76608" lon="3.60884">
        <ele>106.0</ele>
      </trkpt>
      <trkpt lat="50.76625" lon="3.60574">
        <ele>108.0</ele>
      </trkpt>
      <trkpt lat="50.76668" lon="3.60412">
        <ele>105.0</ele>
      </trkpt>
      <trkpt lat="50.76587" lon="3.60438">
        <ele>103.0</ele>
      </trkpt>
      <trkpt lat="50.76406" lon="3.60323">
        <ele>97.0</ele>
      </trkpt>
      <trkpt lat="50.7632" lon="3.60313">
        <ele>94.0</ele>
      </trkpt>
      <trkpt lat="50.76132" lon="3.60353">
        <ele>86.0</ele>
      </trkpt>
      <trkpt lat="50.75754" lon="3.60528">
        <ele>63.0</ele>
      </trkpt>
      <trkpt lat="50.75693" lon="3.60526">
        <ele>57.0</ele>
      </trkpt>
      <trkpt lat="50.75661" lon="3.60279">
        <ele>48.0</ele>
      </trkpt>
      <trkpt lat="50.7566" lon="3.60187">
        <ele>42.0</ele>
      </trkpt>
      <trkpt lat="50.75675" lon="3.60136">
        <ele>41.0</ele>
      </trkpt>
      <trkpt lat="50.75584" lon="3.59982">
        <ele>42.0</ele>
      </trkpt>
      <trkpt lat="50.75527" lon="3.59996">
        <ele>42.0</ele>
      </trkpt>
      <trkpt lat="50.75487" lon="3.59841">
        <ele>40.0</ele>
      </trkpt>
      <trkpt lat="50.75456" lon="3.59774">
        <ele>40.0</ele>
      </trkpt>
      <trkpt lat="50.75433" lon="3.59486">
        <ele>45.0</ele>
      </trkpt>
      <trkpt lat="50.75374" lon="3.59357">
        <ele>48.0</ele>
      </trkpt>
      <trkpt lat="50.75382" lon="3.59348">
        <ele>48.0</ele>
      </trkpt>
      <trkpt lat="50.75456" lon="3.5928">
        <ele>50.0</ele>
      </trkpt>
      <trkpt lat="50.75707" lon="3.59123">
        <ele>65.0</ele>
      </trkpt>
      <trkpt lat="50.75818" lon="3.5898">
        <ele>73.0</ele>
      </trkpt>
      <trkpt lat="50.7587" lon="3.58888">
        <ele>83.0</ele>
      </trkpt>
      <trkpt lat="50.75961" lon="3.58825">
        <ele>94.0</ele>
      </trkpt>
      <trkpt lat="50.76014" lon="3.58724">
        <ele>105.0</ele>
      </trkpt>
      <trkpt lat="50.76161" lon="3.58733">
        <ele>114.0</ele>
      </trkpt>
      <trkpt lat="50.76372" lon="3.5868">
        <ele>116.0</ele>
      </trkpt>
      <trkpt lat="50.76487" lon="3.58713">
        <ele>118.0</ele>
      </trkpt>
      <trkpt lat="50.76464" lon="3.58482">
        <ele>118.0</ele>
      </trkpt>
      <trkpt lat="50.76338" lon="3.58164">
        <ele>114.0</ele>
      </trkpt>
      <trkpt lat="50.76136" lon="3.5776">
        <ele>118.0</ele>
      </trkpt>
      <trkpt lat="50.7598" lon="3.57649">
        <ele>140.0</ele>
      </trkpt>
      <trkpt lat="50.75938" lon="3.57519">
        <ele>148.0</ele>
      </trkpt>
      <trkpt lat="50.75921" lon="3.57422">
        <ele>155.0</ele>
      </trkpt>
      <trkpt lat="50.75938" lon="3.5733">
        <ele>159.0</ele>
      </trkpt>
      <trkpt lat="50.76105" lon="3.5695">
        <ele>150.0</ele>
      </trkpt>
      <trkpt lat="50.76141" lon="3.56699">
        <ele>132.0</ele>
      </trkpt>
      <trkpt lat="50.7626" lon="3.56516">
        <ele>126.0</ele>
      </trkpt>
      <trkpt lat="50.76326" lon="3.55829">
        <ele>115.0</ele>
      </trkpt>
      <trkpt lat="50.76311" lon="3.55722">
        <ele>116.0</ele>
      </trkpt>
      <trkpt lat="50.76587" lon="3.54436">
        <ele>110.0</ele>
      </trkpt>
      <trkpt lat="50.76565" lon="3.54396">
        <ele>112.0</ele>
      </trkpt>
      <trkpt lat="50.76471" lon="3.53965">
        <ele>119.0</ele>
      </trkpt>
      <trkpt lat="50.76454" lon="3.53785">
        <ele>126.0</ele>
      </trkpt>
      <trkpt lat="50.76485" lon="3.53346">
        <ele>121.0</ele>
      </trkpt>
      <trkpt lat="50.76541" lon="3.53183">
        <ele>116.0</ele>
      </trkpt>
      <trkpt lat="50.76597" lon="3.5309">
        <ele>112.0</ele>
      </trkpt>
      <trkpt lat="50.76865" lon="3.52955">
        <ele>107.0</ele>
      </trkpt>
      <trkpt lat="50.7689" lon="3.52964">
        <ele>107.0</ele>
      </trkpt>
      <trkpt lat="50.77601" lon="3.52164">
        <ele>68.0</ele>
      </trkpt>
      <trkpt lat="50.78173" lon="3.51798">
        <ele>21.0</ele>
      </trkpt>
      <trkpt lat="50.78255" lon="3.51712">
        <ele>17.0</ele>
      </trkpt>
      <trkpt lat="50.7838" lon="3.5153">
        <ele>14.0</ele>
      </trkpt>
      <trkpt lat="50.78504" lon="3.51391">
        <ele>13.0</ele>
      </trkpt>
      <trkpt lat="50.78719" lon="3.51198">
        <ele>13.0</ele>
      </trkpt>
      <trkpt lat="50.78833" lon="3.51123">
        <ele>13.0</ele>
      </trkpt>
      <trkpt lat="50.79117" lon="3.5182">
        <ele>13.0</ele>
      </trkpt>
      <trkpt lat="50.79098" lon="3.51857">
        <ele>14.0</ele>
      </trkpt>
      <trkpt lat="50.79086" lon="3.52072">
        <ele>14.0</ele>
      </trkpt>
      <trkpt lat="50.79028" lon="3.52463">
        <ele>13.0</ele>
      </trkpt>
      <trkpt lat="50.78977" lon="3.52427">
        <ele>12.0</ele>
      </trkpt>
      <trkpt lat="50.78901" lon="3.52417">
        <ele>12.0</ele>
      </trkpt>
      <trkpt lat="50.78721" lon="3.52482">
        <ele>12.0</ele>
      </trkpt>
      <trkpt lat="50.78654" lon="3.52413">
        <ele>11.0</ele>
      </trkpt>
      <trkpt lat="50.78546" lon="3.52499">
        <ele>12.0</ele>
      </trkpt>
      <trkpt lat="50.78434" lon="3.52521">
        <ele>17.0</ele>
      </trkpt>
      <trkpt lat="50.78377" lon="3.52511">
        <ele>20.0</ele>
      </trkpt>
      <trkpt lat="50.78255" lon="3.52627">
        <ele>30.0</ele>
      </trkpt>
      <trkpt lat="50.78097" lon="3.52571">
        <ele>38.0</ele>
      </trkpt>
      <trkpt lat="50.78001" lon="3.52581">
        <ele>50.0</ele>
      </trkpt>
      <trkpt lat="50.77914" lon="3.52563">
        <ele>59.0</ele>
      </trkpt>
      <trkpt lat="50.77868" lon="3.52531">
        <ele>65.0</ele>
      </trkpt>
      <trkpt lat="50.77803" lon="3.52515">
        <ele>71.0</ele>
      </trkpt>
      <trkpt lat="50.77701" lon="3.52532">
        <ele>78.0</ele>
      </trkpt>
      <trkpt lat="50.77528" lon="3.52606">
        <ele>82.0</ele>
      </trkpt>
      <trkpt lat="50.77369" lon="3.52748">
        <ele>83.0</ele>
      </trkpt>
      <trkpt lat="50.77276" lon="3.52778">
        <ele>84.0</ele>
      </trkpt>
      <trkpt lat="50.77157" lon="3.52852">
        <ele>90.0</ele>
      </trkpt>
      <trkpt lat="50.77035" lon="3.52974">
        <ele>98.0</ele>
      </trkpt>
      <trkpt lat="50.7701" lon="3.5298">
        <ele>100.0</ele>
      </trkpt>
      <trkpt lat="50.76917" lon="3.53092">
        <ele>103.0</ele>
      </trkpt>
      <trkpt lat="50.76841" lon="3.53046">
        <ele>103.0</ele>
      </trkpt>
      <trkpt lat="50.76786" lon="3.53217">
        <ele>99.0</ele>
      </trkpt>
      <trkpt lat="50.76587" lon="3.54436">
        <ele>112.0</ele>
      </trkpt>
      <trkpt lat="50.76637" lon="3.54524">
        <ele>109.0</ele>
      </trkpt>
      <trkpt lat="50.76705" lon="3.54563">
        <ele>105.0</ele>
      </trkpt>
      <trkpt lat="50.76842" lon="3.54725">
        <ele>98.0</ele>
      </trkpt>
      <trkpt lat="50.76893" lon="3.54754">
        <ele>94.0</ele>
      </trkpt>
      <trkpt lat="50.76929" lon="3.54731">
        <ele>93.0</ele>
      </trkpt>
      <trkpt lat="50.77072" lon="3.54704">
        <ele>88.0</ele>
      </trkpt>
      <trkpt lat="50.77128" lon="3.54629">
        <ele>85.0</ele>
      </trkpt>
      <trkpt lat="50.7726" lon="3.5456">
        <ele>81.0</ele>
      </trkpt>
      <trkpt lat="50.77325" lon="3.54574">
        <ele>81.0</ele>
      </trkpt>
      <trkpt lat="50.77392" lon="3.54544">
        <ele>82.0</ele>
      </trkpt>
      <trkpt lat="50.77608" lon="3.5453">
        <ele>72.0</ele>
      </trkpt>
      <trkpt lat="50.77635" lon="3.54546">
        <ele>68.0</ele>
      </trkpt>
      <trkpt lat="50.77682" lon="3.54627">
        <ele>61.0</ele>
      </trkpt>
      <trkpt lat="50.77701" lon="3.5463">
        <ele>59.0</ele>
      </trkpt>
      <trkpt lat="50.77751" lon="3.54609">
        <ele>54.0</ele>
      </trkpt>
      <trkpt lat="50.77962" lon="3.54434">
        <ele>38.0</ele>
      </trkpt>
      <trkpt lat="50.78111" lon="3.54384">
        <ele>30.0</ele>
      </trkpt>
      <trkpt lat="50.78216" lon="3.54406">
        <ele>32.0</ele>
      </trkpt>
      <trkpt lat="50.78265" lon="3.54399">
        <ele>33.0</ele>
      </trkpt>
      <trkpt lat="50.78272" lon="3.54483">
        <ele>36.0</ele>
      </trkpt>
      <trkpt lat="50.78212" lon="3.54798">
        <ele>58.0</ele>
      </trkpt>
      <trkpt lat="50.78207" lon="3.54902">
        <ele>67.0</ele>
      </trkpt>
      <trkpt lat="50.78294" lon="3.54882">
        <ele>73.0</ele>
      </trkpt>
      <trkpt lat="50.78377" lon="3.54829">
        <ele>70.0</ele>
      </trkpt>
      <trkpt lat="50.78504" lon="3.54876">
        <ele>64.0</ele>
      </trkpt>
      <trkpt lat="50.78584" lon="3.54874">
        <ele>59.0</ele>
      </trkpt>
      <trkpt lat="50.78698" lon="3.54843">
        <ele>48.0</ele>
      </trkpt>
      <trkpt lat="50.7883" lon="3.5457">
        <ele>33.0</ele>
      </trkpt>
      <trkpt lat="50.78891" lon="3.54393">
        <ele>25.0</ele>
      </trkpt>
      <trkpt lat="50.78919" lon="3.54346">
        <ele>22.0</ele>
      </trkpt>
      <trkpt lat="50.78942" lon="3.54252">
        <ele>20.0</ele>
      </trkpt>
      <trkpt lat="50.78943" lon="3.54186">
        <ele>18.0</ele>
      </trkpt>
      <trkpt lat="50.78912" lon="3.53993">
        <ele>16.0</ele>
      </trkpt>
      <trkpt lat="50.78814" lon="3.53745">
        <ele>14.0</ele>
      </trkpt>
      <trkpt lat="50.78809" lon="3.5368">
        <ele>14.0</ele>
      </trkpt>
      <trkpt lat="50.78822" lon="3.53629">
        <ele>14.0</ele>
      </trkpt>
      <trkpt lat="50.78919" lon="3.53475">
        <ele>13.0</ele>
      </trkpt>
      <trkpt lat="50.78993" lon="3.53158">
        <ele>12.0</ele>
      </trkpt>
      <trkpt lat="50.78997" lon="3.53104">
        <ele>12.0</ele>
      </trkpt>
      <trkpt lat="50.78976" lon="3.52981">
        <ele>12.0</ele>
      </trkpt>
      <trkpt lat="50.7904" lon="3.52692">
        <ele>12.0</ele>
      </trkpt>
      <trkpt lat="50.79028" lon="3.52463">
        <ele>12.0</ele>
      </trkpt>
      <trkpt lat="50.79299" lon="3.52239">
        <ele>14.0</ele>
      </trkpt>
      <trkpt lat="50.79341" lon="3.52177">
        <ele>15.0</ele>
      </trkpt>
      <trkpt lat="50.79416" lon="3.51976">
        <ele>15.0</ele>
      </trkpt>
      <trkpt lat="50.79473" lon="3.51893">
        <ele>13.0</ele>
      </trkpt>
      <trkpt lat="50.79314" lon="3.51021">
        <ele>11.0</ele>
      </trkpt>
      <trkpt lat="50.79226" lon="3.50736">
        <ele>11.0</ele>
      </trkpt>
      <trkpt lat="50.79236" lon="3.50657">
        <ele>11.0</ele>
      </trkpt>
      <trkpt lat="50.79267" lon="3.50599">
        <ele>11.0</ele>
      </trkpt>
      <trkpt lat="50.79822" lon="3.50079">
        <ele>13.0</ele>
      </trkpt>
      <trkpt lat="50.79851" lon="3.50102">
        <ele>13.0</ele>
      </trkpt>
      <trkpt lat="50.79929" lon="3.50254">
        <ele>13.0</ele>
      </trkpt>
      <trkpt lat="50.80071" lon="3.50654">
        <ele>16.0</ele>
      </trkpt>
      <trkpt lat="50.80146" lon="3.50918">
        <ele>16.0</ele>
      </trkpt>
      <trkpt lat="50.80196" lon="3.51021">
        <ele>15.0</ele>
      </trkpt>
      <trkpt lat="50.80283" lon="3.51122">
        <ele>14.0</ele>
      </trkpt>
      <trkpt lat="50.80952" lon="3.52246">
        <ele>16.0</ele>
      </trkpt>
      <trkpt lat="50.81234" lon="3.52658">
        <ele>16.0</ele>
      </trkpt>
      <trkpt lat="50.81358" lon="3.52893">
        <ele>17.0</ele>
      </trkpt>
      <trkpt lat="50.81689" lon="3.53629">
        <ele>14.0</ele>
      </trkpt>
      <trkpt lat="50.81934" lon="3.54049">
        <ele>13.0</ele>
      </trkpt>
      <trkpt lat="50.81954" lon="3.54077">
        <ele>13.0</ele>
      </trkpt>
      <trkpt lat="50.82025" lon="3.54094">
        <ele>14.0</ele>
      </trkpt>
      <trkpt lat="50.822" lon="3.54075">
        <ele>14.0</ele>
      </trkpt>
      <trkpt lat="50.82305" lon="3.54039">
        <ele>14.0</ele>
      </trkpt>
      <trkpt lat="50.82362" lon="3.54074">
        <ele>14.0</ele>
      </trkpt>
      <trkpt lat="50.82451" lon="3.54156">
        <ele>14.0</ele>
      </trkpt>
      <trkpt lat="50.82545" lon="3.54341">
        <ele>14.0</ele>
      </trkpt>
      <trkpt lat="50.82637" lon="3.54583">
        <ele>15.0</ele>
      </trkpt>
      <trkpt lat="50.82699" lon="3.54659">
        <ele>15.0</ele>
      </trkpt>
      <trkpt lat="50.82773" lon="3.55221">
        <ele>17.0</ele>
      </trkpt>
      <trkpt lat="50.82806" lon="3.55338">
        <ele>18.0</ele>
      </trkpt>
      <trkpt lat="50.82897" lon="3.55502">
        <ele>18.0</ele>
      </trkpt>
      <trkpt lat="50.83197" lon="3.55847">
        <ele>19.0</ele>
      </trkpt>
      <trkpt lat="50.83284" lon="3.56047">
        <ele>19.0</ele>
      </trkpt>
      <trkpt lat="50.83326" lon="3.56196">
        <ele>19.0</ele>
      </trkpt>
      <trkpt lat="50.83364" lon="3.56472">
        <ele>18.0</ele>
      </trkpt>
      <trkpt lat="50.83594" lon="3.56926">
        <ele>18.0</ele>
      </trkpt>
      <trkpt lat="50.83713" lon="3.57238">
        <ele>14.0</ele>
      </trkpt>
      <trkpt lat="50.83781" lon="3.57497">
        <ele>13.0</ele>
      </trkpt>
      <trkpt lat="50.83823" lon="3.57733">
        <ele>12.0</ele>
      </trkpt>
      <trkpt lat="50.84051" lon="3.59244">
        <ele>9.0</ele>
      </trkpt>
    </trkseg>
  </trk>
</gpx>