<?xml version="1.0" encoding="UTF-8"?>
<gpx xmlns="http://www.topografix.com/GPX/1/0" xmlns:xsi="http://www.w3.org/2001/XMLSchema-instance" xsi:schemaLocation="http://www.topografix.com/GPX/1/0 http://www.topografix.com/GPX/1/0/gpx.xsd" version="1.0" creator="GPSBabel - https://www.gpsbabel.org">
  <time>2025-12-11T11:28:43.478000Z</time>
  <bounds minlat="43.83653" maxlat="44.34008" minlon="9.32252" maxlon="10.61539" />
  <trk>
    <trkseg>
      <trkpt lat="43.84173" lon="10.61539">
        <ele>15.0</ele>
      </trkpt>
      <trkpt lat="43.84139" lon="10.60457">
        <ele>12.0</ele>
      </trkpt>
      <trkpt lat="43.84142" lon="10.60402">
        <ele>12.0</ele>
      </trkpt>
      <trkpt lat="43.84177" lon="10.6031">
        <ele>13.0</ele>
      </trkpt>
      <trkpt lat="43.84143" lon="10.60272">
        <ele>13.0</ele>
      </trkpt>
      <trkpt lat="43.84135" lon="10.60234">
        <ele>13.0</ele>
      </trkpt>
      <trkpt lat="43.84116" lon="10.59587">
        <ele>11.0</ele>
      </trkpt>
      <trkpt lat="43.84133" lon="10.59519">
        <ele>11.0</ele>
      </trkpt>
      <trkpt lat="43.84112" lon="10.59464">
        <ele>10.0</ele>
      </trkpt>
      <trkpt lat="43.84102" lon="10.59059">
        <ele>9.0</ele>
      </trkpt>
      <trkpt lat="43.84069" lon="10.58902">
        <ele>10.0</ele>
      </trkpt>
      <trkpt lat="43.83673" lon="10.57782">
        <ele>12.0</ele>
      </trkpt>
      <trkpt lat="43.83653" lon="10.57586">
        <ele>12.0</ele>
      </trkpt>
      <trkpt lat="43.83678" lon="10.56634">
        <ele>15.0</ele>
      </trkpt>
      <trkpt lat="43.83691" lon="10.56499">
        <ele>16.0</ele>
      </trkpt>
      <trkpt lat="43.83727" lon="10.56393">
        <ele>16.0</ele>
      </trkpt>
      <trkpt lat="43.83767" lon="10.56329">
        <ele>15.0</ele>
      </trkpt>
      <trkpt lat="43.84095" lon="10.55978">
        <ele>15.0</ele>
      </trkpt>
      <trkpt lat="43.84136" lon="10.55918">
        <ele>16.0</ele>
      </trkpt>
      <trkpt lat="43.84153" lon="10.55858">
        <ele>16.0</ele>
      </trkpt>
      <trkpt lat="43.84139" lon="10.55699">
        <ele>16.0</ele>
      </trkpt>
      <trkpt lat="43.84304" lon="10.5482">
        <ele>16.0</ele>
      </trkpt>
      <trkpt lat="43.84343" lon="10.54541">
        <ele>16.0</ele>
      </trkpt>
      <trkpt lat="43.84395" lon="10.54346">
        <ele>16.0</ele>
      </trkpt>
      <trkpt lat="43.84419" lon="10.54117">
        <ele>16.0</ele>
      </trkpt>
      <trkpt lat="43.84436" lon="10.54082">
        <ele>16.0</ele>
      </trkpt>
      <trkpt lat="43.84424" lon="10.54048">
        <ele>16.0</ele>
      </trkpt>
      <trkpt lat="43.84441" lon="10.53667">
        <ele>16.0</ele>
      </trkpt>
      <trkpt lat="43.84504" lon="10.52748">
        <ele>17.0</ele>
      </trkpt>
      <trkpt lat="43.84479" lon="10.52534">
        <ele>18.0</ele>
      </trkpt>
      <trkpt lat="43.84492" lon="10.52494">
        <ele>18.0</ele>
      </trkpt>
      <trkpt lat="43.84469" lon="10.52457">
        <ele>17.0</ele>
      </trkpt>
      <trkpt lat="43.84392" lon="10.51873">
        <ele>19.0</ele>
      </trkpt>
      <trkpt lat="43.84253" lon="10.51858">
        <ele>20.0</ele>
      </trkpt>
      <trkpt lat="43.8424" lon="10.51845">
        <ele>20.0</ele>
      </trkpt>
      <trkpt lat="43.84281" lon="10.51586">
        <ele>20.0</ele>
      </trkpt>
      <trkpt lat="43.84308" lon="10.5157">
        <ele>19.0</ele>
      </trkpt>
      <trkpt lat="43.84355" lon="10.51614">
        <ele>18.0</ele>
      </trkpt>
      <trkpt lat="43.84384" lon="10.51601">
        <ele>17.0</ele>
      </trkpt>
      <trkpt lat="43.84519" lon="10.51629">
        <ele>16.0</ele>
      </trkpt>
      <trkpt lat="43.84923" lon="10.51514">
        <ele>20.0</ele>
      </trkpt>
      <trkpt lat="43.84951" lon="10.51467">
        <ele>21.0</ele>
      </trkpt>
      <trkpt lat="43.84978" lon="10.50932">
        <ele>20.0</ele>
      </trkpt>
      <trkpt lat="43.84991" lon="10.50882">
        <ele>20.0</ele>
      </trkpt>
      <trkpt lat="43.85434" lon="10.50917">
        <ele>20.0</ele>
      </trkpt>
      <trkpt lat="43.8552" lon="10.50837">
        <ele>22.0</ele>
      </trkpt>
      <trkpt lat="43.85517" lon="10.5079">
        <ele>24.0</ele>
      </trkpt>
      <trkpt lat="43.85677" lon="10.50755">
        <ele>23.0</ele>
      </trkpt>
      <trkpt lat="43.85797" lon="10.50593">
        <ele>21.0</ele>
      </trkpt>
      <trkpt lat="43.85866" lon="10.50599">
        <ele>22.0</ele>
      </trkpt>
      <trkpt lat="43.85942" lon="10.50658">
        <ele>24.0</ele>
      </trkpt>
      <trkpt lat="43.86084" lon="10.50808">
        <ele>25.0</ele>
      </trkpt>
      <trkpt lat="43.86251" lon="10.50921">
        <ele>24.0</ele>
      </trkpt>
      <trkpt lat="43.86247" lon="10.50978">
        <ele>24.0</ele>
      </trkpt>
      <trkpt lat="43.86269" lon="10.51003">
        <ele>24.0</ele>
      </trkpt>
      <trkpt lat="43.86288" lon="10.50994">
        <ele>24.0</ele>
      </trkpt>
      <trkpt lat="43.86294" lon="10.50955">
        <ele>24.0</ele>
      </trkpt>
      <trkpt lat="43.86323" lon="10.50932">
        <ele>24.0</ele>
      </trkpt>
      <trkpt lat="43.86516" lon="10.50876">
        <ele>25.0</ele>
      </trkpt>
      <trkpt lat="43.86679" lon="10.50848">
        <ele>25.0</ele>
      </trkpt>
      <trkpt lat="43.86762" lon="10.50808">
        <ele>24.0</ele>
      </trkpt>
      <trkpt lat="43.86867" lon="10.50725">
        <ele>24.0</ele>
      </trkpt>
      <trkpt lat="43.86971" lon="10.50706">
        <ele>24.0</ele>
      </trkpt>
      <trkpt lat="43.87013" lon="10.5068">
        <ele>23.0</ele>
      </trkpt>
      <trkpt lat="43.87034" lon="10.50648">
        <ele>23.0</ele>
      </trkpt>
      <trkpt lat="43.87049" lon="10.50588">
        <ele>23.0</ele>
      </trkpt>
      <trkpt lat="43.87015" lon="10.50402">
        <ele>24.0</ele>
      </trkpt>
      <trkpt lat="43.87033" lon="10.50137">
        <ele>27.0</ele>
      </trkpt>
      <trkpt lat="43.8705" lon="10.5009">
        <ele>27.0</ele>
      </trkpt>
      <trkpt lat="43.87369" lon="10.49352">
        <ele>28.0</ele>
      </trkpt>
      <trkpt lat="43.875" lon="10.49176">
        <ele>30.0</ele>
      </trkpt>
      <trkpt lat="43.87546" lon="10.49076">
        <ele>32.0</ele>
      </trkpt>
      <trkpt lat="43.87629" lon="10.49003">
        <ele>33.0</ele>
      </trkpt>
      <trkpt lat="43.87675" lon="10.48865">
        <ele>33.0</ele>
      </trkpt>
      <trkpt lat="43.87723" lon="10.48788">
        <ele>32.0</ele>
      </trkpt>
      <trkpt lat="43.87858" lon="10.48733">
        <ele>31.0</ele>
      </trkpt>
      <trkpt lat="43.87938" lon="10.4861">
        <ele>31.0</ele>
      </trkpt>
      <trkpt lat="43.88061" lon="10.48504">
        <ele>33.0</ele>
      </trkpt>
      <trkpt lat="43.88154" lon="10.48453">
        <ele>35.0</ele>
      </trkpt>
      <trkpt lat="43.88269" lon="10.48415">
        <ele>35.0</ele>
      </trkpt>
      <trkpt lat="43.88618" lon="10.48178">
        <ele>37.0</ele>
      </trkpt>
      <trkpt lat="43.88747" lon="10.4803">
        <ele>39.0</ele>
      </trkpt>
      <trkpt lat="43.88842" lon="10.47882">
        <ele>40.0</ele>
      </trkpt>
      <trkpt lat="43.89146" lon="10.47553">
        <ele>43.0</ele>
      </trkpt>
      <trkpt lat="43.89211" lon="10.47538">
        <ele>46.0</ele>
      </trkpt>
      <trkpt lat="43.89319" lon="10.47593">
        <ele>47.0</ele>
      </trkpt>
      <trkpt lat="43.89375" lon="10.47574">
        <ele>47.0</ele>
      </trkpt>
      <trkpt lat="43.89518" lon="10.4739">
        <ele>48.0</ele>
      </trkpt>
      <trkpt lat="43.89782" lon="10.46944">
        <ele>52.0</ele>
      </trkpt>
      <trkpt lat="43.89826" lon="10.46849">
        <ele>62.0</ele>
      </trkpt>
      <trkpt lat="43.89838" lon="10.46747">
        <ele>66.0</ele>
      </trkpt>
      <trkpt lat="43.89903" lon="10.46623">
        <ele>67.0</ele>
      </trkpt>
      <trkpt lat="43.89985" lon="10.46349">
        <ele>64.0</ele>
      </trkpt>
      <trkpt lat="43.9005" lon="10.46199">
        <ele>62.0</ele>
      </trkpt>
      <trkpt lat="43.90461" lon="10.4564">
        <ele>70.0</ele>
      </trkpt>
      <trkpt lat="43.90539" lon="10.45174">
        <ele>74.0</ele>
      </trkpt>
      <trkpt lat="43.90518" lon="10.45008">
        <ele>75.0</ele>
      </trkpt>
      <trkpt lat="43.90522" lon="10.44961">
        <ele>75.0</ele>
      </trkpt>
      <trkpt lat="43.90559" lon="10.44887">
        <ele>75.0</ele>
      </trkpt>
      <trkpt lat="43.90667" lon="10.448">
        <ele>74.0</ele>
      </trkpt>
      <trkpt lat="43.90691" lon="10.44759">
        <ele>74.0</ele>
      </trkpt>
      <trkpt lat="43.90697" lon="10.44539">
        <ele>73.0</ele>
      </trkpt>
      <trkpt lat="43.90751" lon="10.44454">
        <ele>74.0</ele>
      </trkpt>
      <trkpt lat="43.90771" lon="10.44309">
        <ele>75.0</ele>
      </trkpt>
      <trkpt lat="43.9085" lon="10.43998">
        <ele>81.0</ele>
      </trkpt>
      <trkpt lat="43.9094" lon="10.43795">
        <ele>81.0</ele>
      </trkpt>
      <trkpt lat="43.90987" lon="10.43287">
        <ele>81.0</ele>
      </trkpt>
      <trkpt lat="43.90903" lon="10.42894">
        <ele>82.0</ele>
      </trkpt>
      <trkpt lat="43.90871" lon="10.42535">
        <ele>87.0</ele>
      </trkpt>
      <trkpt lat="43.90761" lon="10.42207">
        <ele>89.0</ele>
      </trkpt>
      <trkpt lat="43.90665" lon="10.42043">
        <ele>89.0</ele>
      </trkpt>
      <trkpt lat="43.903" lon="10.41229">
        <ele>98.0</ele>
      </trkpt>
      <trkpt lat="43.90177" lon="10.40917">
        <ele>102.0</ele>
      </trkpt>
      <trkpt lat="43.90041" lon="10.40664">
        <ele>105.0</ele>
      </trkpt>
      <trkpt lat="43.90022" lon="10.40278">
        <ele>109.0</ele>
      </trkpt>
      <trkpt lat="43.89883" lon="10.39453">
        <ele>111.0</ele>
      </trkpt>
      <trkpt lat="43.89867" lon="10.39273">
        <ele>112.0</ele>
      </trkpt>
      <trkpt lat="43.8986" lon="10.39021">
        <ele>113.0</ele>
      </trkpt>
      <trkpt lat="43.89869" lon="10.38898">
        <ele>114.0</ele>
      </trkpt>
      <trkpt lat="43.89962" lon="10.38668">
        <ele>118.0</ele>
      </trkpt>
      <trkpt lat="43.90055" lon="10.38296">
        <ele>123.0</ele>
      </trkpt>
      <trkpt lat="43.90142" lon="10.3802">
        <ele>127.0</ele>
      </trkpt>
      <trkpt lat="43.90215" lon="10.37612">
        <ele>150.0</ele>
      </trkpt>
      <trkpt lat="43.90327" lon="10.37447">
        <ele>153.0</ele>
      </trkpt>
      <trkpt lat="43.90354" lon="10.37374">
        <ele>152.0</ele>
      </trkpt>
      <trkpt lat="43.90378" lon="10.37065">
        <ele>161.0</ele>
      </trkpt>
      <trkpt lat="43.90416" lon="10.36903">
        <ele>163.0</ele>
      </trkpt>
      <trkpt lat="43.90472" lon="10.36739">
        <ele>166.0</ele>
      </trkpt>
      <trkpt lat="43.90479" lon="10.36511">
        <ele>175.0</ele>
      </trkpt>
      <trkpt lat="43.90527" lon="10.3622">
        <ele>180.0</ele>
      </trkpt>
      <trkpt lat="43.90532" lon="10.36116">
        <ele>189.0</ele>
      </trkpt>
      <trkpt lat="43.90512" lon="10.36014">
        <ele>194.0</ele>
      </trkpt>
      <trkpt lat="43.90393" lon="10.35693">
        <ele>188.0</ele>
      </trkpt>
      <trkpt lat="43.90381" lon="10.35615">
        <ele>187.0</ele>
      </trkpt>
      <trkpt lat="43.90389" lon="10.35519">
        <ele>187.0</ele>
      </trkpt>
      <trkpt lat="43.90444" lon="10.35388">
        <ele>192.0</ele>
      </trkpt>
      <trkpt lat="43.90507" lon="10.35291">
        <ele>197.0</ele>
      </trkpt>
      <trkpt lat="43.90535" lon="10.3517">
        <ele>200.0</ele>
      </trkpt>
      <trkpt lat="43.90613" lon="10.35048">
        <ele>202.0</ele>
      </trkpt>
      <trkpt lat="43.90663" lon="10.34924">
        <ele>203.0</ele>
      </trkpt>
      <trkpt lat="43.90784" lon="10.34726">
        <ele>206.0</ele>
      </trkpt>
      <trkpt lat="43.90817" lon="10.34513">
        <ele>206.0</ele>
      </trkpt>
      <trkpt lat="43.90998" lon="10.3401">
        <ele>212.0</ele>
      </trkpt>
      <trkpt lat="43.91047" lon="10.33906">
        <ele>218.0</ele>
      </trkpt>
      <trkpt lat="43.91094" lon="10.33872">
        <ele>217.0</ele>
      </trkpt>
      <trkpt lat="43.91141" lon="10.3387">
        <ele>216.0</ele>
      </trkpt>
      <trkpt lat="43.91387" lon="10.33935">
        <ele>194.0</ele>
      </trkpt>
      <trkpt lat="43.91395" lon="10.33972">
        <ele>190.0</ele>
      </trkpt>
      <trkpt lat="43.91365" lon="10.34048">
        <ele>190.0</ele>
      </trkpt>
      <trkpt lat="43.91353" lon="10.34117">
        <ele>191.0</ele>
      </trkpt>
      <trkpt lat="43.91361" lon="10.34133">
        <ele>191.0</ele>
      </trkpt>
      <trkpt lat="43.91372" lon="10.34118">
        <ele>192.0</ele>
      </trkpt>
      <trkpt lat="43.91376" lon="10.3405">
        <ele>191.0</ele>
      </trkpt>
      <trkpt lat="43.91394" lon="10.34019">
        <ele>190.0</ele>
      </trkpt>
      <trkpt lat="43.91508" lon="10.34026">
        <ele>183.0</ele>
      </trkpt>
      <trkpt lat="43.91564" lon="10.34003">
        <ele>178.0</ele>
      </trkpt>
      <trkpt lat="43.91619" lon="10.34015">
        <ele>172.0</ele>
      </trkpt>
      <trkpt lat="43.91704" lon="10.33934">
        <ele>165.0</ele>
      </trkpt>
      <trkpt lat="43.91771" lon="10.33925">
        <ele>160.0</ele>
      </trkpt>
      <trkpt lat="43.91774" lon="10.33901">
        <ele>160.0</ele>
      </trkpt>
      <trkpt lat="43.91757" lon="10.3389">
        <ele>159.0</ele>
      </trkpt>
      <trkpt lat="43.91647" lon="10.33925">
        <ele>157.0</ele>
      </trkpt>
      <trkpt lat="43.91573" lon="10.33896">
        <ele>158.0</ele>
      </trkpt>
      <trkpt lat="43.91501" lon="10.33913">
        <ele>158.0</ele>
      </trkpt>
      <trkpt lat="43.9145" lon="10.3381">
        <ele>155.0</ele>
      </trkpt>
      <trkpt lat="43.91316" lon="10.33747">
        <ele>145.0</ele>
      </trkpt>
      <trkpt lat="43.91327" lon="10.33662">
        <ele>141.0</ele>
      </trkpt>
      <trkpt lat="43.91308" lon="10.33623">
        <ele>139.0</ele>
      </trkpt>
      <trkpt lat="43.91271" lon="10.33597">
        <ele>135.0</ele>
      </trkpt>
      <trkpt lat="43.91271" lon="10.33577">
        <ele>135.0</ele>
      </trkpt>
      <trkpt lat="43.913" lon="10.33567">
        <ele>135.0</ele>
      </trkpt>
      <trkpt lat="43.9135" lon="10.3364">
        <ele>135.0</ele>
      </trkpt>
      <trkpt lat="43.91372" lon="10.3372">
        <ele>134.0</ele>
      </trkpt>
      <trkpt lat="43.91472" lon="10.33715">
        <ele>124.0</ele>
      </trkpt>
      <trkpt lat="43.91513" lon="10.33756">
        <ele>117.0</ele>
      </trkpt>
      <trkpt lat="43.91577" lon="10.33668">
        <ele>110.0</ele>
      </trkpt>
      <trkpt lat="43.91687" lon="10.33722">
        <ele>111.0</ele>
      </trkpt>
      <trkpt lat="43.91698" lon="10.33714">
        <ele>111.0</ele>
      </trkpt>
      <trkpt lat="43.91714" lon="10.33597">
        <ele>108.0</ele>
      </trkpt>
      <trkpt lat="43.91829" lon="10.33442">
        <ele>97.0</ele>
      </trkpt>
      <trkpt lat="43.92067" lon="10.33358">
        <ele>84.0</ele>
      </trkpt>
      <trkpt lat="43.92188" lon="10.32904">
        <ele>75.0</ele>
      </trkpt>
      <trkpt lat="43.92451" lon="10.32509">
        <ele>62.0</ele>
      </trkpt>
      <trkpt lat="43.92621" lon="10.32137">
        <ele>56.0</ele>
      </trkpt>
      <trkpt lat="43.92703" lon="10.31937">
        <ele>53.0</ele>
      </trkpt>
      <trkpt lat="43.92827" lon="10.31485">
        <ele>47.0</ele>
      </trkpt>
      <trkpt lat="43.92972" lon="10.31251">
        <ele>44.0</ele>
      </trkpt>
      <trkpt lat="43.93192" lon="10.31069">
        <ele>41.0</ele>
      </trkpt>
      <trkpt lat="43.93284" lon="10.30952">
        <ele>39.0</ele>
      </trkpt>
      <trkpt lat="43.93436" lon="10.3065">
        <ele>36.0</ele>
      </trkpt>
      <trkpt lat="43.93681" lon="10.30272">
        <ele>31.0</ele>
      </trkpt>
      <trkpt lat="43.93742" lon="10.30055">
        <ele>31.0</ele>
      </trkpt>
      <trkpt lat="43.93758" lon="10.29954">
        <ele>31.0</ele>
      </trkpt>
      <trkpt lat="43.93758" lon="10.29425">
        <ele>29.0</ele>
      </trkpt>
      <trkpt lat="43.93739" lon="10.29207">
        <ele>27.0</ele>
      </trkpt>
      <trkpt lat="43.93696" lon="10.28928">
        <ele>24.0</ele>
      </trkpt>
      <trkpt lat="43.93589" lon="10.28577">
        <ele>22.0</ele>
      </trkpt>
      <trkpt lat="43.93609" lon="10.28507">
        <ele>21.0</ele>
      </trkpt>
      <trkpt lat="43.93586" lon="10.28477">
        <ele>21.0</ele>
      </trkpt>
      <trkpt lat="43.93482" lon="10.28219">
        <ele>19.0</ele>
      </trkpt>
      <trkpt lat="43.93256" lon="10.27946">
        <ele>17.0</ele>
      </trkpt>
      <trkpt lat="43.93206" lon="10.27866">
        <ele>17.0</ele>
      </trkpt>
      <trkpt lat="43.93048" lon="10.2751">
        <ele>15.0</ele>
      </trkpt>
      <trkpt lat="43.93037" lon="10.27445">
        <ele>14.0</ele>
      </trkpt>
      <trkpt lat="43.92997" lon="10.27405">
        <ele>13.0</ele>
      </trkpt>
      <trkpt lat="43.9251" lon="10.26657">
        <ele>10.0</ele>
      </trkpt>
      <trkpt lat="43.92495" lon="10.26616">
        <ele>9.0</ele>
      </trkpt>
      <trkpt lat="43.92499" lon="10.26589">
        <ele>9.0</ele>
      </trkpt>
      <trkpt lat="43.92672" lon="10.26376">
        <ele>9.0</ele>
      </trkpt>
      <trkpt lat="43.93093" lon="10.26015">
        <ele>6.0</ele>
      </trkpt>
      <trkpt lat="43.93473" lon="10.25513">
        <ele>4.0</ele>
      </trkpt>
      <trkpt lat="43.93587" lon="10.2533">
        <ele>4.0</ele>
      </trkpt>
      <trkpt lat="43.93684" lon="10.25228">
        <ele>4.0</ele>
      </trkpt>
      <trkpt lat="43.93705" lon="10.25226">
        <ele>5.0</ele>
      </trkpt>
      <trkpt lat="43.93848" lon="10.24958">
        <ele>5.0</ele>
      </trkpt>
      <trkpt lat="43.93941" lon="10.24813">
        <ele>5.0</ele>
      </trkpt>
      <trkpt lat="43.94405" lon="10.24345">
        <ele>12.0</ele>
      </trkpt>
      <trkpt lat="43.95061" lon="10.23939">
        <ele>17.0</ele>
      </trkpt>
      <trkpt lat="43.95405" lon="10.23566">
        <ele>18.0</ele>
      </trkpt>
      <trkpt lat="43.95499" lon="10.2343">
        <ele>20.0</ele>
      </trkpt>
      <trkpt lat="43.95457" lon="10.23314">
        <ele>19.0</ele>
      </trkpt>
      <trkpt lat="43.95505" lon="10.23243">
        <ele>17.0</ele>
      </trkpt>
      <trkpt lat="43.95371" lon="10.23061">
        <ele>13.0</ele>
      </trkpt>
      <trkpt lat="43.9537" lon="10.23035">
        <ele>12.0</ele>
      </trkpt>
      <trkpt lat="43.95769" lon="10.22523">
        <ele>9.0</ele>
      </trkpt>
      <trkpt lat="43.95867" lon="10.2237">
        <ele>7.0</ele>
      </trkpt>
      <trkpt lat="43.95937" lon="10.22321">
        <ele>7.0</ele>
      </trkpt>
      <trkpt lat="43.96163" lon="10.22098">
        <ele>9.0</ele>
      </trkpt>
      <trkpt lat="43.96226" lon="10.21994">
        <ele>9.0</ele>
      </trkpt>
      <trkpt lat="43.96764" lon="10.21261">
        <ele>11.0</ele>
      </trkpt>
      <trkpt lat="43.96823" lon="10.21105">
        <ele>13.0</ele>
      </trkpt>
      <trkpt lat="43.969" lon="10.21045">
        <ele>14.0</ele>
      </trkpt>
      <trkpt lat="43.97996" lon="10.19618">
        <ele>18.0</ele>
      </trkpt>
      <trkpt lat="43.98961" lon="10.18288">
        <ele>9.0</ele>
      </trkpt>
      <trkpt lat="43.99027" lon="10.18113">
        <ele>7.0</ele>
      </trkpt>
      <trkpt lat="43.99081" lon="10.18078">
        <ele>7.0</ele>
      </trkpt>
      <trkpt lat="43.99166" lon="10.18086">
        <ele>6.0</ele>
      </trkpt>
      <trkpt lat="43.99376" lon="10.17878">
        <ele>4.0</ele>
      </trkpt>
      <trkpt lat="43.99685" lon="10.17334">
        <ele>1.0</ele>
      </trkpt>
      <trkpt lat="43.9997" lon="10.16949">
        <ele>6.0</ele>
      </trkpt>
      <trkpt lat="44.0002" lon="10.16909">
        <ele>6.0</ele>
      </trkpt>
      <trkpt lat="44.0004" lon="10.16847">
        <ele>6.0</ele>
      </trkpt>
      <trkpt lat="44.00531" lon="10.16185">
        <ele>17.0</ele>
      </trkpt>
      <trkpt lat="44.00804" lon="10.1603">
        <ele>27.0</ele>
      </trkpt>
      <trkpt lat="44.00841" lon="10.16023">
        <ele>29.0</ele>
      </trkpt>
      <trkpt lat="44.01285" lon="10.15782">
        <ele>33.0</ele>
      </trkpt>
      <trkpt lat="44.01757" lon="10.15551">
        <ele>37.0</ele>
      </trkpt>
      <trkpt lat="44.01799" lon="10.15476">
        <ele>40.0</ele>
      </trkpt>
      <trkpt lat="44.01884" lon="10.15133">
        <ele>52.0</ele>
      </trkpt>
      <trkpt lat="44.01942" lon="10.15061">
        <ele>53.0</ele>
      </trkpt>
      <trkpt lat="44.02115" lon="10.14905">
        <ele>52.0</ele>
      </trkpt>
      <trkpt lat="44.02271" lon="10.14739">
        <ele>45.0</ele>
      </trkpt>
      <trkpt lat="44.02385" lon="10.1464">
        <ele>43.0</ele>
      </trkpt>
      <trkpt lat="44.02452" lon="10.14607">
        <ele>43.0</ele>
      </trkpt>
      <trkpt lat="44.02564" lon="10.14498">
        <ele>44.0</ele>
      </trkpt>
      <trkpt lat="44.02672" lon="10.14466">
        <ele>48.0</ele>
      </trkpt>
      <trkpt lat="44.02829" lon="10.14484">
        <ele>54.0</ele>
      </trkpt>
      <trkpt lat="44.02941" lon="10.14423">
        <ele>59.0</ele>
      </trkpt>
      <trkpt lat="44.03073" lon="10.14435">
        <ele>58.0</ele>
      </trkpt>
      <trkpt lat="44.03124" lon="10.14423">
        <ele>57.0</ele>
      </trkpt>
      <trkpt lat="44.03521" lon="10.13962">
        <ele>56.0</ele>
      </trkpt>
      <trkpt lat="44.03551" lon="10.13958">
        <ele>58.0</ele>
      </trkpt>
      <trkpt lat="44.03555" lon="10.13931">
        <ele>59.0</ele>
      </trkpt>
      <trkpt lat="44.03596" lon="10.13866">
        <ele>60.0</ele>
      </trkpt>
      <trkpt lat="44.03978" lon="10.13372">
        <ele>40.0</ele>
      </trkpt>
      <trkpt lat="44.0402" lon="10.13071">
        <ele>43.0</ele>
      </trkpt>
      <trkpt lat="44.04024" lon="10.12437">
        <ele>46.0</ele>
      </trkpt>
      <trkpt lat="44.0404" lon="10.12368">
        <ele>44.0</ele>
      </trkpt>
      <trkpt lat="44.0373" lon="10.10993">
        <ele>30.0</ele>
      </trkpt>
      <trkpt lat="44.03716" lon="10.10826">
        <ele>27.0</ele>
      </trkpt>
      <trkpt lat="44.03698" lon="10.10144">
        <ele>18.0</ele>
      </trkpt>
      <trkpt lat="44.03686" lon="10.10092">
        <ele>16.0</ele>
      </trkpt>
      <trkpt lat="44.03698" lon="10.0994">
        <ele>15.0</ele>
      </trkpt>
      <trkpt lat="44.03721" lon="10.09831">
        <ele>15.0</ele>
      </trkpt>
      <trkpt lat="44.03771" lon="10.09725">
        <ele>16.0</ele>
      </trkpt>
      <trkpt lat="44.03963" lon="10.09433">
        <ele>10.0</ele>
      </trkpt>
      <trkpt lat="44.04325" lon="10.08714">
        <ele>11.0</ele>
      </trkpt>
      <trkpt lat="44.04341" lon="10.08637">
        <ele>12.0</ele>
      </trkpt>
      <trkpt lat="44.04363" lon="10.08623">
        <ele>13.0</ele>
      </trkpt>
      <trkpt lat="44.04377" lon="10.08579">
        <ele>13.0</ele>
      </trkpt>
      <trkpt lat="44.04424" lon="10.08516">
        <ele>13.0</ele>
      </trkpt>
      <trkpt lat="44.04715" lon="10.0795">
        <ele>14.0</ele>
      </trkpt>
      <trkpt lat="44.04891" lon="10.0767">
        <ele>15.0</ele>
      </trkpt>
      <trkpt lat="44.05083" lon="10.07271">
        <ele>18.0</ele>
      </trkpt>
      <trkpt lat="44.05487" lon="10.06577">
        <ele>21.0</ele>
      </trkpt>
      <trkpt lat="44.0551" lon="10.065">
        <ele>20.0</ele>
      </trkpt>
      <trkpt lat="44.05511" lon="10.06333">
        <ele>18.0</ele>
      </trkpt>
      <trkpt lat="44.05529" lon="10.06292">
        <ele>17.0</ele>
      </trkpt>
      <trkpt lat="44.05528" lon="10.06231">
        <ele>17.0</ele>
      </trkpt>
      <trkpt lat="44.05798" lon="10.05763">
        <ele>17.0</ele>
      </trkpt>
      <trkpt lat="44.05842" lon="10.05646">
        <ele>17.0</ele>
      </trkpt>
      <trkpt lat="44.05929" lon="10.04635">
        <ele>5.0</ele>
      </trkpt>
      <trkpt lat="44.06037" lon="10.04312">
        <ele>5.0</ele>
      </trkpt>
      <trkpt lat="44.06211" lon="10.04004">
        <ele>5.0</ele>
      </trkpt>
      <trkpt lat="44.06343" lon="10.03639">
        <ele>9.0</ele>
      </trkpt>
      <trkpt lat="44.06394" lon="10.03538">
        <ele>10.0</ele>
      </trkpt>
      <trkpt lat="44.06619" lon="10.0315">
        <ele>17.0</ele>
      </trkpt>
      <trkpt lat="44.06859" lon="10.02701">
        <ele>19.0</ele>
      </trkpt>
      <trkpt lat="44.07261" lon="10.02075">
        <ele>18.0</ele>
      </trkpt>
      <trkpt lat="44.07537" lon="10.01514">
        <ele>14.0</ele>
      </trkpt>
      <trkpt lat="44.07697" lon="10.01296">
        <ele>11.0</ele>
      </trkpt>
      <trkpt lat="44.08017" lon="10.01049">
        <ele>10.0</ele>
      </trkpt>
      <trkpt lat="44.08444" lon="10.00675">
        <ele>12.0</ele>
      </trkpt>
      <trkpt lat="44.0853" lon="10.00567">
        <ele>11.0</ele>
      </trkpt>
      <trkpt lat="44.08731" lon="10.00244">
        <ele>11.0</ele>
      </trkpt>
      <trkpt lat="44.08885" lon="10.00111">
        <ele>11.0</ele>
      </trkpt>
      <trkpt lat="44.09067" lon="9.9975">
        <ele>14.0</ele>
      </trkpt>
      <trkpt lat="44.0918" lon="9.99437">
        <ele>17.0</ele>
      </trkpt>
      <trkpt lat="44.0948" lon="9.9906">
        <ele>21.0</ele>
      </trkpt>
      <trkpt lat="44.09596" lon="9.98824">
        <ele>20.0</ele>
      </trkpt>
      <trkpt lat="44.09667" lon="9.98708">
        <ele>22.0</ele>
      </trkpt>
      <trkpt lat="44.09891" lon="9.98372">
        <ele>21.0</ele>
      </trkpt>
      <trkpt lat="44.09993" lon="9.98274">
        <ele>19.0</ele>
      </trkpt>
      <trkpt lat="44.10324" lon="9.97762">
        <ele>13.0</ele>
      </trkpt>
      <trkpt lat="44.10345" lon="9.97668">
        <ele>11.0</ele>
      </trkpt>
      <trkpt lat="44.10347" lon="9.97578">
        <ele>10.0</ele>
      </trkpt>
      <trkpt lat="44.10302" lon="9.97183">
        <ele>8.0</ele>
      </trkpt>
      <trkpt lat="44.10335" lon="9.96824">
        <ele>7.0</ele>
      </trkpt>
      <trkpt lat="44.10482" lon="9.96316">
        <ele>9.0</ele>
      </trkpt>
      <trkpt lat="44.10524" lon="9.96128">
        <ele>9.0</ele>
      </trkpt>
      <trkpt lat="44.10578" lon="9.9578">
        <ele>10.0</ele>
      </trkpt>
      <trkpt lat="44.10638" lon="9.95608">
        <ele>11.0</ele>
      </trkpt>
      <trkpt lat="44.1067" lon="9.95564">
        <ele>10.0</ele>
      </trkpt>
      <trkpt lat="44.10679" lon="9.955">
        <ele>10.0</ele>
      </trkpt>
      <trkpt lat="44.10709" lon="9.9545">
        <ele>9.0</ele>
      </trkpt>
      <trkpt lat="44.10668" lon="9.95397">
        <ele>9.0</ele>
      </trkpt>
      <trkpt lat="44.10648" lon="9.95342">
        <ele>9.0</ele>
      </trkpt>
      <trkpt lat="44.10521" lon="9.9481">
        <ele>8.0</ele>
      </trkpt>
      <trkpt lat="44.10525" lon="9.94747">
        <ele>8.0</ele>
      </trkpt>
      <trkpt lat="44.10494" lon="9.94693">
        <ele>8.0</ele>
      </trkpt>
      <trkpt lat="44.10466" lon="9.94577">
        <ele>8.0</ele>
      </trkpt>
      <trkpt lat="44.10457" lon="9.94483">
        <ele>8.0</ele>
      </trkpt>
      <trkpt lat="44.10648" lon="9.93398">
        <ele>9.0</ele>
      </trkpt>
      <trkpt lat="44.1069" lon="9.93283">
        <ele>13.0</ele>
      </trkpt>
      <trkpt lat="44.10936" lon="9.92826">
        <ele>15.0</ele>
      </trkpt>
      <trkpt lat="44.10956" lon="9.92748">
        <ele>17.0</ele>
      </trkpt>
      <trkpt lat="44.10955" lon="9.92566">
        <ele>17.0</ele>
      </trkpt>
      <trkpt lat="44.10909" lon="9.92259">
        <ele>11.0</ele>
      </trkpt>
      <trkpt lat="44.10922" lon="9.92083">
        <ele>13.0</ele>
      </trkpt>
      <trkpt lat="44.10901" lon="9.91982">
        <ele>15.0</ele>
      </trkpt>
      <trkpt lat="44.11045" lon="9.91794">
        <ele>12.0</ele>
      </trkpt>
      <trkpt lat="44.11284" lon="9.916">
        <ele>13.0</ele>
      </trkpt>
      <trkpt lat="44.11408" lon="9.9145">
        <ele>14.0</ele>
      </trkpt>
      <trkpt lat="44.11621" lon="9.91233">
        <ele>18.0</ele>
      </trkpt>
      <trkpt lat="44.11604" lon="9.9106">
        <ele>18.0</ele>
      </trkpt>
      <trkpt lat="44.11605" lon="9.90795">
        <ele>25.0</ele>
      </trkpt>
      <trkpt lat="44.1159" lon="9.90765">
        <ele>27.0</ele>
      </trkpt>
      <trkpt lat="44.1155" lon="9.90745">
        <ele>30.0</ele>
      </trkpt>
      <trkpt lat="44.11503" lon="9.90746">
        <ele>33.0</ele>
      </trkpt>
      <trkpt lat="44.11542" lon="9.90686">
        <ele>36.0</ele>
      </trkpt>
      <trkpt lat="44.11529" lon="9.90557">
        <ele>41.0</ele>
      </trkpt>
      <trkpt lat="44.1147" lon="9.90443">
        <ele>52.0</ele>
      </trkpt>
      <trkpt lat="44.11373" lon="9.90371">
        <ele>67.0</ele>
      </trkpt>
      <trkpt lat="44.11322" lon="9.90354">
        <ele>74.0</ele>
      </trkpt>
      <trkpt lat="44.1131" lon="9.9031">
        <ele>80.0</ele>
      </trkpt>
      <trkpt lat="44.11288" lon="9.90367">
        <ele>87.0</ele>
      </trkpt>
      <trkpt lat="44.11367" lon="9.90409">
        <ele>92.0</ele>
      </trkpt>
      <trkpt lat="44.11398" lon="9.90472">
        <ele>93.0</ele>
      </trkpt>
      <trkpt lat="44.11372" lon="9.90426">
        <ele>93.0</ele>
      </trkpt>
      <trkpt lat="44.11364" lon="9.90433">
        <ele>93.0</ele>
      </trkpt>
      <trkpt lat="44.11382" lon="9.90463">
        <ele>94.0</ele>
      </trkpt>
      <trkpt lat="44.11379" lon="9.90479">
        <ele>95.0</ele>
      </trkpt>
      <trkpt lat="44.11304" lon="9.90448">
        <ele>100.0</ele>
      </trkpt>
      <trkpt lat="44.11249" lon="9.90389">
        <ele>105.0</ele>
      </trkpt>
      <trkpt lat="44.11252" lon="9.90262">
        <ele>112.0</ele>
      </trkpt>
      <trkpt lat="44.11187" lon="9.9012">
        <ele>119.0</ele>
      </trkpt>
      <trkpt lat="44.11173" lon="9.8989">
        <ele>128.0</ele>
      </trkpt>
      <trkpt lat="44.11226" lon="9.89807">
        <ele>131.0</ele>
      </trkpt>
      <trkpt lat="44.11253" lon="9.89687">
        <ele>134.0</ele>
      </trkpt>
      <trkpt lat="44.1128" lon="9.8966">
        <ele>135.0</ele>
      </trkpt>
      <trkpt lat="44.11386" lon="9.89658">
        <ele>138.0</ele>
      </trkpt>
      <trkpt lat="44.11427" lon="9.89673">
        <ele>139.0</ele>
      </trkpt>
      <trkpt lat="44.11588" lon="9.89825">
        <ele>147.0</ele>
      </trkpt>
      <trkpt lat="44.11633" lon="9.89815">
        <ele>150.0</ele>
      </trkpt>
      <trkpt lat="44.11655" lon="9.89794">
        <ele>152.0</ele>
      </trkpt>
      <trkpt lat="44.11675" lon="9.89746">
        <ele>155.0</ele>
      </trkpt>
      <trkpt lat="44.1168" lon="9.89676">
        <ele>159.0</ele>
      </trkpt>
      <trkpt lat="44.11706" lon="9.89622">
        <ele>157.0</ele>
      </trkpt>
      <trkpt lat="44.11813" lon="9.8954">
        <ele>147.0</ele>
      </trkpt>
      <trkpt lat="44.11821" lon="9.89415">
        <ele>139.0</ele>
      </trkpt>
      <trkpt lat="44.11893" lon="9.89198">
        <ele>128.0</ele>
      </trkpt>
      <trkpt lat="44.11897" lon="9.89149">
        <ele>121.0</ele>
      </trkpt>
      <trkpt lat="44.1195" lon="9.89054">
        <ele>116.0</ele>
      </trkpt>
      <trkpt lat="44.11991" lon="9.8888">
        <ele>103.0</ele>
      </trkpt>
      <trkpt lat="44.12027" lon="9.88863">
        <ele>96.0</ele>
      </trkpt>
      <trkpt lat="44.11984" lon="9.88842">
        <ele>93.0</ele>
      </trkpt>
      <trkpt lat="44.11946" lon="9.88906">
        <ele>90.0</ele>
      </trkpt>
      <trkpt lat="44.1192" lon="9.88926">
        <ele>87.0</ele>
      </trkpt>
      <trkpt lat="44.11968" lon="9.8873">
        <ele>79.0</ele>
      </trkpt>
      <trkpt lat="44.12013" lon="9.88623">
        <ele>72.0</ele>
      </trkpt>
      <trkpt lat="44.12069" lon="9.88605">
        <ele>65.0</ele>
      </trkpt>
      <trkpt lat="44.12122" lon="9.88449">
        <ele>54.0</ele>
      </trkpt>
      <trkpt lat="44.12157" lon="9.88384">
        <ele>51.0</ele>
      </trkpt>
      <trkpt lat="44.12201" lon="9.88352">
        <ele>50.0</ele>
      </trkpt>
      <trkpt lat="44.1219" lon="9.88332">
        <ele>50.0</ele>
      </trkpt>
      <trkpt lat="44.12039" lon="9.88306">
        <ele>47.0</ele>
      </trkpt>
      <trkpt lat="44.11923" lon="9.88247">
        <ele>39.0</ele>
      </trkpt>
      <trkpt lat="44.11855" lon="9.88176">
        <ele>32.0</ele>
      </trkpt>
      <trkpt lat="44.11666" lon="9.87867">
        <ele>18.0</ele>
      </trkpt>
      <trkpt lat="44.11666" lon="9.87704">
        <ele>17.0</ele>
      </trkpt>
      <trkpt lat="44.11619" lon="9.87519">
        <ele>18.0</ele>
      </trkpt>
      <trkpt lat="44.1164" lon="9.87377">
        <ele>15.0</ele>
      </trkpt>
      <trkpt lat="44.1154" lon="9.87242">
        <ele>14.0</ele>
      </trkpt>
      <trkpt lat="44.11525" lon="9.87191">
        <ele>14.0</ele>
      </trkpt>
      <trkpt lat="44.11534" lon="9.87119">
        <ele>14.0</ele>
      </trkpt>
      <trkpt lat="44.11515" lon="9.8703">
        <ele>15.0</ele>
      </trkpt>
      <trkpt lat="44.11526" lon="9.86935">
        <ele>16.0</ele>
      </trkpt>
      <trkpt lat="44.11537" lon="9.86923">
        <ele>17.0</ele>
      </trkpt>
      <trkpt lat="44.11603" lon="9.86965">
        <ele>18.0</ele>
      </trkpt>
      <trkpt lat="44.11717" lon="9.86971">
        <ele>16.0</ele>
      </trkpt>
      <trkpt lat="44.11746" lon="9.86944">
        <ele>15.0</ele>
      </trkpt>
      <trkpt lat="44.11752" lon="9.86806">
        <ele>14.0</ele>
      </trkpt>
      <trkpt lat="44.11703" lon="9.86602">
        <ele>12.0</ele>
      </trkpt>
      <trkpt lat="44.11704" lon="9.8645">
        <ele>13.0</ele>
      </trkpt>
      <trkpt lat="44.11722" lon="9.8633">
        <ele>14.0</ele>
      </trkpt>
      <trkpt lat="44.11696" lon="9.86284">
        <ele>14.0</ele>
      </trkpt>
      <trkpt lat="44.11691" lon="9.86219">
        <ele>14.0</ele>
      </trkpt>
      <trkpt lat="44.11667" lon="9.86145">
        <ele>14.0</ele>
      </trkpt>
      <trkpt lat="44.11745" lon="9.86161">
        <ele>15.0</ele>
      </trkpt>
      <trkpt lat="44.1176" lon="9.86217">
        <ele>15.0</ele>
      </trkpt>
      <trkpt lat="44.1175" lon="9.86168">
        <ele>15.0</ele>
      </trkpt>
      <trkpt lat="44.11728" lon="9.86162">
        <ele>15.0</ele>
      </trkpt>
      <trkpt lat="44.11714" lon="9.85935">
        <ele>17.0</ele>
      </trkpt>
      <trkpt lat="44.11836" lon="9.8556">
        <ele>14.0</ele>
      </trkpt>
      <trkpt lat="44.12257" lon="9.8505">
        <ele>13.0</ele>
      </trkpt>
      <trkpt lat="44.12276" lon="9.84987">
        <ele>13.0</ele>
      </trkpt>
      <trkpt lat="44.12268" lon="9.84754">
        <ele>14.0</ele>
      </trkpt>
      <trkpt lat="44.12285" lon="9.84673">
        <ele>14.0</ele>
      </trkpt>
      <trkpt lat="44.12127" lon="9.84675">
        <ele>14.0</ele>
      </trkpt>
      <trkpt lat="44.1208" lon="9.84653">
        <ele>13.0</ele>
      </trkpt>
      <trkpt lat="44.1011" lon="9.82251">
        <ele>4.0</ele>
      </trkpt>
      <trkpt lat="44.10101" lon="9.82202">
        <ele>5.0</ele>
      </trkpt>
      <trkpt lat="44.10875" lon="9.8086">
        <ele>9.0</ele>
      </trkpt>
      <trkpt lat="44.10925" lon="9.80807">
        <ele>10.0</ele>
      </trkpt>
      <trkpt lat="44.10923" lon="9.80782">
        <ele>10.0</ele>
      </trkpt>
      <trkpt lat="44.10842" lon="9.80688">
        <ele>12.0</ele>
      </trkpt>
      <trkpt lat="44.10836" lon="9.80663">
        <ele>12.0</ele>
      </trkpt>
      <trkpt lat="44.11091" lon="9.80212">
        <ele>19.0</ele>
      </trkpt>
      <trkpt lat="44.11124" lon="9.80195">
        <ele>20.0</ele>
      </trkpt>
      <trkpt lat="44.11159" lon="9.80199">
        <ele>21.0</ele>
      </trkpt>
      <trkpt lat="44.11297" lon="9.80278">
        <ele>24.0</ele>
      </trkpt>
      <trkpt lat="44.11435" lon="9.80298">
        <ele>27.0</ele>
      </trkpt>
      <trkpt lat="44.11563" lon="9.80373">
        <ele>28.0</ele>
      </trkpt>
      <trkpt lat="44.1165" lon="9.80366">
        <ele>31.0</ele>
      </trkpt>
      <trkpt lat="44.11753" lon="9.80419">
        <ele>34.0</ele>
      </trkpt>
      <trkpt lat="44.11862" lon="9.80259">
        <ele>37.0</ele>
      </trkpt>
      <trkpt lat="44.11888" lon="9.80167">
        <ele>39.0</ele>
      </trkpt>
      <trkpt lat="44.12066" lon="9.80044">
        <ele>43.0</ele>
      </trkpt>
      <trkpt lat="44.121" lon="9.80005">
        <ele>48.0</ele>
      </trkpt>
      <trkpt lat="44.12301" lon="9.80007">
        <ele>55.0</ele>
      </trkpt>
      <trkpt lat="44.12305" lon="9.79984">
        <ele>57.0</ele>
      </trkpt>
      <trkpt lat="44.12273" lon="9.79927">
        <ele>58.0</ele>
      </trkpt>
      <trkpt lat="44.12248" lon="9.79792">
        <ele>64.0</ele>
      </trkpt>
      <trkpt lat="44.1227" lon="9.79783">
        <ele>66.0</ele>
      </trkpt>
      <trkpt lat="44.12304" lon="9.7989">
        <ele>70.0</ele>
      </trkpt>
      <trkpt lat="44.12321" lon="9.79883">
        <ele>72.0</ele>
      </trkpt>
      <trkpt lat="44.12329" lon="9.7985">
        <ele>74.0</ele>
      </trkpt>
      <trkpt lat="44.12318" lon="9.79816">
        <ele>77.0</ele>
      </trkpt>
      <trkpt lat="44.12289" lon="9.79789">
        <ele>79.0</ele>
      </trkpt>
      <trkpt lat="44.12294" lon="9.79759">
        <ele>82.0</ele>
      </trkpt>
      <trkpt lat="44.12313" lon="9.79762">
        <ele>84.0</ele>
      </trkpt>
      <trkpt lat="44.12369" lon="9.79849">
        <ele>90.0</ele>
      </trkpt>
      <trkpt lat="44.12387" lon="9.79844">
        <ele>94.0</ele>
      </trkpt>
      <trkpt lat="44.12363" lon="9.7975">
        <ele>102.0</ele>
      </trkpt>
      <trkpt lat="44.124" lon="9.79587">
        <ele>113.0</ele>
      </trkpt>
      <trkpt lat="44.12386" lon="9.79563">
        <ele>116.0</ele>
      </trkpt>
      <trkpt lat="44.12328" lon="9.7956">
        <ele>121.0</ele>
      </trkpt>
      <trkpt lat="44.12394" lon="9.79508">
        <ele>126.0</ele>
      </trkpt>
      <trkpt lat="44.12385" lon="9.79496">
        <ele>127.0</ele>
      </trkpt>
      <trkpt lat="44.12344" lon="9.79505">
        <ele>129.0</ele>
      </trkpt>
      <trkpt lat="44.12339" lon="9.79486">
        <ele>131.0</ele>
      </trkpt>
      <trkpt lat="44.12407" lon="9.79462">
        <ele>134.0</ele>
      </trkpt>
      <trkpt lat="44.1243" lon="9.79487">
        <ele>137.0</ele>
      </trkpt>
      <trkpt lat="44.12425" lon="9.79555">
        <ele>140.0</ele>
      </trkpt>
      <trkpt lat="44.12444" lon="9.79548">
        <ele>141.0</ele>
      </trkpt>
      <trkpt lat="44.12451" lon="9.79464">
        <ele>144.0</ele>
      </trkpt>
      <trkpt lat="44.12401" lon="9.79383">
        <ele>150.0</ele>
      </trkpt>
      <trkpt lat="44.12438" lon="9.7928">
        <ele>160.0</ele>
      </trkpt>
      <trkpt lat="44.12441" lon="9.79119">
        <ele>175.0</ele>
      </trkpt>
      <trkpt lat="44.12393" lon="9.79127">
        <ele>179.0</ele>
      </trkpt>
      <trkpt lat="44.12358" lon="9.79173">
        <ele>182.0</ele>
      </trkpt>
      <trkpt lat="44.12228" lon="9.792">
        <ele>188.0</ele>
      </trkpt>
      <trkpt lat="44.12203" lon="9.79232">
        <ele>190.0</ele>
      </trkpt>
      <trkpt lat="44.12188" lon="9.79293">
        <ele>191.0</ele>
      </trkpt>
      <trkpt lat="44.12173" lon="9.79298">
        <ele>192.0</ele>
      </trkpt>
      <trkpt lat="44.12158" lon="9.79273">
        <ele>194.0</ele>
      </trkpt>
      <trkpt lat="44.1219" lon="9.79126">
        <ele>204.0</ele>
      </trkpt>
      <trkpt lat="44.12216" lon="9.79093">
        <ele>208.0</ele>
      </trkpt>
      <trkpt lat="44.12263" lon="9.7907">
        <ele>212.0</ele>
      </trkpt>
      <trkpt lat="44.12293" lon="9.79027">
        <ele>215.0</ele>
      </trkpt>
      <trkpt lat="44.12384" lon="9.78994">
        <ele>222.0</ele>
      </trkpt>
      <trkpt lat="44.12508" lon="9.78835">
        <ele>231.0</ele>
      </trkpt>
      <trkpt lat="44.12538" lon="9.78746">
        <ele>234.0</ele>
      </trkpt>
      <trkpt lat="44.12614" lon="9.78682">
        <ele>232.0</ele>
      </trkpt>
      <trkpt lat="44.12684" lon="9.78687">
        <ele>230.0</ele>
      </trkpt>
      <trkpt lat="44.12833" lon="9.78741">
        <ele>218.0</ele>
      </trkpt>
      <trkpt lat="44.12876" lon="9.78736">
        <ele>213.0</ele>
      </trkpt>
      <trkpt lat="44.1291" lon="9.78698">
        <ele>209.0</ele>
      </trkpt>
      <trkpt lat="44.13012" lon="9.78471">
        <ele>191.0</ele>
      </trkpt>
      <trkpt lat="44.13134" lon="9.7835">
        <ele>191.0</ele>
      </trkpt>
      <trkpt lat="44.13175" lon="9.78332">
        <ele>190.0</ele>
      </trkpt>
      <trkpt lat="44.13219" lon="9.78345">
        <ele>190.0</ele>
      </trkpt>
      <trkpt lat="44.13258" lon="9.78311">
        <ele>188.0</ele>
      </trkpt>
      <trkpt lat="44.13324" lon="9.78344">
        <ele>187.0</ele>
      </trkpt>
      <trkpt lat="44.13345" lon="9.7834">
        <ele>186.0</ele>
      </trkpt>
      <trkpt lat="44.13352" lon="9.78288">
        <ele>186.0</ele>
      </trkpt>
      <trkpt lat="44.1332" lon="9.78214">
        <ele>185.0</ele>
      </trkpt>
      <trkpt lat="44.13273" lon="9.78164">
        <ele>185.0</ele>
      </trkpt>
      <trkpt lat="44.13261" lon="9.78115">
        <ele>187.0</ele>
      </trkpt>
      <trkpt lat="44.1328" lon="9.78039">
        <ele>191.0</ele>
      </trkpt>
      <trkpt lat="44.13325" lon="9.77978">
        <ele>197.0</ele>
      </trkpt>
      <trkpt lat="44.13373" lon="9.77808">
        <ele>203.0</ele>
      </trkpt>
      <trkpt lat="44.13414" lon="9.77762">
        <ele>207.0</ele>
      </trkpt>
      <trkpt lat="44.13413" lon="9.77691">
        <ele>209.0</ele>
      </trkpt>
      <trkpt lat="44.1345" lon="9.77629">
        <ele>212.0</ele>
      </trkpt>
      <trkpt lat="44.13441" lon="9.77548">
        <ele>215.0</ele>
      </trkpt>
      <trkpt lat="44.13454" lon="9.77517">
        <ele>218.0</ele>
      </trkpt>
      <trkpt lat="44.13525" lon="9.7753">
        <ele>220.0</ele>
      </trkpt>
      <trkpt lat="44.13616" lon="9.77584">
        <ele>220.0</ele>
      </trkpt>
      <trkpt lat="44.13681" lon="9.77591">
        <ele>219.0</ele>
      </trkpt>
      <trkpt lat="44.1373" lon="9.77536">
        <ele>212.0</ele>
      </trkpt>
      <trkpt lat="44.13832" lon="9.77511">
        <ele>201.0</ele>
      </trkpt>
      <trkpt lat="44.13964" lon="9.77404">
        <ele>196.0</ele>
      </trkpt>
      <trkpt lat="44.14189" lon="9.77403">
        <ele>197.0</ele>
      </trkpt>
      <trkpt lat="44.14197" lon="9.77384">
        <ele>196.0</ele>
      </trkpt>
      <trkpt lat="44.14174" lon="9.77316">
        <ele>196.0</ele>
      </trkpt>
      <trkpt lat="44.1421" lon="9.77265">
        <ele>196.0</ele>
      </trkpt>
      <trkpt lat="44.14202" lon="9.77159">
        <ele>196.0</ele>
      </trkpt>
      <trkpt lat="44.14274" lon="9.77095">
        <ele>195.0</ele>
      </trkpt>
      <trkpt lat="44.14308" lon="9.76965">
        <ele>195.0</ele>
      </trkpt>
      <trkpt lat="44.14356" lon="9.76916">
        <ele>195.0</ele>
      </trkpt>
      <trkpt lat="44.14477" lon="9.76902">
        <ele>193.0</ele>
      </trkpt>
      <trkpt lat="44.14511" lon="9.76807">
        <ele>192.0</ele>
      </trkpt>
      <trkpt lat="44.14558" lon="9.7678">
        <ele>191.0</ele>
      </trkpt>
      <trkpt lat="44.14608" lon="9.76702">
        <ele>189.0</ele>
      </trkpt>
      <trkpt lat="44.1464" lon="9.76621">
        <ele>187.0</ele>
      </trkpt>
      <trkpt lat="44.14699" lon="9.76607">
        <ele>185.0</ele>
      </trkpt>
      <trkpt lat="44.14844" lon="9.76678">
        <ele>182.0</ele>
      </trkpt>
      <trkpt lat="44.14942" lon="9.76636">
        <ele>179.0</ele>
      </trkpt>
      <trkpt lat="44.1502" lon="9.76575">
        <ele>176.0</ele>
      </trkpt>
      <trkpt lat="44.15077" lon="9.76563">
        <ele>173.0</ele>
      </trkpt>
      <trkpt lat="44.15199" lon="9.76575">
        <ele>165.0</ele>
      </trkpt>
      <trkpt lat="44.15456" lon="9.76453">
        <ele>146.0</ele>
      </trkpt>
      <trkpt lat="44.16297" lon="9.75758">
        <ele>132.0</ele>
      </trkpt>
      <trkpt lat="44.16323" lon="9.75758">
        <ele>133.0</ele>
      </trkpt>
      <trkpt lat="44.16391" lon="9.75828">
        <ele>135.0</ele>
      </trkpt>
      <trkpt lat="44.16436" lon="9.75887">
        <ele>136.0</ele>
      </trkpt>
      <trkpt lat="44.1647" lon="9.75963">
        <ele>136.0</ele>
      </trkpt>
      <trkpt lat="44.16494" lon="9.75979">
        <ele>135.0</ele>
      </trkpt>
      <trkpt lat="44.16644" lon="9.75835">
        <ele>133.0</ele>
      </trkpt>
      <trkpt lat="44.16694" lon="9.75835">
        <ele>132.0</ele>
      </trkpt>
      <trkpt lat="44.16802" lon="9.75869">
        <ele>127.0</ele>
      </trkpt>
      <trkpt lat="44.16874" lon="9.75686">
        <ele>119.0</ele>
      </trkpt>
      <trkpt lat="44.16921" lon="9.75684">
        <ele>116.0</ele>
      </trkpt>
      <trkpt lat="44.16953" lon="9.75722">
        <ele>112.0</ele>
      </trkpt>
      <trkpt lat="44.16974" lon="9.75724">
        <ele>110.0</ele>
      </trkpt>
      <trkpt lat="44.171" lon="9.75541">
        <ele>103.0</ele>
      </trkpt>
      <trkpt lat="44.17347" lon="9.75412">
        <ele>95.0</ele>
      </trkpt>
      <trkpt lat="44.17354" lon="9.75333">
        <ele>96.0</ele>
      </trkpt>
      <trkpt lat="44.17337" lon="9.75233">
        <ele>101.0</ele>
      </trkpt>
      <trkpt lat="44.17342" lon="9.75125">
        <ele>106.0</ele>
      </trkpt>
      <trkpt lat="44.17303" lon="9.75009">
        <ele>112.0</ele>
      </trkpt>
      <trkpt lat="44.17296" lon="9.7494">
        <ele>118.0</ele>
      </trkpt>
      <trkpt lat="44.17349" lon="9.74679">
        <ele>139.0</ele>
      </trkpt>
      <trkpt lat="44.17432" lon="9.74653">
        <ele>147.0</ele>
      </trkpt>
      <trkpt lat="44.1747" lon="9.7456">
        <ele>152.0</ele>
      </trkpt>
      <trkpt lat="44.17536" lon="9.74497">
        <ele>158.0</ele>
      </trkpt>
      <trkpt lat="44.17554" lon="9.74517">
        <ele>161.0</ele>
      </trkpt>
      <trkpt lat="44.17535" lon="9.74651">
        <ele>167.0</ele>
      </trkpt>
      <trkpt lat="44.17563" lon="9.7469">
        <ele>172.0</ele>
      </trkpt>
      <trkpt lat="44.17626" lon="9.74709">
        <ele>178.0</ele>
      </trkpt>
      <trkpt lat="44.1766" lon="9.74701">
        <ele>184.0</ele>
      </trkpt>
      <trkpt lat="44.17699" lon="9.7462">
        <ele>191.0</ele>
      </trkpt>
      <trkpt lat="44.17712" lon="9.74615">
        <ele>193.0</ele>
      </trkpt>
      <trkpt lat="44.17757" lon="9.74684">
        <ele>198.0</ele>
      </trkpt>
      <trkpt lat="44.17733" lon="9.74763">
        <ele>203.0</ele>
      </trkpt>
      <trkpt lat="44.17774" lon="9.74776">
        <ele>205.0</ele>
      </trkpt>
      <trkpt lat="44.1781" lon="9.74755">
        <ele>208.0</ele>
      </trkpt>
      <trkpt lat="44.17846" lon="9.74643">
        <ele>210.0</ele>
      </trkpt>
      <trkpt lat="44.17847" lon="9.74617">
        <ele>213.0</ele>
      </trkpt>
      <trkpt lat="44.17804" lon="9.74503">
        <ele>220.0</ele>
      </trkpt>
      <trkpt lat="44.17805" lon="9.74336">
        <ele>229.0</ele>
      </trkpt>
      <trkpt lat="44.1777" lon="9.74257">
        <ele>234.0</ele>
      </trkpt>
      <trkpt lat="44.17775" lon="9.7422">
        <ele>236.0</ele>
      </trkpt>
      <trkpt lat="44.17829" lon="9.74099">
        <ele>240.0</ele>
      </trkpt>
      <trkpt lat="44.17825" lon="9.74053">
        <ele>240.0</ele>
      </trkpt>
      <trkpt lat="44.1779" lon="9.7397">
        <ele>238.0</ele>
      </trkpt>
      <trkpt lat="44.17735" lon="9.73926">
        <ele>236.0</ele>
      </trkpt>
      <trkpt lat="44.1768" lon="9.73691">
        <ele>230.0</ele>
      </trkpt>
      <trkpt lat="44.17609" lon="9.73563">
        <ele>233.0</ele>
      </trkpt>
      <trkpt lat="44.17613" lon="9.73425">
        <ele>239.0</ele>
      </trkpt>
      <trkpt lat="44.17573" lon="9.73398">
        <ele>240.0</ele>
      </trkpt>
      <trkpt lat="44.17533" lon="9.73441">
        <ele>241.0</ele>
      </trkpt>
      <trkpt lat="44.17512" lon="9.73436">
        <ele>242.0</ele>
      </trkpt>
      <trkpt lat="44.17519" lon="9.73372">
        <ele>238.0</ele>
      </trkpt>
      <trkpt lat="44.1748" lon="9.73242">
        <ele>225.0</ele>
      </trkpt>
      <trkpt lat="44.17444" lon="9.73195">
        <ele>217.0</ele>
      </trkpt>
      <trkpt lat="44.17458" lon="9.73145">
        <ele>216.0</ele>
      </trkpt>
      <trkpt lat="44.17482" lon="9.73128">
        <ele>215.0</ele>
      </trkpt>
      <trkpt lat="44.17568" lon="9.73244">
        <ele>213.0</ele>
      </trkpt>
      <trkpt lat="44.17623" lon="9.73264">
        <ele>212.0</ele>
      </trkpt>
      <trkpt lat="44.17671" lon="9.73206">
        <ele>212.0</ele>
      </trkpt>
      <trkpt lat="44.17698" lon="9.73118">
        <ele>210.0</ele>
      </trkpt>
      <trkpt lat="44.1783" lon="9.73057">
        <ele>203.0</ele>
      </trkpt>
      <trkpt lat="44.17836" lon="9.73013">
        <ele>201.0</ele>
      </trkpt>
      <trkpt lat="44.17771" lon="9.72808">
        <ele>197.0</ele>
      </trkpt>
      <trkpt lat="44.17787" lon="9.72747">
        <ele>195.0</ele>
      </trkpt>
      <trkpt lat="44.17785" lon="9.72683">
        <ele>192.0</ele>
      </trkpt>
      <trkpt lat="44.17735" lon="9.72531">
        <ele>187.0</ele>
      </trkpt>
      <trkpt lat="44.17603" lon="9.72269">
        <ele>186.0</ele>
      </trkpt>
      <trkpt lat="44.17633" lon="9.72121">
        <ele>188.0</ele>
      </trkpt>
      <trkpt lat="44.17626" lon="9.7197">
        <ele>192.0</ele>
      </trkpt>
      <trkpt lat="44.17563" lon="9.71905">
        <ele>195.0</ele>
      </trkpt>
      <trkpt lat="44.17536" lon="9.71825">
        <ele>199.0</ele>
      </trkpt>
      <trkpt lat="44.17542" lon="9.71865">
        <ele>201.0</ele>
      </trkpt>
      <trkpt lat="44.1753" lon="9.71839">
        <ele>202.0</ele>
      </trkpt>
      <trkpt lat="44.17509" lon="9.7167">
        <ele>210.0</ele>
      </trkpt>
      <trkpt lat="44.17415" lon="9.71509">
        <ele>227.0</ele>
      </trkpt>
      <trkpt lat="44.17394" lon="9.71401">
        <ele>233.0</ele>
      </trkpt>
      <trkpt lat="44.17355" lon="9.71364">
        <ele>236.0</ele>
      </trkpt>
      <trkpt lat="44.17219" lon="9.71317">
        <ele>242.0</ele>
      </trkpt>
      <trkpt lat="44.17185" lon="9.71288">
        <ele>247.0</ele>
      </trkpt>
      <trkpt lat="44.17159" lon="9.71242">
        <ele>252.0</ele>
      </trkpt>
      <trkpt lat="44.17153" lon="9.71203">
        <ele>256.0</ele>
      </trkpt>
      <trkpt lat="44.17164" lon="9.71137">
        <ele>259.0</ele>
      </trkpt>
      <trkpt lat="44.17204" lon="9.71039">
        <ele>260.0</ele>
      </trkpt>
      <trkpt lat="44.17147" lon="9.7089">
        <ele>261.0</ele>
      </trkpt>
      <trkpt lat="44.17144" lon="9.7085">
        <ele>263.0</ele>
      </trkpt>
      <trkpt lat="44.17186" lon="9.70704">
        <ele>273.0</ele>
      </trkpt>
      <trkpt lat="44.17181" lon="9.70466">
        <ele>289.0</ele>
      </trkpt>
      <trkpt lat="44.17144" lon="9.70386">
        <ele>299.0</ele>
      </trkpt>
      <trkpt lat="44.17103" lon="9.70353">
        <ele>300.0</ele>
      </trkpt>
      <trkpt lat="44.17031" lon="9.70343">
        <ele>301.0</ele>
      </trkpt>
      <trkpt lat="44.16996" lon="9.70252">
        <ele>303.0</ele>
      </trkpt>
      <trkpt lat="44.16927" lon="9.70204">
        <ele>308.0</ele>
      </trkpt>
      <trkpt lat="44.16929" lon="9.70114">
        <ele>312.0</ele>
      </trkpt>
      <trkpt lat="44.16909" lon="9.69998">
        <ele>317.0</ele>
      </trkpt>
      <trkpt lat="44.16945" lon="9.69914">
        <ele>321.0</ele>
      </trkpt>
      <trkpt lat="44.16961" lon="9.69833">
        <ele>324.0</ele>
      </trkpt>
      <trkpt lat="44.16925" lon="9.69613">
        <ele>334.0</ele>
      </trkpt>
      <trkpt lat="44.16845" lon="9.69517">
        <ele>343.0</ele>
      </trkpt>
      <trkpt lat="44.16835" lon="9.69416">
        <ele>347.0</ele>
      </trkpt>
      <trkpt lat="44.16849" lon="9.69238">
        <ele>353.0</ele>
      </trkpt>
      <trkpt lat="44.16828" lon="9.6917">
        <ele>356.0</ele>
      </trkpt>
      <trkpt lat="44.16814" lon="9.69044">
        <ele>357.0</ele>
      </trkpt>
      <trkpt lat="44.16754" lon="9.68954">
        <ele>359.0</ele>
      </trkpt>
      <trkpt lat="44.16674" lon="9.68796">
        <ele>365.0</ele>
      </trkpt>
      <trkpt lat="44.16578" lon="9.68704">
        <ele>373.0</ele>
      </trkpt>
      <trkpt lat="44.16515" lon="9.6852">
        <ele>381.0</ele>
      </trkpt>
      <trkpt lat="44.16381" lon="9.68363">
        <ele>385.0</ele>
      </trkpt>
      <trkpt lat="44.16363" lon="9.68325">
        <ele>387.0</ele>
      </trkpt>
      <trkpt lat="44.16351" lon="9.68241">
        <ele>388.0</ele>
      </trkpt>
      <trkpt lat="44.16265" lon="9.68108">
        <ele>388.0</ele>
      </trkpt>
      <trkpt lat="44.16241" lon="9.68089">
        <ele>389.0</ele>
      </trkpt>
      <trkpt lat="44.16129" lon="9.6804">
        <ele>392.0</ele>
      </trkpt>
      <trkpt lat="44.15926" lon="9.681">
        <ele>398.0</ele>
      </trkpt>
      <trkpt lat="44.15778" lon="9.68218">
        <ele>409.0</ele>
      </trkpt>
      <trkpt lat="44.15696" lon="9.68255">
        <ele>416.0</ele>
      </trkpt>
      <trkpt lat="44.15611" lon="9.68375">
        <ele>419.0</ele>
      </trkpt>
      <trkpt lat="44.1556" lon="9.6837">
        <ele>420.0</ele>
      </trkpt>
      <trkpt lat="44.15524" lon="9.68342">
        <ele>422.0</ele>
      </trkpt>
      <trkpt lat="44.15499" lon="9.68182">
        <ele>427.0</ele>
      </trkpt>
      <trkpt lat="44.15516" lon="9.68135">
        <ele>431.0</ele>
      </trkpt>
      <trkpt lat="44.15581" lon="9.68039">
        <ele>437.0</ele>
      </trkpt>
      <trkpt lat="44.1559" lon="9.67903">
        <ele>446.0</ele>
      </trkpt>
      <trkpt lat="44.15615" lon="9.67859">
        <ele>450.0</ele>
      </trkpt>
      <trkpt lat="44.15717" lon="9.67794">
        <ele>453.0</ele>
      </trkpt>
      <trkpt lat="44.15734" lon="9.67764">
        <ele>457.0</ele>
      </trkpt>
      <trkpt lat="44.15728" lon="9.6773">
        <ele>459.0</ele>
      </trkpt>
      <trkpt lat="44.15657" lon="9.67597">
        <ele>467.0</ele>
      </trkpt>
      <trkpt lat="44.15656" lon="9.67554">
        <ele>473.0</ele>
      </trkpt>
      <trkpt lat="44.15684" lon="9.67525">
        <ele>477.0</ele>
      </trkpt>
      <trkpt lat="44.15766" lon="9.6753">
        <ele>482.0</ele>
      </trkpt>
      <trkpt lat="44.15861" lon="9.67441">
        <ele>488.0</ele>
      </trkpt>
      <trkpt lat="44.15888" lon="9.67361">
        <ele>493.0</ele>
      </trkpt>
      <trkpt lat="44.15908" lon="9.67204">
        <ele>502.0</ele>
      </trkpt>
      <trkpt lat="44.15893" lon="9.67194">
        <ele>503.0</ele>
      </trkpt>
      <trkpt lat="44.15878" lon="9.67208">
        <ele>504.0</ele>
      </trkpt>
      <trkpt lat="44.15863" lon="9.67351">
        <ele>508.0</ele>
      </trkpt>
      <trkpt lat="44.15831" lon="9.67393">
        <ele>510.0</ele>
      </trkpt>
      <trkpt lat="44.15781" lon="9.67421">
        <ele>514.0</ele>
      </trkpt>
      <trkpt lat="44.15747" lon="9.67409">
        <ele>518.0</ele>
      </trkpt>
      <trkpt lat="44.15714" lon="9.67311">
        <ele>523.0</ele>
      </trkpt>
      <trkpt lat="44.15695" lon="9.67299">
        <ele>526.0</ele>
      </trkpt>
      <trkpt lat="44.15668" lon="9.67305">
        <ele>528.0</ele>
      </trkpt>
      <trkpt lat="44.15577" lon="9.67382">
        <ele>535.0</ele>
      </trkpt>
      <trkpt lat="44.15466" lon="9.67363">
        <ele>542.0</ele>
      </trkpt>
      <trkpt lat="44.15432" lon="9.67341">
        <ele>544.0</ele>
      </trkpt>
      <trkpt lat="44.15344" lon="9.67184">
        <ele>545.0</ele>
      </trkpt>
      <trkpt lat="44.15301" lon="9.66985">
        <ele>531.0</ele>
      </trkpt>
      <trkpt lat="44.15312" lon="9.66939">
        <ele>527.0</ele>
      </trkpt>
      <trkpt lat="44.15369" lon="9.66896">
        <ele>526.0</ele>
      </trkpt>
      <trkpt lat="44.15466" lon="9.66934">
        <ele>525.0</ele>
      </trkpt>
      <trkpt lat="44.15488" lon="9.66924">
        <ele>522.0</ele>
      </trkpt>
      <trkpt lat="44.15509" lon="9.66796">
        <ele>516.0</ele>
      </trkpt>
      <trkpt lat="44.155" lon="9.66694">
        <ele>511.0</ele>
      </trkpt>
      <trkpt lat="44.15522" lon="9.66654">
        <ele>508.0</ele>
      </trkpt>
      <trkpt lat="44.15878" lon="9.6656">
        <ele>497.0</ele>
      </trkpt>
      <trkpt lat="44.15982" lon="9.66504">
        <ele>490.0</ele>
      </trkpt>
      <trkpt lat="44.16081" lon="9.66348">
        <ele>481.0</ele>
      </trkpt>
      <trkpt lat="44.16133" lon="9.66192">
        <ele>473.0</ele>
      </trkpt>
      <trkpt lat="44.16122" lon="9.66099">
        <ele>464.0</ele>
      </trkpt>
      <trkpt lat="44.16164" lon="9.65974">
        <ele>452.0</ele>
      </trkpt>
      <trkpt lat="44.162" lon="9.65961">
        <ele>447.0</ele>
      </trkpt>
      <trkpt lat="44.16277" lon="9.66003">
        <ele>446.0</ele>
      </trkpt>
      <trkpt lat="44.1633" lon="9.65977">
        <ele>446.0</ele>
      </trkpt>
      <trkpt lat="44.16337" lon="9.65932">
        <ele>445.0</ele>
      </trkpt>
      <trkpt lat="44.16309" lon="9.65789">
        <ele>434.0</ele>
      </trkpt>
      <trkpt lat="44.16319" lon="9.6573">
        <ele>424.0</ele>
      </trkpt>
      <trkpt lat="44.16382" lon="9.6572">
        <ele>418.0</ele>
      </trkpt>
      <trkpt lat="44.16405" lon="9.65649">
        <ele>416.0</ele>
      </trkpt>
      <trkpt lat="44.16425" lon="9.65627">
        <ele>414.0</ele>
      </trkpt>
      <trkpt lat="44.16457" lon="9.65625">
        <ele>412.0</ele>
      </trkpt>
      <trkpt lat="44.16552" lon="9.6566">
        <ele>406.0</ele>
      </trkpt>
      <trkpt lat="44.16567" lon="9.65647">
        <ele>403.0</ele>
      </trkpt>
      <trkpt lat="44.16548" lon="9.65509">
        <ele>395.0</ele>
      </trkpt>
      <trkpt lat="44.16439" lon="9.65375">
        <ele>384.0</ele>
      </trkpt>
      <trkpt lat="44.16479" lon="9.65259">
        <ele>372.0</ele>
      </trkpt>
      <trkpt lat="44.1636" lon="9.6516">
        <ele>358.0</ele>
      </trkpt>
      <trkpt lat="44.1638" lon="9.65048">
        <ele>348.0</ele>
      </trkpt>
      <trkpt lat="44.1632" lon="9.64993">
        <ele>342.0</ele>
      </trkpt>
      <trkpt lat="44.16323" lon="9.64954">
        <ele>339.0</ele>
      </trkpt>
      <trkpt lat="44.16348" lon="9.64951">
        <ele>337.0</ele>
      </trkpt>
      <trkpt lat="44.16382" lon="9.64981">
        <ele>334.0</ele>
      </trkpt>
      <trkpt lat="44.16417" lon="9.64989">
        <ele>333.0</ele>
      </trkpt>
      <trkpt lat="44.1651" lon="9.65089">
        <ele>331.0</ele>
      </trkpt>
      <trkpt lat="44.16636" lon="9.65175">
        <ele>329.0</ele>
      </trkpt>
      <trkpt lat="44.16745" lon="9.65272">
        <ele>323.0</ele>
      </trkpt>
      <trkpt lat="44.16793" lon="9.65282">
        <ele>320.0</ele>
      </trkpt>
      <trkpt lat="44.16833" lon="9.65254">
        <ele>317.0</ele>
      </trkpt>
      <trkpt lat="44.16874" lon="9.65199">
        <ele>312.0</ele>
      </trkpt>
      <trkpt lat="44.16925" lon="9.6517">
        <ele>305.0</ele>
      </trkpt>
      <trkpt lat="44.16954" lon="9.6513">
        <ele>298.0</ele>
      </trkpt>
      <trkpt lat="44.16982" lon="9.65054">
        <ele>296.0</ele>
      </trkpt>
      <trkpt lat="44.1702" lon="9.65013">
        <ele>300.0</ele>
      </trkpt>
      <trkpt lat="44.17084" lon="9.65064">
        <ele>305.0</ele>
      </trkpt>
      <trkpt lat="44.17133" lon="9.65074">
        <ele>297.0</ele>
      </trkpt>
      <trkpt lat="44.17146" lon="9.64989">
        <ele>284.0</ele>
      </trkpt>
      <trkpt lat="44.17142" lon="9.64905">
        <ele>269.0</ele>
      </trkpt>
      <trkpt lat="44.17164" lon="9.64794">
        <ele>264.0</ele>
      </trkpt>
      <trkpt lat="44.17186" lon="9.64779">
        <ele>265.0</ele>
      </trkpt>
      <trkpt lat="44.17244" lon="9.64833">
        <ele>266.0</ele>
      </trkpt>
      <trkpt lat="44.17269" lon="9.64833">
        <ele>265.0</ele>
      </trkpt>
      <trkpt lat="44.17274" lon="9.64715">
        <ele>249.0</ele>
      </trkpt>
      <trkpt lat="44.17315" lon="9.64591">
        <ele>229.0</ele>
      </trkpt>
      <trkpt lat="44.17351" lon="9.64529">
        <ele>228.0</ele>
      </trkpt>
      <trkpt lat="44.17406" lon="9.64557">
        <ele>227.0</ele>
      </trkpt>
      <trkpt lat="44.17434" lon="9.64517">
        <ele>227.0</ele>
      </trkpt>
      <trkpt lat="44.17464" lon="9.64375">
        <ele>225.0</ele>
      </trkpt>
      <trkpt lat="44.17447" lon="9.64384">
        <ele>225.0</ele>
      </trkpt>
      <trkpt lat="44.17407" lon="9.64516">
        <ele>222.0</ele>
      </trkpt>
      <trkpt lat="44.17315" lon="9.64455">
        <ele>209.0</ele>
      </trkpt>
      <trkpt lat="44.17303" lon="9.64433">
        <ele>202.0</ele>
      </trkpt>
      <trkpt lat="44.17312" lon="9.64423">
        <ele>198.0</ele>
      </trkpt>
      <trkpt lat="44.17359" lon="9.64455">
        <ele>192.0</ele>
      </trkpt>
      <trkpt lat="44.17401" lon="9.64449">
        <ele>187.0</ele>
      </trkpt>
      <trkpt lat="44.17418" lon="9.64296">
        <ele>176.0</ele>
      </trkpt>
      <trkpt lat="44.17479" lon="9.64203">
        <ele>162.0</ele>
      </trkpt>
      <trkpt lat="44.17478" lon="9.64165">
        <ele>158.0</ele>
      </trkpt>
      <trkpt lat="44.17443" lon="9.64064">
        <ele>148.0</ele>
      </trkpt>
      <trkpt lat="44.17449" lon="9.6405">
        <ele>145.0</ele>
      </trkpt>
      <trkpt lat="44.17489" lon="9.64041">
        <ele>142.0</ele>
      </trkpt>
      <trkpt lat="44.17525" lon="9.63936">
        <ele>138.0</ele>
      </trkpt>
      <trkpt lat="44.17523" lon="9.6382">
        <ele>133.0</ele>
      </trkpt>
      <trkpt lat="44.17499" lon="9.63714">
        <ele>127.0</ele>
      </trkpt>
      <trkpt lat="44.17495" lon="9.63633">
        <ele>121.0</ele>
      </trkpt>
      <trkpt lat="44.17521" lon="9.6363">
        <ele>117.0</ele>
      </trkpt>
      <trkpt lat="44.17607" lon="9.637">
        <ele>110.0</ele>
      </trkpt>
      <trkpt lat="44.17627" lon="9.63679">
        <ele>107.0</ele>
      </trkpt>
      <trkpt lat="44.17634" lon="9.63628">
        <ele>104.0</ele>
      </trkpt>
      <trkpt lat="44.17616" lon="9.63577">
        <ele>101.0</ele>
      </trkpt>
      <trkpt lat="44.17568" lon="9.63613">
        <ele>98.0</ele>
      </trkpt>
      <trkpt lat="44.17542" lon="9.63592">
        <ele>96.0</ele>
      </trkpt>
      <trkpt lat="44.17512" lon="9.63435">
        <ele>93.0</ele>
      </trkpt>
      <trkpt lat="44.17508" lon="9.63333">
        <ele>83.0</ele>
      </trkpt>
      <trkpt lat="44.17475" lon="9.63233">
        <ele>72.0</ele>
      </trkpt>
      <trkpt lat="44.17493" lon="9.63165">
        <ele>65.0</ele>
      </trkpt>
      <trkpt lat="44.17484" lon="9.63145">
        <ele>62.0</ele>
      </trkpt>
      <trkpt lat="44.1747" lon="9.63151">
        <ele>61.0</ele>
      </trkpt>
      <trkpt lat="44.17435" lon="9.63296">
        <ele>57.0</ele>
      </trkpt>
      <trkpt lat="44.17363" lon="9.63436">
        <ele>50.0</ele>
      </trkpt>
      <trkpt lat="44.17341" lon="9.63504">
        <ele>45.0</ele>
      </trkpt>
      <trkpt lat="44.17317" lon="9.63512">
        <ele>43.0</ele>
      </trkpt>
      <trkpt lat="44.17311" lon="9.63485">
        <ele>41.0</ele>
      </trkpt>
      <trkpt lat="44.17358" lon="9.63397">
        <ele>38.0</ele>
      </trkpt>
      <trkpt lat="44.17388" lon="9.63257">
        <ele>36.0</ele>
      </trkpt>
      <trkpt lat="44.17392" lon="9.63186">
        <ele>34.0</ele>
      </trkpt>
      <trkpt lat="44.17428" lon="9.63074">
        <ele>31.0</ele>
      </trkpt>
      <trkpt lat="44.17469" lon="9.62988">
        <ele>30.0</ele>
      </trkpt>
      <trkpt lat="44.17527" lon="9.62922">
        <ele>28.0</ele>
      </trkpt>
      <trkpt lat="44.17514" lon="9.62812">
        <ele>27.0</ele>
      </trkpt>
      <trkpt lat="44.17537" lon="9.627">
        <ele>27.0</ele>
      </trkpt>
      <trkpt lat="44.17493" lon="9.62561">
        <ele>27.0</ele>
      </trkpt>
      <trkpt lat="44.17494" lon="9.62525">
        <ele>27.0</ele>
      </trkpt>
      <trkpt lat="44.17561" lon="9.62301">
        <ele>20.0</ele>
      </trkpt>
      <trkpt lat="44.17596" lon="9.62247">
        <ele>15.0</ele>
      </trkpt>
      <trkpt lat="44.17576" lon="9.62194">
        <ele>14.0</ele>
      </trkpt>
      <trkpt lat="44.17466" lon="9.62052">
        <ele>13.0</ele>
      </trkpt>
      <trkpt lat="44.17516" lon="9.61963">
        <ele>13.0</ele>
      </trkpt>
      <trkpt lat="44.17563" lon="9.61924">
        <ele>13.0</ele>
      </trkpt>
      <trkpt lat="44.17535" lon="9.61908">
        <ele>13.0</ele>
      </trkpt>
      <trkpt lat="44.17396" lon="9.61744">
        <ele>12.0</ele>
      </trkpt>
      <trkpt lat="44.17327" lon="9.61489">
        <ele>9.0</ele>
      </trkpt>
      <trkpt lat="44.17314" lon="9.61476">
        <ele>8.0</ele>
      </trkpt>
      <trkpt lat="44.17247" lon="9.61483">
        <ele>7.0</ele>
      </trkpt>
      <trkpt lat="44.17196" lon="9.61421">
        <ele>7.0</ele>
      </trkpt>
      <trkpt lat="44.17084" lon="9.6091">
        <ele>7.0</ele>
      </trkpt>
      <trkpt lat="44.17186" lon="9.60856">
        <ele>10.0</ele>
      </trkpt>
      <trkpt lat="44.17233" lon="9.60898">
        <ele>13.0</ele>
      </trkpt>
      <trkpt lat="44.17248" lon="9.60962">
        <ele>15.0</ele>
      </trkpt>
      <trkpt lat="44.17242" lon="9.61042">
        <ele>18.0</ele>
      </trkpt>
      <trkpt lat="44.17229" lon="9.61075">
        <ele>19.0</ele>
      </trkpt>
      <trkpt lat="44.17237" lon="9.61115">
        <ele>19.0</ele>
      </trkpt>
      <trkpt lat="44.17333" lon="9.61237">
        <ele>22.0</ele>
      </trkpt>
      <trkpt lat="44.17332" lon="9.61214">
        <ele>23.0</ele>
      </trkpt>
      <trkpt lat="44.17275" lon="9.61103">
        <ele>25.0</ele>
      </trkpt>
      <trkpt lat="44.17283" lon="9.61095">
        <ele>26.0</ele>
      </trkpt>
      <trkpt lat="44.17373" lon="9.61205">
        <ele>33.0</ele>
      </trkpt>
      <trkpt lat="44.17321" lon="9.61097">
        <ele>41.0</ele>
      </trkpt>
      <trkpt lat="44.17328" lon="9.60968">
        <ele>46.0</ele>
      </trkpt>
      <trkpt lat="44.17285" lon="9.60829">
        <ele>50.0</ele>
      </trkpt>
      <trkpt lat="44.17283" lon="9.60691">
        <ele>55.0</ele>
      </trkpt>
      <trkpt lat="44.17332" lon="9.60574">
        <ele>61.0</ele>
      </trkpt>
      <trkpt lat="44.17456" lon="9.60549">
        <ele>74.0</ele>
      </trkpt>
      <trkpt lat="44.17536" lon="9.60507">
        <ele>82.0</ele>
      </trkpt>
      <trkpt lat="44.17631" lon="9.6048">
        <ele>88.0</ele>
      </trkpt>
      <trkpt lat="44.17701" lon="9.60489">
        <ele>93.0</ele>
      </trkpt>
      <trkpt lat="44.17815" lon="9.60566">
        <ele>111.0</ele>
      </trkpt>
      <trkpt lat="44.17853" lon="9.6055">
        <ele>119.0</ele>
      </trkpt>
      <trkpt lat="44.17823" lon="9.60501">
        <ele>123.0</ele>
      </trkpt>
      <trkpt lat="44.17812" lon="9.60392">
        <ele>125.0</ele>
      </trkpt>
      <trkpt lat="44.17842" lon="9.60215">
        <ele>129.0</ele>
      </trkpt>
      <trkpt lat="44.17834" lon="9.6017">
        <ele>131.0</ele>
      </trkpt>
      <trkpt lat="44.17847" lon="9.60117">
        <ele>132.0</ele>
      </trkpt>
      <trkpt lat="44.17838" lon="9.60066">
        <ele>134.0</ele>
      </trkpt>
      <trkpt lat="44.17848" lon="9.60026">
        <ele>136.0</ele>
      </trkpt>
      <trkpt lat="44.17906" lon="9.59953">
        <ele>145.0</ele>
      </trkpt>
      <trkpt lat="44.17906" lon="9.5993">
        <ele>148.0</ele>
      </trkpt>
      <trkpt lat="44.179" lon="9.59902">
        <ele>150.0</ele>
      </trkpt>
      <trkpt lat="44.17867" lon="9.59871">
        <ele>156.0</ele>
      </trkpt>
      <trkpt lat="44.17762" lon="9.5989">
        <ele>159.0</ele>
      </trkpt>
      <trkpt lat="44.17731" lon="9.59868">
        <ele>161.0</ele>
      </trkpt>
      <trkpt lat="44.17721" lon="9.5984">
        <ele>163.0</ele>
      </trkpt>
      <trkpt lat="44.17771" lon="9.59797">
        <ele>166.0</ele>
      </trkpt>
      <trkpt lat="44.17865" lon="9.59757">
        <ele>176.0</ele>
      </trkpt>
      <trkpt lat="44.17898" lon="9.59675">
        <ele>182.0</ele>
      </trkpt>
      <trkpt lat="44.17963" lon="9.59622">
        <ele>190.0</ele>
      </trkpt>
      <trkpt lat="44.17974" lon="9.59458">
        <ele>199.0</ele>
      </trkpt>
      <trkpt lat="44.18054" lon="9.59385">
        <ele>208.0</ele>
      </trkpt>
      <trkpt lat="44.18115" lon="9.59272">
        <ele>216.0</ele>
      </trkpt>
      <trkpt lat="44.18188" lon="9.59272">
        <ele>222.0</ele>
      </trkpt>
      <trkpt lat="44.18232" lon="9.59193">
        <ele>226.0</ele>
      </trkpt>
      <trkpt lat="44.18295" lon="9.59172">
        <ele>230.0</ele>
      </trkpt>
      <trkpt lat="44.18334" lon="9.59082">
        <ele>235.0</ele>
      </trkpt>
      <trkpt lat="44.1835" lon="9.59069">
        <ele>237.0</ele>
      </trkpt>
      <trkpt lat="44.18385" lon="9.59089">
        <ele>239.0</ele>
      </trkpt>
      <trkpt lat="44.18432" lon="9.592">
        <ele>249.0</ele>
      </trkpt>
      <trkpt lat="44.18511" lon="9.59324">
        <ele>259.0</ele>
      </trkpt>
      <trkpt lat="44.18551" lon="9.59314">
        <ele>264.0</ele>
      </trkpt>
      <trkpt lat="44.18605" lon="9.59382">
        <ele>266.0</ele>
      </trkpt>
      <trkpt lat="44.18661" lon="9.59337">
        <ele>266.0</ele>
      </trkpt>
      <trkpt lat="44.18689" lon="9.59347">
        <ele>269.0</ele>
      </trkpt>
      <trkpt lat="44.18777" lon="9.59467">
        <ele>283.0</ele>
      </trkpt>
      <trkpt lat="44.18792" lon="9.59548">
        <ele>294.0</ele>
      </trkpt>
      <trkpt lat="44.18837" lon="9.59583">
        <ele>300.0</ele>
      </trkpt>
      <trkpt lat="44.18864" lon="9.59694">
        <ele>309.0</ele>
      </trkpt>
      <trkpt lat="44.1893" lon="9.59623">
        <ele>315.0</ele>
      </trkpt>
      <trkpt lat="44.19013" lon="9.59602">
        <ele>317.0</ele>
      </trkpt>
      <trkpt lat="44.19082" lon="9.59716">
        <ele>326.0</ele>
      </trkpt>
      <trkpt lat="44.19173" lon="9.59743">
        <ele>337.0</ele>
      </trkpt>
      <trkpt lat="44.1918" lon="9.59719">
        <ele>340.0</ele>
      </trkpt>
      <trkpt lat="44.19145" lon="9.5966">
        <ele>341.0</ele>
      </trkpt>
      <trkpt lat="44.19149" lon="9.59642">
        <ele>341.0</ele>
      </trkpt>
      <trkpt lat="44.19249" lon="9.59591">
        <ele>344.0</ele>
      </trkpt>
      <trkpt lat="44.19215" lon="9.59655">
        <ele>348.0</ele>
      </trkpt>
      <trkpt lat="44.1922" lon="9.59666">
        <ele>351.0</ele>
      </trkpt>
      <trkpt lat="44.19268" lon="9.5961">
        <ele>354.0</ele>
      </trkpt>
      <trkpt lat="44.19309" lon="9.5959">
        <ele>359.0</ele>
      </trkpt>
      <trkpt lat="44.19353" lon="9.5952">
        <ele>365.0</ele>
      </trkpt>
      <trkpt lat="44.19208" lon="9.59444">
        <ele>373.0</ele>
      </trkpt>
      <trkpt lat="44.19183" lon="9.59406">
        <ele>374.0</ele>
      </trkpt>
      <trkpt lat="44.19166" lon="9.59271">
        <ele>376.0</ele>
      </trkpt>
      <trkpt lat="44.19214" lon="9.59232">
        <ele>378.0</ele>
      </trkpt>
      <trkpt lat="44.19254" lon="9.59168">
        <ele>381.0</ele>
      </trkpt>
      <trkpt lat="44.19328" lon="9.5911">
        <ele>392.0</ele>
      </trkpt>
      <trkpt lat="44.19356" lon="9.59131">
        <ele>396.0</ele>
      </trkpt>
      <trkpt lat="44.19531" lon="9.59184">
        <ele>414.0</ele>
      </trkpt>
      <trkpt lat="44.19549" lon="9.59229">
        <ele>417.0</ele>
      </trkpt>
      <trkpt lat="44.19564" lon="9.59237">
        <ele>420.0</ele>
      </trkpt>
      <trkpt lat="44.19629" lon="9.59164">
        <ele>425.0</ele>
      </trkpt>
      <trkpt lat="44.19696" lon="9.59161">
        <ele>432.0</ele>
      </trkpt>
      <trkpt lat="44.19741" lon="9.59103">
        <ele>440.0</ele>
      </trkpt>
      <trkpt lat="44.1981" lon="9.59096">
        <ele>450.0</ele>
      </trkpt>
      <trkpt lat="44.19862" lon="9.59009">
        <ele>454.0</ele>
      </trkpt>
      <trkpt lat="44.19901" lon="9.58975">
        <ele>459.0</ele>
      </trkpt>
      <trkpt lat="44.19915" lon="9.58978">
        <ele>460.0</ele>
      </trkpt>
      <trkpt lat="44.20016" lon="9.59174">
        <ele>470.0</ele>
      </trkpt>
      <trkpt lat="44.20054" lon="9.59206">
        <ele>476.0</ele>
      </trkpt>
      <trkpt lat="44.20133" lon="9.59202">
        <ele>487.0</ele>
      </trkpt>
      <trkpt lat="44.20182" lon="9.59302">
        <ele>491.0</ele>
      </trkpt>
      <trkpt lat="44.2019" lon="9.59388">
        <ele>500.0</ele>
      </trkpt>
      <trkpt lat="44.20216" lon="9.59386">
        <ele>504.0</ele>
      </trkpt>
      <trkpt lat="44.20242" lon="9.59485">
        <ele>509.0</ele>
      </trkpt>
      <trkpt lat="44.20273" lon="9.59453">
        <ele>515.0</ele>
      </trkpt>
      <trkpt lat="44.2036" lon="9.59483">
        <ele>522.0</ele>
      </trkpt>
      <trkpt lat="44.20365" lon="9.59469">
        <ele>524.0</ele>
      </trkpt>
      <trkpt lat="44.20328" lon="9.59392">
        <ele>528.0</ele>
      </trkpt>
      <trkpt lat="44.20407" lon="9.59352">
        <ele>533.0</ele>
      </trkpt>
      <trkpt lat="44.20368" lon="9.59298">
        <ele>537.0</ele>
      </trkpt>
      <trkpt lat="44.20367" lon="9.59266">
        <ele>539.0</ele>
      </trkpt>
      <trkpt lat="44.20417" lon="9.59219">
        <ele>541.0</ele>
      </trkpt>
      <trkpt lat="44.20456" lon="9.59227">
        <ele>544.0</ele>
      </trkpt>
      <trkpt lat="44.20461" lon="9.5915">
        <ele>548.0</ele>
      </trkpt>
      <trkpt lat="44.20475" lon="9.59131">
        <ele>548.0</ele>
      </trkpt>
      <trkpt lat="44.20522" lon="9.59115">
        <ele>552.0</ele>
      </trkpt>
      <trkpt lat="44.20543" lon="9.59087">
        <ele>554.0</ele>
      </trkpt>
      <trkpt lat="44.2055" lon="9.59095">
        <ele>555.0</ele>
      </trkpt>
      <trkpt lat="44.2054" lon="9.59149">
        <ele>556.0</ele>
      </trkpt>
      <trkpt lat="44.20552" lon="9.59217">
        <ele>559.0</ele>
      </trkpt>
      <trkpt lat="44.20581" lon="9.5912">
        <ele>562.0</ele>
      </trkpt>
      <trkpt lat="44.20628" lon="9.59087">
        <ele>566.0</ele>
      </trkpt>
      <trkpt lat="44.20702" lon="9.59105">
        <ele>570.0</ele>
      </trkpt>
      <trkpt lat="44.20779" lon="9.59098">
        <ele>580.0</ele>
      </trkpt>
      <trkpt lat="44.20836" lon="9.59138">
        <ele>582.0</ele>
      </trkpt>
      <trkpt lat="44.2087" lon="9.59202">
        <ele>586.0</ele>
      </trkpt>
      <trkpt lat="44.20902" lon="9.59196">
        <ele>588.0</ele>
      </trkpt>
      <trkpt lat="44.20898" lon="9.59146">
        <ele>590.0</ele>
      </trkpt>
      <trkpt lat="44.20935" lon="9.5912">
        <ele>591.0</ele>
      </trkpt>
      <trkpt lat="44.20945" lon="9.59079">
        <ele>591.0</ele>
      </trkpt>
      <trkpt lat="44.20994" lon="9.59089">
        <ele>593.0</ele>
      </trkpt>
      <trkpt lat="44.20953" lon="9.59009">
        <ele>594.0</ele>
      </trkpt>
      <trkpt lat="44.20938" lon="9.58948">
        <ele>595.0</ele>
      </trkpt>
      <trkpt lat="44.20905" lon="9.58902">
        <ele>597.0</ele>
      </trkpt>
      <trkpt lat="44.20907" lon="9.58851">
        <ele>599.0</ele>
      </trkpt>
      <trkpt lat="44.20918" lon="9.58841">
        <ele>600.0</ele>
      </trkpt>
      <trkpt lat="44.20963" lon="9.58859">
        <ele>602.0</ele>
      </trkpt>
      <trkpt lat="44.20998" lon="9.58771">
        <ele>606.0</ele>
      </trkpt>
      <trkpt lat="44.21037" lon="9.58741">
        <ele>608.0</ele>
      </trkpt>
      <trkpt lat="44.21105" lon="9.58799">
        <ele>613.0</ele>
      </trkpt>
      <trkpt lat="44.21152" lon="9.5879">
        <ele>615.0</ele>
      </trkpt>
      <trkpt lat="44.21181" lon="9.58751">
        <ele>618.0</ele>
      </trkpt>
      <trkpt lat="44.21211" lon="9.58744">
        <ele>620.0</ele>
      </trkpt>
      <trkpt lat="44.21214" lon="9.58723">
        <ele>620.0</ele>
      </trkpt>
      <trkpt lat="44.21176" lon="9.58628">
        <ele>620.0</ele>
      </trkpt>
      <trkpt lat="44.21206" lon="9.5855">
        <ele>620.0</ele>
      </trkpt>
      <trkpt lat="44.21274" lon="9.58421">
        <ele>619.0</ele>
      </trkpt>
      <trkpt lat="44.21284" lon="9.58417">
        <ele>618.0</ele>
      </trkpt>
      <trkpt lat="44.21312" lon="9.58455">
        <ele>617.0</ele>
      </trkpt>
      <trkpt lat="44.2137" lon="9.58372">
        <ele>615.0</ele>
      </trkpt>
      <trkpt lat="44.21394" lon="9.58357">
        <ele>613.0</ele>
      </trkpt>
      <trkpt lat="44.21529" lon="9.58431">
        <ele>610.0</ele>
      </trkpt>
      <trkpt lat="44.21582" lon="9.58554">
        <ele>606.0</ele>
      </trkpt>
      <trkpt lat="44.21651" lon="9.58526">
        <ele>606.0</ele>
      </trkpt>
      <trkpt lat="44.21743" lon="9.58553">
        <ele>603.0</ele>
      </trkpt>
      <trkpt lat="44.21786" lon="9.58687">
        <ele>599.0</ele>
      </trkpt>
      <trkpt lat="44.21768" lon="9.58788">
        <ele>598.0</ele>
      </trkpt>
      <trkpt lat="44.21773" lon="9.58812">
        <ele>596.0</ele>
      </trkpt>
      <trkpt lat="44.2183" lon="9.58808">
        <ele>595.0</ele>
      </trkpt>
      <trkpt lat="44.21875" lon="9.58771">
        <ele>594.0</ele>
      </trkpt>
      <trkpt lat="44.21916" lon="9.58769">
        <ele>594.0</ele>
      </trkpt>
      <trkpt lat="44.21964" lon="9.58819">
        <ele>596.0</ele>
      </trkpt>
      <trkpt lat="44.22102" lon="9.58841">
        <ele>598.0</ele>
      </trkpt>
      <trkpt lat="44.22148" lon="9.58937">
        <ele>597.0</ele>
      </trkpt>
      <trkpt lat="44.22216" lon="9.59032">
        <ele>596.0</ele>
      </trkpt>
      <trkpt lat="44.22233" lon="9.59116">
        <ele>594.0</ele>
      </trkpt>
      <trkpt lat="44.2234" lon="9.59134">
        <ele>594.0</ele>
      </trkpt>
      <trkpt lat="44.22455" lon="9.59075">
        <ele>595.0</ele>
      </trkpt>
      <trkpt lat="44.22503" lon="9.5902">
        <ele>595.0</ele>
      </trkpt>
      <trkpt lat="44.22615" lon="9.59004">
        <ele>595.0</ele>
      </trkpt>
      <trkpt lat="44.22654" lon="9.59015">
        <ele>595.0</ele>
      </trkpt>
      <trkpt lat="44.22716" lon="9.58992">
        <ele>595.0</ele>
      </trkpt>
      <trkpt lat="44.22753" lon="9.5885">
        <ele>595.0</ele>
      </trkpt>
      <trkpt lat="44.2277" lon="9.58836">
        <ele>595.0</ele>
      </trkpt>
      <trkpt lat="44.22788" lon="9.58853">
        <ele>595.0</ele>
      </trkpt>
      <trkpt lat="44.22808" lon="9.58914">
        <ele>595.0</ele>
      </trkpt>
      <trkpt lat="44.22868" lon="9.5897">
        <ele>595.0</ele>
      </trkpt>
      <trkpt lat="44.2291" lon="9.58984">
        <ele>593.0</ele>
      </trkpt>
      <trkpt lat="44.2302" lon="9.58834">
        <ele>590.0</ele>
      </trkpt>
      <trkpt lat="44.23118" lon="9.58654">
        <ele>586.0</ele>
      </trkpt>
      <trkpt lat="44.23209" lon="9.58637">
        <ele>588.0</ele>
      </trkpt>
      <trkpt lat="44.23262" lon="9.58602">
        <ele>591.0</ele>
      </trkpt>
      <trkpt lat="44.23366" lon="9.58629">
        <ele>586.0</ele>
      </trkpt>
      <trkpt lat="44.23448" lon="9.5855">
        <ele>577.0</ele>
      </trkpt>
      <trkpt lat="44.23414" lon="9.5845">
        <ele>573.0</ele>
      </trkpt>
      <trkpt lat="44.23466" lon="9.58359">
        <ele>573.0</ele>
      </trkpt>
      <trkpt lat="44.23529" lon="9.58309">
        <ele>573.0</ele>
      </trkpt>
      <trkpt lat="44.23637" lon="9.58348">
        <ele>573.0</ele>
      </trkpt>
      <trkpt lat="44.23664" lon="9.58344">
        <ele>573.0</ele>
      </trkpt>
      <trkpt lat="44.2372" lon="9.58291">
        <ele>575.0</ele>
      </trkpt>
      <trkpt lat="44.23766" lon="9.58329">
        <ele>577.0</ele>
      </trkpt>
      <trkpt lat="44.2379" lon="9.583">
        <ele>578.0</ele>
      </trkpt>
      <trkpt lat="44.23837" lon="9.58159">
        <ele>582.0</ele>
      </trkpt>
      <trkpt lat="44.23886" lon="9.58153">
        <ele>584.0</ele>
      </trkpt>
      <trkpt lat="44.23914" lon="9.58123">
        <ele>586.0</ele>
      </trkpt>
      <trkpt lat="44.23935" lon="9.58128">
        <ele>587.0</ele>
      </trkpt>
      <trkpt lat="44.23976" lon="9.58181">
        <ele>588.0</ele>
      </trkpt>
      <trkpt lat="44.23987" lon="9.58261">
        <ele>589.0</ele>
      </trkpt>
      <trkpt lat="44.24009" lon="9.58288">
        <ele>588.0</ele>
      </trkpt>
      <trkpt lat="44.24072" lon="9.58266">
        <ele>588.0</ele>
      </trkpt>
      <trkpt lat="44.2417" lon="9.58311">
        <ele>588.0</ele>
      </trkpt>
      <trkpt lat="44.24299" lon="9.5826">
        <ele>590.0</ele>
      </trkpt>
      <trkpt lat="44.24394" lon="9.58158">
        <ele>591.0</ele>
      </trkpt>
      <trkpt lat="44.24473" lon="9.58134">
        <ele>593.0</ele>
      </trkpt>
      <trkpt lat="44.24419" lon="9.57974">
        <ele>595.0</ele>
      </trkpt>
      <trkpt lat="44.24462" lon="9.5789">
        <ele>596.0</ele>
      </trkpt>
      <trkpt lat="44.24474" lon="9.57799">
        <ele>597.0</ele>
      </trkpt>
      <trkpt lat="44.24557" lon="9.5773">
        <ele>601.0</ele>
      </trkpt>
      <trkpt lat="44.24672" lon="9.57714">
        <ele>614.0</ele>
      </trkpt>
      <trkpt lat="44.24727" lon="9.57565">
        <ele>615.0</ele>
      </trkpt>
      <trkpt lat="44.24879" lon="9.57409">
        <ele>611.0</ele>
      </trkpt>
      <trkpt lat="44.24894" lon="9.57329">
        <ele>613.0</ele>
      </trkpt>
      <trkpt lat="44.24831" lon="9.57232">
        <ele>616.0</ele>
      </trkpt>
      <trkpt lat="44.24834" lon="9.57159">
        <ele>617.0</ele>
      </trkpt>
      <trkpt lat="44.24895" lon="9.57086">
        <ele>617.0</ele>
      </trkpt>
      <trkpt lat="44.24965" lon="9.56936">
        <ele>616.0</ele>
      </trkpt>
      <trkpt lat="44.2496" lon="9.5679">
        <ele>615.0</ele>
      </trkpt>
      <trkpt lat="44.24969" lon="9.56767">
        <ele>615.0</ele>
      </trkpt>
      <trkpt lat="44.2499" lon="9.56756">
        <ele>615.0</ele>
      </trkpt>
      <trkpt lat="44.25064" lon="9.56795">
        <ele>616.0</ele>
      </trkpt>
      <trkpt lat="44.25089" lon="9.56793">
        <ele>617.0</ele>
      </trkpt>
      <trkpt lat="44.25136" lon="9.5666">
        <ele>615.0</ele>
      </trkpt>
      <trkpt lat="44.25199" lon="9.56615">
        <ele>611.0</ele>
      </trkpt>
      <trkpt lat="44.25215" lon="9.56509">
        <ele>610.0</ele>
      </trkpt>
      <trkpt lat="44.25191" lon="9.56404">
        <ele>609.0</ele>
      </trkpt>
      <trkpt lat="44.25213" lon="9.56247">
        <ele>609.0</ele>
      </trkpt>
      <trkpt lat="44.25192" lon="9.56155">
        <ele>610.0</ele>
      </trkpt>
      <trkpt lat="44.25237" lon="9.56028">
        <ele>611.0</ele>
      </trkpt>
      <trkpt lat="44.25219" lon="9.55844">
        <ele>614.0</ele>
      </trkpt>
      <trkpt lat="44.25239" lon="9.5583">
        <ele>614.0</ele>
      </trkpt>
      <trkpt lat="44.25285" lon="9.55835">
        <ele>612.0</ele>
      </trkpt>
      <trkpt lat="44.25328" lon="9.55767">
        <ele>608.0</ele>
      </trkpt>
      <trkpt lat="44.25366" lon="9.55663">
        <ele>602.0</ele>
      </trkpt>
      <trkpt lat="44.25418" lon="9.55286">
        <ele>592.0</ele>
      </trkpt>
      <trkpt lat="44.25516" lon="9.55111">
        <ele>584.0</ele>
      </trkpt>
      <trkpt lat="44.25535" lon="9.55039">
        <ele>580.0</ele>
      </trkpt>
      <trkpt lat="44.25529" lon="9.54971">
        <ele>578.0</ele>
      </trkpt>
      <trkpt lat="44.25465" lon="9.54932">
        <ele>574.0</ele>
      </trkpt>
      <trkpt lat="44.25398" lon="9.54856">
        <ele>573.0</ele>
      </trkpt>
      <trkpt lat="44.25387" lon="9.548">
        <ele>573.0</ele>
      </trkpt>
      <trkpt lat="44.25392" lon="9.54742">
        <ele>573.0</ele>
      </trkpt>
      <trkpt lat="44.25431" lon="9.5468">
        <ele>573.0</ele>
      </trkpt>
      <trkpt lat="44.25447" lon="9.54595">
        <ele>571.0</ele>
      </trkpt>
      <trkpt lat="44.2541" lon="9.54345">
        <ele>565.0</ele>
      </trkpt>
      <trkpt lat="44.25378" lon="9.54298">
        <ele>563.0</ele>
      </trkpt>
      <trkpt lat="44.25364" lon="9.54248">
        <ele>562.0</ele>
      </trkpt>
      <trkpt lat="44.25367" lon="9.5421">
        <ele>561.0</ele>
      </trkpt>
      <trkpt lat="44.25414" lon="9.54084">
        <ele>564.0</ele>
      </trkpt>
      <trkpt lat="44.2542" lon="9.53983">
        <ele>567.0</ele>
      </trkpt>
      <trkpt lat="44.25378" lon="9.53824">
        <ele>562.0</ele>
      </trkpt>
      <trkpt lat="44.25342" lon="9.53779">
        <ele>558.0</ele>
      </trkpt>
      <trkpt lat="44.25336" lon="9.53748">
        <ele>555.0</ele>
      </trkpt>
      <trkpt lat="44.2535" lon="9.53636">
        <ele>555.0</ele>
      </trkpt>
      <trkpt lat="44.25349" lon="9.53528">
        <ele>557.0</ele>
      </trkpt>
      <trkpt lat="44.25383" lon="9.53421">
        <ele>560.0</ele>
      </trkpt>
      <trkpt lat="44.25363" lon="9.53366">
        <ele>561.0</ele>
      </trkpt>
      <trkpt lat="44.25367" lon="9.5331">
        <ele>562.0</ele>
      </trkpt>
      <trkpt lat="44.2532" lon="9.53211">
        <ele>564.0</ele>
      </trkpt>
      <trkpt lat="44.25372" lon="9.53145">
        <ele>560.0</ele>
      </trkpt>
      <trkpt lat="44.25374" lon="9.53124">
        <ele>559.0</ele>
      </trkpt>
      <trkpt lat="44.25356" lon="9.53047">
        <ele>554.0</ele>
      </trkpt>
      <trkpt lat="44.25225" lon="9.52904">
        <ele>542.0</ele>
      </trkpt>
      <trkpt lat="44.25236" lon="9.52892">
        <ele>540.0</ele>
      </trkpt>
      <trkpt lat="44.25327" lon="9.52957">
        <ele>534.0</ele>
      </trkpt>
      <trkpt lat="44.25369" lon="9.52959">
        <ele>530.0</ele>
      </trkpt>
      <trkpt lat="44.25426" lon="9.52874">
        <ele>524.0</ele>
      </trkpt>
      <trkpt lat="44.25563" lon="9.52716">
        <ele>504.0</ele>
      </trkpt>
      <trkpt lat="44.25582" lon="9.52558">
        <ele>492.0</ele>
      </trkpt>
      <trkpt lat="44.2565" lon="9.52438">
        <ele>482.0</ele>
      </trkpt>
      <trkpt lat="44.25653" lon="9.52348">
        <ele>477.0</ele>
      </trkpt>
      <trkpt lat="44.25686" lon="9.5223">
        <ele>469.0</ele>
      </trkpt>
      <trkpt lat="44.25735" lon="9.5214">
        <ele>461.0</ele>
      </trkpt>
      <trkpt lat="44.25734" lon="9.52022">
        <ele>454.0</ele>
      </trkpt>
      <trkpt lat="44.25776" lon="9.51831">
        <ele>444.0</ele>
      </trkpt>
      <trkpt lat="44.25803" lon="9.51584">
        <ele>431.0</ele>
      </trkpt>
      <trkpt lat="44.25793" lon="9.51498">
        <ele>423.0</ele>
      </trkpt>
      <trkpt lat="44.25727" lon="9.51426">
        <ele>419.0</ele>
      </trkpt>
      <trkpt lat="44.25689" lon="9.51274">
        <ele>414.0</ele>
      </trkpt>
      <trkpt lat="44.25747" lon="9.51225">
        <ele>411.0</ele>
      </trkpt>
      <trkpt lat="44.25773" lon="9.51179">
        <ele>408.0</ele>
      </trkpt>
      <trkpt lat="44.25784" lon="9.51041">
        <ele>405.0</ele>
      </trkpt>
      <trkpt lat="44.25871" lon="9.50749">
        <ele>398.0</ele>
      </trkpt>
      <trkpt lat="44.25903" lon="9.50721">
        <ele>396.0</ele>
      </trkpt>
      <trkpt lat="44.25913" lon="9.50691">
        <ele>395.0</ele>
      </trkpt>
      <trkpt lat="44.25886" lon="9.5053">
        <ele>391.0</ele>
      </trkpt>
      <trkpt lat="44.25907" lon="9.50442">
        <ele>389.0</ele>
      </trkpt>
      <trkpt lat="44.25899" lon="9.50402">
        <ele>387.0</ele>
      </trkpt>
      <trkpt lat="44.25776" lon="9.50269">
        <ele>382.0</ele>
      </trkpt>
      <trkpt lat="44.25737" lon="9.50246">
        <ele>378.0</ele>
      </trkpt>
      <trkpt lat="44.25695" lon="9.50165">
        <ele>372.0</ele>
      </trkpt>
      <trkpt lat="44.25761" lon="9.50014">
        <ele>363.0</ele>
      </trkpt>
      <trkpt lat="44.25783" lon="9.49896">
        <ele>359.0</ele>
      </trkpt>
      <trkpt lat="44.25788" lon="9.49794">
        <ele>352.0</ele>
      </trkpt>
      <trkpt lat="44.25768" lon="9.49726">
        <ele>347.0</ele>
      </trkpt>
      <trkpt lat="44.25742" lon="9.49448">
        <ele>338.0</ele>
      </trkpt>
      <trkpt lat="44.25744" lon="9.49417">
        <ele>335.0</ele>
      </trkpt>
      <trkpt lat="44.25781" lon="9.49331">
        <ele>328.0</ele>
      </trkpt>
      <trkpt lat="44.25746" lon="9.49161">
        <ele>322.0</ele>
      </trkpt>
      <trkpt lat="44.25773" lon="9.48927">
        <ele>312.0</ele>
      </trkpt>
      <trkpt lat="44.25709" lon="9.48786">
        <ele>299.0</ele>
      </trkpt>
      <trkpt lat="44.25727" lon="9.48652">
        <ele>293.0</ele>
      </trkpt>
      <trkpt lat="44.2567" lon="9.48567">
        <ele>289.0</ele>
      </trkpt>
      <trkpt lat="44.25661" lon="9.48413">
        <ele>290.0</ele>
      </trkpt>
      <trkpt lat="44.25622" lon="9.48334">
        <ele>292.0</ele>
      </trkpt>
      <trkpt lat="44.25613" lon="9.48274">
        <ele>293.0</ele>
      </trkpt>
      <trkpt lat="44.25559" lon="9.48175">
        <ele>294.0</ele>
      </trkpt>
      <trkpt lat="44.25471" lon="9.48111">
        <ele>292.0</ele>
      </trkpt>
      <trkpt lat="44.25464" lon="9.48085">
        <ele>291.0</ele>
      </trkpt>
      <trkpt lat="44.25472" lon="9.47954">
        <ele>292.0</ele>
      </trkpt>
      <trkpt lat="44.25506" lon="9.47844">
        <ele>293.0</ele>
      </trkpt>
      <trkpt lat="44.25544" lon="9.47789">
        <ele>295.0</ele>
      </trkpt>
      <trkpt lat="44.25558" lon="9.47693">
        <ele>297.0</ele>
      </trkpt>
      <trkpt lat="44.25583" lon="9.47641">
        <ele>300.0</ele>
      </trkpt>
      <trkpt lat="44.25584" lon="9.47547">
        <ele>300.0</ele>
      </trkpt>
      <trkpt lat="44.25635" lon="9.47541">
        <ele>299.0</ele>
      </trkpt>
      <trkpt lat="44.25658" lon="9.47511">
        <ele>298.0</ele>
      </trkpt>
      <trkpt lat="44.25641" lon="9.47332">
        <ele>296.0</ele>
      </trkpt>
      <trkpt lat="44.25658" lon="9.47325">
        <ele>296.0</ele>
      </trkpt>
      <trkpt lat="44.25697" lon="9.47356">
        <ele>295.0</ele>
      </trkpt>
      <trkpt lat="44.2572" lon="9.47357">
        <ele>295.0</ele>
      </trkpt>
      <trkpt lat="44.2583" lon="9.47266">
        <ele>293.0</ele>
      </trkpt>
      <trkpt lat="44.2585" lon="9.47228">
        <ele>291.0</ele>
      </trkpt>
      <trkpt lat="44.25839" lon="9.47185">
        <ele>290.0</ele>
      </trkpt>
      <trkpt lat="44.25804" lon="9.47133">
        <ele>291.0</ele>
      </trkpt>
      <trkpt lat="44.25709" lon="9.47058">
        <ele>295.0</ele>
      </trkpt>
      <trkpt lat="44.2567" lon="9.46959">
        <ele>298.0</ele>
      </trkpt>
      <trkpt lat="44.25689" lon="9.46892">
        <ele>299.0</ele>
      </trkpt>
      <trkpt lat="44.2572" lon="9.46853">
        <ele>298.0</ele>
      </trkpt>
      <trkpt lat="44.25723" lon="9.46815">
        <ele>297.0</ele>
      </trkpt>
      <trkpt lat="44.25688" lon="9.46784">
        <ele>295.0</ele>
      </trkpt>
      <trkpt lat="44.25673" lon="9.46742">
        <ele>294.0</ele>
      </trkpt>
      <trkpt lat="44.25631" lon="9.46708">
        <ele>290.0</ele>
      </trkpt>
      <trkpt lat="44.25631" lon="9.46659">
        <ele>288.0</ele>
      </trkpt>
      <trkpt lat="44.25672" lon="9.46515">
        <ele>281.0</ele>
      </trkpt>
      <trkpt lat="44.25576" lon="9.46366">
        <ele>282.0</ele>
      </trkpt>
      <trkpt lat="44.25572" lon="9.46333">
        <ele>281.0</ele>
      </trkpt>
      <trkpt lat="44.25624" lon="9.46252">
        <ele>278.0</ele>
      </trkpt>
      <trkpt lat="44.25684" lon="9.46267">
        <ele>274.0</ele>
      </trkpt>
      <trkpt lat="44.25735" lon="9.46213">
        <ele>269.0</ele>
      </trkpt>
      <trkpt lat="44.25824" lon="9.46319">
        <ele>263.0</ele>
      </trkpt>
      <trkpt lat="44.25903" lon="9.46279">
        <ele>261.0</ele>
      </trkpt>
      <trkpt lat="44.25908" lon="9.46251">
        <ele>260.0</ele>
      </trkpt>
      <trkpt lat="44.25864" lon="9.46198">
        <ele>260.0</ele>
      </trkpt>
      <trkpt lat="44.25846" lon="9.46087">
        <ele>259.0</ele>
      </trkpt>
      <trkpt lat="44.25864" lon="9.45957">
        <ele>254.0</ele>
      </trkpt>
      <trkpt lat="44.25873" lon="9.45945">
        <ele>252.0</ele>
      </trkpt>
      <trkpt lat="44.25953" lon="9.4594">
        <ele>248.0</ele>
      </trkpt>
      <trkpt lat="44.25958" lon="9.45837">
        <ele>247.0</ele>
      </trkpt>
      <trkpt lat="44.25973" lon="9.4581">
        <ele>248.0</ele>
      </trkpt>
      <trkpt lat="44.26008" lon="9.45793">
        <ele>248.0</ele>
      </trkpt>
      <trkpt lat="44.26018" lon="9.45762">
        <ele>248.0</ele>
      </trkpt>
      <trkpt lat="44.25976" lon="9.45695">
        <ele>248.0</ele>
      </trkpt>
      <trkpt lat="44.25983" lon="9.45633">
        <ele>248.0</ele>
      </trkpt>
      <trkpt lat="44.25972" lon="9.45559">
        <ele>248.0</ele>
      </trkpt>
      <trkpt lat="44.26025" lon="9.45416">
        <ele>242.0</ele>
      </trkpt>
      <trkpt lat="44.25987" lon="9.45226">
        <ele>230.0</ele>
      </trkpt>
      <trkpt lat="44.26132" lon="9.4508">
        <ele>215.0</ele>
      </trkpt>
      <trkpt lat="44.26185" lon="9.44763">
        <ele>198.0</ele>
      </trkpt>
      <trkpt lat="44.26261" lon="9.44707">
        <ele>192.0</ele>
      </trkpt>
      <trkpt lat="44.2635" lon="9.44675">
        <ele>186.0</ele>
      </trkpt>
      <trkpt lat="44.2634" lon="9.4465">
        <ele>184.0</ele>
      </trkpt>
      <trkpt lat="44.26256" lon="9.4463">
        <ele>182.0</ele>
      </trkpt>
      <trkpt lat="44.26183" lon="9.44548">
        <ele>179.0</ele>
      </trkpt>
      <trkpt lat="44.26072" lon="9.44615">
        <ele>175.0</ele>
      </trkpt>
      <trkpt lat="44.26046" lon="9.4461">
        <ele>171.0</ele>
      </trkpt>
      <trkpt lat="44.26012" lon="9.44567">
        <ele>165.0</ele>
      </trkpt>
      <trkpt lat="44.26011" lon="9.4451">
        <ele>161.0</ele>
      </trkpt>
      <trkpt lat="44.2603" lon="9.44483">
        <ele>156.0</ele>
      </trkpt>
      <trkpt lat="44.26105" lon="9.44485">
        <ele>149.0</ele>
      </trkpt>
      <trkpt lat="44.26141" lon="9.44412">
        <ele>144.0</ele>
      </trkpt>
      <trkpt lat="44.26202" lon="9.44402">
        <ele>139.0</ele>
      </trkpt>
      <trkpt lat="44.26235" lon="9.44299">
        <ele>134.0</ele>
      </trkpt>
      <trkpt lat="44.26293" lon="9.44278">
        <ele>129.0</ele>
      </trkpt>
      <trkpt lat="44.26335" lon="9.44175">
        <ele>121.0</ele>
      </trkpt>
      <trkpt lat="44.26481" lon="9.44056">
        <ele>105.0</ele>
      </trkpt>
      <trkpt lat="44.26527" lon="9.43969">
        <ele>99.0</ele>
      </trkpt>
      <trkpt lat="44.26531" lon="9.43938">
        <ele>96.0</ele>
      </trkpt>
      <trkpt lat="44.26491" lon="9.43882">
        <ele>93.0</ele>
      </trkpt>
      <trkpt lat="44.26489" lon="9.43839">
        <ele>90.0</ele>
      </trkpt>
      <trkpt lat="44.2652" lon="9.4377">
        <ele>83.0</ele>
      </trkpt>
      <trkpt lat="44.26499" lon="9.43691">
        <ele>79.0</ele>
      </trkpt>
      <trkpt lat="44.26538" lon="9.43585">
        <ele>72.0</ele>
      </trkpt>
      <trkpt lat="44.26552" lon="9.43511">
        <ele>68.0</ele>
      </trkpt>
      <trkpt lat="44.26546" lon="9.43455">
        <ele>64.0</ele>
      </trkpt>
      <trkpt lat="44.26568" lon="9.43351">
        <ele>58.0</ele>
      </trkpt>
      <trkpt lat="44.26555" lon="9.4326">
        <ele>52.0</ele>
      </trkpt>
      <trkpt lat="44.26515" lon="9.43228">
        <ele>48.0</ele>
      </trkpt>
      <trkpt lat="44.26489" lon="9.43148">
        <ele>43.0</ele>
      </trkpt>
      <trkpt lat="44.265" lon="9.4309">
        <ele>39.0</ele>
      </trkpt>
      <trkpt lat="44.26461" lon="9.4304">
        <ele>36.0</ele>
      </trkpt>
      <trkpt lat="44.26463" lon="9.42984">
        <ele>33.0</ele>
      </trkpt>
      <trkpt lat="44.2652" lon="9.42892">
        <ele>28.0</ele>
      </trkpt>
      <trkpt lat="44.26834" lon="9.4223">
        <ele>11.0</ele>
      </trkpt>
      <trkpt lat="44.27421" lon="9.40488">
        <ele>6.0</ele>
      </trkpt>
      <trkpt lat="44.27436" lon="9.40303">
        <ele>5.0</ele>
      </trkpt>
      <trkpt lat="44.27428" lon="9.40208">
        <ele>5.0</ele>
      </trkpt>
      <trkpt lat="44.27328" lon="9.39833">
        <ele>5.0</ele>
      </trkpt>
      <trkpt lat="44.27306" lon="9.39704">
        <ele>5.0</ele>
      </trkpt>
      <trkpt lat="44.27326" lon="9.39676">
        <ele>6.0</ele>
      </trkpt>
      <trkpt lat="44.27899" lon="9.39255">
        <ele>6.0</ele>
      </trkpt>
      <trkpt lat="44.2807" lon="9.39111">
        <ele>5.0</ele>
      </trkpt>
      <trkpt lat="44.28081" lon="9.39115">
        <ele>5.0</ele>
      </trkpt>
      <trkpt lat="44.28182" lon="9.38961">
        <ele>6.0</ele>
      </trkpt>
      <trkpt lat="44.28234" lon="9.38847">
        <ele>14.0</ele>
      </trkpt>
      <trkpt lat="44.28332" lon="9.3875">
        <ele>25.0</ele>
      </trkpt>
      <trkpt lat="44.28395" lon="9.38646">
        <ele>25.0</ele>
      </trkpt>
      <trkpt lat="44.28522" lon="9.38388">
        <ele>19.0</ele>
      </trkpt>
      <trkpt lat="44.28589" lon="9.3821">
        <ele>12.0</ele>
      </trkpt>
      <trkpt lat="44.28673" lon="9.38155">
        <ele>11.0</ele>
      </trkpt>
      <trkpt lat="44.28775" lon="9.3814">
        <ele>16.0</ele>
      </trkpt>
      <trkpt lat="44.28822" lon="9.38114">
        <ele>16.0</ele>
      </trkpt>
      <trkpt lat="44.29076" lon="9.37753">
        <ele>6.0</ele>
      </trkpt>
      <trkpt lat="44.29144" lon="9.37686">
        <ele>8.0</ele>
      </trkpt>
      <trkpt lat="44.29425" lon="9.37177">
        <ele>9.0</ele>
      </trkpt>
      <trkpt lat="44.29727" lon="9.3657">
        <ele>4.0</ele>
      </trkpt>
      <trkpt lat="44.29946" lon="9.36102">
        <ele>2.0</ele>
      </trkpt>
      <trkpt lat="44.30367" lon="9.35122">
        <ele>1.0</ele>
      </trkpt>
      <trkpt lat="44.30591" lon="9.34681">
        <ele>6.0</ele>
      </trkpt>
      <trkpt lat="44.30611" lon="9.34689">
        <ele>7.0</ele>
      </trkpt>
      <trkpt lat="44.30801" lon="9.3492">
        <ele>7.0</ele>
      </trkpt>
      <trkpt lat="44.30918" lon="9.34835">
        <ele>6.0</ele>
      </trkpt>
      <trkpt lat="44.30963" lon="9.34833">
        <ele>9.0</ele>
      </trkpt>
      <trkpt lat="44.31081" lon="9.34984">
        <ele>16.0</ele>
      </trkpt>
      <trkpt lat="44.31089" lon="9.34961">
        <ele>17.0</ele>
      </trkpt>
      <trkpt lat="44.31052" lon="9.34918">
        <ele>17.0</ele>
      </trkpt>
      <trkpt lat="44.3104" lon="9.34857">
        <ele>17.0</ele>
      </trkpt>
      <trkpt lat="44.31044" lon="9.34838">
        <ele>17.0</ele>
      </trkpt>
      <trkpt lat="44.31058" lon="9.34834">
        <ele>18.0</ele>
      </trkpt>
      <trkpt lat="44.31068" lon="9.34906">
        <ele>21.0</ele>
      </trkpt>
      <trkpt lat="44.31147" lon="9.3499">
        <ele>27.0</ele>
      </trkpt>
      <trkpt lat="44.31138" lon="9.35026">
        <ele>30.0</ele>
      </trkpt>
      <trkpt lat="44.31151" lon="9.35061">
        <ele>32.0</ele>
      </trkpt>
      <trkpt lat="44.3122" lon="9.35117">
        <ele>34.0</ele>
      </trkpt>
      <trkpt lat="44.31249" lon="9.35196">
        <ele>37.0</ele>
      </trkpt>
      <trkpt lat="44.31302" lon="9.3523">
        <ele>39.0</ele>
      </trkpt>
      <trkpt lat="44.3134" lon="9.35282">
        <ele>41.0</ele>
      </trkpt>
      <trkpt lat="44.31356" lon="9.35343">
        <ele>44.0</ele>
      </trkpt>
      <trkpt lat="44.31392" lon="9.35401">
        <ele>49.0</ele>
      </trkpt>
      <trkpt lat="44.31397" lon="9.35499">
        <ele>53.0</ele>
      </trkpt>
      <trkpt lat="44.3135" lon="9.35738">
        <ele>64.0</ele>
      </trkpt>
      <trkpt lat="44.31355" lon="9.35786">
        <ele>68.0</ele>
      </trkpt>
      <trkpt lat="44.31386" lon="9.35839">
        <ele>73.0</ele>
      </trkpt>
      <trkpt lat="44.31438" lon="9.35848">
        <ele>78.0</ele>
      </trkpt>
      <trkpt lat="44.31465" lon="9.35914">
        <ele>82.0</ele>
      </trkpt>
      <trkpt lat="44.31443" lon="9.35965">
        <ele>86.0</ele>
      </trkpt>
      <trkpt lat="44.31451" lon="9.35982">
        <ele>88.0</ele>
      </trkpt>
      <trkpt lat="44.3147" lon="9.35965">
        <ele>89.0</ele>
      </trkpt>
      <trkpt lat="44.31479" lon="9.35857">
        <ele>93.0</ele>
      </trkpt>
      <trkpt lat="44.31568" lon="9.35886">
        <ele>97.0</ele>
      </trkpt>
      <trkpt lat="44.31575" lon="9.35902">
        <ele>98.0</ele>
      </trkpt>
      <trkpt lat="44.31567" lon="9.35919">
        <ele>98.0</ele>
      </trkpt>
      <trkpt lat="44.31517" lon="9.35917">
        <ele>100.0</ele>
      </trkpt>
      <trkpt lat="44.31502" lon="9.36011">
        <ele>104.0</ele>
      </trkpt>
      <trkpt lat="44.31526" lon="9.36016">
        <ele>105.0</ele>
      </trkpt>
      <trkpt lat="44.31531" lon="9.35959">
        <ele>106.0</ele>
      </trkpt>
      <trkpt lat="44.31551" lon="9.35956">
        <ele>107.0</ele>
      </trkpt>
      <trkpt lat="44.31599" lon="9.36091">
        <ele>112.0</ele>
      </trkpt>
      <trkpt lat="44.31534" lon="9.36441">
        <ele>133.0</ele>
      </trkpt>
      <trkpt lat="44.3151" lon="9.36492">
        <ele>138.0</ele>
      </trkpt>
      <trkpt lat="44.31513" lon="9.36636">
        <ele>143.0</ele>
      </trkpt>
      <trkpt lat="44.31494" lon="9.36657">
        <ele>147.0</ele>
      </trkpt>
      <trkpt lat="44.31419" lon="9.36667">
        <ele>151.0</ele>
      </trkpt>
      <trkpt lat="44.31385" lon="9.36694">
        <ele>154.0</ele>
      </trkpt>
      <trkpt lat="44.31369" lon="9.3674">
        <ele>157.0</ele>
      </trkpt>
      <trkpt lat="44.3142" lon="9.36821">
        <ele>163.0</ele>
      </trkpt>
      <trkpt lat="44.31438" lon="9.36802">
        <ele>165.0</ele>
      </trkpt>
      <trkpt lat="44.31403" lon="9.36754">
        <ele>168.0</ele>
      </trkpt>
      <trkpt lat="44.31408" lon="9.36733">
        <ele>171.0</ele>
      </trkpt>
      <trkpt lat="44.31518" lon="9.36759">
        <ele>177.0</ele>
      </trkpt>
      <trkpt lat="44.31544" lon="9.36751">
        <ele>178.0</ele>
      </trkpt>
      <trkpt lat="44.31571" lon="9.36706">
        <ele>181.0</ele>
      </trkpt>
      <trkpt lat="44.31587" lon="9.36712">
        <ele>182.0</ele>
      </trkpt>
      <trkpt lat="44.31588" lon="9.3673">
        <ele>183.0</ele>
      </trkpt>
      <trkpt lat="44.31571" lon="9.36749">
        <ele>184.0</ele>
      </trkpt>
      <trkpt lat="44.31528" lon="9.36781">
        <ele>185.0</ele>
      </trkpt>
      <trkpt lat="44.31482" lon="9.3679">
        <ele>188.0</ele>
      </trkpt>
      <trkpt lat="44.31473" lon="9.36809">
        <ele>190.0</ele>
      </trkpt>
      <trkpt lat="44.31529" lon="9.3688">
        <ele>195.0</ele>
      </trkpt>
      <trkpt lat="44.31523" lon="9.36936">
        <ele>198.0</ele>
      </trkpt>
      <trkpt lat="44.31533" lon="9.37001">
        <ele>201.0</ele>
      </trkpt>
      <trkpt lat="44.31582" lon="9.37052">
        <ele>207.0</ele>
      </trkpt>
      <trkpt lat="44.31578" lon="9.37139">
        <ele>212.0</ele>
      </trkpt>
      <trkpt lat="44.31595" lon="9.37163">
        <ele>215.0</ele>
      </trkpt>
      <trkpt lat="44.31593" lon="9.37214">
        <ele>218.0</ele>
      </trkpt>
      <trkpt lat="44.31615" lon="9.37283">
        <ele>223.0</ele>
      </trkpt>
      <trkpt lat="44.31599" lon="9.37311">
        <ele>226.0</ele>
      </trkpt>
      <trkpt lat="44.31579" lon="9.37315">
        <ele>228.0</ele>
      </trkpt>
      <trkpt lat="44.31577" lon="9.37333">
        <ele>231.0</ele>
      </trkpt>
      <trkpt lat="44.31589" lon="9.3734">
        <ele>232.0</ele>
      </trkpt>
      <trkpt lat="44.31623" lon="9.37307">
        <ele>234.0</ele>
      </trkpt>
      <trkpt lat="44.31621" lon="9.37167">
        <ele>233.0</ele>
      </trkpt>
      <trkpt lat="44.31628" lon="9.3712">
        <ele>232.0</ele>
      </trkpt>
      <trkpt lat="44.3165" lon="9.3711">
        <ele>231.0</ele>
      </trkpt>
      <trkpt lat="44.31669" lon="9.37163">
        <ele>233.0</ele>
      </trkpt>
      <trkpt lat="44.31783" lon="9.37303">
        <ele>241.0</ele>
      </trkpt>
      <trkpt lat="44.31833" lon="9.37343">
        <ele>247.0</ele>
      </trkpt>
      <trkpt lat="44.31861" lon="9.3744">
        <ele>255.0</ele>
      </trkpt>
      <trkpt lat="44.31882" lon="9.37454">
        <ele>258.0</ele>
      </trkpt>
      <trkpt lat="44.31877" lon="9.3748">
        <ele>261.0</ele>
      </trkpt>
      <trkpt lat="44.31775" lon="9.37465">
        <ele>270.0</ele>
      </trkpt>
      <trkpt lat="44.31753" lon="9.37381">
        <ele>274.0</ele>
      </trkpt>
      <trkpt lat="44.31744" lon="9.37381">
        <ele>277.0</ele>
      </trkpt>
      <trkpt lat="44.31748" lon="9.37521">
        <ele>284.0</ele>
      </trkpt>
      <trkpt lat="44.31786" lon="9.37592">
        <ele>290.0</ele>
      </trkpt>
      <trkpt lat="44.31838" lon="9.37594">
        <ele>296.0</ele>
      </trkpt>
      <trkpt lat="44.31981" lon="9.37655">
        <ele>310.0</ele>
      </trkpt>
      <trkpt lat="44.32036" lon="9.37661">
        <ele>316.0</ele>
      </trkpt>
      <trkpt lat="44.32093" lon="9.37632">
        <ele>323.0</ele>
      </trkpt>
      <trkpt lat="44.3212" lon="9.37569">
        <ele>329.0</ele>
      </trkpt>
      <trkpt lat="44.32166" lon="9.3754">
        <ele>334.0</ele>
      </trkpt>
      <trkpt lat="44.32205" lon="9.37463">
        <ele>333.0</ele>
      </trkpt>
      <trkpt lat="44.32258" lon="9.37286">
        <ele>326.0</ele>
      </trkpt>
      <trkpt lat="44.32262" lon="9.37211">
        <ele>325.0</ele>
      </trkpt>
      <trkpt lat="44.32277" lon="9.37188">
        <ele>326.0</ele>
      </trkpt>
      <trkpt lat="44.323" lon="9.37194">
        <ele>326.0</ele>
      </trkpt>
      <trkpt lat="44.32327" lon="9.37264">
        <ele>327.0</ele>
      </trkpt>
      <trkpt lat="44.32373" lon="9.37324">
        <ele>329.0</ele>
      </trkpt>
      <trkpt lat="44.32482" lon="9.37322">
        <ele>331.0</ele>
      </trkpt>
      <trkpt lat="44.32562" lon="9.37399">
        <ele>331.0</ele>
      </trkpt>
      <trkpt lat="44.32687" lon="9.37339">
        <ele>323.0</ele>
      </trkpt>
      <trkpt lat="44.3273" lon="9.37334">
        <ele>313.0</ele>
      </trkpt>
      <trkpt lat="44.32776" lon="9.37231">
        <ele>304.0</ele>
      </trkpt>
      <trkpt lat="44.32837" lon="9.37162">
        <ele>296.0</ele>
      </trkpt>
      <trkpt lat="44.32874" lon="9.37173">
        <ele>292.0</ele>
      </trkpt>
      <trkpt lat="44.32924" lon="9.3725">
        <ele>287.0</ele>
      </trkpt>
      <trkpt lat="44.32997" lon="9.37106">
        <ele>281.0</ele>
      </trkpt>
      <trkpt lat="44.33068" lon="9.37009">
        <ele>270.0</ele>
      </trkpt>
      <trkpt lat="44.33118" lon="9.36975">
        <ele>265.0</ele>
      </trkpt>
      <trkpt lat="44.33201" lon="9.36977">
        <ele>258.0</ele>
      </trkpt>
      <trkpt lat="44.33283" lon="9.36853">
        <ele>253.0</ele>
      </trkpt>
      <trkpt lat="44.33359" lon="9.36806">
        <ele>251.0</ele>
      </trkpt>
      <trkpt lat="44.33393" lon="9.36716">
        <ele>246.0</ele>
      </trkpt>
      <trkpt lat="44.33391" lon="9.36663">
        <ele>243.0</ele>
      </trkpt>
      <trkpt lat="44.33447" lon="9.36596">
        <ele>241.0</ele>
      </trkpt>
      <trkpt lat="44.33578" lon="9.36626">
        <ele>231.0</ele>
      </trkpt>
      <trkpt lat="44.33604" lon="9.36655">
        <ele>229.0</ele>
      </trkpt>
      <trkpt lat="44.33682" lon="9.36659">
        <ele>224.0</ele>
      </trkpt>
      <trkpt lat="44.33738" lon="9.36632">
        <ele>221.0</ele>
      </trkpt>
      <trkpt lat="44.33773" lon="9.36568">
        <ele>218.0</ele>
      </trkpt>
      <trkpt lat="44.33806" lon="9.36543">
        <ele>214.0</ele>
      </trkpt>
      <trkpt lat="44.33894" lon="9.36521">
        <ele>206.0</ele>
      </trkpt>
      <trkpt lat="44.33931" lon="9.36484">
        <ele>200.0</ele>
      </trkpt>
      <trkpt lat="44.33977" lon="9.3649">
        <ele>194.0</ele>
      </trkpt>
      <trkpt lat="44.34007" lon="9.36431">
        <ele>189.0</ele>
      </trkpt>
      <trkpt lat="44.33998" lon="9.36385">
        <ele>183.0</ele>
      </trkpt>
      <trkpt lat="44.33925" lon="9.36309">
        <ele>176.0</ele>
      </trkpt>
      <trkpt lat="44.33874" lon="9.36366">
        <ele>173.0</ele>
      </trkpt>
      <trkpt lat="44.33862" lon="9.36408">
        <ele>170.0</ele>
      </trkpt>
      <trkpt lat="44.33729" lon="9.36438">
        <ele>164.0</ele>
      </trkpt>
      <trkpt lat="44.33709" lon="9.36424">
        <ele>163.0</ele>
      </trkpt>
      <trkpt lat="44.33698" lon="9.36341">
        <ele>158.0</ele>
      </trkpt>
      <trkpt lat="44.33639" lon="9.36345">
        <ele>153.0</ele>
      </trkpt>
      <trkpt lat="44.33622" lon="9.36327">
        <ele>151.0</ele>
      </trkpt>
      <trkpt lat="44.33615" lon="9.36308">
        <ele>149.0</ele>
      </trkpt>
      <trkpt lat="44.33635" lon="9.36253">
        <ele>145.0</ele>
      </trkpt>
      <trkpt lat="44.33695" lon="9.3619">
        <ele>132.0</ele>
      </trkpt>
      <trkpt lat="44.33733" lon="9.36023">
        <ele>111.0</ele>
      </trkpt>
      <trkpt lat="44.33726" lon="9.35786">
        <ele>87.0</ele>
      </trkpt>
      <trkpt lat="44.33676" lon="9.35739">
        <ele>85.0</ele>
      </trkpt>
      <trkpt lat="44.33637" lon="9.35656">
        <ele>83.0</ele>
      </trkpt>
      <trkpt lat="44.33561" lon="9.35604">
        <ele>79.0</ele>
      </trkpt>
      <trkpt lat="44.33528" lon="9.35557">
        <ele>72.0</ele>
      </trkpt>
      <trkpt lat="44.33477" lon="9.35535">
        <ele>66.0</ele>
      </trkpt>
      <trkpt lat="44.33458" lon="9.35434">
        <ele>58.0</ele>
      </trkpt>
      <trkpt lat="44.33367" lon="9.35462">
        <ele>51.0</ele>
      </trkpt>
      <trkpt lat="44.33304" lon="9.35443">
        <ele>46.0</ele>
      </trkpt>
      <trkpt lat="44.33291" lon="9.35426">
        <ele>44.0</ele>
      </trkpt>
      <trkpt lat="44.33291" lon="9.35388">
        <ele>43.0</ele>
      </trkpt>
      <trkpt lat="44.33305" lon="9.35372">
        <ele>41.0</ele>
      </trkpt>
      <trkpt lat="44.33387" lon="9.35366">
        <ele>38.0</ele>
      </trkpt>
      <trkpt lat="44.33396" lon="9.3535">
        <ele>36.0</ele>
      </trkpt>
      <trkpt lat="44.3333" lon="9.35309">
        <ele>32.0</ele>
      </trkpt>
      <trkpt lat="44.33294" lon="9.35265">
        <ele>28.0</ele>
      </trkpt>
      <trkpt lat="44.33249" lon="9.35137">
        <ele>15.0</ele>
      </trkpt>
      <trkpt lat="44.33319" lon="9.35086">
        <ele>10.0</ele>
      </trkpt>
      <trkpt lat="44.33299" lon="9.3502">
        <ele>10.0</ele>
      </trkpt>
      <trkpt lat="44.33295" lon="9.34933">
        <ele>10.0</ele>
      </trkpt>
      <trkpt lat="44.33364" lon="9.3456">
        <ele>13.0</ele>
      </trkpt>
      <trkpt lat="44.32966" lon="9.34542">
        <ele>11.0</ele>
      </trkpt>
      <trkpt lat="44.3287" lon="9.34587">
        <ele>11.0</ele>
      </trkpt>
      <trkpt lat="44.32721" lon="9.34583">
        <ele>10.0</ele>
      </trkpt>
      <trkpt lat="44.32554" lon="9.34494">
        <ele>12.0</ele>
      </trkpt>
      <trkpt lat="44.32327" lon="9.34406">
        <ele>12.0</ele>
      </trkpt>
      <trkpt lat="44.3221" lon="9.34323">
        <ele>12.0</ele>
      </trkpt>
      <trkpt lat="44.32124" lon="9.34232">
        <ele>7.0</ele>
      </trkpt>
      <trkpt lat="44.31884" lon="9.34038">
        <ele>8.0</ele>
      </trkpt>
      <trkpt lat="44.3187" lon="9.34047">
        <ele>7.0</ele>
      </trkpt>
      <trkpt lat="44.31875" lon="9.34111">
        <ele>7.0</ele>
      </trkpt>
      <trkpt lat="44.3186" lon="9.34155">
        <ele>6.0</ele>
      </trkpt>
      <trkpt lat="44.31846" lon="9.34182">
        <ele>6.0</ele>
      </trkpt>
      <trkpt lat="44.31823" lon="9.34174">
        <ele>5.0</ele>
      </trkpt>
      <trkpt lat="44.31568" lon="9.33924">
        <ele>4.0</ele>
      </trkpt>
      <trkpt lat="44.3153" lon="9.33869">
        <ele>3.0</ele>
      </trkpt>
      <trkpt lat="44.31347" lon="9.33509">
        <ele>5.0</ele>
      </trkpt>
      <trkpt lat="44.31341" lon="9.33478">
        <ele>4.0</ele>
      </trkpt>
      <trkpt lat="44.31316" lon="9.3346">
        <ele>3.0</ele>
      </trkpt>
      <trkpt lat="44.31263" lon="9.33371">
        <ele>2.0</ele>
      </trkpt>
      <trkpt lat="44.31252" lon="9.33322">
        <ele>1.0</ele>
      </trkpt>
      <trkpt lat="44.312" lon="9.33266">
        <ele>3.0</ele>
      </trkpt>
      <trkpt lat="44.31287" lon="9.3286">
        <ele>3.0</ele>
      </trkpt>
      <trkpt lat="44.31552" lon="9.32252">
        <ele>7.0</ele>
      </trkpt>
    </trkseg>
  </trk>
</gpx>