<?xml version="1.0" encoding="UTF-8"?>
<gpx xmlns="http://www.topografix.com/GPX/1/1" xmlns:xsi="http://www.w3.org/2001/XMLSchema-instance" xsi:schemaLocation="http://www.topografix.com/GPX/1/1 http://www.topografix.com/GPX/1/1/gpx.xsd" version="1.1" creator="wattsfit-ingest">
  <metadata>
    <name>Tour de France 2026 — Stage 20</name>
  </metadata>
  <trk>
    <name>Tour de France 2026 — Stage 20</name>
    <trkseg>
      <trkpt lat="45.05628" lon="6.02961">
        <ele>718.8</ele>
      </trkpt>
      <trkpt lat="45.05537" lon="6.02975">
        <ele>718.8</ele>
      </trkpt>
      <trkpt lat="45.05499" lon="6.02993">
        <ele>718.7</ele>
      </trkpt>
      <trkpt lat="45.05488" lon="6.03105">
        <ele>718.3</ele>
      </trkpt>
      <trkpt lat="45.05477" lon="6.03169">
        <ele>718.0</ele>
      </trkpt>
      <trkpt lat="45.05477" lon="6.0321">
        <ele>718.0</ele>
      </trkpt>
      <trkpt lat="45.05511" lon="6.03275">
        <ele>717.9</ele>
      </trkpt>
      <trkpt lat="45.05819" lon="6.03626">
        <ele>723.0</ele>
      </trkpt>
      <trkpt lat="45.05882" lon="6.03723">
        <ele>723.1</ele>
      </trkpt>
      <trkpt lat="45.05903" lon="6.03767">
        <ele>722.8</ele>
      </trkpt>
      <trkpt lat="45.05926" lon="6.03804">
        <ele>722.8</ele>
      </trkpt>
      <trkpt lat="45.05936" lon="6.03764">
        <ele>722.3</ele>
      </trkpt>
      <trkpt lat="45.05956" lon="6.03657">
        <ele>721.4</ele>
      </trkpt>
      <trkpt lat="45.05991" lon="6.03586">
        <ele>721.0</ele>
      </trkpt>
      <trkpt lat="45.06131" lon="6.03408">
        <ele>719.1</ele>
      </trkpt>
      <trkpt lat="45.0619" lon="6.03344">
        <ele>719.1</ele>
      </trkpt>
      <trkpt lat="45.06416" lon="6.03164">
        <ele>720.1</ele>
      </trkpt>
      <trkpt lat="45.06466" lon="6.03091">
        <ele>720.7</ele>
      </trkpt>
      <trkpt lat="45.06487" lon="6.03036">
        <ele>721.6</ele>
      </trkpt>
      <trkpt lat="45.06501" lon="6.02965">
        <ele>721.7</ele>
      </trkpt>
      <trkpt lat="45.06503" lon="6.02919">
        <ele>721.7</ele>
      </trkpt>
      <trkpt lat="45.06499" lon="6.0286">
        <ele>721.6</ele>
      </trkpt>
      <trkpt lat="45.06479" lon="6.02776">
        <ele>721.4</ele>
      </trkpt>
      <trkpt lat="45.0644" lon="6.02675">
        <ele>721.4</ele>
      </trkpt>
      <trkpt lat="45.06392" lon="6.02528">
        <ele>718.1</ele>
      </trkpt>
      <trkpt lat="45.06389" lon="6.0248">
        <ele>718.1</ele>
      </trkpt>
      <trkpt lat="45.06405" lon="6.02432">
        <ele>718.1</ele>
      </trkpt>
      <trkpt lat="45.06473" lon="6.02365">
        <ele>717.9</ele>
      </trkpt>
      <trkpt lat="45.06576" lon="6.02285">
        <ele>717.7</ele>
      </trkpt>
      <trkpt lat="45.06657" lon="6.02231">
        <ele>717.7</ele>
      </trkpt>
      <trkpt lat="45.06936" lon="6.02009">
        <ele>718.9</ele>
      </trkpt>
      <trkpt lat="45.07117" lon="6.01888">
        <ele>721.8</ele>
      </trkpt>
      <trkpt lat="45.07294" lon="6.01746">
        <ele>726.7</ele>
      </trkpt>
      <trkpt lat="45.07331" lon="6.01706">
        <ele>726.7</ele>
      </trkpt>
      <trkpt lat="45.07588" lon="6.01506">
        <ele>723.1</ele>
      </trkpt>
      <trkpt lat="45.07626" lon="6.01482">
        <ele>723.1</ele>
      </trkpt>
      <trkpt lat="45.08963" lon="6.01161">
        <ele>713.5</ele>
      </trkpt>
      <trkpt lat="45.09035" lon="6.01163">
        <ele>713.5</ele>
      </trkpt>
      <trkpt lat="45.09096" lon="6.01131">
        <ele>713.5</ele>
      </trkpt>
      <trkpt lat="45.09714" lon="6.00988">
        <ele>712.1</ele>
      </trkpt>
      <trkpt lat="45.09766" lon="6.00962">
        <ele>712.1</ele>
      </trkpt>
      <trkpt lat="45.09811" lon="6.00964">
        <ele>712.1</ele>
      </trkpt>
      <trkpt lat="45.11052" lon="6.00668">
        <ele>711.6</ele>
      </trkpt>
      <trkpt lat="45.11322" lon="6.00605">
        <ele>711.5</ele>
      </trkpt>
      <trkpt lat="45.11354" lon="6.00602">
        <ele>711.5</ele>
      </trkpt>
      <trkpt lat="45.11413" lon="6.00573">
        <ele>711.5</ele>
      </trkpt>
      <trkpt lat="45.11438" lon="6.00623">
        <ele>711.4</ele>
      </trkpt>
      <trkpt lat="45.11497" lon="6.01197">
        <ele>712.6</ele>
      </trkpt>
      <trkpt lat="45.11512" lon="6.01251">
        <ele>712.6</ele>
      </trkpt>
      <trkpt lat="45.11533" lon="6.01287">
        <ele>712.6</ele>
      </trkpt>
      <trkpt lat="45.11698" lon="6.01468">
        <ele>712.3</ele>
      </trkpt>
      <trkpt lat="45.11929" lon="6.01752">
        <ele>713.9</ele>
      </trkpt>
      <trkpt lat="45.11996" lon="6.0188">
        <ele>715.2</ele>
      </trkpt>
      <trkpt lat="45.12086" lon="6.021">
        <ele>717.2</ele>
      </trkpt>
      <trkpt lat="45.121" lon="6.02174">
        <ele>717.9</ele>
      </trkpt>
      <trkpt lat="45.12118" lon="6.02226">
        <ele>718.2</ele>
      </trkpt>
      <trkpt lat="45.1215" lon="6.02261">
        <ele>718.4</ele>
      </trkpt>
      <trkpt lat="45.12206" lon="6.02282">
        <ele>718.7</ele>
      </trkpt>
      <trkpt lat="45.12237" lon="6.0234">
        <ele>718.5</ele>
      </trkpt>
      <trkpt lat="45.12255" lon="6.02415">
        <ele>718.3</ele>
      </trkpt>
      <trkpt lat="45.12475" lon="6.02962">
        <ele>719.7</ele>
      </trkpt>
      <trkpt lat="45.12499" lon="6.0303">
        <ele>720.0</ele>
      </trkpt>
      <trkpt lat="45.12542" lon="6.03128">
        <ele>720.3</ele>
      </trkpt>
      <trkpt lat="45.12695" lon="6.03504">
        <ele>722.4</ele>
      </trkpt>
      <trkpt lat="45.12786" lon="6.0373">
        <ele>725.7</ele>
      </trkpt>
      <trkpt lat="45.12786" lon="6.03797">
        <ele>725.7</ele>
      </trkpt>
      <trkpt lat="45.12916" lon="6.04117">
        <ele>730.7</ele>
      </trkpt>
      <trkpt lat="45.12917" lon="6.04187">
        <ele>730.7</ele>
      </trkpt>
      <trkpt lat="45.12838" lon="6.04349">
        <ele>741.9</ele>
      </trkpt>
      <trkpt lat="45.12802" lon="6.04381">
        <ele>741.9</ele>
      </trkpt>
      <trkpt lat="45.1282" lon="6.04409">
        <ele>741.9</ele>
      </trkpt>
      <trkpt lat="45.13027" lon="6.04149">
        <ele>769.2</ele>
      </trkpt>
      <trkpt lat="45.13054" lon="6.0408">
        <ele>769.2</ele>
      </trkpt>
      <trkpt lat="45.13076" lon="6.04089">
        <ele>769.2</ele>
      </trkpt>
      <trkpt lat="45.12805" lon="6.04546">
        <ele>771.8</ele>
      </trkpt>
      <trkpt lat="45.12933" lon="6.04754">
        <ele>772.6</ele>
      </trkpt>
      <trkpt lat="45.12972" lon="6.04788">
        <ele>772.6</ele>
      </trkpt>
      <trkpt lat="45.13273" lon="6.04877">
        <ele>768.0</ele>
      </trkpt>
      <trkpt lat="45.136" lon="6.04953">
        <ele>772.9</ele>
      </trkpt>
      <trkpt lat="45.13645" lon="6.04941">
        <ele>772.9</ele>
      </trkpt>
      <trkpt lat="45.13753" lon="6.04856">
        <ele>773.9</ele>
      </trkpt>
      <trkpt lat="45.13807" lon="6.04841">
        <ele>773.9</ele>
      </trkpt>
      <trkpt lat="45.13839" lon="6.04845">
        <ele>773.9</ele>
      </trkpt>
      <trkpt lat="45.13932" lon="6.04892">
        <ele>771.7</ele>
      </trkpt>
      <trkpt lat="45.14028" lon="6.04891">
        <ele>768.4</ele>
      </trkpt>
      <trkpt lat="45.14112" lon="6.04912">
        <ele>768.4</ele>
      </trkpt>
      <trkpt lat="45.14214" lon="6.04967">
        <ele>768.0</ele>
      </trkpt>
      <trkpt lat="45.143" lon="6.05025">
        <ele>771.8</ele>
      </trkpt>
      <trkpt lat="45.14338" lon="6.05054">
        <ele>775.3</ele>
      </trkpt>
      <trkpt lat="45.14404" lon="6.05121">
        <ele>781.7</ele>
      </trkpt>
      <trkpt lat="45.14449" lon="6.05149">
        <ele>784.5</ele>
      </trkpt>
      <trkpt lat="45.14461" lon="6.052">
        <ele>786.5</ele>
      </trkpt>
      <trkpt lat="45.14438" lon="6.05294">
        <ele>792.5</ele>
      </trkpt>
      <trkpt lat="45.14453" lon="6.05392">
        <ele>796.8</ele>
      </trkpt>
      <trkpt lat="45.14476" lon="6.05432">
        <ele>799.3</ele>
      </trkpt>
      <trkpt lat="45.14519" lon="6.05448">
        <ele>800.6</ele>
      </trkpt>
      <trkpt lat="45.14549" lon="6.05426">
        <ele>801.4</ele>
      </trkpt>
      <trkpt lat="45.1457" lon="6.05395">
        <ele>803.0</ele>
      </trkpt>
      <trkpt lat="45.14598" lon="6.05204">
        <ele>811.6</ele>
      </trkpt>
      <trkpt lat="45.14609" lon="6.05166">
        <ele>811.4</ele>
      </trkpt>
      <trkpt lat="45.14661" lon="6.05095">
        <ele>810.8</ele>
      </trkpt>
      <trkpt lat="45.14723" lon="6.05073">
        <ele>809.7</ele>
      </trkpt>
      <trkpt lat="45.14754" lon="6.05042">
        <ele>805.9</ele>
      </trkpt>
      <trkpt lat="45.14795" lon="6.04983">
        <ele>803.2</ele>
      </trkpt>
      <trkpt lat="45.14808" lon="6.04948">
        <ele>803.2</ele>
      </trkpt>
      <trkpt lat="45.14818" lon="6.04897">
        <ele>800.7</ele>
      </trkpt>
      <trkpt lat="45.14877" lon="6.04844">
        <ele>798.5</ele>
      </trkpt>
      <trkpt lat="45.14967" lon="6.04828">
        <ele>799.1</ele>
      </trkpt>
      <trkpt lat="45.151" lon="6.04752">
        <ele>797.3</ele>
      </trkpt>
      <trkpt lat="45.15159" lon="6.04712">
        <ele>796.7</ele>
      </trkpt>
      <trkpt lat="45.15217" lon="6.04648">
        <ele>795.9</ele>
      </trkpt>
      <trkpt lat="45.1528" lon="6.04618">
        <ele>795.6</ele>
      </trkpt>
      <trkpt lat="45.15349" lon="6.04555">
        <ele>801.1</ele>
      </trkpt>
      <trkpt lat="45.15437" lon="6.04542">
        <ele>804.1</ele>
      </trkpt>
      <trkpt lat="45.15531" lon="6.04511">
        <ele>825.6</ele>
      </trkpt>
      <trkpt lat="45.15584" lon="6.04454">
        <ele>836.9</ele>
      </trkpt>
      <trkpt lat="45.15664" lon="6.04404">
        <ele>844.7</ele>
      </trkpt>
      <trkpt lat="45.15738" lon="6.04347">
        <ele>851.7</ele>
      </trkpt>
      <trkpt lat="45.15813" lon="6.04325">
        <ele>857.2</ele>
      </trkpt>
      <trkpt lat="45.15861" lon="6.04296">
        <ele>861.2</ele>
      </trkpt>
      <trkpt lat="45.15917" lon="6.04287">
        <ele>868.3</ele>
      </trkpt>
      <trkpt lat="45.15973" lon="6.0426">
        <ele>875.0</ele>
      </trkpt>
      <trkpt lat="45.16034" lon="6.04217">
        <ele>881.5</ele>
      </trkpt>
      <trkpt lat="45.16065" lon="6.04205">
        <ele>884.7</ele>
      </trkpt>
      <trkpt lat="45.16134" lon="6.04203">
        <ele>886.2</ele>
      </trkpt>
      <trkpt lat="45.16238" lon="6.04223">
        <ele>895.7</ele>
      </trkpt>
      <trkpt lat="45.1636" lon="6.04215">
        <ele>905.6</ele>
      </trkpt>
      <trkpt lat="45.16415" lon="6.04217">
        <ele>907.8</ele>
      </trkpt>
      <trkpt lat="45.16476" lon="6.04202">
        <ele>912.6</ele>
      </trkpt>
      <trkpt lat="45.16556" lon="6.04196">
        <ele>917.1</ele>
      </trkpt>
      <trkpt lat="45.16587" lon="6.04181">
        <ele>921.4</ele>
      </trkpt>
      <trkpt lat="45.16663" lon="6.04178">
        <ele>925.0</ele>
      </trkpt>
      <trkpt lat="45.16724" lon="6.04165">
        <ele>927.2</ele>
      </trkpt>
      <trkpt lat="45.16828" lon="6.04111">
        <ele>941.3</ele>
      </trkpt>
      <trkpt lat="45.16886" lon="6.04011">
        <ele>949.5</ele>
      </trkpt>
      <trkpt lat="45.16922" lon="6.03979">
        <ele>951.4</ele>
      </trkpt>
      <trkpt lat="45.16958" lon="6.03975">
        <ele>953.5</ele>
      </trkpt>
      <trkpt lat="45.16996" lon="6.03958">
        <ele>954.9</ele>
      </trkpt>
      <trkpt lat="45.17025" lon="6.03927">
        <ele>956.9</ele>
      </trkpt>
      <trkpt lat="45.1721" lon="6.03816">
        <ele>972.3</ele>
      </trkpt>
      <trkpt lat="45.17298" lon="6.03783">
        <ele>976.5</ele>
      </trkpt>
      <trkpt lat="45.17377" lon="6.03774">
        <ele>981.1</ele>
      </trkpt>
      <trkpt lat="45.17434" lon="6.0373">
        <ele>987.7</ele>
      </trkpt>
      <trkpt lat="45.1746" lon="6.03715">
        <ele>993.9</ele>
      </trkpt>
      <trkpt lat="45.17531" lon="6.03707">
        <ele>1002.7</ele>
      </trkpt>
      <trkpt lat="45.17567" lon="6.03689">
        <ele>1005.8</ele>
      </trkpt>
      <trkpt lat="45.17616" lon="6.03693">
        <ele>1005.8</ele>
      </trkpt>
      <trkpt lat="45.17701" lon="6.03627">
        <ele>1015.0</ele>
      </trkpt>
      <trkpt lat="45.17782" lon="6.03674">
        <ele>1017.9</ele>
      </trkpt>
      <trkpt lat="45.17827" lon="6.03655">
        <ele>1024.1</ele>
      </trkpt>
      <trkpt lat="45.17871" lon="6.03661">
        <ele>1032.0</ele>
      </trkpt>
      <trkpt lat="45.17935" lon="6.03633">
        <ele>1040.6</ele>
      </trkpt>
      <trkpt lat="45.17986" lon="6.03586">
        <ele>1045.9</ele>
      </trkpt>
      <trkpt lat="45.18176" lon="6.03503">
        <ele>1080.9</ele>
      </trkpt>
      <trkpt lat="45.18246" lon="6.0349">
        <ele>1082.4</ele>
      </trkpt>
      <trkpt lat="45.18297" lon="6.03492">
        <ele>1084.8</ele>
      </trkpt>
      <trkpt lat="45.18566" lon="6.03442">
        <ele>1111.8</ele>
      </trkpt>
      <trkpt lat="45.18628" lon="6.03407">
        <ele>1115.3</ele>
      </trkpt>
      <trkpt lat="45.18702" lon="6.03378">
        <ele>1121.0</ele>
      </trkpt>
      <trkpt lat="45.18729" lon="6.03388">
        <ele>1123.7</ele>
      </trkpt>
      <trkpt lat="45.18827" lon="6.03465">
        <ele>1143.4</ele>
      </trkpt>
      <trkpt lat="45.18899" lon="6.03512">
        <ele>1147.1</ele>
      </trkpt>
      <trkpt lat="45.18968" lon="6.03538">
        <ele>1155.7</ele>
      </trkpt>
      <trkpt lat="45.19034" lon="6.03576">
        <ele>1159.2</ele>
      </trkpt>
      <trkpt lat="45.1918" lon="6.0362">
        <ele>1185.4</ele>
      </trkpt>
      <trkpt lat="45.19213" lon="6.03645">
        <ele>1188.3</ele>
      </trkpt>
      <trkpt lat="45.19279" lon="6.03657">
        <ele>1195.0</ele>
      </trkpt>
      <trkpt lat="45.19313" lon="6.03684">
        <ele>1198.9</ele>
      </trkpt>
      <trkpt lat="45.19346" lon="6.03724">
        <ele>1198.9</ele>
      </trkpt>
      <trkpt lat="45.19381" lon="6.0375">
        <ele>1203.4</ele>
      </trkpt>
      <trkpt lat="45.19457" lon="6.03789">
        <ele>1212.9</ele>
      </trkpt>
      <trkpt lat="45.19523" lon="6.03803">
        <ele>1217.8</ele>
      </trkpt>
      <trkpt lat="45.19606" lon="6.0387">
        <ele>1233.3</ele>
      </trkpt>
      <trkpt lat="45.19751" lon="6.03894">
        <ele>1245.9</ele>
      </trkpt>
      <trkpt lat="45.19873" lon="6.03936">
        <ele>1257.3</ele>
      </trkpt>
      <trkpt lat="45.19914" lon="6.03923">
        <ele>1257.7</ele>
      </trkpt>
      <trkpt lat="45.19968" lon="6.03908">
        <ele>1258.3</ele>
      </trkpt>
      <trkpt lat="45.2001" lon="6.03914">
        <ele>1258.5</ele>
      </trkpt>
      <trkpt lat="45.20097" lon="6.03948">
        <ele>1261.5</ele>
      </trkpt>
      <trkpt lat="45.20145" lon="6.0395">
        <ele>1262.6</ele>
      </trkpt>
      <trkpt lat="45.20209" lon="6.04006">
        <ele>1264.4</ele>
      </trkpt>
      <trkpt lat="45.20238" lon="6.04029">
        <ele>1265.1</ele>
      </trkpt>
      <trkpt lat="45.20292" lon="6.04021">
        <ele>1265.1</ele>
      </trkpt>
      <trkpt lat="45.20449" lon="6.04177">
        <ele>1271.6</ele>
      </trkpt>
      <trkpt lat="45.205" lon="6.04304">
        <ele>1273.8</ele>
      </trkpt>
      <trkpt lat="45.20541" lon="6.04353">
        <ele>1274.6</ele>
      </trkpt>
      <trkpt lat="45.20619" lon="6.04381">
        <ele>1276.1</ele>
      </trkpt>
      <trkpt lat="45.20671" lon="6.04439">
        <ele>1277.7</ele>
      </trkpt>
      <trkpt lat="45.20721" lon="6.04469">
        <ele>1278.2</ele>
      </trkpt>
      <trkpt lat="45.20749" lon="6.04478">
        <ele>1278.2</ele>
      </trkpt>
      <trkpt lat="45.20801" lon="6.04482">
        <ele>1278.7</ele>
      </trkpt>
      <trkpt lat="45.20855" lon="6.04548">
        <ele>1279.6</ele>
      </trkpt>
      <trkpt lat="45.20883" lon="6.04544">
        <ele>1279.6</ele>
      </trkpt>
      <trkpt lat="45.20918" lon="6.04523">
        <ele>1278.7</ele>
      </trkpt>
      <trkpt lat="45.20946" lon="6.04538">
        <ele>1278.4</ele>
      </trkpt>
      <trkpt lat="45.20941" lon="6.04615">
        <ele>1275.8</ele>
      </trkpt>
      <trkpt lat="45.20998" lon="6.0466">
        <ele>1271.2</ele>
      </trkpt>
      <trkpt lat="45.21024" lon="6.04695">
        <ele>1270.0</ele>
      </trkpt>
      <trkpt lat="45.21062" lon="6.04712">
        <ele>1270.4</ele>
      </trkpt>
      <trkpt lat="45.21124" lon="6.04756">
        <ele>1271.1</ele>
      </trkpt>
      <trkpt lat="45.21087" lon="6.04843">
        <ele>1271.3</ele>
      </trkpt>
      <trkpt lat="45.21076" lon="6.04933">
        <ele>1271.2</ele>
      </trkpt>
      <trkpt lat="45.21108" lon="6.05004">
        <ele>1269.0</ele>
      </trkpt>
      <trkpt lat="45.21114" lon="6.05064">
        <ele>1268.4</ele>
      </trkpt>
      <trkpt lat="45.2108" lon="6.05107">
        <ele>1268.4</ele>
      </trkpt>
      <trkpt lat="45.21093" lon="6.05278">
        <ele>1259.7</ele>
      </trkpt>
      <trkpt lat="45.21083" lon="6.05471">
        <ele>1254.3</ele>
      </trkpt>
      <trkpt lat="45.21084" lon="6.05522">
        <ele>1254.3</ele>
      </trkpt>
      <trkpt lat="45.21084" lon="6.0569">
        <ele>1241.6</ele>
      </trkpt>
      <trkpt lat="45.21053" lon="6.05555">
        <ele>1224.1</ele>
      </trkpt>
      <trkpt lat="45.21023" lon="6.05651">
        <ele>1219.8</ele>
      </trkpt>
      <trkpt lat="45.21018" lon="6.05723">
        <ele>1209.9</ele>
      </trkpt>
      <trkpt lat="45.20983" lon="6.05655">
        <ele>1202.4</ele>
      </trkpt>
      <trkpt lat="45.20973" lon="6.0557">
        <ele>1195.2</ele>
      </trkpt>
      <trkpt lat="45.20981" lon="6.0552">
        <ele>1188.6</ele>
      </trkpt>
      <trkpt lat="45.20945" lon="6.05583">
        <ele>1185.7</ele>
      </trkpt>
      <trkpt lat="45.20925" lon="6.05735">
        <ele>1178.3</ele>
      </trkpt>
      <trkpt lat="45.20893" lon="6.05763">
        <ele>1182.1</ele>
      </trkpt>
      <trkpt lat="45.20859" lon="6.0586">
        <ele>1184.6</ele>
      </trkpt>
      <trkpt lat="45.20799" lon="6.0624">
        <ele>1227.0</ele>
      </trkpt>
      <trkpt lat="45.20788" lon="6.06386">
        <ele>1240.8</ele>
      </trkpt>
      <trkpt lat="45.20763" lon="6.06467">
        <ele>1246.4</ele>
      </trkpt>
      <trkpt lat="45.20736" lon="6.06511">
        <ele>1249.4</ele>
      </trkpt>
      <trkpt lat="45.20726" lon="6.06549">
        <ele>1249.4</ele>
      </trkpt>
      <trkpt lat="45.20664" lon="6.06654">
        <ele>1267.9</ele>
      </trkpt>
      <trkpt lat="45.20587" lon="6.06807">
        <ele>1282.7</ele>
      </trkpt>
      <trkpt lat="45.20574" lon="6.06872">
        <ele>1282.7</ele>
      </trkpt>
      <trkpt lat="45.20476" lon="6.07137">
        <ele>1295.7</ele>
      </trkpt>
      <trkpt lat="45.20466" lon="6.07202">
        <ele>1295.5</ele>
      </trkpt>
      <trkpt lat="45.20427" lon="6.07278">
        <ele>1296.0</ele>
      </trkpt>
      <trkpt lat="45.20439" lon="6.07327">
        <ele>1296.4</ele>
      </trkpt>
      <trkpt lat="45.20385" lon="6.07442">
        <ele>1314.8</ele>
      </trkpt>
      <trkpt lat="45.20368" lon="6.07512">
        <ele>1318.1</ele>
      </trkpt>
      <trkpt lat="45.20338" lon="6.0755">
        <ele>1324.9</ele>
      </trkpt>
      <trkpt lat="45.20285" lon="6.07597">
        <ele>1332.3</ele>
      </trkpt>
      <trkpt lat="45.20232" lon="6.07669">
        <ele>1339.3</ele>
      </trkpt>
      <trkpt lat="45.20187" lon="6.07666">
        <ele>1348.4</ele>
      </trkpt>
      <trkpt lat="45.20229" lon="6.07708">
        <ele>1351.3</ele>
      </trkpt>
      <trkpt lat="45.20259" lon="6.07703">
        <ele>1351.3</ele>
      </trkpt>
      <trkpt lat="45.20364" lon="6.07631">
        <ele>1366.5</ele>
      </trkpt>
      <trkpt lat="45.20157" lon="6.07874">
        <ele>1404.8</ele>
      </trkpt>
      <trkpt lat="45.2014" lon="6.0799">
        <ele>1408.8</ele>
      </trkpt>
      <trkpt lat="45.2012" lon="6.08083">
        <ele>1415.7</ele>
      </trkpt>
      <trkpt lat="45.20115" lon="6.08142">
        <ele>1418.9</ele>
      </trkpt>
      <trkpt lat="45.20129" lon="6.08296">
        <ele>1431.8</ele>
      </trkpt>
      <trkpt lat="45.20109" lon="6.08369">
        <ele>1432.6</ele>
      </trkpt>
      <trkpt lat="45.20101" lon="6.08439">
        <ele>1440.5</ele>
      </trkpt>
      <trkpt lat="45.20129" lon="6.08531">
        <ele>1448.5</ele>
      </trkpt>
      <trkpt lat="45.20183" lon="6.08629">
        <ele>1455.6</ele>
      </trkpt>
      <trkpt lat="45.2032" lon="6.08787">
        <ele>1465.0</ele>
      </trkpt>
      <trkpt lat="45.20351" lon="6.0884">
        <ele>1465.7</ele>
      </trkpt>
      <trkpt lat="45.20376" lon="6.08924">
        <ele>1469.3</ele>
      </trkpt>
      <trkpt lat="45.20384" lon="6.08969">
        <ele>1473.0</ele>
      </trkpt>
      <trkpt lat="45.20374" lon="6.09016">
        <ele>1475.5</ele>
      </trkpt>
      <trkpt lat="45.20374" lon="6.09066">
        <ele>1477.5</ele>
      </trkpt>
      <trkpt lat="45.20401" lon="6.09124">
        <ele>1482.5</ele>
      </trkpt>
      <trkpt lat="45.20416" lon="6.09218">
        <ele>1489.9</ele>
      </trkpt>
      <trkpt lat="45.20432" lon="6.09286">
        <ele>1494.6</ele>
      </trkpt>
      <trkpt lat="45.20454" lon="6.09347">
        <ele>1498.3</ele>
      </trkpt>
      <trkpt lat="45.20466" lon="6.09406">
        <ele>1502.7</ele>
      </trkpt>
      <trkpt lat="45.2047" lon="6.09484">
        <ele>1504.5</ele>
      </trkpt>
      <trkpt lat="45.20452" lon="6.09653">
        <ele>1522.1</ele>
      </trkpt>
      <trkpt lat="45.20458" lon="6.09735">
        <ele>1522.1</ele>
      </trkpt>
      <trkpt lat="45.20433" lon="6.09865">
        <ele>1536.9</ele>
      </trkpt>
      <trkpt lat="45.20458" lon="6.10197">
        <ele>1564.4</ele>
      </trkpt>
      <trkpt lat="45.20501" lon="6.10298">
        <ele>1564.4</ele>
      </trkpt>
      <trkpt lat="45.20539" lon="6.10417">
        <ele>1580.4</ele>
      </trkpt>
      <trkpt lat="45.20557" lon="6.10496">
        <ele>1583.2</ele>
      </trkpt>
      <trkpt lat="45.20588" lon="6.10583">
        <ele>1586.4</ele>
      </trkpt>
      <trkpt lat="45.2064" lon="6.10703">
        <ele>1596.9</ele>
      </trkpt>
      <trkpt lat="45.20673" lon="6.10828">
        <ele>1605.4</ele>
      </trkpt>
      <trkpt lat="45.20674" lon="6.10888">
        <ele>1605.4</ele>
      </trkpt>
      <trkpt lat="45.20694" lon="6.10874">
        <ele>1605.4</ele>
      </trkpt>
      <trkpt lat="45.20673" lon="6.10734">
        <ele>1618.1</ele>
      </trkpt>
      <trkpt lat="45.20653" lon="6.10625">
        <ele>1622.0</ele>
      </trkpt>
      <trkpt lat="45.2065" lon="6.10574">
        <ele>1624.3</ele>
      </trkpt>
      <trkpt lat="45.20625" lon="6.10507">
        <ele>1625.9</ele>
      </trkpt>
      <trkpt lat="45.2061" lon="6.10428">
        <ele>1631.0</ele>
      </trkpt>
      <trkpt lat="45.20568" lon="6.10339">
        <ele>1635.4</ele>
      </trkpt>
      <trkpt lat="45.20582" lon="6.10314">
        <ele>1638.6</ele>
      </trkpt>
      <trkpt lat="45.20593" lon="6.10368">
        <ele>1638.6</ele>
      </trkpt>
      <trkpt lat="45.20618" lon="6.10417">
        <ele>1641.6</ele>
      </trkpt>
      <trkpt lat="45.20646" lon="6.10491">
        <ele>1646.7</ele>
      </trkpt>
      <trkpt lat="45.20684" lon="6.10549">
        <ele>1651.2</ele>
      </trkpt>
      <trkpt lat="45.20704" lon="6.10627">
        <ele>1657.0</ele>
      </trkpt>
      <trkpt lat="45.2074" lon="6.10716">
        <ele>1662.6</ele>
      </trkpt>
      <trkpt lat="45.20752" lon="6.10805">
        <ele>1665.3</ele>
      </trkpt>
      <trkpt lat="45.20787" lon="6.10926">
        <ele>1676.5</ele>
      </trkpt>
      <trkpt lat="45.20781" lon="6.11007">
        <ele>1678.6</ele>
      </trkpt>
      <trkpt lat="45.20782" lon="6.11072">
        <ele>1681.7</ele>
      </trkpt>
      <trkpt lat="45.20774" lon="6.11163">
        <ele>1683.1</ele>
      </trkpt>
      <trkpt lat="45.20793" lon="6.11288">
        <ele>1692.9</ele>
      </trkpt>
      <trkpt lat="45.20787" lon="6.11367">
        <ele>1694.3</ele>
      </trkpt>
      <trkpt lat="45.20799" lon="6.11405">
        <ele>1694.3</ele>
      </trkpt>
      <trkpt lat="45.20806" lon="6.11453">
        <ele>1697.8</ele>
      </trkpt>
      <trkpt lat="45.2083" lon="6.11532">
        <ele>1702.1</ele>
      </trkpt>
      <trkpt lat="45.20841" lon="6.11596">
        <ele>1704.8</ele>
      </trkpt>
      <trkpt lat="45.20849" lon="6.1171">
        <ele>1705.3</ele>
      </trkpt>
      <trkpt lat="45.20843" lon="6.11834">
        <ele>1704.5</ele>
      </trkpt>
      <trkpt lat="45.20862" lon="6.11903">
        <ele>1703.3</ele>
      </trkpt>
      <trkpt lat="45.20857" lon="6.12003">
        <ele>1702.7</ele>
      </trkpt>
      <trkpt lat="45.20863" lon="6.1205">
        <ele>1702.7</ele>
      </trkpt>
      <trkpt lat="45.20895" lon="6.12182">
        <ele>1707.9</ele>
      </trkpt>
      <trkpt lat="45.20988" lon="6.1241">
        <ele>1721.5</ele>
      </trkpt>
      <trkpt lat="45.21013" lon="6.12494">
        <ele>1723.5</ele>
      </trkpt>
      <trkpt lat="45.21024" lon="6.12557">
        <ele>1724.3</ele>
      </trkpt>
      <trkpt lat="45.21039" lon="6.12599">
        <ele>1724.3</ele>
      </trkpt>
      <trkpt lat="45.21104" lon="6.12729">
        <ele>1735.5</ele>
      </trkpt>
      <trkpt lat="45.21136" lon="6.1276">
        <ele>1735.5</ele>
      </trkpt>
      <trkpt lat="45.21173" lon="6.12778">
        <ele>1736.9</ele>
      </trkpt>
      <trkpt lat="45.2121" lon="6.12852">
        <ele>1741.4</ele>
      </trkpt>
      <trkpt lat="45.21268" lon="6.12926">
        <ele>1743.3</ele>
      </trkpt>
      <trkpt lat="45.21396" lon="6.13053">
        <ele>1755.4</ele>
      </trkpt>
      <trkpt lat="45.21451" lon="6.13116">
        <ele>1755.4</ele>
      </trkpt>
      <trkpt lat="45.21536" lon="6.13161">
        <ele>1765.6</ele>
      </trkpt>
      <trkpt lat="45.2161" lon="6.13213">
        <ele>1767.4</ele>
      </trkpt>
      <trkpt lat="45.21678" lon="6.13268">
        <ele>1771.9</ele>
      </trkpt>
      <trkpt lat="45.21746" lon="6.13332">
        <ele>1773.8</ele>
      </trkpt>
      <trkpt lat="45.21875" lon="6.13428">
        <ele>1784.4</ele>
      </trkpt>
      <trkpt lat="45.22021" lon="6.13562">
        <ele>1790.5</ele>
      </trkpt>
      <trkpt lat="45.22068" lon="6.13586">
        <ele>1790.3</ele>
      </trkpt>
      <trkpt lat="45.22129" lon="6.13635">
        <ele>1789.6</ele>
      </trkpt>
      <trkpt lat="45.22201" lon="6.13677">
        <ele>1788.4</ele>
      </trkpt>
      <trkpt lat="45.22225" lon="6.13703">
        <ele>1787.5</ele>
      </trkpt>
      <trkpt lat="45.22279" lon="6.13835">
        <ele>1781.0</ele>
      </trkpt>
      <trkpt lat="45.22303" lon="6.1387">
        <ele>1781.0</ele>
      </trkpt>
      <trkpt lat="45.2234" lon="6.13883">
        <ele>1779.1</ele>
      </trkpt>
      <trkpt lat="45.22397" lon="6.13857">
        <ele>1774.6</ele>
      </trkpt>
      <trkpt lat="45.22431" lon="6.13884">
        <ele>1771.1</ele>
      </trkpt>
      <trkpt lat="45.2248" lon="6.13991">
        <ele>1769.6</ele>
      </trkpt>
      <trkpt lat="45.22494" lon="6.14036">
        <ele>1768.8</ele>
      </trkpt>
      <trkpt lat="45.2252" lon="6.14164">
        <ele>1763.2</ele>
      </trkpt>
      <trkpt lat="45.22594" lon="6.14356">
        <ele>1753.2</ele>
      </trkpt>
      <trkpt lat="45.22648" lon="6.14526">
        <ele>1748.1</ele>
      </trkpt>
      <trkpt lat="45.22671" lon="6.14768">
        <ele>1735.8</ele>
      </trkpt>
      <trkpt lat="45.22666" lon="6.14871">
        <ele>1734.1</ele>
      </trkpt>
      <trkpt lat="45.22683" lon="6.14936">
        <ele>1729.9</ele>
      </trkpt>
      <trkpt lat="45.22717" lon="6.14975">
        <ele>1728.7</ele>
      </trkpt>
      <trkpt lat="45.22734" lon="6.15009">
        <ele>1727.4</ele>
      </trkpt>
      <trkpt lat="45.22749" lon="6.15118">
        <ele>1724.5</ele>
      </trkpt>
      <trkpt lat="45.22786" lon="6.15164">
        <ele>1723.8</ele>
      </trkpt>
      <trkpt lat="45.22804" lon="6.15249">
        <ele>1725.5</ele>
      </trkpt>
      <trkpt lat="45.2284" lon="6.15344">
        <ele>1729.0</ele>
      </trkpt>
      <trkpt lat="45.22858" lon="6.15424">
        <ele>1733.8</ele>
      </trkpt>
      <trkpt lat="45.22843" lon="6.15506">
        <ele>1739.7</ele>
      </trkpt>
      <trkpt lat="45.22884" lon="6.15611">
        <ele>1742.7</ele>
      </trkpt>
      <trkpt lat="45.22961" lon="6.15734">
        <ele>1758.5</ele>
      </trkpt>
      <trkpt lat="45.22983" lon="6.15832">
        <ele>1761.2</ele>
      </trkpt>
      <trkpt lat="45.23012" lon="6.15912">
        <ele>1766.1</ele>
      </trkpt>
      <trkpt lat="45.23056" lon="6.15955">
        <ele>1770.1</ele>
      </trkpt>
      <trkpt lat="45.2309" lon="6.16025">
        <ele>1775.2</ele>
      </trkpt>
      <trkpt lat="45.23114" lon="6.16061">
        <ele>1778.2</ele>
      </trkpt>
      <trkpt lat="45.23132" lon="6.1611">
        <ele>1778.2</ele>
      </trkpt>
      <trkpt lat="45.23158" lon="6.16134">
        <ele>1781.7</ele>
      </trkpt>
      <trkpt lat="45.23189" lon="6.16207">
        <ele>1784.9</ele>
      </trkpt>
      <trkpt lat="45.23214" lon="6.16353">
        <ele>1796.9</ele>
      </trkpt>
      <trkpt lat="45.23256" lon="6.16495">
        <ele>1808.7</ele>
      </trkpt>
      <trkpt lat="45.23279" lon="6.1659">
        <ele>1810.8</ele>
      </trkpt>
      <trkpt lat="45.23302" lon="6.16652">
        <ele>1816.5</ele>
      </trkpt>
      <trkpt lat="45.23312" lon="6.1672">
        <ele>1819.6</ele>
      </trkpt>
      <trkpt lat="45.23326" lon="6.16766">
        <ele>1821.3</ele>
      </trkpt>
      <trkpt lat="45.23344" lon="6.16806">
        <ele>1822.9</ele>
      </trkpt>
      <trkpt lat="45.23354" lon="6.16866">
        <ele>1826.3</ele>
      </trkpt>
      <trkpt lat="45.2338" lon="6.16933">
        <ele>1831.7</ele>
      </trkpt>
      <trkpt lat="45.2341" lon="6.16988">
        <ele>1833.6</ele>
      </trkpt>
      <trkpt lat="45.23443" lon="6.1711">
        <ele>1847.6</ele>
      </trkpt>
      <trkpt lat="45.23484" lon="6.172">
        <ele>1850.8</ele>
      </trkpt>
      <trkpt lat="45.23558" lon="6.17253">
        <ele>1857.0</ele>
      </trkpt>
      <trkpt lat="45.23602" lon="6.17335">
        <ele>1862.6</ele>
      </trkpt>
      <trkpt lat="45.2364" lon="6.17365">
        <ele>1869.8</ele>
      </trkpt>
      <trkpt lat="45.2366" lon="6.17434">
        <ele>1874.4</ele>
      </trkpt>
      <trkpt lat="45.23681" lon="6.17466">
        <ele>1876.4</ele>
      </trkpt>
      <trkpt lat="45.23725" lon="6.17489">
        <ele>1880.6</ele>
      </trkpt>
      <trkpt lat="45.23752" lon="6.17512">
        <ele>1884.2</ele>
      </trkpt>
      <trkpt lat="45.23788" lon="6.17524">
        <ele>1888.0</ele>
      </trkpt>
      <trkpt lat="45.23816" lon="6.17541">
        <ele>1891.4</ele>
      </trkpt>
      <trkpt lat="45.23848" lon="6.17582">
        <ele>1893.1</ele>
      </trkpt>
      <trkpt lat="45.2385" lon="6.17636">
        <ele>1896.9</ele>
      </trkpt>
      <trkpt lat="45.23873" lon="6.17726">
        <ele>1904.1</ele>
      </trkpt>
      <trkpt lat="45.23868" lon="6.17769">
        <ele>1906.1</ele>
      </trkpt>
      <trkpt lat="45.2388" lon="6.17832">
        <ele>1907.8</ele>
      </trkpt>
      <trkpt lat="45.23896" lon="6.17911">
        <ele>1913.4</ele>
      </trkpt>
      <trkpt lat="45.23903" lon="6.18035">
        <ele>1918.7</ele>
      </trkpt>
      <trkpt lat="45.2391" lon="6.18085">
        <ele>1920.6</ele>
      </trkpt>
      <trkpt lat="45.23909" lon="6.18152">
        <ele>1921.6</ele>
      </trkpt>
      <trkpt lat="45.23894" lon="6.18215">
        <ele>1923.9</ele>
      </trkpt>
      <trkpt lat="45.23896" lon="6.18362">
        <ele>1935.8</ele>
      </trkpt>
      <trkpt lat="45.23887" lon="6.18435">
        <ele>1937.8</ele>
      </trkpt>
      <trkpt lat="45.23923" lon="6.1851">
        <ele>1942.8</ele>
      </trkpt>
      <trkpt lat="45.23913" lon="6.18565">
        <ele>1946.3</ele>
      </trkpt>
      <trkpt lat="45.23879" lon="6.18575">
        <ele>1946.3</ele>
      </trkpt>
      <trkpt lat="45.23843" lon="6.18615">
        <ele>1947.8</ele>
      </trkpt>
      <trkpt lat="45.23785" lon="6.18761">
        <ele>1961.7</ele>
      </trkpt>
      <trkpt lat="45.23764" lon="6.18801">
        <ele>1961.7</ele>
      </trkpt>
      <trkpt lat="45.23751" lon="6.18866">
        <ele>1963.5</ele>
      </trkpt>
      <trkpt lat="45.23725" lon="6.18941">
        <ele>1966.7</ele>
      </trkpt>
      <trkpt lat="45.23691" lon="6.19079">
        <ele>1978.4</ele>
      </trkpt>
      <trkpt lat="45.23646" lon="6.1915">
        <ele>1978.4</ele>
      </trkpt>
      <trkpt lat="45.23554" lon="6.19278">
        <ele>1992.3</ele>
      </trkpt>
      <trkpt lat="45.23478" lon="6.19318">
        <ele>1994.5</ele>
      </trkpt>
      <trkpt lat="45.23423" lon="6.19324">
        <ele>1997.2</ele>
      </trkpt>
      <trkpt lat="45.23374" lon="6.19444">
        <ele>2004.5</ele>
      </trkpt>
      <trkpt lat="45.23342" lon="6.19507">
        <ele>2006.5</ele>
      </trkpt>
      <trkpt lat="45.2332" lon="6.19629">
        <ele>2011.9</ele>
      </trkpt>
      <trkpt lat="45.23271" lon="6.19725">
        <ele>2014.8</ele>
      </trkpt>
      <trkpt lat="45.23178" lon="6.19836">
        <ele>2025.3</ele>
      </trkpt>
      <trkpt lat="45.23115" lon="6.19976">
        <ele>2036.0</ele>
      </trkpt>
      <trkpt lat="45.23023" lon="6.2013">
        <ele>2047.2</ele>
      </trkpt>
      <trkpt lat="45.22961" lon="6.20213">
        <ele>2047.2</ele>
      </trkpt>
      <trkpt lat="45.22849" lon="6.20241">
        <ele>2060.0</ele>
      </trkpt>
      <trkpt lat="45.22781" lon="6.20268">
        <ele>2061.7</ele>
      </trkpt>
      <trkpt lat="45.22753" lon="6.20308">
        <ele>2062.4</ele>
      </trkpt>
      <trkpt lat="45.22748" lon="6.20356">
        <ele>2061.7</ele>
      </trkpt>
      <trkpt lat="45.2275" lon="6.20396">
        <ele>2061.5</ele>
      </trkpt>
      <trkpt lat="45.22758" lon="6.20433">
        <ele>2060.1</ele>
      </trkpt>
      <trkpt lat="45.22782" lon="6.20456">
        <ele>2059.5</ele>
      </trkpt>
      <trkpt lat="45.22836" lon="6.20466">
        <ele>2057.4</ele>
      </trkpt>
      <trkpt lat="45.22921" lon="6.20623">
        <ele>2039.2</ele>
      </trkpt>
      <trkpt lat="45.22945" lon="6.20686">
        <ele>2039.2</ele>
      </trkpt>
      <trkpt lat="45.2306" lon="6.20907">
        <ele>2018.5</ele>
      </trkpt>
      <trkpt lat="45.23073" lon="6.21055">
        <ele>2006.6</ele>
      </trkpt>
      <trkpt lat="45.23057" lon="6.2101">
        <ele>2006.6</ele>
      </trkpt>
      <trkpt lat="45.23043" lon="6.20965">
        <ele>2006.6</ele>
      </trkpt>
      <trkpt lat="45.22909" lon="6.20875">
        <ele>1989.9</ele>
      </trkpt>
      <trkpt lat="45.22899" lon="6.21029">
        <ele>1976.7</ele>
      </trkpt>
      <trkpt lat="45.22886" lon="6.21105">
        <ele>1971.9</ele>
      </trkpt>
      <trkpt lat="45.22896" lon="6.2117">
        <ele>1967.5</ele>
      </trkpt>
      <trkpt lat="45.22897" lon="6.21221">
        <ele>1965.2</ele>
      </trkpt>
      <trkpt lat="45.22889" lon="6.2126">
        <ele>1963.1</ele>
      </trkpt>
      <trkpt lat="45.22858" lon="6.21323">
        <ele>1957.9</ele>
      </trkpt>
      <trkpt lat="45.22911" lon="6.21403">
        <ele>1947.4</ele>
      </trkpt>
      <trkpt lat="45.22923" lon="6.21481">
        <ele>1944.5</ele>
      </trkpt>
      <trkpt lat="45.22949" lon="6.21502">
        <ele>1942.4</ele>
      </trkpt>
      <trkpt lat="45.23022" lon="6.21528">
        <ele>1937.3</ele>
      </trkpt>
      <trkpt lat="45.23052" lon="6.21554">
        <ele>1932.1</ele>
      </trkpt>
      <trkpt lat="45.23106" lon="6.21646">
        <ele>1924.2</ele>
      </trkpt>
      <trkpt lat="45.23099" lon="6.21673">
        <ele>1921.7</ele>
      </trkpt>
      <trkpt lat="45.23076" lon="6.21633">
        <ele>1921.7</ele>
      </trkpt>
      <trkpt lat="45.23049" lon="6.2161">
        <ele>1921.7</ele>
      </trkpt>
      <trkpt lat="45.22936" lon="6.21597">
        <ele>1904.0</ele>
      </trkpt>
      <trkpt lat="45.22879" lon="6.21542">
        <ele>1904.0</ele>
      </trkpt>
      <trkpt lat="45.22791" lon="6.21496">
        <ele>1891.5</ele>
      </trkpt>
      <trkpt lat="45.22768" lon="6.21463">
        <ele>1888.6</ele>
      </trkpt>
      <trkpt lat="45.22739" lon="6.21372">
        <ele>1884.0</ele>
      </trkpt>
      <trkpt lat="45.22718" lon="6.2134">
        <ele>1877.8</ele>
      </trkpt>
      <trkpt lat="45.22641" lon="6.21293">
        <ele>1869.8</ele>
      </trkpt>
      <trkpt lat="45.22596" lon="6.21248">
        <ele>1866.6</ele>
      </trkpt>
      <trkpt lat="45.22607" lon="6.21285">
        <ele>1866.6</ele>
      </trkpt>
      <trkpt lat="45.2268" lon="6.21381">
        <ele>1853.8</ele>
      </trkpt>
      <trkpt lat="45.2276" lon="6.21548">
        <ele>1842.0</ele>
      </trkpt>
      <trkpt lat="45.22798" lon="6.21666">
        <ele>1830.4</ele>
      </trkpt>
      <trkpt lat="45.22746" lon="6.21574">
        <ele>1827.1</ele>
      </trkpt>
      <trkpt lat="45.22705" lon="6.21517">
        <ele>1820.6</ele>
      </trkpt>
      <trkpt lat="45.22652" lon="6.21458">
        <ele>1818.1</ele>
      </trkpt>
      <trkpt lat="45.2257" lon="6.21396">
        <ele>1804.8</ele>
      </trkpt>
      <trkpt lat="45.22526" lon="6.21372">
        <ele>1802.7</ele>
      </trkpt>
      <trkpt lat="45.22485" lon="6.21338">
        <ele>1798.6</ele>
      </trkpt>
      <trkpt lat="45.22449" lon="6.21303">
        <ele>1793.8</ele>
      </trkpt>
      <trkpt lat="45.22401" lon="6.21232">
        <ele>1788.9</ele>
      </trkpt>
      <trkpt lat="45.22361" lon="6.21192">
        <ele>1783.7</ele>
      </trkpt>
      <trkpt lat="45.2231" lon="6.21171">
        <ele>1779.2</ele>
      </trkpt>
      <trkpt lat="45.22257" lon="6.21168">
        <ele>1774.9</ele>
      </trkpt>
      <trkpt lat="45.22206" lon="6.21181">
        <ele>1772.7</ele>
      </trkpt>
      <trkpt lat="45.22124" lon="6.21237">
        <ele>1761.4</ele>
      </trkpt>
      <trkpt lat="45.22174" lon="6.21237">
        <ele>1758.6</ele>
      </trkpt>
      <trkpt lat="45.22217" lon="6.21248">
        <ele>1753.1</ele>
      </trkpt>
      <trkpt lat="45.22286" lon="6.21301">
        <ele>1746.9</ele>
      </trkpt>
      <trkpt lat="45.22331" lon="6.21346">
        <ele>1741.6</ele>
      </trkpt>
      <trkpt lat="45.22365" lon="6.21389">
        <ele>1737.3</ele>
      </trkpt>
      <trkpt lat="45.22399" lon="6.21448">
        <ele>1732.8</ele>
      </trkpt>
      <trkpt lat="45.22413" lon="6.21538">
        <ele>1730.6</ele>
      </trkpt>
      <trkpt lat="45.22519" lon="6.21697">
        <ele>1711.8</ele>
      </trkpt>
      <trkpt lat="45.22515" lon="6.21725">
        <ele>1711.8</ele>
      </trkpt>
      <trkpt lat="45.2249" lon="6.21692">
        <ele>1711.8</ele>
      </trkpt>
      <trkpt lat="45.22399" lon="6.2163">
        <ele>1694.7</ele>
      </trkpt>
      <trkpt lat="45.22331" lon="6.2161">
        <ele>1691.8</ele>
      </trkpt>
      <trkpt lat="45.22292" lon="6.21587">
        <ele>1688.4</ele>
      </trkpt>
      <trkpt lat="45.22204" lon="6.21642">
        <ele>1671.4</ele>
      </trkpt>
      <trkpt lat="45.22137" lon="6.21679">
        <ele>1667.9</ele>
      </trkpt>
      <trkpt lat="45.22094" lon="6.21728">
        <ele>1660.8</ele>
      </trkpt>
      <trkpt lat="45.22029" lon="6.21714">
        <ele>1652.2</ele>
      </trkpt>
      <trkpt lat="45.21989" lon="6.21708">
        <ele>1649.2</ele>
      </trkpt>
      <trkpt lat="45.2202" lon="6.21744">
        <ele>1649.2</ele>
      </trkpt>
      <trkpt lat="45.22091" lon="6.22">
        <ele>1618.5</ele>
      </trkpt>
      <trkpt lat="45.22142" lon="6.22043">
        <ele>1615.6</ele>
      </trkpt>
      <trkpt lat="45.22144" lon="6.22106">
        <ele>1608.3</ele>
      </trkpt>
      <trkpt lat="45.22196" lon="6.22208">
        <ele>1605.1</ele>
      </trkpt>
      <trkpt lat="45.22213" lon="6.22341">
        <ele>1591.1</ele>
      </trkpt>
      <trkpt lat="45.22204" lon="6.22384">
        <ele>1589.4</ele>
      </trkpt>
      <trkpt lat="45.22186" lon="6.22298">
        <ele>1584.6</ele>
      </trkpt>
      <trkpt lat="45.22154" lon="6.22277">
        <ele>1580.0</ele>
      </trkpt>
      <trkpt lat="45.22116" lon="6.22295">
        <ele>1578.0</ele>
      </trkpt>
      <trkpt lat="45.22072" lon="6.22327">
        <ele>1574.3</ele>
      </trkpt>
      <trkpt lat="45.2204" lon="6.22329">
        <ele>1571.7</ele>
      </trkpt>
      <trkpt lat="45.22036" lon="6.22359">
        <ele>1567.5</ele>
      </trkpt>
      <trkpt lat="45.22112" lon="6.22409">
        <ele>1559.9</ele>
      </trkpt>
      <trkpt lat="45.22106" lon="6.22512">
        <ele>1553.0</ele>
      </trkpt>
      <trkpt lat="45.22104" lon="6.22601">
        <ele>1544.3</ele>
      </trkpt>
      <trkpt lat="45.2212" lon="6.22667">
        <ele>1542.0</ele>
      </trkpt>
      <trkpt lat="45.22139" lon="6.22709">
        <ele>1542.0</ele>
      </trkpt>
      <trkpt lat="45.22145" lon="6.22871">
        <ele>1522.7</ele>
      </trkpt>
      <trkpt lat="45.2214" lon="6.23153">
        <ele>1510.3</ele>
      </trkpt>
      <trkpt lat="45.22156" lon="6.2326">
        <ele>1510.3</ele>
      </trkpt>
      <trkpt lat="45.22111" lon="6.23438">
        <ele>1509.0</ele>
      </trkpt>
      <trkpt lat="45.22101" lon="6.23564">
        <ele>1509.0</ele>
      </trkpt>
      <trkpt lat="45.22077" lon="6.23703">
        <ele>1503.6</ele>
      </trkpt>
      <trkpt lat="45.22035" lon="6.23773">
        <ele>1503.6</ele>
      </trkpt>
      <trkpt lat="45.22025" lon="6.23796">
        <ele>1503.6</ele>
      </trkpt>
      <trkpt lat="45.22009" lon="6.23961">
        <ele>1497.1</ele>
      </trkpt>
      <trkpt lat="45.21946" lon="6.24114">
        <ele>1491.3</ele>
      </trkpt>
      <trkpt lat="45.21904" lon="6.24169">
        <ele>1491.3</ele>
      </trkpt>
      <trkpt lat="45.21845" lon="6.24323">
        <ele>1486.8</ele>
      </trkpt>
      <trkpt lat="45.21794" lon="6.24396">
        <ele>1486.1</ele>
      </trkpt>
      <trkpt lat="45.21771" lon="6.24441">
        <ele>1485.4</ele>
      </trkpt>
      <trkpt lat="45.21762" lon="6.24574">
        <ele>1479.6</ele>
      </trkpt>
      <trkpt lat="45.21656" lon="6.24788">
        <ele>1468.4</ele>
      </trkpt>
      <trkpt lat="45.21618" lon="6.24823">
        <ele>1467.9</ele>
      </trkpt>
      <trkpt lat="45.21563" lon="6.24861">
        <ele>1466.6</ele>
      </trkpt>
      <trkpt lat="45.21537" lon="6.24891">
        <ele>1465.6</ele>
      </trkpt>
      <trkpt lat="45.21519" lon="6.24924">
        <ele>1465.6</ele>
      </trkpt>
      <trkpt lat="45.21502" lon="6.24977">
        <ele>1465.2</ele>
      </trkpt>
      <trkpt lat="45.21493" lon="6.25166">
        <ele>1452.1</ele>
      </trkpt>
      <trkpt lat="45.21472" lon="6.25208">
        <ele>1448.9</ele>
      </trkpt>
      <trkpt lat="45.2139" lon="6.25231">
        <ele>1444.5</ele>
      </trkpt>
      <trkpt lat="45.21314" lon="6.25259">
        <ele>1438.9</ele>
      </trkpt>
      <trkpt lat="45.21255" lon="6.25347">
        <ele>1434.3</ele>
      </trkpt>
      <trkpt lat="45.21224" lon="6.25458">
        <ele>1431.6</ele>
      </trkpt>
      <trkpt lat="45.21112" lon="6.25718">
        <ele>1420.9</ele>
      </trkpt>
      <trkpt lat="45.21072" lon="6.25763">
        <ele>1420.6</ele>
      </trkpt>
      <trkpt lat="45.21011" lon="6.25804">
        <ele>1419.9</ele>
      </trkpt>
      <trkpt lat="45.20962" lon="6.25883">
        <ele>1419.6</ele>
      </trkpt>
      <trkpt lat="45.20907" lon="6.26026">
        <ele>1417.5</ele>
      </trkpt>
      <trkpt lat="45.20873" lon="6.2615">
        <ele>1411.2</ele>
      </trkpt>
      <trkpt lat="45.20849" lon="6.26196">
        <ele>1410.5</ele>
      </trkpt>
      <trkpt lat="45.20806" lon="6.26246">
        <ele>1409.9</ele>
      </trkpt>
      <trkpt lat="45.20676" lon="6.2631">
        <ele>1403.9</ele>
      </trkpt>
      <trkpt lat="45.20624" lon="6.26375">
        <ele>1402.8</ele>
      </trkpt>
      <trkpt lat="45.20593" lon="6.26445">
        <ele>1401.5</ele>
      </trkpt>
      <trkpt lat="45.20469" lon="6.26562">
        <ele>1391.8</ele>
      </trkpt>
      <trkpt lat="45.20395" lon="6.26588">
        <ele>1390.2</ele>
      </trkpt>
      <trkpt lat="45.20359" lon="6.26627">
        <ele>1386.0</ele>
      </trkpt>
      <trkpt lat="45.20325" lon="6.26721">
        <ele>1381.9</ele>
      </trkpt>
      <trkpt lat="45.20285" lon="6.26792">
        <ele>1377.7</ele>
      </trkpt>
      <trkpt lat="45.20251" lon="6.2682">
        <ele>1374.3</ele>
      </trkpt>
      <trkpt lat="45.20216" lon="6.26882">
        <ele>1371.3</ele>
      </trkpt>
      <trkpt lat="45.20176" lon="6.26923">
        <ele>1369.7</ele>
      </trkpt>
      <trkpt lat="45.20122" lon="6.27132">
        <ele>1357.0</ele>
      </trkpt>
      <trkpt lat="45.20112" lon="6.27212">
        <ele>1356.0</ele>
      </trkpt>
      <trkpt lat="45.20075" lon="6.27296">
        <ele>1354.4</ele>
      </trkpt>
      <trkpt lat="45.20106" lon="6.27365">
        <ele>1353.4</ele>
      </trkpt>
      <trkpt lat="45.20115" lon="6.27431">
        <ele>1352.9</ele>
      </trkpt>
      <trkpt lat="45.20098" lon="6.27469">
        <ele>1352.9</ele>
      </trkpt>
      <trkpt lat="45.20062" lon="6.27519">
        <ele>1351.7</ele>
      </trkpt>
      <trkpt lat="45.20037" lon="6.27567">
        <ele>1350.9</ele>
      </trkpt>
      <trkpt lat="45.20003" lon="6.27595">
        <ele>1349.8</ele>
      </trkpt>
      <trkpt lat="45.19957" lon="6.27667">
        <ele>1346.9</ele>
      </trkpt>
      <trkpt lat="45.19931" lon="6.27691">
        <ele>1343.7</ele>
      </trkpt>
      <trkpt lat="45.199" lon="6.27764">
        <ele>1342.3</ele>
      </trkpt>
      <trkpt lat="45.19823" lon="6.27851">
        <ele>1331.6</ele>
      </trkpt>
      <trkpt lat="45.1981" lon="6.27909">
        <ele>1329.6</ele>
      </trkpt>
      <trkpt lat="45.19774" lon="6.27963">
        <ele>1325.1</ele>
      </trkpt>
      <trkpt lat="45.19721" lon="6.28">
        <ele>1322.7</ele>
      </trkpt>
      <trkpt lat="45.1968" lon="6.28128">
        <ele>1310.0</ele>
      </trkpt>
      <trkpt lat="45.19646" lon="6.28187">
        <ele>1308.8</ele>
      </trkpt>
      <trkpt lat="45.19611" lon="6.2817">
        <ele>1307.2</ele>
      </trkpt>
      <trkpt lat="45.1952" lon="6.28304">
        <ele>1295.7</ele>
      </trkpt>
      <trkpt lat="45.19468" lon="6.28381">
        <ele>1294.6</ele>
      </trkpt>
      <trkpt lat="45.19436" lon="6.28407">
        <ele>1291.9</ele>
      </trkpt>
      <trkpt lat="45.19383" lon="6.28432">
        <ele>1289.4</ele>
      </trkpt>
      <trkpt lat="45.1932" lon="6.28494">
        <ele>1287.9</ele>
      </trkpt>
      <trkpt lat="45.1925" lon="6.2858">
        <ele>1277.7</ele>
      </trkpt>
      <trkpt lat="45.19273" lon="6.28662">
        <ele>1276.2</ele>
      </trkpt>
      <trkpt lat="45.19274" lon="6.28706">
        <ele>1274.6</ele>
      </trkpt>
      <trkpt lat="45.19259" lon="6.28745">
        <ele>1274.6</ele>
      </trkpt>
      <trkpt lat="45.19224" lon="6.28807">
        <ele>1274.2</ele>
      </trkpt>
      <trkpt lat="45.19222" lon="6.28935">
        <ele>1267.8</ele>
      </trkpt>
      <trkpt lat="45.19271" lon="6.29003">
        <ele>1266.5</ele>
      </trkpt>
      <trkpt lat="45.1929" lon="6.29057">
        <ele>1263.6</ele>
      </trkpt>
      <trkpt lat="45.19248" lon="6.29154">
        <ele>1260.5</ele>
      </trkpt>
      <trkpt lat="45.19235" lon="6.2924">
        <ele>1257.7</ele>
      </trkpt>
      <trkpt lat="45.19236" lon="6.29282">
        <ele>1253.9</ele>
      </trkpt>
      <trkpt lat="45.1928" lon="6.29341">
        <ele>1252.8</ele>
      </trkpt>
      <trkpt lat="45.19293" lon="6.29375">
        <ele>1252.8</ele>
      </trkpt>
      <trkpt lat="45.19339" lon="6.29525">
        <ele>1240.9</ele>
      </trkpt>
      <trkpt lat="45.19354" lon="6.29635">
        <ele>1238.1</ele>
      </trkpt>
      <trkpt lat="45.19376" lon="6.29703">
        <ele>1236.4</ele>
      </trkpt>
      <trkpt lat="45.19395" lon="6.29743">
        <ele>1235.1</ele>
      </trkpt>
      <trkpt lat="45.19455" lon="6.29795">
        <ele>1232.8</ele>
      </trkpt>
      <trkpt lat="45.19565" lon="6.29849">
        <ele>1227.1</ele>
      </trkpt>
      <trkpt lat="45.19593" lon="6.29884">
        <ele>1227.1</ele>
      </trkpt>
      <trkpt lat="45.19603" lon="6.2997">
        <ele>1227.0</ele>
      </trkpt>
      <trkpt lat="45.19616" lon="6.30018">
        <ele>1227.2</ele>
      </trkpt>
      <trkpt lat="45.19692" lon="6.30114">
        <ele>1229.1</ele>
      </trkpt>
      <trkpt lat="45.19769" lon="6.30112">
        <ele>1231.6</ele>
      </trkpt>
      <trkpt lat="45.19797" lon="6.30132">
        <ele>1232.9</ele>
      </trkpt>
      <trkpt lat="45.19811" lon="6.30195">
        <ele>1234.4</ele>
      </trkpt>
      <trkpt lat="45.19798" lon="6.30289">
        <ele>1237.9</ele>
      </trkpt>
      <trkpt lat="45.19812" lon="6.30325">
        <ele>1239.2</ele>
      </trkpt>
      <trkpt lat="45.19912" lon="6.30305">
        <ele>1246.9</ele>
      </trkpt>
      <trkpt lat="45.19977" lon="6.30262">
        <ele>1249.3</ele>
      </trkpt>
      <trkpt lat="45.20023" lon="6.3024">
        <ele>1250.2</ele>
      </trkpt>
      <trkpt lat="45.20058" lon="6.30239">
        <ele>1250.1</ele>
      </trkpt>
      <trkpt lat="45.201" lon="6.30253">
        <ele>1250.9</ele>
      </trkpt>
      <trkpt lat="45.20138" lon="6.30288">
        <ele>1251.0</ele>
      </trkpt>
      <trkpt lat="45.20162" lon="6.30322">
        <ele>1251.7</ele>
      </trkpt>
      <trkpt lat="45.20202" lon="6.30393">
        <ele>1257.2</ele>
      </trkpt>
      <trkpt lat="45.20223" lon="6.30441">
        <ele>1259.9</ele>
      </trkpt>
      <trkpt lat="45.20227" lon="6.306">
        <ele>1272.8</ele>
      </trkpt>
      <trkpt lat="45.20325" lon="6.30667">
        <ele>1278.6</ele>
      </trkpt>
      <trkpt lat="45.20379" lon="6.30675">
        <ele>1278.6</ele>
      </trkpt>
      <trkpt lat="45.20461" lon="6.3073">
        <ele>1282.2</ele>
      </trkpt>
      <trkpt lat="45.20495" lon="6.30767">
        <ele>1283.1</ele>
      </trkpt>
      <trkpt lat="45.20561" lon="6.30795">
        <ele>1284.9</ele>
      </trkpt>
      <trkpt lat="45.20632" lon="6.30834">
        <ele>1285.9</ele>
      </trkpt>
      <trkpt lat="45.20764" lon="6.30871">
        <ele>1292.3</ele>
      </trkpt>
      <trkpt lat="45.20806" lon="6.30915">
        <ele>1292.3</ele>
      </trkpt>
      <trkpt lat="45.20857" lon="6.30911">
        <ele>1292.1</ele>
      </trkpt>
      <trkpt lat="45.20898" lon="6.30892">
        <ele>1291.1</ele>
      </trkpt>
      <trkpt lat="45.20923" lon="6.30828">
        <ele>1289.7</ele>
      </trkpt>
      <trkpt lat="45.20949" lon="6.30783">
        <ele>1288.9</ele>
      </trkpt>
      <trkpt lat="45.21039" lon="6.3068">
        <ele>1281.8</ele>
      </trkpt>
      <trkpt lat="45.21082" lon="6.30644">
        <ele>1285.6</ele>
      </trkpt>
      <trkpt lat="45.21118" lon="6.30643">
        <ele>1285.6</ele>
      </trkpt>
      <trkpt lat="45.21155" lon="6.30682">
        <ele>1286.3</ele>
      </trkpt>
      <trkpt lat="45.21652" lon="6.3059">
        <ele>1287.5</ele>
      </trkpt>
      <trkpt lat="45.21805" lon="6.30551">
        <ele>1289.2</ele>
      </trkpt>
      <trkpt lat="45.2185" lon="6.30581">
        <ele>1289.2</ele>
      </trkpt>
      <trkpt lat="45.21884" lon="6.30591">
        <ele>1287.8</ele>
      </trkpt>
      <trkpt lat="45.21939" lon="6.30584">
        <ele>1284.0</ele>
      </trkpt>
      <trkpt lat="45.2199" lon="6.30568">
        <ele>1281.8</ele>
      </trkpt>
      <trkpt lat="45.22035" lon="6.30541">
        <ele>1281.2</ele>
      </trkpt>
      <trkpt lat="45.22062" lon="6.30509">
        <ele>1280.5</ele>
      </trkpt>
      <trkpt lat="45.22097" lon="6.30429">
        <ele>1278.1</ele>
      </trkpt>
      <trkpt lat="45.22155" lon="6.30361">
        <ele>1274.4</ele>
      </trkpt>
      <trkpt lat="45.22184" lon="6.30355">
        <ele>1271.5</ele>
      </trkpt>
      <trkpt lat="45.22218" lon="6.30395">
        <ele>1269.7</ele>
      </trkpt>
      <trkpt lat="45.22244" lon="6.30408">
        <ele>1266.6</ele>
      </trkpt>
      <trkpt lat="45.2229" lon="6.30361">
        <ele>1264.9</ele>
      </trkpt>
      <trkpt lat="45.22319" lon="6.30378">
        <ele>1259.2</ele>
      </trkpt>
      <trkpt lat="45.22374" lon="6.3041">
        <ele>1253.7</ele>
      </trkpt>
      <trkpt lat="45.22402" lon="6.30405">
        <ele>1252.0</ele>
      </trkpt>
      <trkpt lat="45.22443" lon="6.30379">
        <ele>1248.4</ele>
      </trkpt>
      <trkpt lat="45.22477" lon="6.30367">
        <ele>1245.2</ele>
      </trkpt>
      <trkpt lat="45.22508" lon="6.30376">
        <ele>1241.8</ele>
      </trkpt>
      <trkpt lat="45.22544" lon="6.304">
        <ele>1240.2</ele>
      </trkpt>
      <trkpt lat="45.2257" lon="6.30427">
        <ele>1235.4</ele>
      </trkpt>
      <trkpt lat="45.22655" lon="6.30411">
        <ele>1225.1</ele>
      </trkpt>
      <trkpt lat="45.22693" lon="6.30413">
        <ele>1221.7</ele>
      </trkpt>
      <trkpt lat="45.22728" lon="6.30378">
        <ele>1218.8</ele>
      </trkpt>
      <trkpt lat="45.22763" lon="6.30298">
        <ele>1210.8</ele>
      </trkpt>
      <trkpt lat="45.22791" lon="6.30262">
        <ele>1203.4</ele>
      </trkpt>
      <trkpt lat="45.22843" lon="6.30365">
        <ele>1195.8</ele>
      </trkpt>
      <trkpt lat="45.22904" lon="6.30405">
        <ele>1186.0</ele>
      </trkpt>
      <trkpt lat="45.22921" lon="6.30356">
        <ele>1180.9</ele>
      </trkpt>
      <trkpt lat="45.2295" lon="6.30334">
        <ele>1178.8</ele>
      </trkpt>
      <trkpt lat="45.22961" lon="6.30388">
        <ele>1174.4</ele>
      </trkpt>
      <trkpt lat="45.22978" lon="6.30437">
        <ele>1170.0</ele>
      </trkpt>
      <trkpt lat="45.23019" lon="6.30466">
        <ele>1165.5</ele>
      </trkpt>
      <trkpt lat="45.2305" lon="6.30478">
        <ele>1161.3</ele>
      </trkpt>
      <trkpt lat="45.23089" lon="6.3047">
        <ele>1156.9</ele>
      </trkpt>
      <trkpt lat="45.23113" lon="6.30446">
        <ele>1154.7</ele>
      </trkpt>
      <trkpt lat="45.23159" lon="6.30459">
        <ele>1150.3</ele>
      </trkpt>
      <trkpt lat="45.23206" lon="6.3046">
        <ele>1145.6</ele>
      </trkpt>
      <trkpt lat="45.23294" lon="6.3049">
        <ele>1130.6</ele>
      </trkpt>
      <trkpt lat="45.23327" lon="6.30493">
        <ele>1128.4</ele>
      </trkpt>
      <trkpt lat="45.23287" lon="6.30506">
        <ele>1128.4</ele>
      </trkpt>
      <trkpt lat="45.23243" lon="6.30507">
        <ele>1123.0</ele>
      </trkpt>
      <trkpt lat="45.23171" lon="6.30538">
        <ele>1112.7</ele>
      </trkpt>
      <trkpt lat="45.23135" lon="6.30542">
        <ele>1109.6</ele>
      </trkpt>
      <trkpt lat="45.23107" lon="6.30589">
        <ele>1107.5</ele>
      </trkpt>
      <trkpt lat="45.23058" lon="6.30614">
        <ele>1101.2</ele>
      </trkpt>
      <trkpt lat="45.2301" lon="6.30572">
        <ele>1096.6</ele>
      </trkpt>
      <trkpt lat="45.22976" lon="6.30556">
        <ele>1089.5</ele>
      </trkpt>
      <trkpt lat="45.22963" lon="6.30634">
        <ele>1087.2</ele>
      </trkpt>
      <trkpt lat="45.22934" lon="6.30648">
        <ele>1084.3</ele>
      </trkpt>
      <trkpt lat="45.22875" lon="6.30618">
        <ele>1073.4</ele>
      </trkpt>
      <trkpt lat="45.22856" lon="6.3067">
        <ele>1067.6</ele>
      </trkpt>
      <trkpt lat="45.22881" lon="6.30719">
        <ele>1067.6</ele>
      </trkpt>
      <trkpt lat="45.22852" lon="6.30764">
        <ele>1059.9</ele>
      </trkpt>
      <trkpt lat="45.22812" lon="6.30801">
        <ele>1052.7</ele>
      </trkpt>
      <trkpt lat="45.22779" lon="6.30833">
        <ele>1050.9</ele>
      </trkpt>
      <trkpt lat="45.22739" lon="6.30829">
        <ele>1046.8</ele>
      </trkpt>
      <trkpt lat="45.22707" lon="6.3083">
        <ele>1044.9</ele>
      </trkpt>
      <trkpt lat="45.22673" lon="6.30874">
        <ele>1043.2</ele>
      </trkpt>
      <trkpt lat="45.22602" lon="6.30963">
        <ele>1026.0</ele>
      </trkpt>
      <trkpt lat="45.22517" lon="6.30926">
        <ele>1022.2</ele>
      </trkpt>
      <trkpt lat="45.22458" lon="6.30859">
        <ele>1015.3</ele>
      </trkpt>
      <trkpt lat="45.22406" lon="6.30826">
        <ele>1007.3</ele>
      </trkpt>
      <trkpt lat="45.22345" lon="6.30819">
        <ele>1004.8</ele>
      </trkpt>
      <trkpt lat="45.22319" lon="6.30836">
        <ele>1003.1</ele>
      </trkpt>
      <trkpt lat="45.22384" lon="6.30847">
        <ele>996.8</ele>
      </trkpt>
      <trkpt lat="45.2241" lon="6.30859">
        <ele>993.6</ele>
      </trkpt>
      <trkpt lat="45.22437" lon="6.30891">
        <ele>993.6</ele>
      </trkpt>
      <trkpt lat="45.22467" lon="6.30938">
        <ele>990.2</ele>
      </trkpt>
      <trkpt lat="45.22488" lon="6.31005">
        <ele>984.9</ele>
      </trkpt>
      <trkpt lat="45.22534" lon="6.31039">
        <ele>981.7</ele>
      </trkpt>
      <trkpt lat="45.22575" lon="6.3108">
        <ele>977.0</ele>
      </trkpt>
      <trkpt lat="45.22614" lon="6.31062">
        <ele>975.4</ele>
      </trkpt>
      <trkpt lat="45.22651" lon="6.31046">
        <ele>972.0</ele>
      </trkpt>
      <trkpt lat="45.22725" lon="6.30974">
        <ele>962.7</ele>
      </trkpt>
      <trkpt lat="45.22786" lon="6.30988">
        <ele>954.0</ele>
      </trkpt>
      <trkpt lat="45.22847" lon="6.31052">
        <ele>945.5</ele>
      </trkpt>
      <trkpt lat="45.22878" lon="6.31037">
        <ele>940.5</ele>
      </trkpt>
      <trkpt lat="45.22909" lon="6.31031">
        <ele>938.6</ele>
      </trkpt>
      <trkpt lat="45.22933" lon="6.30994">
        <ele>935.0</ele>
      </trkpt>
      <trkpt lat="45.22968" lon="6.30989">
        <ele>933.1</ele>
      </trkpt>
      <trkpt lat="45.23002" lon="6.31028">
        <ele>926.1</ele>
      </trkpt>
      <trkpt lat="45.23061" lon="6.3105">
        <ele>919.3</ele>
      </trkpt>
      <trkpt lat="45.23088" lon="6.31044">
        <ele>919.3</ele>
      </trkpt>
      <trkpt lat="45.23119" lon="6.31011">
        <ele>914.2</ele>
      </trkpt>
      <trkpt lat="45.23161" lon="6.31077">
        <ele>906.3</ele>
      </trkpt>
      <trkpt lat="45.23207" lon="6.31102">
        <ele>899.8</ele>
      </trkpt>
      <trkpt lat="45.2326" lon="6.31125">
        <ele>894.4</ele>
      </trkpt>
      <trkpt lat="45.23291" lon="6.31165">
        <ele>887.7</ele>
      </trkpt>
      <trkpt lat="45.23372" lon="6.31157">
        <ele>882.0</ele>
      </trkpt>
      <trkpt lat="45.234" lon="6.31166">
        <ele>878.3</ele>
      </trkpt>
      <trkpt lat="45.23488" lon="6.3122">
        <ele>866.6</ele>
      </trkpt>
      <trkpt lat="45.23592" lon="6.31241">
        <ele>852.1</ele>
      </trkpt>
      <trkpt lat="45.23634" lon="6.31235">
        <ele>852.1</ele>
      </trkpt>
      <trkpt lat="45.23675" lon="6.31238">
        <ele>849.6</ele>
      </trkpt>
      <trkpt lat="45.23739" lon="6.31272">
        <ele>839.3</ele>
      </trkpt>
      <trkpt lat="45.23789" lon="6.31322">
        <ele>834.0</ele>
      </trkpt>
      <trkpt lat="45.23815" lon="6.31312">
        <ele>834.0</ele>
      </trkpt>
      <trkpt lat="45.23831" lon="6.31261">
        <ele>831.4</ele>
      </trkpt>
      <trkpt lat="45.2383" lon="6.31133">
        <ele>812.6</ele>
      </trkpt>
      <trkpt lat="45.23848" lon="6.31041">
        <ele>807.9</ele>
      </trkpt>
      <trkpt lat="45.2388" lon="6.31004">
        <ele>804.0</ele>
      </trkpt>
      <trkpt lat="45.23924" lon="6.31001">
        <ele>804.0</ele>
      </trkpt>
      <trkpt lat="45.23952" lon="6.31041">
        <ele>802.2</ele>
      </trkpt>
      <trkpt lat="45.23943" lon="6.31155">
        <ele>801.2</ele>
      </trkpt>
      <trkpt lat="45.23949" lon="6.31236">
        <ele>801.4</ele>
      </trkpt>
      <trkpt lat="45.23967" lon="6.3132">
        <ele>802.0</ele>
      </trkpt>
      <trkpt lat="45.23964" lon="6.31376">
        <ele>802.4</ele>
      </trkpt>
      <trkpt lat="45.23967" lon="6.31507">
        <ele>808.2</ele>
      </trkpt>
      <trkpt lat="45.23976" lon="6.31544">
        <ele>808.2</ele>
      </trkpt>
      <trkpt lat="45.24058" lon="6.31604">
        <ele>820.3</ele>
      </trkpt>
      <trkpt lat="45.24123" lon="6.31596">
        <ele>822.4</ele>
      </trkpt>
      <trkpt lat="45.2416" lon="6.31618">
        <ele>827.4</ele>
      </trkpt>
      <trkpt lat="45.242" lon="6.31568">
        <ele>829.3</ele>
      </trkpt>
      <trkpt lat="45.24227" lon="6.31565">
        <ele>829.3</ele>
      </trkpt>
      <trkpt lat="45.24287" lon="6.31576">
        <ele>830.8</ele>
      </trkpt>
      <trkpt lat="45.24349" lon="6.31612">
        <ele>833.0</ele>
      </trkpt>
      <trkpt lat="45.24399" lon="6.31621">
        <ele>833.6</ele>
      </trkpt>
      <trkpt lat="45.24431" lon="6.31652">
        <ele>834.4</ele>
      </trkpt>
      <trkpt lat="45.24489" lon="6.31681">
        <ele>837.3</ele>
      </trkpt>
      <trkpt lat="45.24532" lon="6.3165">
        <ele>838.7</ele>
      </trkpt>
      <trkpt lat="45.24571" lon="6.31638">
        <ele>839.3</ele>
      </trkpt>
      <trkpt lat="45.24595" lon="6.31658">
        <ele>840.0</ele>
      </trkpt>
      <trkpt lat="45.24609" lon="6.31733">
        <ele>841.0</ele>
      </trkpt>
      <trkpt lat="45.2465" lon="6.31733">
        <ele>842.1</ele>
      </trkpt>
      <trkpt lat="45.24725" lon="6.31608">
        <ele>839.4</ele>
      </trkpt>
      <trkpt lat="45.24785" lon="6.31552">
        <ele>837.9</ele>
      </trkpt>
      <trkpt lat="45.24836" lon="6.3155">
        <ele>837.0</ele>
      </trkpt>
      <trkpt lat="45.24872" lon="6.3154">
        <ele>836.9</ele>
      </trkpt>
      <trkpt lat="45.2493" lon="6.31585">
        <ele>837.0</ele>
      </trkpt>
      <trkpt lat="45.24955" lon="6.31614">
        <ele>837.2</ele>
      </trkpt>
      <trkpt lat="45.24997" lon="6.3162">
        <ele>837.2</ele>
      </trkpt>
      <trkpt lat="45.25026" lon="6.31606">
        <ele>837.3</ele>
      </trkpt>
      <trkpt lat="45.25061" lon="6.31582">
        <ele>837.2</ele>
      </trkpt>
      <trkpt lat="45.25075" lon="6.31659">
        <ele>838.0</ele>
      </trkpt>
      <trkpt lat="45.25093" lon="6.31709">
        <ele>839.8</ele>
      </trkpt>
      <trkpt lat="45.25126" lon="6.31726">
        <ele>841.3</ele>
      </trkpt>
      <trkpt lat="45.25178" lon="6.31715">
        <ele>843.9</ele>
      </trkpt>
      <trkpt lat="45.25206" lon="6.31682">
        <ele>845.4</ele>
      </trkpt>
      <trkpt lat="45.25219" lon="6.31646">
        <ele>847.1</ele>
      </trkpt>
      <trkpt lat="45.25314" lon="6.31683">
        <ele>859.8</ele>
      </trkpt>
      <trkpt lat="45.25336" lon="6.31706">
        <ele>860.6</ele>
      </trkpt>
      <trkpt lat="45.25346" lon="6.3175">
        <ele>861.2</ele>
      </trkpt>
      <trkpt lat="45.25376" lon="6.31791">
        <ele>862.3</ele>
      </trkpt>
      <trkpt lat="45.25412" lon="6.31834">
        <ele>862.7</ele>
      </trkpt>
      <trkpt lat="45.25449" lon="6.31859">
        <ele>863.0</ele>
      </trkpt>
      <trkpt lat="45.25493" lon="6.31856">
        <ele>862.1</ele>
      </trkpt>
      <trkpt lat="45.25534" lon="6.31803">
        <ele>858.3</ele>
      </trkpt>
      <trkpt lat="45.2557" lon="6.31818">
        <ele>857.1</ele>
      </trkpt>
      <trkpt lat="45.25588" lon="6.31872">
        <ele>857.1</ele>
      </trkpt>
      <trkpt lat="45.25724" lon="6.32016">
        <ele>835.9</ele>
      </trkpt>
      <trkpt lat="45.25809" lon="6.32147">
        <ele>822.0</ele>
      </trkpt>
      <trkpt lat="45.25963" lon="6.32347">
        <ele>801.1</ele>
      </trkpt>
      <trkpt lat="45.25998" lon="6.32414">
        <ele>801.1</ele>
      </trkpt>
      <trkpt lat="45.26064" lon="6.3251">
        <ele>786.8</ele>
      </trkpt>
      <trkpt lat="45.26108" lon="6.32591">
        <ele>782.8</ele>
      </trkpt>
      <trkpt lat="45.26166" lon="6.32652">
        <ele>779.6</ele>
      </trkpt>
      <trkpt lat="45.26285" lon="6.328">
        <ele>761.2</ele>
      </trkpt>
      <trkpt lat="45.26392" lon="6.32863">
        <ele>748.1</ele>
      </trkpt>
      <trkpt lat="45.26481" lon="6.32956">
        <ele>736.4</ele>
      </trkpt>
      <trkpt lat="45.26579" lon="6.33047">
        <ele>721.7</ele>
      </trkpt>
      <trkpt lat="45.26633" lon="6.33054">
        <ele>718.7</ele>
      </trkpt>
      <trkpt lat="45.26708" lon="6.33106">
        <ele>716.0</ele>
      </trkpt>
      <trkpt lat="45.26753" lon="6.33269">
        <ele>696.2</ele>
      </trkpt>
      <trkpt lat="45.26782" lon="6.33363">
        <ele>694.4</ele>
      </trkpt>
      <trkpt lat="45.26815" lon="6.33417">
        <ele>690.0</ele>
      </trkpt>
      <trkpt lat="45.26857" lon="6.33478">
        <ele>687.6</ele>
      </trkpt>
      <trkpt lat="45.26888" lon="6.33562">
        <ele>684.2</ele>
      </trkpt>
      <trkpt lat="45.26909" lon="6.33594">
        <ele>683.2</ele>
      </trkpt>
      <trkpt lat="45.26954" lon="6.3362">
        <ele>683.2</ele>
      </trkpt>
      <trkpt lat="45.27088" lon="6.33647">
        <ele>665.7</ele>
      </trkpt>
      <trkpt lat="45.27105" lon="6.3368">
        <ele>662.9</ele>
      </trkpt>
      <trkpt lat="45.27108" lon="6.33742">
        <ele>662.9</ele>
      </trkpt>
      <trkpt lat="45.27083" lon="6.3379">
        <ele>658.6</ele>
      </trkpt>
      <trkpt lat="45.27061" lon="6.33856">
        <ele>650.2</ele>
      </trkpt>
      <trkpt lat="45.2699" lon="6.33858">
        <ele>648.2</ele>
      </trkpt>
      <trkpt lat="45.27073" lon="6.33924">
        <ele>636.7</ele>
      </trkpt>
      <trkpt lat="45.27196" lon="6.34">
        <ele>617.8</ele>
      </trkpt>
      <trkpt lat="45.27225" lon="6.3403">
        <ele>617.1</ele>
      </trkpt>
      <trkpt lat="45.27242" lon="6.34079">
        <ele>617.1</ele>
      </trkpt>
      <trkpt lat="45.27242" lon="6.34122">
        <ele>616.2</ele>
      </trkpt>
      <trkpt lat="45.27228" lon="6.34281">
        <ele>597.6</ele>
      </trkpt>
      <trkpt lat="45.27215" lon="6.34352">
        <ele>597.6</ele>
      </trkpt>
      <trkpt lat="45.27281" lon="6.3449">
        <ele>588.2</ele>
      </trkpt>
      <trkpt lat="45.2723" lon="6.34624">
        <ele>579.3</ele>
      </trkpt>
      <trkpt lat="45.27161" lon="6.34711">
        <ele>572.2</ele>
      </trkpt>
      <trkpt lat="45.27159" lon="6.34824">
        <ele>569.9</ele>
      </trkpt>
      <trkpt lat="45.27164" lon="6.3489">
        <ele>567.1</ele>
      </trkpt>
      <trkpt lat="45.27199" lon="6.35042">
        <ele>556.2</ele>
      </trkpt>
      <trkpt lat="45.27157" lon="6.35156">
        <ele>552.3</ele>
      </trkpt>
      <trkpt lat="45.27102" lon="6.35262">
        <ele>549.8</ele>
      </trkpt>
      <trkpt lat="45.27053" lon="6.35541">
        <ele>547.3</ele>
      </trkpt>
      <trkpt lat="45.2705" lon="6.35614">
        <ele>547.0</ele>
      </trkpt>
      <trkpt lat="45.27055" lon="6.35708">
        <ele>546.4</ele>
      </trkpt>
      <trkpt lat="45.27051" lon="6.35766">
        <ele>546.0</ele>
      </trkpt>
      <trkpt lat="45.27008" lon="6.35984">
        <ele>543.3</ele>
      </trkpt>
      <trkpt lat="45.26988" lon="6.36111">
        <ele>543.9</ele>
      </trkpt>
      <trkpt lat="45.26834" lon="6.36708">
        <ele>542.5</ele>
      </trkpt>
      <trkpt lat="45.26832" lon="6.36786">
        <ele>542.5</ele>
      </trkpt>
      <trkpt lat="45.26818" lon="6.36854">
        <ele>542.4</ele>
      </trkpt>
      <trkpt lat="45.26795" lon="6.36907">
        <ele>542.4</ele>
      </trkpt>
      <trkpt lat="45.26722" lon="6.37188">
        <ele>545.1</ele>
      </trkpt>
      <trkpt lat="45.26675" lon="6.37405">
        <ele>548.1</ele>
      </trkpt>
      <trkpt lat="45.26658" lon="6.37452">
        <ele>548.1</ele>
      </trkpt>
      <trkpt lat="45.26633" lon="6.37466">
        <ele>548.1</ele>
      </trkpt>
      <trkpt lat="45.26627" lon="6.37501">
        <ele>548.1</ele>
      </trkpt>
      <trkpt lat="45.26699" lon="6.37633">
        <ele>549.1</ele>
      </trkpt>
      <trkpt lat="45.26692" lon="6.37685">
        <ele>551.4</ele>
      </trkpt>
      <trkpt lat="45.26646" lon="6.37788">
        <ele>553.1</ele>
      </trkpt>
      <trkpt lat="45.26643" lon="6.38052">
        <ele>561.2</ele>
      </trkpt>
      <trkpt lat="45.26657" lon="6.38131">
        <ele>560.9</ele>
      </trkpt>
      <trkpt lat="45.26657" lon="6.38166">
        <ele>560.9</ele>
      </trkpt>
      <trkpt lat="45.2664" lon="6.38212">
        <ele>560.7</ele>
      </trkpt>
      <trkpt lat="45.26636" lon="6.38345">
        <ele>562.5</ele>
      </trkpt>
      <trkpt lat="45.26616" lon="6.3841">
        <ele>562.5</ele>
      </trkpt>
      <trkpt lat="45.26592" lon="6.3844">
        <ele>562.5</ele>
      </trkpt>
      <trkpt lat="45.26306" lon="6.38612">
        <ele>576.7</ele>
      </trkpt>
      <trkpt lat="45.26251" lon="6.38632">
        <ele>577.8</ele>
      </trkpt>
      <trkpt lat="45.26194" lon="6.38643">
        <ele>578.9</ele>
      </trkpt>
      <trkpt lat="45.26015" lon="6.38659">
        <ele>586.5</ele>
      </trkpt>
      <trkpt lat="45.25959" lon="6.38677">
        <ele>587.5</ele>
      </trkpt>
      <trkpt lat="45.25908" lon="6.38704">
        <ele>589.2</ele>
      </trkpt>
      <trkpt lat="45.25853" lon="6.38746">
        <ele>592.0</ele>
      </trkpt>
      <trkpt lat="45.25792" lon="6.38807">
        <ele>593.3</ele>
      </trkpt>
      <trkpt lat="45.25581" lon="6.39023">
        <ele>607.6</ele>
      </trkpt>
      <trkpt lat="45.25523" lon="6.39097">
        <ele>608.4</ele>
      </trkpt>
      <trkpt lat="45.25484" lon="6.39182">
        <ele>609.5</ele>
      </trkpt>
      <trkpt lat="45.25441" lon="6.39369">
        <ele>618.2</ele>
      </trkpt>
      <trkpt lat="45.2543" lon="6.39406">
        <ele>618.2</ele>
      </trkpt>
      <trkpt lat="45.25408" lon="6.39441">
        <ele>619.4</ele>
      </trkpt>
      <trkpt lat="45.25401" lon="6.39536">
        <ele>621.7</ele>
      </trkpt>
      <trkpt lat="45.25294" lon="6.39915">
        <ele>636.9</ele>
      </trkpt>
      <trkpt lat="45.25275" lon="6.40011">
        <ele>636.9</ele>
      </trkpt>
      <trkpt lat="45.2526" lon="6.40145">
        <ele>640.0</ele>
      </trkpt>
      <trkpt lat="45.25256" lon="6.40534">
        <ele>643.3</ele>
      </trkpt>
      <trkpt lat="45.25247" lon="6.40808">
        <ele>650.9</ele>
      </trkpt>
      <trkpt lat="45.25238" lon="6.40881">
        <ele>651.9</ele>
      </trkpt>
      <trkpt lat="45.25216" lon="6.40981">
        <ele>652.9</ele>
      </trkpt>
      <trkpt lat="45.25167" lon="6.41119">
        <ele>660.8</ele>
      </trkpt>
      <trkpt lat="45.25003" lon="6.41459">
        <ele>672.3</ele>
      </trkpt>
      <trkpt lat="45.24872" lon="6.41743">
        <ele>678.2</ele>
      </trkpt>
      <trkpt lat="45.24836" lon="6.41835">
        <ele>678.2</ele>
      </trkpt>
      <trkpt lat="45.2457" lon="6.42747">
        <ele>673.8</ele>
      </trkpt>
      <trkpt lat="45.24527" lon="6.42887">
        <ele>675.0</ele>
      </trkpt>
      <trkpt lat="45.24474" lon="6.43018">
        <ele>676.4</ele>
      </trkpt>
      <trkpt lat="45.24424" lon="6.43111">
        <ele>676.5</ele>
      </trkpt>
      <trkpt lat="45.2438" lon="6.43172">
        <ele>676.7</ele>
      </trkpt>
      <trkpt lat="45.24299" lon="6.43255">
        <ele>676.1</ele>
      </trkpt>
      <trkpt lat="45.23968" lon="6.43567">
        <ele>679.7</ele>
      </trkpt>
      <trkpt lat="45.23913" lon="6.43606">
        <ele>679.7</ele>
      </trkpt>
      <trkpt lat="45.23784" lon="6.43663">
        <ele>682.9</ele>
      </trkpt>
      <trkpt lat="45.23737" lon="6.43705">
        <ele>682.8</ele>
      </trkpt>
      <trkpt lat="45.23703" lon="6.43759">
        <ele>682.5</ele>
      </trkpt>
      <trkpt lat="45.23677" lon="6.43827">
        <ele>682.4</ele>
      </trkpt>
      <trkpt lat="45.23627" lon="6.44111">
        <ele>685.2</ele>
      </trkpt>
      <trkpt lat="45.23611" lon="6.44162">
        <ele>685.6</ele>
      </trkpt>
      <trkpt lat="45.23568" lon="6.44247">
        <ele>686.1</ele>
      </trkpt>
      <trkpt lat="45.2354" lon="6.44285">
        <ele>686.3</ele>
      </trkpt>
      <trkpt lat="45.235" lon="6.44327">
        <ele>686.3</ele>
      </trkpt>
      <trkpt lat="45.23316" lon="6.44495">
        <ele>686.5</ele>
      </trkpt>
      <trkpt lat="45.23211" lon="6.44609">
        <ele>686.1</ele>
      </trkpt>
      <trkpt lat="45.2316" lon="6.44686">
        <ele>686.1</ele>
      </trkpt>
      <trkpt lat="45.23093" lon="6.44803">
        <ele>686.5</ele>
      </trkpt>
      <trkpt lat="45.23038" lon="6.4487">
        <ele>686.5</ele>
      </trkpt>
      <trkpt lat="45.22946" lon="6.44941">
        <ele>687.4</ele>
      </trkpt>
      <trkpt lat="45.22862" lon="6.44987">
        <ele>687.7</ele>
      </trkpt>
      <trkpt lat="45.22773" lon="6.45017">
        <ele>688.0</ele>
      </trkpt>
      <trkpt lat="45.22731" lon="6.45024">
        <ele>688.0</ele>
      </trkpt>
      <trkpt lat="45.22478" lon="6.45048">
        <ele>691.9</ele>
      </trkpt>
      <trkpt lat="45.22423" lon="6.45058">
        <ele>693.8</ele>
      </trkpt>
      <trkpt lat="45.2236" lon="6.45082">
        <ele>695.5</ele>
      </trkpt>
      <trkpt lat="45.22327" lon="6.45101">
        <ele>696.5</ele>
      </trkpt>
      <trkpt lat="45.22297" lon="6.45133">
        <ele>696.5</ele>
      </trkpt>
      <trkpt lat="45.22276" lon="6.45177">
        <ele>695.8</ele>
      </trkpt>
      <trkpt lat="45.22249" lon="6.45255">
        <ele>695.4</ele>
      </trkpt>
      <trkpt lat="45.22123" lon="6.45478">
        <ele>694.2</ele>
      </trkpt>
      <trkpt lat="45.22102" lon="6.45534">
        <ele>694.2</ele>
      </trkpt>
      <trkpt lat="45.22088" lon="6.45588">
        <ele>694.2</ele>
      </trkpt>
      <trkpt lat="45.22047" lon="6.45962">
        <ele>698.0</ele>
      </trkpt>
      <trkpt lat="45.22049" lon="6.46046">
        <ele>698.1</ele>
      </trkpt>
      <trkpt lat="45.22032" lon="6.46105">
        <ele>698.6</ele>
      </trkpt>
      <trkpt lat="45.22012" lon="6.46217">
        <ele>698.8</ele>
      </trkpt>
      <trkpt lat="45.21985" lon="6.46469">
        <ele>701.7</ele>
      </trkpt>
      <trkpt lat="45.21973" lon="6.46501">
        <ele>701.7</ele>
      </trkpt>
      <trkpt lat="45.21938" lon="6.46901">
        <ele>706.8</ele>
      </trkpt>
      <trkpt lat="45.21915" lon="6.46944">
        <ele>706.8</ele>
      </trkpt>
      <trkpt lat="45.21807" lon="6.47101">
        <ele>709.7</ele>
      </trkpt>
      <trkpt lat="45.21759" lon="6.47155">
        <ele>709.7</ele>
      </trkpt>
      <trkpt lat="45.21626" lon="6.47387">
        <ele>713.4</ele>
      </trkpt>
      <trkpt lat="45.2157" lon="6.47495">
        <ele>716.3</ele>
      </trkpt>
      <trkpt lat="45.21533" lon="6.47458">
        <ele>716.3</ele>
      </trkpt>
      <trkpt lat="45.21442" lon="6.47313">
        <ele>722.6</ele>
      </trkpt>
      <trkpt lat="45.21389" lon="6.47261">
        <ele>724.0</ele>
      </trkpt>
      <trkpt lat="45.21373" lon="6.4723">
        <ele>725.3</ele>
      </trkpt>
      <trkpt lat="45.21334" lon="6.47096">
        <ele>734.9</ele>
      </trkpt>
      <trkpt lat="45.21327" lon="6.47056">
        <ele>736.6</ele>
      </trkpt>
      <trkpt lat="45.21394" lon="6.47043">
        <ele>739.4</ele>
      </trkpt>
      <trkpt lat="45.21424" lon="6.47012">
        <ele>743.6</ele>
      </trkpt>
      <trkpt lat="45.21433" lon="6.46906">
        <ele>747.6</ele>
      </trkpt>
      <trkpt lat="45.21408" lon="6.46853">
        <ele>753.3</ele>
      </trkpt>
      <trkpt lat="45.21371" lon="6.46803">
        <ele>754.9</ele>
      </trkpt>
      <trkpt lat="45.21346" lon="6.4678">
        <ele>756.6</ele>
      </trkpt>
      <trkpt lat="45.21263" lon="6.46752">
        <ele>760.4</ele>
      </trkpt>
      <trkpt lat="45.21253" lon="6.46716">
        <ele>765.0</ele>
      </trkpt>
      <trkpt lat="45.21247" lon="6.46609">
        <ele>770.8</ele>
      </trkpt>
      <trkpt lat="45.21214" lon="6.46595">
        <ele>775.0</ele>
      </trkpt>
      <trkpt lat="45.21187" lon="6.46628">
        <ele>776.3</ele>
      </trkpt>
      <trkpt lat="45.21153" lon="6.46639">
        <ele>777.5</ele>
      </trkpt>
      <trkpt lat="45.21141" lon="6.46685">
        <ele>781.4</ele>
      </trkpt>
      <trkpt lat="45.21192" lon="6.46742">
        <ele>789.4</ele>
      </trkpt>
      <trkpt lat="45.21168" lon="6.46813">
        <ele>794.8</ele>
      </trkpt>
      <trkpt lat="45.2112" lon="6.46868">
        <ele>797.6</ele>
      </trkpt>
      <trkpt lat="45.21025" lon="6.46931">
        <ele>813.5</ele>
      </trkpt>
      <trkpt lat="45.21002" lon="6.46958">
        <ele>813.5</ele>
      </trkpt>
      <trkpt lat="45.21017" lon="6.46806">
        <ele>828.5</ele>
      </trkpt>
      <trkpt lat="45.21024" lon="6.46697">
        <ele>830.5</ele>
      </trkpt>
      <trkpt lat="45.21003" lon="6.46692">
        <ele>835.2</ele>
      </trkpt>
      <trkpt lat="45.20986" lon="6.4679">
        <ele>839.6</ele>
      </trkpt>
      <trkpt lat="45.20953" lon="6.46846">
        <ele>843.9</ele>
      </trkpt>
      <trkpt lat="45.20917" lon="6.46868">
        <ele>848.6</ele>
      </trkpt>
      <trkpt lat="45.20857" lon="6.46888">
        <ele>853.9</ele>
      </trkpt>
      <trkpt lat="45.20793" lon="6.46943">
        <ele>859.1</ele>
      </trkpt>
      <trkpt lat="45.20779" lon="6.46908">
        <ele>864.6</ele>
      </trkpt>
      <trkpt lat="45.20849" lon="6.46834">
        <ele>869.5</ele>
      </trkpt>
      <trkpt lat="45.20873" lon="6.46768">
        <ele>876.7</ele>
      </trkpt>
      <trkpt lat="45.20893" lon="6.46717">
        <ele>878.9</ele>
      </trkpt>
      <trkpt lat="45.20874" lon="6.46657">
        <ele>881.1</ele>
      </trkpt>
      <trkpt lat="45.20878" lon="6.46581">
        <ele>887.5</ele>
      </trkpt>
      <trkpt lat="45.20868" lon="6.46518">
        <ele>892.2</ele>
      </trkpt>
      <trkpt lat="45.20866" lon="6.46437">
        <ele>897.8</ele>
      </trkpt>
      <trkpt lat="45.20799" lon="6.46395">
        <ele>905.4</ele>
      </trkpt>
      <trkpt lat="45.20785" lon="6.4635">
        <ele>908.3</ele>
      </trkpt>
      <trkpt lat="45.208" lon="6.46297">
        <ele>910.5</ele>
      </trkpt>
      <trkpt lat="45.20801" lon="6.46212">
        <ele>919.1</ele>
      </trkpt>
      <trkpt lat="45.20776" lon="6.46156">
        <ele>921.5</ele>
      </trkpt>
      <trkpt lat="45.20765" lon="6.46097">
        <ele>924.0</ele>
      </trkpt>
      <trkpt lat="45.20748" lon="6.46017">
        <ele>930.6</ele>
      </trkpt>
      <trkpt lat="45.2072" lon="6.4598">
        <ele>933.2</ele>
      </trkpt>
      <trkpt lat="45.20765" lon="6.45819">
        <ele>950.6</ele>
      </trkpt>
      <trkpt lat="45.20839" lon="6.45796">
        <ele>954.5</ele>
      </trkpt>
      <trkpt lat="45.20921" lon="6.4579">
        <ele>961.2</ele>
      </trkpt>
      <trkpt lat="45.20964" lon="6.45756">
        <ele>967.7</ele>
      </trkpt>
      <trkpt lat="45.21036" lon="6.45751">
        <ele>974.1</ele>
      </trkpt>
      <trkpt lat="45.21062" lon="6.45772">
        <ele>976.4</ele>
      </trkpt>
      <trkpt lat="45.21075" lon="6.4575">
        <ele>978.5</ele>
      </trkpt>
      <trkpt lat="45.21025" lon="6.45676">
        <ele>985.7</ele>
      </trkpt>
      <trkpt lat="45.21009" lon="6.45633">
        <ele>989.8</ele>
      </trkpt>
      <trkpt lat="45.21002" lon="6.45589">
        <ele>991.6</ele>
      </trkpt>
      <trkpt lat="45.21016" lon="6.45524">
        <ele>995.1</ele>
      </trkpt>
      <trkpt lat="45.2104" lon="6.45475">
        <ele>996.9</ele>
      </trkpt>
      <trkpt lat="45.21019" lon="6.45452">
        <ele>1001.4</ele>
      </trkpt>
      <trkpt lat="45.20964" lon="6.45526">
        <ele>1008.6</ele>
      </trkpt>
      <trkpt lat="45.2095" lon="6.45605">
        <ele>1014.1</ele>
      </trkpt>
      <trkpt lat="45.20904" lon="6.45606">
        <ele>1019.9</ele>
      </trkpt>
      <trkpt lat="45.2086" lon="6.45503">
        <ele>1022.6</ele>
      </trkpt>
      <trkpt lat="45.20794" lon="6.45369">
        <ele>1040.0</ele>
      </trkpt>
      <trkpt lat="45.20759" lon="6.4534">
        <ele>1040.0</ele>
      </trkpt>
      <trkpt lat="45.20718" lon="6.45337">
        <ele>1042.2</ele>
      </trkpt>
      <trkpt lat="45.20646" lon="6.45344">
        <ele>1047.2</ele>
      </trkpt>
      <trkpt lat="45.20542" lon="6.45317">
        <ele>1061.6</ele>
      </trkpt>
      <trkpt lat="45.20409" lon="6.4532">
        <ele>1074.4</ele>
      </trkpt>
      <trkpt lat="45.20379" lon="6.45343">
        <ele>1074.4</ele>
      </trkpt>
      <trkpt lat="45.20365" lon="6.45416">
        <ele>1076.7</ele>
      </trkpt>
      <trkpt lat="45.2033" lon="6.45491">
        <ele>1084.2</ele>
      </trkpt>
      <trkpt lat="45.20311" lon="6.4552">
        <ele>1087.6</ele>
      </trkpt>
      <trkpt lat="45.20276" lon="6.45554">
        <ele>1087.6</ele>
      </trkpt>
      <trkpt lat="45.2024" lon="6.45558">
        <ele>1090.9</ele>
      </trkpt>
      <trkpt lat="45.20281" lon="6.4546">
        <ele>1097.5</ele>
      </trkpt>
      <trkpt lat="45.2031" lon="6.45429">
        <ele>1099.4</ele>
      </trkpt>
      <trkpt lat="45.20283" lon="6.45408">
        <ele>1101.1</ele>
      </trkpt>
      <trkpt lat="45.20238" lon="6.45473">
        <ele>1107.5</ele>
      </trkpt>
      <trkpt lat="45.202" lon="6.45479">
        <ele>1110.7</ele>
      </trkpt>
      <trkpt lat="45.20178" lon="6.45515">
        <ele>1112.3</ele>
      </trkpt>
      <trkpt lat="45.20184" lon="6.45555">
        <ele>1115.4</ele>
      </trkpt>
      <trkpt lat="45.20205" lon="6.45603">
        <ele>1118.8</ele>
      </trkpt>
      <trkpt lat="45.20177" lon="6.45639">
        <ele>1122.1</ele>
      </trkpt>
      <trkpt lat="45.20134" lon="6.45641">
        <ele>1125.7</ele>
      </trkpt>
      <trkpt lat="45.20123" lon="6.45682">
        <ele>1127.5</ele>
      </trkpt>
      <trkpt lat="45.20159" lon="6.45728">
        <ele>1132.1</ele>
      </trkpt>
      <trkpt lat="45.20224" lon="6.45791">
        <ele>1139.6</ele>
      </trkpt>
      <trkpt lat="45.20252" lon="6.45865">
        <ele>1145.2</ele>
      </trkpt>
      <trkpt lat="45.203" lon="6.4594">
        <ele>1149.7</ele>
      </trkpt>
      <trkpt lat="45.20318" lon="6.46001">
        <ele>1154.1</ele>
      </trkpt>
      <trkpt lat="45.20323" lon="6.46077">
        <ele>1158.5</ele>
      </trkpt>
      <trkpt lat="45.20346" lon="6.46144">
        <ele>1160.9</ele>
      </trkpt>
      <trkpt lat="45.20356" lon="6.46292">
        <ele>1175.4</ele>
      </trkpt>
      <trkpt lat="45.20289" lon="6.46349">
        <ele>1177.0</ele>
      </trkpt>
      <trkpt lat="45.2026" lon="6.46388">
        <ele>1179.1</ele>
      </trkpt>
      <trkpt lat="45.20187" lon="6.46525">
        <ele>1192.9</ele>
      </trkpt>
      <trkpt lat="45.20166" lon="6.46647">
        <ele>1195.8</ele>
      </trkpt>
      <trkpt lat="45.20141" lon="6.46687">
        <ele>1204.0</ele>
      </trkpt>
      <trkpt lat="45.201" lon="6.46737">
        <ele>1207.7</ele>
      </trkpt>
      <trkpt lat="45.20073" lon="6.46752">
        <ele>1207.7</ele>
      </trkpt>
      <trkpt lat="45.20046" lon="6.46754">
        <ele>1211.6</ele>
      </trkpt>
      <trkpt lat="45.19984" lon="6.46775">
        <ele>1217.7</ele>
      </trkpt>
      <trkpt lat="45.19949" lon="6.46792">
        <ele>1219.5</ele>
      </trkpt>
      <trkpt lat="45.19924" lon="6.46819">
        <ele>1221.2</ele>
      </trkpt>
      <trkpt lat="45.19863" lon="6.46805">
        <ele>1227.2</ele>
      </trkpt>
      <trkpt lat="45.198" lon="6.46885">
        <ele>1233.7</ele>
      </trkpt>
      <trkpt lat="45.19792" lon="6.46943">
        <ele>1236.2</ele>
      </trkpt>
      <trkpt lat="45.19771" lon="6.46957">
        <ele>1238.0</ele>
      </trkpt>
      <trkpt lat="45.19789" lon="6.46859">
        <ele>1243.5</ele>
      </trkpt>
      <trkpt lat="45.19831" lon="6.46765">
        <ele>1247.4</ele>
      </trkpt>
      <trkpt lat="45.19856" lon="6.46739">
        <ele>1249.4</ele>
      </trkpt>
      <trkpt lat="45.19948" lon="6.46716">
        <ele>1261.3</ele>
      </trkpt>
      <trkpt lat="45.19904" lon="6.46702">
        <ele>1263.0</ele>
      </trkpt>
      <trkpt lat="45.19857" lon="6.46698">
        <ele>1266.8</ele>
      </trkpt>
      <trkpt lat="45.198" lon="6.46736">
        <ele>1271.1</ele>
      </trkpt>
      <trkpt lat="45.1976" lon="6.46798">
        <ele>1275.2</ele>
      </trkpt>
      <trkpt lat="45.19732" lon="6.46828">
        <ele>1280.1</ele>
      </trkpt>
      <trkpt lat="45.19654" lon="6.46843">
        <ele>1286.5</ele>
      </trkpt>
      <trkpt lat="45.19604" lon="6.46879">
        <ele>1290.3</ele>
      </trkpt>
      <trkpt lat="45.19592" lon="6.4685">
        <ele>1290.3</ele>
      </trkpt>
      <trkpt lat="45.1963" lon="6.46835">
        <ele>1293.2</ele>
      </trkpt>
      <trkpt lat="45.19681" lon="6.46777">
        <ele>1298.5</ele>
      </trkpt>
      <trkpt lat="45.19713" lon="6.46726">
        <ele>1301.0</ele>
      </trkpt>
      <trkpt lat="45.19719" lon="6.46689">
        <ele>1301.0</ele>
      </trkpt>
      <trkpt lat="45.19691" lon="6.46725">
        <ele>1302.3</ele>
      </trkpt>
      <trkpt lat="45.19582" lon="6.46801">
        <ele>1316.2</ele>
      </trkpt>
      <trkpt lat="45.19548" lon="6.4684">
        <ele>1317.4</ele>
      </trkpt>
      <trkpt lat="45.19508" lon="6.46868">
        <ele>1317.4</ele>
      </trkpt>
      <trkpt lat="45.19477" lon="6.46899">
        <ele>1318.6</ele>
      </trkpt>
      <trkpt lat="45.19398" lon="6.46829">
        <ele>1332.3</ele>
      </trkpt>
      <trkpt lat="45.19365" lon="6.46821">
        <ele>1332.3</ele>
      </trkpt>
      <trkpt lat="45.19336" lon="6.46831">
        <ele>1332.3</ele>
      </trkpt>
      <trkpt lat="45.19338" lon="6.46801">
        <ele>1332.3</ele>
      </trkpt>
      <trkpt lat="45.19442" lon="6.46797">
        <ele>1343.7</ele>
      </trkpt>
      <trkpt lat="45.19485" lon="6.46768">
        <ele>1344.7</ele>
      </trkpt>
      <trkpt lat="45.19528" lon="6.46752">
        <ele>1346.8</ele>
      </trkpt>
      <trkpt lat="45.19554" lon="6.46691">
        <ele>1350.3</ele>
      </trkpt>
      <trkpt lat="45.19614" lon="6.4666">
        <ele>1355.2</ele>
      </trkpt>
      <trkpt lat="45.19654" lon="6.46624">
        <ele>1357.3</ele>
      </trkpt>
      <trkpt lat="45.19676" lon="6.46577">
        <ele>1359.1</ele>
      </trkpt>
      <trkpt lat="45.19683" lon="6.46495">
        <ele>1366.0</ele>
      </trkpt>
      <trkpt lat="45.19706" lon="6.46451">
        <ele>1368.1</ele>
      </trkpt>
      <trkpt lat="45.19753" lon="6.46428">
        <ele>1370.0</ele>
      </trkpt>
      <trkpt lat="45.19805" lon="6.4643">
        <ele>1373.8</ele>
      </trkpt>
      <trkpt lat="45.19864" lon="6.46325">
        <ele>1385.0</ele>
      </trkpt>
      <trkpt lat="45.19873" lon="6.46282">
        <ele>1385.0</ele>
      </trkpt>
      <trkpt lat="45.19889" lon="6.46246">
        <ele>1386.4</ele>
      </trkpt>
      <trkpt lat="45.19939" lon="6.46176">
        <ele>1392.8</ele>
      </trkpt>
      <trkpt lat="45.19913" lon="6.46073">
        <ele>1399.2</ele>
      </trkpt>
      <trkpt lat="45.19898" lon="6.46035">
        <ele>1402.1</ele>
      </trkpt>
      <trkpt lat="45.19861" lon="6.45992">
        <ele>1403.5</ele>
      </trkpt>
      <trkpt lat="45.19803" lon="6.45941">
        <ele>1407.4</ele>
      </trkpt>
      <trkpt lat="45.1976" lon="6.45913">
        <ele>1411.1</ele>
      </trkpt>
      <trkpt lat="45.19693" lon="6.45908">
        <ele>1416.1</ele>
      </trkpt>
      <trkpt lat="45.19653" lon="6.45897">
        <ele>1418.1</ele>
      </trkpt>
      <trkpt lat="45.19619" lon="6.45878">
        <ele>1420.1</ele>
      </trkpt>
      <trkpt lat="45.19578" lon="6.45827">
        <ele>1426.0</ele>
      </trkpt>
      <trkpt lat="45.19525" lon="6.45819">
        <ele>1430.2</ele>
      </trkpt>
      <trkpt lat="45.19479" lon="6.45818">
        <ele>1434.7</ele>
      </trkpt>
      <trkpt lat="45.19478" lon="6.45712">
        <ele>1439.8</ele>
      </trkpt>
      <trkpt lat="45.19449" lon="6.45611">
        <ele>1445.4</ele>
      </trkpt>
      <trkpt lat="45.19457" lon="6.45531">
        <ele>1449.9</ele>
      </trkpt>
      <trkpt lat="45.19446" lon="6.45476">
        <ele>1454.0</ele>
      </trkpt>
      <trkpt lat="45.19402" lon="6.454">
        <ele>1458.3</ele>
      </trkpt>
      <trkpt lat="45.19374" lon="6.45325">
        <ele>1462.6</ele>
      </trkpt>
      <trkpt lat="45.19352" lon="6.45281">
        <ele>1467.1</ele>
      </trkpt>
      <trkpt lat="45.19367" lon="6.45167">
        <ele>1469.0</ele>
      </trkpt>
      <trkpt lat="45.19499" lon="6.44907">
        <ele>1493.4</ele>
      </trkpt>
      <trkpt lat="45.19499" lon="6.4481">
        <ele>1496.3</ele>
      </trkpt>
      <trkpt lat="45.19539" lon="6.44726">
        <ele>1501.5</ele>
      </trkpt>
      <trkpt lat="45.1959" lon="6.44687">
        <ele>1506.4</ele>
      </trkpt>
      <trkpt lat="45.19632" lon="6.44619">
        <ele>1511.4</ele>
      </trkpt>
      <trkpt lat="45.19687" lon="6.44583">
        <ele>1514.0</ele>
      </trkpt>
      <trkpt lat="45.19781" lon="6.44577">
        <ele>1527.1</ele>
      </trkpt>
      <trkpt lat="45.19837" lon="6.44558">
        <ele>1527.1</ele>
      </trkpt>
      <trkpt lat="45.19926" lon="6.44594">
        <ele>1540.4</ele>
      </trkpt>
      <trkpt lat="45.1996" lon="6.44587">
        <ele>1540.4</ele>
      </trkpt>
      <trkpt lat="45.19988" lon="6.44522">
        <ele>1542.3</ele>
      </trkpt>
      <trkpt lat="45.20056" lon="6.44528">
        <ele>1549.1</ele>
      </trkpt>
      <trkpt lat="45.20094" lon="6.44561">
        <ele>1550.8</ele>
      </trkpt>
      <trkpt lat="45.20128" lon="6.44534">
        <ele>1552.7</ele>
      </trkpt>
      <trkpt lat="45.20189" lon="6.44533">
        <ele>1558.9</ele>
      </trkpt>
      <trkpt lat="45.2026" lon="6.44482">
        <ele>1563.7</ele>
      </trkpt>
      <trkpt lat="45.20261" lon="6.44438">
        <ele>1565.3</ele>
      </trkpt>
      <trkpt lat="45.20227" lon="6.44416">
        <ele>1565.0</ele>
      </trkpt>
      <trkpt lat="45.20154" lon="6.44387">
        <ele>1563.8</ele>
      </trkpt>
      <trkpt lat="45.20113" lon="6.444">
        <ele>1562.7</ele>
      </trkpt>
      <trkpt lat="45.19883" lon="6.44299">
        <ele>1557.6</ele>
      </trkpt>
      <trkpt lat="45.19824" lon="6.44265">
        <ele>1558.6</ele>
      </trkpt>
      <trkpt lat="45.1979" lon="6.44256">
        <ele>1559.3</ele>
      </trkpt>
      <trkpt lat="45.19759" lon="6.44259">
        <ele>1559.2</ele>
      </trkpt>
      <trkpt lat="45.1968" lon="6.44239">
        <ele>1558.7</ele>
      </trkpt>
      <trkpt lat="45.19613" lon="6.4424">
        <ele>1557.4</ele>
      </trkpt>
      <trkpt lat="45.19562" lon="6.44225">
        <ele>1556.1</ele>
      </trkpt>
      <trkpt lat="45.19503" lon="6.4419">
        <ele>1555.4</ele>
      </trkpt>
      <trkpt lat="45.19391" lon="6.44182">
        <ele>1550.1</ele>
      </trkpt>
      <trkpt lat="45.19311" lon="6.44143">
        <ele>1549.2</ele>
      </trkpt>
      <trkpt lat="45.19259" lon="6.44088">
        <ele>1547.6</ele>
      </trkpt>
      <trkpt lat="45.19226" lon="6.44071">
        <ele>1545.9</ele>
      </trkpt>
      <trkpt lat="45.19149" lon="6.4406">
        <ele>1544.0</ele>
      </trkpt>
      <trkpt lat="45.19091" lon="6.44042">
        <ele>1542.8</ele>
      </trkpt>
      <trkpt lat="45.18982" lon="6.44057">
        <ele>1539.6</ele>
      </trkpt>
      <trkpt lat="45.18944" lon="6.44048">
        <ele>1539.6</ele>
      </trkpt>
      <trkpt lat="45.18864" lon="6.43988">
        <ele>1537.9</ele>
      </trkpt>
      <trkpt lat="45.18726" lon="6.43943">
        <ele>1534.4</ele>
      </trkpt>
      <trkpt lat="45.1865" lon="6.43933">
        <ele>1534.1</ele>
      </trkpt>
      <trkpt lat="45.18595" lon="6.43907">
        <ele>1533.5</ele>
      </trkpt>
      <trkpt lat="45.18529" lon="6.43856">
        <ele>1532.9</ele>
      </trkpt>
      <trkpt lat="45.1849" lon="6.43838">
        <ele>1532.4</ele>
      </trkpt>
      <trkpt lat="45.18436" lon="6.43835">
        <ele>1532.0</ele>
      </trkpt>
      <trkpt lat="45.18382" lon="6.43849">
        <ele>1531.6</ele>
      </trkpt>
      <trkpt lat="45.18353" lon="6.43879">
        <ele>1531.5</ele>
      </trkpt>
      <trkpt lat="45.18325" lon="6.43899">
        <ele>1531.1</ele>
      </trkpt>
      <trkpt lat="45.18262" lon="6.43888">
        <ele>1530.7</ele>
      </trkpt>
      <trkpt lat="45.18068" lon="6.43966">
        <ele>1517.3</ele>
      </trkpt>
      <trkpt lat="45.1801" lon="6.4393">
        <ele>1515.3</ele>
      </trkpt>
      <trkpt lat="45.17941" lon="6.43933">
        <ele>1510.9</ele>
      </trkpt>
      <trkpt lat="45.17861" lon="6.4392">
        <ele>1508.7</ele>
      </trkpt>
      <trkpt lat="45.1774" lon="6.43778">
        <ele>1495.1</ele>
      </trkpt>
      <trkpt lat="45.1771" lon="6.43725">
        <ele>1495.1</ele>
      </trkpt>
      <trkpt lat="45.1768" lon="6.43573">
        <ele>1484.0</ele>
      </trkpt>
      <trkpt lat="45.17672" lon="6.43451">
        <ele>1482.3</ele>
      </trkpt>
      <trkpt lat="45.17661" lon="6.43413">
        <ele>1478.3</ele>
      </trkpt>
      <trkpt lat="45.17595" lon="6.43382">
        <ele>1475.0</ele>
      </trkpt>
      <trkpt lat="45.17548" lon="6.43328">
        <ele>1473.0</ele>
      </trkpt>
      <trkpt lat="45.17354" lon="6.43273">
        <ele>1457.4</ele>
      </trkpt>
      <trkpt lat="45.173" lon="6.43302">
        <ele>1455.1</ele>
      </trkpt>
      <trkpt lat="45.17242" lon="6.43376">
        <ele>1450.5</ele>
      </trkpt>
      <trkpt lat="45.17154" lon="6.4339">
        <ele>1446.4</ele>
      </trkpt>
      <trkpt lat="45.17116" lon="6.43408">
        <ele>1442.4</ele>
      </trkpt>
      <trkpt lat="45.17038" lon="6.4341">
        <ele>1438.5</ele>
      </trkpt>
      <trkpt lat="45.16964" lon="6.43474">
        <ele>1434.7</ele>
      </trkpt>
      <trkpt lat="45.16933" lon="6.43472">
        <ele>1431.0</ele>
      </trkpt>
      <trkpt lat="45.16861" lon="6.43436">
        <ele>1428.0</ele>
      </trkpt>
      <trkpt lat="45.16807" lon="6.43442">
        <ele>1425.1</ele>
      </trkpt>
      <trkpt lat="45.16771" lon="6.43431">
        <ele>1421.8</ele>
      </trkpt>
      <trkpt lat="45.16698" lon="6.43369">
        <ele>1418.8</ele>
      </trkpt>
      <trkpt lat="45.16665" lon="6.43295">
        <ele>1416.8</ele>
      </trkpt>
      <trkpt lat="45.16551" lon="6.43221">
        <ele>1405.9</ele>
      </trkpt>
      <trkpt lat="45.1652" lon="6.4319">
        <ele>1405.0</ele>
      </trkpt>
      <trkpt lat="45.16532" lon="6.43112">
        <ele>1403.6</ele>
      </trkpt>
      <trkpt lat="45.16549" lon="6.43001">
        <ele>1403.0</ele>
      </trkpt>
      <trkpt lat="45.16423" lon="6.42999">
        <ele>1405.8</ele>
      </trkpt>
      <trkpt lat="45.16404" lon="6.42496">
        <ele>1426.2</ele>
      </trkpt>
      <trkpt lat="45.16409" lon="6.42453">
        <ele>1426.2</ele>
      </trkpt>
      <trkpt lat="45.16381" lon="6.42409">
        <ele>1428.2</ele>
      </trkpt>
      <trkpt lat="45.16399" lon="6.42327">
        <ele>1433.1</ele>
      </trkpt>
      <trkpt lat="45.16391" lon="6.42285">
        <ele>1435.2</ele>
      </trkpt>
      <trkpt lat="45.1622" lon="6.42204">
        <ele>1445.3</ele>
      </trkpt>
      <trkpt lat="45.16035" lon="6.42169">
        <ele>1456.4</ele>
      </trkpt>
      <trkpt lat="45.16013" lon="6.42141">
        <ele>1456.4</ele>
      </trkpt>
      <trkpt lat="45.15983" lon="6.42152">
        <ele>1458.6</ele>
      </trkpt>
      <trkpt lat="45.15914" lon="6.42143">
        <ele>1461.7</ele>
      </trkpt>
      <trkpt lat="45.15595" lon="6.42069">
        <ele>1497.6</ele>
      </trkpt>
      <trkpt lat="45.15559" lon="6.42067">
        <ele>1497.6</ele>
      </trkpt>
      <trkpt lat="45.15431" lon="6.42083">
        <ele>1515.3</ele>
      </trkpt>
      <trkpt lat="45.15348" lon="6.42069">
        <ele>1518.7</ele>
      </trkpt>
      <trkpt lat="45.15268" lon="6.42078">
        <ele>1522.3</ele>
      </trkpt>
      <trkpt lat="45.15149" lon="6.42023">
        <ele>1542.7</ele>
      </trkpt>
      <trkpt lat="45.15122" lon="6.42025">
        <ele>1542.7</ele>
      </trkpt>
      <trkpt lat="45.15084" lon="6.42048">
        <ele>1544.5</ele>
      </trkpt>
      <trkpt lat="45.15011" lon="6.42044">
        <ele>1549.2</ele>
      </trkpt>
      <trkpt lat="45.14967" lon="6.42054">
        <ele>1552.3</ele>
      </trkpt>
      <trkpt lat="45.14888" lon="6.4205">
        <ele>1554.2</ele>
      </trkpt>
      <trkpt lat="45.14842" lon="6.42058">
        <ele>1555.4</ele>
      </trkpt>
      <trkpt lat="45.14753" lon="6.42026">
        <ele>1557.2</ele>
      </trkpt>
      <trkpt lat="45.14674" lon="6.42027">
        <ele>1557.2</ele>
      </trkpt>
      <trkpt lat="45.14462" lon="6.41982">
        <ele>1560.7</ele>
      </trkpt>
      <trkpt lat="45.14184" lon="6.41976">
        <ele>1569.3</ele>
      </trkpt>
      <trkpt lat="45.13881" lon="6.41993">
        <ele>1580.0</ele>
      </trkpt>
      <trkpt lat="45.1384" lon="6.41984">
        <ele>1580.0</ele>
      </trkpt>
      <trkpt lat="45.13727" lon="6.41944">
        <ele>1585.9</ele>
      </trkpt>
      <trkpt lat="45.13691" lon="6.41981">
        <ele>1586.0</ele>
      </trkpt>
      <trkpt lat="45.13634" lon="6.41982">
        <ele>1586.3</ele>
      </trkpt>
      <trkpt lat="45.13577" lon="6.41973">
        <ele>1586.4</ele>
      </trkpt>
      <trkpt lat="45.13193" lon="6.41861">
        <ele>1596.6</ele>
      </trkpt>
      <trkpt lat="45.13033" lon="6.41833">
        <ele>1601.8</ele>
      </trkpt>
      <trkpt lat="45.12862" lon="6.41838">
        <ele>1610.5</ele>
      </trkpt>
      <trkpt lat="45.1269" lon="6.41862">
        <ele>1620.4</ele>
      </trkpt>
      <trkpt lat="45.12515" lon="6.4187">
        <ele>1637.5</ele>
      </trkpt>
      <trkpt lat="45.12488" lon="6.41857">
        <ele>1637.5</ele>
      </trkpt>
      <trkpt lat="45.12443" lon="6.418">
        <ele>1642.0</ele>
      </trkpt>
      <trkpt lat="45.12393" lon="6.41761">
        <ele>1648.5</ele>
      </trkpt>
      <trkpt lat="45.12374" lon="6.41781">
        <ele>1650.0</ele>
      </trkpt>
      <trkpt lat="45.12391" lon="6.41843">
        <ele>1653.2</ele>
      </trkpt>
      <trkpt lat="45.12407" lon="6.41874">
        <ele>1654.6</ele>
      </trkpt>
      <trkpt lat="45.12368" lon="6.41872">
        <ele>1656.1</ele>
      </trkpt>
      <trkpt lat="45.12225" lon="6.41789">
        <ele>1670.5</ele>
      </trkpt>
      <trkpt lat="45.12198" lon="6.41786">
        <ele>1670.5</ele>
      </trkpt>
      <trkpt lat="45.11906" lon="6.41799">
        <ele>1696.5</ele>
      </trkpt>
      <trkpt lat="45.11787" lon="6.41966">
        <ele>1712.7</ele>
      </trkpt>
      <trkpt lat="45.11729" lon="6.42023">
        <ele>1716.3</ele>
      </trkpt>
      <trkpt lat="45.11661" lon="6.42102">
        <ele>1722.0</ele>
      </trkpt>
      <trkpt lat="45.11604" lon="6.42134">
        <ele>1727.9</ele>
      </trkpt>
      <trkpt lat="45.11562" lon="6.42178">
        <ele>1730.2</ele>
      </trkpt>
      <trkpt lat="45.11515" lon="6.42295">
        <ele>1744.3</ele>
      </trkpt>
      <trkpt lat="45.11496" lon="6.42328">
        <ele>1744.3</ele>
      </trkpt>
      <trkpt lat="45.11472" lon="6.42352">
        <ele>1744.3</ele>
      </trkpt>
      <trkpt lat="45.11303" lon="6.42376">
        <ele>1764.5</ele>
      </trkpt>
      <trkpt lat="45.11259" lon="6.42424">
        <ele>1764.5</ele>
      </trkpt>
      <trkpt lat="45.11121" lon="6.42437">
        <ele>1777.6</ele>
      </trkpt>
      <trkpt lat="45.10996" lon="6.42521">
        <ele>1790.8</ele>
      </trkpt>
      <trkpt lat="45.10947" lon="6.42586">
        <ele>1790.8</ele>
      </trkpt>
      <trkpt lat="45.10703" lon="6.42534">
        <ele>1814.9</ele>
      </trkpt>
      <trkpt lat="45.10633" lon="6.42546">
        <ele>1817.6</ele>
      </trkpt>
      <trkpt lat="45.10571" lon="6.42569">
        <ele>1820.3</ele>
      </trkpt>
      <trkpt lat="45.1044" lon="6.42673">
        <ele>1837.7</ele>
      </trkpt>
      <trkpt lat="45.10417" lon="6.42727">
        <ele>1837.7</ele>
      </trkpt>
      <trkpt lat="45.10325" lon="6.42778">
        <ele>1850.0</ele>
      </trkpt>
      <trkpt lat="45.10297" lon="6.42798">
        <ele>1852.6</ele>
      </trkpt>
      <trkpt lat="45.10253" lon="6.42875">
        <ele>1857.9</ele>
      </trkpt>
      <trkpt lat="45.10184" lon="6.42911">
        <ele>1863.5</ele>
      </trkpt>
      <trkpt lat="45.10151" lon="6.42943">
        <ele>1868.7</ele>
      </trkpt>
      <trkpt lat="45.101" lon="6.42957">
        <ele>1873.9</ele>
      </trkpt>
      <trkpt lat="45.10039" lon="6.42898">
        <ele>1880.7</ele>
      </trkpt>
      <trkpt lat="45.10013" lon="6.42883">
        <ele>1885.1</ele>
      </trkpt>
      <trkpt lat="45.09972" lon="6.42894">
        <ele>1885.1</ele>
      </trkpt>
      <trkpt lat="45.09929" lon="6.42891">
        <ele>1889.4</ele>
      </trkpt>
      <trkpt lat="45.09878" lon="6.4295">
        <ele>1898.5</ele>
      </trkpt>
      <trkpt lat="45.09844" lon="6.42969">
        <ele>1901.1</ele>
      </trkpt>
      <trkpt lat="45.09796" lon="6.42979">
        <ele>1905.6</ele>
      </trkpt>
      <trkpt lat="45.09737" lon="6.43">
        <ele>1912.1</ele>
      </trkpt>
      <trkpt lat="45.09711" lon="6.43016">
        <ele>1912.1</ele>
      </trkpt>
      <trkpt lat="45.09677" lon="6.43049">
        <ele>1914.3</ele>
      </trkpt>
      <trkpt lat="45.09518" lon="6.43049">
        <ele>1935.6</ele>
      </trkpt>
      <trkpt lat="45.09481" lon="6.43056">
        <ele>1935.6</ele>
      </trkpt>
      <trkpt lat="45.09443" lon="6.43095">
        <ele>1938.1</ele>
      </trkpt>
      <trkpt lat="45.0939" lon="6.43132">
        <ele>1941.6</ele>
      </trkpt>
      <trkpt lat="45.09368" lon="6.43155">
        <ele>1941.6</ele>
      </trkpt>
      <trkpt lat="45.09334" lon="6.4317">
        <ele>1943.4</ele>
      </trkpt>
      <trkpt lat="45.0929" lon="6.43228">
        <ele>1946.1</ele>
      </trkpt>
      <trkpt lat="45.09223" lon="6.43262">
        <ele>1948.0</ele>
      </trkpt>
      <trkpt lat="45.09193" lon="6.43296">
        <ele>1950.4</ele>
      </trkpt>
      <trkpt lat="45.09144" lon="6.43391">
        <ele>1953.9</ele>
      </trkpt>
      <trkpt lat="45.0913" lon="6.43452">
        <ele>1956.4</ele>
      </trkpt>
      <trkpt lat="45.09108" lon="6.435">
        <ele>1956.4</ele>
      </trkpt>
      <trkpt lat="45.09064" lon="6.43526">
        <ele>1958.5</ele>
      </trkpt>
      <trkpt lat="45.0902" lon="6.43536">
        <ele>1961.8</ele>
      </trkpt>
      <trkpt lat="45.08944" lon="6.43528">
        <ele>1962.8</ele>
      </trkpt>
      <trkpt lat="45.0883" lon="6.43554">
        <ele>1972.4</ele>
      </trkpt>
      <trkpt lat="45.08757" lon="6.43594">
        <ele>1972.4</ele>
      </trkpt>
      <trkpt lat="45.08668" lon="6.43692">
        <ele>1983.3</ele>
      </trkpt>
      <trkpt lat="45.08614" lon="6.4374">
        <ele>1984.7</ele>
      </trkpt>
      <trkpt lat="45.08573" lon="6.43707">
        <ele>1988.1</ele>
      </trkpt>
      <trkpt lat="45.08596" lon="6.43613">
        <ele>1991.5</ele>
      </trkpt>
      <trkpt lat="45.08611" lon="6.43562">
        <ele>1997.3</ele>
      </trkpt>
      <trkpt lat="45.08669" lon="6.43473">
        <ele>2002.8</ele>
      </trkpt>
      <trkpt lat="45.08685" lon="6.43441">
        <ele>2009.0</ele>
      </trkpt>
      <trkpt lat="45.08747" lon="6.43384">
        <ele>2014.8</ele>
      </trkpt>
      <trkpt lat="45.08783" lon="6.43359">
        <ele>2018.0</ele>
      </trkpt>
      <trkpt lat="45.08829" lon="6.43245">
        <ele>2029.3</ele>
      </trkpt>
      <trkpt lat="45.08906" lon="6.43178">
        <ele>2039.2</ele>
      </trkpt>
      <trkpt lat="45.09001" lon="6.4312">
        <ele>2050.8</ele>
      </trkpt>
      <trkpt lat="45.08946" lon="6.43132">
        <ele>2053.7</ele>
      </trkpt>
      <trkpt lat="45.08877" lon="6.43138">
        <ele>2060.0</ele>
      </trkpt>
      <trkpt lat="45.08929" lon="6.43115">
        <ele>2067.8</ele>
      </trkpt>
      <trkpt lat="45.08959" lon="6.43088">
        <ele>2070.6</ele>
      </trkpt>
      <trkpt lat="45.09004" lon="6.43068">
        <ele>2072.8</ele>
      </trkpt>
      <trkpt lat="45.09061" lon="6.43018">
        <ele>2079.2</ele>
      </trkpt>
      <trkpt lat="45.09018" lon="6.43023">
        <ele>2083.9</ele>
      </trkpt>
      <trkpt lat="45.08959" lon="6.43039">
        <ele>2086.1</ele>
      </trkpt>
      <trkpt lat="45.08869" lon="6.43016">
        <ele>2101.1</ele>
      </trkpt>
      <trkpt lat="45.08823" lon="6.43025">
        <ele>2103.6</ele>
      </trkpt>
      <trkpt lat="45.08779" lon="6.43022">
        <ele>2110.1</ele>
      </trkpt>
      <trkpt lat="45.08696" lon="6.43045">
        <ele>2118.5</ele>
      </trkpt>
      <trkpt lat="45.08692" lon="6.43099">
        <ele>2123.9</ele>
      </trkpt>
      <trkpt lat="45.08688" lon="6.43156">
        <ele>2123.9</ele>
      </trkpt>
      <trkpt lat="45.08665" lon="6.43208">
        <ele>2128.4</ele>
      </trkpt>
      <trkpt lat="45.08621" lon="6.43243">
        <ele>2135.5</ele>
      </trkpt>
      <trkpt lat="45.08578" lon="6.4323">
        <ele>2141.8</ele>
      </trkpt>
      <trkpt lat="45.08577" lon="6.43109">
        <ele>2145.0</ele>
      </trkpt>
      <trkpt lat="45.08625" lon="6.42999">
        <ele>2161.2</ele>
      </trkpt>
      <trkpt lat="45.08666" lon="6.42962">
        <ele>2163.6</ele>
      </trkpt>
      <trkpt lat="45.08652" lon="6.42933">
        <ele>2163.6</ele>
      </trkpt>
      <trkpt lat="45.08627" lon="6.42966">
        <ele>2166.5</ele>
      </trkpt>
      <trkpt lat="45.08601" lon="6.42988">
        <ele>2168.1</ele>
      </trkpt>
      <trkpt lat="45.08549" lon="6.42996">
        <ele>2173.0</ele>
      </trkpt>
      <trkpt lat="45.0852" lon="6.42984">
        <ele>2174.7</ele>
      </trkpt>
      <trkpt lat="45.0849" lon="6.4292">
        <ele>2176.7</ele>
      </trkpt>
      <trkpt lat="45.08425" lon="6.428">
        <ele>2196.3</ele>
      </trkpt>
      <trkpt lat="45.08377" lon="6.42769">
        <ele>2198.3</ele>
      </trkpt>
      <trkpt lat="45.0834" lon="6.42725">
        <ele>2200.7</ele>
      </trkpt>
      <trkpt lat="45.0823" lon="6.42677">
        <ele>2218.4</ele>
      </trkpt>
      <trkpt lat="45.08093" lon="6.42594">
        <ele>2236.5</ele>
      </trkpt>
      <trkpt lat="45.08035" lon="6.42651">
        <ele>2238.5</ele>
      </trkpt>
      <trkpt lat="45.07979" lon="6.42669">
        <ele>2246.7</ele>
      </trkpt>
      <trkpt lat="45.07906" lon="6.42624">
        <ele>2249.9</ele>
      </trkpt>
      <trkpt lat="45.078" lon="6.42524">
        <ele>2272.3</ele>
      </trkpt>
      <trkpt lat="45.07793" lon="6.42477">
        <ele>2272.3</ele>
      </trkpt>
      <trkpt lat="45.07826" lon="6.42456">
        <ele>2275.2</ele>
      </trkpt>
      <trkpt lat="45.07876" lon="6.42385">
        <ele>2282.9</ele>
      </trkpt>
      <trkpt lat="45.07896" lon="6.42279">
        <ele>2288.7</ele>
      </trkpt>
      <trkpt lat="45.07925" lon="6.42233">
        <ele>2294.6</ele>
      </trkpt>
      <trkpt lat="45.07967" lon="6.42184">
        <ele>2297.6</ele>
      </trkpt>
      <trkpt lat="45.0799" lon="6.42201">
        <ele>2298.9</ele>
      </trkpt>
      <trkpt lat="45.07998" lon="6.42251">
        <ele>2300.5</ele>
      </trkpt>
      <trkpt lat="45.08021" lon="6.42286">
        <ele>2303.4</ele>
      </trkpt>
      <trkpt lat="45.08016" lon="6.42379">
        <ele>2309.8</ele>
      </trkpt>
      <trkpt lat="45.08056" lon="6.42277">
        <ele>2316.2</ele>
      </trkpt>
      <trkpt lat="45.0809" lon="6.42176">
        <ele>2322.9</ele>
      </trkpt>
      <trkpt lat="45.08106" lon="6.42079">
        <ele>2326.1</ele>
      </trkpt>
      <trkpt lat="45.08083" lon="6.41931">
        <ele>2337.1</ele>
      </trkpt>
      <trkpt lat="45.08076" lon="6.41752">
        <ele>2352.6</ele>
      </trkpt>
      <trkpt lat="45.08042" lon="6.41673">
        <ele>2352.6</ele>
      </trkpt>
      <trkpt lat="45.07958" lon="6.41612">
        <ele>2365.4</ele>
      </trkpt>
      <trkpt lat="45.07922" lon="6.41538">
        <ele>2367.7</ele>
      </trkpt>
      <trkpt lat="45.0791" lon="6.41472">
        <ele>2372.2</ele>
      </trkpt>
      <trkpt lat="45.07871" lon="6.41408">
        <ele>2374.1</ele>
      </trkpt>
      <trkpt lat="45.07756" lon="6.41311">
        <ele>2390.7</ele>
      </trkpt>
      <trkpt lat="45.07721" lon="6.41269">
        <ele>2393.3</ele>
      </trkpt>
      <trkpt lat="45.0766" lon="6.41214">
        <ele>2399.8</ele>
      </trkpt>
      <trkpt lat="45.07621" lon="6.41189">
        <ele>2404.0</ele>
      </trkpt>
      <trkpt lat="45.07595" lon="6.41214">
        <ele>2404.0</ele>
      </trkpt>
      <trkpt lat="45.07581" lon="6.41265">
        <ele>2408.4</ele>
      </trkpt>
      <trkpt lat="45.07511" lon="6.4132">
        <ele>2416.4</ele>
      </trkpt>
      <trkpt lat="45.07431" lon="6.41336">
        <ele>2423.1</ele>
      </trkpt>
      <trkpt lat="45.07384" lon="6.41291">
        <ele>2426.7</ele>
      </trkpt>
      <trkpt lat="45.07223" lon="6.41303">
        <ele>2445.5</ele>
      </trkpt>
      <trkpt lat="45.07207" lon="6.41255">
        <ele>2445.5</ele>
      </trkpt>
      <trkpt lat="45.07214" lon="6.41199">
        <ele>2447.7</ele>
      </trkpt>
      <trkpt lat="45.07157" lon="6.41155">
        <ele>2453.4</ele>
      </trkpt>
      <trkpt lat="45.07107" lon="6.41151">
        <ele>2455.9</ele>
      </trkpt>
      <trkpt lat="45.07016" lon="6.41091">
        <ele>2468.1</ele>
      </trkpt>
      <trkpt lat="45.06967" lon="6.41082">
        <ele>2472.1</ele>
      </trkpt>
      <trkpt lat="45.06925" lon="6.41058">
        <ele>2476.3</ele>
      </trkpt>
      <trkpt lat="45.06927" lon="6.40996">
        <ele>2478.4</ele>
      </trkpt>
      <trkpt lat="45.06886" lon="6.40997">
        <ele>2482.2</ele>
      </trkpt>
      <trkpt lat="45.06844" lon="6.4101">
        <ele>2487.6</ele>
      </trkpt>
      <trkpt lat="45.06824" lon="6.41039">
        <ele>2489.5</ele>
      </trkpt>
      <trkpt lat="45.06817" lon="6.4109">
        <ele>2491.3</ele>
      </trkpt>
      <trkpt lat="45.06797" lon="6.41074">
        <ele>2493.6</ele>
      </trkpt>
      <trkpt lat="45.06808" lon="6.40949">
        <ele>2504.1</ele>
      </trkpt>
      <trkpt lat="45.06847" lon="6.40925">
        <ele>2507.0</ele>
      </trkpt>
      <trkpt lat="45.06854" lon="6.40882">
        <ele>2509.6</ele>
      </trkpt>
      <trkpt lat="45.06791" lon="6.4088">
        <ele>2518.9</ele>
      </trkpt>
      <trkpt lat="45.06757" lon="6.40903">
        <ele>2521.6</ele>
      </trkpt>
      <trkpt lat="45.06742" lon="6.40953">
        <ele>2524.5</ele>
      </trkpt>
      <trkpt lat="45.0673" lon="6.41065">
        <ele>2529.5</ele>
      </trkpt>
      <trkpt lat="45.06688" lon="6.40907">
        <ele>2548.5</ele>
      </trkpt>
      <trkpt lat="45.06649" lon="6.40953">
        <ele>2553.9</ele>
      </trkpt>
      <trkpt lat="45.0661" lon="6.40909">
        <ele>2559.1</ele>
      </trkpt>
      <trkpt lat="45.06598" lon="6.40945">
        <ele>2559.1</ele>
      </trkpt>
      <trkpt lat="45.0662" lon="6.41001">
        <ele>2564.7</ele>
      </trkpt>
      <trkpt lat="45.06642" lon="6.41076">
        <ele>2573.2</ele>
      </trkpt>
      <trkpt lat="45.06673" lon="6.41135">
        <ele>2580.6</ele>
      </trkpt>
      <trkpt lat="45.06634" lon="6.41234">
        <ele>2588.4</ele>
      </trkpt>
      <trkpt lat="45.06595" lon="6.41309">
        <ele>2597.8</ele>
      </trkpt>
      <trkpt lat="45.06604" lon="6.41258">
        <ele>2600.7</ele>
      </trkpt>
      <trkpt lat="45.06615" lon="6.41203">
        <ele>2602.7</ele>
      </trkpt>
      <trkpt lat="45.06614" lon="6.41132">
        <ele>2609.5</ele>
      </trkpt>
      <trkpt lat="45.06542" lon="6.41082">
        <ele>2614.3</ele>
      </trkpt>
      <trkpt lat="45.06526" lon="6.41041">
        <ele>2619.9</ele>
      </trkpt>
      <trkpt lat="45.06488" lon="6.40968">
        <ele>2625.0</ele>
      </trkpt>
      <trkpt lat="45.06449" lon="6.40925">
        <ele>2630.6</ele>
      </trkpt>
      <trkpt lat="45.06424" lon="6.40855">
        <ele>2634.5</ele>
      </trkpt>
      <trkpt lat="45.0642" lon="6.40798">
        <ele>2634.1</ele>
      </trkpt>
      <trkpt lat="45.0637" lon="6.40897">
        <ele>2627.8</ele>
      </trkpt>
      <trkpt lat="45.06341" lon="6.40932">
        <ele>2624.7</ele>
      </trkpt>
      <trkpt lat="45.06323" lon="6.40999">
        <ele>2622.0</ele>
      </trkpt>
      <trkpt lat="45.06292" lon="6.41042">
        <ele>2612.3</ele>
      </trkpt>
      <trkpt lat="45.06277" lon="6.41123">
        <ele>2603.6</ele>
      </trkpt>
      <trkpt lat="45.06265" lon="6.41163">
        <ele>2601.6</ele>
      </trkpt>
      <trkpt lat="45.06259" lon="6.41118">
        <ele>2597.5</ele>
      </trkpt>
      <trkpt lat="45.06244" lon="6.41131">
        <ele>2595.8</ele>
      </trkpt>
      <trkpt lat="45.06223" lon="6.41153">
        <ele>2594.0</ele>
      </trkpt>
      <trkpt lat="45.06231" lon="6.41112">
        <ele>2590.1</ele>
      </trkpt>
      <trkpt lat="45.06223" lon="6.41067">
        <ele>2588.3</ele>
      </trkpt>
      <trkpt lat="45.06222" lon="6.40992">
        <ele>2581.0</ele>
      </trkpt>
      <trkpt lat="45.06237" lon="6.40941">
        <ele>2574.6</ele>
      </trkpt>
      <trkpt lat="45.06255" lon="6.40902">
        <ele>2572.6</ele>
      </trkpt>
      <trkpt lat="45.0629" lon="6.40853">
        <ele>2568.4</ele>
      </trkpt>
      <trkpt lat="45.06295" lon="6.40812">
        <ele>2566.4</ele>
      </trkpt>
      <trkpt lat="45.06293" lon="6.40734">
        <ele>2560.0</ele>
      </trkpt>
      <trkpt lat="45.06278" lon="6.40682">
        <ele>2555.7</ele>
      </trkpt>
      <trkpt lat="45.06232" lon="6.40656">
        <ele>2553.9</ele>
      </trkpt>
      <trkpt lat="45.06192" lon="6.40585">
        <ele>2547.7</ele>
      </trkpt>
      <trkpt lat="45.06162" lon="6.40575">
        <ele>2544.9</ele>
      </trkpt>
      <trkpt lat="45.06146" lon="6.40605">
        <ele>2544.9</ele>
      </trkpt>
      <trkpt lat="45.06177" lon="6.4067">
        <ele>2542.0</ele>
      </trkpt>
      <trkpt lat="45.06247" lon="6.40727">
        <ele>2537.8</ele>
      </trkpt>
      <trkpt lat="45.0625" lon="6.40769">
        <ele>2533.7</ele>
      </trkpt>
      <trkpt lat="45.06173" lon="6.40832">
        <ele>2530.5</ele>
      </trkpt>
      <trkpt lat="45.0615" lon="6.40879">
        <ele>2526.4</ele>
      </trkpt>
      <trkpt lat="45.06148" lon="6.40959">
        <ele>2525.3</ele>
      </trkpt>
      <trkpt lat="45.06082" lon="6.41072">
        <ele>2514.9</ele>
      </trkpt>
      <trkpt lat="45.06064" lon="6.41143">
        <ele>2514.9</ele>
      </trkpt>
      <trkpt lat="45.06032" lon="6.41152">
        <ele>2514.9</ele>
      </trkpt>
      <trkpt lat="45.06079" lon="6.41029">
        <ele>2503.3</ele>
      </trkpt>
      <trkpt lat="45.06095" lon="6.40974">
        <ele>2502.0</ele>
      </trkpt>
      <trkpt lat="45.06093" lon="6.40887">
        <ele>2498.7</ele>
      </trkpt>
      <trkpt lat="45.06103" lon="6.40767">
        <ele>2494.7</ele>
      </trkpt>
      <trkpt lat="45.06077" lon="6.40711">
        <ele>2490.2</ele>
      </trkpt>
      <trkpt lat="45.06006" lon="6.40685">
        <ele>2485.8</ele>
      </trkpt>
      <trkpt lat="45.05941" lon="6.40696">
        <ele>2483.4</ele>
      </trkpt>
      <trkpt lat="45.05732" lon="6.40787">
        <ele>2464.4</ele>
      </trkpt>
      <trkpt lat="45.05692" lon="6.40849">
        <ele>2464.4</ele>
      </trkpt>
      <trkpt lat="45.05578" lon="6.40853">
        <ele>2453.4</ele>
      </trkpt>
      <trkpt lat="45.05553" lon="6.40832">
        <ele>2451.5</ele>
      </trkpt>
      <trkpt lat="45.05523" lon="6.40741">
        <ele>2448.0</ele>
      </trkpt>
      <trkpt lat="45.05493" lon="6.40661">
        <ele>2443.2</ele>
      </trkpt>
      <trkpt lat="45.05439" lon="6.40561">
        <ele>2440.9</ele>
      </trkpt>
      <trkpt lat="45.05387" lon="6.40428">
        <ele>2428.4</ele>
      </trkpt>
      <trkpt lat="45.05382" lon="6.40372">
        <ele>2427.0</ele>
      </trkpt>
      <trkpt lat="45.05393" lon="6.40315">
        <ele>2425.8</ele>
      </trkpt>
      <trkpt lat="45.0539" lon="6.40271">
        <ele>2422.9</ele>
      </trkpt>
      <trkpt lat="45.05367" lon="6.4025">
        <ele>2421.6</ele>
      </trkpt>
      <trkpt lat="45.05326" lon="6.40254">
        <ele>2418.0</ele>
      </trkpt>
      <trkpt lat="45.0531" lon="6.40161">
        <ele>2410.7</ele>
      </trkpt>
      <trkpt lat="45.05288" lon="6.4004">
        <ele>2405.2</ele>
      </trkpt>
      <trkpt lat="45.05296" lon="6.39989">
        <ele>2400.1</ele>
      </trkpt>
      <trkpt lat="45.05317" lon="6.39915">
        <ele>2396.4</ele>
      </trkpt>
      <trkpt lat="45.05326" lon="6.39855">
        <ele>2394.4</ele>
      </trkpt>
      <trkpt lat="45.05334" lon="6.39708">
        <ele>2381.0</ele>
      </trkpt>
      <trkpt lat="45.05331" lon="6.39584">
        <ele>2381.0</ele>
      </trkpt>
      <trkpt lat="45.05295" lon="6.39444">
        <ele>2369.0</ele>
      </trkpt>
      <trkpt lat="45.05247" lon="6.39395">
        <ele>2367.4</ele>
      </trkpt>
      <trkpt lat="45.05229" lon="6.39322">
        <ele>2363.6</ele>
      </trkpt>
      <trkpt lat="45.05175" lon="6.39258">
        <ele>2359.6</ele>
      </trkpt>
      <trkpt lat="45.0517" lon="6.39193">
        <ele>2355.2</ele>
      </trkpt>
      <trkpt lat="45.052" lon="6.39085">
        <ele>2350.4</ele>
      </trkpt>
      <trkpt lat="45.05241" lon="6.39014">
        <ele>2344.1</ele>
      </trkpt>
      <trkpt lat="45.05225" lon="6.3896">
        <ele>2341.9</ele>
      </trkpt>
      <trkpt lat="45.05184" lon="6.38952">
        <ele>2341.9</ele>
      </trkpt>
      <trkpt lat="45.05105" lon="6.391">
        <ele>2331.2</ele>
      </trkpt>
      <trkpt lat="45.05015" lon="6.39203">
        <ele>2319.0</ele>
      </trkpt>
      <trkpt lat="45.05012" lon="6.39314">
        <ele>2316.6</ele>
      </trkpt>
      <trkpt lat="45.04992" lon="6.39357">
        <ele>2311.3</ele>
      </trkpt>
      <trkpt lat="45.04932" lon="6.39388">
        <ele>2306.7</ele>
      </trkpt>
      <trkpt lat="45.04884" lon="6.39454">
        <ele>2301.0</ele>
      </trkpt>
      <trkpt lat="45.04867" lon="6.3956">
        <ele>2295.7</ele>
      </trkpt>
      <trkpt lat="45.04852" lon="6.39623">
        <ele>2292.9</ele>
      </trkpt>
      <trkpt lat="45.04711" lon="6.39838">
        <ele>2272.5</ele>
      </trkpt>
      <trkpt lat="45.0466" lon="6.39911">
        <ele>2272.5</ele>
      </trkpt>
      <trkpt lat="45.045" lon="6.40078">
        <ele>2249.7</ele>
      </trkpt>
      <trkpt lat="45.04435" lon="6.40095">
        <ele>2247.3</ele>
      </trkpt>
      <trkpt lat="45.04415" lon="6.40122">
        <ele>2244.9</ele>
      </trkpt>
      <trkpt lat="45.04394" lon="6.40169">
        <ele>2244.9</ele>
      </trkpt>
      <trkpt lat="45.04362" lon="6.40184">
        <ele>2243.8</ele>
      </trkpt>
      <trkpt lat="45.0429" lon="6.40053">
        <ele>2227.6</ele>
      </trkpt>
      <trkpt lat="45.04242" lon="6.39976">
        <ele>2224.7</ele>
      </trkpt>
      <trkpt lat="45.04197" lon="6.39916">
        <ele>2218.9</ele>
      </trkpt>
      <trkpt lat="45.04127" lon="6.3987">
        <ele>2216.0</ele>
      </trkpt>
      <trkpt lat="45.03986" lon="6.39744">
        <ele>2195.6</ele>
      </trkpt>
      <trkpt lat="45.0395" lon="6.39691">
        <ele>2195.6</ele>
      </trkpt>
      <trkpt lat="45.03848" lon="6.39519">
        <ele>2181.3</ele>
      </trkpt>
      <trkpt lat="45.03829" lon="6.39383">
        <ele>2171.0</ele>
      </trkpt>
      <trkpt lat="45.0383" lon="6.39297">
        <ele>2169.7</ele>
      </trkpt>
      <trkpt lat="45.03806" lon="6.3929">
        <ele>2169.7</ele>
      </trkpt>
      <trkpt lat="45.03806" lon="6.39362">
        <ele>2165.8</ele>
      </trkpt>
      <trkpt lat="45.038" lon="6.39461">
        <ele>2162.4</ele>
      </trkpt>
      <trkpt lat="45.03746" lon="6.396">
        <ele>2147.6</ele>
      </trkpt>
      <trkpt lat="45.03733" lon="6.39673">
        <ele>2144.5</ele>
      </trkpt>
      <trkpt lat="45.03729" lon="6.39775">
        <ele>2139.5</ele>
      </trkpt>
      <trkpt lat="45.03745" lon="6.3982">
        <ele>2134.5</ele>
      </trkpt>
      <trkpt lat="45.03813" lon="6.39833">
        <ele>2131.6</ele>
      </trkpt>
      <trkpt lat="45.03841" lon="6.39847">
        <ele>2129.9</ele>
      </trkpt>
      <trkpt lat="45.0403" lon="6.40089">
        <ele>2105.6</ele>
      </trkpt>
      <trkpt lat="45.04077" lon="6.40118">
        <ele>2105.6</ele>
      </trkpt>
      <trkpt lat="45.04086" lon="6.40151">
        <ele>2103.5</ele>
      </trkpt>
      <trkpt lat="45.04023" lon="6.40121">
        <ele>2098.0</ele>
      </trkpt>
      <trkpt lat="45.03976" lon="6.40093">
        <ele>2092.3</ele>
      </trkpt>
      <trkpt lat="45.03922" lon="6.40067">
        <ele>2089.9</ele>
      </trkpt>
      <trkpt lat="45.03891" lon="6.40069">
        <ele>2089.9</ele>
      </trkpt>
      <trkpt lat="45.03869" lon="6.40092">
        <ele>2088.5</ele>
      </trkpt>
      <trkpt lat="45.03813" lon="6.40278">
        <ele>2069.2</ele>
      </trkpt>
      <trkpt lat="45.03751" lon="6.40277">
        <ele>2066.7</ele>
      </trkpt>
      <trkpt lat="45.03724" lon="6.40302">
        <ele>2065.1</ele>
      </trkpt>
      <trkpt lat="45.03699" lon="6.40366">
        <ele>2064.1</ele>
      </trkpt>
      <trkpt lat="45.03665" lon="6.40418">
        <ele>2062.0</ele>
      </trkpt>
      <trkpt lat="45.03568" lon="6.40487">
        <ele>2057.1</ele>
      </trkpt>
      <trkpt lat="45.03541" lon="6.40519">
        <ele>2056.4</ele>
      </trkpt>
      <trkpt lat="45.03508" lon="6.40507">
        <ele>2056.4</ele>
      </trkpt>
      <trkpt lat="45.03463" lon="6.40503">
        <ele>2054.9</ele>
      </trkpt>
      <trkpt lat="45.03419" lon="6.40527">
        <ele>2050.9</ele>
      </trkpt>
      <trkpt lat="45.03357" lon="6.40511">
        <ele>2046.5</ele>
      </trkpt>
      <trkpt lat="45.03331" lon="6.40442">
        <ele>2041.9</ele>
      </trkpt>
      <trkpt lat="45.03341" lon="6.40369">
        <ele>2039.7</ele>
      </trkpt>
      <trkpt lat="45.03374" lon="6.40199">
        <ele>2025.5</ele>
      </trkpt>
      <trkpt lat="45.03382" lon="6.40128">
        <ele>2024.7</ele>
      </trkpt>
      <trkpt lat="45.03383" lon="6.40071">
        <ele>2022.2</ele>
      </trkpt>
      <trkpt lat="45.03375" lon="6.39987">
        <ele>2020.1</ele>
      </trkpt>
      <trkpt lat="45.03367" lon="6.39946">
        <ele>2018.4</ele>
      </trkpt>
      <trkpt lat="45.0331" lon="6.39743">
        <ele>2015.4</ele>
      </trkpt>
      <trkpt lat="45.03295" lon="6.39636">
        <ele>2015.6</ele>
      </trkpt>
      <trkpt lat="45.03284" lon="6.39534">
        <ele>2015.7</ele>
      </trkpt>
      <trkpt lat="45.03283" lon="6.39479">
        <ele>2016.2</ele>
      </trkpt>
      <trkpt lat="45.03295" lon="6.39377">
        <ele>2016.0</ele>
      </trkpt>
      <trkpt lat="45.03297" lon="6.39304">
        <ele>2015.7</ele>
      </trkpt>
      <trkpt lat="45.03253" lon="6.39077">
        <ele>2006.2</ele>
      </trkpt>
      <trkpt lat="45.03255" lon="6.38999">
        <ele>2006.2</ele>
      </trkpt>
      <trkpt lat="45.03279" lon="6.38831">
        <ele>1995.2</ele>
      </trkpt>
      <trkpt lat="45.03287" lon="6.38785">
        <ele>1995.2</ele>
      </trkpt>
      <trkpt lat="45.03342" lon="6.38571">
        <ele>1981.7</ele>
      </trkpt>
      <trkpt lat="45.03345" lon="6.38526">
        <ele>1981.7</ele>
      </trkpt>
      <trkpt lat="45.03335" lon="6.38467">
        <ele>1979.2</ele>
      </trkpt>
      <trkpt lat="45.03315" lon="6.38396">
        <ele>1976.9</ele>
      </trkpt>
      <trkpt lat="45.03291" lon="6.38371">
        <ele>1975.6</ele>
      </trkpt>
      <trkpt lat="45.03234" lon="6.38341">
        <ele>1971.8</ele>
      </trkpt>
      <trkpt lat="45.03204" lon="6.38289">
        <ele>1970.3</ele>
      </trkpt>
      <trkpt lat="45.03212" lon="6.38128">
        <ele>1959.3</ele>
      </trkpt>
      <trkpt lat="45.03242" lon="6.37987">
        <ele>1953.4</ele>
      </trkpt>
      <trkpt lat="45.03299" lon="6.37804">
        <ele>1941.5</ele>
      </trkpt>
      <trkpt lat="45.03371" lon="6.37599">
        <ele>1928.4</ele>
      </trkpt>
      <trkpt lat="45.03442" lon="6.37461">
        <ele>1918.4</ele>
      </trkpt>
      <trkpt lat="45.0345" lon="6.37421">
        <ele>1916.3</ele>
      </trkpt>
      <trkpt lat="45.03455" lon="6.37304">
        <ele>1912.7</ele>
      </trkpt>
      <trkpt lat="45.03481" lon="6.37215">
        <ele>1910.6</ele>
      </trkpt>
      <trkpt lat="45.03623" lon="6.37041">
        <ele>1894.5</ele>
      </trkpt>
      <trkpt lat="45.03679" lon="6.36906">
        <ele>1885.2</ele>
      </trkpt>
      <trkpt lat="45.03723" lon="6.36829">
        <ele>1883.3</ele>
      </trkpt>
      <trkpt lat="45.03741" lon="6.36761">
        <ele>1878.8</ele>
      </trkpt>
      <trkpt lat="45.03775" lon="6.36683">
        <ele>1876.6</ele>
      </trkpt>
      <trkpt lat="45.03849" lon="6.36565">
        <ele>1864.5</ele>
      </trkpt>
      <trkpt lat="45.03834" lon="6.36525">
        <ele>1863.8</ele>
      </trkpt>
      <trkpt lat="45.03802" lon="6.36578">
        <ele>1863.8</ele>
      </trkpt>
      <trkpt lat="45.03782" lon="6.36614">
        <ele>1862.8</ele>
      </trkpt>
      <trkpt lat="45.03702" lon="6.367">
        <ele>1855.9</ele>
      </trkpt>
      <trkpt lat="45.03649" lon="6.36782">
        <ele>1852.7</ele>
      </trkpt>
      <trkpt lat="45.03618" lon="6.36814">
        <ele>1849.9</ele>
      </trkpt>
      <trkpt lat="45.03588" lon="6.36821">
        <ele>1848.7</ele>
      </trkpt>
      <trkpt lat="45.03587" lon="6.36778">
        <ele>1847.4</ele>
      </trkpt>
      <trkpt lat="45.0362" lon="6.36751">
        <ele>1846.4</ele>
      </trkpt>
      <trkpt lat="45.03734" lon="6.3646">
        <ele>1825.7</ele>
      </trkpt>
      <trkpt lat="45.03771" lon="6.36408">
        <ele>1824.4</ele>
      </trkpt>
      <trkpt lat="45.03838" lon="6.36374">
        <ele>1820.1</ele>
      </trkpt>
      <trkpt lat="45.03881" lon="6.36345">
        <ele>1818.5</ele>
      </trkpt>
      <trkpt lat="45.03896" lon="6.36308">
        <ele>1816.3</ele>
      </trkpt>
      <trkpt lat="45.03859" lon="6.36209">
        <ele>1809.4</ele>
      </trkpt>
      <trkpt lat="45.0386" lon="6.3615">
        <ele>1806.1</ele>
      </trkpt>
      <trkpt lat="45.03866" lon="6.36103">
        <ele>1806.1</ele>
      </trkpt>
      <trkpt lat="45.03891" lon="6.36054">
        <ele>1803.2</ele>
      </trkpt>
      <trkpt lat="45.03964" lon="6.35988">
        <ele>1798.2</ele>
      </trkpt>
      <trkpt lat="45.03979" lon="6.35941">
        <ele>1796.0</ele>
      </trkpt>
      <trkpt lat="45.04009" lon="6.35803">
        <ele>1784.1</ele>
      </trkpt>
      <trkpt lat="45.0408" lon="6.35718">
        <ele>1777.7</ele>
      </trkpt>
      <trkpt lat="45.04123" lon="6.35644">
        <ele>1774.8</ele>
      </trkpt>
      <trkpt lat="45.04198" lon="6.35604">
        <ele>1769.9</ele>
      </trkpt>
      <trkpt lat="45.04237" lon="6.35553">
        <ele>1765.2</ele>
      </trkpt>
      <trkpt lat="45.04238" lon="6.35488">
        <ele>1761.5</ele>
      </trkpt>
      <trkpt lat="45.04188" lon="6.35431">
        <ele>1758.2</ele>
      </trkpt>
      <trkpt lat="45.04159" lon="6.35374">
        <ele>1756.6</ele>
      </trkpt>
      <trkpt lat="45.04127" lon="6.35215">
        <ele>1745.0</ele>
      </trkpt>
      <trkpt lat="45.04109" lon="6.35143">
        <ele>1743.8</ele>
      </trkpt>
      <trkpt lat="45.04124" lon="6.35076">
        <ele>1742.3</ele>
      </trkpt>
      <trkpt lat="45.04116" lon="6.34834">
        <ele>1724.4</ele>
      </trkpt>
      <trkpt lat="45.0414" lon="6.34755">
        <ele>1721.9</ele>
      </trkpt>
      <trkpt lat="45.0415" lon="6.3471">
        <ele>1720.4</ele>
      </trkpt>
      <trkpt lat="45.04147" lon="6.34668">
        <ele>1718.2</ele>
      </trkpt>
      <trkpt lat="45.04109" lon="6.34575">
        <ele>1711.5</ele>
      </trkpt>
      <trkpt lat="45.04104" lon="6.34535">
        <ele>1709.3</ele>
      </trkpt>
      <trkpt lat="45.04108" lon="6.3449">
        <ele>1709.3</ele>
      </trkpt>
      <trkpt lat="45.04146" lon="6.34328">
        <ele>1697.2</ele>
      </trkpt>
      <trkpt lat="45.04146" lon="6.34287">
        <ele>1695.0</ele>
      </trkpt>
      <trkpt lat="45.04129" lon="6.34166">
        <ele>1690.9</ele>
      </trkpt>
      <trkpt lat="45.04136" lon="6.34111">
        <ele>1685.5</ele>
      </trkpt>
      <trkpt lat="45.04187" lon="6.34009">
        <ele>1680.2</ele>
      </trkpt>
      <trkpt lat="45.04234" lon="6.33971">
        <ele>1674.0</ele>
      </trkpt>
      <trkpt lat="45.04279" lon="6.3387">
        <ele>1671.4</ele>
      </trkpt>
      <trkpt lat="45.04382" lon="6.33766">
        <ele>1657.1</ele>
      </trkpt>
      <trkpt lat="45.04404" lon="6.33728">
        <ele>1657.1</ele>
      </trkpt>
      <trkpt lat="45.04423" lon="6.33671">
        <ele>1657.1</ele>
      </trkpt>
      <trkpt lat="45.04431" lon="6.3351">
        <ele>1645.2</ele>
      </trkpt>
      <trkpt lat="45.04441" lon="6.33473">
        <ele>1643.0</ele>
      </trkpt>
      <trkpt lat="45.04501" lon="6.33393">
        <ele>1638.6</ele>
      </trkpt>
      <trkpt lat="45.04578" lon="6.33371">
        <ele>1634.5</ele>
      </trkpt>
      <trkpt lat="45.04579" lon="6.33336">
        <ele>1632.3</ele>
      </trkpt>
      <trkpt lat="45.04445" lon="6.33343">
        <ele>1623.9</ele>
      </trkpt>
      <trkpt lat="45.04418" lon="6.3334">
        <ele>1623.9</ele>
      </trkpt>
      <trkpt lat="45.04326" lon="6.33233">
        <ele>1610.5</ele>
      </trkpt>
      <trkpt lat="45.04349" lon="6.33142">
        <ele>1608.7</ele>
      </trkpt>
      <trkpt lat="45.04376" lon="6.3312">
        <ele>1606.3</ele>
      </trkpt>
      <trkpt lat="45.04497" lon="6.33193">
        <ele>1598.0</ele>
      </trkpt>
      <trkpt lat="45.04566" lon="6.33186">
        <ele>1595.9</ele>
      </trkpt>
      <trkpt lat="45.04595" lon="6.33169">
        <ele>1593.8</ele>
      </trkpt>
      <trkpt lat="45.04613" lon="6.33135">
        <ele>1593.8</ele>
      </trkpt>
      <trkpt lat="45.0462" lon="6.33094">
        <ele>1593.1</ele>
      </trkpt>
      <trkpt lat="45.04625" lon="6.32895">
        <ele>1579.3</ele>
      </trkpt>
      <trkpt lat="45.04595" lon="6.32876">
        <ele>1578.2</ele>
      </trkpt>
      <trkpt lat="45.04577" lon="6.32933">
        <ele>1578.2</ele>
      </trkpt>
      <trkpt lat="45.04553" lon="6.329">
        <ele>1577.0</ele>
      </trkpt>
      <trkpt lat="45.04816" lon="6.32277">
        <ele>1552.2</ele>
      </trkpt>
      <trkpt lat="45.04825" lon="6.32228">
        <ele>1552.2</ele>
      </trkpt>
      <trkpt lat="45.04816" lon="6.32169">
        <ele>1544.9</ele>
      </trkpt>
      <trkpt lat="45.04815" lon="6.32095">
        <ele>1537.4</ele>
      </trkpt>
      <trkpt lat="45.04818" lon="6.32046">
        <ele>1534.7</ele>
      </trkpt>
      <trkpt lat="45.04835" lon="6.31963">
        <ele>1527.5</ele>
      </trkpt>
      <trkpt lat="45.04832" lon="6.31906">
        <ele>1524.3</ele>
      </trkpt>
      <trkpt lat="45.04814" lon="6.31818">
        <ele>1520.5</ele>
      </trkpt>
      <trkpt lat="45.04775" lon="6.31764">
        <ele>1519.4</ele>
      </trkpt>
      <trkpt lat="45.04771" lon="6.31725">
        <ele>1518.2</ele>
      </trkpt>
      <trkpt lat="45.0482" lon="6.31633">
        <ele>1514.0</ele>
      </trkpt>
      <trkpt lat="45.0489" lon="6.31573">
        <ele>1507.7</ele>
      </trkpt>
      <trkpt lat="45.04909" lon="6.3153">
        <ele>1505.4</ele>
      </trkpt>
      <trkpt lat="45.04893" lon="6.31484">
        <ele>1505.4</ele>
      </trkpt>
      <trkpt lat="45.04657" lon="6.31172">
        <ele>1511.2</ele>
      </trkpt>
      <trkpt lat="45.04668" lon="6.31102">
        <ele>1503.9</ele>
      </trkpt>
      <trkpt lat="45.04673" lon="6.3099">
        <ele>1492.4</ele>
      </trkpt>
      <trkpt lat="45.04657" lon="6.30875">
        <ele>1486.2</ele>
      </trkpt>
      <trkpt lat="45.04635" lon="6.30765">
        <ele>1484.3</ele>
      </trkpt>
      <trkpt lat="45.04616" lon="6.30732">
        <ele>1483.8</ele>
      </trkpt>
      <trkpt lat="45.04511" lon="6.30647">
        <ele>1482.8</ele>
      </trkpt>
      <trkpt lat="45.0451" lon="6.30529">
        <ele>1481.7</ele>
      </trkpt>
      <trkpt lat="45.04504" lon="6.30454">
        <ele>1479.8</ele>
      </trkpt>
      <trkpt lat="45.04536" lon="6.3038">
        <ele>1476.9</ele>
      </trkpt>
      <trkpt lat="45.04529" lon="6.30325">
        <ele>1476.0</ele>
      </trkpt>
      <trkpt lat="45.04502" lon="6.30291">
        <ele>1474.8</ele>
      </trkpt>
      <trkpt lat="45.04466" lon="6.30232">
        <ele>1471.8</ele>
      </trkpt>
      <trkpt lat="45.04443" lon="6.30157">
        <ele>1470.0</ele>
      </trkpt>
      <trkpt lat="45.04438" lon="6.30087">
        <ele>1467.5</ele>
      </trkpt>
      <trkpt lat="45.0445" lon="6.29964">
        <ele>1464.7</ele>
      </trkpt>
      <trkpt lat="45.04451" lon="6.29881">
        <ele>1461.0</ele>
      </trkpt>
      <trkpt lat="45.04463" lon="6.2981">
        <ele>1459.4</ele>
      </trkpt>
      <trkpt lat="45.04458" lon="6.29676">
        <ele>1444.5</ele>
      </trkpt>
      <trkpt lat="45.04424" lon="6.29573">
        <ele>1444.5</ele>
      </trkpt>
      <trkpt lat="45.04386" lon="6.29399">
        <ele>1431.9</ele>
      </trkpt>
      <trkpt lat="45.04341" lon="6.29275">
        <ele>1425.3</ele>
      </trkpt>
      <trkpt lat="45.04327" lon="6.29106">
        <ele>1418.7</ele>
      </trkpt>
      <trkpt lat="45.04335" lon="6.28925">
        <ele>1412.5</ele>
      </trkpt>
      <trkpt lat="45.04352" lon="6.28798">
        <ele>1401.5</ele>
      </trkpt>
      <trkpt lat="45.04355" lon="6.28695">
        <ele>1401.5</ele>
      </trkpt>
      <trkpt lat="45.04415" lon="6.285">
        <ele>1388.8</ele>
      </trkpt>
      <trkpt lat="45.04422" lon="6.28447">
        <ele>1388.6</ele>
      </trkpt>
      <trkpt lat="45.04419" lon="6.28409">
        <ele>1388.6</ele>
      </trkpt>
      <trkpt lat="45.04407" lon="6.28361">
        <ele>1388.0</ele>
      </trkpt>
      <trkpt lat="45.04367" lon="6.28268">
        <ele>1387.2</ele>
      </trkpt>
      <trkpt lat="45.04356" lon="6.28228">
        <ele>1385.8</ele>
      </trkpt>
      <trkpt lat="45.04337" lon="6.28113">
        <ele>1383.6</ele>
      </trkpt>
      <trkpt lat="45.04316" lon="6.28029">
        <ele>1380.3</ele>
      </trkpt>
      <trkpt lat="45.04305" lon="6.27924">
        <ele>1377.0</ele>
      </trkpt>
      <trkpt lat="45.04323" lon="6.27846">
        <ele>1373.3</ele>
      </trkpt>
      <trkpt lat="45.04327" lon="6.27799">
        <ele>1372.2</ele>
      </trkpt>
      <trkpt lat="45.04319" lon="6.27755">
        <ele>1371.1</ele>
      </trkpt>
      <trkpt lat="45.04292" lon="6.27666">
        <ele>1367.7</ele>
      </trkpt>
      <trkpt lat="45.04286" lon="6.27541">
        <ele>1364.6</ele>
      </trkpt>
      <trkpt lat="45.04279" lon="6.2748">
        <ele>1360.4</ele>
      </trkpt>
      <trkpt lat="45.04255" lon="6.27382">
        <ele>1356.1</ele>
      </trkpt>
      <trkpt lat="45.04239" lon="6.27266">
        <ele>1353.4</ele>
      </trkpt>
      <trkpt lat="45.04249" lon="6.27055">
        <ele>1346.3</ele>
      </trkpt>
      <trkpt lat="45.04284" lon="6.26822">
        <ele>1340.6</ele>
      </trkpt>
      <trkpt lat="45.0428" lon="6.26762">
        <ele>1340.6</ele>
      </trkpt>
      <trkpt lat="45.04248" lon="6.26567">
        <ele>1332.9</ele>
      </trkpt>
      <trkpt lat="45.04146" lon="6.26117">
        <ele>1327.7</ele>
      </trkpt>
      <trkpt lat="45.04133" lon="6.26081">
        <ele>1327.7</ele>
      </trkpt>
      <trkpt lat="45.04108" lon="6.26041">
        <ele>1327.7</ele>
      </trkpt>
      <trkpt lat="45.04019" lon="6.25964">
        <ele>1322.4</ele>
      </trkpt>
      <trkpt lat="45.03993" lon="6.25911">
        <ele>1322.4</ele>
      </trkpt>
      <trkpt lat="45.03933" lon="6.25687">
        <ele>1318.3</ele>
      </trkpt>
      <trkpt lat="45.03944" lon="6.25532">
        <ele>1316.9</ele>
      </trkpt>
      <trkpt lat="45.03905" lon="6.25226">
        <ele>1313.2</ele>
      </trkpt>
      <trkpt lat="45.03904" lon="6.25137">
        <ele>1310.9</ele>
      </trkpt>
      <trkpt lat="45.03892" lon="6.25093">
        <ele>1310.0</ele>
      </trkpt>
      <trkpt lat="45.03865" lon="6.25029">
        <ele>1308.5</ele>
      </trkpt>
      <trkpt lat="45.03864" lon="6.24948">
        <ele>1304.8</ele>
      </trkpt>
      <trkpt lat="45.03877" lon="6.24866">
        <ele>1303.8</ele>
      </trkpt>
      <trkpt lat="45.03876" lon="6.2461">
        <ele>1289.1</ele>
      </trkpt>
      <trkpt lat="45.03885" lon="6.24496">
        <ele>1285.7</ele>
      </trkpt>
      <trkpt lat="45.03884" lon="6.24452">
        <ele>1283.8</ele>
      </trkpt>
      <trkpt lat="45.03875" lon="6.24416">
        <ele>1283.8</ele>
      </trkpt>
      <trkpt lat="45.03794" lon="6.24216">
        <ele>1266.8</ele>
      </trkpt>
      <trkpt lat="45.03777" lon="6.24148">
        <ele>1266.8</ele>
      </trkpt>
      <trkpt lat="45.03748" lon="6.23838">
        <ele>1252.2</ele>
      </trkpt>
      <trkpt lat="45.03754" lon="6.23781">
        <ele>1251.3</ele>
      </trkpt>
      <trkpt lat="45.03773" lon="6.23692">
        <ele>1250.5</ele>
      </trkpt>
      <trkpt lat="45.0378" lon="6.23492">
        <ele>1242.1</ele>
      </trkpt>
      <trkpt lat="45.03772" lon="6.23424">
        <ele>1242.1</ele>
      </trkpt>
      <trkpt lat="45.03755" lon="6.23381">
        <ele>1240.9</ele>
      </trkpt>
      <trkpt lat="45.03705" lon="6.23303">
        <ele>1237.7</ele>
      </trkpt>
      <trkpt lat="45.0369" lon="6.2325">
        <ele>1234.4</ele>
      </trkpt>
      <trkpt lat="45.03681" lon="6.23169">
        <ele>1231.0</ele>
      </trkpt>
      <trkpt lat="45.03665" lon="6.23101">
        <ele>1227.6</ele>
      </trkpt>
      <trkpt lat="45.03659" lon="6.23046">
        <ele>1226.0</ele>
      </trkpt>
      <trkpt lat="45.03664" lon="6.22911">
        <ele>1218.3</ele>
      </trkpt>
      <trkpt lat="45.03659" lon="6.22844">
        <ele>1215.6</ele>
      </trkpt>
      <trkpt lat="45.0364" lon="6.2274">
        <ele>1210.0</ele>
      </trkpt>
      <trkpt lat="45.03613" lon="6.22627">
        <ele>1203.5</ele>
      </trkpt>
      <trkpt lat="45.03598" lon="6.22529">
        <ele>1197.3</ele>
      </trkpt>
      <trkpt lat="45.03611" lon="6.2241">
        <ele>1192.0</ele>
      </trkpt>
      <trkpt lat="45.03601" lon="6.22323">
        <ele>1187.1</ele>
      </trkpt>
      <trkpt lat="45.03613" lon="6.22224">
        <ele>1182.9</ele>
      </trkpt>
      <trkpt lat="45.03641" lon="6.22112">
        <ele>1179.5</ele>
      </trkpt>
      <trkpt lat="45.03638" lon="6.22056">
        <ele>1175.8</ele>
      </trkpt>
      <trkpt lat="45.03602" lon="6.21984">
        <ele>1170.7</ele>
      </trkpt>
      <trkpt lat="45.03578" lon="6.21868">
        <ele>1167.6</ele>
      </trkpt>
      <trkpt lat="45.03596" lon="6.21707">
        <ele>1155.4</ele>
      </trkpt>
      <trkpt lat="45.03618" lon="6.21637">
        <ele>1155.4</ele>
      </trkpt>
      <trkpt lat="45.03638" lon="6.21596">
        <ele>1154.2</ele>
      </trkpt>
      <trkpt lat="45.0369" lon="6.21538">
        <ele>1152.0</ele>
      </trkpt>
      <trkpt lat="45.03802" lon="6.21241">
        <ele>1137.7</ele>
      </trkpt>
      <trkpt lat="45.03813" lon="6.21198">
        <ele>1137.7</ele>
      </trkpt>
      <trkpt lat="45.03844" lon="6.20979">
        <ele>1131.1</ele>
      </trkpt>
      <trkpt lat="45.03841" lon="6.20903">
        <ele>1131.1</ele>
      </trkpt>
      <trkpt lat="45.0377" lon="6.20437">
        <ele>1125.2</ele>
      </trkpt>
      <trkpt lat="45.03768" lon="6.20385">
        <ele>1125.2</ele>
      </trkpt>
      <trkpt lat="45.03776" lon="6.20106">
        <ele>1116.9</ele>
      </trkpt>
      <trkpt lat="45.03773" lon="6.20013">
        <ele>1116.9</ele>
      </trkpt>
      <trkpt lat="45.03726" lon="6.19533">
        <ele>1107.6</ele>
      </trkpt>
      <trkpt lat="45.03734" lon="6.19484">
        <ele>1107.6</ele>
      </trkpt>
      <trkpt lat="45.03795" lon="6.19344">
        <ele>1103.1</ele>
      </trkpt>
      <trkpt lat="45.03807" lon="6.19304">
        <ele>1103.1</ele>
      </trkpt>
      <trkpt lat="45.03842" lon="6.19043">
        <ele>1096.0</ele>
      </trkpt>
      <trkpt lat="45.03876" lon="6.1898">
        <ele>1096.0</ele>
      </trkpt>
      <trkpt lat="45.03924" lon="6.18839">
        <ele>1093.9</ele>
      </trkpt>
      <trkpt lat="45.03928" lon="6.18733">
        <ele>1093.0</ele>
      </trkpt>
      <trkpt lat="45.03904" lon="6.18644">
        <ele>1092.1</ele>
      </trkpt>
      <trkpt lat="45.03888" lon="6.18476">
        <ele>1088.3</ele>
      </trkpt>
      <trkpt lat="45.0389" lon="6.18425">
        <ele>1088.4</ele>
      </trkpt>
      <trkpt lat="45.03903" lon="6.18381">
        <ele>1088.4</ele>
      </trkpt>
      <trkpt lat="45.03907" lon="6.1833">
        <ele>1088.4</ele>
      </trkpt>
      <trkpt lat="45.03919" lon="6.18282">
        <ele>1088.5</ele>
      </trkpt>
      <trkpt lat="45.03928" lon="6.18214">
        <ele>1086.2</ele>
      </trkpt>
      <trkpt lat="45.03916" lon="6.18099">
        <ele>1081.9</ele>
      </trkpt>
      <trkpt lat="45.03931" lon="6.18012">
        <ele>1077.5</ele>
      </trkpt>
      <trkpt lat="45.03928" lon="6.17935">
        <ele>1075.1</ele>
      </trkpt>
      <trkpt lat="45.03935" lon="6.17879">
        <ele>1071.4</ele>
      </trkpt>
      <trkpt lat="45.03917" lon="6.17792">
        <ele>1068.4</ele>
      </trkpt>
      <trkpt lat="45.03922" lon="6.17734">
        <ele>1069.5</ele>
      </trkpt>
      <trkpt lat="45.03966" lon="6.17628">
        <ele>1074.1</ele>
      </trkpt>
      <trkpt lat="45.03998" lon="6.17568">
        <ele>1077.9</ele>
      </trkpt>
      <trkpt lat="45.04037" lon="6.17413">
        <ele>1060.7</ele>
      </trkpt>
      <trkpt lat="45.04051" lon="6.17377">
        <ele>1060.7</ele>
      </trkpt>
      <trkpt lat="45.04137" lon="6.17204">
        <ele>1061.8</ele>
      </trkpt>
      <trkpt lat="45.0415" lon="6.17161">
        <ele>1062.8</ele>
      </trkpt>
      <trkpt lat="45.04169" lon="6.17052">
        <ele>1064.8</ele>
      </trkpt>
      <trkpt lat="45.04186" lon="6.17019">
        <ele>1065.6</ele>
      </trkpt>
      <trkpt lat="45.04231" lon="6.16963">
        <ele>1065.9</ele>
      </trkpt>
      <trkpt lat="45.04275" lon="6.1689">
        <ele>1066.7</ele>
      </trkpt>
      <trkpt lat="45.04264" lon="6.16814">
        <ele>1067.4</ele>
      </trkpt>
      <trkpt lat="45.0427" lon="6.1671">
        <ele>1067.7</ele>
      </trkpt>
      <trkpt lat="45.04347" lon="6.16446">
        <ele>1070.3</ele>
      </trkpt>
      <trkpt lat="45.04398" lon="6.16243">
        <ele>1067.6</ele>
      </trkpt>
      <trkpt lat="45.04419" lon="6.16197">
        <ele>1067.9</ele>
      </trkpt>
      <trkpt lat="45.04414" lon="6.16157">
        <ele>1068.5</ele>
      </trkpt>
      <trkpt lat="45.04383" lon="6.16111">
        <ele>1068.6</ele>
      </trkpt>
      <trkpt lat="45.04371" lon="6.16066">
        <ele>1068.9</ele>
      </trkpt>
      <trkpt lat="45.04375" lon="6.15901">
        <ele>1080.6</ele>
      </trkpt>
      <trkpt lat="45.04394" lon="6.15784">
        <ele>1080.6</ele>
      </trkpt>
      <trkpt lat="45.04429" lon="6.15651">
        <ele>1076.3</ele>
      </trkpt>
      <trkpt lat="45.04488" lon="6.15643">
        <ele>1075.6</ele>
      </trkpt>
      <trkpt lat="45.04509" lon="6.15617">
        <ele>1075.6</ele>
      </trkpt>
      <trkpt lat="45.04522" lon="6.15577">
        <ele>1074.3</ele>
      </trkpt>
      <trkpt lat="45.04571" lon="6.14995">
        <ele>1166.4</ele>
      </trkpt>
      <trkpt lat="45.04578" lon="6.14947">
        <ele>1174.1</ele>
      </trkpt>
      <trkpt lat="45.0464" lon="6.14744">
        <ele>1202.2</ele>
      </trkpt>
      <trkpt lat="45.04681" lon="6.14631">
        <ele>1202.2</ele>
      </trkpt>
      <trkpt lat="45.04769" lon="6.14424">
        <ele>1164.2</ele>
      </trkpt>
      <trkpt lat="45.04787" lon="6.1437">
        <ele>1154.8</ele>
      </trkpt>
      <trkpt lat="45.04784" lon="6.14252">
        <ele>1136.3</ele>
      </trkpt>
      <trkpt lat="45.04754" lon="6.14154">
        <ele>1119.5</ele>
      </trkpt>
      <trkpt lat="45.04753" lon="6.1411">
        <ele>1112.6</ele>
      </trkpt>
      <trkpt lat="45.04762" lon="6.13949">
        <ele>1087.2</ele>
      </trkpt>
      <trkpt lat="45.04747" lon="6.1387">
        <ele>1081.9</ele>
      </trkpt>
      <trkpt lat="45.04768" lon="6.13903">
        <ele>1081.9</ele>
      </trkpt>
      <trkpt lat="45.04789" lon="6.13949">
        <ele>1089.1</ele>
      </trkpt>
      <trkpt lat="45.04808" lon="6.14043">
        <ele>1100.0</ele>
      </trkpt>
      <trkpt lat="45.04812" lon="6.14104">
        <ele>1103.8</ele>
      </trkpt>
      <trkpt lat="45.04864" lon="6.14247">
        <ele>1123.2</ele>
      </trkpt>
      <trkpt lat="45.0488" lon="6.14343">
        <ele>1123.2</ele>
      </trkpt>
      <trkpt lat="45.04883" lon="6.14179">
        <ele>1147.0</ele>
      </trkpt>
      <trkpt lat="45.04887" lon="6.14124">
        <ele>1150.8</ele>
      </trkpt>
      <trkpt lat="45.04912" lon="6.14047">
        <ele>1160.7</ele>
      </trkpt>
      <trkpt lat="45.04943" lon="6.14002">
        <ele>1166.7</ele>
      </trkpt>
      <trkpt lat="45.04934" lon="6.14057">
        <ele>1166.7</ele>
      </trkpt>
      <trkpt lat="45.04927" lon="6.14104">
        <ele>1172.3</ele>
      </trkpt>
      <trkpt lat="45.04957" lon="6.14195">
        <ele>1179.0</ele>
      </trkpt>
      <trkpt lat="45.04983" lon="6.14236">
        <ele>1182.4</ele>
      </trkpt>
      <trkpt lat="45.05057" lon="6.14301">
        <ele>1183.4</ele>
      </trkpt>
      <trkpt lat="45.05202" lon="6.14272">
        <ele>1188.0</ele>
      </trkpt>
      <trkpt lat="45.05284" lon="6.14327">
        <ele>1192.2</ele>
      </trkpt>
      <trkpt lat="45.05328" lon="6.14394">
        <ele>1192.8</ele>
      </trkpt>
      <trkpt lat="45.05359" lon="6.1443">
        <ele>1193.9</ele>
      </trkpt>
      <trkpt lat="45.05391" lon="6.14448">
        <ele>1194.5</ele>
      </trkpt>
      <trkpt lat="45.05436" lon="6.14461">
        <ele>1194.9</ele>
      </trkpt>
      <trkpt lat="45.05467" lon="6.14499">
        <ele>1196.2</ele>
      </trkpt>
      <trkpt lat="45.05528" lon="6.14541">
        <ele>1196.4</ele>
      </trkpt>
      <trkpt lat="45.05572" lon="6.14562">
        <ele>1193.4</ele>
      </trkpt>
      <trkpt lat="45.05635" lon="6.14564">
        <ele>1188.0</ele>
      </trkpt>
      <trkpt lat="45.05699" lon="6.14651">
        <ele>1182.6</ele>
      </trkpt>
      <trkpt lat="45.05748" lon="6.14712">
        <ele>1178.0</ele>
      </trkpt>
      <trkpt lat="45.05794" lon="6.14728">
        <ele>1175.5</ele>
      </trkpt>
      <trkpt lat="45.05841" lon="6.14777">
        <ele>1178.5</ele>
      </trkpt>
      <trkpt lat="45.05906" lon="6.14826">
        <ele>1188.1</ele>
      </trkpt>
      <trkpt lat="45.05949" lon="6.14872">
        <ele>1194.3</ele>
      </trkpt>
      <trkpt lat="45.05968" lon="6.14901">
        <ele>1194.3</ele>
      </trkpt>
      <trkpt lat="45.05988" lon="6.14947">
        <ele>1200.2</ele>
      </trkpt>
      <trkpt lat="45.05963" lon="6.14849">
        <ele>1209.9</ele>
      </trkpt>
      <trkpt lat="45.0594" lon="6.14754">
        <ele>1218.2</ele>
      </trkpt>
      <trkpt lat="45.05904" lon="6.14662">
        <ele>1223.5</ele>
      </trkpt>
      <trkpt lat="45.05928" lon="6.14681">
        <ele>1225.6</ele>
      </trkpt>
      <trkpt lat="45.06092" lon="6.14813">
        <ele>1253.4</ele>
      </trkpt>
      <trkpt lat="45.06142" lon="6.14849">
        <ele>1257.6</ele>
      </trkpt>
      <trkpt lat="45.06213" lon="6.14882">
        <ele>1262.4</ele>
      </trkpt>
      <trkpt lat="45.06261" lon="6.14922">
        <ele>1270.0</ele>
      </trkpt>
      <trkpt lat="45.06324" lon="6.14957">
        <ele>1271.9</ele>
      </trkpt>
      <trkpt lat="45.06406" lon="6.15038">
        <ele>1289.1</ele>
      </trkpt>
      <trkpt lat="45.06477" lon="6.15117">
        <ele>1291.1</ele>
      </trkpt>
      <trkpt lat="45.06616" lon="6.15235">
        <ele>1312.4</ele>
      </trkpt>
      <trkpt lat="45.0667" lon="6.15272">
        <ele>1316.5</ele>
      </trkpt>
      <trkpt lat="45.06744" lon="6.1534">
        <ele>1320.0</ele>
      </trkpt>
      <trkpt lat="45.06843" lon="6.15348">
        <ele>1340.2</ele>
      </trkpt>
      <trkpt lat="45.06905" lon="6.15383">
        <ele>1344.4</ele>
      </trkpt>
      <trkpt lat="45.06991" lon="6.15361">
        <ele>1351.8</ele>
      </trkpt>
      <trkpt lat="45.07047" lon="6.15365">
        <ele>1357.5</ele>
      </trkpt>
      <trkpt lat="45.07117" lon="6.15416">
        <ele>1361.3</ele>
      </trkpt>
      <trkpt lat="45.07153" lon="6.15531">
        <ele>1363.8</ele>
      </trkpt>
      <trkpt lat="45.07185" lon="6.15577">
        <ele>1364.6</ele>
      </trkpt>
      <trkpt lat="45.07286" lon="6.15663">
        <ele>1370.0</ele>
      </trkpt>
      <trkpt lat="45.07344" lon="6.15698">
        <ele>1371.0</ele>
      </trkpt>
      <trkpt lat="45.07381" lon="6.15739">
        <ele>1372.3</ele>
      </trkpt>
      <trkpt lat="45.07427" lon="6.15769">
        <ele>1374.1</ele>
      </trkpt>
      <trkpt lat="45.07465" lon="6.1581">
        <ele>1375.4</ele>
      </trkpt>
      <trkpt lat="45.07518" lon="6.15804">
        <ele>1376.6</ele>
      </trkpt>
      <trkpt lat="45.07614" lon="6.15836">
        <ele>1379.0</ele>
      </trkpt>
      <trkpt lat="45.07655" lon="6.15824">
        <ele>1379.0</ele>
      </trkpt>
      <trkpt lat="45.07691" lon="6.15794">
        <ele>1379.0</ele>
      </trkpt>
      <trkpt lat="45.07814" lon="6.15801">
        <ele>1383.7</ele>
      </trkpt>
      <trkpt lat="45.07908" lon="6.15869">
        <ele>1382.8</ele>
      </trkpt>
      <trkpt lat="45.07959" lon="6.15891">
        <ele>1383.2</ele>
      </trkpt>
      <trkpt lat="45.08004" lon="6.15925">
        <ele>1383.4</ele>
      </trkpt>
      <trkpt lat="45.08157" lon="6.16086">
        <ele>1389.8</ele>
      </trkpt>
      <trkpt lat="45.08274" lon="6.16176">
        <ele>1393.4</ele>
      </trkpt>
      <trkpt lat="45.08347" lon="6.16269">
        <ele>1395.7</ele>
      </trkpt>
      <trkpt lat="45.08395" lon="6.16301">
        <ele>1396.5</ele>
      </trkpt>
      <trkpt lat="45.08433" lon="6.16291">
        <ele>1397.2</ele>
      </trkpt>
      <trkpt lat="45.08551" lon="6.16299">
        <ele>1406.3</ele>
      </trkpt>
      <trkpt lat="45.08441" lon="6.16229">
        <ele>1418.0</ele>
      </trkpt>
      <trkpt lat="45.08354" lon="6.16114">
        <ele>1430.3</ele>
      </trkpt>
      <trkpt lat="45.08384" lon="6.16121">
        <ele>1430.3</ele>
      </trkpt>
      <trkpt lat="45.08418" lon="6.1613">
        <ele>1430.3</ele>
      </trkpt>
      <trkpt lat="45.08551" lon="6.16111">
        <ele>1446.8</ele>
      </trkpt>
      <trkpt lat="45.08587" lon="6.16118">
        <ele>1448.8</ele>
      </trkpt>
      <trkpt lat="45.08625" lon="6.16143">
        <ele>1448.8</ele>
      </trkpt>
      <trkpt lat="45.08667" lon="6.16124">
        <ele>1450.6</ele>
      </trkpt>
      <trkpt lat="45.08788" lon="6.16155">
        <ele>1470.0</ele>
      </trkpt>
      <trkpt lat="45.08854" lon="6.16218">
        <ele>1472.6</ele>
      </trkpt>
      <trkpt lat="45.08898" lon="6.16273">
        <ele>1478.5</ele>
      </trkpt>
      <trkpt lat="45.0895" lon="6.16322">
        <ele>1485.5</ele>
      </trkpt>
      <trkpt lat="45.08988" lon="6.16336">
        <ele>1490.4</ele>
      </trkpt>
      <trkpt lat="45.09017" lon="6.16372">
        <ele>1490.4</ele>
      </trkpt>
      <trkpt lat="45.09055" lon="6.16331">
        <ele>1496.0</ele>
      </trkpt>
      <trkpt lat="45.09141" lon="6.16364">
        <ele>1505.0</ele>
      </trkpt>
      <trkpt lat="45.09192" lon="6.16409">
        <ele>1510.4</ele>
      </trkpt>
      <trkpt lat="45.09226" lon="6.16399">
        <ele>1514.9</ele>
      </trkpt>
      <trkpt lat="45.09233" lon="6.16301">
        <ele>1519.9</ele>
      </trkpt>
      <trkpt lat="45.093" lon="6.16334">
        <ele>1526.8</ele>
      </trkpt>
      <trkpt lat="45.09333" lon="6.16336">
        <ele>1529.1</ele>
      </trkpt>
      <trkpt lat="45.09386" lon="6.16353">
        <ele>1531.3</ele>
      </trkpt>
      <trkpt lat="45.09431" lon="6.16318">
        <ele>1535.5</ele>
      </trkpt>
      <trkpt lat="45.09566" lon="6.16326">
        <ele>1554.1</ele>
      </trkpt>
      <trkpt lat="45.09598" lon="6.16339">
        <ele>1555.8</ele>
      </trkpt>
      <trkpt lat="45.09629" lon="6.16364">
        <ele>1555.8</ele>
      </trkpt>
      <trkpt lat="45.09662" lon="6.16406">
        <ele>1559.4</ele>
      </trkpt>
      <trkpt lat="45.09711" lon="6.16378">
        <ele>1566.1</ele>
      </trkpt>
      <trkpt lat="45.09762" lon="6.16432">
        <ele>1571.9</ele>
      </trkpt>
      <trkpt lat="45.09733" lon="6.16321">
        <ele>1577.8</ele>
      </trkpt>
      <trkpt lat="45.09694" lon="6.16253">
        <ele>1583.5</ele>
      </trkpt>
      <trkpt lat="45.09761" lon="6.16324">
        <ele>1586.0</ele>
      </trkpt>
      <trkpt lat="45.09843" lon="6.16412">
        <ele>1603.1</ele>
      </trkpt>
      <trkpt lat="45.0989" lon="6.1645">
        <ele>1606.1</ele>
      </trkpt>
      <trkpt lat="45.09931" lon="6.16475">
        <ele>1611.4</ele>
      </trkpt>
      <trkpt lat="45.10008" lon="6.16467">
        <ele>1616.1</ele>
      </trkpt>
      <trkpt lat="45.09938" lon="6.16442">
        <ele>1621.2</ele>
      </trkpt>
      <trkpt lat="45.09905" lon="6.16413">
        <ele>1622.8</ele>
      </trkpt>
      <trkpt lat="45.09897" lon="6.16352">
        <ele>1622.8</ele>
      </trkpt>
      <trkpt lat="45.09827" lon="6.16231">
        <ele>1639.3</ele>
      </trkpt>
      <trkpt lat="45.09803" lon="6.16132">
        <ele>1642.7</ele>
      </trkpt>
      <trkpt lat="45.09836" lon="6.16184">
        <ele>1648.8</ele>
      </trkpt>
      <trkpt lat="45.09875" lon="6.16218">
        <ele>1655.4</ele>
      </trkpt>
      <trkpt lat="45.09948" lon="6.16189">
        <ele>1663.7</ele>
      </trkpt>
      <trkpt lat="45.09979" lon="6.16187">
        <ele>1668.8</ele>
      </trkpt>
      <trkpt lat="45.09943" lon="6.16152">
        <ele>1670.7</ele>
      </trkpt>
      <trkpt lat="45.0992" lon="6.16128">
        <ele>1674.7</ele>
      </trkpt>
      <trkpt lat="45.09896" lon="6.16088">
        <ele>1678.9</ele>
      </trkpt>
      <trkpt lat="45.09858" lon="6.16065">
        <ele>1682.9</ele>
      </trkpt>
      <trkpt lat="45.0988" lon="6.16061">
        <ele>1685.0</ele>
      </trkpt>
      <trkpt lat="45.09935" lon="6.16043">
        <ele>1689.9</ele>
      </trkpt>
      <trkpt lat="45.09992" lon="6.16065">
        <ele>1700.2</ele>
      </trkpt>
      <trkpt lat="45.09948" lon="6.16013">
        <ele>1702.8</ele>
      </trkpt>
      <trkpt lat="45.09921" lon="6.15988">
        <ele>1705.9</ele>
      </trkpt>
      <trkpt lat="45.10004" lon="6.16016">
        <ele>1713.2</ele>
      </trkpt>
      <trkpt lat="45.09976" lon="6.15973">
        <ele>1721.6</ele>
      </trkpt>
      <trkpt lat="45.09911" lon="6.15896">
        <ele>1730.1</ele>
      </trkpt>
      <trkpt lat="45.09878" lon="6.15879">
        <ele>1736.3</ele>
      </trkpt>
      <trkpt lat="45.09859" lon="6.1582">
        <ele>1739.1</ele>
      </trkpt>
      <trkpt lat="45.0984" lon="6.15787">
        <ele>1740.8</ele>
      </trkpt>
      <trkpt lat="45.09807" lon="6.15758">
        <ele>1746.0</ele>
      </trkpt>
      <trkpt lat="45.09755" lon="6.15691">
        <ele>1755.6</ele>
      </trkpt>
      <trkpt lat="45.09691" lon="6.15646">
        <ele>1763.2</ele>
      </trkpt>
      <trkpt lat="45.09649" lon="6.15635">
        <ele>1767.9</ele>
      </trkpt>
      <trkpt lat="45.09617" lon="6.15615">
        <ele>1769.7</ele>
      </trkpt>
      <trkpt lat="45.09591" lon="6.15584">
        <ele>1773.1</ele>
      </trkpt>
      <trkpt lat="45.09573" lon="6.15545">
        <ele>1774.8</ele>
      </trkpt>
      <trkpt lat="45.09549" lon="6.1551">
        <ele>1776.5</ele>
      </trkpt>
      <trkpt lat="45.09446" lon="6.15413">
        <ele>1799.6</ele>
      </trkpt>
      <trkpt lat="45.09385" lon="6.15324">
        <ele>1803.1</ele>
      </trkpt>
      <trkpt lat="45.0934" lon="6.15287">
        <ele>1809.6</ele>
      </trkpt>
      <trkpt lat="45.09301" lon="6.15274">
        <ele>1815.9</ele>
      </trkpt>
      <trkpt lat="45.09383" lon="6.15275">
        <ele>1822.1</ele>
      </trkpt>
      <trkpt lat="45.09451" lon="6.15301">
        <ele>1826.0</ele>
      </trkpt>
      <trkpt lat="45.09632" lon="6.15388">
        <ele>1856.8</ele>
      </trkpt>
      <trkpt lat="45.09666" lon="6.15417">
        <ele>1859.4</ele>
      </trkpt>
      <trkpt lat="45.09727" lon="6.15454">
        <ele>1861.5</ele>
      </trkpt>
      <trkpt lat="45.09605" lon="6.15315">
        <ele>1885.1</ele>
      </trkpt>
      <trkpt lat="45.09581" lon="6.15272">
        <ele>1885.1</ele>
      </trkpt>
      <trkpt lat="45.09512" lon="6.15187">
        <ele>1901.3</ele>
      </trkpt>
      <trkpt lat="45.09481" lon="6.15176">
        <ele>1903.0</ele>
      </trkpt>
      <trkpt lat="45.09454" lon="6.15152">
        <ele>1904.8</ele>
      </trkpt>
      <trkpt lat="45.09425" lon="6.15142">
        <ele>1908.4</ele>
      </trkpt>
      <trkpt lat="45.09392" lon="6.15107">
        <ele>1912.0</ele>
      </trkpt>
      <trkpt lat="45.09357" lon="6.15113">
        <ele>1915.3</ele>
      </trkpt>
      <trkpt lat="45.09335" lon="6.15081">
        <ele>1918.6</ele>
      </trkpt>
      <trkpt lat="45.09306" lon="6.15085">
        <ele>1921.7</ele>
      </trkpt>
      <trkpt lat="45.09279" lon="6.15055">
        <ele>1924.9</ele>
      </trkpt>
      <trkpt lat="45.09244" lon="6.1506">
        <ele>1926.4</ele>
      </trkpt>
      <trkpt lat="45.09199" lon="6.1504">
        <ele>1930.7</ele>
      </trkpt>
      <trkpt lat="45.09169" lon="6.14964">
        <ele>1940.8</ele>
      </trkpt>
      <trkpt lat="45.09143" lon="6.14939">
        <ele>1943.8</ele>
      </trkpt>
      <trkpt lat="45.091" lon="6.14895">
        <ele>1948.2</ele>
      </trkpt>
      <trkpt lat="45.09062" lon="6.14907">
        <ele>1956.4</ele>
      </trkpt>
      <trkpt lat="45.09029" lon="6.14916">
        <ele>1958.1</ele>
      </trkpt>
      <trkpt lat="45.09007" lon="6.14952">
        <ele>1961.5</ele>
      </trkpt>
      <trkpt lat="45.08997" lon="6.14926">
        <ele>1961.5</ele>
      </trkpt>
      <trkpt lat="45.09018" lon="6.14896">
        <ele>1963.2</ele>
      </trkpt>
      <trkpt lat="45.09042" lon="6.14873">
        <ele>1967.7</ele>
      </trkpt>
      <trkpt lat="45.0896" lon="6.14921">
        <ele>1977.8</ele>
      </trkpt>
      <trkpt lat="45.08907" lon="6.14916">
        <ele>1984.0</ele>
      </trkpt>
      <trkpt lat="45.08869" lon="6.1494">
        <ele>1986.4</ele>
      </trkpt>
      <trkpt lat="45.08776" lon="6.14908">
        <ele>1994.8</ele>
      </trkpt>
      <trkpt lat="45.08703" lon="6.14897">
        <ele>1993.8</ele>
      </trkpt>
      <trkpt lat="45.08662" lon="6.14873">
        <ele>1991.4</ele>
      </trkpt>
      <trkpt lat="45.08618" lon="6.14832">
        <ele>1988.0</ele>
      </trkpt>
      <trkpt lat="45.08578" lon="6.14775">
        <ele>1983.8</ele>
      </trkpt>
      <trkpt lat="45.08519" lon="6.1472">
        <ele>1981.8</ele>
      </trkpt>
      <trkpt lat="45.08395" lon="6.1454">
        <ele>1966.7</ele>
      </trkpt>
      <trkpt lat="45.08338" lon="6.14438">
        <ele>1958.4</ele>
      </trkpt>
      <trkpt lat="45.08273" lon="6.14344">
        <ele>1948.1</ele>
      </trkpt>
      <trkpt lat="45.08196" lon="6.14211">
        <ele>1928.0</ele>
      </trkpt>
      <trkpt lat="45.0817" lon="6.14103">
        <ele>1928.0</ele>
      </trkpt>
      <trkpt lat="45.08105" lon="6.1391">
        <ele>1905.0</ele>
      </trkpt>
      <trkpt lat="45.08092" lon="6.13855">
        <ele>1905.0</ele>
      </trkpt>
      <trkpt lat="45.08075" lon="6.13721">
        <ele>1891.6</ele>
      </trkpt>
      <trkpt lat="45.08068" lon="6.13573">
        <ele>1880.1</ele>
      </trkpt>
      <trkpt lat="45.07994" lon="6.1331">
        <ele>1855.8</ele>
      </trkpt>
      <trkpt lat="45.07971" lon="6.13259">
        <ele>1854.1</ele>
      </trkpt>
      <trkpt lat="45.07967" lon="6.13218">
        <ele>1852.0</ele>
      </trkpt>
      <trkpt lat="45.07977" lon="6.13149">
        <ele>1848.0</ele>
      </trkpt>
      <trkpt lat="45.07992" lon="6.13102">
        <ele>1843.8</ele>
      </trkpt>
      <trkpt lat="45.08012" lon="6.13124">
        <ele>1841.6</ele>
      </trkpt>
      <trkpt lat="45.08043" lon="6.13191">
        <ele>1836.8</ele>
      </trkpt>
      <trkpt lat="45.08096" lon="6.13214">
        <ele>1829.1</ele>
      </trkpt>
      <trkpt lat="45.08151" lon="6.1317">
        <ele>1824.1</ele>
      </trkpt>
      <trkpt lat="45.0814" lon="6.13067">
        <ele>1816.9</ele>
      </trkpt>
      <trkpt lat="45.08154" lon="6.13023">
        <ele>1814.7</ele>
      </trkpt>
      <trkpt lat="45.08183" lon="6.12963">
        <ele>1814.7</ele>
      </trkpt>
      <trkpt lat="45.0818" lon="6.12833">
        <ele>1804.0</ele>
      </trkpt>
      <trkpt lat="45.08163" lon="6.12784">
        <ele>1801.2</ele>
      </trkpt>
      <trkpt lat="45.08143" lon="6.12703">
        <ele>1796.9</ele>
      </trkpt>
      <trkpt lat="45.08136" lon="6.12656">
        <ele>1794.6</ele>
      </trkpt>
      <trkpt lat="45.08022" lon="6.12452">
        <ele>1778.5</ele>
      </trkpt>
      <trkpt lat="45.07992" lon="6.12419">
        <ele>1778.5</ele>
      </trkpt>
      <trkpt lat="45.07967" lon="6.12373">
        <ele>1778.5</ele>
      </trkpt>
      <trkpt lat="45.07928" lon="6.12167">
        <ele>1765.1</ele>
      </trkpt>
      <trkpt lat="45.07924" lon="6.12099">
        <ele>1765.1</ele>
      </trkpt>
      <trkpt lat="45.07889" lon="6.11975">
        <ele>1761.4</ele>
      </trkpt>
      <trkpt lat="45.07877" lon="6.11902">
        <ele>1761.5</ele>
      </trkpt>
      <trkpt lat="45.07893" lon="6.11832">
        <ele>1762.2</ele>
      </trkpt>
      <trkpt lat="45.07904" lon="6.11734">
        <ele>1764.6</ele>
      </trkpt>
      <trkpt lat="45.07941" lon="6.11641">
        <ele>1768.3</ele>
      </trkpt>
      <trkpt lat="45.07966" lon="6.11544">
        <ele>1772.6</ele>
      </trkpt>
      <trkpt lat="45.07997" lon="6.11447">
        <ele>1775.8</ele>
      </trkpt>
      <trkpt lat="45.08015" lon="6.11405">
        <ele>1778.7</ele>
      </trkpt>
      <trkpt lat="45.08039" lon="6.11286">
        <ele>1780.8</ele>
      </trkpt>
      <trkpt lat="45.0803" lon="6.11222">
        <ele>1782.7</ele>
      </trkpt>
      <trkpt lat="45.08033" lon="6.11119">
        <ele>1783.6</ele>
      </trkpt>
      <trkpt lat="45.0802" lon="6.11056">
        <ele>1784.3</ele>
      </trkpt>
      <trkpt lat="45.08017" lon="6.10986">
        <ele>1786.0</ele>
      </trkpt>
      <trkpt lat="45.08066" lon="6.10932">
        <ele>1788.5</ele>
      </trkpt>
      <trkpt lat="45.081" lon="6.10908">
        <ele>1792.6</ele>
      </trkpt>
      <trkpt lat="45.08174" lon="6.109">
        <ele>1794.5</ele>
      </trkpt>
      <trkpt lat="45.08292" lon="6.10779">
        <ele>1812.3</ele>
      </trkpt>
      <trkpt lat="45.08324" lon="6.10752">
        <ele>1815.0</ele>
      </trkpt>
      <trkpt lat="45.08385" lon="6.10718">
        <ele>1821.4</ele>
      </trkpt>
      <trkpt lat="45.08406" lon="6.10684">
        <ele>1825.3</ele>
      </trkpt>
      <trkpt lat="45.08425" lon="6.10628">
        <ele>1827.0</ele>
      </trkpt>
      <trkpt lat="45.0845" lon="6.10607">
        <ele>1829.9</ele>
      </trkpt>
      <trkpt lat="45.08507" lon="6.1059">
        <ele>1831.3</ele>
      </trkpt>
      <trkpt lat="45.08518" lon="6.10555">
        <ele>1834.1</ele>
      </trkpt>
      <trkpt lat="45.08473" lon="6.10446">
        <ele>1837.8</ele>
      </trkpt>
      <trkpt lat="45.08481" lon="6.10373">
        <ele>1839.1</ele>
      </trkpt>
      <trkpt lat="45.08475" lon="6.10201">
        <ele>1844.3</ele>
      </trkpt>
      <trkpt lat="45.08476" lon="6.10008">
        <ele>1844.1</ele>
      </trkpt>
      <trkpt lat="45.08464" lon="6.09914">
        <ele>1844.1</ele>
      </trkpt>
      <trkpt lat="45.08477" lon="6.09783">
        <ele>1838.6</ele>
      </trkpt>
      <trkpt lat="45.08532" lon="6.09608">
        <ele>1834.9</ele>
      </trkpt>
      <trkpt lat="45.08537" lon="6.09476">
        <ele>1834.0</ele>
      </trkpt>
      <trkpt lat="45.08558" lon="6.09356">
        <ele>1834.5</ele>
      </trkpt>
      <trkpt lat="45.08586" lon="6.09258">
        <ele>1834.9</ele>
      </trkpt>
      <trkpt lat="45.08611" lon="6.09084">
        <ele>1838.7</ele>
      </trkpt>
      <trkpt lat="45.08601" lon="6.09013">
        <ele>1839.8</ele>
      </trkpt>
      <trkpt lat="45.08614" lon="6.08979">
        <ele>1839.8</ele>
      </trkpt>
      <trkpt lat="45.08639" lon="6.09044">
        <ele>1842.2</ele>
      </trkpt>
      <trkpt lat="45.08676" lon="6.09107">
        <ele>1847.2</ele>
      </trkpt>
      <trkpt lat="45.08693" lon="6.09161">
        <ele>1849.6</ele>
      </trkpt>
      <trkpt lat="45.08699" lon="6.09227">
        <ele>1850.7</ele>
      </trkpt>
      <trkpt lat="45.08727" lon="6.09232">
        <ele>1851.9</ele>
      </trkpt>
      <trkpt lat="45.08729" lon="6.09162">
        <ele>1854.8</ele>
      </trkpt>
      <trkpt lat="45.08752" lon="6.09064">
        <ele>1860.2</ele>
      </trkpt>
      <trkpt lat="45.08787" lon="6.08986">
        <ele>1862.5</ele>
      </trkpt>
      <trkpt lat="45.08849" lon="6.0888">
        <ele>1871.0</ele>
      </trkpt>
      <trkpt lat="45.08898" lon="6.08784">
        <ele>1871.0</ele>
      </trkpt>
      <trkpt lat="45.08912" lon="6.08733">
        <ele>1869.9</ele>
      </trkpt>
      <trkpt lat="45.08925" lon="6.0861">
        <ele>1867.7</ele>
      </trkpt>
      <trkpt lat="45.08946" lon="6.08556">
        <ele>1865.3</ele>
      </trkpt>
      <trkpt lat="45.08979" lon="6.08498">
        <ele>1863.1</ele>
      </trkpt>
      <trkpt lat="45.08989" lon="6.08411">
        <ele>1860.6</ele>
      </trkpt>
      <trkpt lat="45.08979" lon="6.08334">
        <ele>1856.8</ele>
      </trkpt>
      <trkpt lat="45.0895" lon="6.08227">
        <ele>1853.1</ele>
      </trkpt>
      <trkpt lat="45.08945" lon="6.0818">
        <ele>1848.5</ele>
      </trkpt>
      <trkpt lat="45.08992" lon="6.08109">
        <ele>1843.0</ele>
      </trkpt>
      <trkpt lat="45.09009" lon="6.08064">
        <ele>1840.8</ele>
      </trkpt>
      <trkpt lat="45.09019" lon="6.07989">
        <ele>1837.6</ele>
      </trkpt>
      <trkpt lat="45.09058" lon="6.07944">
        <ele>1834.3</ele>
      </trkpt>
      <trkpt lat="45.09045" lon="6.079">
        <ele>1832.3</ele>
      </trkpt>
      <trkpt lat="45.08985" lon="6.07925">
        <ele>1826.9</ele>
      </trkpt>
      <trkpt lat="45.08942" lon="6.07979">
        <ele>1821.5</ele>
      </trkpt>
      <trkpt lat="45.08897" lon="6.08001">
        <ele>1818.1</ele>
      </trkpt>
      <trkpt lat="45.08877" lon="6.07957">
        <ele>1818.1</ele>
      </trkpt>
      <trkpt lat="45.08889" lon="6.07892">
        <ele>1814.8</ele>
      </trkpt>
      <trkpt lat="45.08929" lon="6.07826">
        <ele>1810.2</ele>
      </trkpt>
      <trkpt lat="45.08929" lon="6.0777">
        <ele>1806.6</ele>
      </trkpt>
      <trkpt lat="45.08873" lon="6.07788">
        <ele>1804.3</ele>
      </trkpt>
      <trkpt lat="45.08851" lon="6.07759">
        <ele>1803.2</ele>
      </trkpt>
      <trkpt lat="45.08843" lon="6.07707">
        <ele>1801.1</ele>
      </trkpt>
      <trkpt lat="45.0883" lon="6.07655">
        <ele>1800.0</ele>
      </trkpt>
      <trkpt lat="45.08822" lon="6.07602">
        <ele>1798.9</ele>
      </trkpt>
      <trkpt lat="45.08865" lon="6.07474">
        <ele>1785.6</ele>
      </trkpt>
      <trkpt lat="45.08833" lon="6.07407">
        <ele>1783.5</ele>
      </trkpt>
      <trkpt lat="45.08796" lon="6.07357">
        <ele>1778.3</ele>
      </trkpt>
      <trkpt lat="45.08726" lon="6.07298">
        <ele>1773.9</ele>
      </trkpt>
      <trkpt lat="45.08676" lon="6.07269">
        <ele>1769.0</ele>
      </trkpt>
      <trkpt lat="45.08632" lon="6.07187">
        <ele>1765.0</ele>
      </trkpt>
      <trkpt lat="45.08584" lon="6.07161">
        <ele>1760.4</ele>
      </trkpt>
      <trkpt lat="45.08593" lon="6.07096">
        <ele>1756.7</ele>
      </trkpt>
      <trkpt lat="45.0859" lon="6.07029">
        <ele>1753.4</ele>
      </trkpt>
      <trkpt lat="45.08574" lon="6.0697">
        <ele>1749.4</ele>
      </trkpt>
      <trkpt lat="45.08528" lon="6.06901">
        <ele>1744.3</ele>
      </trkpt>
      <trkpt lat="45.08478" lon="6.06846">
        <ele>1737.4</ele>
      </trkpt>
      <trkpt lat="45.0846" lon="6.0681">
        <ele>1733.6</ele>
      </trkpt>
      <trkpt lat="45.08462" lon="6.06765">
        <ele>1731.8</ele>
      </trkpt>
      <trkpt lat="45.08475" lon="6.06726">
        <ele>1728.4</ele>
      </trkpt>
      <trkpt lat="45.08521" lon="6.06692">
        <ele>1726.8</ele>
      </trkpt>
      <trkpt lat="45.08543" lon="6.06656">
        <ele>1722.6</ele>
      </trkpt>
      <trkpt lat="45.08561" lon="6.06563">
        <ele>1715.7</ele>
      </trkpt>
      <trkpt lat="45.08588" lon="6.06475">
        <ele>1710.6</ele>
      </trkpt>
      <trkpt lat="45.08588" lon="6.06408">
        <ele>1705.1</ele>
      </trkpt>
      <trkpt lat="45.08624" lon="6.06313">
        <ele>1699.7</ele>
      </trkpt>
      <trkpt lat="45.08686" lon="6.0624">
        <ele>1692.3</ele>
      </trkpt>
      <trkpt lat="45.08742" lon="6.06223">
        <ele>1690.1</ele>
      </trkpt>
      <trkpt lat="45.08747" lon="6.06189">
        <ele>1690.1</ele>
      </trkpt>
      <trkpt lat="45.08603" lon="6.06251">
        <ele>1672.4</ele>
      </trkpt>
      <trkpt lat="45.08579" lon="6.06275">
        <ele>1671.0</ele>
      </trkpt>
      <trkpt lat="45.08551" lon="6.06314">
        <ele>1669.5</ele>
      </trkpt>
      <trkpt lat="45.08534" lon="6.06348">
        <ele>1668.1</ele>
      </trkpt>
      <trkpt lat="45.08521" lon="6.06395">
        <ele>1666.5</ele>
      </trkpt>
      <trkpt lat="45.08461" lon="6.06536">
        <ele>1656.5</ele>
      </trkpt>
      <trkpt lat="45.08451" lon="6.06584">
        <ele>1654.2</ele>
      </trkpt>
      <trkpt lat="45.08427" lon="6.06578">
        <ele>1654.2</ele>
      </trkpt>
      <trkpt lat="45.08457" lon="6.06499">
        <ele>1648.8</ele>
      </trkpt>
      <trkpt lat="45.08479" lon="6.06377">
        <ele>1638.8</ele>
      </trkpt>
      <trkpt lat="45.08483" lon="6.0631">
        <ele>1634.4</ele>
      </trkpt>
      <trkpt lat="45.08507" lon="6.06181">
        <ele>1623.2</ele>
      </trkpt>
      <trkpt lat="45.08578" lon="6.0606">
        <ele>1610.2</ele>
      </trkpt>
      <trkpt lat="45.08623" lon="6.05965">
        <ele>1606.3</ele>
      </trkpt>
      <trkpt lat="45.0867" lon="6.05916">
        <ele>1604.0</ele>
      </trkpt>
      <trkpt lat="45.08663" lon="6.05875">
        <ele>1604.9</ele>
      </trkpt>
      <trkpt lat="45.08732" lon="6.05823">
        <ele>1609.6</ele>
      </trkpt>
      <trkpt lat="45.08761" lon="6.05793">
        <ele>1612.1</ele>
      </trkpt>
      <trkpt lat="45.08794" lon="6.05746">
        <ele>1616.7</ele>
      </trkpt>
      <trkpt lat="45.08825" lon="6.05688">
        <ele>1623.3</ele>
      </trkpt>
      <trkpt lat="45.08835" lon="6.05646">
        <ele>1623.3</ele>
      </trkpt>
      <trkpt lat="45.08814" lon="6.056">
        <ele>1628.9</ele>
      </trkpt>
      <trkpt lat="45.08896" lon="6.05641">
        <ele>1637.1</ele>
      </trkpt>
      <trkpt lat="45.08913" lon="6.05709">
        <ele>1644.3</ele>
      </trkpt>
      <trkpt lat="45.08915" lon="6.05821">
        <ele>1646.9</ele>
      </trkpt>
      <trkpt lat="45.08886" lon="6.05982">
        <ele>1665.6</ele>
      </trkpt>
      <trkpt lat="45.08868" lon="6.06039">
        <ele>1665.6</ele>
      </trkpt>
      <trkpt lat="45.08971" lon="6.05951">
        <ele>1680.3</ele>
      </trkpt>
      <trkpt lat="45.09037" lon="6.05859">
        <ele>1694.3</ele>
      </trkpt>
      <trkpt lat="45.09083" lon="6.05784">
        <ele>1697.8</ele>
      </trkpt>
      <trkpt lat="45.09119" lon="6.05712">
        <ele>1705.9</ele>
      </trkpt>
      <trkpt lat="45.09136" lon="6.05663">
        <ele>1710.0</ele>
      </trkpt>
      <trkpt lat="45.09141" lon="6.05617">
        <ele>1710.0</ele>
      </trkpt>
      <trkpt lat="45.09135" lon="6.05544">
        <ele>1713.9</ele>
      </trkpt>
      <trkpt lat="45.09158" lon="6.05595">
        <ele>1721.2</ele>
      </trkpt>
      <trkpt lat="45.09182" lon="6.05696">
        <ele>1724.1</ele>
      </trkpt>
      <trkpt lat="45.09174" lon="6.05889">
        <ele>1739.3</ele>
      </trkpt>
      <trkpt lat="45.09126" lon="6.06125">
        <ele>1759.3</ele>
      </trkpt>
      <trkpt lat="45.09105" lon="6.06188">
        <ele>1762.6</ele>
      </trkpt>
      <trkpt lat="45.09078" lon="6.06303">
        <ele>1767.7</ele>
      </trkpt>
      <trkpt lat="45.0907" lon="6.06376">
        <ele>1773.3</ele>
      </trkpt>
      <trkpt lat="45.09051" lon="6.06447">
        <ele>1775.6</ele>
      </trkpt>
      <trkpt lat="45.09045" lon="6.0649">
        <ele>1776.6</ele>
      </trkpt>
      <trkpt lat="45.0905" lon="6.0654">
        <ele>1778.5</ele>
      </trkpt>
      <trkpt lat="45.09082" lon="6.06551">
        <ele>1780.4</ele>
      </trkpt>
      <trkpt lat="45.09101" lon="6.06522">
        <ele>1781.4</ele>
      </trkpt>
      <trkpt lat="45.09103" lon="6.06461">
        <ele>1783.3</ele>
      </trkpt>
      <trkpt lat="45.09123" lon="6.064">
        <ele>1786.6</ele>
      </trkpt>
      <trkpt lat="45.09166" lon="6.06338">
        <ele>1789.8</ele>
      </trkpt>
      <trkpt lat="45.09208" lon="6.0625">
        <ele>1793.7</ele>
      </trkpt>
      <trkpt lat="45.09257" lon="6.06183">
        <ele>1799.5</ele>
      </trkpt>
      <trkpt lat="45.09272" lon="6.06124">
        <ele>1801.4</ele>
      </trkpt>
      <trkpt lat="45.09273" lon="6.06178">
        <ele>1803.3</ele>
      </trkpt>
      <trkpt lat="45.09264" lon="6.06274">
        <ele>1809.5</ele>
      </trkpt>
      <trkpt lat="45.0926" lon="6.06375">
        <ele>1814.6</ele>
      </trkpt>
      <trkpt lat="45.09272" lon="6.06494">
        <ele>1819.5</ele>
      </trkpt>
      <trkpt lat="45.09292" lon="6.0659">
        <ele>1823.7</ele>
      </trkpt>
      <trkpt lat="45.09298" lon="6.06684">
        <ele>1826.0</ele>
      </trkpt>
      <trkpt lat="45.09335" lon="6.06754">
        <ele>1825.8</ele>
      </trkpt>
      <trkpt lat="45.09305" lon="6.06831">
        <ele>1825.3</ele>
      </trkpt>
      <trkpt lat="45.09297" lon="6.06859">
        <ele>1824.7</ele>
      </trkpt>
      <trkpt lat="45.09253" lon="6.06954">
        <ele>1823.1</ele>
      </trkpt>
      <trkpt lat="45.09241" lon="6.07021">
        <ele>1822.7</ele>
      </trkpt>
      <trkpt lat="45.09252" lon="6.07206">
        <ele>1825.3</ele>
      </trkpt>
      <trkpt lat="45.09287" lon="6.07181">
        <ele>1825.3</ele>
      </trkpt>
      <trkpt lat="45.09409" lon="6.07118">
        <ele>1833.7</ele>
      </trkpt>
    </trkseg>
  </trk>
</gpx>