<?xml version="1.0" encoding="UTF-8"?>
<gpx xmlns="http://www.topografix.com/GPX/1/1" xmlns:xsi="http://www.w3.org/2001/XMLSchema-instance" xsi:schemaLocation="http://www.topografix.com/GPX/1/1 http://www.topografix.com/GPX/1/1/gpx.xsd" version="1.1" creator="wattsfit-ingest">
  <metadata>
    <name>Tour de France 2026 — Stage 8</name>
  </metadata>
  <trk>
    <name>Tour de France 2026 — Stage 8</name>
    <trkseg>
      <trkpt lat="45.18629" lon="0.72259">
        <ele>106.4</ele>
      </trkpt>
      <trkpt lat="45.18413" lon="0.72277">
        <ele>98.9</ele>
      </trkpt>
      <trkpt lat="45.18403" lon="0.72359">
        <ele>95.9</ele>
      </trkpt>
      <trkpt lat="45.18368" lon="0.72442">
        <ele>92.5</ele>
      </trkpt>
      <trkpt lat="45.18306" lon="0.72387">
        <ele>89.7</ele>
      </trkpt>
      <trkpt lat="45.1811" lon="0.72294">
        <ele>89.9</ele>
      </trkpt>
      <trkpt lat="45.17877" lon="0.72713">
        <ele>88.3</ele>
      </trkpt>
      <trkpt lat="45.17865" lon="0.72741">
        <ele>88.3</ele>
      </trkpt>
      <trkpt lat="45.17772" lon="0.72928">
        <ele>96.6</ele>
      </trkpt>
      <trkpt lat="45.17752" lon="0.72995">
        <ele>97.0</ele>
      </trkpt>
      <trkpt lat="45.1774" lon="0.73068">
        <ele>97.6</ele>
      </trkpt>
      <trkpt lat="45.17705" lon="0.73158">
        <ele>98.2</ele>
      </trkpt>
      <trkpt lat="45.1773" lon="0.73204">
        <ele>98.5</ele>
      </trkpt>
      <trkpt lat="45.17788" lon="0.73321">
        <ele>98.6</ele>
      </trkpt>
      <trkpt lat="45.17861" lon="0.73581">
        <ele>100.1</ele>
      </trkpt>
      <trkpt lat="45.17874" lon="0.7364">
        <ele>100.1</ele>
      </trkpt>
      <trkpt lat="45.1789" lon="0.73772">
        <ele>103.5</ele>
      </trkpt>
      <trkpt lat="45.17884" lon="0.74149">
        <ele>107.5</ele>
      </trkpt>
      <trkpt lat="45.17892" lon="0.74227">
        <ele>108.0</ele>
      </trkpt>
      <trkpt lat="45.17907" lon="0.74289">
        <ele>108.4</ele>
      </trkpt>
      <trkpt lat="45.18053" lon="0.74759">
        <ele>110.9</ele>
      </trkpt>
      <trkpt lat="45.18034" lon="0.74837">
        <ele>109.7</ele>
      </trkpt>
      <trkpt lat="45.18053" lon="0.749">
        <ele>108.5</ele>
      </trkpt>
      <trkpt lat="45.18178" lon="0.75018">
        <ele>99.8</ele>
      </trkpt>
      <trkpt lat="45.18195" lon="0.75061">
        <ele>99.8</ele>
      </trkpt>
      <trkpt lat="45.18182" lon="0.75354">
        <ele>94.2</ele>
      </trkpt>
      <trkpt lat="45.18192" lon="0.75502">
        <ele>91.7</ele>
      </trkpt>
      <trkpt lat="45.18207" lon="0.75587">
        <ele>91.2</ele>
      </trkpt>
      <trkpt lat="45.18212" lon="0.75639">
        <ele>90.9</ele>
      </trkpt>
      <trkpt lat="45.18211" lon="0.75699">
        <ele>91.0</ele>
      </trkpt>
      <trkpt lat="45.18203" lon="0.75817">
        <ele>91.6</ele>
      </trkpt>
      <trkpt lat="45.18195" lon="0.75867">
        <ele>92.0</ele>
      </trkpt>
      <trkpt lat="45.18181" lon="0.75903">
        <ele>92.0</ele>
      </trkpt>
      <trkpt lat="45.18176" lon="0.75956">
        <ele>92.3</ele>
      </trkpt>
      <trkpt lat="45.18143" lon="0.76033">
        <ele>92.6</ele>
      </trkpt>
      <trkpt lat="45.18115" lon="0.76072">
        <ele>92.7</ele>
      </trkpt>
      <trkpt lat="45.18" lon="0.76196">
        <ele>92.7</ele>
      </trkpt>
      <trkpt lat="45.17991" lon="0.7627">
        <ele>92.7</ele>
      </trkpt>
      <trkpt lat="45.17905" lon="0.76333">
        <ele>93.3</ele>
      </trkpt>
      <trkpt lat="45.17855" lon="0.76393">
        <ele>93.4</ele>
      </trkpt>
      <trkpt lat="45.17817" lon="0.7647">
        <ele>93.6</ele>
      </trkpt>
      <trkpt lat="45.17786" lon="0.765">
        <ele>93.6</ele>
      </trkpt>
      <trkpt lat="45.17749" lon="0.76514">
        <ele>93.7</ele>
      </trkpt>
      <trkpt lat="45.17662" lon="0.76502">
        <ele>93.8</ele>
      </trkpt>
      <trkpt lat="45.17447" lon="0.76539">
        <ele>94.7</ele>
      </trkpt>
      <trkpt lat="45.17341" lon="0.76541">
        <ele>95.4</ele>
      </trkpt>
      <trkpt lat="45.17296" lon="0.76554">
        <ele>95.4</ele>
      </trkpt>
      <trkpt lat="45.17165" lon="0.7661">
        <ele>96.8</ele>
      </trkpt>
      <trkpt lat="45.17115" lon="0.76639">
        <ele>97.0</ele>
      </trkpt>
      <trkpt lat="45.17051" lon="0.7669">
        <ele>97.3</ele>
      </trkpt>
      <trkpt lat="45.16943" lon="0.76811">
        <ele>99.5</ele>
      </trkpt>
      <trkpt lat="45.16894" lon="0.76885">
        <ele>99.8</ele>
      </trkpt>
      <trkpt lat="45.16851" lon="0.76928">
        <ele>100.2</ele>
      </trkpt>
      <trkpt lat="45.16805" lon="0.76953">
        <ele>100.3</ele>
      </trkpt>
      <trkpt lat="45.16685" lon="0.76993">
        <ele>99.9</ele>
      </trkpt>
      <trkpt lat="45.164" lon="0.77167">
        <ele>101.2</ele>
      </trkpt>
      <trkpt lat="45.16366" lon="0.77196">
        <ele>101.2</ele>
      </trkpt>
      <trkpt lat="45.16273" lon="0.77306">
        <ele>103.7</ele>
      </trkpt>
      <trkpt lat="45.16032" lon="0.77525">
        <ele>105.6</ele>
      </trkpt>
      <trkpt lat="45.15833" lon="0.77716">
        <ele>103.3</ele>
      </trkpt>
      <trkpt lat="45.15797" lon="0.77756">
        <ele>103.3</ele>
      </trkpt>
      <trkpt lat="45.1548" lon="0.78171">
        <ele>107.2</ele>
      </trkpt>
      <trkpt lat="45.1539" lon="0.7827">
        <ele>107.9</ele>
      </trkpt>
      <trkpt lat="45.15366" lon="0.78292">
        <ele>107.8</ele>
      </trkpt>
      <trkpt lat="45.15336" lon="0.78305">
        <ele>107.8</ele>
      </trkpt>
      <trkpt lat="45.15322" lon="0.78368">
        <ele>107.8</ele>
      </trkpt>
      <trkpt lat="45.15159" lon="0.7868">
        <ele>106.7</ele>
      </trkpt>
      <trkpt lat="45.15125" lon="0.78758">
        <ele>106.8</ele>
      </trkpt>
      <trkpt lat="45.15098" lon="0.78848">
        <ele>106.9</ele>
      </trkpt>
      <trkpt lat="45.15083" lon="0.78918">
        <ele>107.0</ele>
      </trkpt>
      <trkpt lat="45.1506" lon="0.79165">
        <ele>105.7</ele>
      </trkpt>
      <trkpt lat="45.15036" lon="0.79221">
        <ele>105.7</ele>
      </trkpt>
      <trkpt lat="45.15044" lon="0.79271">
        <ele>105.7</ele>
      </trkpt>
      <trkpt lat="45.15022" lon="0.79545">
        <ele>106.5</ele>
      </trkpt>
      <trkpt lat="45.15011" lon="0.79601">
        <ele>106.6</ele>
      </trkpt>
      <trkpt lat="45.14992" lon="0.79666">
        <ele>106.8</ele>
      </trkpt>
      <trkpt lat="45.14959" lon="0.79725">
        <ele>107.0</ele>
      </trkpt>
      <trkpt lat="45.14914" lon="0.79781">
        <ele>107.2</ele>
      </trkpt>
      <trkpt lat="45.14856" lon="0.79827">
        <ele>107.4</ele>
      </trkpt>
      <trkpt lat="45.14781" lon="0.79856">
        <ele>107.6</ele>
      </trkpt>
      <trkpt lat="45.14688" lon="0.7987">
        <ele>107.4</ele>
      </trkpt>
      <trkpt lat="45.1464" lon="0.79893">
        <ele>107.8</ele>
      </trkpt>
      <trkpt lat="45.1458" lon="0.7995">
        <ele>107.9</ele>
      </trkpt>
      <trkpt lat="45.14496" lon="0.8007">
        <ele>110.2</ele>
      </trkpt>
      <trkpt lat="45.14447" lon="0.80112">
        <ele>110.0</ele>
      </trkpt>
      <trkpt lat="45.1442" lon="0.80126">
        <ele>110.0</ele>
      </trkpt>
      <trkpt lat="45.14375" lon="0.80132">
        <ele>109.9</ele>
      </trkpt>
      <trkpt lat="45.14335" lon="0.80104">
        <ele>109.9</ele>
      </trkpt>
      <trkpt lat="45.1431" lon="0.80119">
        <ele>109.8</ele>
      </trkpt>
      <trkpt lat="45.14198" lon="0.80239">
        <ele>111.8</ele>
      </trkpt>
      <trkpt lat="45.14016" lon="0.80475">
        <ele>115.3</ele>
      </trkpt>
      <trkpt lat="45.13988" lon="0.8049">
        <ele>115.3</ele>
      </trkpt>
      <trkpt lat="45.13967" lon="0.80543">
        <ele>115.3</ele>
      </trkpt>
      <trkpt lat="45.1355" lon="0.81102">
        <ele>115.2</ele>
      </trkpt>
      <trkpt lat="45.13481" lon="0.81179">
        <ele>115.0</ele>
      </trkpt>
      <trkpt lat="45.13455" lon="0.81215">
        <ele>114.6</ele>
      </trkpt>
      <trkpt lat="45.1343" lon="0.81289">
        <ele>114.2</ele>
      </trkpt>
      <trkpt lat="45.13426" lon="0.81393">
        <ele>113.7</ele>
      </trkpt>
      <trkpt lat="45.13421" lon="0.81433">
        <ele>113.6</ele>
      </trkpt>
      <trkpt lat="45.13438" lon="0.81485">
        <ele>113.6</ele>
      </trkpt>
      <trkpt lat="45.13436" lon="0.81599">
        <ele>113.7</ele>
      </trkpt>
      <trkpt lat="45.13427" lon="0.81665">
        <ele>114.2</ele>
      </trkpt>
      <trkpt lat="45.13407" lon="0.81726">
        <ele>114.4</ele>
      </trkpt>
      <trkpt lat="45.13388" lon="0.81767">
        <ele>114.4</ele>
      </trkpt>
      <trkpt lat="45.13269" lon="0.81987">
        <ele>117.1</ele>
      </trkpt>
      <trkpt lat="45.13247" lon="0.82038">
        <ele>117.1</ele>
      </trkpt>
      <trkpt lat="45.13142" lon="0.82481">
        <ele>120.8</ele>
      </trkpt>
      <trkpt lat="45.13117" lon="0.82712">
        <ele>121.1</ele>
      </trkpt>
      <trkpt lat="45.13066" lon="0.82971">
        <ele>120.8</ele>
      </trkpt>
      <trkpt lat="45.12868" lon="0.83524">
        <ele>122.9</ele>
      </trkpt>
      <trkpt lat="45.12806" lon="0.83788">
        <ele>124.1</ele>
      </trkpt>
      <trkpt lat="45.12761" lon="0.83887">
        <ele>124.1</ele>
      </trkpt>
      <trkpt lat="45.12612" lon="0.84161">
        <ele>125.5</ele>
      </trkpt>
      <trkpt lat="45.12491" lon="0.84362">
        <ele>127.0</ele>
      </trkpt>
      <trkpt lat="45.12306" lon="0.84651">
        <ele>130.0</ele>
      </trkpt>
      <trkpt lat="45.12266" lon="0.84722">
        <ele>130.0</ele>
      </trkpt>
      <trkpt lat="45.12214" lon="0.84839">
        <ele>130.5</ele>
      </trkpt>
      <trkpt lat="45.12177" lon="0.84977">
        <ele>130.5</ele>
      </trkpt>
      <trkpt lat="45.12167" lon="0.85088">
        <ele>130.6</ele>
      </trkpt>
      <trkpt lat="45.12175" lon="0.85208">
        <ele>130.6</ele>
      </trkpt>
      <trkpt lat="45.12285" lon="0.85813">
        <ele>132.9</ele>
      </trkpt>
      <trkpt lat="45.12298" lon="0.85919">
        <ele>133.9</ele>
      </trkpt>
      <trkpt lat="45.12293" lon="0.86007">
        <ele>135.2</ele>
      </trkpt>
      <trkpt lat="45.12283" lon="0.86052">
        <ele>136.1</ele>
      </trkpt>
      <trkpt lat="45.12233" lon="0.86208">
        <ele>140.9</ele>
      </trkpt>
      <trkpt lat="45.12222" lon="0.86268">
        <ele>140.9</ele>
      </trkpt>
      <trkpt lat="45.12219" lon="0.8632">
        <ele>140.9</ele>
      </trkpt>
      <trkpt lat="45.1222" lon="0.86573">
        <ele>140.4</ele>
      </trkpt>
      <trkpt lat="45.12209" lon="0.87034">
        <ele>140.1</ele>
      </trkpt>
      <trkpt lat="45.12224" lon="0.8714">
        <ele>140.1</ele>
      </trkpt>
      <trkpt lat="45.12259" lon="0.87316">
        <ele>140.9</ele>
      </trkpt>
      <trkpt lat="45.12264" lon="0.87382">
        <ele>140.9</ele>
      </trkpt>
      <trkpt lat="45.12262" lon="0.87436">
        <ele>140.9</ele>
      </trkpt>
      <trkpt lat="45.12239" lon="0.87574">
        <ele>142.3</ele>
      </trkpt>
      <trkpt lat="45.12233" lon="0.87634">
        <ele>142.3</ele>
      </trkpt>
      <trkpt lat="45.12212" lon="0.88158">
        <ele>144.8</ele>
      </trkpt>
      <trkpt lat="45.12225" lon="0.8844">
        <ele>145.6</ele>
      </trkpt>
      <trkpt lat="45.12231" lon="0.88482">
        <ele>145.6</ele>
      </trkpt>
      <trkpt lat="45.1225" lon="0.88559">
        <ele>145.6</ele>
      </trkpt>
      <trkpt lat="45.12401" lon="0.89022">
        <ele>148.8</ele>
      </trkpt>
      <trkpt lat="45.12455" lon="0.89334">
        <ele>151.0</ele>
      </trkpt>
      <trkpt lat="45.12469" lon="0.89455">
        <ele>151.1</ele>
      </trkpt>
      <trkpt lat="45.12482" lon="0.89529">
        <ele>151.2</ele>
      </trkpt>
      <trkpt lat="45.12559" lon="0.89837">
        <ele>151.0</ele>
      </trkpt>
      <trkpt lat="45.12596" lon="0.90035">
        <ele>152.6</ele>
      </trkpt>
      <trkpt lat="45.126" lon="0.90102">
        <ele>153.1</ele>
      </trkpt>
      <trkpt lat="45.12593" lon="0.90197">
        <ele>153.5</ele>
      </trkpt>
      <trkpt lat="45.12523" lon="0.90437">
        <ele>154.5</ele>
      </trkpt>
      <trkpt lat="45.12514" lon="0.90488">
        <ele>154.5</ele>
      </trkpt>
      <trkpt lat="45.12502" lon="0.90771">
        <ele>154.8</ele>
      </trkpt>
      <trkpt lat="45.12512" lon="0.90873">
        <ele>155.0</ele>
      </trkpt>
      <trkpt lat="45.12535" lon="0.90953">
        <ele>155.1</ele>
      </trkpt>
      <trkpt lat="45.12614" lon="0.91126">
        <ele>157.3</ele>
      </trkpt>
      <trkpt lat="45.12641" lon="0.91209">
        <ele>157.5</ele>
      </trkpt>
      <trkpt lat="45.12651" lon="0.91278">
        <ele>157.7</ele>
      </trkpt>
      <trkpt lat="45.12667" lon="0.91491">
        <ele>160.2</ele>
      </trkpt>
      <trkpt lat="45.12727" lon="0.91786">
        <ele>160.2</ele>
      </trkpt>
      <trkpt lat="45.12838" lon="0.9206">
        <ele>161.0</ele>
      </trkpt>
      <trkpt lat="45.12859" lon="0.92122">
        <ele>161.0</ele>
      </trkpt>
      <trkpt lat="45.12916" lon="0.92551">
        <ele>163.3</ele>
      </trkpt>
      <trkpt lat="45.12925" lon="0.92663">
        <ele>163.5</ele>
      </trkpt>
      <trkpt lat="45.12919" lon="0.92736">
        <ele>163.9</ele>
      </trkpt>
      <trkpt lat="45.12902" lon="0.92812">
        <ele>164.4</ele>
      </trkpt>
      <trkpt lat="45.1287" lon="0.92914">
        <ele>164.5</ele>
      </trkpt>
      <trkpt lat="45.12756" lon="0.93204">
        <ele>166.5</ele>
      </trkpt>
      <trkpt lat="45.12742" lon="0.93255">
        <ele>166.5</ele>
      </trkpt>
      <trkpt lat="45.12718" lon="0.93473">
        <ele>168.1</ele>
      </trkpt>
      <trkpt lat="45.127" lon="0.93581">
        <ele>168.7</ele>
      </trkpt>
      <trkpt lat="45.12683" lon="0.93677">
        <ele>169.1</ele>
      </trkpt>
      <trkpt lat="45.12623" lon="0.93931">
        <ele>171.5</ele>
      </trkpt>
      <trkpt lat="45.12612" lon="0.94131">
        <ele>173.5</ele>
      </trkpt>
      <trkpt lat="45.12594" lon="0.94217">
        <ele>173.8</ele>
      </trkpt>
      <trkpt lat="45.12565" lon="0.9429">
        <ele>174.4</ele>
      </trkpt>
      <trkpt lat="45.12541" lon="0.94332">
        <ele>174.6</ele>
      </trkpt>
      <trkpt lat="45.12453" lon="0.94436">
        <ele>175.8</ele>
      </trkpt>
      <trkpt lat="45.12415" lon="0.94493">
        <ele>175.9</ele>
      </trkpt>
      <trkpt lat="45.12391" lon="0.94555">
        <ele>176.1</ele>
      </trkpt>
      <trkpt lat="45.12354" lon="0.94697">
        <ele>176.9</ele>
      </trkpt>
      <trkpt lat="45.12331" lon="0.94745">
        <ele>177.1</ele>
      </trkpt>
      <trkpt lat="45.1228" lon="0.94819">
        <ele>177.4</ele>
      </trkpt>
      <trkpt lat="45.12245" lon="0.94884">
        <ele>177.6</ele>
      </trkpt>
      <trkpt lat="45.12146" lon="0.95113">
        <ele>178.5</ele>
      </trkpt>
      <trkpt lat="45.12087" lon="0.95281">
        <ele>179.6</ele>
      </trkpt>
      <trkpt lat="45.1206" lon="0.95333">
        <ele>179.6</ele>
      </trkpt>
      <trkpt lat="45.11996" lon="0.95433">
        <ele>180.4</ele>
      </trkpt>
      <trkpt lat="45.11951" lon="0.95562">
        <ele>181.2</ele>
      </trkpt>
      <trkpt lat="45.11929" lon="0.95676">
        <ele>181.2</ele>
      </trkpt>
      <trkpt lat="45.11868" lon="0.95861">
        <ele>182.3</ele>
      </trkpt>
      <trkpt lat="45.11849" lon="0.95962">
        <ele>182.3</ele>
      </trkpt>
      <trkpt lat="45.11836" lon="0.96365">
        <ele>186.7</ele>
      </trkpt>
      <trkpt lat="45.11837" lon="0.96456">
        <ele>187.1</ele>
      </trkpt>
      <trkpt lat="45.11851" lon="0.96544">
        <ele>188.1</ele>
      </trkpt>
      <trkpt lat="45.11866" lon="0.96593">
        <ele>188.4</ele>
      </trkpt>
      <trkpt lat="45.11884" lon="0.96633">
        <ele>188.4</ele>
      </trkpt>
      <trkpt lat="45.12155" lon="0.97088">
        <ele>191.1</ele>
      </trkpt>
      <trkpt lat="45.12229" lon="0.97307">
        <ele>192.0</ele>
      </trkpt>
      <trkpt lat="45.12245" lon="0.9734">
        <ele>192.0</ele>
      </trkpt>
      <trkpt lat="45.12334" lon="0.97482">
        <ele>194.5</ele>
      </trkpt>
      <trkpt lat="45.12405" lon="0.97647">
        <ele>197.1</ele>
      </trkpt>
      <trkpt lat="45.12428" lon="0.97725">
        <ele>197.7</ele>
      </trkpt>
      <trkpt lat="45.12446" lon="0.97833">
        <ele>198.6</ele>
      </trkpt>
      <trkpt lat="45.12448" lon="0.97915">
        <ele>199.0</ele>
      </trkpt>
      <trkpt lat="45.12439" lon="0.98093">
        <ele>199.7</ele>
      </trkpt>
      <trkpt lat="45.12448" lon="0.98156">
        <ele>199.7</ele>
      </trkpt>
      <trkpt lat="45.12472" lon="0.98201">
        <ele>199.6</ele>
      </trkpt>
      <trkpt lat="45.12496" lon="0.98221">
        <ele>199.6</ele>
      </trkpt>
      <trkpt lat="45.12554" lon="0.98252">
        <ele>199.9</ele>
      </trkpt>
      <trkpt lat="45.12581" lon="0.98278">
        <ele>200.0</ele>
      </trkpt>
      <trkpt lat="45.12603" lon="0.98311">
        <ele>200.0</ele>
      </trkpt>
      <trkpt lat="45.12693" lon="0.98479">
        <ele>206.3</ele>
      </trkpt>
      <trkpt lat="45.12714" lon="0.98534">
        <ele>206.3</ele>
      </trkpt>
      <trkpt lat="45.12777" lon="0.98844">
        <ele>208.4</ele>
      </trkpt>
      <trkpt lat="45.12885" lon="0.99096">
        <ele>206.8</ele>
      </trkpt>
      <trkpt lat="45.12901" lon="0.99198">
        <ele>206.8</ele>
      </trkpt>
      <trkpt lat="45.12962" lon="0.99958">
        <ele>217.1</ele>
      </trkpt>
      <trkpt lat="45.12961" lon="1.00136">
        <ele>217.6</ele>
      </trkpt>
      <trkpt lat="45.12975" lon="1.00253">
        <ele>217.6</ele>
      </trkpt>
      <trkpt lat="45.13103" lon="1.0072">
        <ele>220.8</ele>
      </trkpt>
      <trkpt lat="45.13247" lon="1.01179">
        <ele>226.4</ele>
      </trkpt>
      <trkpt lat="45.13304" lon="1.01309">
        <ele>227.6</ele>
      </trkpt>
      <trkpt lat="45.13471" lon="1.01646">
        <ele>232.1</ele>
      </trkpt>
      <trkpt lat="45.13496" lon="1.01712">
        <ele>232.4</ele>
      </trkpt>
      <trkpt lat="45.13513" lon="1.01773">
        <ele>233.2</ele>
      </trkpt>
      <trkpt lat="45.13528" lon="1.01859">
        <ele>233.6</ele>
      </trkpt>
      <trkpt lat="45.1356" lon="1.02323">
        <ele>243.8</ele>
      </trkpt>
      <trkpt lat="45.13674" lon="1.03003">
        <ele>266.6</ele>
      </trkpt>
      <trkpt lat="45.13679" lon="1.03098">
        <ele>266.9</ele>
      </trkpt>
      <trkpt lat="45.13672" lon="1.03163">
        <ele>267.3</ele>
      </trkpt>
      <trkpt lat="45.13657" lon="1.03225">
        <ele>267.6</ele>
      </trkpt>
      <trkpt lat="45.1363" lon="1.03293">
        <ele>267.7</ele>
      </trkpt>
      <trkpt lat="45.13444" lon="1.0363">
        <ele>257.2</ele>
      </trkpt>
      <trkpt lat="45.13429" lon="1.03684">
        <ele>257.2</ele>
      </trkpt>
      <trkpt lat="45.13422" lon="1.0375">
        <ele>256.5</ele>
      </trkpt>
      <trkpt lat="45.13428" lon="1.03814">
        <ele>255.6</ele>
      </trkpt>
      <trkpt lat="45.13439" lon="1.03856">
        <ele>255.6</ele>
      </trkpt>
      <trkpt lat="45.13453" lon="1.03889">
        <ele>255.2</ele>
      </trkpt>
      <trkpt lat="45.13585" lon="1.04074">
        <ele>252.3</ele>
      </trkpt>
      <trkpt lat="45.13852" lon="1.04543">
        <ele>255.6</ele>
      </trkpt>
      <trkpt lat="45.1387" lon="1.04597">
        <ele>255.6</ele>
      </trkpt>
      <trkpt lat="45.13925" lon="1.04848">
        <ele>259.1</ele>
      </trkpt>
      <trkpt lat="45.1395" lon="1.04922">
        <ele>259.1</ele>
      </trkpt>
      <trkpt lat="45.13983" lon="1.04987">
        <ele>259.3</ele>
      </trkpt>
      <trkpt lat="45.14069" lon="1.05125">
        <ele>257.9</ele>
      </trkpt>
      <trkpt lat="45.1411" lon="1.05218">
        <ele>257.3</ele>
      </trkpt>
      <trkpt lat="45.14124" lon="1.05268">
        <ele>257.0</ele>
      </trkpt>
      <trkpt lat="45.14135" lon="1.05336">
        <ele>257.0</ele>
      </trkpt>
      <trkpt lat="45.14169" lon="1.05639">
        <ele>260.0</ele>
      </trkpt>
      <trkpt lat="45.14174" lon="1.05723">
        <ele>260.0</ele>
      </trkpt>
      <trkpt lat="45.14196" lon="1.05929">
        <ele>262.9</ele>
      </trkpt>
      <trkpt lat="45.14218" lon="1.06078">
        <ele>262.5</ele>
      </trkpt>
      <trkpt lat="45.1423" lon="1.06199">
        <ele>262.4</ele>
      </trkpt>
      <trkpt lat="45.14228" lon="1.06307">
        <ele>262.3</ele>
      </trkpt>
      <trkpt lat="45.14218" lon="1.0637">
        <ele>262.3</ele>
      </trkpt>
      <trkpt lat="45.14183" lon="1.06516">
        <ele>263.9</ele>
      </trkpt>
      <trkpt lat="45.14173" lon="1.06659">
        <ele>265.0</ele>
      </trkpt>
      <trkpt lat="45.14162" lon="1.06717">
        <ele>265.0</ele>
      </trkpt>
      <trkpt lat="45.14095" lon="1.06874">
        <ele>267.5</ele>
      </trkpt>
      <trkpt lat="45.14065" lon="1.07147">
        <ele>265.0</ele>
      </trkpt>
      <trkpt lat="45.13774" lon="1.07084">
        <ele>251.5</ele>
      </trkpt>
      <trkpt lat="45.13739" lon="1.07089">
        <ele>250.0</ele>
      </trkpt>
      <trkpt lat="45.13727" lon="1.07174">
        <ele>247.6</ele>
      </trkpt>
      <trkpt lat="45.13737" lon="1.07216">
        <ele>246.0</ele>
      </trkpt>
      <trkpt lat="45.13821" lon="1.07434">
        <ele>232.1</ele>
      </trkpt>
      <trkpt lat="45.13868" lon="1.07488">
        <ele>231.0</ele>
      </trkpt>
      <trkpt lat="45.13889" lon="1.07517">
        <ele>230.0</ele>
      </trkpt>
      <trkpt lat="45.13893" lon="1.07576">
        <ele>228.0</ele>
      </trkpt>
      <trkpt lat="45.13876" lon="1.07613">
        <ele>226.1</ele>
      </trkpt>
      <trkpt lat="45.13851" lon="1.07629">
        <ele>225.2</ele>
      </trkpt>
      <trkpt lat="45.13793" lon="1.07619">
        <ele>223.0</ele>
      </trkpt>
      <trkpt lat="45.13724" lon="1.07632">
        <ele>219.5</ele>
      </trkpt>
      <trkpt lat="45.1368" lon="1.07614">
        <ele>215.9</ele>
      </trkpt>
      <trkpt lat="45.136" lon="1.07564">
        <ele>211.9</ele>
      </trkpt>
      <trkpt lat="45.13572" lon="1.07559">
        <ele>210.0</ele>
      </trkpt>
      <trkpt lat="45.1352" lon="1.07579">
        <ele>208.7</ele>
      </trkpt>
      <trkpt lat="45.13468" lon="1.07644">
        <ele>205.0</ele>
      </trkpt>
      <trkpt lat="45.13429" lon="1.07655">
        <ele>202.5</ele>
      </trkpt>
      <trkpt lat="45.13362" lon="1.07605">
        <ele>200.4</ele>
      </trkpt>
      <trkpt lat="45.13333" lon="1.0759">
        <ele>199.3</ele>
      </trkpt>
      <trkpt lat="45.13232" lon="1.07562">
        <ele>193.0</ele>
      </trkpt>
      <trkpt lat="45.13091" lon="1.07545">
        <ele>185.3</ele>
      </trkpt>
      <trkpt lat="45.13012" lon="1.07521">
        <ele>183.2</ele>
      </trkpt>
      <trkpt lat="45.12982" lon="1.07531">
        <ele>181.8</ele>
      </trkpt>
      <trkpt lat="45.1294" lon="1.07588">
        <ele>180.1</ele>
      </trkpt>
      <trkpt lat="45.12896" lon="1.07627">
        <ele>178.3</ele>
      </trkpt>
      <trkpt lat="45.12877" lon="1.07658">
        <ele>176.6</ele>
      </trkpt>
      <trkpt lat="45.1284" lon="1.07739">
        <ele>174.3</ele>
      </trkpt>
      <trkpt lat="45.12754" lon="1.07903">
        <ele>165.9</ele>
      </trkpt>
      <trkpt lat="45.12723" lon="1.08018">
        <ele>165.2</ele>
      </trkpt>
      <trkpt lat="45.12707" lon="1.08054">
        <ele>164.6</ele>
      </trkpt>
      <trkpt lat="45.12684" lon="1.08087">
        <ele>164.6</ele>
      </trkpt>
      <trkpt lat="45.1239" lon="1.08323">
        <ele>162.2</ele>
      </trkpt>
      <trkpt lat="45.12343" lon="1.08373">
        <ele>162.0</ele>
      </trkpt>
      <trkpt lat="45.1231" lon="1.08422">
        <ele>161.7</ele>
      </trkpt>
      <trkpt lat="45.12283" lon="1.08492">
        <ele>161.4</ele>
      </trkpt>
      <trkpt lat="45.12264" lon="1.08566">
        <ele>161.0</ele>
      </trkpt>
      <trkpt lat="45.12228" lon="1.08653">
        <ele>160.7</ele>
      </trkpt>
      <trkpt lat="45.12206" lon="1.08726">
        <ele>160.2</ele>
      </trkpt>
      <trkpt lat="45.12188" lon="1.08826">
        <ele>159.7</ele>
      </trkpt>
      <trkpt lat="45.12174" lon="1.08938">
        <ele>159.1</ele>
      </trkpt>
      <trkpt lat="45.12155" lon="1.09006">
        <ele>158.8</ele>
      </trkpt>
      <trkpt lat="45.12108" lon="1.09117">
        <ele>157.4</ele>
      </trkpt>
      <trkpt lat="45.12099" lon="1.09222">
        <ele>157.2</ele>
      </trkpt>
      <trkpt lat="45.12067" lon="1.09296">
        <ele>156.6</ele>
      </trkpt>
      <trkpt lat="45.12031" lon="1.09329">
        <ele>156.4</ele>
      </trkpt>
      <trkpt lat="45.12004" lon="1.09383">
        <ele>156.2</ele>
      </trkpt>
      <trkpt lat="45.11999" lon="1.09446">
        <ele>156.0</ele>
      </trkpt>
      <trkpt lat="45.12005" lon="1.09498">
        <ele>155.9</ele>
      </trkpt>
      <trkpt lat="45.11981" lon="1.09584">
        <ele>155.6</ele>
      </trkpt>
      <trkpt lat="45.11973" lon="1.09621">
        <ele>155.4</ele>
      </trkpt>
      <trkpt lat="45.11973" lon="1.09988">
        <ele>153.7</ele>
      </trkpt>
      <trkpt lat="45.11965" lon="1.10116">
        <ele>153.1</ele>
      </trkpt>
      <trkpt lat="45.11913" lon="1.10446">
        <ele>149.4</ele>
      </trkpt>
      <trkpt lat="45.11872" lon="1.10595">
        <ele>147.1</ele>
      </trkpt>
      <trkpt lat="45.11821" lon="1.10733">
        <ele>145.3</ele>
      </trkpt>
      <trkpt lat="45.11777" lon="1.10834">
        <ele>145.3</ele>
      </trkpt>
      <trkpt lat="45.11606" lon="1.11179">
        <ele>141.0</ele>
      </trkpt>
      <trkpt lat="45.11562" lon="1.11311">
        <ele>139.3</ele>
      </trkpt>
      <trkpt lat="45.1148" lon="1.11452">
        <ele>137.7</ele>
      </trkpt>
      <trkpt lat="45.11003" lon="1.12443">
        <ele>128.2</ele>
      </trkpt>
      <trkpt lat="45.10912" lon="1.12643">
        <ele>127.5</ele>
      </trkpt>
      <trkpt lat="45.10846" lon="1.12835">
        <ele>126.7</ele>
      </trkpt>
      <trkpt lat="45.10701" lon="1.13353">
        <ele>123.6</ele>
      </trkpt>
      <trkpt lat="45.10651" lon="1.13541">
        <ele>120.5</ele>
      </trkpt>
      <trkpt lat="45.10609" lon="1.13729">
        <ele>118.5</ele>
      </trkpt>
      <trkpt lat="45.1053" lon="1.13965">
        <ele>116.9</ele>
      </trkpt>
      <trkpt lat="45.10428" lon="1.14309">
        <ele>114.2</ele>
      </trkpt>
      <trkpt lat="45.1039" lon="1.14397">
        <ele>114.2</ele>
      </trkpt>
      <trkpt lat="45.10324" lon="1.14522">
        <ele>113.0</ele>
      </trkpt>
      <trkpt lat="45.10292" lon="1.14669">
        <ele>111.9</ele>
      </trkpt>
      <trkpt lat="45.10279" lon="1.14847">
        <ele>111.4</ele>
      </trkpt>
      <trkpt lat="45.10262" lon="1.14937">
        <ele>111.2</ele>
      </trkpt>
      <trkpt lat="45.10234" lon="1.15027">
        <ele>110.9</ele>
      </trkpt>
      <trkpt lat="45.10208" lon="1.15081">
        <ele>110.4</ele>
      </trkpt>
      <trkpt lat="45.10177" lon="1.15126">
        <ele>109.9</ele>
      </trkpt>
      <trkpt lat="45.10121" lon="1.15196">
        <ele>109.3</ele>
      </trkpt>
      <trkpt lat="45.10052" lon="1.15265">
        <ele>108.8</ele>
      </trkpt>
      <trkpt lat="45.10004" lon="1.15306">
        <ele>108.1</ele>
      </trkpt>
      <trkpt lat="45.09931" lon="1.15356">
        <ele>107.7</ele>
      </trkpt>
      <trkpt lat="45.09873" lon="1.15388">
        <ele>107.3</ele>
      </trkpt>
      <trkpt lat="45.09633" lon="1.15481">
        <ele>105.7</ele>
      </trkpt>
      <trkpt lat="45.0941" lon="1.15532">
        <ele>104.5</ele>
      </trkpt>
      <trkpt lat="45.0913" lon="1.1566">
        <ele>102.3</ele>
      </trkpt>
      <trkpt lat="45.09039" lon="1.15692">
        <ele>101.9</ele>
      </trkpt>
      <trkpt lat="45.08857" lon="1.15718">
        <ele>100.1</ele>
      </trkpt>
      <trkpt lat="45.08806" lon="1.15718">
        <ele>100.1</ele>
      </trkpt>
      <trkpt lat="45.08656" lon="1.15699">
        <ele>98.7</ele>
      </trkpt>
      <trkpt lat="45.08562" lon="1.15708">
        <ele>97.9</ele>
      </trkpt>
      <trkpt lat="45.0839" lon="1.15798">
        <ele>96.8</ele>
      </trkpt>
      <trkpt lat="45.08352" lon="1.15833">
        <ele>96.1</ele>
      </trkpt>
      <trkpt lat="45.08295" lon="1.15913">
        <ele>95.0</ele>
      </trkpt>
      <trkpt lat="45.08246" lon="1.1596">
        <ele>93.5</ele>
      </trkpt>
      <trkpt lat="45.08182" lon="1.16">
        <ele>92.0</ele>
      </trkpt>
      <trkpt lat="45.08119" lon="1.16028">
        <ele>90.6</ele>
      </trkpt>
      <trkpt lat="45.08077" lon="1.16059">
        <ele>90.0</ele>
      </trkpt>
      <trkpt lat="45.07936" lon="1.16226">
        <ele>87.2</ele>
      </trkpt>
      <trkpt lat="45.07909" lon="1.16268">
        <ele>87.2</ele>
      </trkpt>
      <trkpt lat="45.07884" lon="1.16327">
        <ele>87.2</ele>
      </trkpt>
      <trkpt lat="45.07845" lon="1.16442">
        <ele>86.4</ele>
      </trkpt>
      <trkpt lat="45.07829" lon="1.16505">
        <ele>86.4</ele>
      </trkpt>
      <trkpt lat="45.07716" lon="1.17175">
        <ele>81.0</ele>
      </trkpt>
      <trkpt lat="45.07689" lon="1.17234">
        <ele>81.0</ele>
      </trkpt>
      <trkpt lat="45.07485" lon="1.17182">
        <ele>80.8</ele>
      </trkpt>
      <trkpt lat="45.074" lon="1.17137">
        <ele>81.5</ele>
      </trkpt>
      <trkpt lat="45.0735" lon="1.17082">
        <ele>81.5</ele>
      </trkpt>
      <trkpt lat="45.07035" lon="1.16629">
        <ele>82.0</ele>
      </trkpt>
      <trkpt lat="45.06987" lon="1.1657">
        <ele>82.0</ele>
      </trkpt>
      <trkpt lat="45.06593" lon="1.16667">
        <ele>74.3</ele>
      </trkpt>
      <trkpt lat="45.06548" lon="1.16673">
        <ele>75.1</ele>
      </trkpt>
      <trkpt lat="45.06532" lon="1.16559">
        <ele>76.0</ele>
      </trkpt>
      <trkpt lat="45.06512" lon="1.16512">
        <ele>76.7</ele>
      </trkpt>
      <trkpt lat="45.0633" lon="1.16734">
        <ele>78.6</ele>
      </trkpt>
      <trkpt lat="45.06096" lon="1.16912">
        <ele>82.2</ele>
      </trkpt>
      <trkpt lat="45.0607" lon="1.16923">
        <ele>82.2</ele>
      </trkpt>
      <trkpt lat="45.06035" lon="1.16923">
        <ele>82.2</ele>
      </trkpt>
      <trkpt lat="45.05776" lon="1.16848">
        <ele>86.0</ele>
      </trkpt>
      <trkpt lat="45.05769" lon="1.168">
        <ele>86.0</ele>
      </trkpt>
      <trkpt lat="45.05796" lon="1.16771">
        <ele>85.3</ele>
      </trkpt>
      <trkpt lat="45.05866" lon="1.16721">
        <ele>84.4</ele>
      </trkpt>
      <trkpt lat="45.06116" lon="1.16569">
        <ele>78.7</ele>
      </trkpt>
      <trkpt lat="45.06262" lon="1.16537">
        <ele>77.5</ele>
      </trkpt>
      <trkpt lat="45.06266" lon="1.16482">
        <ele>77.5</ele>
      </trkpt>
      <trkpt lat="45.06305" lon="1.16359">
        <ele>76.6</ele>
      </trkpt>
      <trkpt lat="45.06356" lon="1.16303">
        <ele>76.4</ele>
      </trkpt>
      <trkpt lat="45.06397" lon="1.16271">
        <ele>76.3</ele>
      </trkpt>
      <trkpt lat="45.06424" lon="1.16257">
        <ele>76.3</ele>
      </trkpt>
      <trkpt lat="45.06431" lon="1.16208">
        <ele>76.1</ele>
      </trkpt>
      <trkpt lat="45.06506" lon="1.16154">
        <ele>75.6</ele>
      </trkpt>
      <trkpt lat="45.06493" lon="1.16111">
        <ele>74.7</ele>
      </trkpt>
      <trkpt lat="45.06428" lon="1.16035">
        <ele>74.3</ele>
      </trkpt>
      <trkpt lat="45.0628" lon="1.15967">
        <ele>73.0</ele>
      </trkpt>
      <trkpt lat="45.0619" lon="1.15937">
        <ele>73.0</ele>
      </trkpt>
      <trkpt lat="45.06058" lon="1.15872">
        <ele>72.5</ele>
      </trkpt>
      <trkpt lat="45.05939" lon="1.15845">
        <ele>72.2</ele>
      </trkpt>
      <trkpt lat="45.05735" lon="1.15733">
        <ele>73.1</ele>
      </trkpt>
      <trkpt lat="45.05688" lon="1.15711">
        <ele>73.1</ele>
      </trkpt>
      <trkpt lat="45.05584" lon="1.15678">
        <ele>73.5</ele>
      </trkpt>
      <trkpt lat="45.05474" lon="1.15621">
        <ele>73.3</ele>
      </trkpt>
      <trkpt lat="45.05037" lon="1.15241">
        <ele>72.7</ele>
      </trkpt>
      <trkpt lat="45.0484" lon="1.15056">
        <ele>72.7</ele>
      </trkpt>
      <trkpt lat="45.04729" lon="1.14933">
        <ele>72.4</ele>
      </trkpt>
      <trkpt lat="45.0459" lon="1.14804">
        <ele>72.8</ele>
      </trkpt>
      <trkpt lat="45.04546" lon="1.14776">
        <ele>72.8</ele>
      </trkpt>
      <trkpt lat="45.04452" lon="1.14742">
        <ele>72.8</ele>
      </trkpt>
      <trkpt lat="45.04427" lon="1.14722">
        <ele>72.8</ele>
      </trkpt>
      <trkpt lat="45.04406" lon="1.14681">
        <ele>72.8</ele>
      </trkpt>
      <trkpt lat="45.04362" lon="1.14513">
        <ele>76.4</ele>
      </trkpt>
      <trkpt lat="45.04306" lon="1.1439">
        <ele>75.7</ele>
      </trkpt>
      <trkpt lat="45.0429" lon="1.14343">
        <ele>75.7</ele>
      </trkpt>
      <trkpt lat="45.04238" lon="1.14148">
        <ele>72.8</ele>
      </trkpt>
      <trkpt lat="45.04201" lon="1.14047">
        <ele>72.8</ele>
      </trkpt>
      <trkpt lat="45.04137" lon="1.13892">
        <ele>72.2</ele>
      </trkpt>
      <trkpt lat="45.04086" lon="1.13799">
        <ele>72.2</ele>
      </trkpt>
      <trkpt lat="45.03961" lon="1.1362">
        <ele>72.5</ele>
      </trkpt>
      <trkpt lat="45.03847" lon="1.13486">
        <ele>72.1</ele>
      </trkpt>
      <trkpt lat="45.03682" lon="1.13328">
        <ele>72.0</ele>
      </trkpt>
      <trkpt lat="45.03568" lon="1.13245">
        <ele>72.3</ele>
      </trkpt>
      <trkpt lat="45.03359" lon="1.13068">
        <ele>71.6</ele>
      </trkpt>
      <trkpt lat="45.03239" lon="1.13002">
        <ele>71.3</ele>
      </trkpt>
      <trkpt lat="45.03184" lon="1.1298">
        <ele>71.3</ele>
      </trkpt>
      <trkpt lat="45.03043" lon="1.12983">
        <ele>71.3</ele>
      </trkpt>
      <trkpt lat="45.02972" lon="1.12999">
        <ele>71.4</ele>
      </trkpt>
      <trkpt lat="45.02895" lon="1.13027">
        <ele>71.5</ele>
      </trkpt>
      <trkpt lat="45.02845" lon="1.13083">
        <ele>71.7</ele>
      </trkpt>
      <trkpt lat="45.0276" lon="1.13124">
        <ele>71.8</ele>
      </trkpt>
      <trkpt lat="45.02695" lon="1.13133">
        <ele>71.9</ele>
      </trkpt>
      <trkpt lat="45.02532" lon="1.13128">
        <ele>72.7</ele>
      </trkpt>
      <trkpt lat="45.02453" lon="1.13122">
        <ele>72.8</ele>
      </trkpt>
      <trkpt lat="45.02395" lon="1.13096">
        <ele>73.1</ele>
      </trkpt>
      <trkpt lat="45.02341" lon="1.13058">
        <ele>73.9</ele>
      </trkpt>
      <trkpt lat="45.02302" lon="1.13">
        <ele>74.4</ele>
      </trkpt>
      <trkpt lat="45.02278" lon="1.1298">
        <ele>74.8</ele>
      </trkpt>
      <trkpt lat="45.02249" lon="1.12988">
        <ele>75.2</ele>
      </trkpt>
      <trkpt lat="45.02204" lon="1.1304">
        <ele>76.4</ele>
      </trkpt>
      <trkpt lat="45.02149" lon="1.13045">
        <ele>77.7</ele>
      </trkpt>
      <trkpt lat="45.02123" lon="1.13026">
        <ele>78.4</ele>
      </trkpt>
      <trkpt lat="45.02103" lon="1.12983">
        <ele>79.7</ele>
      </trkpt>
      <trkpt lat="45.02102" lon="1.12925">
        <ele>80.2</ele>
      </trkpt>
      <trkpt lat="45.02113" lon="1.1289">
        <ele>82.0</ele>
      </trkpt>
      <trkpt lat="45.02158" lon="1.1281">
        <ele>84.5</ele>
      </trkpt>
      <trkpt lat="45.02172" lon="1.12764">
        <ele>85.3</ele>
      </trkpt>
      <trkpt lat="45.02148" lon="1.12606">
        <ele>88.3</ele>
      </trkpt>
      <trkpt lat="45.02131" lon="1.12426">
        <ele>83.4</ele>
      </trkpt>
      <trkpt lat="45.02101" lon="1.1235">
        <ele>83.4</ele>
      </trkpt>
      <trkpt lat="45.02081" lon="1.12202">
        <ele>80.1</ele>
      </trkpt>
      <trkpt lat="45.02063" lon="1.12129">
        <ele>80.1</ele>
      </trkpt>
      <trkpt lat="45.02028" lon="1.12019">
        <ele>80.1</ele>
      </trkpt>
      <trkpt lat="45.01975" lon="1.11876">
        <ele>76.5</ele>
      </trkpt>
      <trkpt lat="45.02128" lon="1.1179">
        <ele>74.5</ele>
      </trkpt>
      <trkpt lat="45.02253" lon="1.11741">
        <ele>72.1</ele>
      </trkpt>
      <trkpt lat="45.02255" lon="1.11728">
        <ele>72.1</ele>
      </trkpt>
      <trkpt lat="45.02219" lon="1.11578">
        <ele>72.5</ele>
      </trkpt>
      <trkpt lat="45.02219" lon="1.11426">
        <ele>73.4</ele>
      </trkpt>
      <trkpt lat="45.02204" lon="1.11351">
        <ele>73.7</ele>
      </trkpt>
      <trkpt lat="45.02177" lon="1.11289">
        <ele>73.9</ele>
      </trkpt>
      <trkpt lat="45.02089" lon="1.11155">
        <ele>77.2</ele>
      </trkpt>
      <trkpt lat="45.02066" lon="1.11093">
        <ele>78.2</ele>
      </trkpt>
      <trkpt lat="45.02059" lon="1.11056">
        <ele>79.3</ele>
      </trkpt>
      <trkpt lat="45.02056" lon="1.1099">
        <ele>80.2</ele>
      </trkpt>
      <trkpt lat="45.02063" lon="1.10934">
        <ele>81.2</ele>
      </trkpt>
      <trkpt lat="45.02108" lon="1.10773">
        <ele>94.4</ele>
      </trkpt>
      <trkpt lat="45.02131" lon="1.1066">
        <ele>97.0</ele>
      </trkpt>
      <trkpt lat="45.02132" lon="1.1061">
        <ele>99.7</ele>
      </trkpt>
      <trkpt lat="45.02115" lon="1.10549">
        <ele>99.7</ele>
      </trkpt>
      <trkpt lat="45.02094" lon="1.10515">
        <ele>101.3</ele>
      </trkpt>
      <trkpt lat="45.02029" lon="1.10479">
        <ele>103.2</ele>
      </trkpt>
      <trkpt lat="45.01993" lon="1.10486">
        <ele>103.7</ele>
      </trkpt>
      <trkpt lat="45.0191" lon="1.10537">
        <ele>99.7</ele>
      </trkpt>
      <trkpt lat="45.0185" lon="1.10564">
        <ele>98.9</ele>
      </trkpt>
      <trkpt lat="45.01809" lon="1.1057">
        <ele>97.2</ele>
      </trkpt>
      <trkpt lat="45.01744" lon="1.10566">
        <ele>96.2</ele>
      </trkpt>
      <trkpt lat="45.01595" lon="1.1052">
        <ele>98.7</ele>
      </trkpt>
      <trkpt lat="45.01559" lon="1.10504">
        <ele>98.7</ele>
      </trkpt>
      <trkpt lat="45.01529" lon="1.10481">
        <ele>98.7</ele>
      </trkpt>
      <trkpt lat="45.01447" lon="1.10397">
        <ele>100.3</ele>
      </trkpt>
      <trkpt lat="45.01315" lon="1.10306">
        <ele>105.7</ele>
      </trkpt>
      <trkpt lat="45.01229" lon="1.10289">
        <ele>105.7</ele>
      </trkpt>
      <trkpt lat="45.01177" lon="1.10294">
        <ele>105.7</ele>
      </trkpt>
      <trkpt lat="45.01111" lon="1.10318">
        <ele>105.5</ele>
      </trkpt>
      <trkpt lat="45.01057" lon="1.10324">
        <ele>105.3</ele>
      </trkpt>
      <trkpt lat="45.0098" lon="1.10312">
        <ele>104.4</ele>
      </trkpt>
      <trkpt lat="45.00936" lon="1.10296">
        <ele>104.1</ele>
      </trkpt>
      <trkpt lat="45.00907" lon="1.10255">
        <ele>103.1</ele>
      </trkpt>
      <trkpt lat="45.00895" lon="1.1016">
        <ele>101.6</ele>
      </trkpt>
      <trkpt lat="45.00886" lon="1.0997">
        <ele>93.3</ele>
      </trkpt>
      <trkpt lat="45.00904" lon="1.09888">
        <ele>92.0</ele>
      </trkpt>
      <trkpt lat="45.00922" lon="1.09838">
        <ele>90.9</ele>
      </trkpt>
      <trkpt lat="45.00943" lon="1.09799">
        <ele>90.9</ele>
      </trkpt>
      <trkpt lat="45.00971" lon="1.09761">
        <ele>90.3</ele>
      </trkpt>
      <trkpt lat="45.01038" lon="1.09687">
        <ele>89.6</ele>
      </trkpt>
      <trkpt lat="45.01069" lon="1.09635">
        <ele>89.2</ele>
      </trkpt>
      <trkpt lat="45.01103" lon="1.09592">
        <ele>89.0</ele>
      </trkpt>
      <trkpt lat="45.01339" lon="1.09367">
        <ele>84.2</ele>
      </trkpt>
      <trkpt lat="45.01453" lon="1.09229">
        <ele>81.0</ele>
      </trkpt>
      <trkpt lat="45.01537" lon="1.09165">
        <ele>77.5</ele>
      </trkpt>
      <trkpt lat="45.01593" lon="1.09138">
        <ele>77.4</ele>
      </trkpt>
      <trkpt lat="45.01629" lon="1.09129">
        <ele>77.3</ele>
      </trkpt>
      <trkpt lat="45.01664" lon="1.09095">
        <ele>77.3</ele>
      </trkpt>
      <trkpt lat="45.0176" lon="1.0897">
        <ele>78.7</ele>
      </trkpt>
      <trkpt lat="45.01797" lon="1.0891">
        <ele>78.8</ele>
      </trkpt>
      <trkpt lat="45.01823" lon="1.08846">
        <ele>79.1</ele>
      </trkpt>
      <trkpt lat="45.01849" lon="1.08729">
        <ele>79.5</ele>
      </trkpt>
      <trkpt lat="45.01881" lon="1.08634">
        <ele>79.9</ele>
      </trkpt>
      <trkpt lat="45.01895" lon="1.08564">
        <ele>80.1</ele>
      </trkpt>
      <trkpt lat="45.01913" lon="1.0841">
        <ele>80.8</ele>
      </trkpt>
      <trkpt lat="45.01907" lon="1.08221">
        <ele>83.7</ele>
      </trkpt>
      <trkpt lat="45.01919" lon="1.08132">
        <ele>84.3</ele>
      </trkpt>
      <trkpt lat="45.01919" lon="1.08066">
        <ele>85.6</ele>
      </trkpt>
      <trkpt lat="45.01927" lon="1.07987">
        <ele>86.2</ele>
      </trkpt>
      <trkpt lat="45.01883" lon="1.07792">
        <ele>85.9</ele>
      </trkpt>
      <trkpt lat="45.01856" lon="1.07726">
        <ele>85.9</ele>
      </trkpt>
      <trkpt lat="45.01729" lon="1.07506">
        <ele>81.4</ele>
      </trkpt>
      <trkpt lat="45.0166" lon="1.07405">
        <ele>79.7</ele>
      </trkpt>
      <trkpt lat="45.01584" lon="1.07326">
        <ele>78.6</ele>
      </trkpt>
      <trkpt lat="45.01516" lon="1.07273">
        <ele>78.4</ele>
      </trkpt>
      <trkpt lat="45.01459" lon="1.07242">
        <ele>77.9</ele>
      </trkpt>
      <trkpt lat="45.01372" lon="1.07213">
        <ele>77.4</ele>
      </trkpt>
      <trkpt lat="45.01292" lon="1.07201">
        <ele>76.7</ele>
      </trkpt>
      <trkpt lat="45.01218" lon="1.07201">
        <ele>76.1</ele>
      </trkpt>
      <trkpt lat="45.01172" lon="1.07211">
        <ele>75.9</ele>
      </trkpt>
      <trkpt lat="45.01084" lon="1.07248">
        <ele>75.2</ele>
      </trkpt>
      <trkpt lat="45.01053" lon="1.07251">
        <ele>75.2</ele>
      </trkpt>
      <trkpt lat="45.00863" lon="1.072">
        <ele>74.2</ele>
      </trkpt>
      <trkpt lat="45.00512" lon="1.07124">
        <ele>70.6</ele>
      </trkpt>
      <trkpt lat="45.00466" lon="1.07124">
        <ele>70.6</ele>
      </trkpt>
      <trkpt lat="45.00371" lon="1.07141">
        <ele>70.8</ele>
      </trkpt>
      <trkpt lat="45.00335" lon="1.0714">
        <ele>70.8</ele>
      </trkpt>
      <trkpt lat="45.00091" lon="1.07074">
        <ele>70.9</ele>
      </trkpt>
      <trkpt lat="44.99824" lon="1.07071">
        <ele>70.7</ele>
      </trkpt>
      <trkpt lat="44.99676" lon="1.0705">
        <ele>70.4</ele>
      </trkpt>
      <trkpt lat="44.99562" lon="1.07066">
        <ele>69.9</ele>
      </trkpt>
      <trkpt lat="44.99532" lon="1.07061">
        <ele>69.9</ele>
      </trkpt>
      <trkpt lat="44.99383" lon="1.06996">
        <ele>68.4</ele>
      </trkpt>
      <trkpt lat="44.99278" lon="1.06907">
        <ele>67.5</ele>
      </trkpt>
      <trkpt lat="44.99244" lon="1.06864">
        <ele>67.6</ele>
      </trkpt>
      <trkpt lat="44.9922" lon="1.06815">
        <ele>67.8</ele>
      </trkpt>
      <trkpt lat="44.99214" lon="1.06769">
        <ele>67.9</ele>
      </trkpt>
      <trkpt lat="44.99218" lon="1.0673">
        <ele>68.0</ele>
      </trkpt>
      <trkpt lat="44.99363" lon="1.0635">
        <ele>69.7</ele>
      </trkpt>
      <trkpt lat="44.99372" lon="1.06305">
        <ele>69.6</ele>
      </trkpt>
      <trkpt lat="44.99374" lon="1.06264">
        <ele>69.6</ele>
      </trkpt>
      <trkpt lat="44.99355" lon="1.06193">
        <ele>69.4</ele>
      </trkpt>
      <trkpt lat="44.9932" lon="1.06169">
        <ele>69.3</ele>
      </trkpt>
      <trkpt lat="44.98955" lon="1.06167">
        <ele>77.2</ele>
      </trkpt>
      <trkpt lat="44.98918" lon="1.06198">
        <ele>77.2</ele>
      </trkpt>
      <trkpt lat="44.98891" lon="1.06244">
        <ele>78.8</ele>
      </trkpt>
      <trkpt lat="44.98855" lon="1.06323">
        <ele>83.0</ele>
      </trkpt>
      <trkpt lat="44.98787" lon="1.06371">
        <ele>87.0</ele>
      </trkpt>
      <trkpt lat="44.9875" lon="1.06411">
        <ele>88.1</ele>
      </trkpt>
      <trkpt lat="44.98723" lon="1.0641">
        <ele>88.1</ele>
      </trkpt>
      <trkpt lat="44.98778" lon="1.06233">
        <ele>96.7</ele>
      </trkpt>
      <trkpt lat="44.98784" lon="1.06187">
        <ele>96.5</ele>
      </trkpt>
      <trkpt lat="44.98783" lon="1.06144">
        <ele>96.0</ele>
      </trkpt>
      <trkpt lat="44.98768" lon="1.06085">
        <ele>96.0</ele>
      </trkpt>
      <trkpt lat="44.98747" lon="1.06035">
        <ele>94.7</ele>
      </trkpt>
      <trkpt lat="44.98714" lon="1.05968">
        <ele>91.8</ele>
      </trkpt>
      <trkpt lat="44.98672" lon="1.05906">
        <ele>88.9</ele>
      </trkpt>
      <trkpt lat="44.98646" lon="1.05881">
        <ele>88.0</ele>
      </trkpt>
      <trkpt lat="44.98614" lon="1.05869">
        <ele>86.3</ele>
      </trkpt>
      <trkpt lat="44.98537" lon="1.05855">
        <ele>81.8</ele>
      </trkpt>
      <trkpt lat="44.98467" lon="1.05851">
        <ele>79.5</ele>
      </trkpt>
      <trkpt lat="44.98267" lon="1.05752">
        <ele>71.5</ele>
      </trkpt>
      <trkpt lat="44.98222" lon="1.05714">
        <ele>71.5</ele>
      </trkpt>
      <trkpt lat="44.97956" lon="1.05452">
        <ele>66.4</ele>
      </trkpt>
      <trkpt lat="44.97902" lon="1.05411">
        <ele>66.4</ele>
      </trkpt>
      <trkpt lat="44.97775" lon="1.05329">
        <ele>71.2</ele>
      </trkpt>
      <trkpt lat="44.97712" lon="1.05237">
        <ele>78.7</ele>
      </trkpt>
      <trkpt lat="44.97688" lon="1.05175">
        <ele>78.7</ele>
      </trkpt>
      <trkpt lat="44.97677" lon="1.05127">
        <ele>78.7</ele>
      </trkpt>
      <trkpt lat="44.97644" lon="1.04847">
        <ele>77.1</ele>
      </trkpt>
      <trkpt lat="44.9764" lon="1.0473">
        <ele>76.3</ele>
      </trkpt>
      <trkpt lat="44.97631" lon="1.04631">
        <ele>75.7</ele>
      </trkpt>
      <trkpt lat="44.97607" lon="1.04521">
        <ele>75.5</ele>
      </trkpt>
      <trkpt lat="44.97555" lon="1.04388">
        <ele>84.1</ele>
      </trkpt>
      <trkpt lat="44.97517" lon="1.04311">
        <ele>84.1</ele>
      </trkpt>
      <trkpt lat="44.97444" lon="1.04232">
        <ele>91.3</ele>
      </trkpt>
      <trkpt lat="44.97408" lon="1.04226">
        <ele>91.3</ele>
      </trkpt>
      <trkpt lat="44.97241" lon="1.04296">
        <ele>89.1</ele>
      </trkpt>
      <trkpt lat="44.97077" lon="1.04338">
        <ele>81.3</ele>
      </trkpt>
      <trkpt lat="44.97029" lon="1.04356">
        <ele>81.3</ele>
      </trkpt>
      <trkpt lat="44.96937" lon="1.044">
        <ele>79.1</ele>
      </trkpt>
      <trkpt lat="44.96734" lon="1.0455">
        <ele>80.4</ele>
      </trkpt>
      <trkpt lat="44.96568" lon="1.04533">
        <ele>87.7</ele>
      </trkpt>
      <trkpt lat="44.96461" lon="1.04546">
        <ele>93.9</ele>
      </trkpt>
      <trkpt lat="44.9643" lon="1.04552">
        <ele>94.8</ele>
      </trkpt>
      <trkpt lat="44.96383" lon="1.04581">
        <ele>94.8</ele>
      </trkpt>
      <trkpt lat="44.96351" lon="1.04589">
        <ele>97.1</ele>
      </trkpt>
      <trkpt lat="44.96294" lon="1.04627">
        <ele>101.2</ele>
      </trkpt>
      <trkpt lat="44.96267" lon="1.0463">
        <ele>103.2</ele>
      </trkpt>
      <trkpt lat="44.96258" lon="1.04584">
        <ele>103.2</ele>
      </trkpt>
      <trkpt lat="44.96285" lon="1.04517">
        <ele>103.9</ele>
      </trkpt>
      <trkpt lat="44.96232" lon="1.04411">
        <ele>111.5</ele>
      </trkpt>
      <trkpt lat="44.96184" lon="1.04372">
        <ele>113.3</ele>
      </trkpt>
      <trkpt lat="44.96159" lon="1.04315">
        <ele>114.3</ele>
      </trkpt>
      <trkpt lat="44.96127" lon="1.04312">
        <ele>114.3</ele>
      </trkpt>
      <trkpt lat="44.96021" lon="1.04365">
        <ele>124.1</ele>
      </trkpt>
      <trkpt lat="44.95979" lon="1.0436">
        <ele>125.2</ele>
      </trkpt>
      <trkpt lat="44.95965" lon="1.04325">
        <ele>125.2</ele>
      </trkpt>
      <trkpt lat="44.95993" lon="1.04268">
        <ele>127.1</ele>
      </trkpt>
      <trkpt lat="44.96004" lon="1.04212">
        <ele>129.1</ele>
      </trkpt>
      <trkpt lat="44.96044" lon="1.04095">
        <ele>134.8</ele>
      </trkpt>
      <trkpt lat="44.96017" lon="1.03992">
        <ele>134.8</ele>
      </trkpt>
      <trkpt lat="44.96027" lon="1.03797">
        <ele>138.5</ele>
      </trkpt>
      <trkpt lat="44.96014" lon="1.03763">
        <ele>138.5</ele>
      </trkpt>
      <trkpt lat="44.95918" lon="1.03762">
        <ele>139.9</ele>
      </trkpt>
      <trkpt lat="44.95835" lon="1.03753">
        <ele>140.0</ele>
      </trkpt>
      <trkpt lat="44.95787" lon="1.03759">
        <ele>140.1</ele>
      </trkpt>
      <trkpt lat="44.9576" lon="1.03774">
        <ele>140.2</ele>
      </trkpt>
      <trkpt lat="44.95699" lon="1.03845">
        <ele>140.3</ele>
      </trkpt>
      <trkpt lat="44.95605" lon="1.03819">
        <ele>142.2</ele>
      </trkpt>
      <trkpt lat="44.95542" lon="1.03816">
        <ele>142.6</ele>
      </trkpt>
      <trkpt lat="44.9549" lon="1.03781">
        <ele>143.6</ele>
      </trkpt>
      <trkpt lat="44.9544" lon="1.03725">
        <ele>144.5</ele>
      </trkpt>
      <trkpt lat="44.95406" lon="1.03709">
        <ele>145.4</ele>
      </trkpt>
      <trkpt lat="44.9534" lon="1.03718">
        <ele>145.8</ele>
      </trkpt>
      <trkpt lat="44.95218" lon="1.03761">
        <ele>150.1</ele>
      </trkpt>
      <trkpt lat="44.95165" lon="1.03771">
        <ele>150.8</ele>
      </trkpt>
      <trkpt lat="44.95127" lon="1.03767">
        <ele>151.2</ele>
      </trkpt>
      <trkpt lat="44.95079" lon="1.03743">
        <ele>151.6</ele>
      </trkpt>
      <trkpt lat="44.95019" lon="1.03689">
        <ele>152.3</ele>
      </trkpt>
      <trkpt lat="44.94913" lon="1.03575">
        <ele>153.2</ele>
      </trkpt>
      <trkpt lat="44.9489" lon="1.03555">
        <ele>153.2</ele>
      </trkpt>
      <trkpt lat="44.9475" lon="1.03466">
        <ele>151.0</ele>
      </trkpt>
      <trkpt lat="44.9471" lon="1.03421">
        <ele>150.4</ele>
      </trkpt>
      <trkpt lat="44.94681" lon="1.03356">
        <ele>148.3</ele>
      </trkpt>
      <trkpt lat="44.94654" lon="1.03245">
        <ele>147.4</ele>
      </trkpt>
      <trkpt lat="44.94592" lon="1.03139">
        <ele>140.0</ele>
      </trkpt>
      <trkpt lat="44.94531" lon="1.03069">
        <ele>137.8</ele>
      </trkpt>
      <trkpt lat="44.94511" lon="1.03034">
        <ele>135.5</ele>
      </trkpt>
      <trkpt lat="44.945" lon="1.02975">
        <ele>135.5</ele>
      </trkpt>
      <trkpt lat="44.94509" lon="1.02916">
        <ele>134.6</ele>
      </trkpt>
      <trkpt lat="44.94476" lon="1.02741">
        <ele>124.4</ele>
      </trkpt>
      <trkpt lat="44.94442" lon="1.02728">
        <ele>123.2</ele>
      </trkpt>
      <trkpt lat="44.94402" lon="1.02785">
        <ele>120.8</ele>
      </trkpt>
      <trkpt lat="44.94351" lon="1.02817">
        <ele>118.3</ele>
      </trkpt>
      <trkpt lat="44.94316" lon="1.0282">
        <ele>117.0</ele>
      </trkpt>
      <trkpt lat="44.94227" lon="1.02764">
        <ele>109.3</ele>
      </trkpt>
      <trkpt lat="44.94176" lon="1.02706">
        <ele>107.4</ele>
      </trkpt>
      <trkpt lat="44.94173" lon="1.02611">
        <ele>104.1</ele>
      </trkpt>
      <trkpt lat="44.94141" lon="1.02586">
        <ele>100.7</ele>
      </trkpt>
      <trkpt lat="44.94095" lon="1.02625">
        <ele>97.4</ele>
      </trkpt>
      <trkpt lat="44.94031" lon="1.02616">
        <ele>95.5</ele>
      </trkpt>
      <trkpt lat="44.93918" lon="1.0256">
        <ele>85.9</ele>
      </trkpt>
      <trkpt lat="44.93867" lon="1.02496">
        <ele>84.6</ele>
      </trkpt>
      <trkpt lat="44.93828" lon="1.02425">
        <ele>82.5</ele>
      </trkpt>
      <trkpt lat="44.93779" lon="1.02269">
        <ele>77.6</ele>
      </trkpt>
      <trkpt lat="44.93745" lon="1.02193">
        <ele>75.4</ele>
      </trkpt>
      <trkpt lat="44.93728" lon="1.02122">
        <ele>73.5</ele>
      </trkpt>
      <trkpt lat="44.93708" lon="1.02096">
        <ele>72.9</ele>
      </trkpt>
      <trkpt lat="44.93669" lon="1.0209">
        <ele>71.7</ele>
      </trkpt>
      <trkpt lat="44.93641" lon="1.02099">
        <ele>71.1</ele>
      </trkpt>
      <trkpt lat="44.93611" lon="1.02085">
        <ele>70.7</ele>
      </trkpt>
      <trkpt lat="44.93605" lon="1.02129">
        <ele>70.6</ele>
      </trkpt>
      <trkpt lat="44.93696" lon="1.02603">
        <ele>76.6</ele>
      </trkpt>
      <trkpt lat="44.93723" lon="1.02696">
        <ele>77.3</ele>
      </trkpt>
      <trkpt lat="44.93762" lon="1.0278">
        <ele>78.6</ele>
      </trkpt>
      <trkpt lat="44.93805" lon="1.02841">
        <ele>80.0</ele>
      </trkpt>
      <trkpt lat="44.93857" lon="1.02895">
        <ele>80.7</ele>
      </trkpt>
      <trkpt lat="44.94009" lon="1.02984">
        <ele>84.7</ele>
      </trkpt>
      <trkpt lat="44.94075" lon="1.03036">
        <ele>84.7</ele>
      </trkpt>
      <trkpt lat="44.94176" lon="1.03145">
        <ele>84.5</ele>
      </trkpt>
      <trkpt lat="44.94207" lon="1.03194">
        <ele>84.4</ele>
      </trkpt>
      <trkpt lat="44.94222" lon="1.03231">
        <ele>84.4</ele>
      </trkpt>
      <trkpt lat="44.94243" lon="1.03294">
        <ele>84.3</ele>
      </trkpt>
      <trkpt lat="44.94282" lon="1.0344">
        <ele>82.0</ele>
      </trkpt>
      <trkpt lat="44.94302" lon="1.03548">
        <ele>82.0</ele>
      </trkpt>
      <trkpt lat="44.94326" lon="1.03719">
        <ele>81.0</ele>
      </trkpt>
      <trkpt lat="44.94392" lon="1.0396">
        <ele>81.0</ele>
      </trkpt>
      <trkpt lat="44.94431" lon="1.04148">
        <ele>81.9</ele>
      </trkpt>
      <trkpt lat="44.94464" lon="1.04241">
        <ele>81.9</ele>
      </trkpt>
      <trkpt lat="44.94567" lon="1.04444">
        <ele>82.9</ele>
      </trkpt>
      <trkpt lat="44.94595" lon="1.04518">
        <ele>83.2</ele>
      </trkpt>
      <trkpt lat="44.94603" lon="1.04574">
        <ele>83.4</ele>
      </trkpt>
      <trkpt lat="44.94596" lon="1.04643">
        <ele>83.4</ele>
      </trkpt>
      <trkpt lat="44.94495" lon="1.04965">
        <ele>86.1</ele>
      </trkpt>
      <trkpt lat="44.9448" lon="1.05038">
        <ele>86.3</ele>
      </trkpt>
      <trkpt lat="44.94478" lon="1.05151">
        <ele>86.5</ele>
      </trkpt>
      <trkpt lat="44.94505" lon="1.05398">
        <ele>88.1</ele>
      </trkpt>
      <trkpt lat="44.94496" lon="1.05501">
        <ele>88.2</ele>
      </trkpt>
      <trkpt lat="44.94481" lon="1.05555">
        <ele>88.3</ele>
      </trkpt>
      <trkpt lat="44.94448" lon="1.0562">
        <ele>88.3</ele>
      </trkpt>
      <trkpt lat="44.94267" lon="1.05856">
        <ele>89.1</ele>
      </trkpt>
      <trkpt lat="44.94166" lon="1.0595">
        <ele>88.8</ele>
      </trkpt>
      <trkpt lat="44.94139" lon="1.0599">
        <ele>88.8</ele>
      </trkpt>
      <trkpt lat="44.94118" lon="1.06037">
        <ele>88.8</ele>
      </trkpt>
      <trkpt lat="44.94069" lon="1.0627">
        <ele>90.1</ele>
      </trkpt>
      <trkpt lat="44.94055" lon="1.0632">
        <ele>90.2</ele>
      </trkpt>
      <trkpt lat="44.94023" lon="1.06389">
        <ele>90.6</ele>
      </trkpt>
      <trkpt lat="44.93964" lon="1.06473">
        <ele>91.2</ele>
      </trkpt>
      <trkpt lat="44.93916" lon="1.06522">
        <ele>92.0</ele>
      </trkpt>
      <trkpt lat="44.93876" lon="1.06544">
        <ele>92.4</ele>
      </trkpt>
      <trkpt lat="44.93658" lon="1.06612">
        <ele>96.9</ele>
      </trkpt>
      <trkpt lat="44.93605" lon="1.06641">
        <ele>97.3</ele>
      </trkpt>
      <trkpt lat="44.93559" lon="1.06684">
        <ele>97.6</ele>
      </trkpt>
      <trkpt lat="44.93392" lon="1.06878">
        <ele>100.4</ele>
      </trkpt>
      <trkpt lat="44.93367" lon="1.0692">
        <ele>100.4</ele>
      </trkpt>
      <trkpt lat="44.93349" lon="1.06966">
        <ele>100.4</ele>
      </trkpt>
      <trkpt lat="44.93291" lon="1.07199">
        <ele>96.3</ele>
      </trkpt>
      <trkpt lat="44.93264" lon="1.07258">
        <ele>96.6</ele>
      </trkpt>
      <trkpt lat="44.93231" lon="1.07301">
        <ele>96.9</ele>
      </trkpt>
      <trkpt lat="44.93199" lon="1.07333">
        <ele>97.0</ele>
      </trkpt>
      <trkpt lat="44.93166" lon="1.07355">
        <ele>97.2</ele>
      </trkpt>
      <trkpt lat="44.93123" lon="1.07372">
        <ele>97.4</ele>
      </trkpt>
      <trkpt lat="44.92993" lon="1.07375">
        <ele>100.7</ele>
      </trkpt>
      <trkpt lat="44.92948" lon="1.07386">
        <ele>101.3</ele>
      </trkpt>
      <trkpt lat="44.92899" lon="1.07422">
        <ele>102.4</ele>
      </trkpt>
      <trkpt lat="44.92857" lon="1.07481">
        <ele>103.0</ele>
      </trkpt>
      <trkpt lat="44.92696" lon="1.07962">
        <ele>103.2</ele>
      </trkpt>
      <trkpt lat="44.92676" lon="1.08011">
        <ele>103.2</ele>
      </trkpt>
      <trkpt lat="44.92658" lon="1.08042">
        <ele>103.2</ele>
      </trkpt>
      <trkpt lat="44.92633" lon="1.08072">
        <ele>103.1</ele>
      </trkpt>
      <trkpt lat="44.92539" lon="1.08151">
        <ele>103.3</ele>
      </trkpt>
      <trkpt lat="44.92504" lon="1.08198">
        <ele>103.3</ele>
      </trkpt>
      <trkpt lat="44.92483" lon="1.0824">
        <ele>103.3</ele>
      </trkpt>
      <trkpt lat="44.92461" lon="1.08315">
        <ele>103.2</ele>
      </trkpt>
      <trkpt lat="44.92436" lon="1.08468">
        <ele>103.1</ele>
      </trkpt>
      <trkpt lat="44.92416" lon="1.08541">
        <ele>103.1</ele>
      </trkpt>
      <trkpt lat="44.92319" lon="1.08794">
        <ele>103.6</ele>
      </trkpt>
      <trkpt lat="44.92216" lon="1.09006">
        <ele>104.4</ele>
      </trkpt>
      <trkpt lat="44.92207" lon="1.09042">
        <ele>104.4</ele>
      </trkpt>
      <trkpt lat="44.92204" lon="1.09099">
        <ele>104.8</ele>
      </trkpt>
      <trkpt lat="44.9222" lon="1.09203">
        <ele>105.7</ele>
      </trkpt>
      <trkpt lat="44.92221" lon="1.09291">
        <ele>106.7</ele>
      </trkpt>
      <trkpt lat="44.92206" lon="1.09393">
        <ele>107.2</ele>
      </trkpt>
      <trkpt lat="44.92178" lon="1.09514">
        <ele>108.4</ele>
      </trkpt>
      <trkpt lat="44.92138" lon="1.09629">
        <ele>108.5</ele>
      </trkpt>
      <trkpt lat="44.92076" lon="1.09757">
        <ele>108.8</ele>
      </trkpt>
      <trkpt lat="44.91899" lon="1.10006">
        <ele>110.8</ele>
      </trkpt>
      <trkpt lat="44.91875" lon="1.10044">
        <ele>110.8</ele>
      </trkpt>
      <trkpt lat="44.91843" lon="1.10119">
        <ele>111.0</ele>
      </trkpt>
      <trkpt lat="44.91832" lon="1.10162">
        <ele>111.1</ele>
      </trkpt>
      <trkpt lat="44.91797" lon="1.10362">
        <ele>112.0</ele>
      </trkpt>
      <trkpt lat="44.91768" lon="1.10679">
        <ele>115.5</ele>
      </trkpt>
      <trkpt lat="44.91739" lon="1.10741">
        <ele>116.1</ele>
      </trkpt>
      <trkpt lat="44.91705" lon="1.10776">
        <ele>116.4</ele>
      </trkpt>
      <trkpt lat="44.91674" lon="1.10789">
        <ele>116.4</ele>
      </trkpt>
      <trkpt lat="44.91513" lon="1.10823">
        <ele>118.4</ele>
      </trkpt>
      <trkpt lat="44.91482" lon="1.10835">
        <ele>118.6</ele>
      </trkpt>
      <trkpt lat="44.91419" lon="1.10884">
        <ele>119.0</ele>
      </trkpt>
      <trkpt lat="44.91369" lon="1.10964">
        <ele>119.2</ele>
      </trkpt>
      <trkpt lat="44.9131" lon="1.11153">
        <ele>120.8</ele>
      </trkpt>
      <trkpt lat="44.91279" lon="1.11215">
        <ele>120.9</ele>
      </trkpt>
      <trkpt lat="44.91255" lon="1.11245">
        <ele>120.9</ele>
      </trkpt>
      <trkpt lat="44.91212" lon="1.11277">
        <ele>121.0</ele>
      </trkpt>
      <trkpt lat="44.91039" lon="1.11341">
        <ele>121.3</ele>
      </trkpt>
      <trkpt lat="44.90987" lon="1.11371">
        <ele>121.3</ele>
      </trkpt>
      <trkpt lat="44.90689" lon="1.11671">
        <ele>124.9</ele>
      </trkpt>
      <trkpt lat="44.90662" lon="1.1171">
        <ele>125.0</ele>
      </trkpt>
      <trkpt lat="44.90637" lon="1.1181">
        <ele>125.0</ele>
      </trkpt>
      <trkpt lat="44.90642" lon="1.12007">
        <ele>130.3</ele>
      </trkpt>
      <trkpt lat="44.90639" lon="1.12055">
        <ele>130.3</ele>
      </trkpt>
      <trkpt lat="44.90589" lon="1.12183">
        <ele>135.5</ele>
      </trkpt>
      <trkpt lat="44.9057" lon="1.12251">
        <ele>135.5</ele>
      </trkpt>
      <trkpt lat="44.90556" lon="1.12483">
        <ele>138.4</ele>
      </trkpt>
      <trkpt lat="44.90569" lon="1.12562">
        <ele>138.4</ele>
      </trkpt>
      <trkpt lat="44.90621" lon="1.1271">
        <ele>138.8</ele>
      </trkpt>
      <trkpt lat="44.9063" lon="1.12782">
        <ele>138.9</ele>
      </trkpt>
      <trkpt lat="44.90626" lon="1.12885">
        <ele>139.0</ele>
      </trkpt>
      <trkpt lat="44.90613" lon="1.12944">
        <ele>139.2</ele>
      </trkpt>
      <trkpt lat="44.90602" lon="1.13028">
        <ele>139.2</ele>
      </trkpt>
      <trkpt lat="44.90614" lon="1.13227">
        <ele>140.1</ele>
      </trkpt>
      <trkpt lat="44.90591" lon="1.13397">
        <ele>141.3</ele>
      </trkpt>
      <trkpt lat="44.906" lon="1.13494">
        <ele>141.3</ele>
      </trkpt>
      <trkpt lat="44.90638" lon="1.13636">
        <ele>142.5</ele>
      </trkpt>
      <trkpt lat="44.90652" lon="1.13772">
        <ele>142.9</ele>
      </trkpt>
      <trkpt lat="44.90673" lon="1.13826">
        <ele>142.9</ele>
      </trkpt>
      <trkpt lat="44.90724" lon="1.13876">
        <ele>143.2</ele>
      </trkpt>
      <trkpt lat="44.90785" lon="1.13909">
        <ele>143.8</ele>
      </trkpt>
      <trkpt lat="44.90808" lon="1.13932">
        <ele>144.1</ele>
      </trkpt>
      <trkpt lat="44.90825" lon="1.13962">
        <ele>144.1</ele>
      </trkpt>
      <trkpt lat="44.90841" lon="1.14017">
        <ele>144.3</ele>
      </trkpt>
      <trkpt lat="44.90862" lon="1.1427">
        <ele>147.2</ele>
      </trkpt>
      <trkpt lat="44.90874" lon="1.14323">
        <ele>147.2</ele>
      </trkpt>
      <trkpt lat="44.91179" lon="1.14714">
        <ele>152.9</ele>
      </trkpt>
      <trkpt lat="44.91215" lon="1.14767">
        <ele>153.3</ele>
      </trkpt>
      <trkpt lat="44.91228" lon="1.14822">
        <ele>154.0</ele>
      </trkpt>
      <trkpt lat="44.91236" lon="1.14916">
        <ele>154.7</ele>
      </trkpt>
      <trkpt lat="44.91245" lon="1.14968">
        <ele>155.0</ele>
      </trkpt>
      <trkpt lat="44.91286" lon="1.15159">
        <ele>157.7</ele>
      </trkpt>
      <trkpt lat="44.91297" lon="1.15194">
        <ele>157.9</ele>
      </trkpt>
      <trkpt lat="44.9132" lon="1.15242">
        <ele>158.1</ele>
      </trkpt>
      <trkpt lat="44.91349" lon="1.15268">
        <ele>158.3</ele>
      </trkpt>
      <trkpt lat="44.91382" lon="1.15314">
        <ele>158.8</ele>
      </trkpt>
      <trkpt lat="44.91394" lon="1.1539">
        <ele>160.2</ele>
      </trkpt>
      <trkpt lat="44.91382" lon="1.15446">
        <ele>162.0</ele>
      </trkpt>
      <trkpt lat="44.9132" lon="1.15536">
        <ele>164.2</ele>
      </trkpt>
      <trkpt lat="44.91303" lon="1.15578">
        <ele>166.7</ele>
      </trkpt>
      <trkpt lat="44.91287" lon="1.15697">
        <ele>167.7</ele>
      </trkpt>
      <trkpt lat="44.91233" lon="1.15854">
        <ele>173.1</ele>
      </trkpt>
      <trkpt lat="44.9115" lon="1.15993">
        <ele>178.4</ele>
      </trkpt>
      <trkpt lat="44.91142" lon="1.16031">
        <ele>179.5</ele>
      </trkpt>
      <trkpt lat="44.91173" lon="1.16132">
        <ele>181.6</ele>
      </trkpt>
      <trkpt lat="44.91174" lon="1.16218">
        <ele>183.8</ele>
      </trkpt>
      <trkpt lat="44.91149" lon="1.16249">
        <ele>184.8</ele>
      </trkpt>
      <trkpt lat="44.91047" lon="1.1632">
        <ele>190.8</ele>
      </trkpt>
      <trkpt lat="44.91025" lon="1.16356">
        <ele>190.8</ele>
      </trkpt>
      <trkpt lat="44.91014" lon="1.16396">
        <ele>190.8</ele>
      </trkpt>
      <trkpt lat="44.91025" lon="1.16588">
        <ele>198.4</ele>
      </trkpt>
      <trkpt lat="44.91034" lon="1.16624">
        <ele>198.4</ele>
      </trkpt>
      <trkpt lat="44.91059" lon="1.16685">
        <ele>199.2</ele>
      </trkpt>
      <trkpt lat="44.91057" lon="1.16758">
        <ele>200.7</ele>
      </trkpt>
      <trkpt lat="44.90972" lon="1.16869">
        <ele>206.7</ele>
      </trkpt>
      <trkpt lat="44.90956" lon="1.16914">
        <ele>206.7</ele>
      </trkpt>
      <trkpt lat="44.90953" lon="1.16963">
        <ele>207.7</ele>
      </trkpt>
      <trkpt lat="44.90969" lon="1.17084">
        <ele>211.3</ele>
      </trkpt>
      <trkpt lat="44.90984" lon="1.17152">
        <ele>212.4</ele>
      </trkpt>
      <trkpt lat="44.91008" lon="1.17194">
        <ele>214.0</ele>
      </trkpt>
      <trkpt lat="44.91056" lon="1.17236">
        <ele>215.9</ele>
      </trkpt>
      <trkpt lat="44.91076" lon="1.17264">
        <ele>215.9</ele>
      </trkpt>
      <trkpt lat="44.91085" lon="1.17312">
        <ele>217.4</ele>
      </trkpt>
      <trkpt lat="44.91058" lon="1.17385">
        <ele>218.5</ele>
      </trkpt>
      <trkpt lat="44.90887" lon="1.17539">
        <ele>228.4</ele>
      </trkpt>
      <trkpt lat="44.9084" lon="1.17592">
        <ele>228.4</ele>
      </trkpt>
      <trkpt lat="44.90795" lon="1.17702">
        <ele>231.8</ele>
      </trkpt>
      <trkpt lat="44.90756" lon="1.1791">
        <ele>237.9</ele>
      </trkpt>
      <trkpt lat="44.90716" lon="1.18034">
        <ele>241.5</ele>
      </trkpt>
      <trkpt lat="44.90701" lon="1.18101">
        <ele>241.5</ele>
      </trkpt>
      <trkpt lat="44.90686" lon="1.18287">
        <ele>248.6</ele>
      </trkpt>
      <trkpt lat="44.90692" lon="1.18339">
        <ele>248.6</ele>
      </trkpt>
      <trkpt lat="44.90707" lon="1.1838">
        <ele>248.6</ele>
      </trkpt>
      <trkpt lat="44.9081" lon="1.18473">
        <ele>253.7</ele>
      </trkpt>
      <trkpt lat="44.90844" lon="1.18514">
        <ele>254.8</ele>
      </trkpt>
      <trkpt lat="44.90865" lon="1.18589">
        <ele>256.3</ele>
      </trkpt>
      <trkpt lat="44.90857" lon="1.18658">
        <ele>258.3</ele>
      </trkpt>
      <trkpt lat="44.90833" lon="1.1871">
        <ele>258.8</ele>
      </trkpt>
      <trkpt lat="44.90809" lon="1.18733">
        <ele>259.4</ele>
      </trkpt>
      <trkpt lat="44.90738" lon="1.18765">
        <ele>261.3</ele>
      </trkpt>
      <trkpt lat="44.90699" lon="1.188">
        <ele>261.9</ele>
      </trkpt>
      <trkpt lat="44.90674" lon="1.18841">
        <ele>262.2</ele>
      </trkpt>
      <trkpt lat="44.90645" lon="1.1891">
        <ele>262.7</ele>
      </trkpt>
      <trkpt lat="44.90625" lon="1.18944">
        <ele>262.7</ele>
      </trkpt>
      <trkpt lat="44.90571" lon="1.18972">
        <ele>262.6</ele>
      </trkpt>
      <trkpt lat="44.90489" lon="1.18961">
        <ele>261.5</ele>
      </trkpt>
      <trkpt lat="44.90443" lon="1.18982">
        <ele>261.0</ele>
      </trkpt>
      <trkpt lat="44.90413" lon="1.19022">
        <ele>261.0</ele>
      </trkpt>
      <trkpt lat="44.90354" lon="1.19156">
        <ele>256.0</ele>
      </trkpt>
      <trkpt lat="44.90346" lon="1.19206">
        <ele>255.3</ele>
      </trkpt>
      <trkpt lat="44.9035" lon="1.19289">
        <ele>254.8</ele>
      </trkpt>
      <trkpt lat="44.90327" lon="1.19439">
        <ele>248.6</ele>
      </trkpt>
      <trkpt lat="44.90329" lon="1.1958">
        <ele>240.0</ele>
      </trkpt>
      <trkpt lat="44.90312" lon="1.19645">
        <ele>239.5</ele>
      </trkpt>
      <trkpt lat="44.90286" lon="1.1968">
        <ele>238.8</ele>
      </trkpt>
      <trkpt lat="44.90287" lon="1.19716">
        <ele>238.1</ele>
      </trkpt>
      <trkpt lat="44.90333" lon="1.19774">
        <ele>236.4</ele>
      </trkpt>
      <trkpt lat="44.9036" lon="1.19857">
        <ele>233.4</ele>
      </trkpt>
      <trkpt lat="44.90378" lon="1.19898">
        <ele>232.1</ele>
      </trkpt>
      <trkpt lat="44.90466" lon="1.2">
        <ele>224.8</ele>
      </trkpt>
      <trkpt lat="44.90482" lon="1.20052">
        <ele>222.5</ele>
      </trkpt>
      <trkpt lat="44.90481" lon="1.20128">
        <ele>220.5</ele>
      </trkpt>
      <trkpt lat="44.90469" lon="1.20172">
        <ele>220.5</ele>
      </trkpt>
      <trkpt lat="44.90444" lon="1.20216">
        <ele>219.4</ele>
      </trkpt>
      <trkpt lat="44.90357" lon="1.20307">
        <ele>209.8</ele>
      </trkpt>
      <trkpt lat="44.90331" lon="1.20349">
        <ele>208.8</ele>
      </trkpt>
      <trkpt lat="44.90309" lon="1.20411">
        <ele>208.8</ele>
      </trkpt>
      <trkpt lat="44.90303" lon="1.20459">
        <ele>206.2</ele>
      </trkpt>
      <trkpt lat="44.90301" lon="1.20553">
        <ele>201.9</ele>
      </trkpt>
      <trkpt lat="44.90287" lon="1.20622">
        <ele>198.4</ele>
      </trkpt>
      <trkpt lat="44.90262" lon="1.2067">
        <ele>196.7</ele>
      </trkpt>
      <trkpt lat="44.90165" lon="1.20804">
        <ele>184.9</ele>
      </trkpt>
      <trkpt lat="44.90132" lon="1.20894">
        <ele>182.7</ele>
      </trkpt>
      <trkpt lat="44.90063" lon="1.20967">
        <ele>178.1</ele>
      </trkpt>
      <trkpt lat="44.90041" lon="1.20995">
        <ele>175.3</ele>
      </trkpt>
      <trkpt lat="44.90023" lon="1.21057">
        <ele>175.3</ele>
      </trkpt>
      <trkpt lat="44.90014" lon="1.21113">
        <ele>174.3</ele>
      </trkpt>
      <trkpt lat="44.89921" lon="1.21208">
        <ele>165.2</ele>
      </trkpt>
      <trkpt lat="44.89822" lon="1.21273">
        <ele>158.2</ele>
      </trkpt>
      <trkpt lat="44.89764" lon="1.21293">
        <ele>157.6</ele>
      </trkpt>
      <trkpt lat="44.89734" lon="1.21287">
        <ele>157.3</ele>
      </trkpt>
      <trkpt lat="44.89707" lon="1.21295">
        <ele>157.3</ele>
      </trkpt>
      <trkpt lat="44.89673" lon="1.21293">
        <ele>157.4</ele>
      </trkpt>
      <trkpt lat="44.89346" lon="1.21254">
        <ele>163.9</ele>
      </trkpt>
      <trkpt lat="44.89297" lon="1.21269">
        <ele>163.8</ele>
      </trkpt>
      <trkpt lat="44.89213" lon="1.21311">
        <ele>163.9</ele>
      </trkpt>
      <trkpt lat="44.89112" lon="1.21343">
        <ele>159.4</ele>
      </trkpt>
      <trkpt lat="44.89065" lon="1.21374">
        <ele>158.0</ele>
      </trkpt>
      <trkpt lat="44.8901" lon="1.21426">
        <ele>155.2</ele>
      </trkpt>
      <trkpt lat="44.8896" lon="1.21456">
        <ele>154.4</ele>
      </trkpt>
      <trkpt lat="44.88926" lon="1.2146">
        <ele>153.6</ele>
      </trkpt>
      <trkpt lat="44.88871" lon="1.21433">
        <ele>151.1</ele>
      </trkpt>
      <trkpt lat="44.88831" lon="1.21447">
        <ele>146.9</ele>
      </trkpt>
      <trkpt lat="44.88781" lon="1.21544">
        <ele>142.0</ele>
      </trkpt>
      <trkpt lat="44.88728" lon="1.21611">
        <ele>137.1</ele>
      </trkpt>
      <trkpt lat="44.88722" lon="1.21656">
        <ele>135.8</ele>
      </trkpt>
      <trkpt lat="44.8868" lon="1.2167">
        <ele>135.8</ele>
      </trkpt>
      <trkpt lat="44.8832" lon="1.21776">
        <ele>130.0</ele>
      </trkpt>
      <trkpt lat="44.88052" lon="1.21689">
        <ele>125.6</ele>
      </trkpt>
      <trkpt lat="44.8793" lon="1.21634">
        <ele>126.1</ele>
      </trkpt>
      <trkpt lat="44.87891" lon="1.2163">
        <ele>126.1</ele>
      </trkpt>
      <trkpt lat="44.8786" lon="1.21574">
        <ele>126.6</ele>
      </trkpt>
      <trkpt lat="44.87829" lon="1.21522">
        <ele>128.2</ele>
      </trkpt>
      <trkpt lat="44.87802" lon="1.2145">
        <ele>129.8</ele>
      </trkpt>
      <trkpt lat="44.87769" lon="1.21408">
        <ele>131.7</ele>
      </trkpt>
      <trkpt lat="44.87729" lon="1.21368">
        <ele>134.0</ele>
      </trkpt>
      <trkpt lat="44.87674" lon="1.21339">
        <ele>137.2</ele>
      </trkpt>
      <trkpt lat="44.87641" lon="1.21323">
        <ele>138.8</ele>
      </trkpt>
      <trkpt lat="44.87601" lon="1.21296">
        <ele>138.8</ele>
      </trkpt>
      <trkpt lat="44.87567" lon="1.21274">
        <ele>139.5</ele>
      </trkpt>
      <trkpt lat="44.87292" lon="1.21101">
        <ele>129.9</ele>
      </trkpt>
      <trkpt lat="44.87234" lon="1.20999">
        <ele>123.2</ele>
      </trkpt>
      <trkpt lat="44.87162" lon="1.20936">
        <ele>121.5</ele>
      </trkpt>
      <trkpt lat="44.87141" lon="1.20909">
        <ele>120.0</ele>
      </trkpt>
      <trkpt lat="44.87115" lon="1.20957">
        <ele>119.4</ele>
      </trkpt>
      <trkpt lat="44.87095" lon="1.20988">
        <ele>118.9</ele>
      </trkpt>
      <trkpt lat="44.87045" lon="1.21035">
        <ele>118.4</ele>
      </trkpt>
      <trkpt lat="44.86876" lon="1.21103">
        <ele>112.6</ele>
      </trkpt>
      <trkpt lat="44.86835" lon="1.21108">
        <ele>112.6</ele>
      </trkpt>
      <trkpt lat="44.86794" lon="1.21085">
        <ele>112.6</ele>
      </trkpt>
      <trkpt lat="44.86656" lon="1.20917">
        <ele>110.2</ele>
      </trkpt>
      <trkpt lat="44.86595" lon="1.20887">
        <ele>110.3</ele>
      </trkpt>
      <trkpt lat="44.8655" lon="1.20886">
        <ele>110.5</ele>
      </trkpt>
      <trkpt lat="44.86373" lon="1.20946">
        <ele>109.6</ele>
      </trkpt>
      <trkpt lat="44.86324" lon="1.20971">
        <ele>109.6</ele>
      </trkpt>
      <trkpt lat="44.8628" lon="1.21024">
        <ele>109.6</ele>
      </trkpt>
      <trkpt lat="44.86203" lon="1.21188">
        <ele>109.3</ele>
      </trkpt>
      <trkpt lat="44.8618" lon="1.21221">
        <ele>109.3</ele>
      </trkpt>
      <trkpt lat="44.86149" lon="1.21239">
        <ele>109.0</ele>
      </trkpt>
      <trkpt lat="44.86066" lon="1.21251">
        <ele>108.4</ele>
      </trkpt>
      <trkpt lat="44.86027" lon="1.21286">
        <ele>108.0</ele>
      </trkpt>
      <trkpt lat="44.85983" lon="1.21353">
        <ele>107.7</ele>
      </trkpt>
      <trkpt lat="44.85941" lon="1.21378">
        <ele>107.6</ele>
      </trkpt>
      <trkpt lat="44.85871" lon="1.21392">
        <ele>107.5</ele>
      </trkpt>
      <trkpt lat="44.85762" lon="1.21368">
        <ele>106.9</ele>
      </trkpt>
      <trkpt lat="44.8573" lon="1.21376">
        <ele>106.9</ele>
      </trkpt>
      <trkpt lat="44.85615" lon="1.21426">
        <ele>105.9</ele>
      </trkpt>
      <trkpt lat="44.85535" lon="1.21407">
        <ele>105.9</ele>
      </trkpt>
      <trkpt lat="44.85498" lon="1.21409">
        <ele>105.6</ele>
      </trkpt>
      <trkpt lat="44.85416" lon="1.21439">
        <ele>105.5</ele>
      </trkpt>
      <trkpt lat="44.85315" lon="1.21493">
        <ele>105.0</ele>
      </trkpt>
      <trkpt lat="44.85131" lon="1.21493">
        <ele>106.0</ele>
      </trkpt>
      <trkpt lat="44.85077" lon="1.21509">
        <ele>106.8</ele>
      </trkpt>
      <trkpt lat="44.85021" lon="1.21546">
        <ele>108.3</ele>
      </trkpt>
      <trkpt lat="44.8499" lon="1.21554">
        <ele>108.7</ele>
      </trkpt>
      <trkpt lat="44.84959" lon="1.21552">
        <ele>108.7</ele>
      </trkpt>
      <trkpt lat="44.84857" lon="1.21455">
        <ele>107.1</ele>
      </trkpt>
      <trkpt lat="44.84821" lon="1.21431">
        <ele>106.6</ele>
      </trkpt>
      <trkpt lat="44.84793" lon="1.21427">
        <ele>106.6</ele>
      </trkpt>
      <trkpt lat="44.84762" lon="1.21438">
        <ele>106.1</ele>
      </trkpt>
      <trkpt lat="44.84669" lon="1.21498">
        <ele>100.3</ele>
      </trkpt>
      <trkpt lat="44.8463" lon="1.21513">
        <ele>100.3</ele>
      </trkpt>
      <trkpt lat="44.84597" lon="1.21512">
        <ele>100.0</ele>
      </trkpt>
      <trkpt lat="44.84535" lon="1.21493">
        <ele>99.3</ele>
      </trkpt>
      <trkpt lat="44.84506" lon="1.21498">
        <ele>99.7</ele>
      </trkpt>
      <trkpt lat="44.84431" lon="1.21564">
        <ele>100.5</ele>
      </trkpt>
      <trkpt lat="44.84398" lon="1.21579">
        <ele>100.9</ele>
      </trkpt>
      <trkpt lat="44.84362" lon="1.21577">
        <ele>100.7</ele>
      </trkpt>
      <trkpt lat="44.84291" lon="1.21549">
        <ele>100.3</ele>
      </trkpt>
      <trkpt lat="44.84264" lon="1.21545">
        <ele>99.9</ele>
      </trkpt>
      <trkpt lat="44.83978" lon="1.21624">
        <ele>93.6</ele>
      </trkpt>
      <trkpt lat="44.83948" lon="1.21617">
        <ele>93.3</ele>
      </trkpt>
      <trkpt lat="44.83883" lon="1.21581">
        <ele>92.9</ele>
      </trkpt>
      <trkpt lat="44.83834" lon="1.21585">
        <ele>92.7</ele>
      </trkpt>
      <trkpt lat="44.83745" lon="1.21652">
        <ele>93.6</ele>
      </trkpt>
      <trkpt lat="44.83617" lon="1.21661">
        <ele>90.6</ele>
      </trkpt>
      <trkpt lat="44.83566" lon="1.21674">
        <ele>90.4</ele>
      </trkpt>
      <trkpt lat="44.83521" lon="1.21701">
        <ele>89.9</ele>
      </trkpt>
      <trkpt lat="44.8348" lon="1.21735">
        <ele>89.7</ele>
      </trkpt>
      <trkpt lat="44.83411" lon="1.21823">
        <ele>90.1</ele>
      </trkpt>
      <trkpt lat="44.83374" lon="1.21857">
        <ele>89.9</ele>
      </trkpt>
      <trkpt lat="44.83305" lon="1.21878">
        <ele>89.9</ele>
      </trkpt>
      <trkpt lat="44.83161" lon="1.219">
        <ele>86.9</ele>
      </trkpt>
      <trkpt lat="44.83125" lon="1.21919">
        <ele>86.9</ele>
      </trkpt>
      <trkpt lat="44.83089" lon="1.21949">
        <ele>86.7</ele>
      </trkpt>
      <trkpt lat="44.83045" lon="1.22011">
        <ele>86.1</ele>
      </trkpt>
      <trkpt lat="44.82979" lon="1.22156">
        <ele>84.4</ele>
      </trkpt>
      <trkpt lat="44.82909" lon="1.22246">
        <ele>80.6</ele>
      </trkpt>
      <trkpt lat="44.82869" lon="1.22282">
        <ele>79.6</ele>
      </trkpt>
      <trkpt lat="44.82808" lon="1.22313">
        <ele>77.6</ele>
      </trkpt>
      <trkpt lat="44.82767" lon="1.22316">
        <ele>77.0</ele>
      </trkpt>
      <trkpt lat="44.82741" lon="1.223">
        <ele>77.1</ele>
      </trkpt>
      <trkpt lat="44.82719" lon="1.22267">
        <ele>77.0</ele>
      </trkpt>
      <trkpt lat="44.82704" lon="1.22225">
        <ele>77.1</ele>
      </trkpt>
      <trkpt lat="44.82531" lon="1.22341">
        <ele>75.9</ele>
      </trkpt>
      <trkpt lat="44.82509" lon="1.22365">
        <ele>75.9</ele>
      </trkpt>
      <trkpt lat="44.82423" lon="1.22537">
        <ele>78.0</ele>
      </trkpt>
      <trkpt lat="44.82389" lon="1.22589">
        <ele>78.0</ele>
      </trkpt>
      <trkpt lat="44.82213" lon="1.2267">
        <ele>80.3</ele>
      </trkpt>
      <trkpt lat="44.82097" lon="1.22832">
        <ele>85.1</ele>
      </trkpt>
      <trkpt lat="44.82045" lon="1.22914">
        <ele>86.1</ele>
      </trkpt>
      <trkpt lat="44.82091" lon="1.22961">
        <ele>88.2</ele>
      </trkpt>
      <trkpt lat="44.82075" lon="1.23009">
        <ele>88.8</ele>
      </trkpt>
      <trkpt lat="44.82015" lon="1.23074">
        <ele>89.1</ele>
      </trkpt>
      <trkpt lat="44.81947" lon="1.23136">
        <ele>89.1</ele>
      </trkpt>
      <trkpt lat="44.81913" lon="1.2318">
        <ele>88.8</ele>
      </trkpt>
      <trkpt lat="44.81867" lon="1.23247">
        <ele>89.1</ele>
      </trkpt>
      <trkpt lat="44.81832" lon="1.23337">
        <ele>89.8</ele>
      </trkpt>
      <trkpt lat="44.8181" lon="1.23379">
        <ele>90.3</ele>
      </trkpt>
      <trkpt lat="44.81772" lon="1.23417">
        <ele>90.3</ele>
      </trkpt>
      <trkpt lat="44.81383" lon="1.23177">
        <ele>98.8</ele>
      </trkpt>
      <trkpt lat="44.81307" lon="1.23141">
        <ele>100.4</ele>
      </trkpt>
      <trkpt lat="44.8124" lon="1.23058">
        <ele>102.0</ele>
      </trkpt>
      <trkpt lat="44.81155" lon="1.22982">
        <ele>108.1</ele>
      </trkpt>
      <trkpt lat="44.81117" lon="1.22969">
        <ele>109.0</ele>
      </trkpt>
      <trkpt lat="44.81044" lon="1.22966">
        <ele>109.7</ele>
      </trkpt>
      <trkpt lat="44.80939" lon="1.22842">
        <ele>117.1</ele>
      </trkpt>
      <trkpt lat="44.80905" lon="1.22811">
        <ele>118.2</ele>
      </trkpt>
      <trkpt lat="44.80845" lon="1.22784">
        <ele>120.3</ele>
      </trkpt>
      <trkpt lat="44.80765" lon="1.22761">
        <ele>122.9</ele>
      </trkpt>
      <trkpt lat="44.80721" lon="1.22715">
        <ele>125.4</ele>
      </trkpt>
      <trkpt lat="44.8069" lon="1.22646">
        <ele>127.6</ele>
      </trkpt>
      <trkpt lat="44.80638" lon="1.22632">
        <ele>129.7</ele>
      </trkpt>
      <trkpt lat="44.80626" lon="1.22714">
        <ele>130.7</ele>
      </trkpt>
      <trkpt lat="44.80594" lon="1.22845">
        <ele>135.4</ele>
      </trkpt>
      <trkpt lat="44.80599" lon="1.22905">
        <ele>135.4</ele>
      </trkpt>
      <trkpt lat="44.80608" lon="1.22942">
        <ele>135.9</ele>
      </trkpt>
      <trkpt lat="44.80665" lon="1.23017">
        <ele>137.2</ele>
      </trkpt>
      <trkpt lat="44.80668" lon="1.23094">
        <ele>138.6</ele>
      </trkpt>
      <trkpt lat="44.80607" lon="1.23054">
        <ele>140.5</ele>
      </trkpt>
      <trkpt lat="44.80527" lon="1.23009">
        <ele>142.4</ele>
      </trkpt>
      <trkpt lat="44.80483" lon="1.22939">
        <ele>144.5</ele>
      </trkpt>
      <trkpt lat="44.80455" lon="1.22912">
        <ele>145.1</ele>
      </trkpt>
      <trkpt lat="44.80403" lon="1.22914">
        <ele>145.5</ele>
      </trkpt>
      <trkpt lat="44.80363" lon="1.22928">
        <ele>146.9</ele>
      </trkpt>
      <trkpt lat="44.80343" lon="1.23006">
        <ele>148.6</ele>
      </trkpt>
      <trkpt lat="44.80301" lon="1.23045">
        <ele>149.9</ele>
      </trkpt>
      <trkpt lat="44.8027" lon="1.23041">
        <ele>150.5</ele>
      </trkpt>
      <trkpt lat="44.8025" lon="1.23003">
        <ele>151.6</ele>
      </trkpt>
      <trkpt lat="44.80239" lon="1.22955">
        <ele>152.8</ele>
      </trkpt>
      <trkpt lat="44.80237" lon="1.2291">
        <ele>154.4</ele>
      </trkpt>
      <trkpt lat="44.80251" lon="1.2287">
        <ele>155.8</ele>
      </trkpt>
      <trkpt lat="44.80282" lon="1.22828">
        <ele>157.3</ele>
      </trkpt>
      <trkpt lat="44.8029" lon="1.22786">
        <ele>158.9</ele>
      </trkpt>
      <trkpt lat="44.80259" lon="1.2274">
        <ele>159.8</ele>
      </trkpt>
      <trkpt lat="44.80263" lon="1.227">
        <ele>161.2</ele>
      </trkpt>
      <trkpt lat="44.80314" lon="1.22647">
        <ele>164.9</ele>
      </trkpt>
      <trkpt lat="44.80346" lon="1.22574">
        <ele>166.8</ele>
      </trkpt>
      <trkpt lat="44.80347" lon="1.22536">
        <ele>166.8</ele>
      </trkpt>
      <trkpt lat="44.80329" lon="1.2249">
        <ele>167.7</ele>
      </trkpt>
      <trkpt lat="44.80348" lon="1.22331">
        <ele>174.2</ele>
      </trkpt>
      <trkpt lat="44.80338" lon="1.22292">
        <ele>174.3</ele>
      </trkpt>
      <trkpt lat="44.80269" lon="1.22218">
        <ele>174.5</ele>
      </trkpt>
      <trkpt lat="44.80218" lon="1.22139">
        <ele>174.7</ele>
      </trkpt>
      <trkpt lat="44.80201" lon="1.2208">
        <ele>175.5</ele>
      </trkpt>
      <trkpt lat="44.8018" lon="1.21995">
        <ele>176.7</ele>
      </trkpt>
      <trkpt lat="44.80152" lon="1.21944">
        <ele>177.4</ele>
      </trkpt>
      <trkpt lat="44.80183" lon="1.21817">
        <ele>182.3</ele>
      </trkpt>
      <trkpt lat="44.8023" lon="1.21775">
        <ele>184.9</ele>
      </trkpt>
      <trkpt lat="44.80227" lon="1.21718">
        <ele>188.5</ele>
      </trkpt>
      <trkpt lat="44.80205" lon="1.21678">
        <ele>188.5</ele>
      </trkpt>
      <trkpt lat="44.8017" lon="1.21628">
        <ele>193.8</ele>
      </trkpt>
      <trkpt lat="44.80253" lon="1.21619">
        <ele>203.2</ele>
      </trkpt>
      <trkpt lat="44.80292" lon="1.21666">
        <ele>209.1</ele>
      </trkpt>
      <trkpt lat="44.80303" lon="1.21565">
        <ele>211.1</ele>
      </trkpt>
      <trkpt lat="44.80273" lon="1.21395">
        <ele>206.7</ele>
      </trkpt>
      <trkpt lat="44.80195" lon="1.21423">
        <ele>206.7</ele>
      </trkpt>
      <trkpt lat="44.80107" lon="1.21358">
        <ele>187.2</ele>
      </trkpt>
      <trkpt lat="44.8011" lon="1.21317">
        <ele>185.2</ele>
      </trkpt>
      <trkpt lat="44.80136" lon="1.21228">
        <ele>182.8</ele>
      </trkpt>
      <trkpt lat="44.80175" lon="1.21149">
        <ele>180.6</ele>
      </trkpt>
      <trkpt lat="44.80187" lon="1.20997">
        <ele>170.8</ele>
      </trkpt>
      <trkpt lat="44.80197" lon="1.2094">
        <ele>170.8</ele>
      </trkpt>
      <trkpt lat="44.80186" lon="1.20888">
        <ele>169.2</ele>
      </trkpt>
      <trkpt lat="44.80128" lon="1.20812">
        <ele>164.8</ele>
      </trkpt>
      <trkpt lat="44.80103" lon="1.2075">
        <ele>161.2</ele>
      </trkpt>
      <trkpt lat="44.80077" lon="1.20662">
        <ele>157.1</ele>
      </trkpt>
      <trkpt lat="44.80086" lon="1.20608">
        <ele>154.5</ele>
      </trkpt>
      <trkpt lat="44.80118" lon="1.20565">
        <ele>154.5</ele>
      </trkpt>
      <trkpt lat="44.80154" lon="1.20555">
        <ele>152.0</ele>
      </trkpt>
      <trkpt lat="44.80196" lon="1.20622">
        <ele>148.0</ele>
      </trkpt>
      <trkpt lat="44.80254" lon="1.20688">
        <ele>146.3</ele>
      </trkpt>
      <trkpt lat="44.80334" lon="1.20883">
        <ele>134.3</ele>
      </trkpt>
      <trkpt lat="44.80381" lon="1.20957">
        <ele>134.3</ele>
      </trkpt>
      <trkpt lat="44.80426" lon="1.21098">
        <ele>122.3</ele>
      </trkpt>
      <trkpt lat="44.80418" lon="1.20987">
        <ele>122.3</ele>
      </trkpt>
      <trkpt lat="44.80378" lon="1.20818">
        <ele>106.2</ele>
      </trkpt>
      <trkpt lat="44.80321" lon="1.20678">
        <ele>93.0</ele>
      </trkpt>
      <trkpt lat="44.80293" lon="1.20572">
        <ele>93.0</ele>
      </trkpt>
      <trkpt lat="44.80224" lon="1.20395">
        <ele>75.3</ele>
      </trkpt>
      <trkpt lat="44.8021" lon="1.2034">
        <ele>75.3</ele>
      </trkpt>
      <trkpt lat="44.80255" lon="1.2035">
        <ele>75.3</ele>
      </trkpt>
      <trkpt lat="44.80867" lon="1.2057">
        <ele>74.8</ele>
      </trkpt>
      <trkpt lat="44.80866" lon="1.20133">
        <ele>76.2</ele>
      </trkpt>
      <trkpt lat="44.80872" lon="1.19981">
        <ele>76.1</ele>
      </trkpt>
      <trkpt lat="44.80903" lon="1.1986">
        <ele>75.6</ele>
      </trkpt>
      <trkpt lat="44.80927" lon="1.19801">
        <ele>75.5</ele>
      </trkpt>
      <trkpt lat="44.80945" lon="1.1977">
        <ele>75.5</ele>
      </trkpt>
      <trkpt lat="44.80987" lon="1.19734">
        <ele>75.4</ele>
      </trkpt>
      <trkpt lat="44.811" lon="1.19711">
        <ele>73.0</ele>
      </trkpt>
      <trkpt lat="44.81188" lon="1.19673">
        <ele>72.4</ele>
      </trkpt>
      <trkpt lat="44.8163" lon="1.19334">
        <ele>74.6</ele>
      </trkpt>
      <trkpt lat="44.82279" lon="1.18749">
        <ele>69.6</ele>
      </trkpt>
      <trkpt lat="44.82369" lon="1.18652">
        <ele>69.0</ele>
      </trkpt>
      <trkpt lat="44.82438" lon="1.1856">
        <ele>68.5</ele>
      </trkpt>
      <trkpt lat="44.8251" lon="1.18416">
        <ele>68.0</ele>
      </trkpt>
      <trkpt lat="44.82619" lon="1.18141">
        <ele>68.1</ele>
      </trkpt>
      <trkpt lat="44.82703" lon="1.17888">
        <ele>69.9</ele>
      </trkpt>
      <trkpt lat="44.8271" lon="1.17807">
        <ele>69.9</ele>
      </trkpt>
      <trkpt lat="44.82702" lon="1.17763">
        <ele>70.1</ele>
      </trkpt>
      <trkpt lat="44.82652" lon="1.17625">
        <ele>69.4</ele>
      </trkpt>
      <trkpt lat="44.82562" lon="1.17511">
        <ele>69.6</ele>
      </trkpt>
      <trkpt lat="44.82541" lon="1.17475">
        <ele>69.6</ele>
      </trkpt>
      <trkpt lat="44.82532" lon="1.17432">
        <ele>69.6</ele>
      </trkpt>
      <trkpt lat="44.82498" lon="1.17167">
        <ele>70.3</ele>
      </trkpt>
      <trkpt lat="44.82468" lon="1.17027">
        <ele>70.9</ele>
      </trkpt>
      <trkpt lat="44.82445" lon="1.16946">
        <ele>70.9</ele>
      </trkpt>
      <trkpt lat="44.82404" lon="1.16819">
        <ele>71.0</ele>
      </trkpt>
      <trkpt lat="44.82389" lon="1.16757">
        <ele>71.0</ele>
      </trkpt>
      <trkpt lat="44.82259" lon="1.16475">
        <ele>69.8</ele>
      </trkpt>
      <trkpt lat="44.82234" lon="1.16407">
        <ele>69.8</ele>
      </trkpt>
      <trkpt lat="44.82193" lon="1.16224">
        <ele>69.9</ele>
      </trkpt>
      <trkpt lat="44.82178" lon="1.16124">
        <ele>70.6</ele>
      </trkpt>
      <trkpt lat="44.82176" lon="1.16018">
        <ele>72.4</ele>
      </trkpt>
      <trkpt lat="44.82179" lon="1.15976">
        <ele>73.5</ele>
      </trkpt>
      <trkpt lat="44.82195" lon="1.1592">
        <ele>73.5</ele>
      </trkpt>
      <trkpt lat="44.82219" lon="1.15869">
        <ele>74.0</ele>
      </trkpt>
      <trkpt lat="44.82282" lon="1.15772">
        <ele>76.9</ele>
      </trkpt>
      <trkpt lat="44.82359" lon="1.15684">
        <ele>78.7</ele>
      </trkpt>
      <trkpt lat="44.82461" lon="1.15551">
        <ele>78.0</ele>
      </trkpt>
      <trkpt lat="44.82533" lon="1.15489">
        <ele>77.8</ele>
      </trkpt>
      <trkpt lat="44.82613" lon="1.15448">
        <ele>77.6</ele>
      </trkpt>
      <trkpt lat="44.82923" lon="1.15313">
        <ele>71.6</ele>
      </trkpt>
      <trkpt lat="44.82984" lon="1.15293">
        <ele>71.6</ele>
      </trkpt>
      <trkpt lat="44.83243" lon="1.15293">
        <ele>67.6</ele>
      </trkpt>
      <trkpt lat="44.83271" lon="1.15321">
        <ele>67.6</ele>
      </trkpt>
      <trkpt lat="44.83338" lon="1.15412">
        <ele>67.4</ele>
      </trkpt>
      <trkpt lat="44.83373" lon="1.15377">
        <ele>67.3</ele>
      </trkpt>
      <trkpt lat="44.83394" lon="1.1529">
        <ele>67.2</ele>
      </trkpt>
      <trkpt lat="44.83421" lon="1.15242">
        <ele>67.1</ele>
      </trkpt>
      <trkpt lat="44.83652" lon="1.15146">
        <ele>66.7</ele>
      </trkpt>
      <trkpt lat="44.83695" lon="1.15119">
        <ele>66.7</ele>
      </trkpt>
      <trkpt lat="44.83721" lon="1.15095">
        <ele>66.7</ele>
      </trkpt>
      <trkpt lat="44.83757" lon="1.15043">
        <ele>66.6</ele>
      </trkpt>
      <trkpt lat="44.83821" lon="1.14878">
        <ele>66.6</ele>
      </trkpt>
      <trkpt lat="44.83916" lon="1.1468">
        <ele>67.1</ele>
      </trkpt>
      <trkpt lat="44.83929" lon="1.14578">
        <ele>67.1</ele>
      </trkpt>
      <trkpt lat="44.83942" lon="1.14341">
        <ele>68.1</ele>
      </trkpt>
      <trkpt lat="44.8398" lon="1.14226">
        <ele>68.8</ele>
      </trkpt>
      <trkpt lat="44.84007" lon="1.14124">
        <ele>69.2</ele>
      </trkpt>
      <trkpt lat="44.84025" lon="1.14026">
        <ele>69.5</ele>
      </trkpt>
      <trkpt lat="44.84044" lon="1.13878">
        <ele>70.4</ele>
      </trkpt>
      <trkpt lat="44.84075" lon="1.13779">
        <ele>70.5</ele>
      </trkpt>
      <trkpt lat="44.84082" lon="1.13727">
        <ele>71.9</ele>
      </trkpt>
      <trkpt lat="44.84063" lon="1.13618">
        <ele>73.9</ele>
      </trkpt>
      <trkpt lat="44.84037" lon="1.13519">
        <ele>75.4</ele>
      </trkpt>
      <trkpt lat="44.83948" lon="1.13257">
        <ele>82.3</ele>
      </trkpt>
      <trkpt lat="44.83911" lon="1.13178">
        <ele>82.3</ele>
      </trkpt>
      <trkpt lat="44.83821" lon="1.13031">
        <ele>75.0</ele>
      </trkpt>
      <trkpt lat="44.83797" lon="1.12958">
        <ele>73.7</ele>
      </trkpt>
      <trkpt lat="44.83792" lon="1.12888">
        <ele>73.1</ele>
      </trkpt>
      <trkpt lat="44.83799" lon="1.12836">
        <ele>72.5</ele>
      </trkpt>
      <trkpt lat="44.83824" lon="1.12721">
        <ele>71.0</ele>
      </trkpt>
      <trkpt lat="44.83821" lon="1.12661">
        <ele>70.5</ele>
      </trkpt>
      <trkpt lat="44.83541" lon="1.10656">
        <ele>67.7</ele>
      </trkpt>
      <trkpt lat="44.83528" lon="1.10532">
        <ele>67.7</ele>
      </trkpt>
      <trkpt lat="44.83528" lon="1.10405">
        <ele>66.8</ele>
      </trkpt>
      <trkpt lat="44.83536" lon="1.10301">
        <ele>66.8</ele>
      </trkpt>
      <trkpt lat="44.83649" lon="1.09683">
        <ele>72.4</ele>
      </trkpt>
      <trkpt lat="44.83687" lon="1.09541">
        <ele>74.3</ele>
      </trkpt>
      <trkpt lat="44.83768" lon="1.09337">
        <ele>75.7</ele>
      </trkpt>
      <trkpt lat="44.83869" lon="1.09001">
        <ele>68.8</ele>
      </trkpt>
      <trkpt lat="44.83904" lon="1.08916">
        <ele>68.1</ele>
      </trkpt>
      <trkpt lat="44.83954" lon="1.08836">
        <ele>67.3</ele>
      </trkpt>
      <trkpt lat="44.84399" lon="1.08354">
        <ele>64.5</ele>
      </trkpt>
      <trkpt lat="44.84474" lon="1.08293">
        <ele>64.5</ele>
      </trkpt>
      <trkpt lat="44.8461" lon="1.08199">
        <ele>63.8</ele>
      </trkpt>
      <trkpt lat="44.84659" lon="1.0815">
        <ele>63.8</ele>
      </trkpt>
      <trkpt lat="44.84911" lon="1.07856">
        <ele>63.4</ele>
      </trkpt>
      <trkpt lat="44.85" lon="1.07716">
        <ele>63.2</ele>
      </trkpt>
      <trkpt lat="44.85055" lon="1.07641">
        <ele>63.2</ele>
      </trkpt>
      <trkpt lat="44.85091" lon="1.07606">
        <ele>63.3</ele>
      </trkpt>
      <trkpt lat="44.85125" lon="1.07583">
        <ele>63.3</ele>
      </trkpt>
      <trkpt lat="44.85247" lon="1.07536">
        <ele>66.0</ele>
      </trkpt>
      <trkpt lat="44.85284" lon="1.07514">
        <ele>66.0</ele>
      </trkpt>
      <trkpt lat="44.85312" lon="1.07486">
        <ele>66.0</ele>
      </trkpt>
      <trkpt lat="44.85421" lon="1.07333">
        <ele>69.4</ele>
      </trkpt>
      <trkpt lat="44.857" lon="1.0691">
        <ele>70.6</ele>
      </trkpt>
      <trkpt lat="44.85741" lon="1.0683">
        <ele>70.6</ele>
      </trkpt>
      <trkpt lat="44.85839" lon="1.06565">
        <ele>70.6</ele>
      </trkpt>
      <trkpt lat="44.85866" lon="1.06519">
        <ele>70.6</ele>
      </trkpt>
      <trkpt lat="44.85934" lon="1.06432">
        <ele>68.5</ele>
      </trkpt>
      <trkpt lat="44.85971" lon="1.06367">
        <ele>68.0</ele>
      </trkpt>
      <trkpt lat="44.85993" lon="1.06297">
        <ele>67.5</ele>
      </trkpt>
      <trkpt lat="44.86039" lon="1.06034">
        <ele>64.0</ele>
      </trkpt>
      <trkpt lat="44.86061" lon="1.0595">
        <ele>64.0</ele>
      </trkpt>
      <trkpt lat="44.86305" lon="1.05401">
        <ele>63.2</ele>
      </trkpt>
      <trkpt lat="44.86429" lon="1.05134">
        <ele>62.5</ele>
      </trkpt>
      <trkpt lat="44.86457" lon="1.05051">
        <ele>62.5</ele>
      </trkpt>
      <trkpt lat="44.86477" lon="1.04923">
        <ele>63.1</ele>
      </trkpt>
      <trkpt lat="44.86477" lon="1.04838">
        <ele>63.1</ele>
      </trkpt>
      <trkpt lat="44.86471" lon="1.04767">
        <ele>62.9</ele>
      </trkpt>
      <trkpt lat="44.86458" lon="1.0468">
        <ele>62.8</ele>
      </trkpt>
      <trkpt lat="44.86415" lon="1.04489">
        <ele>63.3</ele>
      </trkpt>
      <trkpt lat="44.86357" lon="1.04323">
        <ele>63.3</ele>
      </trkpt>
      <trkpt lat="44.86258" lon="1.04078">
        <ele>62.0</ele>
      </trkpt>
      <trkpt lat="44.86221" lon="1.04002">
        <ele>62.0</ele>
      </trkpt>
      <trkpt lat="44.86178" lon="1.03941">
        <ele>62.0</ele>
      </trkpt>
      <trkpt lat="44.86122" lon="1.03897">
        <ele>62.0</ele>
      </trkpt>
      <trkpt lat="44.85989" lon="1.03828">
        <ele>61.5</ele>
      </trkpt>
      <trkpt lat="44.85366" lon="1.03479">
        <ele>66.2</ele>
      </trkpt>
      <trkpt lat="44.85299" lon="1.03427">
        <ele>66.2</ele>
      </trkpt>
      <trkpt lat="44.84935" lon="1.03079">
        <ele>62.2</ele>
      </trkpt>
      <trkpt lat="44.84867" lon="1.03005">
        <ele>62.2</ele>
      </trkpt>
      <trkpt lat="44.84796" lon="1.02898">
        <ele>61.6</ele>
      </trkpt>
      <trkpt lat="44.84532" lon="1.0236">
        <ele>60.6</ele>
      </trkpt>
      <trkpt lat="44.8448" lon="1.02264">
        <ele>60.6</ele>
      </trkpt>
      <trkpt lat="44.8443" lon="1.02203">
        <ele>60.5</ele>
      </trkpt>
      <trkpt lat="44.84379" lon="1.02159">
        <ele>60.6</ele>
      </trkpt>
      <trkpt lat="44.84311" lon="1.02122">
        <ele>60.9</ele>
      </trkpt>
      <trkpt lat="44.84269" lon="1.0211">
        <ele>61.5</ele>
      </trkpt>
      <trkpt lat="44.84218" lon="1.02105">
        <ele>62.8</ele>
      </trkpt>
      <trkpt lat="44.84151" lon="1.02113">
        <ele>63.5</ele>
      </trkpt>
      <trkpt lat="44.83996" lon="1.02159">
        <ele>70.7</ele>
      </trkpt>
      <trkpt lat="44.83921" lon="1.02163">
        <ele>70.7</ele>
      </trkpt>
      <trkpt lat="44.83697" lon="1.0209">
        <ele>74.7</ele>
      </trkpt>
      <trkpt lat="44.83533" lon="1.0201">
        <ele>69.5</ele>
      </trkpt>
      <trkpt lat="44.83433" lon="1.01945">
        <ele>66.3</ele>
      </trkpt>
      <trkpt lat="44.83082" lon="1.01652">
        <ele>73.1</ele>
      </trkpt>
      <trkpt lat="44.82774" lon="1.01333">
        <ele>87.0</ele>
      </trkpt>
      <trkpt lat="44.82721" lon="1.01262">
        <ele>87.3</ele>
      </trkpt>
      <trkpt lat="44.82696" lon="1.01209">
        <ele>87.8</ele>
      </trkpt>
      <trkpt lat="44.82603" lon="1.00947">
        <ele>89.5</ele>
      </trkpt>
      <trkpt lat="44.8254" lon="1.00812">
        <ele>87.8</ele>
      </trkpt>
      <trkpt lat="44.82505" lon="1.00747">
        <ele>87.4</ele>
      </trkpt>
      <trkpt lat="44.82451" lon="1.00663">
        <ele>87.0</ele>
      </trkpt>
      <trkpt lat="44.82228" lon="1.00373">
        <ele>86.7</ele>
      </trkpt>
      <trkpt lat="44.82193" lon="1.00296">
        <ele>84.8</ele>
      </trkpt>
      <trkpt lat="44.82181" lon="1.00243">
        <ele>83.9</ele>
      </trkpt>
      <trkpt lat="44.82175" lon="1.00185">
        <ele>83.9</ele>
      </trkpt>
      <trkpt lat="44.82188" lon="0.99824">
        <ele>64.0</ele>
      </trkpt>
      <trkpt lat="44.82185" lon="0.99761">
        <ele>64.0</ele>
      </trkpt>
      <trkpt lat="44.82161" lon="0.99541">
        <ele>59.3</ele>
      </trkpt>
      <trkpt lat="44.82162" lon="0.99438">
        <ele>59.2</ele>
      </trkpt>
      <trkpt lat="44.82189" lon="0.99334">
        <ele>59.0</ele>
      </trkpt>
      <trkpt lat="44.82213" lon="0.99287">
        <ele>58.9</ele>
      </trkpt>
      <trkpt lat="44.82271" lon="0.99195">
        <ele>59.1</ele>
      </trkpt>
      <trkpt lat="44.82294" lon="0.99148">
        <ele>59.2</ele>
      </trkpt>
      <trkpt lat="44.82305" lon="0.99108">
        <ele>59.2</ele>
      </trkpt>
      <trkpt lat="44.8231" lon="0.99057">
        <ele>59.5</ele>
      </trkpt>
      <trkpt lat="44.82297" lon="0.98952">
        <ele>59.7</ele>
      </trkpt>
      <trkpt lat="44.82282" lon="0.98917">
        <ele>59.6</ele>
      </trkpt>
      <trkpt lat="44.82256" lon="0.98892">
        <ele>59.6</ele>
      </trkpt>
      <trkpt lat="44.82236" lon="0.98848">
        <ele>59.6</ele>
      </trkpt>
      <trkpt lat="44.82207" lon="0.98691">
        <ele>59.1</ele>
      </trkpt>
      <trkpt lat="44.82178" lon="0.98404">
        <ele>59.2</ele>
      </trkpt>
      <trkpt lat="44.8217" lon="0.98361">
        <ele>59.2</ele>
      </trkpt>
      <trkpt lat="44.82155" lon="0.97956">
        <ele>59.0</ele>
      </trkpt>
      <trkpt lat="44.82176" lon="0.97781">
        <ele>58.9</ele>
      </trkpt>
      <trkpt lat="44.82181" lon="0.97293">
        <ele>58.4</ele>
      </trkpt>
      <trkpt lat="44.82134" lon="0.96841">
        <ele>57.8</ele>
      </trkpt>
      <trkpt lat="44.8213" lon="0.96768">
        <ele>57.8</ele>
      </trkpt>
      <trkpt lat="44.82141" lon="0.96567">
        <ele>58.1</ele>
      </trkpt>
      <trkpt lat="44.82167" lon="0.96459">
        <ele>58.1</ele>
      </trkpt>
      <trkpt lat="44.82368" lon="0.95847">
        <ele>58.6</ele>
      </trkpt>
      <trkpt lat="44.82546" lon="0.95319">
        <ele>59.0</ele>
      </trkpt>
      <trkpt lat="44.82575" lon="0.9525">
        <ele>59.0</ele>
      </trkpt>
      <trkpt lat="44.82629" lon="0.95093">
        <ele>59.1</ele>
      </trkpt>
      <trkpt lat="44.82709" lon="0.94843">
        <ele>58.9</ele>
      </trkpt>
      <trkpt lat="44.82786" lon="0.94664">
        <ele>58.7</ele>
      </trkpt>
      <trkpt lat="44.82854" lon="0.9454">
        <ele>58.6</ele>
      </trkpt>
      <trkpt lat="44.83077" lon="0.94211">
        <ele>58.2</ele>
      </trkpt>
      <trkpt lat="44.83127" lon="0.94157">
        <ele>58.2</ele>
      </trkpt>
      <trkpt lat="44.83472" lon="0.93864">
        <ele>56.5</ele>
      </trkpt>
      <trkpt lat="44.83755" lon="0.93505">
        <ele>57.4</ele>
      </trkpt>
      <trkpt lat="44.83972" lon="0.93305">
        <ele>58.0</ele>
      </trkpt>
      <trkpt lat="44.84016" lon="0.93254">
        <ele>58.0</ele>
      </trkpt>
      <trkpt lat="44.84152" lon="0.93065">
        <ele>59.0</ele>
      </trkpt>
      <trkpt lat="44.84195" lon="0.92984">
        <ele>59.0</ele>
      </trkpt>
      <trkpt lat="44.84234" lon="0.92867">
        <ele>59.2</ele>
      </trkpt>
      <trkpt lat="44.84663" lon="0.91381">
        <ele>61.5</ele>
      </trkpt>
      <trkpt lat="44.84659" lon="0.91302">
        <ele>61.5</ele>
      </trkpt>
      <trkpt lat="44.84596" lon="0.91115">
        <ele>63.0</ele>
      </trkpt>
      <trkpt lat="44.84605" lon="0.90876">
        <ele>63.2</ele>
      </trkpt>
      <trkpt lat="44.84611" lon="0.90802">
        <ele>62.9</ele>
      </trkpt>
      <trkpt lat="44.84633" lon="0.90716">
        <ele>62.7</ele>
      </trkpt>
      <trkpt lat="44.84654" lon="0.9058">
        <ele>61.7</ele>
      </trkpt>
      <trkpt lat="44.84672" lon="0.9051">
        <ele>61.7</ele>
      </trkpt>
      <trkpt lat="44.84729" lon="0.90361">
        <ele>62.3</ele>
      </trkpt>
      <trkpt lat="44.84802" lon="0.90202">
        <ele>63.9</ele>
      </trkpt>
      <trkpt lat="44.84826" lon="0.90174">
        <ele>64.3</ele>
      </trkpt>
      <trkpt lat="44.84801" lon="0.90152">
        <ele>64.3</ele>
      </trkpt>
      <trkpt lat="44.84772" lon="0.90098">
        <ele>64.6</ele>
      </trkpt>
      <trkpt lat="44.84584" lon="0.89682">
        <ele>77.3</ele>
      </trkpt>
      <trkpt lat="44.84565" lon="0.89645">
        <ele>79.0</ele>
      </trkpt>
      <trkpt lat="44.84511" lon="0.89563">
        <ele>80.2</ele>
      </trkpt>
      <trkpt lat="44.84415" lon="0.89335">
        <ele>93.7</ele>
      </trkpt>
      <trkpt lat="44.84385" lon="0.8928">
        <ele>93.7</ele>
      </trkpt>
      <trkpt lat="44.84314" lon="0.8917">
        <ele>99.9</ele>
      </trkpt>
      <trkpt lat="44.84301" lon="0.89126">
        <ele>99.9</ele>
      </trkpt>
      <trkpt lat="44.84298" lon="0.88851">
        <ele>113.3</ele>
      </trkpt>
      <trkpt lat="44.8429" lon="0.88763">
        <ele>114.8</ele>
      </trkpt>
      <trkpt lat="44.84274" lon="0.88699">
        <ele>118.8</ele>
      </trkpt>
      <trkpt lat="44.84234" lon="0.88588">
        <ele>123.4</ele>
      </trkpt>
      <trkpt lat="44.84222" lon="0.88514">
        <ele>129.5</ele>
      </trkpt>
      <trkpt lat="44.84224" lon="0.88455">
        <ele>131.3</ele>
      </trkpt>
      <trkpt lat="44.84233" lon="0.88406">
        <ele>131.3</ele>
      </trkpt>
      <trkpt lat="44.84298" lon="0.88204">
        <ele>149.2</ele>
      </trkpt>
      <trkpt lat="44.84299" lon="0.88139">
        <ele>151.2</ele>
      </trkpt>
      <trkpt lat="44.84275" lon="0.88063">
        <ele>153.1</ele>
      </trkpt>
      <trkpt lat="44.8415" lon="0.87854">
        <ele>170.5</ele>
      </trkpt>
      <trkpt lat="44.84139" lon="0.87819">
        <ele>171.5</ele>
      </trkpt>
      <trkpt lat="44.84134" lon="0.87778">
        <ele>172.3</ele>
      </trkpt>
      <trkpt lat="44.84136" lon="0.87723">
        <ele>173.7</ele>
      </trkpt>
      <trkpt lat="44.84148" lon="0.87685">
        <ele>174.5</ele>
      </trkpt>
      <trkpt lat="44.8417" lon="0.87648">
        <ele>177.9</ele>
      </trkpt>
      <trkpt lat="44.84231" lon="0.87597">
        <ele>183.7</ele>
      </trkpt>
      <trkpt lat="44.8426" lon="0.87556">
        <ele>186.8</ele>
      </trkpt>
      <trkpt lat="44.84278" lon="0.87505">
        <ele>186.8</ele>
      </trkpt>
      <trkpt lat="44.84281" lon="0.87459">
        <ele>187.4</ele>
      </trkpt>
      <trkpt lat="44.84222" lon="0.87118">
        <ele>189.4</ele>
      </trkpt>
      <trkpt lat="44.8421" lon="0.87067">
        <ele>188.8</ele>
      </trkpt>
      <trkpt lat="44.84186" lon="0.87017">
        <ele>188.1</ele>
      </trkpt>
      <trkpt lat="44.84153" lon="0.86986">
        <ele>186.7</ele>
      </trkpt>
      <trkpt lat="44.84119" lon="0.86974">
        <ele>186.0</ele>
      </trkpt>
      <trkpt lat="44.84087" lon="0.86975">
        <ele>183.6</ele>
      </trkpt>
      <trkpt lat="44.84021" lon="0.86994">
        <ele>178.2</ele>
      </trkpt>
      <trkpt lat="44.83985" lon="0.8699">
        <ele>176.5</ele>
      </trkpt>
      <trkpt lat="44.83937" lon="0.86956">
        <ele>175.0</ele>
      </trkpt>
      <trkpt lat="44.83907" lon="0.86891">
        <ele>169.4</ele>
      </trkpt>
      <trkpt lat="44.83901" lon="0.86838">
        <ele>168.0</ele>
      </trkpt>
      <trkpt lat="44.83904" lon="0.86799">
        <ele>168.0</ele>
      </trkpt>
      <trkpt lat="44.83989" lon="0.86354">
        <ele>144.9</ele>
      </trkpt>
      <trkpt lat="44.83987" lon="0.8629">
        <ele>144.9</ele>
      </trkpt>
      <trkpt lat="44.83956" lon="0.86072">
        <ele>132.9</ele>
      </trkpt>
      <trkpt lat="44.83955" lon="0.86019">
        <ele>132.1</ele>
      </trkpt>
      <trkpt lat="44.83962" lon="0.85966">
        <ele>131.2</ele>
      </trkpt>
      <trkpt lat="44.83976" lon="0.85913">
        <ele>130.4</ele>
      </trkpt>
      <trkpt lat="44.84004" lon="0.85858">
        <ele>129.5</ele>
      </trkpt>
      <trkpt lat="44.84072" lon="0.85751">
        <ele>124.0</ele>
      </trkpt>
      <trkpt lat="44.84089" lon="0.85706">
        <ele>124.0</ele>
      </trkpt>
      <trkpt lat="44.84097" lon="0.85644">
        <ele>123.3</ele>
      </trkpt>
      <trkpt lat="44.84093" lon="0.85538">
        <ele>121.1</ele>
      </trkpt>
      <trkpt lat="44.84096" lon="0.85452">
        <ele>119.7</ele>
      </trkpt>
      <trkpt lat="44.84112" lon="0.85387">
        <ele>119.0</ele>
      </trkpt>
      <trkpt lat="44.84158" lon="0.85257">
        <ele>116.2</ele>
      </trkpt>
      <trkpt lat="44.84215" lon="0.85139">
        <ele>114.0</ele>
      </trkpt>
      <trkpt lat="44.84254" lon="0.85081">
        <ele>113.7</ele>
      </trkpt>
      <trkpt lat="44.84306" lon="0.85035">
        <ele>113.1</ele>
      </trkpt>
      <trkpt lat="44.84388" lon="0.84987">
        <ele>112.6</ele>
      </trkpt>
      <trkpt lat="44.84425" lon="0.84957">
        <ele>112.4</ele>
      </trkpt>
      <trkpt lat="44.84459" lon="0.84915">
        <ele>112.3</ele>
      </trkpt>
      <trkpt lat="44.84492" lon="0.84858">
        <ele>111.8</ele>
      </trkpt>
      <trkpt lat="44.84538" lon="0.8475">
        <ele>111.4</ele>
      </trkpt>
      <trkpt lat="44.84558" lon="0.8469">
        <ele>111.1</ele>
      </trkpt>
      <trkpt lat="44.84598" lon="0.84482">
        <ele>107.7</ele>
      </trkpt>
      <trkpt lat="44.84661" lon="0.84276">
        <ele>104.2</ele>
      </trkpt>
      <trkpt lat="44.84671" lon="0.84224">
        <ele>104.0</ele>
      </trkpt>
      <trkpt lat="44.84668" lon="0.84165">
        <ele>103.8</ele>
      </trkpt>
      <trkpt lat="44.84652" lon="0.84116">
        <ele>103.6</ele>
      </trkpt>
      <trkpt lat="44.84623" lon="0.84073">
        <ele>103.1</ele>
      </trkpt>
      <trkpt lat="44.84581" lon="0.84026">
        <ele>102.2</ele>
      </trkpt>
      <trkpt lat="44.84559" lon="0.83976">
        <ele>101.9</ele>
      </trkpt>
      <trkpt lat="44.84407" lon="0.83415">
        <ele>113.6</ele>
      </trkpt>
      <trkpt lat="44.84402" lon="0.83366">
        <ele>113.6</ele>
      </trkpt>
      <trkpt lat="44.84444" lon="0.83193">
        <ele>120.2</ele>
      </trkpt>
      <trkpt lat="44.84451" lon="0.83139">
        <ele>118.7</ele>
      </trkpt>
      <trkpt lat="44.84437" lon="0.83055">
        <ele>115.8</ele>
      </trkpt>
      <trkpt lat="44.84404" lon="0.82995">
        <ele>111.2</ele>
      </trkpt>
      <trkpt lat="44.84346" lon="0.82929">
        <ele>105.7</ele>
      </trkpt>
      <trkpt lat="44.84328" lon="0.82891">
        <ele>102.3</ele>
      </trkpt>
      <trkpt lat="44.84319" lon="0.82848">
        <ele>101.1</ele>
      </trkpt>
      <trkpt lat="44.84322" lon="0.82779">
        <ele>99.7</ele>
      </trkpt>
      <trkpt lat="44.8434" lon="0.82729">
        <ele>98.4</ele>
      </trkpt>
      <trkpt lat="44.84468" lon="0.82476">
        <ele>87.9</ele>
      </trkpt>
      <trkpt lat="44.84497" lon="0.82439">
        <ele>87.9</ele>
      </trkpt>
      <trkpt lat="44.84571" lon="0.82362">
        <ele>81.1</ele>
      </trkpt>
      <trkpt lat="44.8461" lon="0.82297">
        <ele>79.4</ele>
      </trkpt>
      <trkpt lat="44.84635" lon="0.82214">
        <ele>77.8</ele>
      </trkpt>
      <trkpt lat="44.84692" lon="0.81951">
        <ele>64.1</ele>
      </trkpt>
      <trkpt lat="44.84713" lon="0.819">
        <ele>63.0</ele>
      </trkpt>
      <trkpt lat="44.84762" lon="0.81808">
        <ele>61.2</ele>
      </trkpt>
      <trkpt lat="44.84793" lon="0.8173">
        <ele>60.1</ele>
      </trkpt>
      <trkpt lat="44.84877" lon="0.81489">
        <ele>57.1</ele>
      </trkpt>
      <trkpt lat="44.84921" lon="0.8132">
        <ele>53.6</ele>
      </trkpt>
      <trkpt lat="44.84949" lon="0.81257">
        <ele>53.6</ele>
      </trkpt>
      <trkpt lat="44.85049" lon="0.81123">
        <ele>50.9</ele>
      </trkpt>
      <trkpt lat="44.85091" lon="0.81095">
        <ele>50.9</ele>
      </trkpt>
      <trkpt lat="44.85123" lon="0.81089">
        <ele>50.9</ele>
      </trkpt>
      <trkpt lat="44.85218" lon="0.81101">
        <ele>52.5</ele>
      </trkpt>
      <trkpt lat="44.85258" lon="0.811">
        <ele>52.8</ele>
      </trkpt>
      <trkpt lat="44.85331" lon="0.81087">
        <ele>52.9</ele>
      </trkpt>
      <trkpt lat="44.85365" lon="0.81074">
        <ele>52.3</ele>
      </trkpt>
      <trkpt lat="44.85393" lon="0.81048">
        <ele>52.3</ele>
      </trkpt>
      <trkpt lat="44.85417" lon="0.80992">
        <ele>50.7</ele>
      </trkpt>
      <trkpt lat="44.85412" lon="0.80889">
        <ele>48.7</ele>
      </trkpt>
      <trkpt lat="44.85379" lon="0.80737">
        <ele>44.9</ele>
      </trkpt>
      <trkpt lat="44.85353" lon="0.80682">
        <ele>44.4</ele>
      </trkpt>
      <trkpt lat="44.85303" lon="0.8063">
        <ele>43.6</ele>
      </trkpt>
      <trkpt lat="44.85256" lon="0.80552">
        <ele>43.1</ele>
      </trkpt>
      <trkpt lat="44.85179" lon="0.80479">
        <ele>42.4</ele>
      </trkpt>
      <trkpt lat="44.85096" lon="0.80382">
        <ele>42.5</ele>
      </trkpt>
      <trkpt lat="44.85056" lon="0.80317">
        <ele>42.5</ele>
      </trkpt>
      <trkpt lat="44.84979" lon="0.8017">
        <ele>42.2</ele>
      </trkpt>
      <trkpt lat="44.84924" lon="0.80084">
        <ele>42.2</ele>
      </trkpt>
      <trkpt lat="44.84617" lon="0.79505">
        <ele>43.8</ele>
      </trkpt>
      <trkpt lat="44.84533" lon="0.79362">
        <ele>45.1</ele>
      </trkpt>
      <trkpt lat="44.84439" lon="0.79214">
        <ele>48.8</ele>
      </trkpt>
      <trkpt lat="44.84412" lon="0.79184">
        <ele>48.9</ele>
      </trkpt>
      <trkpt lat="44.84366" lon="0.79148">
        <ele>48.9</ele>
      </trkpt>
      <trkpt lat="44.84346" lon="0.79122">
        <ele>49.0</ele>
      </trkpt>
      <trkpt lat="44.84264" lon="0.78983">
        <ele>49.4</ele>
      </trkpt>
      <trkpt lat="44.84157" lon="0.78644">
        <ele>46.6</ele>
      </trkpt>
      <trkpt lat="44.84106" lon="0.78521">
        <ele>45.6</ele>
      </trkpt>
      <trkpt lat="44.84069" lon="0.78415">
        <ele>45.4</ele>
      </trkpt>
      <trkpt lat="44.84059" lon="0.78361">
        <ele>44.9</ele>
      </trkpt>
      <trkpt lat="44.84052" lon="0.7828">
        <ele>44.6</ele>
      </trkpt>
      <trkpt lat="44.8402" lon="0.78159">
        <ele>43.2</ele>
      </trkpt>
      <trkpt lat="44.84017" lon="0.78069">
        <ele>42.8</ele>
      </trkpt>
      <trkpt lat="44.8403" lon="0.77998">
        <ele>42.5</ele>
      </trkpt>
      <trkpt lat="44.84011" lon="0.77863">
        <ele>41.0</ele>
      </trkpt>
      <trkpt lat="44.83978" lon="0.77739">
        <ele>41.1</ele>
      </trkpt>
      <trkpt lat="44.83826" lon="0.77281">
        <ele>42.5</ele>
      </trkpt>
      <trkpt lat="44.83723" lon="0.76866">
        <ele>41.3</ele>
      </trkpt>
      <trkpt lat="44.83709" lon="0.76773">
        <ele>41.3</ele>
      </trkpt>
      <trkpt lat="44.83688" lon="0.76573">
        <ele>42.0</ele>
      </trkpt>
      <trkpt lat="44.83679" lon="0.76232">
        <ele>43.3</ele>
      </trkpt>
      <trkpt lat="44.83688" lon="0.76048">
        <ele>41.9</ele>
      </trkpt>
      <trkpt lat="44.83681" lon="0.75978">
        <ele>41.9</ele>
      </trkpt>
      <trkpt lat="44.83646" lon="0.75774">
        <ele>42.6</ele>
      </trkpt>
      <trkpt lat="44.83642" lon="0.75729">
        <ele>42.6</ele>
      </trkpt>
      <trkpt lat="44.83641" lon="0.75635">
        <ele>42.7</ele>
      </trkpt>
      <trkpt lat="44.83645" lon="0.75565">
        <ele>42.6</ele>
      </trkpt>
      <trkpt lat="44.83642" lon="0.75504">
        <ele>42.4</ele>
      </trkpt>
      <trkpt lat="44.83625" lon="0.75427">
        <ele>42.3</ele>
      </trkpt>
      <trkpt lat="44.83554" lon="0.75192">
        <ele>41.7</ele>
      </trkpt>
      <trkpt lat="44.83402" lon="0.74917">
        <ele>41.4</ele>
      </trkpt>
      <trkpt lat="44.83385" lon="0.74866">
        <ele>41.4</ele>
      </trkpt>
      <trkpt lat="44.83379" lon="0.7479">
        <ele>41.4</ele>
      </trkpt>
      <trkpt lat="44.8339" lon="0.74596">
        <ele>41.8</ele>
      </trkpt>
      <trkpt lat="44.83389" lon="0.74485">
        <ele>41.8</ele>
      </trkpt>
      <trkpt lat="44.83372" lon="0.74193">
        <ele>42.4</ele>
      </trkpt>
      <trkpt lat="44.83357" lon="0.74067">
        <ele>43.3</ele>
      </trkpt>
      <trkpt lat="44.83582" lon="0.74">
        <ele>42.0</ele>
      </trkpt>
      <trkpt lat="44.83607" lon="0.74025">
        <ele>42.0</ele>
      </trkpt>
      <trkpt lat="44.83715" lon="0.74044">
        <ele>42.4</ele>
      </trkpt>
      <trkpt lat="44.83746" lon="0.74027">
        <ele>42.4</ele>
      </trkpt>
      <trkpt lat="44.83766" lon="0.73851">
        <ele>42.1</ele>
      </trkpt>
      <trkpt lat="44.83758" lon="0.73686">
        <ele>41.0</ele>
      </trkpt>
      <trkpt lat="44.83724" lon="0.73631">
        <ele>41.0</ele>
      </trkpt>
      <trkpt lat="44.83593" lon="0.73607">
        <ele>41.2</ele>
      </trkpt>
      <trkpt lat="44.8352" lon="0.72575">
        <ele>40.5</ele>
      </trkpt>
      <trkpt lat="44.83519" lon="0.72479">
        <ele>40.4</ele>
      </trkpt>
      <trkpt lat="44.83524" lon="0.72437">
        <ele>40.3</ele>
      </trkpt>
      <trkpt lat="44.83507" lon="0.7234">
        <ele>40.3</ele>
      </trkpt>
      <trkpt lat="44.83435" lon="0.71065">
        <ele>40.6</ele>
      </trkpt>
      <trkpt lat="44.83424" lon="0.71003">
        <ele>40.9</ele>
      </trkpt>
      <trkpt lat="44.83388" lon="0.70926">
        <ele>41.3</ele>
      </trkpt>
      <trkpt lat="44.83363" lon="0.7086">
        <ele>41.7</ele>
      </trkpt>
      <trkpt lat="44.83341" lon="0.70745">
        <ele>42.0</ele>
      </trkpt>
      <trkpt lat="44.83336" lon="0.70691">
        <ele>42.1</ele>
      </trkpt>
      <trkpt lat="44.83336" lon="0.70625">
        <ele>42.2</ele>
      </trkpt>
      <trkpt lat="44.83344" lon="0.70542">
        <ele>42.6</ele>
      </trkpt>
      <trkpt lat="44.83387" lon="0.70464">
        <ele>42.8</ele>
      </trkpt>
      <trkpt lat="44.83676" lon="0.686">
        <ele>40.9</ele>
      </trkpt>
      <trkpt lat="44.83766" lon="0.68042">
        <ele>40.6</ele>
      </trkpt>
      <trkpt lat="44.83823" lon="0.67797">
        <ele>40.5</ele>
      </trkpt>
      <trkpt lat="44.84088" lon="0.66917">
        <ele>40.7</ele>
      </trkpt>
      <trkpt lat="44.84114" lon="0.66811">
        <ele>41.2</ele>
      </trkpt>
      <trkpt lat="44.84129" lon="0.667">
        <ele>41.6</ele>
      </trkpt>
      <trkpt lat="44.84161" lon="0.66297">
        <ele>42.3</ele>
      </trkpt>
      <trkpt lat="44.84168" lon="0.65757">
        <ele>40.0</ele>
      </trkpt>
      <trkpt lat="44.84187" lon="0.65569">
        <ele>39.7</ele>
      </trkpt>
      <trkpt lat="44.84177" lon="0.65406">
        <ele>39.4</ele>
      </trkpt>
      <trkpt lat="44.84193" lon="0.65276">
        <ele>39.1</ele>
      </trkpt>
      <trkpt lat="44.84231" lon="0.65108">
        <ele>39.1</ele>
      </trkpt>
      <trkpt lat="44.84297" lon="0.64931">
        <ele>40.1</ele>
      </trkpt>
      <trkpt lat="44.84352" lon="0.64764">
        <ele>40.1</ele>
      </trkpt>
      <trkpt lat="44.85171" lon="0.61577">
        <ele>38.3</ele>
      </trkpt>
      <trkpt lat="44.8521" lon="0.61393">
        <ele>37.9</ele>
      </trkpt>
      <trkpt lat="44.85366" lon="0.60411">
        <ele>34.9</ele>
      </trkpt>
      <trkpt lat="44.8542" lon="0.6013">
        <ele>33.1</ele>
      </trkpt>
      <trkpt lat="44.85442" lon="0.59919">
        <ele>32.7</ele>
      </trkpt>
      <trkpt lat="44.85449" lon="0.59643">
        <ele>34.0</ele>
      </trkpt>
      <trkpt lat="44.85455" lon="0.59594">
        <ele>34.9</ele>
      </trkpt>
      <trkpt lat="44.85484" lon="0.59508">
        <ele>35.6</ele>
      </trkpt>
      <trkpt lat="44.85501" lon="0.59379">
        <ele>38.8</ele>
      </trkpt>
      <trkpt lat="44.85527" lon="0.5901">
        <ele>38.4</ele>
      </trkpt>
      <trkpt lat="44.85529" lon="0.58468">
        <ele>40.1</ele>
      </trkpt>
      <trkpt lat="44.85519" lon="0.5838">
        <ele>40.7</ele>
      </trkpt>
      <trkpt lat="44.85514" lon="0.58283">
        <ele>41.3</ele>
      </trkpt>
      <trkpt lat="44.85516" lon="0.57884">
        <ele>40.7</ele>
      </trkpt>
      <trkpt lat="44.8552" lon="0.57818">
        <ele>40.7</ele>
      </trkpt>
      <trkpt lat="44.8554" lon="0.57686">
        <ele>37.8</ele>
      </trkpt>
      <trkpt lat="44.85546" lon="0.57613">
        <ele>37.8</ele>
      </trkpt>
      <trkpt lat="44.8556" lon="0.57273">
        <ele>37.7</ele>
      </trkpt>
      <trkpt lat="44.85577" lon="0.57044">
        <ele>35.9</ele>
      </trkpt>
      <trkpt lat="44.85576" lon="0.56941">
        <ele>35.9</ele>
      </trkpt>
      <trkpt lat="44.85528" lon="0.56591">
        <ele>36.3</ele>
      </trkpt>
      <trkpt lat="44.85247" lon="0.55026">
        <ele>35.8</ele>
      </trkpt>
      <trkpt lat="44.85253" lon="0.54959">
        <ele>35.8</ele>
      </trkpt>
      <trkpt lat="44.85222" lon="0.54892">
        <ele>35.8</ele>
      </trkpt>
      <trkpt lat="44.85089" lon="0.54147">
        <ele>35.0</ele>
      </trkpt>
      <trkpt lat="44.85084" lon="0.541">
        <ele>34.9</ele>
      </trkpt>
      <trkpt lat="44.85063" lon="0.54">
        <ele>34.8</ele>
      </trkpt>
      <trkpt lat="44.85028" lon="0.53807">
        <ele>34.4</ele>
      </trkpt>
      <trkpt lat="44.85017" lon="0.53714">
        <ele>34.4</ele>
      </trkpt>
      <trkpt lat="44.85003" lon="0.53641">
        <ele>34.5</ele>
      </trkpt>
      <trkpt lat="44.84983" lon="0.53554">
        <ele>34.6</ele>
      </trkpt>
      <trkpt lat="44.84976" lon="0.53499">
        <ele>34.7</ele>
      </trkpt>
      <trkpt lat="44.84992" lon="0.53439">
        <ele>34.7</ele>
      </trkpt>
      <trkpt lat="44.84972" lon="0.53395">
        <ele>34.8</ele>
      </trkpt>
      <trkpt lat="44.84942" lon="0.53404">
        <ele>34.8</ele>
      </trkpt>
      <trkpt lat="44.84925" lon="0.53435">
        <ele>34.8</ele>
      </trkpt>
      <trkpt lat="44.84723" lon="0.53497">
        <ele>35.7</ele>
      </trkpt>
      <trkpt lat="44.84393" lon="0.53523">
        <ele>35.0</ele>
      </trkpt>
      <trkpt lat="44.84332" lon="0.53516">
        <ele>35.3</ele>
      </trkpt>
      <trkpt lat="44.84253" lon="0.53488">
        <ele>35.6</ele>
      </trkpt>
      <trkpt lat="44.8416" lon="0.53427">
        <ele>37.4</ele>
      </trkpt>
      <trkpt lat="44.83757" lon="0.53097">
        <ele>39.7</ele>
      </trkpt>
      <trkpt lat="44.83256" lon="0.52583">
        <ele>41.0</ele>
      </trkpt>
      <trkpt lat="44.83205" lon="0.52521">
        <ele>41.1</ele>
      </trkpt>
      <trkpt lat="44.83164" lon="0.52453">
        <ele>41.3</ele>
      </trkpt>
      <trkpt lat="44.83131" lon="0.52379">
        <ele>41.4</ele>
      </trkpt>
      <trkpt lat="44.83103" lon="0.523">
        <ele>41.4</ele>
      </trkpt>
      <trkpt lat="44.8275" lon="0.51241">
        <ele>51.1</ele>
      </trkpt>
      <trkpt lat="44.82737" lon="0.51193">
        <ele>51.2</ele>
      </trkpt>
      <trkpt lat="44.82719" lon="0.51093">
        <ele>51.4</ele>
      </trkpt>
      <trkpt lat="44.82713" lon="0.50987">
        <ele>51.2</ele>
      </trkpt>
      <trkpt lat="44.8272" lon="0.50878">
        <ele>50.6</ele>
      </trkpt>
      <trkpt lat="44.82734" lon="0.508">
        <ele>49.7</ele>
      </trkpt>
      <trkpt lat="44.82746" lon="0.50751">
        <ele>49.3</ele>
      </trkpt>
      <trkpt lat="44.82806" lon="0.50575">
        <ele>46.7</ele>
      </trkpt>
      <trkpt lat="44.8282" lon="0.50489">
        <ele>46.7</ele>
      </trkpt>
      <trkpt lat="44.82819" lon="0.50427">
        <ele>46.6</ele>
      </trkpt>
      <trkpt lat="44.82811" lon="0.5037">
        <ele>46.6</ele>
      </trkpt>
      <trkpt lat="44.8276" lon="0.50229">
        <ele>47.0</ele>
      </trkpt>
      <trkpt lat="44.82769" lon="0.50188">
        <ele>47.0</ele>
      </trkpt>
      <trkpt lat="44.82865" lon="0.5013">
        <ele>39.0</ele>
      </trkpt>
      <trkpt lat="44.82912" lon="0.50088">
        <ele>39.0</ele>
      </trkpt>
      <trkpt lat="44.83627" lon="0.49316">
        <ele>31.5</ele>
      </trkpt>
      <trkpt lat="44.8365" lon="0.49277">
        <ele>31.5</ele>
      </trkpt>
      <trkpt lat="44.8369" lon="0.49108">
        <ele>31.4</ele>
      </trkpt>
      <trkpt lat="44.83725" lon="0.49055">
        <ele>31.4</ele>
      </trkpt>
      <trkpt lat="44.83947" lon="0.48841">
        <ele>33.5</ele>
      </trkpt>
      <trkpt lat="44.84305" lon="0.48481">
        <ele>30.7</ele>
      </trkpt>
      <trkpt lat="44.84334" lon="0.48461">
        <ele>30.7</ele>
      </trkpt>
      <trkpt lat="44.84372" lon="0.48511">
        <ele>30.7</ele>
      </trkpt>
      <trkpt lat="44.8454" lon="0.48901">
        <ele>29.2</ele>
      </trkpt>
      <trkpt lat="44.84543" lon="0.48945">
        <ele>29.2</ele>
      </trkpt>
      <trkpt lat="44.84572" lon="0.48971">
        <ele>29.3</ele>
      </trkpt>
      <trkpt lat="44.84626" lon="0.49032">
        <ele>29.7</ele>
      </trkpt>
      <trkpt lat="44.84721" lon="0.49151">
        <ele>29.6</ele>
      </trkpt>
      <trkpt lat="44.84757" lon="0.4921">
        <ele>29.9</ele>
      </trkpt>
      <trkpt lat="44.848" lon="0.49233">
        <ele>30.2</ele>
      </trkpt>
      <trkpt lat="44.85103" lon="0.49331">
        <ele>36.9</ele>
      </trkpt>
      <trkpt lat="44.85104" lon="0.49448">
        <ele>36.9</ele>
      </trkpt>
      <trkpt lat="44.85117" lon="0.49621">
        <ele>37.4</ele>
      </trkpt>
      <trkpt lat="44.85193" lon="0.50218">
        <ele>38.7</ele>
      </trkpt>
      <trkpt lat="44.8522" lon="0.50366">
        <ele>39.2</ele>
      </trkpt>
      <trkpt lat="44.85312" lon="0.50796">
        <ele>39.5</ele>
      </trkpt>
      <trkpt lat="44.85342" lon="0.50969">
        <ele>38.5</ele>
      </trkpt>
      <trkpt lat="44.85196" lon="0.5099">
        <ele>33.0</ele>
      </trkpt>
      <trkpt lat="44.84996" lon="0.50984">
        <ele>30.4</ele>
      </trkpt>
      <trkpt lat="44.84827" lon="0.50997">
        <ele>30.3</ele>
      </trkpt>
      <trkpt lat="44.84695" lon="0.5039">
        <ele>31.4</ele>
      </trkpt>
    </trkseg>
  </trk>
</gpx>