<?xml version="1.0" encoding="UTF-8"?>
<gpx xmlns="http://www.topografix.com/GPX/1/0" xmlns:xsi="http://www.w3.org/2001/XMLSchema-instance" xsi:schemaLocation="http://www.topografix.com/GPX/1/0 http://www.topografix.com/GPX/1/0/gpx.xsd" version="1.0" creator="GPSBabel - https://www.gpsbabel.org">
  <time>2025-10-29T13:08:18.924000Z</time>
  <bounds minlat="41.60355" maxlat="42.58713" minlon="1.89912" maxlon="2.29057" />
  <trk>
    <trkseg>
      <trkpt lat="41.606" lon="2.29057">
        <ele>153.0</ele>
      </trkpt>
      <trkpt lat="41.60355" lon="2.29049">
        <ele>136.0</ele>
      </trkpt>
      <trkpt lat="41.60397" lon="2.28632">
        <ele>138.0</ele>
      </trkpt>
      <trkpt lat="41.60399" lon="2.28293">
        <ele>136.0</ele>
      </trkpt>
      <trkpt lat="41.6105" lon="2.28349">
        <ele>140.0</ele>
      </trkpt>
      <trkpt lat="41.6107" lon="2.28379">
        <ele>140.0</ele>
      </trkpt>
      <trkpt lat="41.6109" lon="2.28375">
        <ele>141.0</ele>
      </trkpt>
      <trkpt lat="41.61097" lon="2.2832">
        <ele>144.0</ele>
      </trkpt>
      <trkpt lat="41.61136" lon="2.2822">
        <ele>148.0</ele>
      </trkpt>
      <trkpt lat="41.61163" lon="2.28198">
        <ele>151.0</ele>
      </trkpt>
      <trkpt lat="41.61149" lon="2.28166">
        <ele>151.0</ele>
      </trkpt>
      <trkpt lat="41.61242" lon="2.27711">
        <ele>146.0</ele>
      </trkpt>
      <trkpt lat="41.61303" lon="2.27481">
        <ele>156.0</ele>
      </trkpt>
      <trkpt lat="41.61287" lon="2.27381">
        <ele>161.0</ele>
      </trkpt>
      <trkpt lat="41.61228" lon="2.27246">
        <ele>169.0</ele>
      </trkpt>
      <trkpt lat="41.6123" lon="2.27224">
        <ele>171.0</ele>
      </trkpt>
      <trkpt lat="41.61214" lon="2.27221">
        <ele>171.0</ele>
      </trkpt>
      <trkpt lat="41.6119" lon="2.27177">
        <ele>172.0</ele>
      </trkpt>
      <trkpt lat="41.6114" lon="2.27058">
        <ele>174.0</ele>
      </trkpt>
      <trkpt lat="41.6112" lon="2.26955">
        <ele>177.0</ele>
      </trkpt>
      <trkpt lat="41.61124" lon="2.26828">
        <ele>179.0</ele>
      </trkpt>
      <trkpt lat="41.61142" lon="2.26821">
        <ele>180.0</ele>
      </trkpt>
      <trkpt lat="41.61178" lon="2.26727">
        <ele>180.0</ele>
      </trkpt>
      <trkpt lat="41.61222" lon="2.26697">
        <ele>180.0</ele>
      </trkpt>
      <trkpt lat="41.61471" lon="2.26655">
        <ele>189.0</ele>
      </trkpt>
      <trkpt lat="41.6168" lon="2.26645">
        <ele>194.0</ele>
      </trkpt>
      <trkpt lat="41.61827" lon="2.2666">
        <ele>199.0</ele>
      </trkpt>
      <trkpt lat="41.6206" lon="2.26746">
        <ele>205.0</ele>
      </trkpt>
      <trkpt lat="41.62236" lon="2.2678">
        <ele>200.0</ele>
      </trkpt>
      <trkpt lat="41.62598" lon="2.26699">
        <ele>189.0</ele>
      </trkpt>
      <trkpt lat="41.66023" lon="2.26737">
        <ele>221.0</ele>
      </trkpt>
      <trkpt lat="41.6622" lon="2.2676">
        <ele>239.0</ele>
      </trkpt>
      <trkpt lat="41.6636" lon="2.26817">
        <ele>251.0</ele>
      </trkpt>
      <trkpt lat="41.66461" lon="2.26891">
        <ele>257.0</ele>
      </trkpt>
      <trkpt lat="41.66588" lon="2.27018">
        <ele>255.0</ele>
      </trkpt>
      <trkpt lat="41.67037" lon="2.27529">
        <ele>246.0</ele>
      </trkpt>
      <trkpt lat="41.67213" lon="2.27641">
        <ele>234.0</ele>
      </trkpt>
      <trkpt lat="41.67546" lon="2.27686">
        <ele>233.0</ele>
      </trkpt>
      <trkpt lat="41.6781" lon="2.27776">
        <ele>233.0</ele>
      </trkpt>
      <trkpt lat="41.67917" lon="2.2783">
        <ele>238.0</ele>
      </trkpt>
      <trkpt lat="41.68056" lon="2.27959">
        <ele>241.0</ele>
      </trkpt>
      <trkpt lat="41.68132" lon="2.27995">
        <ele>240.0</ele>
      </trkpt>
      <trkpt lat="41.68219" lon="2.27995">
        <ele>239.0</ele>
      </trkpt>
      <trkpt lat="41.68676" lon="2.27841">
        <ele>240.0</ele>
      </trkpt>
      <trkpt lat="41.68813" lon="2.27845">
        <ele>246.0</ele>
      </trkpt>
      <trkpt lat="41.68912" lon="2.27884">
        <ele>260.0</ele>
      </trkpt>
      <trkpt lat="41.69315" lon="2.28189">
        <ele>261.0</ele>
      </trkpt>
      <trkpt lat="41.69441" lon="2.28244">
        <ele>249.0</ele>
      </trkpt>
      <trkpt lat="41.69674" lon="2.28303">
        <ele>249.0</ele>
      </trkpt>
      <trkpt lat="41.69962" lon="2.2849">
        <ele>254.0</ele>
      </trkpt>
      <trkpt lat="41.70059" lon="2.28504">
        <ele>251.0</ele>
      </trkpt>
      <trkpt lat="41.70221" lon="2.28492">
        <ele>248.0</ele>
      </trkpt>
      <trkpt lat="41.70273" lon="2.2851">
        <ele>254.0</ele>
      </trkpt>
      <trkpt lat="41.70416" lon="2.28601">
        <ele>264.0</ele>
      </trkpt>
      <trkpt lat="41.70531" lon="2.28602">
        <ele>257.0</ele>
      </trkpt>
      <trkpt lat="41.70586" lon="2.28573">
        <ele>254.0</ele>
      </trkpt>
      <trkpt lat="41.70716" lon="2.2845">
        <ele>259.0</ele>
      </trkpt>
      <trkpt lat="41.70759" lon="2.28382">
        <ele>260.0</ele>
      </trkpt>
      <trkpt lat="41.70853" lon="2.28157">
        <ele>267.0</ele>
      </trkpt>
      <trkpt lat="41.71022" lon="2.27851">
        <ele>271.0</ele>
      </trkpt>
      <trkpt lat="41.71261" lon="2.2763">
        <ele>278.0</ele>
      </trkpt>
      <trkpt lat="41.71374" lon="2.27446">
        <ele>303.0</ele>
      </trkpt>
      <trkpt lat="41.71446" lon="2.27365">
        <ele>315.0</ele>
      </trkpt>
      <trkpt lat="41.71488" lon="2.27338">
        <ele>315.0</ele>
      </trkpt>
      <trkpt lat="41.71662" lon="2.27292">
        <ele>310.0</ele>
      </trkpt>
      <trkpt lat="41.7185" lon="2.27292">
        <ele>301.0</ele>
      </trkpt>
      <trkpt lat="41.72083" lon="2.27197">
        <ele>301.0</ele>
      </trkpt>
      <trkpt lat="41.72174" lon="2.27213">
        <ele>303.0</ele>
      </trkpt>
      <trkpt lat="41.72481" lon="2.27312">
        <ele>308.0</ele>
      </trkpt>
      <trkpt lat="41.72554" lon="2.27319">
        <ele>309.0</ele>
      </trkpt>
      <trkpt lat="41.72636" lon="2.273">
        <ele>310.0</ele>
      </trkpt>
      <trkpt lat="41.7275" lon="2.27222">
        <ele>311.0</ele>
      </trkpt>
      <trkpt lat="41.72866" lon="2.27107">
        <ele>314.0</ele>
      </trkpt>
      <trkpt lat="41.72988" lon="2.27032">
        <ele>318.0</ele>
      </trkpt>
      <trkpt lat="41.73371" lon="2.26885">
        <ele>322.0</ele>
      </trkpt>
      <trkpt lat="41.73567" lon="2.26886">
        <ele>330.0</ele>
      </trkpt>
      <trkpt lat="41.73652" lon="2.26859">
        <ele>331.0</ele>
      </trkpt>
      <trkpt lat="41.74009" lon="2.26515">
        <ele>333.0</ele>
      </trkpt>
      <trkpt lat="41.74097" lon="2.26452">
        <ele>334.0</ele>
      </trkpt>
      <trkpt lat="41.7417" lon="2.26438">
        <ele>337.0</ele>
      </trkpt>
      <trkpt lat="41.74404" lon="2.26455">
        <ele>343.0</ele>
      </trkpt>
      <trkpt lat="41.74659" lon="2.26401">
        <ele>340.0</ele>
      </trkpt>
      <trkpt lat="41.74782" lon="2.26338">
        <ele>347.0</ele>
      </trkpt>
      <trkpt lat="41.74853" lon="2.26264">
        <ele>352.0</ele>
      </trkpt>
      <trkpt lat="41.74918" lon="2.26153">
        <ele>354.0</ele>
      </trkpt>
      <trkpt lat="41.75083" lon="2.25726">
        <ele>358.0</ele>
      </trkpt>
      <trkpt lat="41.751" lon="2.25597">
        <ele>361.0</ele>
      </trkpt>
      <trkpt lat="41.7506" lon="2.25331">
        <ele>366.0</ele>
      </trkpt>
      <trkpt lat="41.75062" lon="2.25262">
        <ele>369.0</ele>
      </trkpt>
      <trkpt lat="41.75101" lon="2.25165">
        <ele>370.0</ele>
      </trkpt>
      <trkpt lat="41.75153" lon="2.25109">
        <ele>369.0</ele>
      </trkpt>
      <trkpt lat="41.75582" lon="2.24969">
        <ele>384.0</ele>
      </trkpt>
      <trkpt lat="41.75732" lon="2.25001">
        <ele>385.0</ele>
      </trkpt>
      <trkpt lat="41.75859" lon="2.24969">
        <ele>379.0</ele>
      </trkpt>
      <trkpt lat="41.76201" lon="2.2518">
        <ele>397.0</ele>
      </trkpt>
      <trkpt lat="41.76277" lon="2.25208">
        <ele>399.0</ele>
      </trkpt>
      <trkpt lat="41.76337" lon="2.25208">
        <ele>397.0</ele>
      </trkpt>
      <trkpt lat="41.76394" lon="2.25189">
        <ele>394.0</ele>
      </trkpt>
      <trkpt lat="41.76455" lon="2.25147">
        <ele>393.0</ele>
      </trkpt>
      <trkpt lat="41.7666" lon="2.24875">
        <ele>398.0</ele>
      </trkpt>
      <trkpt lat="41.76772" lon="2.2477">
        <ele>403.0</ele>
      </trkpt>
      <trkpt lat="41.77146" lon="2.24543">
        <ele>408.0</ele>
      </trkpt>
      <trkpt lat="41.7728" lon="2.24514">
        <ele>408.0</ele>
      </trkpt>
      <trkpt lat="41.7746" lon="2.24503">
        <ele>405.0</ele>
      </trkpt>
      <trkpt lat="41.77799" lon="2.24559">
        <ele>424.0</ele>
      </trkpt>
      <trkpt lat="41.77882" lon="2.24551">
        <ele>426.0</ele>
      </trkpt>
      <trkpt lat="41.7809" lon="2.24495">
        <ele>426.0</ele>
      </trkpt>
      <trkpt lat="41.78177" lon="2.24493">
        <ele>421.0</ele>
      </trkpt>
      <trkpt lat="41.78312" lon="2.24515">
        <ele>423.0</ele>
      </trkpt>
      <trkpt lat="41.78373" lon="2.24505">
        <ele>426.0</ele>
      </trkpt>
      <trkpt lat="41.78422" lon="2.24472">
        <ele>428.0</ele>
      </trkpt>
      <trkpt lat="41.78637" lon="2.24184">
        <ele>432.0</ele>
      </trkpt>
      <trkpt lat="41.78696" lon="2.24124">
        <ele>435.0</ele>
      </trkpt>
      <trkpt lat="41.7883" lon="2.24038">
        <ele>440.0</ele>
      </trkpt>
      <trkpt lat="41.79124" lon="2.23927">
        <ele>444.0</ele>
      </trkpt>
      <trkpt lat="41.79208" lon="2.23871">
        <ele>449.0</ele>
      </trkpt>
      <trkpt lat="41.79245" lon="2.23835">
        <ele>451.0</ele>
      </trkpt>
      <trkpt lat="41.79386" lon="2.23628">
        <ele>458.0</ele>
      </trkpt>
      <trkpt lat="41.79621" lon="2.2345">
        <ele>461.0</ele>
      </trkpt>
      <trkpt lat="41.79777" lon="2.23229">
        <ele>465.0</ele>
      </trkpt>
      <trkpt lat="41.79894" lon="2.23124">
        <ele>470.0</ele>
      </trkpt>
      <trkpt lat="41.80006" lon="2.23058">
        <ele>478.0</ele>
      </trkpt>
      <trkpt lat="41.8014" lon="2.23055">
        <ele>490.0</ele>
      </trkpt>
      <trkpt lat="41.80345" lon="2.22965">
        <ele>501.0</ele>
      </trkpt>
      <trkpt lat="41.80443" lon="2.22937">
        <ele>507.0</ele>
      </trkpt>
      <trkpt lat="41.80613" lon="2.23003">
        <ele>515.0</ele>
      </trkpt>
      <trkpt lat="41.80954" lon="2.23104">
        <ele>529.0</ele>
      </trkpt>
      <trkpt lat="41.81431" lon="2.23434">
        <ele>541.0</ele>
      </trkpt>
      <trkpt lat="41.81481" lon="2.23441">
        <ele>543.0</ele>
      </trkpt>
      <trkpt lat="41.81612" lon="2.23395">
        <ele>549.0</ele>
      </trkpt>
      <trkpt lat="41.81646" lon="2.23396">
        <ele>550.0</ele>
      </trkpt>
      <trkpt lat="41.81957" lon="2.23533">
        <ele>557.0</ele>
      </trkpt>
      <trkpt lat="41.82325" lon="2.23577">
        <ele>567.0</ele>
      </trkpt>
      <trkpt lat="41.8251" lon="2.23558">
        <ele>577.0</ele>
      </trkpt>
      <trkpt lat="41.8254" lon="2.23574">
        <ele>579.0</ele>
      </trkpt>
      <trkpt lat="41.8256" lon="2.23547">
        <ele>579.0</ele>
      </trkpt>
      <trkpt lat="41.82639" lon="2.23529">
        <ele>579.0</ele>
      </trkpt>
      <trkpt lat="41.83965" lon="2.23312">
        <ele>588.0</ele>
      </trkpt>
      <trkpt lat="41.84505" lon="2.23284">
        <ele>586.0</ele>
      </trkpt>
      <trkpt lat="41.84602" lon="2.23292">
        <ele>591.0</ele>
      </trkpt>
      <trkpt lat="41.84612" lon="2.2333">
        <ele>593.0</ele>
      </trkpt>
      <trkpt lat="41.84585" lon="2.23411">
        <ele>595.0</ele>
      </trkpt>
      <trkpt lat="41.84485" lon="2.23583">
        <ele>598.0</ele>
      </trkpt>
      <trkpt lat="41.84459" lon="2.23659">
        <ele>599.0</ele>
      </trkpt>
      <trkpt lat="41.84492" lon="2.23856">
        <ele>600.0</ele>
      </trkpt>
      <trkpt lat="41.84483" lon="2.24169">
        <ele>592.0</ele>
      </trkpt>
      <trkpt lat="41.84467" lon="2.24209">
        <ele>588.0</ele>
      </trkpt>
      <trkpt lat="41.84481" lon="2.24251">
        <ele>587.0</ele>
      </trkpt>
      <trkpt lat="41.84461" lon="2.24914">
        <ele>578.0</ele>
      </trkpt>
      <trkpt lat="41.84448" lon="2.24977">
        <ele>579.0</ele>
      </trkpt>
      <trkpt lat="41.84401" lon="2.2505">
        <ele>582.0</ele>
      </trkpt>
      <trkpt lat="41.84475" lon="2.25149">
        <ele>586.0</ele>
      </trkpt>
      <trkpt lat="41.84745" lon="2.25584">
        <ele>583.0</ele>
      </trkpt>
      <trkpt lat="41.84783" lon="2.25789">
        <ele>572.0</ele>
      </trkpt>
      <trkpt lat="41.84936" lon="2.25979">
        <ele>571.0</ele>
      </trkpt>
      <trkpt lat="41.85003" lon="2.26157">
        <ele>568.0</ele>
      </trkpt>
      <trkpt lat="41.85247" lon="2.26384">
        <ele>564.0</ele>
      </trkpt>
      <trkpt lat="41.85466" lon="2.26643">
        <ele>564.0</ele>
      </trkpt>
      <trkpt lat="41.85641" lon="2.26908">
        <ele>563.0</ele>
      </trkpt>
      <trkpt lat="41.85662" lon="2.26953">
        <ele>563.0</ele>
      </trkpt>
      <trkpt lat="41.85665" lon="2.27065">
        <ele>562.0</ele>
      </trkpt>
      <trkpt lat="41.85686" lon="2.27189">
        <ele>562.0</ele>
      </trkpt>
      <trkpt lat="41.85805" lon="2.27413">
        <ele>572.0</ele>
      </trkpt>
      <trkpt lat="41.85825" lon="2.27543">
        <ele>574.0</ele>
      </trkpt>
      <trkpt lat="41.85856" lon="2.27616">
        <ele>575.0</ele>
      </trkpt>
      <trkpt lat="41.85893" lon="2.27635">
        <ele>578.0</ele>
      </trkpt>
      <trkpt lat="41.85951" lon="2.27594">
        <ele>583.0</ele>
      </trkpt>
      <trkpt lat="41.86012" lon="2.2765">
        <ele>589.0</ele>
      </trkpt>
      <trkpt lat="41.86082" lon="2.27641">
        <ele>592.0</ele>
      </trkpt>
      <trkpt lat="41.86103" lon="2.27653">
        <ele>593.0</ele>
      </trkpt>
      <trkpt lat="41.86206" lon="2.27863">
        <ele>596.0</ele>
      </trkpt>
      <trkpt lat="41.8627" lon="2.27944">
        <ele>598.0</ele>
      </trkpt>
      <trkpt lat="41.8646" lon="2.2802">
        <ele>600.0</ele>
      </trkpt>
      <trkpt lat="41.86658" lon="2.2817">
        <ele>602.0</ele>
      </trkpt>
      <trkpt lat="41.86917" lon="2.28288">
        <ele>607.0</ele>
      </trkpt>
      <trkpt lat="41.86946" lon="2.28322">
        <ele>610.0</ele>
      </trkpt>
      <trkpt lat="41.87094" lon="2.28234">
        <ele>610.0</ele>
      </trkpt>
      <trkpt lat="41.87271" lon="2.28276">
        <ele>605.0</ele>
      </trkpt>
      <trkpt lat="41.87322" lon="2.28277">
        <ele>604.0</ele>
      </trkpt>
      <trkpt lat="41.87382" lon="2.28255">
        <ele>601.0</ele>
      </trkpt>
      <trkpt lat="41.87399" lon="2.28269">
        <ele>599.0</ele>
      </trkpt>
      <trkpt lat="41.87408" lon="2.28241">
        <ele>598.0</ele>
      </trkpt>
      <trkpt lat="41.87368" lon="2.28183">
        <ele>597.0</ele>
      </trkpt>
      <trkpt lat="41.87372" lon="2.28123">
        <ele>596.0</ele>
      </trkpt>
      <trkpt lat="41.8741" lon="2.28089">
        <ele>596.0</ele>
      </trkpt>
      <trkpt lat="41.8748" lon="2.28083">
        <ele>596.0</ele>
      </trkpt>
      <trkpt lat="41.87729" lon="2.28301">
        <ele>604.0</ele>
      </trkpt>
      <trkpt lat="41.87962" lon="2.2843">
        <ele>597.0</ele>
      </trkpt>
      <trkpt lat="41.88004" lon="2.28502">
        <ele>603.0</ele>
      </trkpt>
      <trkpt lat="41.88005" lon="2.28586">
        <ele>607.0</ele>
      </trkpt>
      <trkpt lat="41.88021" lon="2.28607">
        <ele>607.0</ele>
      </trkpt>
      <trkpt lat="41.88044" lon="2.28582">
        <ele>607.0</ele>
      </trkpt>
      <trkpt lat="41.881" lon="2.2856">
        <ele>607.0</ele>
      </trkpt>
      <trkpt lat="41.88325" lon="2.28375">
        <ele>604.0</ele>
      </trkpt>
      <trkpt lat="41.88438" lon="2.28224">
        <ele>596.0</ele>
      </trkpt>
      <trkpt lat="41.88511" lon="2.28154">
        <ele>593.0</ele>
      </trkpt>
      <trkpt lat="41.88794" lon="2.2799">
        <ele>583.0</ele>
      </trkpt>
      <trkpt lat="41.89071" lon="2.2794">
        <ele>577.0</ele>
      </trkpt>
      <trkpt lat="41.89108" lon="2.27944">
        <ele>573.0</ele>
      </trkpt>
      <trkpt lat="41.89172" lon="2.27984">
        <ele>570.0</ele>
      </trkpt>
      <trkpt lat="41.89432" lon="2.282">
        <ele>559.0</ele>
      </trkpt>
      <trkpt lat="41.89481" lon="2.28218">
        <ele>555.0</ele>
      </trkpt>
      <trkpt lat="41.89577" lon="2.2829">
        <ele>546.0</ele>
      </trkpt>
      <trkpt lat="41.89679" lon="2.28324">
        <ele>543.0</ele>
      </trkpt>
      <trkpt lat="41.89789" lon="2.28324">
        <ele>538.0</ele>
      </trkpt>
      <trkpt lat="41.89839" lon="2.283">
        <ele>536.0</ele>
      </trkpt>
      <trkpt lat="41.89959" lon="2.28074">
        <ele>530.0</ele>
      </trkpt>
      <trkpt lat="41.89989" lon="2.28155">
        <ele>527.0</ele>
      </trkpt>
      <trkpt lat="41.90062" lon="2.28172">
        <ele>523.0</ele>
      </trkpt>
      <trkpt lat="41.90158" lon="2.28236">
        <ele>513.0</ele>
      </trkpt>
      <trkpt lat="41.9019" lon="2.28238">
        <ele>510.0</ele>
      </trkpt>
      <trkpt lat="41.90719" lon="2.28035">
        <ele>496.0</ele>
      </trkpt>
      <trkpt lat="41.9081" lon="2.27946">
        <ele>497.0</ele>
      </trkpt>
      <trkpt lat="41.91056" lon="2.27806">
        <ele>494.0</ele>
      </trkpt>
      <trkpt lat="41.91218" lon="2.27626">
        <ele>488.0</ele>
      </trkpt>
      <trkpt lat="41.91353" lon="2.27429">
        <ele>485.0</ele>
      </trkpt>
      <trkpt lat="41.91397" lon="2.27386">
        <ele>483.0</ele>
      </trkpt>
      <trkpt lat="41.92562" lon="2.2682">
        <ele>471.0</ele>
      </trkpt>
      <trkpt lat="41.92593" lon="2.26826">
        <ele>467.0</ele>
      </trkpt>
      <trkpt lat="41.92603" lon="2.26806">
        <ele>467.0</ele>
      </trkpt>
      <trkpt lat="41.92585" lon="2.26767">
        <ele>467.0</ele>
      </trkpt>
      <trkpt lat="41.92595" lon="2.26532">
        <ele>470.0</ele>
      </trkpt>
      <trkpt lat="41.92614" lon="2.26431">
        <ele>476.0</ele>
      </trkpt>
      <trkpt lat="41.92756" lon="2.26513">
        <ele>477.0</ele>
      </trkpt>
      <trkpt lat="41.92942" lon="2.26573">
        <ele>473.0</ele>
      </trkpt>
      <trkpt lat="41.9301" lon="2.26558">
        <ele>474.0</ele>
      </trkpt>
      <trkpt lat="41.93129" lon="2.26563">
        <ele>476.0</ele>
      </trkpt>
      <trkpt lat="41.9328" lon="2.266">
        <ele>474.0</ele>
      </trkpt>
      <trkpt lat="41.93383" lon="2.26648">
        <ele>472.0</ele>
      </trkpt>
      <trkpt lat="41.93494" lon="2.26752">
        <ele>472.0</ele>
      </trkpt>
      <trkpt lat="41.93632" lon="2.26516">
        <ele>479.0</ele>
      </trkpt>
      <trkpt lat="41.93777" lon="2.26641">
        <ele>476.0</ele>
      </trkpt>
      <trkpt lat="41.94098" lon="2.26824">
        <ele>467.0</ele>
      </trkpt>
      <trkpt lat="41.94266" lon="2.27038">
        <ele>465.0</ele>
      </trkpt>
      <trkpt lat="41.94394" lon="2.27101">
        <ele>466.0</ele>
      </trkpt>
      <trkpt lat="41.94856" lon="2.27438">
        <ele>464.0</ele>
      </trkpt>
      <trkpt lat="41.94969" lon="2.27499">
        <ele>458.0</ele>
      </trkpt>
      <trkpt lat="41.95007" lon="2.27503">
        <ele>457.0</ele>
      </trkpt>
      <trkpt lat="41.95051" lon="2.27478">
        <ele>455.0</ele>
      </trkpt>
      <trkpt lat="41.95105" lon="2.27511">
        <ele>454.0</ele>
      </trkpt>
      <trkpt lat="41.9518" lon="2.27597">
        <ele>454.0</ele>
      </trkpt>
      <trkpt lat="41.95204" lon="2.27658">
        <ele>454.0</ele>
      </trkpt>
      <trkpt lat="41.95279" lon="2.2775">
        <ele>457.0</ele>
      </trkpt>
      <trkpt lat="41.95327" lon="2.2788">
        <ele>459.0</ele>
      </trkpt>
      <trkpt lat="41.95442" lon="2.28101">
        <ele>460.0</ele>
      </trkpt>
      <trkpt lat="41.95443" lon="2.28167">
        <ele>459.0</ele>
      </trkpt>
      <trkpt lat="41.95499" lon="2.28192">
        <ele>459.0</ele>
      </trkpt>
      <trkpt lat="41.95769" lon="2.28526">
        <ele>457.0</ele>
      </trkpt>
      <trkpt lat="41.95792" lon="2.28585">
        <ele>458.0</ele>
      </trkpt>
      <trkpt lat="41.95786" lon="2.28624">
        <ele>458.0</ele>
      </trkpt>
      <trkpt lat="41.95739" lon="2.28697">
        <ele>458.0</ele>
      </trkpt>
      <trkpt lat="41.95702" lon="2.28703">
        <ele>457.0</ele>
      </trkpt>
      <trkpt lat="41.95682" lon="2.2868">
        <ele>457.0</ele>
      </trkpt>
      <trkpt lat="41.95683" lon="2.2864">
        <ele>456.0</ele>
      </trkpt>
      <trkpt lat="41.9581" lon="2.28449">
        <ele>454.0</ele>
      </trkpt>
      <trkpt lat="41.959" lon="2.28285">
        <ele>455.0</ele>
      </trkpt>
      <trkpt lat="41.95952" lon="2.28148">
        <ele>459.0</ele>
      </trkpt>
      <trkpt lat="41.96017" lon="2.27886">
        <ele>450.0</ele>
      </trkpt>
      <trkpt lat="41.96054" lon="2.27564">
        <ele>447.0</ele>
      </trkpt>
      <trkpt lat="41.96033" lon="2.27049">
        <ele>452.0</ele>
      </trkpt>
      <trkpt lat="41.96091" lon="2.26715">
        <ele>457.0</ele>
      </trkpt>
      <trkpt lat="41.96109" lon="2.26659">
        <ele>460.0</ele>
      </trkpt>
      <trkpt lat="41.96137" lon="2.26641">
        <ele>463.0</ele>
      </trkpt>
      <trkpt lat="41.9755" lon="2.27332">
        <ele>461.0</ele>
      </trkpt>
      <trkpt lat="41.97643" lon="2.27392">
        <ele>462.0</ele>
      </trkpt>
      <trkpt lat="41.97673" lon="2.27392">
        <ele>462.0</ele>
      </trkpt>
      <trkpt lat="41.98057" lon="2.27575">
        <ele>472.0</ele>
      </trkpt>
      <trkpt lat="41.9948" lon="2.28181">
        <ele>448.0</ele>
      </trkpt>
      <trkpt lat="41.99512" lon="2.28235">
        <ele>449.0</ele>
      </trkpt>
      <trkpt lat="41.99635" lon="2.28614">
        <ele>446.0</ele>
      </trkpt>
      <trkpt lat="41.99762" lon="2.28578">
        <ele>445.0</ele>
      </trkpt>
      <trkpt lat="41.9982" lon="2.2864">
        <ele>446.0</ele>
      </trkpt>
      <trkpt lat="42.00066" lon="2.28582">
        <ele>448.0</ele>
      </trkpt>
      <trkpt lat="42.00104" lon="2.2858">
        <ele>451.0</ele>
      </trkpt>
      <trkpt lat="42.00115" lon="2.28594">
        <ele>452.0</ele>
      </trkpt>
      <trkpt lat="42.00132" lon="2.28567">
        <ele>453.0</ele>
      </trkpt>
      <trkpt lat="42.00265" lon="2.28532">
        <ele>456.0</ele>
      </trkpt>
      <trkpt lat="42.00342" lon="2.2846">
        <ele>457.0</ele>
      </trkpt>
      <trkpt lat="42.00391" lon="2.28434">
        <ele>458.0</ele>
      </trkpt>
      <trkpt lat="42.00397" lon="2.28407">
        <ele>458.0</ele>
      </trkpt>
      <trkpt lat="42.0043" lon="2.28373">
        <ele>458.0</ele>
      </trkpt>
      <trkpt lat="42.00874" lon="2.2793">
        <ele>468.0</ele>
      </trkpt>
      <trkpt lat="42.0091" lon="2.27921">
        <ele>468.0</ele>
      </trkpt>
      <trkpt lat="42.00924" lon="2.27882">
        <ele>468.0</ele>
      </trkpt>
      <trkpt lat="42.01165" lon="2.27642">
        <ele>474.0</ele>
      </trkpt>
      <trkpt lat="42.01247" lon="2.27592">
        <ele>478.0</ele>
      </trkpt>
      <trkpt lat="42.01465" lon="2.2761">
        <ele>488.0</ele>
      </trkpt>
      <trkpt lat="42.01628" lon="2.27717">
        <ele>496.0</ele>
      </trkpt>
      <trkpt lat="42.01718" lon="2.27728">
        <ele>499.0</ele>
      </trkpt>
      <trkpt lat="42.01789" lon="2.2769">
        <ele>496.0</ele>
      </trkpt>
      <trkpt lat="42.01806" lon="2.277">
        <ele>495.0</ele>
      </trkpt>
      <trkpt lat="42.01812" lon="2.27691">
        <ele>494.0</ele>
      </trkpt>
      <trkpt lat="42.01789" lon="2.2769">
        <ele>494.0</ele>
      </trkpt>
      <trkpt lat="42.01901" lon="2.27554">
        <ele>495.0</ele>
      </trkpt>
      <trkpt lat="42.02034" lon="2.27488">
        <ele>498.0</ele>
      </trkpt>
      <trkpt lat="42.02056" lon="2.27495">
        <ele>500.0</ele>
      </trkpt>
      <trkpt lat="42.02097" lon="2.27544">
        <ele>501.0</ele>
      </trkpt>
      <trkpt lat="42.02193" lon="2.27577">
        <ele>503.0</ele>
      </trkpt>
      <trkpt lat="42.02238" lon="2.27582">
        <ele>503.0</ele>
      </trkpt>
      <trkpt lat="42.02376" lon="2.27549">
        <ele>505.0</ele>
      </trkpt>
      <trkpt lat="42.02623" lon="2.27632">
        <ele>507.0</ele>
      </trkpt>
      <trkpt lat="42.02962" lon="2.27575">
        <ele>514.0</ele>
      </trkpt>
      <trkpt lat="42.03065" lon="2.2758">
        <ele>517.0</ele>
      </trkpt>
      <trkpt lat="42.0316" lon="2.27615">
        <ele>518.0</ele>
      </trkpt>
      <trkpt lat="42.03493" lon="2.27812">
        <ele>528.0</ele>
      </trkpt>
      <trkpt lat="42.03817" lon="2.27749">
        <ele>538.0</ele>
      </trkpt>
      <trkpt lat="42.03858" lon="2.27753">
        <ele>540.0</ele>
      </trkpt>
      <trkpt lat="42.04063" lon="2.27343">
        <ele>539.0</ele>
      </trkpt>
      <trkpt lat="42.04098" lon="2.27305">
        <ele>536.0</ele>
      </trkpt>
      <trkpt lat="42.04102" lon="2.27269">
        <ele>536.0</ele>
      </trkpt>
      <trkpt lat="42.04141" lon="2.2719">
        <ele>537.0</ele>
      </trkpt>
      <trkpt lat="42.0441" lon="2.26867">
        <ele>528.0</ele>
      </trkpt>
      <trkpt lat="42.04506" lon="2.26758">
        <ele>519.0</ele>
      </trkpt>
      <trkpt lat="42.0457" lon="2.26759">
        <ele>517.0</ele>
      </trkpt>
      <trkpt lat="42.04669" lon="2.26707">
        <ele>516.0</ele>
      </trkpt>
      <trkpt lat="42.04795" lon="2.26573">
        <ele>511.0</ele>
      </trkpt>
      <trkpt lat="42.04843" lon="2.2659">
        <ele>508.0</ele>
      </trkpt>
      <trkpt lat="42.04878" lon="2.26403">
        <ele>505.0</ele>
      </trkpt>
      <trkpt lat="42.04865" lon="2.26269">
        <ele>503.0</ele>
      </trkpt>
      <trkpt lat="42.04994" lon="2.26279">
        <ele>504.0</ele>
      </trkpt>
      <trkpt lat="42.05006" lon="2.26254">
        <ele>505.0</ele>
      </trkpt>
      <trkpt lat="42.05079" lon="2.2619">
        <ele>509.0</ele>
      </trkpt>
      <trkpt lat="42.05083" lon="2.26154">
        <ele>510.0</ele>
      </trkpt>
      <trkpt lat="42.05005" lon="2.26002">
        <ele>519.0</ele>
      </trkpt>
      <trkpt lat="42.05" lon="2.25967">
        <ele>525.0</ele>
      </trkpt>
      <trkpt lat="42.05024" lon="2.2595">
        <ele>527.0</ele>
      </trkpt>
      <trkpt lat="42.0517" lon="2.25991">
        <ele>529.0</ele>
      </trkpt>
      <trkpt lat="42.05188" lon="2.25983">
        <ele>529.0</ele>
      </trkpt>
      <trkpt lat="42.05255" lon="2.2564">
        <ele>534.0</ele>
      </trkpt>
      <trkpt lat="42.05345" lon="2.25494">
        <ele>541.0</ele>
      </trkpt>
      <trkpt lat="42.05447" lon="2.25425">
        <ele>535.0</ele>
      </trkpt>
      <trkpt lat="42.05568" lon="2.25406">
        <ele>526.0</ele>
      </trkpt>
      <trkpt lat="42.0565" lon="2.25428">
        <ele>526.0</ele>
      </trkpt>
      <trkpt lat="42.0588" lon="2.25543">
        <ele>527.0</ele>
      </trkpt>
      <trkpt lat="42.05956" lon="2.2554">
        <ele>526.0</ele>
      </trkpt>
      <trkpt lat="42.06154" lon="2.25433">
        <ele>521.0</ele>
      </trkpt>
      <trkpt lat="42.06464" lon="2.25007">
        <ele>516.0</ele>
      </trkpt>
      <trkpt lat="42.06501" lon="2.24895">
        <ele>520.0</ele>
      </trkpt>
      <trkpt lat="42.06503" lon="2.24774">
        <ele>520.0</ele>
      </trkpt>
      <trkpt lat="42.06423" lon="2.24506">
        <ele>520.0</ele>
      </trkpt>
      <trkpt lat="42.06411" lon="2.24434">
        <ele>520.0</ele>
      </trkpt>
      <trkpt lat="42.06413" lon="2.24344">
        <ele>522.0</ele>
      </trkpt>
      <trkpt lat="42.0644" lon="2.24229">
        <ele>523.0</ele>
      </trkpt>
      <trkpt lat="42.06441" lon="2.2405">
        <ele>523.0</ele>
      </trkpt>
      <trkpt lat="42.06457" lon="2.24012">
        <ele>521.0</ele>
      </trkpt>
      <trkpt lat="42.0651" lon="2.23952">
        <ele>519.0</ele>
      </trkpt>
      <trkpt lat="42.0656" lon="2.23683">
        <ele>528.0</ele>
      </trkpt>
      <trkpt lat="42.06732" lon="2.23758">
        <ele>530.0</ele>
      </trkpt>
      <trkpt lat="42.07055" lon="2.23951">
        <ele>542.0</ele>
      </trkpt>
      <trkpt lat="42.07127" lon="2.23963">
        <ele>545.0</ele>
      </trkpt>
      <trkpt lat="42.07437" lon="2.23956">
        <ele>538.0</ele>
      </trkpt>
      <trkpt lat="42.07474" lon="2.23981">
        <ele>537.0</ele>
      </trkpt>
      <trkpt lat="42.07557" lon="2.23934">
        <ele>534.0</ele>
      </trkpt>
      <trkpt lat="42.07758" lon="2.23673">
        <ele>528.0</ele>
      </trkpt>
      <trkpt lat="42.07873" lon="2.2338">
        <ele>542.0</ele>
      </trkpt>
      <trkpt lat="42.07919" lon="2.23292">
        <ele>547.0</ele>
      </trkpt>
      <trkpt lat="42.07957" lon="2.23269">
        <ele>555.0</ele>
      </trkpt>
      <trkpt lat="42.07951" lon="2.23242">
        <ele>554.0</ele>
      </trkpt>
      <trkpt lat="42.07837" lon="2.23159">
        <ele>551.0</ele>
      </trkpt>
      <trkpt lat="42.07825" lon="2.23137">
        <ele>548.0</ele>
      </trkpt>
      <trkpt lat="42.07834" lon="2.23121">
        <ele>546.0</ele>
      </trkpt>
      <trkpt lat="42.07924" lon="2.23114">
        <ele>540.0</ele>
      </trkpt>
      <trkpt lat="42.08014" lon="2.23018">
        <ele>534.0</ele>
      </trkpt>
      <trkpt lat="42.08172" lon="2.22884">
        <ele>533.0</ele>
      </trkpt>
      <trkpt lat="42.08202" lon="2.22876">
        <ele>533.0</ele>
      </trkpt>
      <trkpt lat="42.08316" lon="2.22909">
        <ele>533.0</ele>
      </trkpt>
      <trkpt lat="42.0839" lon="2.22867">
        <ele>534.0</ele>
      </trkpt>
      <trkpt lat="42.08508" lon="2.22737">
        <ele>538.0</ele>
      </trkpt>
      <trkpt lat="42.08576" lon="2.22574">
        <ele>542.0</ele>
      </trkpt>
      <trkpt lat="42.08614" lon="2.22516">
        <ele>545.0</ele>
      </trkpt>
      <trkpt lat="42.08735" lon="2.22422">
        <ele>551.0</ele>
      </trkpt>
      <trkpt lat="42.08955" lon="2.22349">
        <ele>570.0</ele>
      </trkpt>
      <trkpt lat="42.09444" lon="2.22338">
        <ele>594.0</ele>
      </trkpt>
      <trkpt lat="42.09565" lon="2.2232">
        <ele>596.0</ele>
      </trkpt>
      <trkpt lat="42.09665" lon="2.22264">
        <ele>592.0</ele>
      </trkpt>
      <trkpt lat="42.09724" lon="2.22197">
        <ele>587.0</ele>
      </trkpt>
      <trkpt lat="42.09775" lon="2.22078">
        <ele>583.0</ele>
      </trkpt>
      <trkpt lat="42.09849" lon="2.21948">
        <ele>576.0</ele>
      </trkpt>
      <trkpt lat="42.10396" lon="2.21315">
        <ele>573.0</ele>
      </trkpt>
      <trkpt lat="42.10429" lon="2.21226">
        <ele>577.0</ele>
      </trkpt>
      <trkpt lat="42.10505" lon="2.21086">
        <ele>586.0</ele>
      </trkpt>
      <trkpt lat="42.10616" lon="2.20949">
        <ele>587.0</ele>
      </trkpt>
      <trkpt lat="42.11215" lon="2.20665">
        <ele>575.0</ele>
      </trkpt>
      <trkpt lat="42.11371" lon="2.20542">
        <ele>578.0</ele>
      </trkpt>
      <trkpt lat="42.11498" lon="2.20377">
        <ele>575.0</ele>
      </trkpt>
      <trkpt lat="42.11614" lon="2.20131">
        <ele>574.0</ele>
      </trkpt>
      <trkpt lat="42.1164" lon="2.20098">
        <ele>575.0</ele>
      </trkpt>
      <trkpt lat="42.11672" lon="2.20099">
        <ele>576.0</ele>
      </trkpt>
      <trkpt lat="42.11863" lon="2.20209">
        <ele>583.0</ele>
      </trkpt>
      <trkpt lat="42.11885" lon="2.20194">
        <ele>585.0</ele>
      </trkpt>
      <trkpt lat="42.11891" lon="2.20141">
        <ele>586.0</ele>
      </trkpt>
      <trkpt lat="42.11909" lon="2.20109">
        <ele>587.0</ele>
      </trkpt>
      <trkpt lat="42.11981" lon="2.20104">
        <ele>590.0</ele>
      </trkpt>
      <trkpt lat="42.12058" lon="2.2016">
        <ele>596.0</ele>
      </trkpt>
      <trkpt lat="42.12267" lon="2.20436">
        <ele>598.0</ele>
      </trkpt>
      <trkpt lat="42.1233" lon="2.20475">
        <ele>596.0</ele>
      </trkpt>
      <trkpt lat="42.12388" lon="2.20485">
        <ele>597.0</ele>
      </trkpt>
      <trkpt lat="42.1245" lon="2.20474">
        <ele>598.0</ele>
      </trkpt>
      <trkpt lat="42.12497" lon="2.20445">
        <ele>599.0</ele>
      </trkpt>
      <trkpt lat="42.12684" lon="2.20212">
        <ele>601.0</ele>
      </trkpt>
      <trkpt lat="42.12812" lon="2.2014">
        <ele>599.0</ele>
      </trkpt>
      <trkpt lat="42.129" lon="2.20124">
        <ele>601.0</ele>
      </trkpt>
      <trkpt lat="42.13021" lon="2.20133">
        <ele>609.0</ele>
      </trkpt>
      <trkpt lat="42.13244" lon="2.20203">
        <ele>652.0</ele>
      </trkpt>
      <trkpt lat="42.13339" lon="2.20254">
        <ele>674.0</ele>
      </trkpt>
      <trkpt lat="42.13475" lon="2.20389">
        <ele>678.0</ele>
      </trkpt>
      <trkpt lat="42.13535" lon="2.20509">
        <ele>636.0</ele>
      </trkpt>
      <trkpt lat="42.13584" lon="2.20758">
        <ele>620.0</ele>
      </trkpt>
      <trkpt lat="42.13644" lon="2.20923">
        <ele>623.0</ele>
      </trkpt>
      <trkpt lat="42.13712" lon="2.20997">
        <ele>624.0</ele>
      </trkpt>
      <trkpt lat="42.13796" lon="2.21013">
        <ele>621.0</ele>
      </trkpt>
      <trkpt lat="42.13982" lon="2.20932">
        <ele>621.0</ele>
      </trkpt>
      <trkpt lat="42.1413" lon="2.2081">
        <ele>628.0</ele>
      </trkpt>
      <trkpt lat="42.14287" lon="2.20755">
        <ele>634.0</ele>
      </trkpt>
      <trkpt lat="42.14582" lon="2.20585">
        <ele>628.0</ele>
      </trkpt>
      <trkpt lat="42.14794" lon="2.20379">
        <ele>623.0</ele>
      </trkpt>
      <trkpt lat="42.14938" lon="2.20276">
        <ele>622.0</ele>
      </trkpt>
      <trkpt lat="42.15013" lon="2.20189">
        <ele>624.0</ele>
      </trkpt>
      <trkpt lat="42.15114" lon="2.20125">
        <ele>631.0</ele>
      </trkpt>
      <trkpt lat="42.15356" lon="2.20101">
        <ele>643.0</ele>
      </trkpt>
      <trkpt lat="42.15649" lon="2.20021">
        <ele>667.0</ele>
      </trkpt>
      <trkpt lat="42.15821" lon="2.20018">
        <ele>696.0</ele>
      </trkpt>
      <trkpt lat="42.15915" lon="2.20001">
        <ele>706.0</ele>
      </trkpt>
      <trkpt lat="42.16001" lon="2.19965">
        <ele>705.0</ele>
      </trkpt>
      <trkpt lat="42.16163" lon="2.19825">
        <ele>674.0</ele>
      </trkpt>
      <trkpt lat="42.16322" lon="2.19753">
        <ele>665.0</ele>
      </trkpt>
      <trkpt lat="42.16415" lon="2.19784">
        <ele>662.0</ele>
      </trkpt>
      <trkpt lat="42.16616" lon="2.19985">
        <ele>653.0</ele>
      </trkpt>
      <trkpt lat="42.16667" lon="2.19999">
        <ele>655.0</ele>
      </trkpt>
      <trkpt lat="42.16737" lon="2.19986">
        <ele>654.0</ele>
      </trkpt>
      <trkpt lat="42.16813" lon="2.1992">
        <ele>652.0</ele>
      </trkpt>
      <trkpt lat="42.1721" lon="2.19346">
        <ele>673.0</ele>
      </trkpt>
      <trkpt lat="42.17272" lon="2.193">
        <ele>674.0</ele>
      </trkpt>
      <trkpt lat="42.175" lon="2.19311">
        <ele>670.0</ele>
      </trkpt>
      <trkpt lat="42.17721" lon="2.19408">
        <ele>659.0</ele>
      </trkpt>
      <trkpt lat="42.18136" lon="2.19496">
        <ele>663.0</ele>
      </trkpt>
      <trkpt lat="42.18347" lon="2.19567">
        <ele>667.0</ele>
      </trkpt>
      <trkpt lat="42.18383" lon="2.19595">
        <ele>668.0</ele>
      </trkpt>
      <trkpt lat="42.1841" lon="2.19589">
        <ele>668.0</ele>
      </trkpt>
      <trkpt lat="42.18636" lon="2.19665">
        <ele>668.0</ele>
      </trkpt>
      <trkpt lat="42.18725" lon="2.1966">
        <ele>672.0</ele>
      </trkpt>
      <trkpt lat="42.18755" lon="2.19613">
        <ele>674.0</ele>
      </trkpt>
      <trkpt lat="42.18962" lon="2.19459">
        <ele>673.0</ele>
      </trkpt>
      <trkpt lat="42.19007" lon="2.19448">
        <ele>677.0</ele>
      </trkpt>
      <trkpt lat="42.19022" lon="2.19399">
        <ele>679.0</ele>
      </trkpt>
      <trkpt lat="42.19159" lon="2.19161">
        <ele>687.0</ele>
      </trkpt>
      <trkpt lat="42.19248" lon="2.19064">
        <ele>693.0</ele>
      </trkpt>
      <trkpt lat="42.19359" lon="2.19028">
        <ele>696.0</ele>
      </trkpt>
      <trkpt lat="42.19683" lon="2.19049">
        <ele>698.0</ele>
      </trkpt>
      <trkpt lat="42.19747" lon="2.19022">
        <ele>698.0</ele>
      </trkpt>
      <trkpt lat="42.19795" lon="2.18978">
        <ele>699.0</ele>
      </trkpt>
      <trkpt lat="42.19839" lon="2.18888">
        <ele>699.0</ele>
      </trkpt>
      <trkpt lat="42.1989" lon="2.18614">
        <ele>696.0</ele>
      </trkpt>
      <trkpt lat="42.19961" lon="2.18472">
        <ele>687.0</ele>
      </trkpt>
      <trkpt lat="42.20013" lon="2.18429">
        <ele>683.0</ele>
      </trkpt>
      <trkpt lat="42.20241" lon="2.18301">
        <ele>682.0</ele>
      </trkpt>
      <trkpt lat="42.2027" lon="2.18291">
        <ele>687.0</ele>
      </trkpt>
      <trkpt lat="42.20301" lon="2.18311">
        <ele>692.0</ele>
      </trkpt>
      <trkpt lat="42.20398" lon="2.18177">
        <ele>698.0</ele>
      </trkpt>
      <trkpt lat="42.20434" lon="2.18073">
        <ele>701.0</ele>
      </trkpt>
      <trkpt lat="42.20443" lon="2.17843">
        <ele>697.0</ele>
      </trkpt>
      <trkpt lat="42.20465" lon="2.17744">
        <ele>694.0</ele>
      </trkpt>
      <trkpt lat="42.20714" lon="2.17191">
        <ele>703.0</ele>
      </trkpt>
      <trkpt lat="42.20939" lon="2.17018">
        <ele>704.0</ele>
      </trkpt>
      <trkpt lat="42.20997" lon="2.16988">
        <ele>704.0</ele>
      </trkpt>
      <trkpt lat="42.21502" lon="2.16865">
        <ele>710.0</ele>
      </trkpt>
      <trkpt lat="42.21603" lon="2.16857">
        <ele>713.0</ele>
      </trkpt>
      <trkpt lat="42.21928" lon="2.16956">
        <ele>714.0</ele>
      </trkpt>
      <trkpt lat="42.22144" lon="2.1706">
        <ele>728.0</ele>
      </trkpt>
      <trkpt lat="42.22421" lon="2.17066">
        <ele>732.0</ele>
      </trkpt>
      <trkpt lat="42.22588" lon="2.17033">
        <ele>732.0</ele>
      </trkpt>
      <trkpt lat="42.23209" lon="2.1684">
        <ele>739.0</ele>
      </trkpt>
      <trkpt lat="42.23514" lon="2.16802">
        <ele>742.0</ele>
      </trkpt>
      <trkpt lat="42.23671" lon="2.16823">
        <ele>748.0</ele>
      </trkpt>
      <trkpt lat="42.23784" lon="2.16801">
        <ele>748.0</ele>
      </trkpt>
      <trkpt lat="42.24192" lon="2.16461">
        <ele>758.0</ele>
      </trkpt>
      <trkpt lat="42.2439" lon="2.16512">
        <ele>761.0</ele>
      </trkpt>
      <trkpt lat="42.24743" lon="2.16397">
        <ele>771.0</ele>
      </trkpt>
      <trkpt lat="42.24891" lon="2.16446">
        <ele>781.0</ele>
      </trkpt>
      <trkpt lat="42.24961" lon="2.16551">
        <ele>787.0</ele>
      </trkpt>
      <trkpt lat="42.2504" lon="2.16581">
        <ele>792.0</ele>
      </trkpt>
      <trkpt lat="42.25075" lon="2.16563">
        <ele>795.0</ele>
      </trkpt>
      <trkpt lat="42.25141" lon="2.16466">
        <ele>793.0</ele>
      </trkpt>
      <trkpt lat="42.25196" lon="2.16411">
        <ele>789.0</ele>
      </trkpt>
      <trkpt lat="42.25246" lon="2.16421">
        <ele>788.0</ele>
      </trkpt>
      <trkpt lat="42.25351" lon="2.16531">
        <ele>793.0</ele>
      </trkpt>
      <trkpt lat="42.25442" lon="2.16565">
        <ele>797.0</ele>
      </trkpt>
      <trkpt lat="42.25525" lon="2.16557">
        <ele>800.0</ele>
      </trkpt>
      <trkpt lat="42.25634" lon="2.16454">
        <ele>802.0</ele>
      </trkpt>
      <trkpt lat="42.25676" lon="2.16439">
        <ele>802.0</ele>
      </trkpt>
      <trkpt lat="42.25731" lon="2.16463">
        <ele>800.0</ele>
      </trkpt>
      <trkpt lat="42.25801" lon="2.16559">
        <ele>796.0</ele>
      </trkpt>
      <trkpt lat="42.25857" lon="2.16571">
        <ele>795.0</ele>
      </trkpt>
      <trkpt lat="42.26095" lon="2.16468">
        <ele>802.0</ele>
      </trkpt>
      <trkpt lat="42.26136" lon="2.16424">
        <ele>811.0</ele>
      </trkpt>
      <trkpt lat="42.26202" lon="2.16293">
        <ele>819.0</ele>
      </trkpt>
      <trkpt lat="42.26256" lon="2.16244">
        <ele>815.0</ele>
      </trkpt>
      <trkpt lat="42.26334" lon="2.16254">
        <ele>809.0</ele>
      </trkpt>
      <trkpt lat="42.26452" lon="2.16326">
        <ele>808.0</ele>
      </trkpt>
      <trkpt lat="42.26509" lon="2.16319">
        <ele>810.0</ele>
      </trkpt>
      <trkpt lat="42.26544" lon="2.16282">
        <ele>810.0</ele>
      </trkpt>
      <trkpt lat="42.26621" lon="2.16116">
        <ele>809.0</ele>
      </trkpt>
      <trkpt lat="42.26665" lon="2.16075">
        <ele>810.0</ele>
      </trkpt>
      <trkpt lat="42.26941" lon="2.15939">
        <ele>835.0</ele>
      </trkpt>
      <trkpt lat="42.2708" lon="2.15915">
        <ele>849.0</ele>
      </trkpt>
      <trkpt lat="42.27195" lon="2.15957">
        <ele>843.0</ele>
      </trkpt>
      <trkpt lat="42.27342" lon="2.15907">
        <ele>848.0</ele>
      </trkpt>
      <trkpt lat="42.27398" lon="2.1593">
        <ele>852.0</ele>
      </trkpt>
      <trkpt lat="42.2746" lon="2.1598">
        <ele>850.0</ele>
      </trkpt>
      <trkpt lat="42.27565" lon="2.16">
        <ele>844.0</ele>
      </trkpt>
      <trkpt lat="42.27742" lon="2.15953">
        <ele>850.0</ele>
      </trkpt>
      <trkpt lat="42.27953" lon="2.15979">
        <ele>859.0</ele>
      </trkpt>
      <trkpt lat="42.28112" lon="2.1592">
        <ele>870.0</ele>
      </trkpt>
      <trkpt lat="42.28242" lon="2.15948">
        <ele>869.0</ele>
      </trkpt>
      <trkpt lat="42.28332" lon="2.15931">
        <ele>867.0</ele>
      </trkpt>
      <trkpt lat="42.28419" lon="2.1588">
        <ele>869.0</ele>
      </trkpt>
      <trkpt lat="42.28457" lon="2.15886">
        <ele>871.0</ele>
      </trkpt>
      <trkpt lat="42.28584" lon="2.16001">
        <ele>871.0</ele>
      </trkpt>
      <trkpt lat="42.28658" lon="2.16045">
        <ele>869.0</ele>
      </trkpt>
      <trkpt lat="42.28709" lon="2.16048">
        <ele>872.0</ele>
      </trkpt>
      <trkpt lat="42.2888" lon="2.16002">
        <ele>882.0</ele>
      </trkpt>
      <trkpt lat="42.29021" lon="2.16075">
        <ele>883.0</ele>
      </trkpt>
      <trkpt lat="42.29141" lon="2.16085">
        <ele>887.0</ele>
      </trkpt>
      <trkpt lat="42.29216" lon="2.16067">
        <ele>892.0</ele>
      </trkpt>
      <trkpt lat="42.29259" lon="2.16082">
        <ele>893.0</ele>
      </trkpt>
      <trkpt lat="42.29316" lon="2.16124">
        <ele>896.0</ele>
      </trkpt>
      <trkpt lat="42.29372" lon="2.16198">
        <ele>898.0</ele>
      </trkpt>
      <trkpt lat="42.29476" lon="2.16453">
        <ele>892.0</ele>
      </trkpt>
      <trkpt lat="42.29546" lon="2.16488">
        <ele>892.0</ele>
      </trkpt>
      <trkpt lat="42.29671" lon="2.16524">
        <ele>894.0</ele>
      </trkpt>
      <trkpt lat="42.29835" lon="2.16548">
        <ele>904.0</ele>
      </trkpt>
      <trkpt lat="42.29938" lon="2.16622">
        <ele>902.0</ele>
      </trkpt>
      <trkpt lat="42.30146" lon="2.16694">
        <ele>903.0</ele>
      </trkpt>
      <trkpt lat="42.30268" lon="2.16644">
        <ele>909.0</ele>
      </trkpt>
      <trkpt lat="42.30485" lon="2.16698">
        <ele>919.0</ele>
      </trkpt>
      <trkpt lat="42.30631" lon="2.16682">
        <ele>920.0</ele>
      </trkpt>
      <trkpt lat="42.30819" lon="2.16405">
        <ele>921.0</ele>
      </trkpt>
      <trkpt lat="42.30871" lon="2.16183">
        <ele>921.0</ele>
      </trkpt>
      <trkpt lat="42.30919" lon="2.16082">
        <ele>928.0</ele>
      </trkpt>
      <trkpt lat="42.30901" lon="2.15938">
        <ele>937.0</ele>
      </trkpt>
      <trkpt lat="42.30941" lon="2.15867">
        <ele>940.0</ele>
      </trkpt>
      <trkpt lat="42.31019" lon="2.15427">
        <ele>956.0</ele>
      </trkpt>
      <trkpt lat="42.30983" lon="2.15293">
        <ele>954.0</ele>
      </trkpt>
      <trkpt lat="42.30995" lon="2.15218">
        <ele>952.0</ele>
      </trkpt>
      <trkpt lat="42.31051" lon="2.15178">
        <ele>953.0</ele>
      </trkpt>
      <trkpt lat="42.31147" lon="2.15156">
        <ele>961.0</ele>
      </trkpt>
      <trkpt lat="42.31181" lon="2.14962">
        <ele>967.0</ele>
      </trkpt>
      <trkpt lat="42.31296" lon="2.14741">
        <ele>984.0</ele>
      </trkpt>
      <trkpt lat="42.31289" lon="2.14571">
        <ele>997.0</ele>
      </trkpt>
      <trkpt lat="42.31239" lon="2.14352">
        <ele>1007.0</ele>
      </trkpt>
      <trkpt lat="42.31237" lon="2.14292">
        <ele>1008.0</ele>
      </trkpt>
      <trkpt lat="42.31177" lon="2.14227">
        <ele>1009.0</ele>
      </trkpt>
      <trkpt lat="42.3114" lon="2.14042">
        <ele>1009.0</ele>
      </trkpt>
      <trkpt lat="42.31142" lon="2.13986">
        <ele>1010.0</ele>
      </trkpt>
      <trkpt lat="42.31166" lon="2.13951">
        <ele>1012.0</ele>
      </trkpt>
      <trkpt lat="42.31168" lon="2.13923">
        <ele>1014.0</ele>
      </trkpt>
      <trkpt lat="42.31138" lon="2.13623">
        <ele>1031.0</ele>
      </trkpt>
      <trkpt lat="42.31151" lon="2.13589">
        <ele>1033.0</ele>
      </trkpt>
      <trkpt lat="42.31192" lon="2.13546">
        <ele>1037.0</ele>
      </trkpt>
      <trkpt lat="42.3117" lon="2.13485">
        <ele>1037.0</ele>
      </trkpt>
      <trkpt lat="42.31168" lon="2.13274">
        <ele>1033.0</ele>
      </trkpt>
      <trkpt lat="42.31235" lon="2.13109">
        <ele>1039.0</ele>
      </trkpt>
      <trkpt lat="42.31288" lon="2.13057">
        <ele>1044.0</ele>
      </trkpt>
      <trkpt lat="42.31347" lon="2.1303">
        <ele>1046.0</ele>
      </trkpt>
      <trkpt lat="42.31348" lon="2.12999">
        <ele>1046.0</ele>
      </trkpt>
      <trkpt lat="42.31321" lon="2.12929">
        <ele>1046.0</ele>
      </trkpt>
      <trkpt lat="42.31349" lon="2.12802">
        <ele>1048.0</ele>
      </trkpt>
      <trkpt lat="42.31439" lon="2.12709">
        <ele>1054.0</ele>
      </trkpt>
      <trkpt lat="42.31509" lon="2.127">
        <ele>1061.0</ele>
      </trkpt>
      <trkpt lat="42.3153" lon="2.1268">
        <ele>1064.0</ele>
      </trkpt>
      <trkpt lat="42.31524" lon="2.12654">
        <ele>1067.0</ele>
      </trkpt>
      <trkpt lat="42.31417" lon="2.12523">
        <ele>1076.0</ele>
      </trkpt>
      <trkpt lat="42.31378" lon="2.12352">
        <ele>1076.0</ele>
      </trkpt>
      <trkpt lat="42.314" lon="2.12254">
        <ele>1077.0</ele>
      </trkpt>
      <trkpt lat="42.31426" lon="2.12222">
        <ele>1080.0</ele>
      </trkpt>
      <trkpt lat="42.3145" lon="2.12116">
        <ele>1083.0</ele>
      </trkpt>
      <trkpt lat="42.31493" lon="2.12069">
        <ele>1086.0</ele>
      </trkpt>
      <trkpt lat="42.31492" lon="2.1198">
        <ele>1089.0</ele>
      </trkpt>
      <trkpt lat="42.31546" lon="2.11922">
        <ele>1092.0</ele>
      </trkpt>
      <trkpt lat="42.31536" lon="2.11826">
        <ele>1093.0</ele>
      </trkpt>
      <trkpt lat="42.31563" lon="2.11705">
        <ele>1093.0</ele>
      </trkpt>
      <trkpt lat="42.31593" lon="2.11634">
        <ele>1096.0</ele>
      </trkpt>
      <trkpt lat="42.31599" lon="2.11436">
        <ele>1103.0</ele>
      </trkpt>
      <trkpt lat="42.31627" lon="2.11377">
        <ele>1105.0</ele>
      </trkpt>
      <trkpt lat="42.31778" lon="2.11316">
        <ele>1107.0</ele>
      </trkpt>
      <trkpt lat="42.31906" lon="2.113">
        <ele>1113.0</ele>
      </trkpt>
      <trkpt lat="42.32001" lon="2.11251">
        <ele>1119.0</ele>
      </trkpt>
      <trkpt lat="42.3202" lon="2.11222">
        <ele>1125.0</ele>
      </trkpt>
      <trkpt lat="42.32027" lon="2.11143">
        <ele>1131.0</ele>
      </trkpt>
      <trkpt lat="42.31998" lon="2.10968">
        <ele>1145.0</ele>
      </trkpt>
      <trkpt lat="42.31919" lon="2.10901">
        <ele>1151.0</ele>
      </trkpt>
      <trkpt lat="42.3186" lon="2.10885">
        <ele>1154.0</ele>
      </trkpt>
      <trkpt lat="42.31849" lon="2.10859">
        <ele>1154.0</ele>
      </trkpt>
      <trkpt lat="42.31858" lon="2.10777">
        <ele>1152.0</ele>
      </trkpt>
      <trkpt lat="42.31912" lon="2.10609">
        <ele>1151.0</ele>
      </trkpt>
      <trkpt lat="42.31938" lon="2.10565">
        <ele>1155.0</ele>
      </trkpt>
      <trkpt lat="42.31981" lon="2.1054">
        <ele>1159.0</ele>
      </trkpt>
      <trkpt lat="42.31988" lon="2.1052">
        <ele>1161.0</ele>
      </trkpt>
      <trkpt lat="42.31947" lon="2.10408">
        <ele>1166.0</ele>
      </trkpt>
      <trkpt lat="42.31893" lon="2.10435">
        <ele>1166.0</ele>
      </trkpt>
      <trkpt lat="42.31834" lon="2.1044">
        <ele>1166.0</ele>
      </trkpt>
      <trkpt lat="42.31811" lon="2.10329">
        <ele>1167.0</ele>
      </trkpt>
      <trkpt lat="42.31814" lon="2.1029">
        <ele>1168.0</ele>
      </trkpt>
      <trkpt lat="42.31838" lon="2.10243">
        <ele>1169.0</ele>
      </trkpt>
      <trkpt lat="42.3195" lon="2.10156">
        <ele>1172.0</ele>
      </trkpt>
      <trkpt lat="42.32024" lon="2.10021">
        <ele>1178.0</ele>
      </trkpt>
      <trkpt lat="42.32068" lon="2.10005">
        <ele>1180.0</ele>
      </trkpt>
      <trkpt lat="42.32173" lon="2.10011">
        <ele>1185.0</ele>
      </trkpt>
      <trkpt lat="42.322" lon="2.09994">
        <ele>1188.0</ele>
      </trkpt>
      <trkpt lat="42.32204" lon="2.09959">
        <ele>1191.0</ele>
      </trkpt>
      <trkpt lat="42.32192" lon="2.09917">
        <ele>1194.0</ele>
      </trkpt>
      <trkpt lat="42.32042" lon="2.09783">
        <ele>1206.0</ele>
      </trkpt>
      <trkpt lat="42.3206" lon="2.09706">
        <ele>1207.0</ele>
      </trkpt>
      <trkpt lat="42.32113" lon="2.09656">
        <ele>1207.0</ele>
      </trkpt>
      <trkpt lat="42.32162" lon="2.09548">
        <ele>1206.0</ele>
      </trkpt>
      <trkpt lat="42.32212" lon="2.09503">
        <ele>1205.0</ele>
      </trkpt>
      <trkpt lat="42.32259" lon="2.09486">
        <ele>1204.0</ele>
      </trkpt>
      <trkpt lat="42.32406" lon="2.09533">
        <ele>1219.0</ele>
      </trkpt>
      <trkpt lat="42.32455" lon="2.09521">
        <ele>1234.0</ele>
      </trkpt>
      <trkpt lat="42.32454" lon="2.09305">
        <ele>1238.0</ele>
      </trkpt>
      <trkpt lat="42.32492" lon="2.09248">
        <ele>1241.0</ele>
      </trkpt>
      <trkpt lat="42.32502" lon="2.09206">
        <ele>1243.0</ele>
      </trkpt>
      <trkpt lat="42.32428" lon="2.09126">
        <ele>1250.0</ele>
      </trkpt>
      <trkpt lat="42.3243" lon="2.09025">
        <ele>1252.0</ele>
      </trkpt>
      <trkpt lat="42.3248" lon="2.08879">
        <ele>1253.0</ele>
      </trkpt>
      <trkpt lat="42.32575" lon="2.08695">
        <ele>1257.0</ele>
      </trkpt>
      <trkpt lat="42.32678" lon="2.08674">
        <ele>1266.0</ele>
      </trkpt>
      <trkpt lat="42.32692" lon="2.08659">
        <ele>1270.0</ele>
      </trkpt>
      <trkpt lat="42.32687" lon="2.08629">
        <ele>1272.0</ele>
      </trkpt>
      <trkpt lat="42.32643" lon="2.08561">
        <ele>1278.0</ele>
      </trkpt>
      <trkpt lat="42.32639" lon="2.08443">
        <ele>1282.0</ele>
      </trkpt>
      <trkpt lat="42.3261" lon="2.08341">
        <ele>1285.0</ele>
      </trkpt>
      <trkpt lat="42.32656" lon="2.08223">
        <ele>1292.0</ele>
      </trkpt>
      <trkpt lat="42.32624" lon="2.08085">
        <ele>1300.0</ele>
      </trkpt>
      <trkpt lat="42.32651" lon="2.0795">
        <ele>1302.0</ele>
      </trkpt>
      <trkpt lat="42.32632" lon="2.07857">
        <ele>1303.0</ele>
      </trkpt>
      <trkpt lat="42.32666" lon="2.07793">
        <ele>1307.0</ele>
      </trkpt>
      <trkpt lat="42.32774" lon="2.07716">
        <ele>1315.0</ele>
      </trkpt>
      <trkpt lat="42.3278" lon="2.0768">
        <ele>1319.0</ele>
      </trkpt>
      <trkpt lat="42.32565" lon="2.07564">
        <ele>1330.0</ele>
      </trkpt>
      <trkpt lat="42.32544" lon="2.07493">
        <ele>1330.0</ele>
      </trkpt>
      <trkpt lat="42.32552" lon="2.0742">
        <ele>1330.0</ele>
      </trkpt>
      <trkpt lat="42.32635" lon="2.07229">
        <ele>1331.0</ele>
      </trkpt>
      <trkpt lat="42.32697" lon="2.07163">
        <ele>1333.0</ele>
      </trkpt>
      <trkpt lat="42.3275" lon="2.07181">
        <ele>1336.0</ele>
      </trkpt>
      <trkpt lat="42.32786" lon="2.07242">
        <ele>1341.0</ele>
      </trkpt>
      <trkpt lat="42.32907" lon="2.07382">
        <ele>1346.0</ele>
      </trkpt>
      <trkpt lat="42.33096" lon="2.07425">
        <ele>1350.0</ele>
      </trkpt>
      <trkpt lat="42.33148" lon="2.07411">
        <ele>1358.0</ele>
      </trkpt>
      <trkpt lat="42.33189" lon="2.07433">
        <ele>1367.0</ele>
      </trkpt>
      <trkpt lat="42.33213" lon="2.07407">
        <ele>1371.0</ele>
      </trkpt>
      <trkpt lat="42.33232" lon="2.07311">
        <ele>1374.0</ele>
      </trkpt>
      <trkpt lat="42.33317" lon="2.07249">
        <ele>1377.0</ele>
      </trkpt>
      <trkpt lat="42.33439" lon="2.07194">
        <ele>1389.0</ele>
      </trkpt>
      <trkpt lat="42.3343" lon="2.07159">
        <ele>1392.0</ele>
      </trkpt>
      <trkpt lat="42.33353" lon="2.07133">
        <ele>1395.0</ele>
      </trkpt>
      <trkpt lat="42.33145" lon="2.07132">
        <ele>1398.0</ele>
      </trkpt>
      <trkpt lat="42.33098" lon="2.07103">
        <ele>1399.0</ele>
      </trkpt>
      <trkpt lat="42.33073" lon="2.06959">
        <ele>1400.0</ele>
      </trkpt>
      <trkpt lat="42.3304" lon="2.06854">
        <ele>1402.0</ele>
      </trkpt>
      <trkpt lat="42.33042" lon="2.06684">
        <ele>1405.0</ele>
      </trkpt>
      <trkpt lat="42.33186" lon="2.06209">
        <ele>1419.0</ele>
      </trkpt>
      <trkpt lat="42.33198" lon="2.06099">
        <ele>1430.0</ele>
      </trkpt>
      <trkpt lat="42.3318" lon="2.06073">
        <ele>1432.0</ele>
      </trkpt>
      <trkpt lat="42.32988" lon="2.0615">
        <ele>1430.0</ele>
      </trkpt>
      <trkpt lat="42.32928" lon="2.06192">
        <ele>1422.0</ele>
      </trkpt>
      <trkpt lat="42.32901" lon="2.06186">
        <ele>1416.0</ele>
      </trkpt>
      <trkpt lat="42.3289" lon="2.06093">
        <ele>1407.0</ele>
      </trkpt>
      <trkpt lat="42.32815" lon="2.0594">
        <ele>1390.0</ele>
      </trkpt>
      <trkpt lat="42.32859" lon="2.05749">
        <ele>1379.0</ele>
      </trkpt>
      <trkpt lat="42.32855" lon="2.05613">
        <ele>1373.0</ele>
      </trkpt>
      <trkpt lat="42.32872" lon="2.05491">
        <ele>1368.0</ele>
      </trkpt>
      <trkpt lat="42.32712" lon="2.05335">
        <ele>1344.0</ele>
      </trkpt>
      <trkpt lat="42.32688" lon="2.05218">
        <ele>1335.0</ele>
      </trkpt>
      <trkpt lat="42.32646" lon="2.05127">
        <ele>1332.0</ele>
      </trkpt>
      <trkpt lat="42.32686" lon="2.05062">
        <ele>1328.0</ele>
      </trkpt>
      <trkpt lat="42.32645" lon="2.05004">
        <ele>1325.0</ele>
      </trkpt>
      <trkpt lat="42.32561" lon="2.04927">
        <ele>1316.0</ele>
      </trkpt>
      <trkpt lat="42.32467" lon="2.04721">
        <ele>1293.0</ele>
      </trkpt>
      <trkpt lat="42.32379" lon="2.04758">
        <ele>1277.0</ele>
      </trkpt>
      <trkpt lat="42.32316" lon="2.04713">
        <ele>1262.0</ele>
      </trkpt>
      <trkpt lat="42.32291" lon="2.04668">
        <ele>1256.0</ele>
      </trkpt>
      <trkpt lat="42.32259" lon="2.0467">
        <ele>1253.0</ele>
      </trkpt>
      <trkpt lat="42.32246" lon="2.04563">
        <ele>1254.0</ele>
      </trkpt>
      <trkpt lat="42.32245" lon="2.04287">
        <ele>1261.0</ele>
      </trkpt>
      <trkpt lat="42.32213" lon="2.04072">
        <ele>1273.0</ele>
      </trkpt>
      <trkpt lat="42.32224" lon="2.03906">
        <ele>1273.0</ele>
      </trkpt>
      <trkpt lat="42.32216" lon="2.03681">
        <ele>1276.0</ele>
      </trkpt>
      <trkpt lat="42.32229" lon="2.03656">
        <ele>1276.0</ele>
      </trkpt>
      <trkpt lat="42.32384" lon="2.03571">
        <ele>1285.0</ele>
      </trkpt>
      <trkpt lat="42.32427" lon="2.03529">
        <ele>1288.0</ele>
      </trkpt>
      <trkpt lat="42.32444" lon="2.0349">
        <ele>1291.0</ele>
      </trkpt>
      <trkpt lat="42.32411" lon="2.03463">
        <ele>1293.0</ele>
      </trkpt>
      <trkpt lat="42.32363" lon="2.03525">
        <ele>1295.0</ele>
      </trkpt>
      <trkpt lat="42.32323" lon="2.03548">
        <ele>1297.0</ele>
      </trkpt>
      <trkpt lat="42.32275" lon="2.03533">
        <ele>1299.0</ele>
      </trkpt>
      <trkpt lat="42.32261" lon="2.03514">
        <ele>1301.0</ele>
      </trkpt>
      <trkpt lat="42.32341" lon="2.03094">
        <ele>1323.0</ele>
      </trkpt>
      <trkpt lat="42.32352" lon="2.02787">
        <ele>1342.0</ele>
      </trkpt>
      <trkpt lat="42.3228" lon="2.02453">
        <ele>1366.0</ele>
      </trkpt>
      <trkpt lat="42.32236" lon="2.0237">
        <ele>1372.0</ele>
      </trkpt>
      <trkpt lat="42.32184" lon="2.02314">
        <ele>1376.0</ele>
      </trkpt>
      <trkpt lat="42.32166" lon="2.02263">
        <ele>1378.0</ele>
      </trkpt>
      <trkpt lat="42.32195" lon="2.02172">
        <ele>1382.0</ele>
      </trkpt>
      <trkpt lat="42.32151" lon="2.0208">
        <ele>1386.0</ele>
      </trkpt>
      <trkpt lat="42.32166" lon="2.01987">
        <ele>1389.0</ele>
      </trkpt>
      <trkpt lat="42.32162" lon="2.01921">
        <ele>1393.0</ele>
      </trkpt>
      <trkpt lat="42.32116" lon="2.01843">
        <ele>1403.0</ele>
      </trkpt>
      <trkpt lat="42.32109" lon="2.01781">
        <ele>1410.0</ele>
      </trkpt>
      <trkpt lat="42.32124" lon="2.01719">
        <ele>1417.0</ele>
      </trkpt>
      <trkpt lat="42.32109" lon="2.01552">
        <ele>1416.0</ele>
      </trkpt>
      <trkpt lat="42.32066" lon="2.01334">
        <ele>1422.0</ele>
      </trkpt>
      <trkpt lat="42.32021" lon="2.01275">
        <ele>1430.0</ele>
      </trkpt>
      <trkpt lat="42.31959" lon="2.00986">
        <ele>1445.0</ele>
      </trkpt>
      <trkpt lat="42.31963" lon="2.00861">
        <ele>1453.0</ele>
      </trkpt>
      <trkpt lat="42.31999" lon="2.00676">
        <ele>1463.0</ele>
      </trkpt>
      <trkpt lat="42.31975" lon="2.00529">
        <ele>1472.0</ele>
      </trkpt>
      <trkpt lat="42.32028" lon="2.00452">
        <ele>1474.0</ele>
      </trkpt>
      <trkpt lat="42.32065" lon="2.00438">
        <ele>1477.0</ele>
      </trkpt>
      <trkpt lat="42.32216" lon="2.00494">
        <ele>1486.0</ele>
      </trkpt>
      <trkpt lat="42.3227" lon="2.00493">
        <ele>1490.0</ele>
      </trkpt>
      <trkpt lat="42.32343" lon="2.00515">
        <ele>1500.0</ele>
      </trkpt>
      <trkpt lat="42.32462" lon="2.00393">
        <ele>1514.0</ele>
      </trkpt>
      <trkpt lat="42.32561" lon="2.00364">
        <ele>1521.0</ele>
      </trkpt>
      <trkpt lat="42.32643" lon="2.00311">
        <ele>1527.0</ele>
      </trkpt>
      <trkpt lat="42.32767" lon="2.00135">
        <ele>1539.0</ele>
      </trkpt>
      <trkpt lat="42.32835" lon="2.00073">
        <ele>1549.0</ele>
      </trkpt>
      <trkpt lat="42.33008" lon="2.00039">
        <ele>1563.0</ele>
      </trkpt>
      <trkpt lat="42.33129" lon="1.99994">
        <ele>1577.0</ele>
      </trkpt>
      <trkpt lat="42.33171" lon="1.99912">
        <ele>1594.0</ele>
      </trkpt>
      <trkpt lat="42.33238" lon="1.99849">
        <ele>1604.0</ele>
      </trkpt>
      <trkpt lat="42.33249" lon="1.99709">
        <ele>1614.0</ele>
      </trkpt>
      <trkpt lat="42.33232" lon="1.99673">
        <ele>1625.0</ele>
      </trkpt>
      <trkpt lat="42.33169" lon="1.99707">
        <ele>1634.0</ele>
      </trkpt>
      <trkpt lat="42.33026" lon="1.99721">
        <ele>1650.0</ele>
      </trkpt>
      <trkpt lat="42.32964" lon="1.997">
        <ele>1654.0</ele>
      </trkpt>
      <trkpt lat="42.32872" lon="1.99637">
        <ele>1666.0</ele>
      </trkpt>
      <trkpt lat="42.32861" lon="1.99606">
        <ele>1675.0</ele>
      </trkpt>
      <trkpt lat="42.32876" lon="1.99499">
        <ele>1682.0</ele>
      </trkpt>
      <trkpt lat="42.32866" lon="1.99296">
        <ele>1695.0</ele>
      </trkpt>
      <trkpt lat="42.32895" lon="1.99097">
        <ele>1708.0</ele>
      </trkpt>
      <trkpt lat="42.32922" lon="1.99023">
        <ele>1715.0</ele>
      </trkpt>
      <trkpt lat="42.33011" lon="1.98895">
        <ele>1734.0</ele>
      </trkpt>
      <trkpt lat="42.33012" lon="1.9882">
        <ele>1743.0</ele>
      </trkpt>
      <trkpt lat="42.33089" lon="1.98679">
        <ele>1755.0</ele>
      </trkpt>
      <trkpt lat="42.33123" lon="1.98579">
        <ele>1766.0</ele>
      </trkpt>
      <trkpt lat="42.33128" lon="1.98508">
        <ele>1774.0</ele>
      </trkpt>
      <trkpt lat="42.33158" lon="1.98458">
        <ele>1776.0</ele>
      </trkpt>
      <trkpt lat="42.33181" lon="1.9846">
        <ele>1776.0</ele>
      </trkpt>
      <trkpt lat="42.33264" lon="1.9842">
        <ele>1771.0</ele>
      </trkpt>
      <trkpt lat="42.33294" lon="1.98445">
        <ele>1769.0</ele>
      </trkpt>
      <trkpt lat="42.33358" lon="1.98604">
        <ele>1774.0</ele>
      </trkpt>
      <trkpt lat="42.33376" lon="1.98709">
        <ele>1778.0</ele>
      </trkpt>
      <trkpt lat="42.33384" lon="1.98916">
        <ele>1785.0</ele>
      </trkpt>
      <trkpt lat="42.33401" lon="1.98935">
        <ele>1786.0</ele>
      </trkpt>
      <trkpt lat="42.33455" lon="1.98949">
        <ele>1788.0</ele>
      </trkpt>
      <trkpt lat="42.33549" lon="1.99019">
        <ele>1790.0</ele>
      </trkpt>
      <trkpt lat="42.33603" lon="1.99112">
        <ele>1791.0</ele>
      </trkpt>
      <trkpt lat="42.3374" lon="1.99098">
        <ele>1789.0</ele>
      </trkpt>
      <trkpt lat="42.33817" lon="1.98949">
        <ele>1783.0</ele>
      </trkpt>
      <trkpt lat="42.33854" lon="1.98924">
        <ele>1780.0</ele>
      </trkpt>
      <trkpt lat="42.34052" lon="1.98988">
        <ele>1769.0</ele>
      </trkpt>
      <trkpt lat="42.34128" lon="1.9906">
        <ele>1766.0</ele>
      </trkpt>
      <trkpt lat="42.34155" lon="1.99062">
        <ele>1767.0</ele>
      </trkpt>
      <trkpt lat="42.34179" lon="1.99012">
        <ele>1769.0</ele>
      </trkpt>
      <trkpt lat="42.34194" lon="1.9884">
        <ele>1771.0</ele>
      </trkpt>
      <trkpt lat="42.34176" lon="1.98755">
        <ele>1773.0</ele>
      </trkpt>
      <trkpt lat="42.34127" lon="1.98643">
        <ele>1773.0</ele>
      </trkpt>
      <trkpt lat="42.34119" lon="1.98527">
        <ele>1769.0</ele>
      </trkpt>
      <trkpt lat="42.34146" lon="1.9844">
        <ele>1764.0</ele>
      </trkpt>
      <trkpt lat="42.34099" lon="1.98332">
        <ele>1759.0</ele>
      </trkpt>
      <trkpt lat="42.34105" lon="1.98269">
        <ele>1756.0</ele>
      </trkpt>
      <trkpt lat="42.34185" lon="1.98178">
        <ele>1753.0</ele>
      </trkpt>
      <trkpt lat="42.34272" lon="1.98131">
        <ele>1753.0</ele>
      </trkpt>
      <trkpt lat="42.34291" lon="1.98034">
        <ele>1751.0</ele>
      </trkpt>
      <trkpt lat="42.34314" lon="1.97998">
        <ele>1749.0</ele>
      </trkpt>
      <trkpt lat="42.34436" lon="1.97877">
        <ele>1743.0</ele>
      </trkpt>
      <trkpt lat="42.34493" lon="1.97844">
        <ele>1743.0</ele>
      </trkpt>
      <trkpt lat="42.34679" lon="1.97814">
        <ele>1742.0</ele>
      </trkpt>
      <trkpt lat="42.34732" lon="1.97833">
        <ele>1743.0</ele>
      </trkpt>
      <trkpt lat="42.34762" lon="1.97866">
        <ele>1745.0</ele>
      </trkpt>
      <trkpt lat="42.34769" lon="1.97932">
        <ele>1746.0</ele>
      </trkpt>
      <trkpt lat="42.34758" lon="1.98001">
        <ele>1747.0</ele>
      </trkpt>
      <trkpt lat="42.34759" lon="1.98157">
        <ele>1743.0</ele>
      </trkpt>
      <trkpt lat="42.34777" lon="1.98235">
        <ele>1737.0</ele>
      </trkpt>
      <trkpt lat="42.34712" lon="1.98366">
        <ele>1732.0</ele>
      </trkpt>
      <trkpt lat="42.34705" lon="1.98417">
        <ele>1728.0</ele>
      </trkpt>
      <trkpt lat="42.34721" lon="1.98433">
        <ele>1727.0</ele>
      </trkpt>
      <trkpt lat="42.34789" lon="1.98415">
        <ele>1725.0</ele>
      </trkpt>
      <trkpt lat="42.34839" lon="1.98436">
        <ele>1725.0</ele>
      </trkpt>
      <trkpt lat="42.3487" lon="1.98473">
        <ele>1725.0</ele>
      </trkpt>
      <trkpt lat="42.34909" lon="1.98579">
        <ele>1725.0</ele>
      </trkpt>
      <trkpt lat="42.34927" lon="1.98655">
        <ele>1724.0</ele>
      </trkpt>
      <trkpt lat="42.34934" lon="1.98774">
        <ele>1724.0</ele>
      </trkpt>
      <trkpt lat="42.34956" lon="1.98817">
        <ele>1723.0</ele>
      </trkpt>
      <trkpt lat="42.34925" lon="1.99188">
        <ele>1712.0</ele>
      </trkpt>
      <trkpt lat="42.34953" lon="1.99345">
        <ele>1699.0</ele>
      </trkpt>
      <trkpt lat="42.34988" lon="1.99375">
        <ele>1697.0</ele>
      </trkpt>
      <trkpt lat="42.35027" lon="1.99445">
        <ele>1696.0</ele>
      </trkpt>
      <trkpt lat="42.35052" lon="1.99438">
        <ele>1696.0</ele>
      </trkpt>
      <trkpt lat="42.35029" lon="1.99299">
        <ele>1694.0</ele>
      </trkpt>
      <trkpt lat="42.35044" lon="1.99164">
        <ele>1692.0</ele>
      </trkpt>
      <trkpt lat="42.35153" lon="1.98845">
        <ele>1673.0</ele>
      </trkpt>
      <trkpt lat="42.35173" lon="1.98828">
        <ele>1671.0</ele>
      </trkpt>
      <trkpt lat="42.35217" lon="1.98864">
        <ele>1672.0</ele>
      </trkpt>
      <trkpt lat="42.35234" lon="1.98833">
        <ele>1673.0</ele>
      </trkpt>
      <trkpt lat="42.3522" lon="1.98767">
        <ele>1674.0</ele>
      </trkpt>
      <trkpt lat="42.35159" lon="1.9868">
        <ele>1671.0</ele>
      </trkpt>
      <trkpt lat="42.35135" lon="1.98554">
        <ele>1667.0</ele>
      </trkpt>
      <trkpt lat="42.35137" lon="1.98469">
        <ele>1663.0</ele>
      </trkpt>
      <trkpt lat="42.35165" lon="1.98406">
        <ele>1657.0</ele>
      </trkpt>
      <trkpt lat="42.35167" lon="1.98339">
        <ele>1653.0</ele>
      </trkpt>
      <trkpt lat="42.35196" lon="1.98252">
        <ele>1652.0</ele>
      </trkpt>
      <trkpt lat="42.35278" lon="1.98132">
        <ele>1653.0</ele>
      </trkpt>
      <trkpt lat="42.35297" lon="1.98053">
        <ele>1653.0</ele>
      </trkpt>
      <trkpt lat="42.35317" lon="1.9804">
        <ele>1653.0</ele>
      </trkpt>
      <trkpt lat="42.35375" lon="1.98066">
        <ele>1653.0</ele>
      </trkpt>
      <trkpt lat="42.35394" lon="1.98056">
        <ele>1653.0</ele>
      </trkpt>
      <trkpt lat="42.35401" lon="1.97995">
        <ele>1652.0</ele>
      </trkpt>
      <trkpt lat="42.35365" lon="1.97857">
        <ele>1645.0</ele>
      </trkpt>
      <trkpt lat="42.35365" lon="1.97802">
        <ele>1642.0</ele>
      </trkpt>
      <trkpt lat="42.3542" lon="1.97709">
        <ele>1639.0</ele>
      </trkpt>
      <trkpt lat="42.35485" lon="1.97664">
        <ele>1640.0</ele>
      </trkpt>
      <trkpt lat="42.35467" lon="1.97572">
        <ele>1641.0</ele>
      </trkpt>
      <trkpt lat="42.35484" lon="1.97501">
        <ele>1642.0</ele>
      </trkpt>
      <trkpt lat="42.35564" lon="1.97406">
        <ele>1643.0</ele>
      </trkpt>
      <trkpt lat="42.356" lon="1.97274">
        <ele>1643.0</ele>
      </trkpt>
      <trkpt lat="42.35663" lon="1.97236">
        <ele>1642.0</ele>
      </trkpt>
      <trkpt lat="42.35674" lon="1.97216">
        <ele>1642.0</ele>
      </trkpt>
      <trkpt lat="42.35632" lon="1.97105">
        <ele>1640.0</ele>
      </trkpt>
      <trkpt lat="42.35637" lon="1.97059">
        <ele>1639.0</ele>
      </trkpt>
      <trkpt lat="42.35705" lon="1.97029">
        <ele>1637.0</ele>
      </trkpt>
      <trkpt lat="42.35803" lon="1.97085">
        <ele>1631.0</ele>
      </trkpt>
      <trkpt lat="42.35828" lon="1.97082">
        <ele>1628.0</ele>
      </trkpt>
      <trkpt lat="42.3585" lon="1.96827">
        <ele>1621.0</ele>
      </trkpt>
      <trkpt lat="42.35908" lon="1.96788">
        <ele>1619.0</ele>
      </trkpt>
      <trkpt lat="42.35935" lon="1.96712">
        <ele>1619.0</ele>
      </trkpt>
      <trkpt lat="42.35949" lon="1.96578">
        <ele>1617.0</ele>
      </trkpt>
      <trkpt lat="42.35976" lon="1.96521">
        <ele>1614.0</ele>
      </trkpt>
      <trkpt lat="42.3601" lon="1.96477">
        <ele>1612.0</ele>
      </trkpt>
      <trkpt lat="42.36081" lon="1.96434">
        <ele>1607.0</ele>
      </trkpt>
      <trkpt lat="42.36095" lon="1.96392">
        <ele>1606.0</ele>
      </trkpt>
      <trkpt lat="42.36102" lon="1.96266">
        <ele>1604.0</ele>
      </trkpt>
      <trkpt lat="42.36137" lon="1.96171">
        <ele>1602.0</ele>
      </trkpt>
      <trkpt lat="42.36247" lon="1.96173">
        <ele>1602.0</ele>
      </trkpt>
      <trkpt lat="42.36274" lon="1.96194">
        <ele>1602.0</ele>
      </trkpt>
      <trkpt lat="42.36294" lon="1.9624">
        <ele>1602.0</ele>
      </trkpt>
      <trkpt lat="42.36319" lon="1.96242">
        <ele>1600.0</ele>
      </trkpt>
      <trkpt lat="42.36374" lon="1.96172">
        <ele>1596.0</ele>
      </trkpt>
      <trkpt lat="42.36389" lon="1.96091">
        <ele>1588.0</ele>
      </trkpt>
      <trkpt lat="42.36425" lon="1.96051">
        <ele>1584.0</ele>
      </trkpt>
      <trkpt lat="42.36512" lon="1.96018">
        <ele>1582.0</ele>
      </trkpt>
      <trkpt lat="42.36567" lon="1.96016">
        <ele>1580.0</ele>
      </trkpt>
      <trkpt lat="42.36674" lon="1.95962">
        <ele>1581.0</ele>
      </trkpt>
      <trkpt lat="42.3672" lon="1.9596">
        <ele>1582.0</ele>
      </trkpt>
      <trkpt lat="42.36737" lon="1.95935">
        <ele>1584.0</ele>
      </trkpt>
      <trkpt lat="42.36726" lon="1.95904">
        <ele>1585.0</ele>
      </trkpt>
      <trkpt lat="42.36431" lon="1.95806">
        <ele>1579.0</ele>
      </trkpt>
      <trkpt lat="42.36364" lon="1.95808">
        <ele>1577.0</ele>
      </trkpt>
      <trkpt lat="42.3627" lon="1.95784">
        <ele>1574.0</ele>
      </trkpt>
      <trkpt lat="42.36224" lon="1.95755">
        <ele>1571.0</ele>
      </trkpt>
      <trkpt lat="42.36186" lon="1.957">
        <ele>1568.0</ele>
      </trkpt>
      <trkpt lat="42.36106" lon="1.95718">
        <ele>1566.0</ele>
      </trkpt>
      <trkpt lat="42.3607" lon="1.95708">
        <ele>1565.0</ele>
      </trkpt>
      <trkpt lat="42.36021" lon="1.95621">
        <ele>1563.0</ele>
      </trkpt>
      <trkpt lat="42.36023" lon="1.95595">
        <ele>1563.0</ele>
      </trkpt>
      <trkpt lat="42.36097" lon="1.95473">
        <ele>1563.0</ele>
      </trkpt>
      <trkpt lat="42.36077" lon="1.95439">
        <ele>1562.0</ele>
      </trkpt>
      <trkpt lat="42.3594" lon="1.95432">
        <ele>1558.0</ele>
      </trkpt>
      <trkpt lat="42.35898" lon="1.95399">
        <ele>1557.0</ele>
      </trkpt>
      <trkpt lat="42.3575" lon="1.95436">
        <ele>1563.0</ele>
      </trkpt>
      <trkpt lat="42.35677" lon="1.95425">
        <ele>1563.0</ele>
      </trkpt>
      <trkpt lat="42.35661" lon="1.95392">
        <ele>1562.0</ele>
      </trkpt>
      <trkpt lat="42.35633" lon="1.95175">
        <ele>1556.0</ele>
      </trkpt>
      <trkpt lat="42.35653" lon="1.94988">
        <ele>1552.0</ele>
      </trkpt>
      <trkpt lat="42.35652" lon="1.94946">
        <ele>1551.0</ele>
      </trkpt>
      <trkpt lat="42.35641" lon="1.94932">
        <ele>1551.0</ele>
      </trkpt>
      <trkpt lat="42.35606" lon="1.94947">
        <ele>1550.0</ele>
      </trkpt>
      <trkpt lat="42.3556" lon="1.9504">
        <ele>1549.0</ele>
      </trkpt>
      <trkpt lat="42.35514" lon="1.95092">
        <ele>1548.0</ele>
      </trkpt>
      <trkpt lat="42.35423" lon="1.95295">
        <ele>1547.0</ele>
      </trkpt>
      <trkpt lat="42.35395" lon="1.953">
        <ele>1547.0</ele>
      </trkpt>
      <trkpt lat="42.3534" lon="1.95273">
        <ele>1548.0</ele>
      </trkpt>
      <trkpt lat="42.35243" lon="1.95262">
        <ele>1550.0</ele>
      </trkpt>
      <trkpt lat="42.35197" lon="1.95229">
        <ele>1551.0</ele>
      </trkpt>
      <trkpt lat="42.35175" lon="1.95084">
        <ele>1550.0</ele>
      </trkpt>
      <trkpt lat="42.35151" lon="1.95007">
        <ele>1549.0</ele>
      </trkpt>
      <trkpt lat="42.3511" lon="1.94964">
        <ele>1546.0</ele>
      </trkpt>
      <trkpt lat="42.35074" lon="1.94898">
        <ele>1545.0</ele>
      </trkpt>
      <trkpt lat="42.35091" lon="1.94833">
        <ele>1542.0</ele>
      </trkpt>
      <trkpt lat="42.35079" lon="1.94744">
        <ele>1540.0</ele>
      </trkpt>
      <trkpt lat="42.35099" lon="1.94667">
        <ele>1537.0</ele>
      </trkpt>
      <trkpt lat="42.35057" lon="1.94619">
        <ele>1534.0</ele>
      </trkpt>
      <trkpt lat="42.35042" lon="1.94521">
        <ele>1531.0</ele>
      </trkpt>
      <trkpt lat="42.34999" lon="1.94432">
        <ele>1528.0</ele>
      </trkpt>
      <trkpt lat="42.35024" lon="1.94411">
        <ele>1526.0</ele>
      </trkpt>
      <trkpt lat="42.35104" lon="1.94444">
        <ele>1528.0</ele>
      </trkpt>
      <trkpt lat="42.35157" lon="1.94392">
        <ele>1530.0</ele>
      </trkpt>
      <trkpt lat="42.35193" lon="1.94128">
        <ele>1524.0</ele>
      </trkpt>
      <trkpt lat="42.35195" lon="1.93919">
        <ele>1512.0</ele>
      </trkpt>
      <trkpt lat="42.35231" lon="1.93879">
        <ele>1505.0</ele>
      </trkpt>
      <trkpt lat="42.35282" lon="1.93851">
        <ele>1502.0</ele>
      </trkpt>
      <trkpt lat="42.35296" lon="1.9382">
        <ele>1501.0</ele>
      </trkpt>
      <trkpt lat="42.35296" lon="1.93772">
        <ele>1501.0</ele>
      </trkpt>
      <trkpt lat="42.35266" lon="1.93684">
        <ele>1501.0</ele>
      </trkpt>
      <trkpt lat="42.35291" lon="1.93522">
        <ele>1497.0</ele>
      </trkpt>
      <trkpt lat="42.35254" lon="1.93435">
        <ele>1494.0</ele>
      </trkpt>
      <trkpt lat="42.35255" lon="1.93364">
        <ele>1491.0</ele>
      </trkpt>
      <trkpt lat="42.3528" lon="1.93314">
        <ele>1489.0</ele>
      </trkpt>
      <trkpt lat="42.35355" lon="1.93252">
        <ele>1485.0</ele>
      </trkpt>
      <trkpt lat="42.35522" lon="1.93204">
        <ele>1483.0</ele>
      </trkpt>
      <trkpt lat="42.35677" lon="1.93087">
        <ele>1469.0</ele>
      </trkpt>
      <trkpt lat="42.35726" lon="1.93073">
        <ele>1467.0</ele>
      </trkpt>
      <trkpt lat="42.35763" lon="1.93092">
        <ele>1467.0</ele>
      </trkpt>
      <trkpt lat="42.35796" lon="1.9301">
        <ele>1468.0</ele>
      </trkpt>
      <trkpt lat="42.35871" lon="1.92963">
        <ele>1467.0</ele>
      </trkpt>
      <trkpt lat="42.35882" lon="1.92928">
        <ele>1465.0</ele>
      </trkpt>
      <trkpt lat="42.3588" lon="1.92831">
        <ele>1460.0</ele>
      </trkpt>
      <trkpt lat="42.35921" lon="1.92744">
        <ele>1455.0</ele>
      </trkpt>
      <trkpt lat="42.35991" lon="1.92701">
        <ele>1452.0</ele>
      </trkpt>
      <trkpt lat="42.36058" lon="1.92681">
        <ele>1448.0</ele>
      </trkpt>
      <trkpt lat="42.36089" lon="1.92601">
        <ele>1445.0</ele>
      </trkpt>
      <trkpt lat="42.36145" lon="1.92572">
        <ele>1442.0</ele>
      </trkpt>
      <trkpt lat="42.36148" lon="1.92555">
        <ele>1441.0</ele>
      </trkpt>
      <trkpt lat="42.36101" lon="1.92419">
        <ele>1437.0</ele>
      </trkpt>
      <trkpt lat="42.36106" lon="1.92394">
        <ele>1436.0</ele>
      </trkpt>
      <trkpt lat="42.36169" lon="1.92324">
        <ele>1433.0</ele>
      </trkpt>
      <trkpt lat="42.36198" lon="1.92254">
        <ele>1430.0</ele>
      </trkpt>
      <trkpt lat="42.36286" lon="1.92216">
        <ele>1424.0</ele>
      </trkpt>
      <trkpt lat="42.3632" lon="1.92104">
        <ele>1421.0</ele>
      </trkpt>
      <trkpt lat="42.36318" lon="1.92035">
        <ele>1418.0</ele>
      </trkpt>
      <trkpt lat="42.36329" lon="1.92">
        <ele>1416.0</ele>
      </trkpt>
      <trkpt lat="42.36458" lon="1.91904">
        <ele>1410.0</ele>
      </trkpt>
      <trkpt lat="42.36454" lon="1.91819">
        <ele>1406.0</ele>
      </trkpt>
      <trkpt lat="42.36473" lon="1.91764">
        <ele>1402.0</ele>
      </trkpt>
      <trkpt lat="42.36442" lon="1.91664">
        <ele>1397.0</ele>
      </trkpt>
      <trkpt lat="42.36454" lon="1.91583">
        <ele>1392.0</ele>
      </trkpt>
      <trkpt lat="42.36519" lon="1.91504">
        <ele>1388.0</ele>
      </trkpt>
      <trkpt lat="42.36632" lon="1.91441">
        <ele>1381.0</ele>
      </trkpt>
      <trkpt lat="42.3669" lon="1.91209">
        <ele>1376.0</ele>
      </trkpt>
      <trkpt lat="42.36766" lon="1.91117">
        <ele>1372.0</ele>
      </trkpt>
      <trkpt lat="42.36939" lon="1.90998">
        <ele>1355.0</ele>
      </trkpt>
      <trkpt lat="42.36968" lon="1.90947">
        <ele>1351.0</ele>
      </trkpt>
      <trkpt lat="42.37029" lon="1.90771">
        <ele>1341.0</ele>
      </trkpt>
      <trkpt lat="42.3706" lon="1.90777">
        <ele>1339.0</ele>
      </trkpt>
      <trkpt lat="42.3715" lon="1.90901">
        <ele>1335.0</ele>
      </trkpt>
      <trkpt lat="42.37167" lon="1.90904">
        <ele>1334.0</ele>
      </trkpt>
      <trkpt lat="42.37188" lon="1.90868">
        <ele>1334.0</ele>
      </trkpt>
      <trkpt lat="42.37215" lon="1.90758">
        <ele>1334.0</ele>
      </trkpt>
      <trkpt lat="42.37242" lon="1.90711">
        <ele>1334.0</ele>
      </trkpt>
      <trkpt lat="42.37238" lon="1.90632">
        <ele>1327.0</ele>
      </trkpt>
      <trkpt lat="42.37259" lon="1.90575">
        <ele>1317.0</ele>
      </trkpt>
      <trkpt lat="42.37328" lon="1.90555">
        <ele>1303.0</ele>
      </trkpt>
      <trkpt lat="42.37406" lon="1.9056">
        <ele>1301.0</ele>
      </trkpt>
      <trkpt lat="42.37448" lon="1.90534">
        <ele>1306.0</ele>
      </trkpt>
      <trkpt lat="42.37467" lon="1.90453">
        <ele>1313.0</ele>
      </trkpt>
      <trkpt lat="42.37465" lon="1.90367">
        <ele>1313.0</ele>
      </trkpt>
      <trkpt lat="42.37383" lon="1.90248">
        <ele>1305.0</ele>
      </trkpt>
      <trkpt lat="42.37374" lon="1.90216">
        <ele>1301.0</ele>
      </trkpt>
      <trkpt lat="42.37382" lon="1.90169">
        <ele>1297.0</ele>
      </trkpt>
      <trkpt lat="42.37463" lon="1.90068">
        <ele>1290.0</ele>
      </trkpt>
      <trkpt lat="42.37591" lon="1.8999">
        <ele>1281.0</ele>
      </trkpt>
      <trkpt lat="42.37628" lon="1.89939">
        <ele>1277.0</ele>
      </trkpt>
      <trkpt lat="42.37682" lon="1.89918">
        <ele>1274.0</ele>
      </trkpt>
      <trkpt lat="42.37834" lon="1.89925">
        <ele>1266.0</ele>
      </trkpt>
      <trkpt lat="42.3793" lon="1.89954">
        <ele>1258.0</ele>
      </trkpt>
      <trkpt lat="42.38035" lon="1.90179">
        <ele>1248.0</ele>
      </trkpt>
      <trkpt lat="42.37996" lon="1.90292">
        <ele>1252.0</ele>
      </trkpt>
      <trkpt lat="42.37996" lon="1.9034">
        <ele>1250.0</ele>
      </trkpt>
      <trkpt lat="42.38017" lon="1.90351">
        <ele>1245.0</ele>
      </trkpt>
      <trkpt lat="42.38056" lon="1.90333">
        <ele>1238.0</ele>
      </trkpt>
      <trkpt lat="42.38098" lon="1.90335">
        <ele>1230.0</ele>
      </trkpt>
      <trkpt lat="42.38212" lon="1.90397">
        <ele>1219.0</ele>
      </trkpt>
      <trkpt lat="42.38206" lon="1.90468">
        <ele>1220.0</ele>
      </trkpt>
      <trkpt lat="42.3816" lon="1.90603">
        <ele>1220.0</ele>
      </trkpt>
      <trkpt lat="42.38124" lon="1.90666">
        <ele>1215.0</ele>
      </trkpt>
      <trkpt lat="42.38129" lon="1.90701">
        <ele>1212.0</ele>
      </trkpt>
      <trkpt lat="42.38154" lon="1.90725">
        <ele>1211.0</ele>
      </trkpt>
      <trkpt lat="42.38178" lon="1.90729">
        <ele>1209.0</ele>
      </trkpt>
      <trkpt lat="42.38341" lon="1.90639">
        <ele>1195.0</ele>
      </trkpt>
      <trkpt lat="42.38375" lon="1.90635">
        <ele>1188.0</ele>
      </trkpt>
      <trkpt lat="42.38436" lon="1.90723">
        <ele>1180.0</ele>
      </trkpt>
      <trkpt lat="42.39126" lon="1.91045">
        <ele>1163.0</ele>
      </trkpt>
      <trkpt lat="42.39162" lon="1.91088">
        <ele>1158.0</ele>
      </trkpt>
      <trkpt lat="42.39272" lon="1.91331">
        <ele>1151.0</ele>
      </trkpt>
      <trkpt lat="42.39293" lon="1.91353">
        <ele>1149.0</ele>
      </trkpt>
      <trkpt lat="42.39429" lon="1.9131">
        <ele>1146.0</ele>
      </trkpt>
      <trkpt lat="42.39468" lon="1.91314">
        <ele>1143.0</ele>
      </trkpt>
      <trkpt lat="42.39525" lon="1.91351">
        <ele>1137.0</ele>
      </trkpt>
      <trkpt lat="42.39642" lon="1.91513">
        <ele>1124.0</ele>
      </trkpt>
      <trkpt lat="42.39751" lon="1.91581">
        <ele>1114.0</ele>
      </trkpt>
      <trkpt lat="42.39904" lon="1.91552">
        <ele>1105.0</ele>
      </trkpt>
      <trkpt lat="42.40011" lon="1.91605">
        <ele>1102.0</ele>
      </trkpt>
      <trkpt lat="42.40077" lon="1.91567">
        <ele>1101.0</ele>
      </trkpt>
      <trkpt lat="42.40159" lon="1.91566">
        <ele>1101.0</ele>
      </trkpt>
      <trkpt lat="42.40335" lon="1.91515">
        <ele>1102.0</ele>
      </trkpt>
      <trkpt lat="42.40412" lon="1.91523">
        <ele>1103.0</ele>
      </trkpt>
      <trkpt lat="42.40606" lon="1.91618">
        <ele>1103.0</ele>
      </trkpt>
      <trkpt lat="42.4249" lon="1.92325">
        <ele>1137.0</ele>
      </trkpt>
      <trkpt lat="42.42543" lon="1.92385">
        <ele>1136.0</ele>
      </trkpt>
      <trkpt lat="42.42565" lon="1.92437">
        <ele>1136.0</ele>
      </trkpt>
      <trkpt lat="42.42587" lon="1.92624">
        <ele>1140.0</ele>
      </trkpt>
      <trkpt lat="42.42671" lon="1.92753">
        <ele>1145.0</ele>
      </trkpt>
      <trkpt lat="42.42688" lon="1.92816">
        <ele>1145.0</ele>
      </trkpt>
      <trkpt lat="42.42736" lon="1.92874">
        <ele>1143.0</ele>
      </trkpt>
      <trkpt lat="42.42901" lon="1.93219">
        <ele>1135.0</ele>
      </trkpt>
      <trkpt lat="42.42992" lon="1.93352">
        <ele>1133.0</ele>
      </trkpt>
      <trkpt lat="42.43235" lon="1.93571">
        <ele>1136.0</ele>
      </trkpt>
      <trkpt lat="42.43296" lon="1.93646">
        <ele>1136.0</ele>
      </trkpt>
      <trkpt lat="42.43376" lon="1.94118">
        <ele>1143.0</ele>
      </trkpt>
      <trkpt lat="42.43412" lon="1.94109">
        <ele>1142.0</ele>
      </trkpt>
      <trkpt lat="42.43552" lon="1.9416">
        <ele>1142.0</ele>
      </trkpt>
      <trkpt lat="42.43598" lon="1.94321">
        <ele>1142.0</ele>
      </trkpt>
      <trkpt lat="42.43591" lon="1.94334">
        <ele>1142.0</ele>
      </trkpt>
      <trkpt lat="42.43459" lon="1.94356">
        <ele>1141.0</ele>
      </trkpt>
      <trkpt lat="42.43429" lon="1.94423">
        <ele>1141.0</ele>
      </trkpt>
      <trkpt lat="42.43375" lon="1.94396">
        <ele>1140.0</ele>
      </trkpt>
      <trkpt lat="42.43331" lon="1.94539">
        <ele>1140.0</ele>
      </trkpt>
      <trkpt lat="42.43373" lon="1.95143">
        <ele>1146.0</ele>
      </trkpt>
      <trkpt lat="42.43345" lon="1.95412">
        <ele>1149.0</ele>
      </trkpt>
      <trkpt lat="42.43336" lon="1.95883">
        <ele>1165.0</ele>
      </trkpt>
      <trkpt lat="42.43577" lon="1.96884">
        <ele>1204.0</ele>
      </trkpt>
      <trkpt lat="42.43733" lon="1.98607">
        <ele>1235.0</ele>
      </trkpt>
      <trkpt lat="42.43758" lon="1.98681">
        <ele>1232.0</ele>
      </trkpt>
      <trkpt lat="42.43835" lon="1.98765">
        <ele>1226.0</ele>
      </trkpt>
      <trkpt lat="42.43858" lon="1.98826">
        <ele>1228.0</ele>
      </trkpt>
      <trkpt lat="42.43845" lon="1.98981">
        <ele>1235.0</ele>
      </trkpt>
      <trkpt lat="42.43899" lon="1.99396">
        <ele>1247.0</ele>
      </trkpt>
      <trkpt lat="42.43898" lon="2.00055">
        <ele>1277.0</ele>
      </trkpt>
      <trkpt lat="42.43919" lon="2.00123">
        <ele>1282.0</ele>
      </trkpt>
      <trkpt lat="42.44546" lon="2.01479">
        <ele>1313.0</ele>
      </trkpt>
      <trkpt lat="42.44572" lon="2.01557">
        <ele>1322.0</ele>
      </trkpt>
      <trkpt lat="42.44569" lon="2.01633">
        <ele>1326.0</ele>
      </trkpt>
      <trkpt lat="42.44525" lon="2.01758">
        <ele>1327.0</ele>
      </trkpt>
      <trkpt lat="42.44397" lon="2.01969">
        <ele>1325.0</ele>
      </trkpt>
      <trkpt lat="42.4439" lon="2.02028">
        <ele>1321.0</ele>
      </trkpt>
      <trkpt lat="42.44405" lon="2.02087">
        <ele>1317.0</ele>
      </trkpt>
      <trkpt lat="42.44542" lon="2.02331">
        <ele>1308.0</ele>
      </trkpt>
      <trkpt lat="42.44581" lon="2.02361">
        <ele>1308.0</ele>
      </trkpt>
      <trkpt lat="42.44671" lon="2.02373">
        <ele>1312.0</ele>
      </trkpt>
      <trkpt lat="42.44711" lon="2.024">
        <ele>1316.0</ele>
      </trkpt>
      <trkpt lat="42.45202" lon="2.02903">
        <ele>1315.0</ele>
      </trkpt>
      <trkpt lat="42.45291" lon="2.03035">
        <ele>1312.0</ele>
      </trkpt>
      <trkpt lat="42.45336" lon="2.03129">
        <ele>1313.0</ele>
      </trkpt>
      <trkpt lat="42.45428" lon="2.03182">
        <ele>1312.0</ele>
      </trkpt>
      <trkpt lat="42.45456" lon="2.03214">
        <ele>1312.0</ele>
      </trkpt>
      <trkpt lat="42.45721" lon="2.03809">
        <ele>1298.0</ele>
      </trkpt>
      <trkpt lat="42.45842" lon="2.03871">
        <ele>1299.0</ele>
      </trkpt>
      <trkpt lat="42.45931" lon="2.0387">
        <ele>1302.0</ele>
      </trkpt>
      <trkpt lat="42.45948" lon="2.03966">
        <ele>1305.0</ele>
      </trkpt>
      <trkpt lat="42.45978" lon="2.04044">
        <ele>1308.0</ele>
      </trkpt>
      <trkpt lat="42.46112" lon="2.04161">
        <ele>1315.0</ele>
      </trkpt>
      <trkpt lat="42.46135" lon="2.04157">
        <ele>1317.0</ele>
      </trkpt>
      <trkpt lat="42.46153" lon="2.04133">
        <ele>1318.0</ele>
      </trkpt>
      <trkpt lat="42.46152" lon="2.03973">
        <ele>1322.0</ele>
      </trkpt>
      <trkpt lat="42.46195" lon="2.03908">
        <ele>1324.0</ele>
      </trkpt>
      <trkpt lat="42.46222" lon="2.03777">
        <ele>1328.0</ele>
      </trkpt>
      <trkpt lat="42.46356" lon="2.03403">
        <ele>1348.0</ele>
      </trkpt>
      <trkpt lat="42.46482" lon="2.03386">
        <ele>1350.0</ele>
      </trkpt>
      <trkpt lat="42.46525" lon="2.03439">
        <ele>1352.0</ele>
      </trkpt>
      <trkpt lat="42.46569" lon="2.03447">
        <ele>1355.0</ele>
      </trkpt>
      <trkpt lat="42.4666" lon="2.03399">
        <ele>1363.0</ele>
      </trkpt>
      <trkpt lat="42.46744" lon="2.03377">
        <ele>1369.0</ele>
      </trkpt>
      <trkpt lat="42.46764" lon="2.03404">
        <ele>1372.0</ele>
      </trkpt>
      <trkpt lat="42.46775" lon="2.03534">
        <ele>1377.0</ele>
      </trkpt>
      <trkpt lat="42.46812" lon="2.03559">
        <ele>1381.0</ele>
      </trkpt>
      <trkpt lat="42.46914" lon="2.03523">
        <ele>1389.0</ele>
      </trkpt>
      <trkpt lat="42.46944" lon="2.03488">
        <ele>1393.0</ele>
      </trkpt>
      <trkpt lat="42.46967" lon="2.03432">
        <ele>1394.0</ele>
      </trkpt>
      <trkpt lat="42.46999" lon="2.03433">
        <ele>1396.0</ele>
      </trkpt>
      <trkpt lat="42.47015" lon="2.03472">
        <ele>1397.0</ele>
      </trkpt>
      <trkpt lat="42.47011" lon="2.03513">
        <ele>1397.0</ele>
      </trkpt>
      <trkpt lat="42.4692" lon="2.03727">
        <ele>1402.0</ele>
      </trkpt>
      <trkpt lat="42.46841" lon="2.03851">
        <ele>1413.0</ele>
      </trkpt>
      <trkpt lat="42.46844" lon="2.03972">
        <ele>1420.0</ele>
      </trkpt>
      <trkpt lat="42.46821" lon="2.04081">
        <ele>1426.0</ele>
      </trkpt>
      <trkpt lat="42.46851" lon="2.04195">
        <ele>1430.0</ele>
      </trkpt>
      <trkpt lat="42.46849" lon="2.04351">
        <ele>1436.0</ele>
      </trkpt>
      <trkpt lat="42.46956" lon="2.04538">
        <ele>1444.0</ele>
      </trkpt>
      <trkpt lat="42.47005" lon="2.04661">
        <ele>1451.0</ele>
      </trkpt>
      <trkpt lat="42.4703" lon="2.04789">
        <ele>1456.0</ele>
      </trkpt>
      <trkpt lat="42.47052" lon="2.05077">
        <ele>1469.0</ele>
      </trkpt>
      <trkpt lat="42.47163" lon="2.05333">
        <ele>1478.0</ele>
      </trkpt>
      <trkpt lat="42.47207" lon="2.05413">
        <ele>1479.0</ele>
      </trkpt>
      <trkpt lat="42.47252" lon="2.05446">
        <ele>1478.0</ele>
      </trkpt>
      <trkpt lat="42.47619" lon="2.0548">
        <ele>1474.0</ele>
      </trkpt>
      <trkpt lat="42.47657" lon="2.05527">
        <ele>1475.0</ele>
      </trkpt>
      <trkpt lat="42.47711" lon="2.0564">
        <ele>1478.0</ele>
      </trkpt>
      <trkpt lat="42.47765" lon="2.0568">
        <ele>1480.0</ele>
      </trkpt>
      <trkpt lat="42.48114" lon="2.0568">
        <ele>1482.0</ele>
      </trkpt>
      <trkpt lat="42.48172" lon="2.05708">
        <ele>1480.0</ele>
      </trkpt>
      <trkpt lat="42.48242" lon="2.05783">
        <ele>1476.0</ele>
      </trkpt>
      <trkpt lat="42.4827" lon="2.05793">
        <ele>1474.0</ele>
      </trkpt>
      <trkpt lat="42.48297" lon="2.05785">
        <ele>1472.0</ele>
      </trkpt>
      <trkpt lat="42.48361" lon="2.05713">
        <ele>1467.0</ele>
      </trkpt>
      <trkpt lat="42.48401" lon="2.05717">
        <ele>1465.0</ele>
      </trkpt>
      <trkpt lat="42.48423" lon="2.05743">
        <ele>1464.0</ele>
      </trkpt>
      <trkpt lat="42.48433" lon="2.0582">
        <ele>1462.0</ele>
      </trkpt>
      <trkpt lat="42.48415" lon="2.0591">
        <ele>1461.0</ele>
      </trkpt>
      <trkpt lat="42.48429" lon="2.05986">
        <ele>1461.0</ele>
      </trkpt>
      <trkpt lat="42.48427" lon="2.06127">
        <ele>1456.0</ele>
      </trkpt>
      <trkpt lat="42.48445" lon="2.06148">
        <ele>1455.0</ele>
      </trkpt>
      <trkpt lat="42.48492" lon="2.06164">
        <ele>1453.0</ele>
      </trkpt>
      <trkpt lat="42.4851" lon="2.06152">
        <ele>1453.0</ele>
      </trkpt>
      <trkpt lat="42.48547" lon="2.06074">
        <ele>1456.0</ele>
      </trkpt>
      <trkpt lat="42.48571" lon="2.06076">
        <ele>1457.0</ele>
      </trkpt>
      <trkpt lat="42.48586" lon="2.06095">
        <ele>1458.0</ele>
      </trkpt>
      <trkpt lat="42.48597" lon="2.06229">
        <ele>1462.0</ele>
      </trkpt>
      <trkpt lat="42.48625" lon="2.06297">
        <ele>1467.0</ele>
      </trkpt>
      <trkpt lat="42.48636" lon="2.06438">
        <ele>1474.0</ele>
      </trkpt>
      <trkpt lat="42.48656" lon="2.06501">
        <ele>1475.0</ele>
      </trkpt>
      <trkpt lat="42.48713" lon="2.06579">
        <ele>1476.0</ele>
      </trkpt>
      <trkpt lat="42.48749" lon="2.06682">
        <ele>1477.0</ele>
      </trkpt>
      <trkpt lat="42.48874" lon="2.06806">
        <ele>1480.0</ele>
      </trkpt>
      <trkpt lat="42.48897" lon="2.06845">
        <ele>1483.0</ele>
      </trkpt>
      <trkpt lat="42.48921" lon="2.06937">
        <ele>1486.0</ele>
      </trkpt>
      <trkpt lat="42.4898" lon="2.07032">
        <ele>1490.0</ele>
      </trkpt>
      <trkpt lat="42.48998" lon="2.07199">
        <ele>1497.0</ele>
      </trkpt>
      <trkpt lat="42.49077" lon="2.07317">
        <ele>1504.0</ele>
      </trkpt>
      <trkpt lat="42.49171" lon="2.07623">
        <ele>1515.0</ele>
      </trkpt>
      <trkpt lat="42.49247" lon="2.07704">
        <ele>1522.0</ele>
      </trkpt>
      <trkpt lat="42.4934" lon="2.07869">
        <ele>1525.0</ele>
      </trkpt>
      <trkpt lat="42.49438" lon="2.0798">
        <ele>1528.0</ele>
      </trkpt>
      <trkpt lat="42.49454" lon="2.08051">
        <ele>1528.0</ele>
      </trkpt>
      <trkpt lat="42.49495" lon="2.08454">
        <ele>1537.0</ele>
      </trkpt>
      <trkpt lat="42.495" lon="2.08659">
        <ele>1549.0</ele>
      </trkpt>
      <trkpt lat="42.49688" lon="2.09384">
        <ele>1570.0</ele>
      </trkpt>
      <trkpt lat="42.49727" lon="2.09417">
        <ele>1571.0</ele>
      </trkpt>
      <trkpt lat="42.49817" lon="2.09404">
        <ele>1569.0</ele>
      </trkpt>
      <trkpt lat="42.49886" lon="2.09444">
        <ele>1567.0</ele>
      </trkpt>
      <trkpt lat="42.49959" lon="2.09571">
        <ele>1568.0</ele>
      </trkpt>
      <trkpt lat="42.49979" lon="2.09693">
        <ele>1569.0</ele>
      </trkpt>
      <trkpt lat="42.50002" lon="2.09751">
        <ele>1570.0</ele>
      </trkpt>
      <trkpt lat="42.50135" lon="2.0991">
        <ele>1572.0</ele>
      </trkpt>
      <trkpt lat="42.50242" lon="2.09946">
        <ele>1571.0</ele>
      </trkpt>
      <trkpt lat="42.5029" lon="2.09983">
        <ele>1569.0</ele>
      </trkpt>
      <trkpt lat="42.50428" lon="2.1029">
        <ele>1571.0</ele>
      </trkpt>
      <trkpt lat="42.50481" lon="2.10596">
        <ele>1570.0</ele>
      </trkpt>
      <trkpt lat="42.50471" lon="2.10729">
        <ele>1569.0</ele>
      </trkpt>
      <trkpt lat="42.50487" lon="2.10982">
        <ele>1567.0</ele>
      </trkpt>
      <trkpt lat="42.50531" lon="2.11062">
        <ele>1567.0</ele>
      </trkpt>
      <trkpt lat="42.50555" lon="2.11169">
        <ele>1567.0</ele>
      </trkpt>
      <trkpt lat="42.50662" lon="2.11314">
        <ele>1567.0</ele>
      </trkpt>
      <trkpt lat="42.50705" lon="2.1153">
        <ele>1568.0</ele>
      </trkpt>
      <trkpt lat="42.50734" lon="2.11584">
        <ele>1572.0</ele>
      </trkpt>
      <trkpt lat="42.50918" lon="2.11469">
        <ele>1581.0</ele>
      </trkpt>
      <trkpt lat="42.51045" lon="2.1142">
        <ele>1586.0</ele>
      </trkpt>
      <trkpt lat="42.51067" lon="2.11423">
        <ele>1587.0</ele>
      </trkpt>
      <trkpt lat="42.51092" lon="2.11457">
        <ele>1588.0</ele>
      </trkpt>
      <trkpt lat="42.51192" lon="2.11467">
        <ele>1590.0</ele>
      </trkpt>
      <trkpt lat="42.51215" lon="2.11432">
        <ele>1592.0</ele>
      </trkpt>
      <trkpt lat="42.51236" lon="2.11289">
        <ele>1595.0</ele>
      </trkpt>
      <trkpt lat="42.51337" lon="2.11129">
        <ele>1597.0</ele>
      </trkpt>
      <trkpt lat="42.51367" lon="2.11058">
        <ele>1597.0</ele>
      </trkpt>
      <trkpt lat="42.5139" lon="2.11046">
        <ele>1598.0</ele>
      </trkpt>
      <trkpt lat="42.51478" lon="2.11066">
        <ele>1599.0</ele>
      </trkpt>
      <trkpt lat="42.51499" lon="2.1111">
        <ele>1600.0</ele>
      </trkpt>
      <trkpt lat="42.51486" lon="2.11239">
        <ele>1604.0</ele>
      </trkpt>
      <trkpt lat="42.51559" lon="2.11403">
        <ele>1610.0</ele>
      </trkpt>
      <trkpt lat="42.51591" lon="2.11448">
        <ele>1612.0</ele>
      </trkpt>
      <trkpt lat="42.5206" lon="2.11781">
        <ele>1616.0</ele>
      </trkpt>
      <trkpt lat="42.52297" lon="2.12128">
        <ele>1632.0</ele>
      </trkpt>
      <trkpt lat="42.5247" lon="2.12263">
        <ele>1644.0</ele>
      </trkpt>
      <trkpt lat="42.52646" lon="2.12305">
        <ele>1658.0</ele>
      </trkpt>
      <trkpt lat="42.52764" lon="2.12264">
        <ele>1663.0</ele>
      </trkpt>
      <trkpt lat="42.52889" lon="2.12346">
        <ele>1668.0</ele>
      </trkpt>
      <trkpt lat="42.52909" lon="2.12386">
        <ele>1669.0</ele>
      </trkpt>
      <trkpt lat="42.52872" lon="2.12469">
        <ele>1671.0</ele>
      </trkpt>
      <trkpt lat="42.5288" lon="2.1254">
        <ele>1673.0</ele>
      </trkpt>
      <trkpt lat="42.52919" lon="2.1259">
        <ele>1676.0</ele>
      </trkpt>
      <trkpt lat="42.52966" lon="2.12703">
        <ele>1682.0</ele>
      </trkpt>
      <trkpt lat="42.53016" lon="2.12733">
        <ele>1685.0</ele>
      </trkpt>
      <trkpt lat="42.53091" lon="2.12687">
        <ele>1686.0</ele>
      </trkpt>
      <trkpt lat="42.53154" lon="2.12677">
        <ele>1688.0</ele>
      </trkpt>
      <trkpt lat="42.53207" lon="2.12587">
        <ele>1690.0</ele>
      </trkpt>
      <trkpt lat="42.5339" lon="2.12481">
        <ele>1694.0</ele>
      </trkpt>
      <trkpt lat="42.5482" lon="2.1141">
        <ele>1704.0</ele>
      </trkpt>
      <trkpt lat="42.54959" lon="2.11316">
        <ele>1708.0</ele>
      </trkpt>
      <trkpt lat="42.55298" lon="2.11159">
        <ele>1690.0</ele>
      </trkpt>
      <trkpt lat="42.55416" lon="2.10994">
        <ele>1681.0</ele>
      </trkpt>
      <trkpt lat="42.55453" lon="2.10735">
        <ele>1664.0</ele>
      </trkpt>
      <trkpt lat="42.5549" lon="2.10643">
        <ele>1657.0</ele>
      </trkpt>
      <trkpt lat="42.55511" lon="2.10612">
        <ele>1653.0</ele>
      </trkpt>
      <trkpt lat="42.55617" lon="2.1055">
        <ele>1646.0</ele>
      </trkpt>
      <trkpt lat="42.55763" lon="2.10556">
        <ele>1642.0</ele>
      </trkpt>
      <trkpt lat="42.55949" lon="2.10714">
        <ele>1630.0</ele>
      </trkpt>
      <trkpt lat="42.56011" lon="2.10748">
        <ele>1626.0</ele>
      </trkpt>
      <trkpt lat="42.56065" lon="2.10881">
        <ele>1622.0</ele>
      </trkpt>
      <trkpt lat="42.56134" lon="2.10935">
        <ele>1616.0</ele>
      </trkpt>
      <trkpt lat="42.5627" lon="2.10932">
        <ele>1604.0</ele>
      </trkpt>
      <trkpt lat="42.56633" lon="2.11083">
        <ele>1594.0</ele>
      </trkpt>
      <trkpt lat="42.56831" lon="2.11189">
        <ele>1577.0</ele>
      </trkpt>
      <trkpt lat="42.57092" lon="2.11241">
        <ele>1562.0</ele>
      </trkpt>
      <trkpt lat="42.57239" lon="2.11291">
        <ele>1557.0</ele>
      </trkpt>
      <trkpt lat="42.57347" lon="2.11304">
        <ele>1550.0</ele>
      </trkpt>
      <trkpt lat="42.57485" lon="2.11297">
        <ele>1540.0</ele>
      </trkpt>
      <trkpt lat="42.57518" lon="2.11311">
        <ele>1537.0</ele>
      </trkpt>
      <trkpt lat="42.57676" lon="2.11449">
        <ele>1528.0</ele>
      </trkpt>
      <trkpt lat="42.57802" lon="2.11506">
        <ele>1521.0</ele>
      </trkpt>
      <trkpt lat="42.57916" lon="2.1147">
        <ele>1516.0</ele>
      </trkpt>
      <trkpt lat="42.58035" lon="2.1149">
        <ele>1508.0</ele>
      </trkpt>
      <trkpt lat="42.58152" lon="2.11358">
        <ele>1501.0</ele>
      </trkpt>
      <trkpt lat="42.5822" lon="2.11345">
        <ele>1505.0</ele>
      </trkpt>
      <trkpt lat="42.58269" lon="2.1138">
        <ele>1508.0</ele>
      </trkpt>
      <trkpt lat="42.58449" lon="2.11584">
        <ele>1517.0</ele>
      </trkpt>
      <trkpt lat="42.58488" lon="2.11602">
        <ele>1519.0</ele>
      </trkpt>
      <trkpt lat="42.58543" lon="2.11584">
        <ele>1519.0</ele>
      </trkpt>
      <trkpt lat="42.5858" lon="2.11537">
        <ele>1519.0</ele>
      </trkpt>
      <trkpt lat="42.58656" lon="2.11375">
        <ele>1518.0</ele>
      </trkpt>
      <trkpt lat="42.58649" lon="2.11343">
        <ele>1519.0</ele>
      </trkpt>
      <trkpt lat="42.58675" lon="2.11278">
        <ele>1519.0</ele>
      </trkpt>
      <trkpt lat="42.58713" lon="2.10707">
        <ele>1531.0</ele>
      </trkpt>
      <trkpt lat="42.58528" lon="2.09599">
        <ele>1557.0</ele>
      </trkpt>
      <trkpt lat="42.58505" lon="2.09358">
        <ele>1563.0</ele>
      </trkpt>
      <trkpt lat="42.58491" lon="2.09137">
        <ele>1570.0</ele>
      </trkpt>
      <trkpt lat="42.58509" lon="2.08914">
        <ele>1575.0</ele>
      </trkpt>
      <trkpt lat="42.58502" lon="2.08743">
        <ele>1580.0</ele>
      </trkpt>
      <trkpt lat="42.58514" lon="2.08704">
        <ele>1581.0</ele>
      </trkpt>
      <trkpt lat="42.58566" lon="2.08656">
        <ele>1584.0</ele>
      </trkpt>
      <trkpt lat="42.58544" lon="2.08563">
        <ele>1587.0</ele>
      </trkpt>
      <trkpt lat="42.5847" lon="2.08466">
        <ele>1592.0</ele>
      </trkpt>
      <trkpt lat="42.58315" lon="2.08165">
        <ele>1601.0</ele>
      </trkpt>
      <trkpt lat="42.58199" lon="2.08015">
        <ele>1611.0</ele>
      </trkpt>
      <trkpt lat="42.58103" lon="2.07819">
        <ele>1620.0</ele>
      </trkpt>
      <trkpt lat="42.5804" lon="2.07775">
        <ele>1623.0</ele>
      </trkpt>
      <trkpt lat="42.57928" lon="2.07755">
        <ele>1629.0</ele>
      </trkpt>
      <trkpt lat="42.57865" lon="2.07692">
        <ele>1634.0</ele>
      </trkpt>
      <trkpt lat="42.57801" lon="2.07598">
        <ele>1639.0</ele>
      </trkpt>
      <trkpt lat="42.57783" lon="2.07549">
        <ele>1641.0</ele>
      </trkpt>
      <trkpt lat="42.57782" lon="2.0749">
        <ele>1644.0</ele>
      </trkpt>
      <trkpt lat="42.5774" lon="2.07402">
        <ele>1649.0</ele>
      </trkpt>
      <trkpt lat="42.57768" lon="2.07349">
        <ele>1652.0</ele>
      </trkpt>
      <trkpt lat="42.57742" lon="2.07206">
        <ele>1656.0</ele>
      </trkpt>
      <trkpt lat="42.5758" lon="2.06938">
        <ele>1658.0</ele>
      </trkpt>
      <trkpt lat="42.57543" lon="2.06926">
        <ele>1660.0</ele>
      </trkpt>
      <trkpt lat="42.57497" lon="2.06942">
        <ele>1661.0</ele>
      </trkpt>
      <trkpt lat="42.57488" lon="2.06975">
        <ele>1661.0</ele>
      </trkpt>
      <trkpt lat="42.57449" lon="2.07022">
        <ele>1661.0</ele>
      </trkpt>
      <trkpt lat="42.57317" lon="2.07064">
        <ele>1662.0</ele>
      </trkpt>
      <trkpt lat="42.57052" lon="2.07383">
        <ele>1664.0</ele>
      </trkpt>
      <trkpt lat="42.56971" lon="2.07403">
        <ele>1671.0</ele>
      </trkpt>
      <trkpt lat="42.5687" lon="2.07311">
        <ele>1684.0</ele>
      </trkpt>
      <trkpt lat="42.56764" lon="2.07277">
        <ele>1687.0</ele>
      </trkpt>
      <trkpt lat="42.56781" lon="2.07266">
        <ele>1689.0</ele>
      </trkpt>
      <trkpt lat="42.56891" lon="2.07271">
        <ele>1694.0</ele>
      </trkpt>
      <trkpt lat="42.56886" lon="2.07244">
        <ele>1696.0</ele>
      </trkpt>
      <trkpt lat="42.56813" lon="2.07192">
        <ele>1702.0</ele>
      </trkpt>
      <trkpt lat="42.56826" lon="2.07174">
        <ele>1704.0</ele>
      </trkpt>
      <trkpt lat="42.56903" lon="2.07199">
        <ele>1708.0</ele>
      </trkpt>
      <trkpt lat="42.56907" lon="2.07178">
        <ele>1710.0</ele>
      </trkpt>
      <trkpt lat="42.5687" lon="2.07134">
        <ele>1714.0</ele>
      </trkpt>
      <trkpt lat="42.56866" lon="2.07061">
        <ele>1718.0</ele>
      </trkpt>
      <trkpt lat="42.56884" lon="2.07034">
        <ele>1721.0</ele>
      </trkpt>
      <trkpt lat="42.56943" lon="2.07">
        <ele>1726.0</ele>
      </trkpt>
      <trkpt lat="42.56948" lon="2.06973">
        <ele>1729.0</ele>
      </trkpt>
      <trkpt lat="42.56863" lon="2.06984">
        <ele>1734.0</ele>
      </trkpt>
      <trkpt lat="42.56773" lon="2.07024">
        <ele>1742.0</ele>
      </trkpt>
      <trkpt lat="42.56679" lon="2.07033">
        <ele>1747.0</ele>
      </trkpt>
      <trkpt lat="42.56577" lon="2.07013">
        <ele>1754.0</ele>
      </trkpt>
      <trkpt lat="42.56498" lon="2.06962">
        <ele>1761.0</ele>
      </trkpt>
      <trkpt lat="42.56414" lon="2.0695">
        <ele>1767.0</ele>
      </trkpt>
      <trkpt lat="42.5633" lon="2.0696">
        <ele>1773.0</ele>
      </trkpt>
      <trkpt lat="42.56296" lon="2.06939">
        <ele>1776.0</ele>
      </trkpt>
      <trkpt lat="42.56272" lon="2.06871">
        <ele>1781.0</ele>
      </trkpt>
      <trkpt lat="42.56277" lon="2.06814">
        <ele>1784.0</ele>
      </trkpt>
      <trkpt lat="42.56343" lon="2.06646">
        <ele>1796.0</ele>
      </trkpt>
      <trkpt lat="42.56366" lon="2.06619">
        <ele>1799.0</ele>
      </trkpt>
    </trkseg>
  </trk>
</gpx>