<?xml version="1.0" encoding="UTF-8"?>
<gpx xmlns="http://www.topografix.com/GPX/1/0" xmlns:xsi="http://www.w3.org/2001/XMLSchema-instance" xsi:schemaLocation="http://www.topografix.com/GPX/1/0 http://www.topografix.com/GPX/1/0/gpx.xsd" version="1.0" creator="GPSBabel - https://www.gpsbabel.org">
  <time>2025-10-29T13:08:16.018000Z</time>
  <bounds minlat="41.1268" maxlat="41.43112" minlon="1.2927" maxlon="2.17313" />
  <trk>
    <trkseg>
      <trkpt lat="41.1268" lon="1.2927">
        <ele>7.0</ele>
      </trkpt>
      <trkpt lat="41.12787" lon="1.29554">
        <ele>10.0</ele>
      </trkpt>
      <trkpt lat="41.12843" lon="1.29668">
        <ele>13.0</ele>
      </trkpt>
      <trkpt lat="41.12969" lon="1.29835">
        <ele>15.0</ele>
      </trkpt>
      <trkpt lat="41.13012" lon="1.29916">
        <ele>14.0</ele>
      </trkpt>
      <trkpt lat="41.13065" lon="1.30112">
        <ele>14.0</ele>
      </trkpt>
      <trkpt lat="41.13096" lon="1.30353">
        <ele>9.0</ele>
      </trkpt>
      <trkpt lat="41.1309" lon="1.30418">
        <ele>6.0</ele>
      </trkpt>
      <trkpt lat="41.13116" lon="1.30465">
        <ele>7.0</ele>
      </trkpt>
      <trkpt lat="41.13154" lon="1.30606">
        <ele>10.0</ele>
      </trkpt>
      <trkpt lat="41.13213" lon="1.30693">
        <ele>11.0</ele>
      </trkpt>
      <trkpt lat="41.13233" lon="1.30749">
        <ele>13.0</ele>
      </trkpt>
      <trkpt lat="41.13195" lon="1.3139">
        <ele>10.0</ele>
      </trkpt>
      <trkpt lat="41.13162" lon="1.31585">
        <ele>8.0</ele>
      </trkpt>
      <trkpt lat="41.13169" lon="1.31874">
        <ele>11.0</ele>
      </trkpt>
      <trkpt lat="41.13199" lon="1.32036">
        <ele>12.0</ele>
      </trkpt>
      <trkpt lat="41.13245" lon="1.32691">
        <ele>11.0</ele>
      </trkpt>
      <trkpt lat="41.13565" lon="1.33672">
        <ele>9.0</ele>
      </trkpt>
      <trkpt lat="41.13801" lon="1.34465">
        <ele>10.0</ele>
      </trkpt>
      <trkpt lat="41.13844" lon="1.34538">
        <ele>12.0</ele>
      </trkpt>
      <trkpt lat="41.13851" lon="1.34584">
        <ele>13.0</ele>
      </trkpt>
      <trkpt lat="41.13878" lon="1.34618">
        <ele>14.0</ele>
      </trkpt>
      <trkpt lat="41.13928" lon="1.34803">
        <ele>14.0</ele>
      </trkpt>
      <trkpt lat="41.14025" lon="1.34961">
        <ele>11.0</ele>
      </trkpt>
      <trkpt lat="41.14177" lon="1.35072">
        <ele>8.0</ele>
      </trkpt>
      <trkpt lat="41.14338" lon="1.35124">
        <ele>14.0</ele>
      </trkpt>
      <trkpt lat="41.14427" lon="1.35171">
        <ele>16.0</ele>
      </trkpt>
      <trkpt lat="41.14504" lon="1.35234">
        <ele>17.0</ele>
      </trkpt>
      <trkpt lat="41.14579" lon="1.35321">
        <ele>18.0</ele>
      </trkpt>
      <trkpt lat="41.1462" lon="1.35388">
        <ele>18.0</ele>
      </trkpt>
      <trkpt lat="41.14684" lon="1.35542">
        <ele>18.0</ele>
      </trkpt>
      <trkpt lat="41.14773" lon="1.35879">
        <ele>17.0</ele>
      </trkpt>
      <trkpt lat="41.14918" lon="1.36195">
        <ele>13.0</ele>
      </trkpt>
      <trkpt lat="41.15011" lon="1.36436">
        <ele>14.0</ele>
      </trkpt>
      <trkpt lat="41.15058" lon="1.36513">
        <ele>14.0</ele>
      </trkpt>
      <trkpt lat="41.1513" lon="1.36595">
        <ele>14.0</ele>
      </trkpt>
      <trkpt lat="41.15306" lon="1.36721">
        <ele>16.0</ele>
      </trkpt>
      <trkpt lat="41.15404" lon="1.36814">
        <ele>19.0</ele>
      </trkpt>
      <trkpt lat="41.15514" lon="1.36978">
        <ele>25.0</ele>
      </trkpt>
      <trkpt lat="41.15585" lon="1.37163">
        <ele>31.0</ele>
      </trkpt>
      <trkpt lat="41.15615" lon="1.37305">
        <ele>33.0</ele>
      </trkpt>
      <trkpt lat="41.15624" lon="1.37516">
        <ele>35.0</ele>
      </trkpt>
      <trkpt lat="41.15547" lon="1.37988">
        <ele>41.0</ele>
      </trkpt>
      <trkpt lat="41.15558" lon="1.38237">
        <ele>45.0</ele>
      </trkpt>
      <trkpt lat="41.1561" lon="1.38435">
        <ele>48.0</ele>
      </trkpt>
      <trkpt lat="41.15729" lon="1.3869">
        <ele>46.0</ele>
      </trkpt>
      <trkpt lat="41.15806" lon="1.38905">
        <ele>39.0</ele>
      </trkpt>
      <trkpt lat="41.15923" lon="1.39538">
        <ele>47.0</ele>
      </trkpt>
      <trkpt lat="41.16193" lon="1.40416">
        <ele>40.0</ele>
      </trkpt>
      <trkpt lat="41.16217" lon="1.40568">
        <ele>34.0</ele>
      </trkpt>
      <trkpt lat="41.16228" lon="1.40788">
        <ele>32.0</ele>
      </trkpt>
      <trkpt lat="41.16219" lon="1.40941">
        <ele>36.0</ele>
      </trkpt>
      <trkpt lat="41.1618" lon="1.41189">
        <ele>43.0</ele>
      </trkpt>
      <trkpt lat="41.16107" lon="1.41504">
        <ele>43.0</ele>
      </trkpt>
      <trkpt lat="41.16032" lon="1.41759">
        <ele>37.0</ele>
      </trkpt>
      <trkpt lat="41.15872" lon="1.42207">
        <ele>24.0</ele>
      </trkpt>
      <trkpt lat="41.15659" lon="1.42577">
        <ele>13.0</ele>
      </trkpt>
      <trkpt lat="41.15626" lon="1.42661">
        <ele>10.0</ele>
      </trkpt>
      <trkpt lat="41.15599" lon="1.42779">
        <ele>8.0</ele>
      </trkpt>
      <trkpt lat="41.1557" lon="1.42834">
        <ele>4.0</ele>
      </trkpt>
      <trkpt lat="41.15576" lon="1.42856">
        <ele>4.0</ele>
      </trkpt>
      <trkpt lat="41.15615" lon="1.42894">
        <ele>2.0</ele>
      </trkpt>
      <trkpt lat="41.15663" lon="1.4302">
        <ele>2.0</ele>
      </trkpt>
      <trkpt lat="41.15835" lon="1.43326">
        <ele>4.0</ele>
      </trkpt>
      <trkpt lat="41.15911" lon="1.4344">
        <ele>5.0</ele>
      </trkpt>
      <trkpt lat="41.15704" lon="1.43089">
        <ele>6.0</ele>
      </trkpt>
      <trkpt lat="41.15895" lon="1.43433">
        <ele>6.0</ele>
      </trkpt>
      <trkpt lat="41.16096" lon="1.43658">
        <ele>7.0</ele>
      </trkpt>
      <trkpt lat="41.1615" lon="1.43759">
        <ele>8.0</ele>
      </trkpt>
      <trkpt lat="41.16296" lon="1.44335">
        <ele>9.0</ele>
      </trkpt>
      <trkpt lat="41.16611" lon="1.45178">
        <ele>8.0</ele>
      </trkpt>
      <trkpt lat="41.16679" lon="1.45504">
        <ele>8.0</ele>
      </trkpt>
      <trkpt lat="41.16773" lon="1.45826">
        <ele>7.0</ele>
      </trkpt>
      <trkpt lat="41.16776" lon="1.45874">
        <ele>7.0</ele>
      </trkpt>
      <trkpt lat="41.16819" lon="1.45958">
        <ele>6.0</ele>
      </trkpt>
      <trkpt lat="41.16935" lon="1.46278">
        <ele>9.0</ele>
      </trkpt>
      <trkpt lat="41.16966" lon="1.46345">
        <ele>9.0</ele>
      </trkpt>
      <trkpt lat="41.17223" lon="1.46742">
        <ele>11.0</ele>
      </trkpt>
      <trkpt lat="41.17318" lon="1.46928">
        <ele>13.0</ele>
      </trkpt>
      <trkpt lat="41.17416" lon="1.47051">
        <ele>16.0</ele>
      </trkpt>
      <trkpt lat="41.17647" lon="1.4743">
        <ele>26.0</ele>
      </trkpt>
      <trkpt lat="41.17755" lon="1.48085">
        <ele>26.0</ele>
      </trkpt>
      <trkpt lat="41.17803" lon="1.48842">
        <ele>22.0</ele>
      </trkpt>
      <trkpt lat="41.17798" lon="1.48949">
        <ele>20.0</ele>
      </trkpt>
      <trkpt lat="41.17816" lon="1.49029">
        <ele>18.0</ele>
      </trkpt>
      <trkpt lat="41.17878" lon="1.49809">
        <ele>16.0</ele>
      </trkpt>
      <trkpt lat="41.17917" lon="1.49975">
        <ele>18.0</ele>
      </trkpt>
      <trkpt lat="41.18249" lon="1.50779">
        <ele>22.0</ele>
      </trkpt>
      <trkpt lat="41.1837" lon="1.51025">
        <ele>22.0</ele>
      </trkpt>
      <trkpt lat="41.18566" lon="1.51323">
        <ele>19.0</ele>
      </trkpt>
      <trkpt lat="41.1886" lon="1.51851">
        <ele>22.0</ele>
      </trkpt>
      <trkpt lat="41.19055" lon="1.52134">
        <ele>23.0</ele>
      </trkpt>
      <trkpt lat="41.19281" lon="1.52414">
        <ele>24.0</ele>
      </trkpt>
      <trkpt lat="41.19378" lon="1.52515">
        <ele>26.0</ele>
      </trkpt>
      <trkpt lat="41.19402" lon="1.52607">
        <ele>26.0</ele>
      </trkpt>
      <trkpt lat="41.19419" lon="1.52629">
        <ele>26.0</ele>
      </trkpt>
      <trkpt lat="41.19458" lon="1.52642">
        <ele>26.0</ele>
      </trkpt>
      <trkpt lat="41.19497" lon="1.52614">
        <ele>26.0</ele>
      </trkpt>
      <trkpt lat="41.19532" lon="1.52615">
        <ele>26.0</ele>
      </trkpt>
      <trkpt lat="41.19756" lon="1.52766">
        <ele>29.0</ele>
      </trkpt>
      <trkpt lat="41.19916" lon="1.52819">
        <ele>25.0</ele>
      </trkpt>
      <trkpt lat="41.20603" lon="1.53181">
        <ele>30.0</ele>
      </trkpt>
      <trkpt lat="41.207" lon="1.53263">
        <ele>31.0</ele>
      </trkpt>
      <trkpt lat="41.20777" lon="1.5341">
        <ele>32.0</ele>
      </trkpt>
      <trkpt lat="41.20775" lon="1.53371">
        <ele>32.0</ele>
      </trkpt>
      <trkpt lat="41.20789" lon="1.53351">
        <ele>32.0</ele>
      </trkpt>
      <trkpt lat="41.20862" lon="1.53334">
        <ele>33.0</ele>
      </trkpt>
      <trkpt lat="41.21196" lon="1.53489">
        <ele>35.0</ele>
      </trkpt>
      <trkpt lat="41.21303" lon="1.53495">
        <ele>37.0</ele>
      </trkpt>
      <trkpt lat="41.21438" lon="1.5348">
        <ele>40.0</ele>
      </trkpt>
      <trkpt lat="41.21534" lon="1.5355">
        <ele>41.0</ele>
      </trkpt>
      <trkpt lat="41.21801" lon="1.53607">
        <ele>46.0</ele>
      </trkpt>
      <trkpt lat="41.22099" lon="1.53755">
        <ele>49.0</ele>
      </trkpt>
      <trkpt lat="41.22135" lon="1.53782">
        <ele>49.0</ele>
      </trkpt>
      <trkpt lat="41.22249" lon="1.53933">
        <ele>49.0</ele>
      </trkpt>
      <trkpt lat="41.22326" lon="1.54122">
        <ele>49.0</ele>
      </trkpt>
      <trkpt lat="41.22309" lon="1.54151">
        <ele>50.0</ele>
      </trkpt>
      <trkpt lat="41.2217" lon="1.5416">
        <ele>52.0</ele>
      </trkpt>
      <trkpt lat="41.22171" lon="1.54181">
        <ele>52.0</ele>
      </trkpt>
      <trkpt lat="41.22151" lon="1.542">
        <ele>52.0</ele>
      </trkpt>
      <trkpt lat="41.22062" lon="1.54276">
        <ele>52.0</ele>
      </trkpt>
      <trkpt lat="41.22035" lon="1.54272">
        <ele>52.0</ele>
      </trkpt>
      <trkpt lat="41.22018" lon="1.54312">
        <ele>52.0</ele>
      </trkpt>
      <trkpt lat="41.2178" lon="1.54499">
        <ele>54.0</ele>
      </trkpt>
      <trkpt lat="41.21727" lon="1.54516">
        <ele>56.0</ele>
      </trkpt>
      <trkpt lat="41.21684" lon="1.54504">
        <ele>57.0</ele>
      </trkpt>
      <trkpt lat="41.21635" lon="1.54551">
        <ele>58.0</ele>
      </trkpt>
      <trkpt lat="41.21034" lon="1.5481">
        <ele>64.0</ele>
      </trkpt>
      <trkpt lat="41.20992" lon="1.54936">
        <ele>67.0</ele>
      </trkpt>
      <trkpt lat="41.20857" lon="1.55031">
        <ele>73.0</ele>
      </trkpt>
      <trkpt lat="41.20728" lon="1.5523">
        <ele>80.0</ele>
      </trkpt>
      <trkpt lat="41.20663" lon="1.55375">
        <ele>83.0</ele>
      </trkpt>
      <trkpt lat="41.20607" lon="1.55631">
        <ele>87.0</ele>
      </trkpt>
      <trkpt lat="41.20599" lon="1.55775">
        <ele>89.0</ele>
      </trkpt>
      <trkpt lat="41.20606" lon="1.55948">
        <ele>87.0</ele>
      </trkpt>
      <trkpt lat="41.20562" lon="1.56048">
        <ele>85.0</ele>
      </trkpt>
      <trkpt lat="41.20426" lon="1.56153">
        <ele>81.0</ele>
      </trkpt>
      <trkpt lat="41.20395" lon="1.56151">
        <ele>78.0</ele>
      </trkpt>
      <trkpt lat="41.20292" lon="1.56086">
        <ele>70.0</ele>
      </trkpt>
      <trkpt lat="41.20248" lon="1.56178">
        <ele>66.0</ele>
      </trkpt>
      <trkpt lat="41.20229" lon="1.56435">
        <ele>58.0</ele>
      </trkpt>
      <trkpt lat="41.20181" lon="1.56524">
        <ele>52.0</ele>
      </trkpt>
      <trkpt lat="41.19291" lon="1.57244">
        <ele>10.0</ele>
      </trkpt>
      <trkpt lat="41.19294" lon="1.5737">
        <ele>8.0</ele>
      </trkpt>
      <trkpt lat="41.19282" lon="1.57435">
        <ele>8.0</ele>
      </trkpt>
      <trkpt lat="41.19093" lon="1.57814">
        <ele>8.0</ele>
      </trkpt>
      <trkpt lat="41.19076" lon="1.57905">
        <ele>10.0</ele>
      </trkpt>
      <trkpt lat="41.19077" lon="1.58057">
        <ele>12.0</ele>
      </trkpt>
      <trkpt lat="41.19134" lon="1.58281">
        <ele>18.0</ele>
      </trkpt>
      <trkpt lat="41.19141" lon="1.58509">
        <ele>16.0</ele>
      </trkpt>
      <trkpt lat="41.19197" lon="1.58684">
        <ele>14.0</ele>
      </trkpt>
      <trkpt lat="41.19191" lon="1.5947">
        <ele>4.0</ele>
      </trkpt>
      <trkpt lat="41.19215" lon="1.60133">
        <ele>4.0</ele>
      </trkpt>
      <trkpt lat="41.19355" lon="1.60721">
        <ele>10.0</ele>
      </trkpt>
      <trkpt lat="41.19394" lon="1.60945">
        <ele>11.0</ele>
      </trkpt>
      <trkpt lat="41.19433" lon="1.61441">
        <ele>9.0</ele>
      </trkpt>
      <trkpt lat="41.19426" lon="1.61457">
        <ele>9.0</ele>
      </trkpt>
      <trkpt lat="41.19527" lon="1.61794">
        <ele>8.0</ele>
      </trkpt>
      <trkpt lat="41.19528" lon="1.61842">
        <ele>8.0</ele>
      </trkpt>
      <trkpt lat="41.19553" lon="1.61876">
        <ele>8.0</ele>
      </trkpt>
      <trkpt lat="41.19693" lon="1.62327">
        <ele>7.0</ele>
      </trkpt>
      <trkpt lat="41.19705" lon="1.62428">
        <ele>7.0</ele>
      </trkpt>
      <trkpt lat="41.19697" lon="1.62475">
        <ele>7.0</ele>
      </trkpt>
      <trkpt lat="41.19713" lon="1.62507">
        <ele>7.0</ele>
      </trkpt>
      <trkpt lat="41.19762" lon="1.62945">
        <ele>8.0</ele>
      </trkpt>
      <trkpt lat="41.19807" lon="1.63147">
        <ele>11.0</ele>
      </trkpt>
      <trkpt lat="41.19805" lon="1.63185">
        <ele>14.0</ele>
      </trkpt>
      <trkpt lat="41.19826" lon="1.63225">
        <ele>15.0</ele>
      </trkpt>
      <trkpt lat="41.19853" lon="1.63347">
        <ele>14.0</ele>
      </trkpt>
      <trkpt lat="41.19888" lon="1.63921">
        <ele>11.0</ele>
      </trkpt>
      <trkpt lat="41.19878" lon="1.63986">
        <ele>11.0</ele>
      </trkpt>
      <trkpt lat="41.19896" lon="1.64">
        <ele>10.0</ele>
      </trkpt>
      <trkpt lat="41.19996" lon="1.64302">
        <ele>10.0</ele>
      </trkpt>
      <trkpt lat="41.1999" lon="1.64329">
        <ele>10.0</ele>
      </trkpt>
      <trkpt lat="41.20009" lon="1.64342">
        <ele>10.0</ele>
      </trkpt>
      <trkpt lat="41.20163" lon="1.64814">
        <ele>10.0</ele>
      </trkpt>
      <trkpt lat="41.20346" lon="1.65633">
        <ele>7.0</ele>
      </trkpt>
      <trkpt lat="41.20336" lon="1.65679">
        <ele>7.0</ele>
      </trkpt>
      <trkpt lat="41.20374" lon="1.65757">
        <ele>7.0</ele>
      </trkpt>
      <trkpt lat="41.20567" lon="1.666">
        <ele>7.0</ele>
      </trkpt>
      <trkpt lat="41.20907" lon="1.67964">
        <ele>9.0</ele>
      </trkpt>
      <trkpt lat="41.209" lon="1.68036">
        <ele>8.0</ele>
      </trkpt>
      <trkpt lat="41.20912" lon="1.68108">
        <ele>7.0</ele>
      </trkpt>
      <trkpt lat="41.20873" lon="1.68338">
        <ele>7.0</ele>
      </trkpt>
      <trkpt lat="41.2087" lon="1.68425">
        <ele>7.0</ele>
      </trkpt>
      <trkpt lat="41.21002" lon="1.69129">
        <ele>11.0</ele>
      </trkpt>
      <trkpt lat="41.21139" lon="1.70633">
        <ele>21.0</ele>
      </trkpt>
      <trkpt lat="41.21171" lon="1.70664">
        <ele>24.0</ele>
      </trkpt>
      <trkpt lat="41.21441" lon="1.70687">
        <ele>22.0</ele>
      </trkpt>
      <trkpt lat="41.21487" lon="1.70711">
        <ele>17.0</ele>
      </trkpt>
      <trkpt lat="41.21741" lon="1.71171">
        <ele>22.0</ele>
      </trkpt>
      <trkpt lat="41.21792" lon="1.71276">
        <ele>22.0</ele>
      </trkpt>
      <trkpt lat="41.21793" lon="1.71332">
        <ele>22.0</ele>
      </trkpt>
      <trkpt lat="41.21818" lon="1.71361">
        <ele>21.0</ele>
      </trkpt>
      <trkpt lat="41.2197" lon="1.71877">
        <ele>17.0</ele>
      </trkpt>
      <trkpt lat="41.21975" lon="1.71987">
        <ele>17.0</ele>
      </trkpt>
      <trkpt lat="41.21957" lon="1.72104">
        <ele>17.0</ele>
      </trkpt>
      <trkpt lat="41.21937" lon="1.72143">
        <ele>17.0</ele>
      </trkpt>
      <trkpt lat="41.21958" lon="1.72178">
        <ele>16.0</ele>
      </trkpt>
      <trkpt lat="41.22263" lon="1.73206">
        <ele>11.0</ele>
      </trkpt>
      <trkpt lat="41.22297" lon="1.73259">
        <ele>11.0</ele>
      </trkpt>
      <trkpt lat="41.22331" lon="1.73285">
        <ele>11.0</ele>
      </trkpt>
      <trkpt lat="41.22489" lon="1.73307">
        <ele>13.0</ele>
      </trkpt>
      <trkpt lat="41.22561" lon="1.73345">
        <ele>14.0</ele>
      </trkpt>
      <trkpt lat="41.22572" lon="1.73375">
        <ele>14.0</ele>
      </trkpt>
      <trkpt lat="41.22721" lon="1.73548">
        <ele>16.0</ele>
      </trkpt>
      <trkpt lat="41.22724" lon="1.73571">
        <ele>17.0</ele>
      </trkpt>
      <trkpt lat="41.22748" lon="1.73564">
        <ele>17.0</ele>
      </trkpt>
      <trkpt lat="41.22931" lon="1.73781">
        <ele>22.0</ele>
      </trkpt>
      <trkpt lat="41.22963" lon="1.73845">
        <ele>24.0</ele>
      </trkpt>
      <trkpt lat="41.23017" lon="1.7388">
        <ele>25.0</ele>
      </trkpt>
      <trkpt lat="41.23055" lon="1.73927">
        <ele>26.0</ele>
      </trkpt>
      <trkpt lat="41.23193" lon="1.74222">
        <ele>29.0</ele>
      </trkpt>
      <trkpt lat="41.23199" lon="1.7428">
        <ele>30.0</ele>
      </trkpt>
      <trkpt lat="41.23241" lon="1.74338">
        <ele>31.0</ele>
      </trkpt>
      <trkpt lat="41.23489" lon="1.74885">
        <ele>33.0</ele>
      </trkpt>
      <trkpt lat="41.23499" lon="1.74933">
        <ele>35.0</ele>
      </trkpt>
      <trkpt lat="41.23522" lon="1.74955">
        <ele>36.0</ele>
      </trkpt>
      <trkpt lat="41.23733" lon="1.75421">
        <ele>39.0</ele>
      </trkpt>
      <trkpt lat="41.23733" lon="1.75447">
        <ele>43.0</ele>
      </trkpt>
      <trkpt lat="41.23753" lon="1.75465">
        <ele>44.0</ele>
      </trkpt>
      <trkpt lat="41.23998" lon="1.76004">
        <ele>54.0</ele>
      </trkpt>
      <trkpt lat="41.24012" lon="1.76078">
        <ele>56.0</ele>
      </trkpt>
      <trkpt lat="41.24033" lon="1.76411">
        <ele>53.0</ele>
      </trkpt>
      <trkpt lat="41.24013" lon="1.76461">
        <ele>52.0</ele>
      </trkpt>
      <trkpt lat="41.23875" lon="1.76652">
        <ele>51.0</ele>
      </trkpt>
      <trkpt lat="41.23857" lon="1.76706">
        <ele>50.0</ele>
      </trkpt>
      <trkpt lat="41.2386" lon="1.76748">
        <ele>49.0</ele>
      </trkpt>
      <trkpt lat="41.23911" lon="1.7689">
        <ele>47.0</ele>
      </trkpt>
      <trkpt lat="41.23911" lon="1.76925">
        <ele>45.0</ele>
      </trkpt>
      <trkpt lat="41.23226" lon="1.78534">
        <ele>13.0</ele>
      </trkpt>
      <trkpt lat="41.2319" lon="1.78586">
        <ele>13.0</ele>
      </trkpt>
      <trkpt lat="41.23193" lon="1.78613">
        <ele>13.0</ele>
      </trkpt>
      <trkpt lat="41.2324" lon="1.78639">
        <ele>13.0</ele>
      </trkpt>
      <trkpt lat="41.23373" lon="1.78837">
        <ele>13.0</ele>
      </trkpt>
      <trkpt lat="41.23372" lon="1.78872">
        <ele>14.0</ele>
      </trkpt>
      <trkpt lat="41.23298" lon="1.7895">
        <ele>14.0</ele>
      </trkpt>
      <trkpt lat="41.23246" lon="1.78973">
        <ele>14.0</ele>
      </trkpt>
      <trkpt lat="41.23177" lon="1.78947">
        <ele>14.0</ele>
      </trkpt>
      <trkpt lat="41.23087" lon="1.78829">
        <ele>12.0</ele>
      </trkpt>
      <trkpt lat="41.22986" lon="1.78777">
        <ele>11.0</ele>
      </trkpt>
      <trkpt lat="41.22762" lon="1.78811">
        <ele>9.0</ele>
      </trkpt>
      <trkpt lat="41.22751" lon="1.78796">
        <ele>8.0</ele>
      </trkpt>
      <trkpt lat="41.22721" lon="1.78805">
        <ele>7.0</ele>
      </trkpt>
      <trkpt lat="41.22604" lon="1.78755">
        <ele>7.0</ele>
      </trkpt>
      <trkpt lat="41.2255" lon="1.78784">
        <ele>8.0</ele>
      </trkpt>
      <trkpt lat="41.2253" lon="1.78811">
        <ele>8.0</ele>
      </trkpt>
      <trkpt lat="41.2272" lon="1.78998">
        <ele>7.0</ele>
      </trkpt>
      <trkpt lat="41.22838" lon="1.79173">
        <ele>7.0</ele>
      </trkpt>
      <trkpt lat="41.22989" lon="1.79469">
        <ele>9.0</ele>
      </trkpt>
      <trkpt lat="41.23215" lon="1.79976">
        <ele>11.0</ele>
      </trkpt>
      <trkpt lat="41.23383" lon="1.80419">
        <ele>11.0</ele>
      </trkpt>
      <trkpt lat="41.23675" lon="1.80246">
        <ele>11.0</ele>
      </trkpt>
      <trkpt lat="41.23689" lon="1.80253">
        <ele>12.0</ele>
      </trkpt>
      <trkpt lat="41.23831" lon="1.80709">
        <ele>17.0</ele>
      </trkpt>
      <trkpt lat="41.2412" lon="1.80601">
        <ele>20.0</ele>
      </trkpt>
      <trkpt lat="41.24148" lon="1.80607">
        <ele>22.0</ele>
      </trkpt>
      <trkpt lat="41.24138" lon="1.80679">
        <ele>22.0</ele>
      </trkpt>
      <trkpt lat="41.24054" lon="1.80875">
        <ele>24.0</ele>
      </trkpt>
      <trkpt lat="41.24021" lon="1.81">
        <ele>27.0</ele>
      </trkpt>
      <trkpt lat="41.23967" lon="1.81105">
        <ele>30.0</ele>
      </trkpt>
      <trkpt lat="41.23895" lon="1.81166">
        <ele>30.0</ele>
      </trkpt>
      <trkpt lat="41.23882" lon="1.81232">
        <ele>29.0</ele>
      </trkpt>
      <trkpt lat="41.23902" lon="1.81744">
        <ele>29.0</ele>
      </trkpt>
      <trkpt lat="41.23886" lon="1.81778">
        <ele>29.0</ele>
      </trkpt>
      <trkpt lat="41.23905" lon="1.81798">
        <ele>29.0</ele>
      </trkpt>
      <trkpt lat="41.23914" lon="1.8189">
        <ele>28.0</ele>
      </trkpt>
      <trkpt lat="41.23973" lon="1.81968">
        <ele>26.0</ele>
      </trkpt>
      <trkpt lat="41.23976" lon="1.82005">
        <ele>25.0</ele>
      </trkpt>
      <trkpt lat="41.23935" lon="1.82223">
        <ele>24.0</ele>
      </trkpt>
      <trkpt lat="41.23906" lon="1.82272">
        <ele>23.0</ele>
      </trkpt>
      <trkpt lat="41.23912" lon="1.82343">
        <ele>22.0</ele>
      </trkpt>
      <trkpt lat="41.23867" lon="1.82599">
        <ele>21.0</ele>
      </trkpt>
      <trkpt lat="41.23752" lon="1.82884">
        <ele>21.0</ele>
      </trkpt>
      <trkpt lat="41.23765" lon="1.83015">
        <ele>23.0</ele>
      </trkpt>
      <trkpt lat="41.23741" lon="1.83067">
        <ele>25.0</ele>
      </trkpt>
      <trkpt lat="41.23754" lon="1.83128">
        <ele>26.0</ele>
      </trkpt>
      <trkpt lat="41.23734" lon="1.83187">
        <ele>26.0</ele>
      </trkpt>
      <trkpt lat="41.23663" lon="1.83221">
        <ele>26.0</ele>
      </trkpt>
      <trkpt lat="41.23625" lon="1.83327">
        <ele>27.0</ele>
      </trkpt>
      <trkpt lat="41.23615" lon="1.83553">
        <ele>32.0</ele>
      </trkpt>
      <trkpt lat="41.23631" lon="1.83574">
        <ele>34.0</ele>
      </trkpt>
      <trkpt lat="41.23682" lon="1.83586">
        <ele>37.0</ele>
      </trkpt>
      <trkpt lat="41.23703" lon="1.8362">
        <ele>40.0</ele>
      </trkpt>
      <trkpt lat="41.23694" lon="1.83645">
        <ele>40.0</ele>
      </trkpt>
      <trkpt lat="41.23636" lon="1.83697">
        <ele>37.0</ele>
      </trkpt>
      <trkpt lat="41.23586" lon="1.83779">
        <ele>34.0</ele>
      </trkpt>
      <trkpt lat="41.23576" lon="1.83977">
        <ele>30.0</ele>
      </trkpt>
      <trkpt lat="41.23586" lon="1.84006">
        <ele>31.0</ele>
      </trkpt>
      <trkpt lat="41.2363" lon="1.84038">
        <ele>32.0</ele>
      </trkpt>
      <trkpt lat="41.23624" lon="1.84142">
        <ele>34.0</ele>
      </trkpt>
      <trkpt lat="41.23738" lon="1.84343">
        <ele>39.0</ele>
      </trkpt>
      <trkpt lat="41.23725" lon="1.84368">
        <ele>41.0</ele>
      </trkpt>
      <trkpt lat="41.23674" lon="1.8438">
        <ele>43.0</ele>
      </trkpt>
      <trkpt lat="41.23602" lon="1.84321">
        <ele>46.0</ele>
      </trkpt>
      <trkpt lat="41.23574" lon="1.84334">
        <ele>47.0</ele>
      </trkpt>
      <trkpt lat="41.23562" lon="1.845">
        <ele>49.0</ele>
      </trkpt>
      <trkpt lat="41.23598" lon="1.84644">
        <ele>49.0</ele>
      </trkpt>
      <trkpt lat="41.23575" lon="1.84712">
        <ele>49.0</ele>
      </trkpt>
      <trkpt lat="41.2357" lon="1.8479">
        <ele>49.0</ele>
      </trkpt>
      <trkpt lat="41.23579" lon="1.8485">
        <ele>52.0</ele>
      </trkpt>
      <trkpt lat="41.23552" lon="1.84902">
        <ele>56.0</ele>
      </trkpt>
      <trkpt lat="41.23563" lon="1.84932">
        <ele>59.0</ele>
      </trkpt>
      <trkpt lat="41.23611" lon="1.84966">
        <ele>62.0</ele>
      </trkpt>
      <trkpt lat="41.23616" lon="1.84991">
        <ele>62.0</ele>
      </trkpt>
      <trkpt lat="41.23601" lon="1.85019">
        <ele>62.0</ele>
      </trkpt>
      <trkpt lat="41.23533" lon="1.85072">
        <ele>57.0</ele>
      </trkpt>
      <trkpt lat="41.23537" lon="1.85192">
        <ele>52.0</ele>
      </trkpt>
      <trkpt lat="41.23504" lon="1.85232">
        <ele>50.0</ele>
      </trkpt>
      <trkpt lat="41.23499" lon="1.85288">
        <ele>47.0</ele>
      </trkpt>
      <trkpt lat="41.23554" lon="1.85482">
        <ele>45.0</ele>
      </trkpt>
      <trkpt lat="41.23592" lon="1.85482">
        <ele>46.0</ele>
      </trkpt>
      <trkpt lat="41.23624" lon="1.8546">
        <ele>47.0</ele>
      </trkpt>
      <trkpt lat="41.23645" lon="1.85475">
        <ele>49.0</ele>
      </trkpt>
      <trkpt lat="41.23633" lon="1.85545">
        <ele>50.0</ele>
      </trkpt>
      <trkpt lat="41.2364" lon="1.85603">
        <ele>48.0</ele>
      </trkpt>
      <trkpt lat="41.23622" lon="1.85672">
        <ele>46.0</ele>
      </trkpt>
      <trkpt lat="41.23633" lon="1.8574">
        <ele>41.0</ele>
      </trkpt>
      <trkpt lat="41.23611" lon="1.85871">
        <ele>37.0</ele>
      </trkpt>
      <trkpt lat="41.23631" lon="1.85914">
        <ele>32.0</ele>
      </trkpt>
      <trkpt lat="41.23639" lon="1.8597">
        <ele>28.0</ele>
      </trkpt>
      <trkpt lat="41.23708" lon="1.86055">
        <ele>26.0</ele>
      </trkpt>
      <trkpt lat="41.23788" lon="1.8605">
        <ele>25.0</ele>
      </trkpt>
      <trkpt lat="41.23859" lon="1.86096">
        <ele>23.0</ele>
      </trkpt>
      <trkpt lat="41.23889" lon="1.86097">
        <ele>22.0</ele>
      </trkpt>
      <trkpt lat="41.23966" lon="1.86047">
        <ele>19.0</ele>
      </trkpt>
      <trkpt lat="41.23986" lon="1.86048">
        <ele>19.0</ele>
      </trkpt>
      <trkpt lat="41.24051" lon="1.86171">
        <ele>19.0</ele>
      </trkpt>
      <trkpt lat="41.24092" lon="1.86295">
        <ele>21.0</ele>
      </trkpt>
      <trkpt lat="41.2409" lon="1.86336">
        <ele>21.0</ele>
      </trkpt>
      <trkpt lat="41.24043" lon="1.8642">
        <ele>21.0</ele>
      </trkpt>
      <trkpt lat="41.23996" lon="1.86456">
        <ele>23.0</ele>
      </trkpt>
      <trkpt lat="41.23981" lon="1.86492">
        <ele>29.0</ele>
      </trkpt>
      <trkpt lat="41.23995" lon="1.86527">
        <ele>33.0</ele>
      </trkpt>
      <trkpt lat="41.24088" lon="1.86637">
        <ele>44.0</ele>
      </trkpt>
      <trkpt lat="41.24117" lon="1.86739">
        <ele>51.0</ele>
      </trkpt>
      <trkpt lat="41.24156" lon="1.86767">
        <ele>53.0</ele>
      </trkpt>
      <trkpt lat="41.24235" lon="1.86736">
        <ele>54.0</ele>
      </trkpt>
      <trkpt lat="41.24273" lon="1.86742">
        <ele>55.0</ele>
      </trkpt>
      <trkpt lat="41.24368" lon="1.86718">
        <ele>54.0</ele>
      </trkpt>
      <trkpt lat="41.244" lon="1.86763">
        <ele>54.0</ele>
      </trkpt>
      <trkpt lat="41.24404" lon="1.86865">
        <ele>53.0</ele>
      </trkpt>
      <trkpt lat="41.2443" lon="1.8687">
        <ele>53.0</ele>
      </trkpt>
      <trkpt lat="41.24482" lon="1.86839">
        <ele>53.0</ele>
      </trkpt>
      <trkpt lat="41.24499" lon="1.86854">
        <ele>53.0</ele>
      </trkpt>
      <trkpt lat="41.24464" lon="1.86985">
        <ele>52.0</ele>
      </trkpt>
      <trkpt lat="41.24402" lon="1.87062">
        <ele>50.0</ele>
      </trkpt>
      <trkpt lat="41.24403" lon="1.87103">
        <ele>50.0</ele>
      </trkpt>
      <trkpt lat="41.24491" lon="1.87415">
        <ele>54.0</ele>
      </trkpt>
      <trkpt lat="41.2452" lon="1.87464">
        <ele>61.0</ele>
      </trkpt>
      <trkpt lat="41.24536" lon="1.87539">
        <ele>63.0</ele>
      </trkpt>
      <trkpt lat="41.24582" lon="1.87626">
        <ele>70.0</ele>
      </trkpt>
      <trkpt lat="41.24581" lon="1.87678">
        <ele>74.0</ele>
      </trkpt>
      <trkpt lat="41.24661" lon="1.87989">
        <ele>78.0</ele>
      </trkpt>
      <trkpt lat="41.24708" lon="1.88035">
        <ele>83.0</ele>
      </trkpt>
      <trkpt lat="41.24716" lon="1.88114">
        <ele>87.0</ele>
      </trkpt>
      <trkpt lat="41.24746" lon="1.8819">
        <ele>89.0</ele>
      </trkpt>
      <trkpt lat="41.24789" lon="1.8824">
        <ele>95.0</ele>
      </trkpt>
      <trkpt lat="41.24784" lon="1.88321">
        <ele>99.0</ele>
      </trkpt>
      <trkpt lat="41.24846" lon="1.88404">
        <ele>105.0</ele>
      </trkpt>
      <trkpt lat="41.24878" lon="1.88646">
        <ele>117.0</ele>
      </trkpt>
      <trkpt lat="41.24902" lon="1.88705">
        <ele>119.0</ele>
      </trkpt>
      <trkpt lat="41.24909" lon="1.8886">
        <ele>119.0</ele>
      </trkpt>
      <trkpt lat="41.24938" lon="1.89028">
        <ele>101.0</ele>
      </trkpt>
      <trkpt lat="41.24959" lon="1.89035">
        <ele>93.0</ele>
      </trkpt>
      <trkpt lat="41.25001" lon="1.88965">
        <ele>96.0</ele>
      </trkpt>
      <trkpt lat="41.25102" lon="1.88911">
        <ele>103.0</ele>
      </trkpt>
      <trkpt lat="41.2515" lon="1.88849">
        <ele>104.0</ele>
      </trkpt>
      <trkpt lat="41.25173" lon="1.88844">
        <ele>104.0</ele>
      </trkpt>
      <trkpt lat="41.25186" lon="1.88865">
        <ele>103.0</ele>
      </trkpt>
      <trkpt lat="41.25183" lon="1.8889">
        <ele>102.0</ele>
      </trkpt>
      <trkpt lat="41.25081" lon="1.89044">
        <ele>97.0</ele>
      </trkpt>
      <trkpt lat="41.25087" lon="1.89113">
        <ele>92.0</ele>
      </trkpt>
      <trkpt lat="41.25195" lon="1.89174">
        <ele>86.0</ele>
      </trkpt>
      <trkpt lat="41.25307" lon="1.8916">
        <ele>82.0</ele>
      </trkpt>
      <trkpt lat="41.25307" lon="1.8919">
        <ele>81.0</ele>
      </trkpt>
      <trkpt lat="41.25252" lon="1.89253">
        <ele>75.0</ele>
      </trkpt>
      <trkpt lat="41.2524" lon="1.89302">
        <ele>70.0</ele>
      </trkpt>
      <trkpt lat="41.25306" lon="1.89416">
        <ele>60.0</ele>
      </trkpt>
      <trkpt lat="41.25341" lon="1.89553">
        <ele>53.0</ele>
      </trkpt>
      <trkpt lat="41.25326" lon="1.89615">
        <ele>49.0</ele>
      </trkpt>
      <trkpt lat="41.25344" lon="1.89676">
        <ele>46.0</ele>
      </trkpt>
      <trkpt lat="41.25326" lon="1.89769">
        <ele>43.0</ele>
      </trkpt>
      <trkpt lat="41.25283" lon="1.89872">
        <ele>40.0</ele>
      </trkpt>
      <trkpt lat="41.25295" lon="1.89941">
        <ele>38.0</ele>
      </trkpt>
      <trkpt lat="41.2539" lon="1.90077">
        <ele>36.0</ele>
      </trkpt>
      <trkpt lat="41.25594" lon="1.90316">
        <ele>28.0</ele>
      </trkpt>
      <trkpt lat="41.25631" lon="1.90334">
        <ele>26.0</ele>
      </trkpt>
      <trkpt lat="41.25712" lon="1.90332">
        <ele>24.0</ele>
      </trkpt>
      <trkpt lat="41.25755" lon="1.90387">
        <ele>22.0</ele>
      </trkpt>
      <trkpt lat="41.25746" lon="1.90459">
        <ele>22.0</ele>
      </trkpt>
      <trkpt lat="41.25598" lon="1.90585">
        <ele>24.0</ele>
      </trkpt>
      <trkpt lat="41.2557" lon="1.90654">
        <ele>25.0</ele>
      </trkpt>
      <trkpt lat="41.25596" lon="1.90798">
        <ele>28.0</ele>
      </trkpt>
      <trkpt lat="41.25594" lon="1.90961">
        <ele>33.0</ele>
      </trkpt>
      <trkpt lat="41.25671" lon="1.91122">
        <ele>38.0</ele>
      </trkpt>
      <trkpt lat="41.25668" lon="1.91235">
        <ele>41.0</ele>
      </trkpt>
      <trkpt lat="41.25702" lon="1.91344">
        <ele>43.0</ele>
      </trkpt>
      <trkpt lat="41.25711" lon="1.91487">
        <ele>44.0</ele>
      </trkpt>
      <trkpt lat="41.25789" lon="1.91647">
        <ele>42.0</ele>
      </trkpt>
      <trkpt lat="41.25828" lon="1.91761">
        <ele>41.0</ele>
      </trkpt>
      <trkpt lat="41.25964" lon="1.92009">
        <ele>33.0</ele>
      </trkpt>
      <trkpt lat="41.25999" lon="1.92031">
        <ele>30.0</ele>
      </trkpt>
      <trkpt lat="41.26062" lon="1.92026">
        <ele>28.0</ele>
      </trkpt>
      <trkpt lat="41.26102" lon="1.92044">
        <ele>27.0</ele>
      </trkpt>
      <trkpt lat="41.26185" lon="1.92162">
        <ele>25.0</ele>
      </trkpt>
      <trkpt lat="41.26187" lon="1.92244">
        <ele>23.0</ele>
      </trkpt>
      <trkpt lat="41.26131" lon="1.9235">
        <ele>22.0</ele>
      </trkpt>
      <trkpt lat="41.26126" lon="1.92393">
        <ele>21.0</ele>
      </trkpt>
      <trkpt lat="41.26203" lon="1.9275">
        <ele>21.0</ele>
      </trkpt>
      <trkpt lat="41.26243" lon="1.92817">
        <ele>18.0</ele>
      </trkpt>
      <trkpt lat="41.26272" lon="1.92819">
        <ele>17.0</ele>
      </trkpt>
      <trkpt lat="41.26306" lon="1.92796">
        <ele>17.0</ele>
      </trkpt>
      <trkpt lat="41.26333" lon="1.92824">
        <ele>16.0</ele>
      </trkpt>
      <trkpt lat="41.26338" lon="1.92943">
        <ele>15.0</ele>
      </trkpt>
      <trkpt lat="41.26329" lon="1.92989">
        <ele>14.0</ele>
      </trkpt>
      <trkpt lat="41.26242" lon="1.93047">
        <ele>11.0</ele>
      </trkpt>
      <trkpt lat="41.26286" lon="1.93205">
        <ele>9.0</ele>
      </trkpt>
      <trkpt lat="41.26399" lon="1.93921">
        <ele>9.0</ele>
      </trkpt>
      <trkpt lat="41.26486" lon="1.9478">
        <ele>6.0</ele>
      </trkpt>
      <trkpt lat="41.26517" lon="1.95239">
        <ele>5.0</ele>
      </trkpt>
      <trkpt lat="41.26526" lon="1.95722">
        <ele>5.0</ele>
      </trkpt>
      <trkpt lat="41.26558" lon="1.95784">
        <ele>5.0</ele>
      </trkpt>
      <trkpt lat="41.26565" lon="1.95889">
        <ele>5.0</ele>
      </trkpt>
      <trkpt lat="41.26577" lon="1.96878">
        <ele>7.0</ele>
      </trkpt>
      <trkpt lat="41.26617" lon="1.97137">
        <ele>7.0</ele>
      </trkpt>
      <trkpt lat="41.26606" lon="1.97285">
        <ele>6.0</ele>
      </trkpt>
      <trkpt lat="41.26566" lon="1.97482">
        <ele>6.0</ele>
      </trkpt>
      <trkpt lat="41.26553" lon="1.97935">
        <ele>5.0</ele>
      </trkpt>
      <trkpt lat="41.2656" lon="1.98005">
        <ele>5.0</ele>
      </trkpt>
      <trkpt lat="41.26601" lon="1.98128">
        <ele>6.0</ele>
      </trkpt>
      <trkpt lat="41.26606" lon="1.98255">
        <ele>5.0</ele>
      </trkpt>
      <trkpt lat="41.26591" lon="1.98344">
        <ele>4.0</ele>
      </trkpt>
      <trkpt lat="41.26523" lon="1.98537">
        <ele>2.0</ele>
      </trkpt>
      <trkpt lat="41.26521" lon="1.98596">
        <ele>1.0</ele>
      </trkpt>
      <trkpt lat="41.26519" lon="1.99072">
        <ele>3.0</ele>
      </trkpt>
      <trkpt lat="41.26566" lon="1.99178">
        <ele>4.0</ele>
      </trkpt>
      <trkpt lat="41.26521" lon="1.99298">
        <ele>4.0</ele>
      </trkpt>
      <trkpt lat="41.2653" lon="1.99886">
        <ele>4.0</ele>
      </trkpt>
      <trkpt lat="41.26588" lon="2.00017">
        <ele>5.0</ele>
      </trkpt>
      <trkpt lat="41.26601" lon="2.00089">
        <ele>6.0</ele>
      </trkpt>
      <trkpt lat="41.26587" lon="2.0016">
        <ele>6.0</ele>
      </trkpt>
      <trkpt lat="41.26542" lon="2.00229">
        <ele>5.0</ele>
      </trkpt>
      <trkpt lat="41.26548" lon="2.00475">
        <ele>4.0</ele>
      </trkpt>
      <trkpt lat="41.26564" lon="2.00524">
        <ele>4.0</ele>
      </trkpt>
      <trkpt lat="41.26601" lon="2.00574">
        <ele>5.0</ele>
      </trkpt>
      <trkpt lat="41.26654" lon="2.00752">
        <ele>7.0</ele>
      </trkpt>
      <trkpt lat="41.26692" lon="2.00826">
        <ele>8.0</ele>
      </trkpt>
      <trkpt lat="41.26845" lon="2.0077">
        <ele>7.0</ele>
      </trkpt>
      <trkpt lat="41.26944" lon="2.01981">
        <ele>8.0</ele>
      </trkpt>
      <trkpt lat="41.27412" lon="2.01971">
        <ele>3.0</ele>
      </trkpt>
      <trkpt lat="41.27404" lon="2.02008">
        <ele>3.0</ele>
      </trkpt>
      <trkpt lat="41.27412" lon="2.01971">
        <ele>3.0</ele>
      </trkpt>
      <trkpt lat="41.2782" lon="2.01967">
        <ele>5.0</ele>
      </trkpt>
      <trkpt lat="41.27952" lon="2.0195">
        <ele>4.0</ele>
      </trkpt>
      <trkpt lat="41.28106" lon="2.01901">
        <ele>4.0</ele>
      </trkpt>
      <trkpt lat="41.29064" lon="2.0151">
        <ele>4.0</ele>
      </trkpt>
      <trkpt lat="41.29125" lon="2.01502">
        <ele>4.0</ele>
      </trkpt>
      <trkpt lat="41.29183" lon="2.01546">
        <ele>4.0</ele>
      </trkpt>
      <trkpt lat="41.29321" lon="2.01783">
        <ele>4.0</ele>
      </trkpt>
      <trkpt lat="41.29435" lon="2.02165">
        <ele>7.0</ele>
      </trkpt>
      <trkpt lat="41.29855" lon="2.03226">
        <ele>5.0</ele>
      </trkpt>
      <trkpt lat="41.29928" lon="2.03428">
        <ele>4.0</ele>
      </trkpt>
      <trkpt lat="41.29924" lon="2.03485">
        <ele>4.0</ele>
      </trkpt>
      <trkpt lat="41.29941" lon="2.0351">
        <ele>4.0</ele>
      </trkpt>
      <trkpt lat="41.29962" lon="2.03502">
        <ele>4.0</ele>
      </trkpt>
      <trkpt lat="41.29988" lon="2.03447">
        <ele>4.0</ele>
      </trkpt>
      <trkpt lat="41.30056" lon="2.03388">
        <ele>4.0</ele>
      </trkpt>
      <trkpt lat="41.30255" lon="2.03255">
        <ele>2.0</ele>
      </trkpt>
      <trkpt lat="41.30327" lon="2.03166">
        <ele>3.0</ele>
      </trkpt>
      <trkpt lat="41.30721" lon="2.02759">
        <ele>8.0</ele>
      </trkpt>
      <trkpt lat="41.30737" lon="2.02765">
        <ele>9.0</ele>
      </trkpt>
      <trkpt lat="41.30885" lon="2.02628">
        <ele>8.0</ele>
      </trkpt>
      <trkpt lat="41.30916" lon="2.02617">
        <ele>8.0</ele>
      </trkpt>
      <trkpt lat="41.31199" lon="2.02331">
        <ele>13.0</ele>
      </trkpt>
      <trkpt lat="41.31557" lon="2.02061">
        <ele>16.0</ele>
      </trkpt>
      <trkpt lat="41.30835" lon="2.01332">
        <ele>15.0</ele>
      </trkpt>
      <trkpt lat="41.30821" lon="2.01285">
        <ele>16.0</ele>
      </trkpt>
      <trkpt lat="41.30795" lon="2.0125">
        <ele>16.0</ele>
      </trkpt>
      <trkpt lat="41.30659" lon="2.0112">
        <ele>17.0</ele>
      </trkpt>
      <trkpt lat="41.30647" lon="2.00769">
        <ele>19.0</ele>
      </trkpt>
      <trkpt lat="41.30721" lon="2.00658">
        <ele>21.0</ele>
      </trkpt>
      <trkpt lat="41.30839" lon="2.0055">
        <ele>28.0</ele>
      </trkpt>
      <trkpt lat="41.30829" lon="2.00544">
        <ele>29.0</ele>
      </trkpt>
      <trkpt lat="41.30512" lon="1.9942">
        <ele>32.0</ele>
      </trkpt>
      <trkpt lat="41.30625" lon="1.99375">
        <ele>37.0</ele>
      </trkpt>
      <trkpt lat="41.30683" lon="1.99319">
        <ele>42.0</ele>
      </trkpt>
      <trkpt lat="41.30715" lon="1.99273">
        <ele>43.0</ele>
      </trkpt>
      <trkpt lat="41.30797" lon="1.99077">
        <ele>56.0</ele>
      </trkpt>
      <trkpt lat="41.30777" lon="1.99">
        <ele>59.0</ele>
      </trkpt>
      <trkpt lat="41.30681" lon="1.98893">
        <ele>66.0</ele>
      </trkpt>
      <trkpt lat="41.30664" lon="1.98855">
        <ele>72.0</ele>
      </trkpt>
      <trkpt lat="41.3067" lon="1.98788">
        <ele>78.0</ele>
      </trkpt>
      <trkpt lat="41.30709" lon="1.98699">
        <ele>85.0</ele>
      </trkpt>
      <trkpt lat="41.30744" lon="1.98412">
        <ele>96.0</ele>
      </trkpt>
      <trkpt lat="41.30765" lon="1.98375">
        <ele>101.0</ele>
      </trkpt>
      <trkpt lat="41.308" lon="1.98348">
        <ele>103.0</ele>
      </trkpt>
      <trkpt lat="41.3088" lon="1.98315">
        <ele>111.0</ele>
      </trkpt>
      <trkpt lat="41.30881" lon="1.98295">
        <ele>112.0</ele>
      </trkpt>
      <trkpt lat="41.30835" lon="1.9823">
        <ele>115.0</ele>
      </trkpt>
      <trkpt lat="41.30835" lon="1.98211">
        <ele>117.0</ele>
      </trkpt>
      <trkpt lat="41.30878" lon="1.98144">
        <ele>120.0</ele>
      </trkpt>
      <trkpt lat="41.30877" lon="1.98059">
        <ele>124.0</ele>
      </trkpt>
      <trkpt lat="41.30933" lon="1.97996">
        <ele>126.0</ele>
      </trkpt>
      <trkpt lat="41.30939" lon="1.9785">
        <ele>129.0</ele>
      </trkpt>
      <trkpt lat="41.30997" lon="1.97592">
        <ele>138.0</ele>
      </trkpt>
      <trkpt lat="41.3102" lon="1.97547">
        <ele>148.0</ele>
      </trkpt>
      <trkpt lat="41.31096" lon="1.97475">
        <ele>157.0</ele>
      </trkpt>
      <trkpt lat="41.31128" lon="1.97314">
        <ele>162.0</ele>
      </trkpt>
      <trkpt lat="41.31186" lon="1.97242">
        <ele>170.0</ele>
      </trkpt>
      <trkpt lat="41.31362" lon="1.96812">
        <ele>196.0</ele>
      </trkpt>
      <trkpt lat="41.31374" lon="1.96674">
        <ele>211.0</ele>
      </trkpt>
      <trkpt lat="41.31467" lon="1.96521">
        <ele>225.0</ele>
      </trkpt>
      <trkpt lat="41.31462" lon="1.96456">
        <ele>230.0</ele>
      </trkpt>
      <trkpt lat="41.31479" lon="1.96349">
        <ele>233.0</ele>
      </trkpt>
      <trkpt lat="41.31472" lon="1.96286">
        <ele>236.0</ele>
      </trkpt>
      <trkpt lat="41.31484" lon="1.96084">
        <ele>243.0</ele>
      </trkpt>
      <trkpt lat="41.31524" lon="1.95984">
        <ele>249.0</ele>
      </trkpt>
      <trkpt lat="41.3157" lon="1.95945">
        <ele>254.0</ele>
      </trkpt>
      <trkpt lat="41.31583" lon="1.95846">
        <ele>260.0</ele>
      </trkpt>
      <trkpt lat="41.31563" lon="1.95787">
        <ele>264.0</ele>
      </trkpt>
      <trkpt lat="41.31562" lon="1.95743">
        <ele>267.0</ele>
      </trkpt>
      <trkpt lat="41.31624" lon="1.95612">
        <ele>272.0</ele>
      </trkpt>
      <trkpt lat="41.31663" lon="1.95494">
        <ele>279.0</ele>
      </trkpt>
      <trkpt lat="41.31683" lon="1.95484">
        <ele>284.0</ele>
      </trkpt>
      <trkpt lat="41.31761" lon="1.95576">
        <ele>286.0</ele>
      </trkpt>
      <trkpt lat="41.31823" lon="1.9567">
        <ele>286.0</ele>
      </trkpt>
      <trkpt lat="41.31868" lon="1.95779">
        <ele>286.0</ele>
      </trkpt>
      <trkpt lat="41.31896" lon="1.95786">
        <ele>286.0</ele>
      </trkpt>
      <trkpt lat="41.31911" lon="1.95704">
        <ele>286.0</ele>
      </trkpt>
      <trkpt lat="41.31947" lon="1.95636">
        <ele>286.0</ele>
      </trkpt>
      <trkpt lat="41.31916" lon="1.95527">
        <ele>287.0</ele>
      </trkpt>
      <trkpt lat="41.31944" lon="1.95313">
        <ele>295.0</ele>
      </trkpt>
      <trkpt lat="41.31981" lon="1.95305">
        <ele>299.0</ele>
      </trkpt>
      <trkpt lat="41.32023" lon="1.95346">
        <ele>303.0</ele>
      </trkpt>
      <trkpt lat="41.32087" lon="1.95351">
        <ele>308.0</ele>
      </trkpt>
      <trkpt lat="41.32174" lon="1.95216">
        <ele>318.0</ele>
      </trkpt>
      <trkpt lat="41.32171" lon="1.95145">
        <ele>321.0</ele>
      </trkpt>
      <trkpt lat="41.3219" lon="1.9511">
        <ele>323.0</ele>
      </trkpt>
      <trkpt lat="41.32373" lon="1.95038">
        <ele>334.0</ele>
      </trkpt>
      <trkpt lat="41.32466" lon="1.95041">
        <ele>344.0</ele>
      </trkpt>
      <trkpt lat="41.32543" lon="1.94976">
        <ele>350.0</ele>
      </trkpt>
      <trkpt lat="41.32595" lon="1.94965">
        <ele>353.0</ele>
      </trkpt>
      <trkpt lat="41.326" lon="1.94948">
        <ele>355.0</ele>
      </trkpt>
      <trkpt lat="41.32582" lon="1.94933">
        <ele>358.0</ele>
      </trkpt>
      <trkpt lat="41.32476" lon="1.94975">
        <ele>363.0</ele>
      </trkpt>
      <trkpt lat="41.32387" lon="1.94951">
        <ele>376.0</ele>
      </trkpt>
      <trkpt lat="41.32261" lon="1.94985">
        <ele>388.0</ele>
      </trkpt>
      <trkpt lat="41.3225" lon="1.94977">
        <ele>391.0</ele>
      </trkpt>
      <trkpt lat="41.32261" lon="1.9496">
        <ele>394.0</ele>
      </trkpt>
      <trkpt lat="41.32384" lon="1.94912">
        <ele>398.0</ele>
      </trkpt>
      <trkpt lat="41.32481" lon="1.949">
        <ele>404.0</ele>
      </trkpt>
      <trkpt lat="41.32515" lon="1.94867">
        <ele>406.0</ele>
      </trkpt>
      <trkpt lat="41.32597" lon="1.94731">
        <ele>411.0</ele>
      </trkpt>
      <trkpt lat="41.32648" lon="1.94705">
        <ele>412.0</ele>
      </trkpt>
      <trkpt lat="41.32708" lon="1.94648">
        <ele>410.0</ele>
      </trkpt>
      <trkpt lat="41.32709" lon="1.9459">
        <ele>409.0</ele>
      </trkpt>
      <trkpt lat="41.3276" lon="1.94432">
        <ele>406.0</ele>
      </trkpt>
      <trkpt lat="41.32824" lon="1.93936">
        <ele>395.0</ele>
      </trkpt>
      <trkpt lat="41.32822" lon="1.93838">
        <ele>391.0</ele>
      </trkpt>
      <trkpt lat="41.32837" lon="1.9381">
        <ele>389.0</ele>
      </trkpt>
      <trkpt lat="41.32824" lon="1.93739">
        <ele>388.0</ele>
      </trkpt>
      <trkpt lat="41.3283" lon="1.93572">
        <ele>388.0</ele>
      </trkpt>
      <trkpt lat="41.32782" lon="1.93366">
        <ele>388.0</ele>
      </trkpt>
      <trkpt lat="41.32777" lon="1.93286">
        <ele>388.0</ele>
      </trkpt>
      <trkpt lat="41.32805" lon="1.9282">
        <ele>383.0</ele>
      </trkpt>
      <trkpt lat="41.32824" lon="1.92706">
        <ele>380.0</ele>
      </trkpt>
      <trkpt lat="41.32846" lon="1.92668">
        <ele>377.0</ele>
      </trkpt>
      <trkpt lat="41.32885" lon="1.92329">
        <ele>372.0</ele>
      </trkpt>
      <trkpt lat="41.32887" lon="1.92079">
        <ele>370.0</ele>
      </trkpt>
      <trkpt lat="41.32905" lon="1.92033">
        <ele>370.0</ele>
      </trkpt>
      <trkpt lat="41.32887" lon="1.91979">
        <ele>369.0</ele>
      </trkpt>
      <trkpt lat="41.32885" lon="1.91825">
        <ele>368.0</ele>
      </trkpt>
      <trkpt lat="41.3285" lon="1.91484">
        <ele>373.0</ele>
      </trkpt>
      <trkpt lat="41.32857" lon="1.91362">
        <ele>375.0</ele>
      </trkpt>
      <trkpt lat="41.3288" lon="1.91239">
        <ele>375.0</ele>
      </trkpt>
      <trkpt lat="41.32913" lon="1.91134">
        <ele>373.0</ele>
      </trkpt>
      <trkpt lat="41.32982" lon="1.91004">
        <ele>369.0</ele>
      </trkpt>
      <trkpt lat="41.3334" lon="1.90517">
        <ele>357.0</ele>
      </trkpt>
      <trkpt lat="41.33393" lon="1.9046">
        <ele>357.0</ele>
      </trkpt>
      <trkpt lat="41.33499" lon="1.90385">
        <ele>356.0</ele>
      </trkpt>
      <trkpt lat="41.33577" lon="1.90359">
        <ele>356.0</ele>
      </trkpt>
      <trkpt lat="41.33612" lon="1.90383">
        <ele>357.0</ele>
      </trkpt>
      <trkpt lat="41.3363" lon="1.90373">
        <ele>357.0</ele>
      </trkpt>
      <trkpt lat="41.33665" lon="1.90283">
        <ele>357.0</ele>
      </trkpt>
      <trkpt lat="41.33705" lon="1.90016">
        <ele>356.0</ele>
      </trkpt>
      <trkpt lat="41.33723" lon="1.89981">
        <ele>354.0</ele>
      </trkpt>
      <trkpt lat="41.33717" lon="1.8993">
        <ele>354.0</ele>
      </trkpt>
      <trkpt lat="41.33857" lon="1.89663">
        <ele>358.0</ele>
      </trkpt>
      <trkpt lat="41.33893" lon="1.89525">
        <ele>360.0</ele>
      </trkpt>
      <trkpt lat="41.33882" lon="1.89438">
        <ele>362.0</ele>
      </trkpt>
      <trkpt lat="41.33784" lon="1.89231">
        <ele>360.0</ele>
      </trkpt>
      <trkpt lat="41.33769" lon="1.89052">
        <ele>354.0</ele>
      </trkpt>
      <trkpt lat="41.33698" lon="1.88781">
        <ele>350.0</ele>
      </trkpt>
      <trkpt lat="41.33681" lon="1.88746">
        <ele>349.0</ele>
      </trkpt>
      <trkpt lat="41.33606" lon="1.88671">
        <ele>347.0</ele>
      </trkpt>
      <trkpt lat="41.33606" lon="1.88547">
        <ele>346.0</ele>
      </trkpt>
      <trkpt lat="41.33566" lon="1.88422">
        <ele>346.0</ele>
      </trkpt>
      <trkpt lat="41.33442" lon="1.88264">
        <ele>342.0</ele>
      </trkpt>
      <trkpt lat="41.33441" lon="1.88199">
        <ele>340.0</ele>
      </trkpt>
      <trkpt lat="41.33482" lon="1.88048">
        <ele>336.0</ele>
      </trkpt>
      <trkpt lat="41.33452" lon="1.87968">
        <ele>334.0</ele>
      </trkpt>
      <trkpt lat="41.33436" lon="1.87781">
        <ele>334.0</ele>
      </trkpt>
      <trkpt lat="41.33443" lon="1.87755">
        <ele>335.0</ele>
      </trkpt>
      <trkpt lat="41.33541" lon="1.8765">
        <ele>335.0</ele>
      </trkpt>
      <trkpt lat="41.33546" lon="1.87625">
        <ele>334.0</ele>
      </trkpt>
      <trkpt lat="41.33528" lon="1.87545">
        <ele>332.0</ele>
      </trkpt>
      <trkpt lat="41.3353" lon="1.87421">
        <ele>328.0</ele>
      </trkpt>
      <trkpt lat="41.33508" lon="1.87311">
        <ele>322.0</ele>
      </trkpt>
      <trkpt lat="41.33492" lon="1.87278">
        <ele>320.0</ele>
      </trkpt>
      <trkpt lat="41.33415" lon="1.87206">
        <ele>316.0</ele>
      </trkpt>
      <trkpt lat="41.33378" lon="1.87133">
        <ele>313.0</ele>
      </trkpt>
      <trkpt lat="41.33399" lon="1.87025">
        <ele>313.0</ele>
      </trkpt>
      <trkpt lat="41.33463" lon="1.86889">
        <ele>314.0</ele>
      </trkpt>
      <trkpt lat="41.33499" lon="1.86688">
        <ele>315.0</ele>
      </trkpt>
      <trkpt lat="41.33485" lon="1.86551">
        <ele>314.0</ele>
      </trkpt>
      <trkpt lat="41.33434" lon="1.86449">
        <ele>311.0</ele>
      </trkpt>
      <trkpt lat="41.33416" lon="1.86376">
        <ele>309.0</ele>
      </trkpt>
      <trkpt lat="41.33418" lon="1.86322">
        <ele>308.0</ele>
      </trkpt>
      <trkpt lat="41.33445" lon="1.86271">
        <ele>306.0</ele>
      </trkpt>
      <trkpt lat="41.33485" lon="1.86255">
        <ele>305.0</ele>
      </trkpt>
      <trkpt lat="41.33616" lon="1.86336">
        <ele>305.0</ele>
      </trkpt>
      <trkpt lat="41.33657" lon="1.86335">
        <ele>306.0</ele>
      </trkpt>
      <trkpt lat="41.33707" lon="1.86285">
        <ele>305.0</ele>
      </trkpt>
      <trkpt lat="41.33888" lon="1.85977">
        <ele>298.0</ele>
      </trkpt>
      <trkpt lat="41.33917" lon="1.85966">
        <ele>297.0</ele>
      </trkpt>
      <trkpt lat="41.34017" lon="1.86009">
        <ele>295.0</ele>
      </trkpt>
      <trkpt lat="41.34032" lon="1.86004">
        <ele>294.0</ele>
      </trkpt>
      <trkpt lat="41.34062" lon="1.85957">
        <ele>292.0</ele>
      </trkpt>
      <trkpt lat="41.34178" lon="1.85859">
        <ele>292.0</ele>
      </trkpt>
      <trkpt lat="41.34203" lon="1.85854">
        <ele>292.0</ele>
      </trkpt>
      <trkpt lat="41.34238" lon="1.85889">
        <ele>292.0</ele>
      </trkpt>
      <trkpt lat="41.34257" lon="1.85889">
        <ele>292.0</ele>
      </trkpt>
      <trkpt lat="41.34343" lon="1.8578">
        <ele>291.0</ele>
      </trkpt>
      <trkpt lat="41.34403" lon="1.8574">
        <ele>290.0</ele>
      </trkpt>
      <trkpt lat="41.34473" lon="1.85739">
        <ele>288.0</ele>
      </trkpt>
      <trkpt lat="41.34549" lon="1.85817">
        <ele>283.0</ele>
      </trkpt>
      <trkpt lat="41.3457" lon="1.85821">
        <ele>282.0</ele>
      </trkpt>
      <trkpt lat="41.34681" lon="1.85727">
        <ele>280.0</ele>
      </trkpt>
      <trkpt lat="41.34701" lon="1.85675">
        <ele>278.0</ele>
      </trkpt>
      <trkpt lat="41.34701" lon="1.85618">
        <ele>275.0</ele>
      </trkpt>
      <trkpt lat="41.34623" lon="1.8544">
        <ele>268.0</ele>
      </trkpt>
      <trkpt lat="41.34601" lon="1.85334">
        <ele>269.0</ele>
      </trkpt>
      <trkpt lat="41.34653" lon="1.84814">
        <ele>267.0</ele>
      </trkpt>
      <trkpt lat="41.34686" lon="1.84666">
        <ele>264.0</ele>
      </trkpt>
      <trkpt lat="41.34868" lon="1.84738">
        <ele>265.0</ele>
      </trkpt>
      <trkpt lat="41.35162" lon="1.85021">
        <ele>269.0</ele>
      </trkpt>
      <trkpt lat="41.35252" lon="1.85024">
        <ele>269.0</ele>
      </trkpt>
      <trkpt lat="41.35393" lon="1.85295">
        <ele>272.0</ele>
      </trkpt>
      <trkpt lat="41.35515" lon="1.85437">
        <ele>276.0</ele>
      </trkpt>
      <trkpt lat="41.35717" lon="1.85854">
        <ele>295.0</ele>
      </trkpt>
      <trkpt lat="41.3574" lon="1.85946">
        <ele>299.0</ele>
      </trkpt>
      <trkpt lat="41.35725" lon="1.86085">
        <ele>301.0</ele>
      </trkpt>
      <trkpt lat="41.35735" lon="1.86176">
        <ele>301.0</ele>
      </trkpt>
      <trkpt lat="41.35721" lon="1.86251">
        <ele>301.0</ele>
      </trkpt>
      <trkpt lat="41.35729" lon="1.86256">
        <ele>300.0</ele>
      </trkpt>
      <trkpt lat="41.35721" lon="1.86251">
        <ele>300.0</ele>
      </trkpt>
      <trkpt lat="41.357" lon="1.86308">
        <ele>299.0</ele>
      </trkpt>
      <trkpt lat="41.35699" lon="1.86338">
        <ele>299.0</ele>
      </trkpt>
      <trkpt lat="41.35717" lon="1.86357">
        <ele>298.0</ele>
      </trkpt>
      <trkpt lat="41.35786" lon="1.86363">
        <ele>300.0</ele>
      </trkpt>
      <trkpt lat="41.35881" lon="1.86396">
        <ele>309.0</ele>
      </trkpt>
      <trkpt lat="41.35895" lon="1.86473">
        <ele>313.0</ele>
      </trkpt>
      <trkpt lat="41.35869" lon="1.86582">
        <ele>316.0</ele>
      </trkpt>
      <trkpt lat="41.3588" lon="1.86691">
        <ele>320.0</ele>
      </trkpt>
      <trkpt lat="41.35851" lon="1.86848">
        <ele>324.0</ele>
      </trkpt>
      <trkpt lat="41.35821" lon="1.86901">
        <ele>327.0</ele>
      </trkpt>
      <trkpt lat="41.35874" lon="1.87001">
        <ele>330.0</ele>
      </trkpt>
      <trkpt lat="41.35888" lon="1.87075">
        <ele>332.0</ele>
      </trkpt>
      <trkpt lat="41.35856" lon="1.87103">
        <ele>333.0</ele>
      </trkpt>
      <trkpt lat="41.35786" lon="1.87078">
        <ele>335.0</ele>
      </trkpt>
      <trkpt lat="41.35771" lon="1.87112">
        <ele>337.0</ele>
      </trkpt>
      <trkpt lat="41.35778" lon="1.87341">
        <ele>342.0</ele>
      </trkpt>
      <trkpt lat="41.35809" lon="1.87592">
        <ele>347.0</ele>
      </trkpt>
      <trkpt lat="41.35822" lon="1.87632">
        <ele>351.0</ele>
      </trkpt>
      <trkpt lat="41.35842" lon="1.87652">
        <ele>352.0</ele>
      </trkpt>
      <trkpt lat="41.35866" lon="1.87665">
        <ele>353.0</ele>
      </trkpt>
      <trkpt lat="41.35928" lon="1.8766">
        <ele>356.0</ele>
      </trkpt>
      <trkpt lat="41.36017" lon="1.87825">
        <ele>360.0</ele>
      </trkpt>
      <trkpt lat="41.36016" lon="1.87933">
        <ele>367.0</ele>
      </trkpt>
      <trkpt lat="41.36057" lon="1.8801">
        <ele>370.0</ele>
      </trkpt>
      <trkpt lat="41.36044" lon="1.8806">
        <ele>370.0</ele>
      </trkpt>
      <trkpt lat="41.36" lon="1.88114">
        <ele>371.0</ele>
      </trkpt>
      <trkpt lat="41.35998" lon="1.88135">
        <ele>373.0</ele>
      </trkpt>
      <trkpt lat="41.36055" lon="1.88178">
        <ele>375.0</ele>
      </trkpt>
      <trkpt lat="41.36155" lon="1.88184">
        <ele>379.0</ele>
      </trkpt>
      <trkpt lat="41.36144" lon="1.88288">
        <ele>384.0</ele>
      </trkpt>
      <trkpt lat="41.36084" lon="1.88321">
        <ele>390.0</ele>
      </trkpt>
      <trkpt lat="41.36065" lon="1.88387">
        <ele>395.0</ele>
      </trkpt>
      <trkpt lat="41.36065" lon="1.88452">
        <ele>396.0</ele>
      </trkpt>
      <trkpt lat="41.36147" lon="1.88644">
        <ele>397.0</ele>
      </trkpt>
      <trkpt lat="41.36151" lon="1.88752">
        <ele>401.0</ele>
      </trkpt>
      <trkpt lat="41.36118" lon="1.88792">
        <ele>404.0</ele>
      </trkpt>
      <trkpt lat="41.36105" lon="1.88846">
        <ele>407.0</ele>
      </trkpt>
      <trkpt lat="41.36128" lon="1.88915">
        <ele>408.0</ele>
      </trkpt>
      <trkpt lat="41.36133" lon="1.89007">
        <ele>410.0</ele>
      </trkpt>
      <trkpt lat="41.36272" lon="1.89091">
        <ele>414.0</ele>
      </trkpt>
      <trkpt lat="41.36286" lon="1.89163">
        <ele>416.0</ele>
      </trkpt>
      <trkpt lat="41.363" lon="1.89162">
        <ele>417.0</ele>
      </trkpt>
      <trkpt lat="41.36414" lon="1.89409">
        <ele>423.0</ele>
      </trkpt>
      <trkpt lat="41.36461" lon="1.89646">
        <ele>434.0</ele>
      </trkpt>
      <trkpt lat="41.36513" lon="1.89758">
        <ele>432.0</ele>
      </trkpt>
      <trkpt lat="41.36553" lon="1.89806">
        <ele>429.0</ele>
      </trkpt>
      <trkpt lat="41.36662" lon="1.8981">
        <ele>422.0</ele>
      </trkpt>
      <trkpt lat="41.36733" lon="1.89855">
        <ele>418.0</ele>
      </trkpt>
      <trkpt lat="41.36797" lon="1.89942">
        <ele>407.0</ele>
      </trkpt>
      <trkpt lat="41.36887" lon="1.8996">
        <ele>398.0</ele>
      </trkpt>
      <trkpt lat="41.36955" lon="1.90002">
        <ele>389.0</ele>
      </trkpt>
      <trkpt lat="41.37017" lon="1.90018">
        <ele>384.0</ele>
      </trkpt>
      <trkpt lat="41.37105" lon="1.89978">
        <ele>368.0</ele>
      </trkpt>
      <trkpt lat="41.37117" lon="1.89925">
        <ele>361.0</ele>
      </trkpt>
      <trkpt lat="41.37133" lon="1.89924">
        <ele>358.0</ele>
      </trkpt>
      <trkpt lat="41.37116" lon="1.90007">
        <ele>355.0</ele>
      </trkpt>
      <trkpt lat="41.37083" lon="1.90051">
        <ele>353.0</ele>
      </trkpt>
      <trkpt lat="41.36995" lon="1.9011">
        <ele>345.0</ele>
      </trkpt>
      <trkpt lat="41.36939" lon="1.90177">
        <ele>334.0</ele>
      </trkpt>
      <trkpt lat="41.36867" lon="1.90195">
        <ele>322.0</ele>
      </trkpt>
      <trkpt lat="41.36858" lon="1.90229">
        <ele>315.0</ele>
      </trkpt>
      <trkpt lat="41.37039" lon="1.90303">
        <ele>303.0</ele>
      </trkpt>
      <trkpt lat="41.37065" lon="1.90323">
        <ele>298.0</ele>
      </trkpt>
      <trkpt lat="41.37122" lon="1.90419">
        <ele>287.0</ele>
      </trkpt>
      <trkpt lat="41.37209" lon="1.90448">
        <ele>280.0</ele>
      </trkpt>
      <trkpt lat="41.37293" lon="1.9063">
        <ele>271.0</ele>
      </trkpt>
      <trkpt lat="41.37375" lon="1.90665">
        <ele>273.0</ele>
      </trkpt>
      <trkpt lat="41.37453" lon="1.90798">
        <ele>271.0</ele>
      </trkpt>
      <trkpt lat="41.37539" lon="1.90893">
        <ele>267.0</ele>
      </trkpt>
      <trkpt lat="41.3755" lon="1.90936">
        <ele>263.0</ele>
      </trkpt>
      <trkpt lat="41.37591" lon="1.90988">
        <ele>261.0</ele>
      </trkpt>
      <trkpt lat="41.3764" lon="1.91034">
        <ele>258.0</ele>
      </trkpt>
      <trkpt lat="41.37733" lon="1.91089">
        <ele>256.0</ele>
      </trkpt>
      <trkpt lat="41.37772" lon="1.91262">
        <ele>257.0</ele>
      </trkpt>
      <trkpt lat="41.37779" lon="1.91399">
        <ele>252.0</ele>
      </trkpt>
      <trkpt lat="41.37809" lon="1.9148">
        <ele>249.0</ele>
      </trkpt>
      <trkpt lat="41.37901" lon="1.91853">
        <ele>238.0</ele>
      </trkpt>
      <trkpt lat="41.38003" lon="1.9198">
        <ele>228.0</ele>
      </trkpt>
      <trkpt lat="41.38014" lon="1.92011">
        <ele>226.0</ele>
      </trkpt>
      <trkpt lat="41.38005" lon="1.92064">
        <ele>224.0</ele>
      </trkpt>
      <trkpt lat="41.38012" lon="1.92088">
        <ele>224.0</ele>
      </trkpt>
      <trkpt lat="41.38037" lon="1.92095">
        <ele>224.0</ele>
      </trkpt>
      <trkpt lat="41.38058" lon="1.9206">
        <ele>225.0</ele>
      </trkpt>
      <trkpt lat="41.38076" lon="1.92057">
        <ele>226.0</ele>
      </trkpt>
      <trkpt lat="41.38159" lon="1.92209">
        <ele>226.0</ele>
      </trkpt>
      <trkpt lat="41.38175" lon="1.92281">
        <ele>222.0</ele>
      </trkpt>
      <trkpt lat="41.38165" lon="1.92442">
        <ele>213.0</ele>
      </trkpt>
      <trkpt lat="41.38203" lon="1.92534">
        <ele>210.0</ele>
      </trkpt>
      <trkpt lat="41.38228" lon="1.9263">
        <ele>210.0</ele>
      </trkpt>
      <trkpt lat="41.38224" lon="1.9265">
        <ele>209.0</ele>
      </trkpt>
      <trkpt lat="41.38235" lon="1.92654">
        <ele>209.0</ele>
      </trkpt>
      <trkpt lat="41.38276" lon="1.92813">
        <ele>210.0</ele>
      </trkpt>
      <trkpt lat="41.38465" lon="1.93151">
        <ele>202.0</ele>
      </trkpt>
      <trkpt lat="41.38509" lon="1.93183">
        <ele>198.0</ele>
      </trkpt>
      <trkpt lat="41.38826" lon="1.93178">
        <ele>188.0</ele>
      </trkpt>
      <trkpt lat="41.38874" lon="1.93232">
        <ele>185.0</ele>
      </trkpt>
      <trkpt lat="41.39003" lon="1.93707">
        <ele>170.0</ele>
      </trkpt>
      <trkpt lat="41.39006" lon="1.9376">
        <ele>167.0</ele>
      </trkpt>
      <trkpt lat="41.38918" lon="1.94302">
        <ele>153.0</ele>
      </trkpt>
      <trkpt lat="41.38908" lon="1.94313">
        <ele>149.0</ele>
      </trkpt>
      <trkpt lat="41.38893" lon="1.94469">
        <ele>145.0</ele>
      </trkpt>
      <trkpt lat="41.38865" lon="1.94508">
        <ele>145.0</ele>
      </trkpt>
      <trkpt lat="41.389" lon="1.94513">
        <ele>144.0</ele>
      </trkpt>
      <trkpt lat="41.3895" lon="1.946">
        <ele>145.0</ele>
      </trkpt>
      <trkpt lat="41.38992" lon="1.94634">
        <ele>146.0</ele>
      </trkpt>
      <trkpt lat="41.39182" lon="1.94724">
        <ele>145.0</ele>
      </trkpt>
      <trkpt lat="41.39236" lon="1.94763">
        <ele>142.0</ele>
      </trkpt>
      <trkpt lat="41.393" lon="1.94864">
        <ele>140.0</ele>
      </trkpt>
      <trkpt lat="41.39358" lon="1.95114">
        <ele>135.0</ele>
      </trkpt>
      <trkpt lat="41.39552" lon="1.95294">
        <ele>124.0</ele>
      </trkpt>
      <trkpt lat="41.39566" lon="1.95324">
        <ele>123.0</ele>
      </trkpt>
      <trkpt lat="41.39689" lon="1.96453">
        <ele>118.0</ele>
      </trkpt>
      <trkpt lat="41.39681" lon="1.96492">
        <ele>113.0</ele>
      </trkpt>
      <trkpt lat="41.39693" lon="1.965">
        <ele>112.0</ele>
      </trkpt>
      <trkpt lat="41.39701" lon="1.96551">
        <ele>110.0</ele>
      </trkpt>
      <trkpt lat="41.39746" lon="1.96966">
        <ele>98.0</ele>
      </trkpt>
      <trkpt lat="41.39738" lon="1.97027">
        <ele>89.0</ele>
      </trkpt>
      <trkpt lat="41.39769" lon="1.97066">
        <ele>85.0</ele>
      </trkpt>
      <trkpt lat="41.3977" lon="1.97181">
        <ele>80.0</ele>
      </trkpt>
      <trkpt lat="41.39818" lon="1.97346">
        <ele>77.0</ele>
      </trkpt>
      <trkpt lat="41.39841" lon="1.97483">
        <ele>77.0</ele>
      </trkpt>
      <trkpt lat="41.39923" lon="1.98251">
        <ele>67.0</ele>
      </trkpt>
      <trkpt lat="41.39984" lon="1.98439">
        <ele>64.0</ele>
      </trkpt>
      <trkpt lat="41.39972" lon="1.98509">
        <ele>63.0</ele>
      </trkpt>
      <trkpt lat="41.39983" lon="1.98576">
        <ele>62.0</ele>
      </trkpt>
      <trkpt lat="41.39972" lon="1.98615">
        <ele>61.0</ele>
      </trkpt>
      <trkpt lat="41.40007" lon="1.98634">
        <ele>60.0</ele>
      </trkpt>
      <trkpt lat="41.4003" lon="1.98667">
        <ele>59.0</ele>
      </trkpt>
      <trkpt lat="41.40309" lon="1.99298">
        <ele>49.0</ele>
      </trkpt>
      <trkpt lat="41.40312" lon="1.99342">
        <ele>46.0</ele>
      </trkpt>
      <trkpt lat="41.40343" lon="1.99386">
        <ele>46.0</ele>
      </trkpt>
      <trkpt lat="41.40555" lon="2.00312">
        <ele>32.0</ele>
      </trkpt>
      <trkpt lat="41.40795" lon="2.01102">
        <ele>25.0</ele>
      </trkpt>
      <trkpt lat="41.40944" lon="2.01551">
        <ele>28.0</ele>
      </trkpt>
      <trkpt lat="41.40979" lon="2.01548">
        <ele>28.0</ele>
      </trkpt>
      <trkpt lat="41.41158" lon="2.01383">
        <ele>28.0</ele>
      </trkpt>
      <trkpt lat="41.41375" lon="2.01245">
        <ele>28.0</ele>
      </trkpt>
      <trkpt lat="41.41378" lon="2.01256">
        <ele>28.0</ele>
      </trkpt>
      <trkpt lat="41.41428" lon="2.0123">
        <ele>28.0</ele>
      </trkpt>
      <trkpt lat="41.41443" lon="2.01338">
        <ele>30.0</ele>
      </trkpt>
      <trkpt lat="41.41466" lon="2.01792">
        <ele>37.0</ele>
      </trkpt>
      <trkpt lat="41.41578" lon="2.02152">
        <ele>48.0</ele>
      </trkpt>
      <trkpt lat="41.41692" lon="2.02329">
        <ele>59.0</ele>
      </trkpt>
      <trkpt lat="41.41824" lon="2.02408">
        <ele>65.0</ele>
      </trkpt>
      <trkpt lat="41.41895" lon="2.02402">
        <ele>68.0</ele>
      </trkpt>
      <trkpt lat="41.41931" lon="2.02463">
        <ele>69.0</ele>
      </trkpt>
      <trkpt lat="41.42065" lon="2.02592">
        <ele>73.0</ele>
      </trkpt>
      <trkpt lat="41.42159" lon="2.02726">
        <ele>79.0</ele>
      </trkpt>
      <trkpt lat="41.422" lon="2.02851">
        <ele>87.0</ele>
      </trkpt>
      <trkpt lat="41.42158" lon="2.02945">
        <ele>92.0</ele>
      </trkpt>
      <trkpt lat="41.4217" lon="2.03013">
        <ele>96.0</ele>
      </trkpt>
      <trkpt lat="41.42262" lon="2.0314">
        <ele>102.0</ele>
      </trkpt>
      <trkpt lat="41.42403" lon="2.03222">
        <ele>118.0</ele>
      </trkpt>
      <trkpt lat="41.42471" lon="2.03315">
        <ele>123.0</ele>
      </trkpt>
      <trkpt lat="41.42551" lon="2.03502">
        <ele>128.0</ele>
      </trkpt>
      <trkpt lat="41.42607" lon="2.03573">
        <ele>137.0</ele>
      </trkpt>
      <trkpt lat="41.42621" lon="2.03745">
        <ele>149.0</ele>
      </trkpt>
      <trkpt lat="41.42641" lon="2.03818">
        <ele>152.0</ele>
      </trkpt>
      <trkpt lat="41.42744" lon="2.03998">
        <ele>162.0</ele>
      </trkpt>
      <trkpt lat="41.42737" lon="2.04143">
        <ele>176.0</ele>
      </trkpt>
      <trkpt lat="41.42871" lon="2.0429">
        <ele>189.0</ele>
      </trkpt>
      <trkpt lat="41.4287" lon="2.04307">
        <ele>190.0</ele>
      </trkpt>
      <trkpt lat="41.42804" lon="2.04347">
        <ele>191.0</ele>
      </trkpt>
      <trkpt lat="41.42865" lon="2.04457">
        <ele>196.0</ele>
      </trkpt>
      <trkpt lat="41.42862" lon="2.04484">
        <ele>204.0</ele>
      </trkpt>
      <trkpt lat="41.4284" lon="2.04504">
        <ele>206.0</ele>
      </trkpt>
      <trkpt lat="41.42827" lon="2.04543">
        <ele>211.0</ele>
      </trkpt>
      <trkpt lat="41.42795" lon="2.04554">
        <ele>214.0</ele>
      </trkpt>
      <trkpt lat="41.42787" lon="2.04628">
        <ele>216.0</ele>
      </trkpt>
      <trkpt lat="41.42691" lon="2.04618">
        <ele>217.0</ele>
      </trkpt>
      <trkpt lat="41.42678" lon="2.04641">
        <ele>219.0</ele>
      </trkpt>
      <trkpt lat="41.42683" lon="2.04665">
        <ele>221.0</ele>
      </trkpt>
      <trkpt lat="41.42817" lon="2.04755">
        <ele>239.0</ele>
      </trkpt>
      <trkpt lat="41.42871" lon="2.04812">
        <ele>242.0</ele>
      </trkpt>
      <trkpt lat="41.429" lon="2.04874">
        <ele>243.0</ele>
      </trkpt>
      <trkpt lat="41.42889" lon="2.04896">
        <ele>244.0</ele>
      </trkpt>
      <trkpt lat="41.429" lon="2.04874">
        <ele>245.0</ele>
      </trkpt>
      <trkpt lat="41.42948" lon="2.04966">
        <ele>253.0</ele>
      </trkpt>
      <trkpt lat="41.42928" lon="2.05053">
        <ele>265.0</ele>
      </trkpt>
      <trkpt lat="41.43013" lon="2.0515">
        <ele>276.0</ele>
      </trkpt>
      <trkpt lat="41.43048" lon="2.05278">
        <ele>280.0</ele>
      </trkpt>
      <trkpt lat="41.4305" lon="2.0533">
        <ele>283.0</ele>
      </trkpt>
      <trkpt lat="41.43112" lon="2.05397">
        <ele>291.0</ele>
      </trkpt>
      <trkpt lat="41.43075" lon="2.05458">
        <ele>296.0</ele>
      </trkpt>
      <trkpt lat="41.43045" lon="2.05555">
        <ele>300.0</ele>
      </trkpt>
      <trkpt lat="41.42987" lon="2.05596">
        <ele>305.0</ele>
      </trkpt>
      <trkpt lat="41.42914" lon="2.05701">
        <ele>310.0</ele>
      </trkpt>
      <trkpt lat="41.42878" lon="2.05793">
        <ele>313.0</ele>
      </trkpt>
      <trkpt lat="41.42845" lon="2.05839">
        <ele>315.0</ele>
      </trkpt>
      <trkpt lat="41.42819" lon="2.05948">
        <ele>321.0</ele>
      </trkpt>
      <trkpt lat="41.42854" lon="2.06027">
        <ele>319.0</ele>
      </trkpt>
      <trkpt lat="41.42869" lon="2.06132">
        <ele>313.0</ele>
      </trkpt>
      <trkpt lat="41.42693" lon="2.06152">
        <ele>317.0</ele>
      </trkpt>
      <trkpt lat="41.42605" lon="2.06202">
        <ele>322.0</ele>
      </trkpt>
      <trkpt lat="41.4255" lon="2.06213">
        <ele>328.0</ele>
      </trkpt>
      <trkpt lat="41.42283" lon="2.06128">
        <ele>342.0</ele>
      </trkpt>
      <trkpt lat="41.42185" lon="2.06133">
        <ele>344.0</ele>
      </trkpt>
      <trkpt lat="41.42135" lon="2.06105">
        <ele>346.0</ele>
      </trkpt>
      <trkpt lat="41.41964" lon="2.06158">
        <ele>351.0</ele>
      </trkpt>
      <trkpt lat="41.4192" lon="2.06139">
        <ele>352.0</ele>
      </trkpt>
      <trkpt lat="41.41848" lon="2.06077">
        <ele>354.0</ele>
      </trkpt>
      <trkpt lat="41.41806" lon="2.06075">
        <ele>353.0</ele>
      </trkpt>
      <trkpt lat="41.41775" lon="2.06008">
        <ele>350.0</ele>
      </trkpt>
      <trkpt lat="41.41707" lon="2.05968">
        <ele>345.0</ele>
      </trkpt>
      <trkpt lat="41.41686" lon="2.05941">
        <ele>343.0</ele>
      </trkpt>
      <trkpt lat="41.41646" lon="2.05937">
        <ele>340.0</ele>
      </trkpt>
      <trkpt lat="41.41614" lon="2.05907">
        <ele>337.0</ele>
      </trkpt>
      <trkpt lat="41.41597" lon="2.05913">
        <ele>336.0</ele>
      </trkpt>
      <trkpt lat="41.41579" lon="2.05937">
        <ele>334.0</ele>
      </trkpt>
      <trkpt lat="41.41578" lon="2.05981">
        <ele>333.0</ele>
      </trkpt>
      <trkpt lat="41.41595" lon="2.0601">
        <ele>333.0</ele>
      </trkpt>
      <trkpt lat="41.41663" lon="2.0606">
        <ele>335.0</ele>
      </trkpt>
      <trkpt lat="41.41674" lon="2.06105">
        <ele>337.0</ele>
      </trkpt>
      <trkpt lat="41.41674" lon="2.062">
        <ele>339.0</ele>
      </trkpt>
      <trkpt lat="41.41726" lon="2.06281">
        <ele>343.0</ele>
      </trkpt>
      <trkpt lat="41.41726" lon="2.06338">
        <ele>346.0</ele>
      </trkpt>
      <trkpt lat="41.41701" lon="2.06398">
        <ele>349.0</ele>
      </trkpt>
      <trkpt lat="41.41697" lon="2.06454">
        <ele>352.0</ele>
      </trkpt>
      <trkpt lat="41.41705" lon="2.06483">
        <ele>354.0</ele>
      </trkpt>
      <trkpt lat="41.41776" lon="2.06542">
        <ele>360.0</ele>
      </trkpt>
      <trkpt lat="41.41789" lon="2.06655">
        <ele>363.0</ele>
      </trkpt>
      <trkpt lat="41.41773" lon="2.06727">
        <ele>369.0</ele>
      </trkpt>
      <trkpt lat="41.41855" lon="2.06817">
        <ele>375.0</ele>
      </trkpt>
      <trkpt lat="41.41965" lon="2.0703">
        <ele>383.0</ele>
      </trkpt>
      <trkpt lat="41.41939" lon="2.07137">
        <ele>390.0</ele>
      </trkpt>
      <trkpt lat="41.41905" lon="2.07184">
        <ele>393.0</ele>
      </trkpt>
      <trkpt lat="41.41864" lon="2.07195">
        <ele>395.0</ele>
      </trkpt>
      <trkpt lat="41.41785" lon="2.0729">
        <ele>396.0</ele>
      </trkpt>
      <trkpt lat="41.41747" lon="2.07439">
        <ele>405.0</ele>
      </trkpt>
      <trkpt lat="41.41635" lon="2.07613">
        <ele>415.0</ele>
      </trkpt>
      <trkpt lat="41.4153" lon="2.07645">
        <ele>423.0</ele>
      </trkpt>
      <trkpt lat="41.41508" lon="2.07666">
        <ele>422.0</ele>
      </trkpt>
      <trkpt lat="41.41491" lon="2.0776">
        <ele>420.0</ele>
      </trkpt>
      <trkpt lat="41.4143" lon="2.07809">
        <ele>419.0</ele>
      </trkpt>
      <trkpt lat="41.41425" lon="2.07908">
        <ele>419.0</ele>
      </trkpt>
      <trkpt lat="41.41409" lon="2.07976">
        <ele>419.0</ele>
      </trkpt>
      <trkpt lat="41.41326" lon="2.08054">
        <ele>416.0</ele>
      </trkpt>
      <trkpt lat="41.41307" lon="2.08112">
        <ele>413.0</ele>
      </trkpt>
      <trkpt lat="41.41288" lon="2.08113">
        <ele>412.0</ele>
      </trkpt>
      <trkpt lat="41.41212" lon="2.08063">
        <ele>404.0</ele>
      </trkpt>
      <trkpt lat="41.41173" lon="2.08079">
        <ele>397.0</ele>
      </trkpt>
      <trkpt lat="41.411" lon="2.08065">
        <ele>389.0</ele>
      </trkpt>
      <trkpt lat="41.41088" lon="2.0808">
        <ele>385.0</ele>
      </trkpt>
      <trkpt lat="41.41099" lon="2.08135">
        <ele>384.0</ele>
      </trkpt>
      <trkpt lat="41.41087" lon="2.08169">
        <ele>384.0</ele>
      </trkpt>
      <trkpt lat="41.41017" lon="2.08236">
        <ele>386.0</ele>
      </trkpt>
      <trkpt lat="41.40974" lon="2.08198">
        <ele>386.0</ele>
      </trkpt>
      <trkpt lat="41.40949" lon="2.08199">
        <ele>385.0</ele>
      </trkpt>
      <trkpt lat="41.409" lon="2.08244">
        <ele>382.0</ele>
      </trkpt>
      <trkpt lat="41.40873" lon="2.08313">
        <ele>378.0</ele>
      </trkpt>
      <trkpt lat="41.40832" lon="2.08307">
        <ele>373.0</ele>
      </trkpt>
      <trkpt lat="41.40781" lon="2.08231">
        <ele>365.0</ele>
      </trkpt>
      <trkpt lat="41.40719" lon="2.08261">
        <ele>355.0</ele>
      </trkpt>
      <trkpt lat="41.40734" lon="2.08334">
        <ele>349.0</ele>
      </trkpt>
      <trkpt lat="41.40779" lon="2.08423">
        <ele>344.0</ele>
      </trkpt>
      <trkpt lat="41.40762" lon="2.08521">
        <ele>341.0</ele>
      </trkpt>
      <trkpt lat="41.40766" lon="2.08555">
        <ele>338.0</ele>
      </trkpt>
      <trkpt lat="41.40816" lon="2.08598">
        <ele>336.0</ele>
      </trkpt>
      <trkpt lat="41.40872" lon="2.08615">
        <ele>335.0</ele>
      </trkpt>
      <trkpt lat="41.40881" lon="2.08633">
        <ele>334.0</ele>
      </trkpt>
      <trkpt lat="41.40829" lon="2.08766">
        <ele>330.0</ele>
      </trkpt>
      <trkpt lat="41.40801" lon="2.08974">
        <ele>322.0</ele>
      </trkpt>
      <trkpt lat="41.40802" lon="2.09008">
        <ele>320.0</ele>
      </trkpt>
      <trkpt lat="41.40829" lon="2.09078">
        <ele>317.0</ele>
      </trkpt>
      <trkpt lat="41.40805" lon="2.09168">
        <ele>315.0</ele>
      </trkpt>
      <trkpt lat="41.40807" lon="2.09259">
        <ele>317.0</ele>
      </trkpt>
      <trkpt lat="41.40762" lon="2.09333">
        <ele>321.0</ele>
      </trkpt>
      <trkpt lat="41.40691" lon="2.09292">
        <ele>325.0</ele>
      </trkpt>
      <trkpt lat="41.40667" lon="2.09315">
        <ele>326.0</ele>
      </trkpt>
      <trkpt lat="41.40675" lon="2.09339">
        <ele>327.0</ele>
      </trkpt>
      <trkpt lat="41.4073" lon="2.09395">
        <ele>328.0</ele>
      </trkpt>
      <trkpt lat="41.40755" lon="2.09469">
        <ele>330.0</ele>
      </trkpt>
      <trkpt lat="41.40752" lon="2.0965">
        <ele>335.0</ele>
      </trkpt>
      <trkpt lat="41.40833" lon="2.09713">
        <ele>340.0</ele>
      </trkpt>
      <trkpt lat="41.40854" lon="2.09765">
        <ele>343.0</ele>
      </trkpt>
      <trkpt lat="41.40847" lon="2.09835">
        <ele>346.0</ele>
      </trkpt>
      <trkpt lat="41.40814" lon="2.09891">
        <ele>349.0</ele>
      </trkpt>
      <trkpt lat="41.40783" lon="2.10012">
        <ele>351.0</ele>
      </trkpt>
      <trkpt lat="41.40742" lon="2.10064">
        <ele>353.0</ele>
      </trkpt>
      <trkpt lat="41.40722" lon="2.10134">
        <ele>352.0</ele>
      </trkpt>
      <trkpt lat="41.40735" lon="2.10159">
        <ele>351.0</ele>
      </trkpt>
      <trkpt lat="41.40813" lon="2.10185">
        <ele>347.0</ele>
      </trkpt>
      <trkpt lat="41.40859" lon="2.10247">
        <ele>344.0</ele>
      </trkpt>
      <trkpt lat="41.40968" lon="2.10284">
        <ele>338.0</ele>
      </trkpt>
      <trkpt lat="41.40972" lon="2.10357">
        <ele>332.0</ele>
      </trkpt>
      <trkpt lat="41.41013" lon="2.10414">
        <ele>327.0</ele>
      </trkpt>
      <trkpt lat="41.40982" lon="2.10497">
        <ele>322.0</ele>
      </trkpt>
      <trkpt lat="41.40976" lon="2.1056">
        <ele>318.0</ele>
      </trkpt>
      <trkpt lat="41.40964" lon="2.10535">
        <ele>315.0</ele>
      </trkpt>
      <trkpt lat="41.4098" lon="2.10425">
        <ele>314.0</ele>
      </trkpt>
      <trkpt lat="41.40938" lon="2.10391">
        <ele>314.0</ele>
      </trkpt>
      <trkpt lat="41.40907" lon="2.1034">
        <ele>313.0</ele>
      </trkpt>
      <trkpt lat="41.40843" lon="2.10352">
        <ele>312.0</ele>
      </trkpt>
      <trkpt lat="41.40786" lon="2.10319">
        <ele>310.0</ele>
      </trkpt>
      <trkpt lat="41.40739" lon="2.10349">
        <ele>308.0</ele>
      </trkpt>
      <trkpt lat="41.40717" lon="2.10438">
        <ele>303.0</ele>
      </trkpt>
      <trkpt lat="41.40638" lon="2.10427">
        <ele>300.0</ele>
      </trkpt>
      <trkpt lat="41.40607" lon="2.10456">
        <ele>296.0</ele>
      </trkpt>
      <trkpt lat="41.40605" lon="2.10495">
        <ele>294.0</ele>
      </trkpt>
      <trkpt lat="41.40646" lon="2.10552">
        <ele>292.0</ele>
      </trkpt>
      <trkpt lat="41.40646" lon="2.10623">
        <ele>289.0</ele>
      </trkpt>
      <trkpt lat="41.40699" lon="2.1065">
        <ele>287.0</ele>
      </trkpt>
      <trkpt lat="41.40714" lon="2.10674">
        <ele>285.0</ele>
      </trkpt>
      <trkpt lat="41.40713" lon="2.10707">
        <ele>284.0</ele>
      </trkpt>
      <trkpt lat="41.40689" lon="2.10765">
        <ele>281.0</ele>
      </trkpt>
      <trkpt lat="41.40733" lon="2.10822">
        <ele>276.0</ele>
      </trkpt>
      <trkpt lat="41.40776" lon="2.10927">
        <ele>267.0</ele>
      </trkpt>
      <trkpt lat="41.40758" lon="2.10997">
        <ele>259.0</ele>
      </trkpt>
      <trkpt lat="41.40768" lon="2.11056">
        <ele>251.0</ele>
      </trkpt>
      <trkpt lat="41.40724" lon="2.11141">
        <ele>249.0</ele>
      </trkpt>
      <trkpt lat="41.407" lon="2.11146">
        <ele>249.0</ele>
      </trkpt>
      <trkpt lat="41.40652" lon="2.11014">
        <ele>247.0</ele>
      </trkpt>
      <trkpt lat="41.40586" lon="2.1101">
        <ele>242.0</ele>
      </trkpt>
      <trkpt lat="41.40546" lon="2.10971">
        <ele>237.0</ele>
      </trkpt>
      <trkpt lat="41.40532" lon="2.10973">
        <ele>234.0</ele>
      </trkpt>
      <trkpt lat="41.40529" lon="2.10995">
        <ele>232.0</ele>
      </trkpt>
      <trkpt lat="41.40589" lon="2.11041">
        <ele>230.0</ele>
      </trkpt>
      <trkpt lat="41.40639" lon="2.11046">
        <ele>227.0</ele>
      </trkpt>
      <trkpt lat="41.4065" lon="2.11163">
        <ele>223.0</ele>
      </trkpt>
      <trkpt lat="41.40693" lon="2.11247">
        <ele>220.0</ele>
      </trkpt>
      <trkpt lat="41.40743" lon="2.11236">
        <ele>218.0</ele>
      </trkpt>
      <trkpt lat="41.40799" lon="2.11184">
        <ele>215.0</ele>
      </trkpt>
      <trkpt lat="41.40848" lon="2.11089">
        <ele>212.0</ele>
      </trkpt>
      <trkpt lat="41.40855" lon="2.11022">
        <ele>210.0</ele>
      </trkpt>
      <trkpt lat="41.40868" lon="2.11002">
        <ele>209.0</ele>
      </trkpt>
      <trkpt lat="41.40884" lon="2.11011">
        <ele>208.0</ele>
      </trkpt>
      <trkpt lat="41.40897" lon="2.1113">
        <ele>203.0</ele>
      </trkpt>
      <trkpt lat="41.4085" lon="2.11237">
        <ele>196.0</ele>
      </trkpt>
      <trkpt lat="41.40696" lon="2.11372">
        <ele>188.0</ele>
      </trkpt>
      <trkpt lat="41.40668" lon="2.11419">
        <ele>185.0</ele>
      </trkpt>
      <trkpt lat="41.40484" lon="2.11619">
        <ele>173.0</ele>
      </trkpt>
      <trkpt lat="41.40414" lon="2.11729">
        <ele>163.0</ele>
      </trkpt>
      <trkpt lat="41.40442" lon="2.11768">
        <ele>159.0</ele>
      </trkpt>
      <trkpt lat="41.40445" lon="2.11808">
        <ele>155.0</ele>
      </trkpt>
      <trkpt lat="41.40496" lon="2.1184">
        <ele>154.0</ele>
      </trkpt>
      <trkpt lat="41.40585" lon="2.12023">
        <ele>155.0</ele>
      </trkpt>
      <trkpt lat="41.40164" lon="2.12449">
        <ele>134.0</ele>
      </trkpt>
      <trkpt lat="41.39778" lon="2.12815">
        <ele>111.0</ele>
      </trkpt>
      <trkpt lat="41.3978" lon="2.13934">
        <ele>100.0</ele>
      </trkpt>
      <trkpt lat="41.39803" lon="2.14101">
        <ele>97.0</ele>
      </trkpt>
      <trkpt lat="41.39844" lon="2.14228">
        <ele>98.0</ele>
      </trkpt>
      <trkpt lat="41.39888" lon="2.1432">
        <ele>97.0</ele>
      </trkpt>
      <trkpt lat="41.38735" lon="2.15847">
        <ele>47.0</ele>
      </trkpt>
      <trkpt lat="41.37801" lon="2.14599">
        <ele>39.0</ele>
      </trkpt>
      <trkpt lat="41.37575" lon="2.14885">
        <ele>43.0</ele>
      </trkpt>
      <trkpt lat="41.37548" lon="2.14892">
        <ele>44.0</ele>
      </trkpt>
      <trkpt lat="41.37511" lon="2.14854">
        <ele>44.0</ele>
      </trkpt>
      <trkpt lat="41.3748" lon="2.14861">
        <ele>44.0</ele>
      </trkpt>
      <trkpt lat="41.37437" lon="2.14949">
        <ele>41.0</ele>
      </trkpt>
      <trkpt lat="41.37162" lon="2.15127">
        <ele>39.0</ele>
      </trkpt>
      <trkpt lat="41.37158" lon="2.15144">
        <ele>39.0</ele>
      </trkpt>
      <trkpt lat="41.37174" lon="2.15163">
        <ele>40.0</ele>
      </trkpt>
      <trkpt lat="41.37302" lon="2.15513">
        <ele>40.0</ele>
      </trkpt>
      <trkpt lat="41.37391" lon="2.15466">
        <ele>38.0</ele>
      </trkpt>
      <trkpt lat="41.37494" lon="2.15609">
        <ele>34.0</ele>
      </trkpt>
      <trkpt lat="41.37489" lon="2.16966">
        <ele>22.0</ele>
      </trkpt>
      <trkpt lat="41.3747" lon="2.17312">
        <ele>16.0</ele>
      </trkpt>
      <trkpt lat="41.37235" lon="2.17199">
        <ele>22.0</ele>
      </trkpt>
      <trkpt lat="41.37223" lon="2.17105">
        <ele>25.0</ele>
      </trkpt>
      <trkpt lat="41.37181" lon="2.16957">
        <ele>30.0</ele>
      </trkpt>
      <trkpt lat="41.37112" lon="2.16896">
        <ele>36.0</ele>
      </trkpt>
      <trkpt lat="41.37089" lon="2.16774">
        <ele>41.0</ele>
      </trkpt>
      <trkpt lat="41.37074" lon="2.16758">
        <ele>44.0</ele>
      </trkpt>
      <trkpt lat="41.37059" lon="2.16762">
        <ele>45.0</ele>
      </trkpt>
      <trkpt lat="41.37045" lon="2.16805">
        <ele>47.0</ele>
      </trkpt>
      <trkpt lat="41.37074" lon="2.17035">
        <ele>62.0</ele>
      </trkpt>
      <trkpt lat="41.37053" lon="2.17052">
        <ele>67.0</ele>
      </trkpt>
      <trkpt lat="41.36991" lon="2.16759">
        <ele>76.0</ele>
      </trkpt>
      <trkpt lat="41.36983" lon="2.16765">
        <ele>80.0</ele>
      </trkpt>
      <trkpt lat="41.3698" lon="2.16872">
        <ele>85.0</ele>
      </trkpt>
      <trkpt lat="41.36945" lon="2.17014">
        <ele>91.0</ele>
      </trkpt>
      <trkpt lat="41.36933" lon="2.17024">
        <ele>94.0</ele>
      </trkpt>
      <trkpt lat="41.36913" lon="2.17011">
        <ele>97.0</ele>
      </trkpt>
      <trkpt lat="41.36868" lon="2.169">
        <ele>103.0</ele>
      </trkpt>
      <trkpt lat="41.36774" lon="2.16869">
        <ele>113.0</ele>
      </trkpt>
      <trkpt lat="41.3666" lon="2.16776">
        <ele>131.0</ele>
      </trkpt>
      <trkpt lat="41.36496" lon="2.16729">
        <ele>156.0</ele>
      </trkpt>
      <trkpt lat="41.36501" lon="2.16683">
        <ele>169.0</ele>
      </trkpt>
      <trkpt lat="41.36455" lon="2.16535">
        <ele>173.0</ele>
      </trkpt>
      <trkpt lat="41.36458" lon="2.16375">
        <ele>170.0</ele>
      </trkpt>
      <trkpt lat="41.36428" lon="2.16176">
        <ele>157.0</ele>
      </trkpt>
      <trkpt lat="41.36379" lon="2.16132">
        <ele>154.0</ele>
      </trkpt>
      <trkpt lat="41.36225" lon="2.16147">
        <ele>153.0</ele>
      </trkpt>
      <trkpt lat="41.36179" lon="2.16088">
        <ele>153.0</ele>
      </trkpt>
      <trkpt lat="41.36093" lon="2.15899">
        <ele>148.0</ele>
      </trkpt>
      <trkpt lat="41.35982" lon="2.15799">
        <ele>139.0</ele>
      </trkpt>
      <trkpt lat="41.35958" lon="2.15758">
        <ele>131.0</ele>
      </trkpt>
      <trkpt lat="41.3596" lon="2.15692">
        <ele>125.0</ele>
      </trkpt>
      <trkpt lat="41.36002" lon="2.15608">
        <ele>121.0</ele>
      </trkpt>
      <trkpt lat="41.36004" lon="2.15574">
        <ele>117.0</ele>
      </trkpt>
      <trkpt lat="41.35991" lon="2.15532">
        <ele>114.0</ele>
      </trkpt>
      <trkpt lat="41.35911" lon="2.15459">
        <ele>105.0</ele>
      </trkpt>
      <trkpt lat="41.359" lon="2.15392">
        <ele>97.0</ele>
      </trkpt>
      <trkpt lat="41.35916" lon="2.15352">
        <ele>93.0</ele>
      </trkpt>
      <trkpt lat="41.36069" lon="2.15197">
        <ele>73.0</ele>
      </trkpt>
      <trkpt lat="41.36158" lon="2.15309">
        <ele>75.0</ele>
      </trkpt>
      <trkpt lat="41.36242" lon="2.15568">
        <ele>84.0</ele>
      </trkpt>
      <trkpt lat="41.36312" lon="2.15685">
        <ele>96.0</ele>
      </trkpt>
      <trkpt lat="41.36381" lon="2.15737">
        <ele>104.0</ele>
      </trkpt>
      <trkpt lat="41.3646" lon="2.15764">
        <ele>106.0</ele>
      </trkpt>
      <trkpt lat="41.36528" lon="2.15752">
        <ele>104.0</ele>
      </trkpt>
      <trkpt lat="41.36584" lon="2.15703">
        <ele>102.0</ele>
      </trkpt>
      <trkpt lat="41.36618" lon="2.15598">
        <ele>103.0</ele>
      </trkpt>
      <trkpt lat="41.36607" lon="2.15496">
        <ele>104.0</ele>
      </trkpt>
      <trkpt lat="41.36611" lon="2.15362">
        <ele>102.0</ele>
      </trkpt>
      <trkpt lat="41.3665" lon="2.15152">
        <ele>93.0</ele>
      </trkpt>
      <trkpt lat="41.36659" lon="2.15043">
        <ele>93.0</ele>
      </trkpt>
      <trkpt lat="41.36644" lon="2.14935">
        <ele>90.0</ele>
      </trkpt>
      <trkpt lat="41.36572" lon="2.14786">
        <ele>84.0</ele>
      </trkpt>
      <trkpt lat="41.36548" lon="2.14708">
        <ele>81.0</ele>
      </trkpt>
      <trkpt lat="41.3655" lon="2.14625">
        <ele>76.0</ele>
      </trkpt>
      <trkpt lat="41.36503" lon="2.14601">
        <ele>73.0</ele>
      </trkpt>
      <trkpt lat="41.36414" lon="2.14617">
        <ele>69.0</ele>
      </trkpt>
      <trkpt lat="41.36321" lon="2.14611">
        <ele>56.0</ele>
      </trkpt>
      <trkpt lat="41.36304" lon="2.14625">
        <ele>52.0</ele>
      </trkpt>
      <trkpt lat="41.36242" lon="2.14765">
        <ele>52.0</ele>
      </trkpt>
      <trkpt lat="41.36151" lon="2.14876">
        <ele>55.0</ele>
      </trkpt>
      <trkpt lat="41.35979" lon="2.14973">
        <ele>50.0</ele>
      </trkpt>
      <trkpt lat="41.3597" lon="2.14877">
        <ele>48.0</ele>
      </trkpt>
      <trkpt lat="41.36003" lon="2.14699">
        <ele>39.0</ele>
      </trkpt>
      <trkpt lat="41.35983" lon="2.14595">
        <ele>33.0</ele>
      </trkpt>
      <trkpt lat="41.35891" lon="2.14436">
        <ele>22.0</ele>
      </trkpt>
      <trkpt lat="41.35707" lon="2.14305">
        <ele>14.0</ele>
      </trkpt>
      <trkpt lat="41.35662" lon="2.14247">
        <ele>12.0</ele>
      </trkpt>
      <trkpt lat="41.3563" lon="2.14172">
        <ele>12.0</ele>
      </trkpt>
      <trkpt lat="41.36052" lon="2.13866">
        <ele>14.0</ele>
      </trkpt>
      <trkpt lat="41.3618" lon="2.14177">
        <ele>24.0</ele>
      </trkpt>
      <trkpt lat="41.36207" lon="2.14201">
        <ele>27.0</ele>
      </trkpt>
      <trkpt lat="41.36246" lon="2.142">
        <ele>30.0</ele>
      </trkpt>
      <trkpt lat="41.36301" lon="2.14165">
        <ele>33.0</ele>
      </trkpt>
      <trkpt lat="41.36336" lon="2.14134">
        <ele>34.0</ele>
      </trkpt>
      <trkpt lat="41.36385" lon="2.14054">
        <ele>35.0</ele>
      </trkpt>
      <trkpt lat="41.36428" lon="2.1402">
        <ele>35.0</ele>
      </trkpt>
      <trkpt lat="41.36489" lon="2.14015">
        <ele>36.0</ele>
      </trkpt>
      <trkpt lat="41.36519" lon="2.14042">
        <ele>38.0</ele>
      </trkpt>
      <trkpt lat="41.36548" lon="2.14113">
        <ele>41.0</ele>
      </trkpt>
      <trkpt lat="41.3654" lon="2.14155">
        <ele>43.0</ele>
      </trkpt>
      <trkpt lat="41.36446" lon="2.14328">
        <ele>51.0</ele>
      </trkpt>
      <trkpt lat="41.36389" lon="2.144">
        <ele>55.0</ele>
      </trkpt>
      <trkpt lat="41.36514" lon="2.14483">
        <ele>58.0</ele>
      </trkpt>
      <trkpt lat="41.36561" lon="2.14487">
        <ele>59.0</ele>
      </trkpt>
      <trkpt lat="41.3668" lon="2.14347">
        <ele>58.0</ele>
      </trkpt>
      <trkpt lat="41.36728" lon="2.14332">
        <ele>59.0</ele>
      </trkpt>
      <trkpt lat="41.36775" lon="2.14377">
        <ele>61.0</ele>
      </trkpt>
      <trkpt lat="41.36826" lon="2.14485">
        <ele>65.0</ele>
      </trkpt>
      <trkpt lat="41.36819" lon="2.14518">
        <ele>66.0</ele>
      </trkpt>
      <trkpt lat="41.36858" lon="2.14532">
        <ele>67.0</ele>
      </trkpt>
      <trkpt lat="41.36916" lon="2.14587">
        <ele>66.0</ele>
      </trkpt>
      <trkpt lat="41.36947" lon="2.14674">
        <ele>66.0</ele>
      </trkpt>
      <trkpt lat="41.3695" lon="2.14874">
        <ele>58.0</ele>
      </trkpt>
      <trkpt lat="41.36983" lon="2.14922">
        <ele>54.0</ele>
      </trkpt>
      <trkpt lat="41.37098" lon="2.1497">
        <ele>46.0</ele>
      </trkpt>
      <trkpt lat="41.37302" lon="2.15513">
        <ele>40.0</ele>
      </trkpt>
      <trkpt lat="41.37391" lon="2.15466">
        <ele>38.0</ele>
      </trkpt>
      <trkpt lat="41.37494" lon="2.15609">
        <ele>34.0</ele>
      </trkpt>
      <trkpt lat="41.37489" lon="2.16966">
        <ele>22.0</ele>
      </trkpt>
      <trkpt lat="41.3747" lon="2.17313">
        <ele>16.0</ele>
      </trkpt>
      <trkpt lat="41.37235" lon="2.17199">
        <ele>21.0</ele>
      </trkpt>
      <trkpt lat="41.37223" lon="2.17105">
        <ele>24.0</ele>
      </trkpt>
      <trkpt lat="41.37181" lon="2.16957">
        <ele>30.0</ele>
      </trkpt>
      <trkpt lat="41.37112" lon="2.16896">
        <ele>37.0</ele>
      </trkpt>
      <trkpt lat="41.37089" lon="2.16774">
        <ele>41.0</ele>
      </trkpt>
      <trkpt lat="41.37074" lon="2.16758">
        <ele>44.0</ele>
      </trkpt>
      <trkpt lat="41.37059" lon="2.16762">
        <ele>46.0</ele>
      </trkpt>
      <trkpt lat="41.37045" lon="2.16805">
        <ele>49.0</ele>
      </trkpt>
      <trkpt lat="41.37074" lon="2.17035">
        <ele>62.0</ele>
      </trkpt>
      <trkpt lat="41.37053" lon="2.17052">
        <ele>66.0</ele>
      </trkpt>
      <trkpt lat="41.36991" lon="2.16759">
        <ele>76.0</ele>
      </trkpt>
      <trkpt lat="41.36983" lon="2.16765">
        <ele>80.0</ele>
      </trkpt>
      <trkpt lat="41.3698" lon="2.16872">
        <ele>85.0</ele>
      </trkpt>
      <trkpt lat="41.36945" lon="2.17014">
        <ele>91.0</ele>
      </trkpt>
      <trkpt lat="41.36933" lon="2.17024">
        <ele>94.0</ele>
      </trkpt>
      <trkpt lat="41.36913" lon="2.17011">
        <ele>97.0</ele>
      </trkpt>
      <trkpt lat="41.36868" lon="2.169">
        <ele>103.0</ele>
      </trkpt>
      <trkpt lat="41.36774" lon="2.16869">
        <ele>113.0</ele>
      </trkpt>
      <trkpt lat="41.3666" lon="2.16776">
        <ele>129.0</ele>
      </trkpt>
      <trkpt lat="41.36496" lon="2.16729">
        <ele>162.0</ele>
      </trkpt>
      <trkpt lat="41.36501" lon="2.16683">
        <ele>171.0</ele>
      </trkpt>
      <trkpt lat="41.36455" lon="2.16534">
        <ele>174.0</ele>
      </trkpt>
      <trkpt lat="41.36458" lon="2.16375">
        <ele>170.0</ele>
      </trkpt>
      <trkpt lat="41.36428" lon="2.16176">
        <ele>157.0</ele>
      </trkpt>
      <trkpt lat="41.36379" lon="2.16132">
        <ele>154.0</ele>
      </trkpt>
      <trkpt lat="41.36225" lon="2.16147">
        <ele>153.0</ele>
      </trkpt>
      <trkpt lat="41.36179" lon="2.16088">
        <ele>153.0</ele>
      </trkpt>
      <trkpt lat="41.36093" lon="2.15899">
        <ele>148.0</ele>
      </trkpt>
      <trkpt lat="41.35968" lon="2.15783">
        <ele>135.0</ele>
      </trkpt>
      <trkpt lat="41.35956" lon="2.1571">
        <ele>126.0</ele>
      </trkpt>
      <trkpt lat="41.36002" lon="2.15608">
        <ele>121.0</ele>
      </trkpt>
      <trkpt lat="41.36003" lon="2.15565">
        <ele>116.0</ele>
      </trkpt>
      <trkpt lat="41.35991" lon="2.15532">
        <ele>112.0</ele>
      </trkpt>
      <trkpt lat="41.35911" lon="2.15459">
        <ele>104.0</ele>
      </trkpt>
      <trkpt lat="41.359" lon="2.15392">
        <ele>97.0</ele>
      </trkpt>
      <trkpt lat="41.35916" lon="2.15352">
        <ele>93.0</ele>
      </trkpt>
      <trkpt lat="41.36069" lon="2.15197">
        <ele>73.0</ele>
      </trkpt>
      <trkpt lat="41.36158" lon="2.15309">
        <ele>75.0</ele>
      </trkpt>
      <trkpt lat="41.36242" lon="2.15568">
        <ele>84.0</ele>
      </trkpt>
      <trkpt lat="41.36312" lon="2.15685">
        <ele>95.0</ele>
      </trkpt>
      <trkpt lat="41.36381" lon="2.15737">
        <ele>107.0</ele>
      </trkpt>
      <trkpt lat="41.3646" lon="2.15764">
        <ele>107.0</ele>
      </trkpt>
      <trkpt lat="41.36501" lon="2.15762">
        <ele>105.0</ele>
      </trkpt>
      <trkpt lat="41.36559" lon="2.1573">
        <ele>102.0</ele>
      </trkpt>
      <trkpt lat="41.36605" lon="2.15658">
        <ele>102.0</ele>
      </trkpt>
      <trkpt lat="41.36618" lon="2.15598">
        <ele>103.0</ele>
      </trkpt>
      <trkpt lat="41.36607" lon="2.15496">
        <ele>105.0</ele>
      </trkpt>
      <trkpt lat="41.36611" lon="2.15362">
        <ele>102.0</ele>
      </trkpt>
      <trkpt lat="41.36659" lon="2.15084">
        <ele>93.0</ele>
      </trkpt>
      <trkpt lat="41.36644" lon="2.14935">
        <ele>89.0</ele>
      </trkpt>
      <trkpt lat="41.36558" lon="2.14745">
        <ele>83.0</ele>
      </trkpt>
      <trkpt lat="41.36548" lon="2.14708">
        <ele>81.0</ele>
      </trkpt>
      <trkpt lat="41.3655" lon="2.14625">
        <ele>78.0</ele>
      </trkpt>
      <trkpt lat="41.36514" lon="2.14602">
        <ele>74.0</ele>
      </trkpt>
      <trkpt lat="41.36423" lon="2.14616">
        <ele>69.0</ele>
      </trkpt>
      <trkpt lat="41.36321" lon="2.14611">
        <ele>57.0</ele>
      </trkpt>
      <trkpt lat="41.36304" lon="2.14625">
        <ele>53.0</ele>
      </trkpt>
      <trkpt lat="41.36242" lon="2.14765">
        <ele>52.0</ele>
      </trkpt>
      <trkpt lat="41.36151" lon="2.14876">
        <ele>54.0</ele>
      </trkpt>
      <trkpt lat="41.35997" lon="2.14973">
        <ele>55.0</ele>
      </trkpt>
      <trkpt lat="41.35973" lon="2.14968">
        <ele>53.0</ele>
      </trkpt>
      <trkpt lat="41.3597" lon="2.14877">
        <ele>49.0</ele>
      </trkpt>
      <trkpt lat="41.36003" lon="2.14699">
        <ele>39.0</ele>
      </trkpt>
      <trkpt lat="41.35983" lon="2.14595">
        <ele>33.0</ele>
      </trkpt>
      <trkpt lat="41.35891" lon="2.14436">
        <ele>22.0</ele>
      </trkpt>
      <trkpt lat="41.35707" lon="2.14305">
        <ele>14.0</ele>
      </trkpt>
      <trkpt lat="41.35662" lon="2.14247">
        <ele>12.0</ele>
      </trkpt>
      <trkpt lat="41.3563" lon="2.14172">
        <ele>12.0</ele>
      </trkpt>
      <trkpt lat="41.36052" lon="2.13866">
        <ele>15.0</ele>
      </trkpt>
      <trkpt lat="41.3618" lon="2.14177">
        <ele>24.0</ele>
      </trkpt>
      <trkpt lat="41.36207" lon="2.14201">
        <ele>27.0</ele>
      </trkpt>
      <trkpt lat="41.36246" lon="2.142">
        <ele>29.0</ele>
      </trkpt>
      <trkpt lat="41.36301" lon="2.14165">
        <ele>33.0</ele>
      </trkpt>
      <trkpt lat="41.36336" lon="2.14134">
        <ele>34.0</ele>
      </trkpt>
      <trkpt lat="41.36385" lon="2.14054">
        <ele>35.0</ele>
      </trkpt>
      <trkpt lat="41.36428" lon="2.1402">
        <ele>35.0</ele>
      </trkpt>
      <trkpt lat="41.36489" lon="2.14015">
        <ele>36.0</ele>
      </trkpt>
      <trkpt lat="41.36519" lon="2.14042">
        <ele>38.0</ele>
      </trkpt>
      <trkpt lat="41.36548" lon="2.14113">
        <ele>41.0</ele>
      </trkpt>
      <trkpt lat="41.3654" lon="2.14155">
        <ele>43.0</ele>
      </trkpt>
      <trkpt lat="41.36446" lon="2.14328">
        <ele>51.0</ele>
      </trkpt>
      <trkpt lat="41.36389" lon="2.144">
        <ele>56.0</ele>
      </trkpt>
      <trkpt lat="41.36541" lon="2.1449">
        <ele>59.0</ele>
      </trkpt>
      <trkpt lat="41.36578" lon="2.14474">
        <ele>59.0</ele>
      </trkpt>
      <trkpt lat="41.36697" lon="2.14336">
        <ele>58.0</ele>
      </trkpt>
      <trkpt lat="41.36728" lon="2.14332">
        <ele>59.0</ele>
      </trkpt>
      <trkpt lat="41.36758" lon="2.14351">
        <ele>60.0</ele>
      </trkpt>
      <trkpt lat="41.36826" lon="2.14485">
        <ele>63.0</ele>
      </trkpt>
      <trkpt lat="41.36819" lon="2.14518">
        <ele>65.0</ele>
      </trkpt>
      <trkpt lat="41.36892" lon="2.14559">
        <ele>66.0</ele>
      </trkpt>
      <trkpt lat="41.36936" lon="2.14633">
        <ele>66.0</ele>
      </trkpt>
      <trkpt lat="41.36951" lon="2.14711">
        <ele>65.0</ele>
      </trkpt>
      <trkpt lat="41.36943" lon="2.14838">
        <ele>60.0</ele>
      </trkpt>
      <trkpt lat="41.36963" lon="2.14902">
        <ele>56.0</ele>
      </trkpt>
      <trkpt lat="41.37006" lon="2.14935">
        <ele>53.0</ele>
      </trkpt>
      <trkpt lat="41.37076" lon="2.14951">
        <ele>49.0</ele>
      </trkpt>
      <trkpt lat="41.37098" lon="2.1497">
        <ele>46.0</ele>
      </trkpt>
      <trkpt lat="41.37302" lon="2.15513">
        <ele>40.0</ele>
      </trkpt>
      <trkpt lat="41.37391" lon="2.15466">
        <ele>38.0</ele>
      </trkpt>
      <trkpt lat="41.37494" lon="2.15609">
        <ele>34.0</ele>
      </trkpt>
      <trkpt lat="41.37489" lon="2.16966">
        <ele>22.0</ele>
      </trkpt>
      <trkpt lat="41.3747" lon="2.17313">
        <ele>16.0</ele>
      </trkpt>
      <trkpt lat="41.37235" lon="2.17199">
        <ele>21.0</ele>
      </trkpt>
      <trkpt lat="41.37223" lon="2.17105">
        <ele>24.0</ele>
      </trkpt>
      <trkpt lat="41.37181" lon="2.16957">
        <ele>30.0</ele>
      </trkpt>
      <trkpt lat="41.37112" lon="2.16896">
        <ele>37.0</ele>
      </trkpt>
      <trkpt lat="41.37089" lon="2.16774">
        <ele>41.0</ele>
      </trkpt>
      <trkpt lat="41.37074" lon="2.16758">
        <ele>44.0</ele>
      </trkpt>
      <trkpt lat="41.37059" lon="2.16762">
        <ele>46.0</ele>
      </trkpt>
      <trkpt lat="41.37045" lon="2.16803">
        <ele>49.0</ele>
      </trkpt>
      <trkpt lat="41.37074" lon="2.17035">
        <ele>62.0</ele>
      </trkpt>
      <trkpt lat="41.37053" lon="2.17052">
        <ele>67.0</ele>
      </trkpt>
      <trkpt lat="41.36991" lon="2.16759">
        <ele>76.0</ele>
      </trkpt>
      <trkpt lat="41.36983" lon="2.16765">
        <ele>80.0</ele>
      </trkpt>
      <trkpt lat="41.3698" lon="2.16872">
        <ele>85.0</ele>
      </trkpt>
      <trkpt lat="41.36945" lon="2.17014">
        <ele>91.0</ele>
      </trkpt>
      <trkpt lat="41.36933" lon="2.17024">
        <ele>94.0</ele>
      </trkpt>
      <trkpt lat="41.36913" lon="2.17011">
        <ele>97.0</ele>
      </trkpt>
      <trkpt lat="41.36868" lon="2.169">
        <ele>103.0</ele>
      </trkpt>
      <trkpt lat="41.36774" lon="2.16869">
        <ele>113.0</ele>
      </trkpt>
      <trkpt lat="41.3666" lon="2.16776">
        <ele>129.0</ele>
      </trkpt>
      <trkpt lat="41.36496" lon="2.16729">
        <ele>161.0</ele>
      </trkpt>
      <trkpt lat="41.36501" lon="2.16683">
        <ele>170.0</ele>
      </trkpt>
      <trkpt lat="41.36455" lon="2.16534">
        <ele>174.0</ele>
      </trkpt>
      <trkpt lat="41.36458" lon="2.16375">
        <ele>170.0</ele>
      </trkpt>
      <trkpt lat="41.36428" lon="2.16176">
        <ele>157.0</ele>
      </trkpt>
      <trkpt lat="41.36379" lon="2.16132">
        <ele>154.0</ele>
      </trkpt>
      <trkpt lat="41.36225" lon="2.16147">
        <ele>153.0</ele>
      </trkpt>
      <trkpt lat="41.36179" lon="2.16088">
        <ele>153.0</ele>
      </trkpt>
      <trkpt lat="41.36093" lon="2.15899">
        <ele>148.0</ele>
      </trkpt>
      <trkpt lat="41.35968" lon="2.15783">
        <ele>135.0</ele>
      </trkpt>
      <trkpt lat="41.35956" lon="2.1571">
        <ele>126.0</ele>
      </trkpt>
      <trkpt lat="41.36002" lon="2.15608">
        <ele>121.0</ele>
      </trkpt>
      <trkpt lat="41.36004" lon="2.15574">
        <ele>117.0</ele>
      </trkpt>
      <trkpt lat="41.35991" lon="2.15532">
        <ele>114.0</ele>
      </trkpt>
      <trkpt lat="41.35911" lon="2.15459">
        <ele>105.0</ele>
      </trkpt>
      <trkpt lat="41.35899" lon="2.15415">
        <ele>99.0</ele>
      </trkpt>
      <trkpt lat="41.35906" lon="2.15369">
        <ele>95.0</ele>
      </trkpt>
      <trkpt lat="41.36069" lon="2.15197">
        <ele>73.0</ele>
      </trkpt>
      <trkpt lat="41.36158" lon="2.15309">
        <ele>75.0</ele>
      </trkpt>
      <trkpt lat="41.36242" lon="2.15568">
        <ele>84.0</ele>
      </trkpt>
      <trkpt lat="41.36274" lon="2.15634">
        <ele>89.0</ele>
      </trkpt>
      <trkpt lat="41.36312" lon="2.15685">
        <ele>95.0</ele>
      </trkpt>
      <trkpt lat="41.36388" lon="2.1574">
        <ele>106.0</ele>
      </trkpt>
    </trkseg>
  </trk>
</gpx>