<?xml version="1.0" encoding="UTF-8"?>
<gpx xmlns="http://www.topografix.com/GPX/1/1" xmlns:xsi="http://www.w3.org/2001/XMLSchema-instance" xsi:schemaLocation="http://www.topografix.com/GPX/1/1 http://www.topografix.com/GPX/1/1/gpx.xsd" version="1.1" creator="wattsfit-ingest">
  <metadata>
    <name>Tour de France 2026 — Stage 18</name>
  </metadata>
  <trk>
    <name>Tour de France 2026 — Stage 18</name>
    <trkseg>
      <trkpt lat="45.36756" lon="5.58987">
        <ele>297.3</ele>
      </trkpt>
      <trkpt lat="45.36918" lon="5.58442">
        <ele>310.0</ele>
      </trkpt>
      <trkpt lat="45.36703" lon="5.58526">
        <ele>302.8</ele>
      </trkpt>
      <trkpt lat="45.36699" lon="5.58484">
        <ele>302.8</ele>
      </trkpt>
      <trkpt lat="45.36661" lon="5.58307">
        <ele>302.2</ele>
      </trkpt>
      <trkpt lat="45.3652" lon="5.58382">
        <ele>298.6</ele>
      </trkpt>
      <trkpt lat="45.36489" lon="5.5835">
        <ele>298.6</ele>
      </trkpt>
      <trkpt lat="45.36375" lon="5.58423">
        <ele>294.4</ele>
      </trkpt>
      <trkpt lat="45.36333" lon="5.58481">
        <ele>294.4</ele>
      </trkpt>
      <trkpt lat="45.36277" lon="5.58628">
        <ele>291.7</ele>
      </trkpt>
      <trkpt lat="45.362" lon="5.58836">
        <ele>289.2</ele>
      </trkpt>
      <trkpt lat="45.36122" lon="5.59071">
        <ele>280.1</ele>
      </trkpt>
      <trkpt lat="45.36057" lon="5.5907">
        <ele>279.7</ele>
      </trkpt>
      <trkpt lat="45.35986" lon="5.5909">
        <ele>278.9</ele>
      </trkpt>
      <trkpt lat="45.35944" lon="5.59136">
        <ele>278.2</ele>
      </trkpt>
      <trkpt lat="45.35884" lon="5.59169">
        <ele>277.9</ele>
      </trkpt>
      <trkpt lat="45.35781" lon="5.5926">
        <ele>275.9</ele>
      </trkpt>
      <trkpt lat="45.35675" lon="5.59323">
        <ele>273.7</ele>
      </trkpt>
      <trkpt lat="45.35637" lon="5.5934">
        <ele>273.7</ele>
      </trkpt>
      <trkpt lat="45.3559" lon="5.59337">
        <ele>273.7</ele>
      </trkpt>
      <trkpt lat="45.35471" lon="5.59279">
        <ele>270.4</ele>
      </trkpt>
      <trkpt lat="45.35415" lon="5.5927">
        <ele>269.8</ele>
      </trkpt>
      <trkpt lat="45.35346" lon="5.59284">
        <ele>268.6</ele>
      </trkpt>
      <trkpt lat="45.35297" lon="5.59268">
        <ele>267.9</ele>
      </trkpt>
      <trkpt lat="45.35154" lon="5.59022">
        <ele>263.1</ele>
      </trkpt>
      <trkpt lat="45.34978" lon="5.58699">
        <ele>256.8</ele>
      </trkpt>
      <trkpt lat="45.34947" lon="5.58656">
        <ele>256.8</ele>
      </trkpt>
      <trkpt lat="45.34823" lon="5.58513">
        <ele>254.2</ele>
      </trkpt>
      <trkpt lat="45.34793" lon="5.58461">
        <ele>254.0</ele>
      </trkpt>
      <trkpt lat="45.34788" lon="5.58385">
        <ele>253.5</ele>
      </trkpt>
      <trkpt lat="45.34795" lon="5.58268">
        <ele>253.0</ele>
      </trkpt>
      <trkpt lat="45.34802" lon="5.58205">
        <ele>252.6</ele>
      </trkpt>
      <trkpt lat="45.34836" lon="5.58087">
        <ele>252.2</ele>
      </trkpt>
      <trkpt lat="45.34836" lon="5.58022">
        <ele>251.9</ele>
      </trkpt>
      <trkpt lat="45.34781" lon="5.5788">
        <ele>251.4</ele>
      </trkpt>
      <trkpt lat="45.34717" lon="5.57596">
        <ele>248.9</ele>
      </trkpt>
      <trkpt lat="45.34634" lon="5.57338">
        <ele>245.2</ele>
      </trkpt>
      <trkpt lat="45.34611" lon="5.57275">
        <ele>244.8</ele>
      </trkpt>
      <trkpt lat="45.34576" lon="5.57215">
        <ele>244.1</ele>
      </trkpt>
      <trkpt lat="45.34561" lon="5.57168">
        <ele>243.8</ele>
      </trkpt>
      <trkpt lat="45.34435" lon="5.5694">
        <ele>240.2</ele>
      </trkpt>
      <trkpt lat="45.34331" lon="5.56781">
        <ele>237.4</ele>
      </trkpt>
      <trkpt lat="45.34214" lon="5.56628">
        <ele>234.9</ele>
      </trkpt>
      <trkpt lat="45.34183" lon="5.56576">
        <ele>234.9</ele>
      </trkpt>
      <trkpt lat="45.34122" lon="5.56418">
        <ele>232.7</ele>
      </trkpt>
      <trkpt lat="45.34097" lon="5.56374">
        <ele>232.7</ele>
      </trkpt>
      <trkpt lat="45.3396" lon="5.56199">
        <ele>229.6</ele>
      </trkpt>
      <trkpt lat="45.33854" lon="5.56073">
        <ele>227.6</ele>
      </trkpt>
      <trkpt lat="45.33606" lon="5.55888">
        <ele>222.3</ele>
      </trkpt>
      <trkpt lat="45.3353" lon="5.55847">
        <ele>222.3</ele>
      </trkpt>
      <trkpt lat="45.33415" lon="5.55801">
        <ele>219.5</ele>
      </trkpt>
      <trkpt lat="45.33329" lon="5.55776">
        <ele>219.5</ele>
      </trkpt>
      <trkpt lat="45.33058" lon="5.55734">
        <ele>212.3</ele>
      </trkpt>
      <trkpt lat="45.3296" lon="5.55701">
        <ele>211.6</ele>
      </trkpt>
      <trkpt lat="45.32784" lon="5.55574">
        <ele>208.9</ele>
      </trkpt>
      <trkpt lat="45.3273" lon="5.55517">
        <ele>208.8</ele>
      </trkpt>
      <trkpt lat="45.32713" lon="5.55483">
        <ele>208.7</ele>
      </trkpt>
      <trkpt lat="45.32627" lon="5.55252">
        <ele>209.6</ele>
      </trkpt>
      <trkpt lat="45.32608" lon="5.55214">
        <ele>209.6</ele>
      </trkpt>
      <trkpt lat="45.32461" lon="5.54986">
        <ele>206.8</ele>
      </trkpt>
      <trkpt lat="45.32383" lon="5.54769">
        <ele>202.1</ele>
      </trkpt>
      <trkpt lat="45.32343" lon="5.54499">
        <ele>201.9</ele>
      </trkpt>
      <trkpt lat="45.32334" lon="5.53925">
        <ele>201.6</ele>
      </trkpt>
      <trkpt lat="45.32327" lon="5.53809">
        <ele>201.6</ele>
      </trkpt>
      <trkpt lat="45.32206" lon="5.53135">
        <ele>201.8</ele>
      </trkpt>
      <trkpt lat="45.32191" lon="5.53075">
        <ele>201.8</ele>
      </trkpt>
      <trkpt lat="45.32067" lon="5.52705">
        <ele>193.8</ele>
      </trkpt>
      <trkpt lat="45.31968" lon="5.52364">
        <ele>195.5</ele>
      </trkpt>
      <trkpt lat="45.31943" lon="5.52256">
        <ele>195.5</ele>
      </trkpt>
      <trkpt lat="45.31894" lon="5.52138">
        <ele>197.0</ele>
      </trkpt>
      <trkpt lat="45.31876" lon="5.52057">
        <ele>197.0</ele>
      </trkpt>
      <trkpt lat="45.31829" lon="5.51985">
        <ele>197.1</ele>
      </trkpt>
      <trkpt lat="45.31754" lon="5.51853">
        <ele>197.4</ele>
      </trkpt>
      <trkpt lat="45.31299" lon="5.51017">
        <ele>195.6</ele>
      </trkpt>
      <trkpt lat="45.3127" lon="5.50957">
        <ele>195.6</ele>
      </trkpt>
      <trkpt lat="45.30946" lon="5.49905">
        <ele>204.2</ele>
      </trkpt>
      <trkpt lat="45.30937" lon="5.49847">
        <ele>204.2</ele>
      </trkpt>
      <trkpt lat="45.30919" lon="5.49651">
        <ele>207.5</ele>
      </trkpt>
      <trkpt lat="45.30907" lon="5.49611">
        <ele>207.5</ele>
      </trkpt>
      <trkpt lat="45.30888" lon="5.49582">
        <ele>208.1</ele>
      </trkpt>
      <trkpt lat="45.3082" lon="5.49524">
        <ele>210.1</ele>
      </trkpt>
      <trkpt lat="45.3075" lon="5.49448">
        <ele>211.2</ele>
      </trkpt>
      <trkpt lat="45.30614" lon="5.49211">
        <ele>213.8</ele>
      </trkpt>
      <trkpt lat="45.30584" lon="5.49151">
        <ele>213.8</ele>
      </trkpt>
      <trkpt lat="45.30441" lon="5.48991">
        <ele>213.8</ele>
      </trkpt>
      <trkpt lat="45.3037" lon="5.48974">
        <ele>212.5</ele>
      </trkpt>
      <trkpt lat="45.30341" lon="5.48955">
        <ele>211.8</ele>
      </trkpt>
      <trkpt lat="45.303" lon="5.48939">
        <ele>210.7</ele>
      </trkpt>
      <trkpt lat="45.30248" lon="5.48944">
        <ele>207.4</ele>
      </trkpt>
      <trkpt lat="45.30198" lon="5.48976">
        <ele>205.1</ele>
      </trkpt>
      <trkpt lat="45.30155" lon="5.49032">
        <ele>203.9</ele>
      </trkpt>
      <trkpt lat="45.30104" lon="5.4918">
        <ele>198.6</ele>
      </trkpt>
      <trkpt lat="45.30051" lon="5.49157">
        <ele>198.6</ele>
      </trkpt>
      <trkpt lat="45.29936" lon="5.49546">
        <ele>193.8</ele>
      </trkpt>
      <trkpt lat="45.29879" lon="5.497">
        <ele>192.7</ele>
      </trkpt>
      <trkpt lat="45.29748" lon="5.50008">
        <ele>189.4</ele>
      </trkpt>
      <trkpt lat="45.29682" lon="5.5015">
        <ele>187.2</ele>
      </trkpt>
      <trkpt lat="45.29441" lon="5.50728">
        <ele>184.8</ele>
      </trkpt>
      <trkpt lat="45.29422" lon="5.50758">
        <ele>184.8</ele>
      </trkpt>
      <trkpt lat="45.28846" lon="5.52119">
        <ele>184.5</ele>
      </trkpt>
      <trkpt lat="45.28814" lon="5.52151">
        <ele>184.5</ele>
      </trkpt>
      <trkpt lat="45.28824" lon="5.52199">
        <ele>184.5</ele>
      </trkpt>
      <trkpt lat="45.28762" lon="5.52311">
        <ele>184.3</ele>
      </trkpt>
      <trkpt lat="45.28712" lon="5.52428">
        <ele>184.9</ele>
      </trkpt>
      <trkpt lat="45.28597" lon="5.52745">
        <ele>181.4</ele>
      </trkpt>
      <trkpt lat="45.28444" lon="5.5314">
        <ele>183.2</ele>
      </trkpt>
      <trkpt lat="45.28378" lon="5.53278">
        <ele>183.8</ele>
      </trkpt>
      <trkpt lat="45.28272" lon="5.53459">
        <ele>184.2</ele>
      </trkpt>
      <trkpt lat="45.28021" lon="5.5385">
        <ele>189.4</ele>
      </trkpt>
      <trkpt lat="45.27985" lon="5.53896">
        <ele>189.4</ele>
      </trkpt>
      <trkpt lat="45.28078" lon="5.54111">
        <ele>185.2</ele>
      </trkpt>
      <trkpt lat="45.28317" lon="5.54711">
        <ele>185.8</ele>
      </trkpt>
      <trkpt lat="45.28353" lon="5.54812">
        <ele>185.8</ele>
      </trkpt>
      <trkpt lat="45.28499" lon="5.55353">
        <ele>186.2</ele>
      </trkpt>
      <trkpt lat="45.29258" lon="5.57943">
        <ele>197.0</ele>
      </trkpt>
      <trkpt lat="45.29289" lon="5.58062">
        <ele>197.0</ele>
      </trkpt>
      <trkpt lat="45.29344" lon="5.58644">
        <ele>203.1</ele>
      </trkpt>
      <trkpt lat="45.29361" lon="5.58713">
        <ele>203.1</ele>
      </trkpt>
      <trkpt lat="45.29426" lon="5.58923">
        <ele>198.0</ele>
      </trkpt>
      <trkpt lat="45.29467" lon="5.59022">
        <ele>198.0</ele>
      </trkpt>
      <trkpt lat="45.29654" lon="5.59316">
        <ele>196.4</ele>
      </trkpt>
      <trkpt lat="45.29737" lon="5.59521">
        <ele>196.5</ele>
      </trkpt>
      <trkpt lat="45.29799" lon="5.59602">
        <ele>196.5</ele>
      </trkpt>
      <trkpt lat="45.299" lon="5.59703">
        <ele>195.1</ele>
      </trkpt>
      <trkpt lat="45.30015" lon="5.59912">
        <ele>192.7</ele>
      </trkpt>
      <trkpt lat="45.3008" lon="5.60015">
        <ele>191.7</ele>
      </trkpt>
      <trkpt lat="45.30108" lon="5.60068">
        <ele>191.7</ele>
      </trkpt>
      <trkpt lat="45.30124" lon="5.60125">
        <ele>191.7</ele>
      </trkpt>
      <trkpt lat="45.30128" lon="5.60277">
        <ele>192.6</ele>
      </trkpt>
      <trkpt lat="45.30125" lon="5.60349">
        <ele>192.7</ele>
      </trkpt>
      <trkpt lat="45.30119" lon="5.6039">
        <ele>192.7</ele>
      </trkpt>
      <trkpt lat="45.30095" lon="5.60463">
        <ele>192.8</ele>
      </trkpt>
      <trkpt lat="45.30033" lon="5.60574">
        <ele>193.9</ele>
      </trkpt>
      <trkpt lat="45.29571" lon="5.61292">
        <ele>194.4</ele>
      </trkpt>
      <trkpt lat="45.29527" lon="5.61342">
        <ele>194.4</ele>
      </trkpt>
      <trkpt lat="45.29454" lon="5.61402">
        <ele>194.4</ele>
      </trkpt>
      <trkpt lat="45.29342" lon="5.6146">
        <ele>194.3</ele>
      </trkpt>
      <trkpt lat="45.29239" lon="5.61503">
        <ele>194.2</ele>
      </trkpt>
      <trkpt lat="45.29071" lon="5.61556">
        <ele>194.4</ele>
      </trkpt>
      <trkpt lat="45.28049" lon="5.61774">
        <ele>194.6</ele>
      </trkpt>
      <trkpt lat="45.27737" lon="5.61792">
        <ele>195.3</ele>
      </trkpt>
      <trkpt lat="45.27228" lon="5.61909">
        <ele>195.2</ele>
      </trkpt>
      <trkpt lat="45.27143" lon="5.61918">
        <ele>194.9</ele>
      </trkpt>
      <trkpt lat="45.27082" lon="5.61945">
        <ele>194.6</ele>
      </trkpt>
      <trkpt lat="45.26937" lon="5.62067">
        <ele>195.7</ele>
      </trkpt>
      <trkpt lat="45.26889" lon="5.62088">
        <ele>195.7</ele>
      </trkpt>
      <trkpt lat="45.26855" lon="5.62074">
        <ele>195.8</ele>
      </trkpt>
      <trkpt lat="45.26826" lon="5.62008">
        <ele>195.9</ele>
      </trkpt>
      <trkpt lat="45.26793" lon="5.62079">
        <ele>195.8</ele>
      </trkpt>
      <trkpt lat="45.26758" lon="5.62133">
        <ele>195.7</ele>
      </trkpt>
      <trkpt lat="45.26716" lon="5.62173">
        <ele>195.6</ele>
      </trkpt>
      <trkpt lat="45.26654" lon="5.62215">
        <ele>195.6</ele>
      </trkpt>
      <trkpt lat="45.26433" lon="5.62339">
        <ele>195.4</ele>
      </trkpt>
      <trkpt lat="45.26377" lon="5.62366">
        <ele>195.5</ele>
      </trkpt>
      <trkpt lat="45.26345" lon="5.62371">
        <ele>195.5</ele>
      </trkpt>
      <trkpt lat="45.26307" lon="5.62411">
        <ele>195.5</ele>
      </trkpt>
      <trkpt lat="45.26226" lon="5.62451">
        <ele>195.6</ele>
      </trkpt>
      <trkpt lat="45.26004" lon="5.62576">
        <ele>195.6</ele>
      </trkpt>
      <trkpt lat="45.25948" lon="5.62607">
        <ele>195.6</ele>
      </trkpt>
      <trkpt lat="45.25895" lon="5.62645">
        <ele>195.7</ele>
      </trkpt>
      <trkpt lat="45.25519" lon="5.6286">
        <ele>195.6</ele>
      </trkpt>
      <trkpt lat="45.25393" lon="5.62922">
        <ele>195.8</ele>
      </trkpt>
      <trkpt lat="45.25215" lon="5.63033">
        <ele>195.9</ele>
      </trkpt>
      <trkpt lat="45.25047" lon="5.63129">
        <ele>196.3</ele>
      </trkpt>
      <trkpt lat="45.24993" lon="5.63148">
        <ele>196.2</ele>
      </trkpt>
      <trkpt lat="45.2492" lon="5.63201">
        <ele>196.2</ele>
      </trkpt>
      <trkpt lat="45.24756" lon="5.63294">
        <ele>196.2</ele>
      </trkpt>
      <trkpt lat="45.24703" lon="5.63306">
        <ele>196.2</ele>
      </trkpt>
      <trkpt lat="45.24303" lon="5.63214">
        <ele>198.8</ele>
      </trkpt>
      <trkpt lat="45.24172" lon="5.63199">
        <ele>199.3</ele>
      </trkpt>
      <trkpt lat="45.24139" lon="5.63207">
        <ele>199.3</ele>
      </trkpt>
      <trkpt lat="45.23995" lon="5.63286">
        <ele>200.4</ele>
      </trkpt>
      <trkpt lat="45.23915" lon="5.63382">
        <ele>201.4</ele>
      </trkpt>
      <trkpt lat="45.23773" lon="5.63603">
        <ele>199.2</ele>
      </trkpt>
      <trkpt lat="45.23303" lon="5.64365">
        <ele>198.9</ele>
      </trkpt>
      <trkpt lat="45.23281" lon="5.6439">
        <ele>198.9</ele>
      </trkpt>
      <trkpt lat="45.23165" lon="5.64588">
        <ele>199.4</ele>
      </trkpt>
      <trkpt lat="45.23118" lon="5.64678">
        <ele>199.4</ele>
      </trkpt>
      <trkpt lat="45.23095" lon="5.64702">
        <ele>199.5</ele>
      </trkpt>
      <trkpt lat="45.23079" lon="5.64745">
        <ele>199.5</ele>
      </trkpt>
      <trkpt lat="45.23055" lon="5.64768">
        <ele>199.5</ele>
      </trkpt>
      <trkpt lat="45.23012" lon="5.64828">
        <ele>199.5</ele>
      </trkpt>
      <trkpt lat="45.22876" lon="5.65046">
        <ele>199.8</ele>
      </trkpt>
      <trkpt lat="45.22836" lon="5.65118">
        <ele>199.8</ele>
      </trkpt>
      <trkpt lat="45.22785" lon="5.65192">
        <ele>199.8</ele>
      </trkpt>
      <trkpt lat="45.22627" lon="5.65459">
        <ele>200.4</ele>
      </trkpt>
      <trkpt lat="45.22403" lon="5.65816">
        <ele>200.9</ele>
      </trkpt>
      <trkpt lat="45.22353" lon="5.65884">
        <ele>200.8</ele>
      </trkpt>
      <trkpt lat="45.22283" lon="5.65944">
        <ele>200.7</ele>
      </trkpt>
      <trkpt lat="45.22245" lon="5.65965">
        <ele>200.8</ele>
      </trkpt>
      <trkpt lat="45.22176" lon="5.65987">
        <ele>201.0</ele>
      </trkpt>
      <trkpt lat="45.22143" lon="5.65987">
        <ele>201.1</ele>
      </trkpt>
      <trkpt lat="45.22002" lon="5.66014">
        <ele>201.8</ele>
      </trkpt>
      <trkpt lat="45.21376" lon="5.66141">
        <ele>203.3</ele>
      </trkpt>
      <trkpt lat="45.2134" lon="5.66121">
        <ele>203.5</ele>
      </trkpt>
      <trkpt lat="45.21299" lon="5.66077">
        <ele>203.6</ele>
      </trkpt>
      <trkpt lat="45.21285" lon="5.66027">
        <ele>203.6</ele>
      </trkpt>
      <trkpt lat="45.21259" lon="5.65808">
        <ele>205.8</ele>
      </trkpt>
      <trkpt lat="45.21217" lon="5.65673">
        <ele>211.9</ele>
      </trkpt>
      <trkpt lat="45.21233" lon="5.65603">
        <ele>213.4</ele>
      </trkpt>
      <trkpt lat="45.21229" lon="5.65536">
        <ele>217.9</ele>
      </trkpt>
      <trkpt lat="45.21273" lon="5.65496">
        <ele>219.3</ele>
      </trkpt>
      <trkpt lat="45.2131" lon="5.65494">
        <ele>219.3</ele>
      </trkpt>
      <trkpt lat="45.2142" lon="5.65519">
        <ele>228.5</ele>
      </trkpt>
      <trkpt lat="45.21549" lon="5.65511">
        <ele>240.6</ele>
      </trkpt>
      <trkpt lat="45.21576" lon="5.6552">
        <ele>242.2</ele>
      </trkpt>
      <trkpt lat="45.21645" lon="5.65564">
        <ele>245.0</ele>
      </trkpt>
      <trkpt lat="45.21695" lon="5.65565">
        <ele>246.8</ele>
      </trkpt>
      <trkpt lat="45.21813" lon="5.65492">
        <ele>259.1</ele>
      </trkpt>
      <trkpt lat="45.2187" lon="5.65448">
        <ele>259.1</ele>
      </trkpt>
      <trkpt lat="45.21983" lon="5.65301">
        <ele>274.2</ele>
      </trkpt>
      <trkpt lat="45.22038" lon="5.65256">
        <ele>276.5</ele>
      </trkpt>
      <trkpt lat="45.22089" lon="5.6523">
        <ele>279.6</ele>
      </trkpt>
      <trkpt lat="45.22127" lon="5.65222">
        <ele>283.6</ele>
      </trkpt>
      <trkpt lat="45.22204" lon="5.65239">
        <ele>286.0</ele>
      </trkpt>
      <trkpt lat="45.22239" lon="5.65235">
        <ele>287.7</ele>
      </trkpt>
      <trkpt lat="45.22332" lon="5.65181">
        <ele>299.6</ele>
      </trkpt>
      <trkpt lat="45.22408" lon="5.65117">
        <ele>302.6</ele>
      </trkpt>
      <trkpt lat="45.22468" lon="5.65125">
        <ele>305.5</ele>
      </trkpt>
      <trkpt lat="45.22483" lon="5.65092">
        <ele>307.2</ele>
      </trkpt>
      <trkpt lat="45.2244" lon="5.65071">
        <ele>308.6</ele>
      </trkpt>
      <trkpt lat="45.22398" lon="5.65089">
        <ele>311.6</ele>
      </trkpt>
      <trkpt lat="45.22324" lon="5.65137">
        <ele>318.3</ele>
      </trkpt>
      <trkpt lat="45.22286" lon="5.65144">
        <ele>319.8</ele>
      </trkpt>
      <trkpt lat="45.22251" lon="5.65142">
        <ele>319.8</ele>
      </trkpt>
      <trkpt lat="45.22058" lon="5.65058">
        <ele>335.2</ele>
      </trkpt>
      <trkpt lat="45.21961" lon="5.64968">
        <ele>343.9</ele>
      </trkpt>
      <trkpt lat="45.21897" lon="5.64935">
        <ele>345.4</ele>
      </trkpt>
      <trkpt lat="45.21868" lon="5.64905">
        <ele>347.1</ele>
      </trkpt>
      <trkpt lat="45.21718" lon="5.64708">
        <ele>362.7</ele>
      </trkpt>
      <trkpt lat="45.21684" lon="5.64597">
        <ele>365.6</ele>
      </trkpt>
      <trkpt lat="45.21666" lon="5.64568">
        <ele>367.4</ele>
      </trkpt>
      <trkpt lat="45.2161" lon="5.64568">
        <ele>367.4</ele>
      </trkpt>
      <trkpt lat="45.21456" lon="5.64647">
        <ele>382.0</ele>
      </trkpt>
      <trkpt lat="45.21415" lon="5.64632">
        <ele>383.8</ele>
      </trkpt>
      <trkpt lat="45.21383" lon="5.6454">
        <ele>386.6</ele>
      </trkpt>
      <trkpt lat="45.21356" lon="5.64503">
        <ele>388.4</ele>
      </trkpt>
      <trkpt lat="45.21183" lon="5.64417">
        <ele>403.7</ele>
      </trkpt>
      <trkpt lat="45.2113" lon="5.64419">
        <ele>403.7</ele>
      </trkpt>
      <trkpt lat="45.21124" lon="5.64374">
        <ele>404.9</ele>
      </trkpt>
      <trkpt lat="45.21191" lon="5.64367">
        <ele>407.3</ele>
      </trkpt>
      <trkpt lat="45.21329" lon="5.64315">
        <ele>419.0</ele>
      </trkpt>
      <trkpt lat="45.21519" lon="5.64318">
        <ele>429.0</ele>
      </trkpt>
      <trkpt lat="45.21645" lon="5.64224">
        <ele>436.3</ele>
      </trkpt>
      <trkpt lat="45.21726" lon="5.64146">
        <ele>444.3</ele>
      </trkpt>
      <trkpt lat="45.21856" lon="5.64106">
        <ele>450.5</ele>
      </trkpt>
      <trkpt lat="45.21966" lon="5.6411">
        <ele>459.4</ele>
      </trkpt>
      <trkpt lat="45.21981" lon="5.64082">
        <ele>460.9</ele>
      </trkpt>
      <trkpt lat="45.21907" lon="5.64062">
        <ele>461.9</ele>
      </trkpt>
      <trkpt lat="45.2172" lon="5.64007">
        <ele>475.4</ele>
      </trkpt>
      <trkpt lat="45.21628" lon="5.6402">
        <ele>478.3</ele>
      </trkpt>
      <trkpt lat="45.21507" lon="5.63982">
        <ele>491.2</ele>
      </trkpt>
      <trkpt lat="45.2142" lon="5.63959">
        <ele>491.2</ele>
      </trkpt>
      <trkpt lat="45.21333" lon="5.63909">
        <ele>501.4</ele>
      </trkpt>
      <trkpt lat="45.21298" lon="5.63901">
        <ele>501.4</ele>
      </trkpt>
      <trkpt lat="45.21265" lon="5.63899">
        <ele>503.0</ele>
      </trkpt>
      <trkpt lat="45.21195" lon="5.63907">
        <ele>508.2</ele>
      </trkpt>
      <trkpt lat="45.21117" lon="5.63895">
        <ele>511.9</ele>
      </trkpt>
      <trkpt lat="45.21088" lon="5.63905">
        <ele>514.1</ele>
      </trkpt>
      <trkpt lat="45.2097" lon="5.64054">
        <ele>525.0</ele>
      </trkpt>
      <trkpt lat="45.20864" lon="5.64148">
        <ele>533.8</ele>
      </trkpt>
      <trkpt lat="45.20817" lon="5.6416">
        <ele>535.3</ele>
      </trkpt>
      <trkpt lat="45.20762" lon="5.6413">
        <ele>539.3</ele>
      </trkpt>
      <trkpt lat="45.20676" lon="5.64112">
        <ele>543.8</ele>
      </trkpt>
      <trkpt lat="45.20634" lon="5.64081">
        <ele>546.4</ele>
      </trkpt>
      <trkpt lat="45.20575" lon="5.63959">
        <ele>557.7</ele>
      </trkpt>
      <trkpt lat="45.20541" lon="5.63842">
        <ele>560.0</ele>
      </trkpt>
      <trkpt lat="45.20506" lon="5.6376">
        <ele>564.4</ele>
      </trkpt>
      <trkpt lat="45.20481" lon="5.63733">
        <ele>567.5</ele>
      </trkpt>
      <trkpt lat="45.20413" lon="5.63697">
        <ele>570.7</ele>
      </trkpt>
      <trkpt lat="45.20374" lon="5.63642">
        <ele>572.6</ele>
      </trkpt>
      <trkpt lat="45.20284" lon="5.63439">
        <ele>589.1</ele>
      </trkpt>
      <trkpt lat="45.20266" lon="5.63356">
        <ele>590.1</ele>
      </trkpt>
      <trkpt lat="45.20252" lon="5.63323">
        <ele>590.1</ele>
      </trkpt>
      <trkpt lat="45.20218" lon="5.63297">
        <ele>593.7</ele>
      </trkpt>
      <trkpt lat="45.20158" lon="5.63265">
        <ele>598.7</ele>
      </trkpt>
      <trkpt lat="45.20099" lon="5.6324">
        <ele>602.8</ele>
      </trkpt>
      <trkpt lat="45.20044" lon="5.6323">
        <ele>605.8</ele>
      </trkpt>
      <trkpt lat="45.19972" lon="5.632">
        <ele>610.5</ele>
      </trkpt>
      <trkpt lat="45.19924" lon="5.63191">
        <ele>612.7</ele>
      </trkpt>
      <trkpt lat="45.19911" lon="5.63151">
        <ele>613.4</ele>
      </trkpt>
      <trkpt lat="45.19937" lon="5.63148">
        <ele>614.4</ele>
      </trkpt>
      <trkpt lat="45.1998" lon="5.63182">
        <ele>614.9</ele>
      </trkpt>
      <trkpt lat="45.20088" lon="5.63179">
        <ele>623.4</ele>
      </trkpt>
      <trkpt lat="45.20137" lon="5.63195">
        <ele>624.8</ele>
      </trkpt>
      <trkpt lat="45.20181" lon="5.63183">
        <ele>627.7</ele>
      </trkpt>
      <trkpt lat="45.20234" lon="5.63217">
        <ele>630.6</ele>
      </trkpt>
      <trkpt lat="45.20277" lon="5.63234">
        <ele>633.8</ele>
      </trkpt>
      <trkpt lat="45.20314" lon="5.63308">
        <ele>637.5</ele>
      </trkpt>
      <trkpt lat="45.20342" lon="5.63339">
        <ele>640.1</ele>
      </trkpt>
      <trkpt lat="45.20369" lon="5.63345">
        <ele>640.1</ele>
      </trkpt>
      <trkpt lat="45.2042" lon="5.63335">
        <ele>643.5</ele>
      </trkpt>
      <trkpt lat="45.20456" lon="5.63365">
        <ele>647.0</ele>
      </trkpt>
      <trkpt lat="45.20473" lon="5.6341">
        <ele>647.0</ele>
      </trkpt>
      <trkpt lat="45.20496" lon="5.63452">
        <ele>649.8</ele>
      </trkpt>
      <trkpt lat="45.20572" lon="5.635">
        <ele>655.0</ele>
      </trkpt>
      <trkpt lat="45.20593" lon="5.63541">
        <ele>656.6</ele>
      </trkpt>
      <trkpt lat="45.20616" lon="5.63528">
        <ele>656.6</ele>
      </trkpt>
      <trkpt lat="45.20528" lon="5.63437">
        <ele>663.4</ele>
      </trkpt>
      <trkpt lat="45.20485" lon="5.633">
        <ele>672.5</ele>
      </trkpt>
      <trkpt lat="45.20466" lon="5.63259">
        <ele>673.8</ele>
      </trkpt>
      <trkpt lat="45.20397" lon="5.63228">
        <ele>675.6</ele>
      </trkpt>
      <trkpt lat="45.20368" lon="5.63208">
        <ele>680.3</ele>
      </trkpt>
      <trkpt lat="45.20317" lon="5.63105">
        <ele>685.2</ele>
      </trkpt>
      <trkpt lat="45.20269" lon="5.63029">
        <ele>690.7</ele>
      </trkpt>
      <trkpt lat="45.20226" lon="5.62989">
        <ele>692.6</ele>
      </trkpt>
      <trkpt lat="45.20036" lon="5.62934">
        <ele>708.8</ele>
      </trkpt>
      <trkpt lat="45.19976" lon="5.62874">
        <ele>709.8</ele>
      </trkpt>
      <trkpt lat="45.19951" lon="5.62857">
        <ele>713.2</ele>
      </trkpt>
      <trkpt lat="45.19864" lon="5.62826">
        <ele>714.5</ele>
      </trkpt>
      <trkpt lat="45.19783" lon="5.62761">
        <ele>724.7</ele>
      </trkpt>
      <trkpt lat="45.19708" lon="5.62732">
        <ele>726.7</ele>
      </trkpt>
      <trkpt lat="45.19639" lon="5.62696">
        <ele>730.7</ele>
      </trkpt>
      <trkpt lat="45.19564" lon="5.62682">
        <ele>734.1</ele>
      </trkpt>
      <trkpt lat="45.1949" lon="5.62631">
        <ele>735.9</ele>
      </trkpt>
      <trkpt lat="45.19368" lon="5.62598">
        <ele>750.4</ele>
      </trkpt>
      <trkpt lat="45.19309" lon="5.62546">
        <ele>752.2</ele>
      </trkpt>
      <trkpt lat="45.19281" lon="5.62542">
        <ele>753.3</ele>
      </trkpt>
      <trkpt lat="45.19246" lon="5.6256">
        <ele>754.8</ele>
      </trkpt>
      <trkpt lat="45.19178" lon="5.62555">
        <ele>759.1</ele>
      </trkpt>
      <trkpt lat="45.19123" lon="5.62511">
        <ele>762.4</ele>
      </trkpt>
      <trkpt lat="45.1909" lon="5.62498">
        <ele>765.2</ele>
      </trkpt>
      <trkpt lat="45.19033" lon="5.62525">
        <ele>767.5</ele>
      </trkpt>
      <trkpt lat="45.18992" lon="5.62523">
        <ele>768.4</ele>
      </trkpt>
      <trkpt lat="45.18962" lon="5.62502">
        <ele>768.4</ele>
      </trkpt>
      <trkpt lat="45.18798" lon="5.62333">
        <ele>784.4</ele>
      </trkpt>
      <trkpt lat="45.18707" lon="5.6225">
        <ele>795.3</ele>
      </trkpt>
      <trkpt lat="45.18667" lon="5.62181">
        <ele>795.3</ele>
      </trkpt>
      <trkpt lat="45.18528" lon="5.62188">
        <ele>806.7</ele>
      </trkpt>
      <trkpt lat="45.18496" lon="5.62156">
        <ele>809.0</ele>
      </trkpt>
      <trkpt lat="45.18423" lon="5.62142">
        <ele>813.9</ele>
      </trkpt>
      <trkpt lat="45.18377" lon="5.62105">
        <ele>816.9</ele>
      </trkpt>
      <trkpt lat="45.18349" lon="5.62103">
        <ele>817.8</ele>
      </trkpt>
      <trkpt lat="45.18328" lon="5.62134">
        <ele>818.9</ele>
      </trkpt>
      <trkpt lat="45.18286" lon="5.62147">
        <ele>821.2</ele>
      </trkpt>
      <trkpt lat="45.18234" lon="5.62087">
        <ele>824.8</ele>
      </trkpt>
      <trkpt lat="45.18214" lon="5.62034">
        <ele>828.5</ele>
      </trkpt>
      <trkpt lat="45.18134" lon="5.62043">
        <ele>830.0</ele>
      </trkpt>
      <trkpt lat="45.18037" lon="5.6196">
        <ele>843.0</ele>
      </trkpt>
      <trkpt lat="45.17963" lon="5.61972">
        <ele>844.4</ele>
      </trkpt>
      <trkpt lat="45.17891" lon="5.6193">
        <ele>846.0</ele>
      </trkpt>
      <trkpt lat="45.17794" lon="5.61887">
        <ele>855.5</ele>
      </trkpt>
      <trkpt lat="45.17706" lon="5.6188">
        <ele>857.6</ele>
      </trkpt>
      <trkpt lat="45.17666" lon="5.61838">
        <ele>859.3</ele>
      </trkpt>
      <trkpt lat="45.17643" lon="5.61806">
        <ele>857.9</ele>
      </trkpt>
      <trkpt lat="45.17573" lon="5.61818">
        <ele>854.1</ele>
      </trkpt>
      <trkpt lat="45.17508" lon="5.61774">
        <ele>851.5</ele>
      </trkpt>
      <trkpt lat="45.17443" lon="5.61655">
        <ele>855.9</ele>
      </trkpt>
      <trkpt lat="45.17426" lon="5.61591">
        <ele>856.7</ele>
      </trkpt>
      <trkpt lat="45.17403" lon="5.61539">
        <ele>857.1</ele>
      </trkpt>
      <trkpt lat="45.17377" lon="5.61508">
        <ele>857.1</ele>
      </trkpt>
      <trkpt lat="45.17265" lon="5.6146">
        <ele>856.6</ele>
      </trkpt>
      <trkpt lat="45.17183" lon="5.61395">
        <ele>860.1</ele>
      </trkpt>
      <trkpt lat="45.17152" lon="5.61378">
        <ele>861.4</ele>
      </trkpt>
      <trkpt lat="45.17074" lon="5.61376">
        <ele>863.6</ele>
      </trkpt>
      <trkpt lat="45.17028" lon="5.61359">
        <ele>864.9</ele>
      </trkpt>
      <trkpt lat="45.16737" lon="5.61201">
        <ele>871.6</ele>
      </trkpt>
      <trkpt lat="45.16713" lon="5.61183">
        <ele>872.4</ele>
      </trkpt>
      <trkpt lat="45.16655" lon="5.61122">
        <ele>873.7</ele>
      </trkpt>
      <trkpt lat="45.16613" lon="5.61102">
        <ele>875.8</ele>
      </trkpt>
      <trkpt lat="45.16539" lon="5.61098">
        <ele>877.5</ele>
      </trkpt>
      <trkpt lat="45.16496" lon="5.6108">
        <ele>879.7</ele>
      </trkpt>
      <trkpt lat="45.16426" lon="5.6101">
        <ele>881.3</ele>
      </trkpt>
      <trkpt lat="45.16383" lon="5.60976">
        <ele>882.3</ele>
      </trkpt>
      <trkpt lat="45.16238" lon="5.60946">
        <ele>884.8</ele>
      </trkpt>
      <trkpt lat="45.16094" lon="5.60936">
        <ele>888.9</ele>
      </trkpt>
      <trkpt lat="45.16049" lon="5.6092">
        <ele>889.7</ele>
      </trkpt>
      <trkpt lat="45.15994" lon="5.60893">
        <ele>890.5</ele>
      </trkpt>
      <trkpt lat="45.15906" lon="5.60829">
        <ele>893.6</ele>
      </trkpt>
      <trkpt lat="45.15775" lon="5.60765">
        <ele>895.9</ele>
      </trkpt>
      <trkpt lat="45.15721" lon="5.60719">
        <ele>895.9</ele>
      </trkpt>
      <trkpt lat="45.1563" lon="5.60661">
        <ele>897.8</ele>
      </trkpt>
      <trkpt lat="45.15432" lon="5.60582">
        <ele>898.0</ele>
      </trkpt>
      <trkpt lat="45.15409" lon="5.60558">
        <ele>898.0</ele>
      </trkpt>
      <trkpt lat="45.15364" lon="5.60444">
        <ele>902.1</ele>
      </trkpt>
      <trkpt lat="45.15196" lon="5.60259">
        <ele>910.7</ele>
      </trkpt>
      <trkpt lat="45.15169" lon="5.60223">
        <ele>910.7</ele>
      </trkpt>
      <trkpt lat="45.15102" lon="5.60089">
        <ele>919.6</ele>
      </trkpt>
      <trkpt lat="45.15058" lon="5.60037">
        <ele>919.5</ele>
      </trkpt>
      <trkpt lat="45.1501" lon="5.60008">
        <ele>919.5</ele>
      </trkpt>
      <trkpt lat="45.1496" lon="5.59999">
        <ele>920.7</ele>
      </trkpt>
      <trkpt lat="45.14871" lon="5.60009">
        <ele>923.7</ele>
      </trkpt>
      <trkpt lat="45.1479" lon="5.60028">
        <ele>926.1</ele>
      </trkpt>
      <trkpt lat="45.14727" lon="5.60024">
        <ele>926.6</ele>
      </trkpt>
      <trkpt lat="45.14674" lon="5.59977">
        <ele>924.8</ele>
      </trkpt>
      <trkpt lat="45.14643" lon="5.59928">
        <ele>924.3</ele>
      </trkpt>
      <trkpt lat="45.14623" lon="5.59887">
        <ele>924.7</ele>
      </trkpt>
      <trkpt lat="45.14599" lon="5.59792">
        <ele>926.1</ele>
      </trkpt>
      <trkpt lat="45.14569" lon="5.59745">
        <ele>926.7</ele>
      </trkpt>
      <trkpt lat="45.14538" lon="5.59738">
        <ele>927.3</ele>
      </trkpt>
      <trkpt lat="45.14454" lon="5.59756">
        <ele>929.6</ele>
      </trkpt>
      <trkpt lat="45.14406" lon="5.59739">
        <ele>930.2</ele>
      </trkpt>
      <trkpt lat="45.14373" lon="5.59714">
        <ele>930.2</ele>
      </trkpt>
      <trkpt lat="45.14227" lon="5.59345">
        <ele>936.6</ele>
      </trkpt>
      <trkpt lat="45.14199" lon="5.59297">
        <ele>936.6</ele>
      </trkpt>
      <trkpt lat="45.14112" lon="5.59232">
        <ele>943.4</ele>
      </trkpt>
      <trkpt lat="45.1409" lon="5.59204">
        <ele>944.4</ele>
      </trkpt>
      <trkpt lat="45.14081" lon="5.59161">
        <ele>945.6</ele>
      </trkpt>
      <trkpt lat="45.14084" lon="5.5911">
        <ele>947.6</ele>
      </trkpt>
      <trkpt lat="45.14094" lon="5.59048">
        <ele>949.7</ele>
      </trkpt>
      <trkpt lat="45.14088" lon="5.58996">
        <ele>950.8</ele>
      </trkpt>
      <trkpt lat="45.14068" lon="5.58947">
        <ele>952.7</ele>
      </trkpt>
      <trkpt lat="45.14028" lon="5.58874">
        <ele>956.1</ele>
      </trkpt>
      <trkpt lat="45.13976" lon="5.58798">
        <ele>958.9</ele>
      </trkpt>
      <trkpt lat="45.13946" lon="5.58766">
        <ele>962.1</ele>
      </trkpt>
      <trkpt lat="45.13889" lon="5.5872">
        <ele>963.4</ele>
      </trkpt>
      <trkpt lat="45.13769" lon="5.58651">
        <ele>971.2</ele>
      </trkpt>
      <trkpt lat="45.1372" lon="5.58614">
        <ele>971.2</ele>
      </trkpt>
      <trkpt lat="45.13646" lon="5.5854">
        <ele>979.6</ele>
      </trkpt>
      <trkpt lat="45.1352" lon="5.58442">
        <ele>991.6</ele>
      </trkpt>
      <trkpt lat="45.13456" lon="5.58378">
        <ele>991.6</ele>
      </trkpt>
      <trkpt lat="45.13354" lon="5.58255">
        <ele>996.1</ele>
      </trkpt>
      <trkpt lat="45.13296" lon="5.58206">
        <ele>996.6</ele>
      </trkpt>
      <trkpt lat="45.13257" lon="5.58181">
        <ele>996.9</ele>
      </trkpt>
      <trkpt lat="45.1323" lon="5.58171">
        <ele>996.9</ele>
      </trkpt>
      <trkpt lat="45.13141" lon="5.58151">
        <ele>1001.5</ele>
      </trkpt>
      <trkpt lat="45.13108" lon="5.58151">
        <ele>1001.7</ele>
      </trkpt>
      <trkpt lat="45.13077" lon="5.5815">
        <ele>1001.9</ele>
      </trkpt>
      <trkpt lat="45.13072" lon="5.58196">
        <ele>1002.1</ele>
      </trkpt>
      <trkpt lat="45.13021" lon="5.58232">
        <ele>1002.5</ele>
      </trkpt>
      <trkpt lat="45.12994" lon="5.58294">
        <ele>1002.9</ele>
      </trkpt>
      <trkpt lat="45.12821" lon="5.58872">
        <ele>1011.0</ele>
      </trkpt>
      <trkpt lat="45.12804" lon="5.59007">
        <ele>1016.3</ele>
      </trkpt>
      <trkpt lat="45.12749" lon="5.59235">
        <ele>1021.5</ele>
      </trkpt>
      <trkpt lat="45.12676" lon="5.59483">
        <ele>1024.3</ele>
      </trkpt>
      <trkpt lat="45.12644" lon="5.59559">
        <ele>1024.3</ele>
      </trkpt>
      <trkpt lat="45.12624" lon="5.59763">
        <ele>1034.0</ele>
      </trkpt>
      <trkpt lat="45.12631" lon="5.5981">
        <ele>1034.0</ele>
      </trkpt>
      <trkpt lat="45.12652" lon="5.59853">
        <ele>1034.3</ele>
      </trkpt>
      <trkpt lat="45.12701" lon="5.59892">
        <ele>1034.6</ele>
      </trkpt>
      <trkpt lat="45.12792" lon="5.59942">
        <ele>1042.5</ele>
      </trkpt>
      <trkpt lat="45.12861" lon="5.59922">
        <ele>1043.3</ele>
      </trkpt>
      <trkpt lat="45.12916" lon="5.59914">
        <ele>1045.5</ele>
      </trkpt>
      <trkpt lat="45.13" lon="5.59959">
        <ele>1048.9</ele>
      </trkpt>
      <trkpt lat="45.13021" lon="5.59991">
        <ele>1050.2</ele>
      </trkpt>
      <trkpt lat="45.13038" lon="5.60067">
        <ele>1052.2</ele>
      </trkpt>
      <trkpt lat="45.13073" lon="5.60107">
        <ele>1054.2</ele>
      </trkpt>
      <trkpt lat="45.13107" lon="5.60096">
        <ele>1055.4</ele>
      </trkpt>
      <trkpt lat="45.13169" lon="5.60161">
        <ele>1058.7</ele>
      </trkpt>
      <trkpt lat="45.13216" lon="5.60188">
        <ele>1060.1</ele>
      </trkpt>
      <trkpt lat="45.13286" lon="5.60308">
        <ele>1066.9</ele>
      </trkpt>
      <trkpt lat="45.13338" lon="5.6038">
        <ele>1068.9</ele>
      </trkpt>
      <trkpt lat="45.13353" lon="5.60445">
        <ele>1071.2</ele>
      </trkpt>
      <trkpt lat="45.13384" lon="5.60481">
        <ele>1071.2</ele>
      </trkpt>
      <trkpt lat="45.13428" lon="5.60499">
        <ele>1072.3</ele>
      </trkpt>
      <trkpt lat="45.13511" lon="5.60556">
        <ele>1083.1</ele>
      </trkpt>
      <trkpt lat="45.13595" lon="5.60537">
        <ele>1084.4</ele>
      </trkpt>
      <trkpt lat="45.13644" lon="5.60542">
        <ele>1086.1</ele>
      </trkpt>
      <trkpt lat="45.13716" lon="5.60454">
        <ele>1089.9</ele>
      </trkpt>
      <trkpt lat="45.13741" lon="5.60438">
        <ele>1090.7</ele>
      </trkpt>
      <trkpt lat="45.13803" lon="5.60455">
        <ele>1091.2</ele>
      </trkpt>
      <trkpt lat="45.13892" lon="5.6058">
        <ele>1097.2</ele>
      </trkpt>
      <trkpt lat="45.13923" lon="5.60602">
        <ele>1095.7</ele>
      </trkpt>
      <trkpt lat="45.13983" lon="5.60571">
        <ele>1093.5</ele>
      </trkpt>
      <trkpt lat="45.14049" lon="5.60574">
        <ele>1091.8</ele>
      </trkpt>
      <trkpt lat="45.1411" lon="5.60605">
        <ele>1092.0</ele>
      </trkpt>
      <trkpt lat="45.14134" lon="5.60631">
        <ele>1094.2</ele>
      </trkpt>
      <trkpt lat="45.14158" lon="5.60715">
        <ele>1096.7</ele>
      </trkpt>
      <trkpt lat="45.14199" lon="5.60737">
        <ele>1098.3</ele>
      </trkpt>
      <trkpt lat="45.14349" lon="5.60713">
        <ele>1098.6</ele>
      </trkpt>
      <trkpt lat="45.14436" lon="5.60746">
        <ele>1104.3</ele>
      </trkpt>
      <trkpt lat="45.14493" lon="5.60762">
        <ele>1104.7</ele>
      </trkpt>
      <trkpt lat="45.14509" lon="5.60807">
        <ele>1105.5</ele>
      </trkpt>
      <trkpt lat="45.14457" lon="5.60867">
        <ele>1105.7</ele>
      </trkpt>
      <trkpt lat="45.14361" lon="5.60933">
        <ele>1109.5</ele>
      </trkpt>
      <trkpt lat="45.14337" lon="5.61004">
        <ele>1108.5</ele>
      </trkpt>
      <trkpt lat="45.14367" lon="5.61058">
        <ele>1105.6</ele>
      </trkpt>
      <trkpt lat="45.14419" lon="5.61081">
        <ele>1101.3</ele>
      </trkpt>
      <trkpt lat="45.14453" lon="5.61123">
        <ele>1097.9</ele>
      </trkpt>
      <trkpt lat="45.14444" lon="5.61189">
        <ele>1097.8</ele>
      </trkpt>
      <trkpt lat="45.14413" lon="5.61228">
        <ele>1097.8</ele>
      </trkpt>
      <trkpt lat="45.14385" lon="5.61274">
        <ele>1098.2</ele>
      </trkpt>
      <trkpt lat="45.14325" lon="5.61386">
        <ele>1103.3</ele>
      </trkpt>
      <trkpt lat="45.14248" lon="5.61586">
        <ele>1104.9</ele>
      </trkpt>
      <trkpt lat="45.14237" lon="5.61634">
        <ele>1104.9</ele>
      </trkpt>
      <trkpt lat="45.14242" lon="5.61677">
        <ele>1104.3</ele>
      </trkpt>
      <trkpt lat="45.14296" lon="5.61757">
        <ele>1103.3</ele>
      </trkpt>
      <trkpt lat="45.14317" lon="5.61792">
        <ele>1102.9</ele>
      </trkpt>
      <trkpt lat="45.14349" lon="5.61917">
        <ele>1106.7</ele>
      </trkpt>
      <trkpt lat="45.14357" lon="5.61972">
        <ele>1106.4</ele>
      </trkpt>
      <trkpt lat="45.14372" lon="5.62014">
        <ele>1106.4</ele>
      </trkpt>
      <trkpt lat="45.14409" lon="5.62062">
        <ele>1106.4</ele>
      </trkpt>
      <trkpt lat="45.14495" lon="5.62129">
        <ele>1107.2</ele>
      </trkpt>
      <trkpt lat="45.14564" lon="5.62152">
        <ele>1107.2</ele>
      </trkpt>
      <trkpt lat="45.14762" lon="5.62194">
        <ele>1114.2</ele>
      </trkpt>
      <trkpt lat="45.1483" lon="5.62169">
        <ele>1114.2</ele>
      </trkpt>
      <trkpt lat="45.14933" lon="5.62162">
        <ele>1120.4</ele>
      </trkpt>
      <trkpt lat="45.15102" lon="5.62076">
        <ele>1123.1</ele>
      </trkpt>
      <trkpt lat="45.15246" lon="5.62035">
        <ele>1123.9</ele>
      </trkpt>
      <trkpt lat="45.15352" lon="5.62047">
        <ele>1128.5</ele>
      </trkpt>
      <trkpt lat="45.15401" lon="5.62043">
        <ele>1129.4</ele>
      </trkpt>
      <trkpt lat="45.15459" lon="5.62062">
        <ele>1131.1</ele>
      </trkpt>
      <trkpt lat="45.15508" lon="5.62039">
        <ele>1132.5</ele>
      </trkpt>
      <trkpt lat="45.1556" lon="5.61946">
        <ele>1134.4</ele>
      </trkpt>
      <trkpt lat="45.15613" lon="5.61917">
        <ele>1135.0</ele>
      </trkpt>
      <trkpt lat="45.15641" lon="5.61919">
        <ele>1135.7</ele>
      </trkpt>
      <trkpt lat="45.15726" lon="5.61946">
        <ele>1138.9</ele>
      </trkpt>
      <trkpt lat="45.15794" lon="5.61983">
        <ele>1141.9</ele>
      </trkpt>
      <trkpt lat="45.15824" lon="5.61969">
        <ele>1145.3</ele>
      </trkpt>
      <trkpt lat="45.15863" lon="5.61867">
        <ele>1147.2</ele>
      </trkpt>
      <trkpt lat="45.15882" lon="5.61838">
        <ele>1148.3</ele>
      </trkpt>
      <trkpt lat="45.16018" lon="5.61786">
        <ele>1155.4</ele>
      </trkpt>
      <trkpt lat="45.16052" lon="5.61793">
        <ele>1155.4</ele>
      </trkpt>
      <trkpt lat="45.16067" lon="5.61835">
        <ele>1156.1</ele>
      </trkpt>
      <trkpt lat="45.16031" lon="5.6192">
        <ele>1157.9</ele>
      </trkpt>
      <trkpt lat="45.16033" lon="5.61972">
        <ele>1158.5</ele>
      </trkpt>
      <trkpt lat="45.1609" lon="5.62088">
        <ele>1159.9</ele>
      </trkpt>
      <trkpt lat="45.16104" lon="5.62179">
        <ele>1160.3</ele>
      </trkpt>
      <trkpt lat="45.16151" lon="5.62256">
        <ele>1160.9</ele>
      </trkpt>
      <trkpt lat="45.16176" lon="5.62358">
        <ele>1161.4</ele>
      </trkpt>
      <trkpt lat="45.16197" lon="5.62407">
        <ele>1161.6</ele>
      </trkpt>
      <trkpt lat="45.1626" lon="5.62535">
        <ele>1161.6</ele>
      </trkpt>
      <trkpt lat="45.16285" lon="5.62555">
        <ele>1161.4</ele>
      </trkpt>
      <trkpt lat="45.16348" lon="5.62585">
        <ele>1161.3</ele>
      </trkpt>
      <trkpt lat="45.16429" lon="5.6268">
        <ele>1162.3</ele>
      </trkpt>
      <trkpt lat="45.16465" lon="5.62698">
        <ele>1162.3</ele>
      </trkpt>
      <trkpt lat="45.16506" lon="5.62674">
        <ele>1162.5</ele>
      </trkpt>
      <trkpt lat="45.16565" lon="5.62601">
        <ele>1162.9</ele>
      </trkpt>
      <trkpt lat="45.16604" lon="5.62473">
        <ele>1161.7</ele>
      </trkpt>
      <trkpt lat="45.16633" lon="5.62437">
        <ele>1161.7</ele>
      </trkpt>
      <trkpt lat="45.1667" lon="5.62438">
        <ele>1162.5</ele>
      </trkpt>
      <trkpt lat="45.16706" lon="5.62495">
        <ele>1163.9</ele>
      </trkpt>
      <trkpt lat="45.16812" lon="5.62491">
        <ele>1166.8</ele>
      </trkpt>
      <trkpt lat="45.16866" lon="5.62453">
        <ele>1167.0</ele>
      </trkpt>
      <trkpt lat="45.16902" lon="5.62464">
        <ele>1167.1</ele>
      </trkpt>
      <trkpt lat="45.16924" lon="5.62506">
        <ele>1167.7</ele>
      </trkpt>
      <trkpt lat="45.16918" lon="5.62625">
        <ele>1169.0</ele>
      </trkpt>
      <trkpt lat="45.16951" lon="5.62682">
        <ele>1169.8</ele>
      </trkpt>
      <trkpt lat="45.17027" lon="5.62728">
        <ele>1169.5</ele>
      </trkpt>
      <trkpt lat="45.17048" lon="5.62757">
        <ele>1169.2</ele>
      </trkpt>
      <trkpt lat="45.17056" lon="5.62799">
        <ele>1168.5</ele>
      </trkpt>
      <trkpt lat="45.17061" lon="5.62892">
        <ele>1165.9</ele>
      </trkpt>
      <trkpt lat="45.17063" lon="5.62933">
        <ele>1165.1</ele>
      </trkpt>
      <trkpt lat="45.17059" lon="5.62979">
        <ele>1164.1</ele>
      </trkpt>
      <trkpt lat="45.17118" lon="5.63075">
        <ele>1160.8</ele>
      </trkpt>
      <trkpt lat="45.172" lon="5.6305">
        <ele>1157.7</ele>
      </trkpt>
      <trkpt lat="45.17234" lon="5.63079">
        <ele>1153.5</ele>
      </trkpt>
      <trkpt lat="45.17248" lon="5.63179">
        <ele>1149.7</ele>
      </trkpt>
      <trkpt lat="45.17247" lon="5.63238">
        <ele>1144.5</ele>
      </trkpt>
      <trkpt lat="45.17236" lon="5.63339">
        <ele>1138.5</ele>
      </trkpt>
      <trkpt lat="45.17247" lon="5.63451">
        <ele>1131.9</ele>
      </trkpt>
      <trkpt lat="45.17226" lon="5.63554">
        <ele>1125.9</ele>
      </trkpt>
      <trkpt lat="45.17211" lon="5.63598">
        <ele>1123.3</ele>
      </trkpt>
      <trkpt lat="45.17192" lon="5.63633">
        <ele>1123.3</ele>
      </trkpt>
      <trkpt lat="45.17162" lon="5.63657">
        <ele>1120.1</ele>
      </trkpt>
      <trkpt lat="45.17085" lon="5.63685">
        <ele>1116.7</ele>
      </trkpt>
      <trkpt lat="45.17004" lon="5.63809">
        <ele>1099.6</ele>
      </trkpt>
      <trkpt lat="45.16958" lon="5.63861">
        <ele>1097.1</ele>
      </trkpt>
      <trkpt lat="45.16925" lon="5.63889">
        <ele>1094.8</ele>
      </trkpt>
      <trkpt lat="45.16886" lon="5.63911">
        <ele>1093.4</ele>
      </trkpt>
      <trkpt lat="45.16857" lon="5.63905">
        <ele>1092.6</ele>
      </trkpt>
      <trkpt lat="45.16836" lon="5.63936">
        <ele>1092.0</ele>
      </trkpt>
      <trkpt lat="45.1686" lon="5.63962">
        <ele>1092.0</ele>
      </trkpt>
      <trkpt lat="45.16997" lon="5.63896">
        <ele>1081.7</ele>
      </trkpt>
      <trkpt lat="45.17083" lon="5.63883">
        <ele>1080.0</ele>
      </trkpt>
      <trkpt lat="45.1714" lon="5.63881">
        <ele>1076.7</ele>
      </trkpt>
      <trkpt lat="45.17174" lon="5.63882">
        <ele>1072.8</ele>
      </trkpt>
      <trkpt lat="45.17251" lon="5.63942">
        <ele>1070.8</ele>
      </trkpt>
      <trkpt lat="45.17377" lon="5.63941">
        <ele>1055.9</ele>
      </trkpt>
      <trkpt lat="45.17419" lon="5.63949">
        <ele>1054.8</ele>
      </trkpt>
      <trkpt lat="45.17445" lon="5.63977">
        <ele>1053.6</ele>
      </trkpt>
      <trkpt lat="45.17457" lon="5.64021">
        <ele>1052.3</ele>
      </trkpt>
      <trkpt lat="45.17457" lon="5.64078">
        <ele>1051.1</ele>
      </trkpt>
      <trkpt lat="45.17442" lon="5.64242">
        <ele>1039.3</ele>
      </trkpt>
      <trkpt lat="45.17442" lon="5.64293">
        <ele>1039.3</ele>
      </trkpt>
      <trkpt lat="45.17463" lon="5.64346">
        <ele>1037.8</ele>
      </trkpt>
      <trkpt lat="45.17526" lon="5.64346">
        <ele>1034.7</ele>
      </trkpt>
      <trkpt lat="45.17699" lon="5.64426">
        <ele>1022.7</ele>
      </trkpt>
      <trkpt lat="45.17728" lon="5.64447">
        <ele>1022.7</ele>
      </trkpt>
      <trkpt lat="45.17796" lon="5.64554">
        <ele>1012.4</ele>
      </trkpt>
      <trkpt lat="45.1788" lon="5.64625">
        <ele>1000.8</ele>
      </trkpt>
      <trkpt lat="45.17956" lon="5.64671">
        <ele>1000.8</ele>
      </trkpt>
      <trkpt lat="45.18172" lon="5.64776">
        <ele>977.0</ele>
      </trkpt>
      <trkpt lat="45.18234" lon="5.64793">
        <ele>972.5</ele>
      </trkpt>
      <trkpt lat="45.183" lon="5.64793">
        <ele>968.7</ele>
      </trkpt>
      <trkpt lat="45.18306" lon="5.64824">
        <ele>968.7</ele>
      </trkpt>
      <trkpt lat="45.18258" lon="5.64819">
        <ele>966.6</ele>
      </trkpt>
      <trkpt lat="45.18124" lon="5.64827">
        <ele>950.7</ele>
      </trkpt>
      <trkpt lat="45.18073" lon="5.64816">
        <ele>946.7</ele>
      </trkpt>
      <trkpt lat="45.18029" lon="5.64817">
        <ele>944.7</ele>
      </trkpt>
      <trkpt lat="45.17986" lon="5.64804">
        <ele>942.0</ele>
      </trkpt>
      <trkpt lat="45.17903" lon="5.64813">
        <ele>937.3</ele>
      </trkpt>
      <trkpt lat="45.17628" lon="5.64815">
        <ele>911.0</ele>
      </trkpt>
      <trkpt lat="45.17597" lon="5.64808">
        <ele>909.8</ele>
      </trkpt>
      <trkpt lat="45.17563" lon="5.64791">
        <ele>909.8</ele>
      </trkpt>
      <trkpt lat="45.17524" lon="5.64787">
        <ele>907.2</ele>
      </trkpt>
      <trkpt lat="45.17458" lon="5.6481">
        <ele>904.5</ele>
      </trkpt>
      <trkpt lat="45.1725" lon="5.64857">
        <ele>888.7</ele>
      </trkpt>
      <trkpt lat="45.17166" lon="5.64855">
        <ele>886.1</ele>
      </trkpt>
      <trkpt lat="45.17138" lon="5.64932">
        <ele>880.6</ele>
      </trkpt>
      <trkpt lat="45.17074" lon="5.64951">
        <ele>872.6</ele>
      </trkpt>
      <trkpt lat="45.17028" lon="5.64975">
        <ele>868.4</ele>
      </trkpt>
      <trkpt lat="45.17008" lon="5.65004">
        <ele>866.8</ele>
      </trkpt>
      <trkpt lat="45.16997" lon="5.65041">
        <ele>865.1</ele>
      </trkpt>
      <trkpt lat="45.17005" lon="5.651">
        <ele>862.3</ele>
      </trkpt>
      <trkpt lat="45.17038" lon="5.65021">
        <ele>857.8</ele>
      </trkpt>
      <trkpt lat="45.17065" lon="5.64997">
        <ele>857.0</ele>
      </trkpt>
      <trkpt lat="45.171" lon="5.65">
        <ele>854.5</ele>
      </trkpt>
      <trkpt lat="45.1717" lon="5.65062">
        <ele>848.3</ele>
      </trkpt>
      <trkpt lat="45.17208" lon="5.65063">
        <ele>841.8</ele>
      </trkpt>
      <trkpt lat="45.17251" lon="5.64999">
        <ele>839.2</ele>
      </trkpt>
      <trkpt lat="45.17398" lon="5.64981">
        <ele>818.5</ele>
      </trkpt>
      <trkpt lat="45.17468" lon="5.65045">
        <ele>815.1</ele>
      </trkpt>
      <trkpt lat="45.17552" lon="5.65055">
        <ele>811.3</ele>
      </trkpt>
      <trkpt lat="45.17723" lon="5.6515">
        <ele>788.4</ele>
      </trkpt>
      <trkpt lat="45.17776" lon="5.65221">
        <ele>788.4</ele>
      </trkpt>
      <trkpt lat="45.17881" lon="5.65279">
        <ele>770.0</ele>
      </trkpt>
      <trkpt lat="45.17927" lon="5.65273">
        <ele>768.6</ele>
      </trkpt>
      <trkpt lat="45.17955" lon="5.65292">
        <ele>768.6</ele>
      </trkpt>
      <trkpt lat="45.17949" lon="5.65328">
        <ele>767.0</ele>
      </trkpt>
      <trkpt lat="45.17846" lon="5.65345">
        <ele>756.0</ele>
      </trkpt>
      <trkpt lat="45.17693" lon="5.65388">
        <ele>738.1</ele>
      </trkpt>
      <trkpt lat="45.1766" lon="5.65391">
        <ele>736.2</ele>
      </trkpt>
      <trkpt lat="45.17605" lon="5.6538">
        <ele>736.2</ele>
      </trkpt>
      <trkpt lat="45.17577" lon="5.65403">
        <ele>731.7</ele>
      </trkpt>
      <trkpt lat="45.17604" lon="5.6548">
        <ele>723.9</ele>
      </trkpt>
      <trkpt lat="45.176" lon="5.65569">
        <ele>720.6</ele>
      </trkpt>
      <trkpt lat="45.17514" lon="5.658">
        <ele>701.4</ele>
      </trkpt>
      <trkpt lat="45.17425" lon="5.65955">
        <ele>686.1</ele>
      </trkpt>
      <trkpt lat="45.17381" lon="5.66042">
        <ele>684.2</ele>
      </trkpt>
      <trkpt lat="45.17376" lon="5.66084">
        <ele>679.4</ele>
      </trkpt>
      <trkpt lat="45.17374" lon="5.66173">
        <ele>675.2</ele>
      </trkpt>
      <trkpt lat="45.17339" lon="5.66244">
        <ele>670.0</ele>
      </trkpt>
      <trkpt lat="45.17324" lon="5.66324">
        <ele>664.6</ele>
      </trkpt>
      <trkpt lat="45.17279" lon="5.66405">
        <ele>659.4</ele>
      </trkpt>
      <trkpt lat="45.17228" lon="5.66444">
        <ele>653.3</ele>
      </trkpt>
      <trkpt lat="45.17201" lon="5.66474">
        <ele>649.9</ele>
      </trkpt>
      <trkpt lat="45.17167" lon="5.66536">
        <ele>649.9</ele>
      </trkpt>
      <trkpt lat="45.17153" lon="5.66578">
        <ele>646.0</ele>
      </trkpt>
      <trkpt lat="45.17161" lon="5.66685">
        <ele>637.7</ele>
      </trkpt>
      <trkpt lat="45.17126" lon="5.66712">
        <ele>635.3</ele>
      </trkpt>
      <trkpt lat="45.1708" lon="5.66684">
        <ele>635.3</ele>
      </trkpt>
      <trkpt lat="45.16972" lon="5.66704">
        <ele>617.6</ele>
      </trkpt>
      <trkpt lat="45.16909" lon="5.66766">
        <ele>615.9</ele>
      </trkpt>
      <trkpt lat="45.16883" lon="5.66782">
        <ele>611.2</ele>
      </trkpt>
      <trkpt lat="45.16805" lon="5.66759">
        <ele>608.5</ele>
      </trkpt>
      <trkpt lat="45.16742" lon="5.66769">
        <ele>606.5</ele>
      </trkpt>
      <trkpt lat="45.16648" lon="5.66766">
        <ele>597.1</ele>
      </trkpt>
      <trkpt lat="45.16593" lon="5.66828">
        <ele>597.1</ele>
      </trkpt>
      <trkpt lat="45.16473" lon="5.66878">
        <ele>585.4</ele>
      </trkpt>
      <trkpt lat="45.16233" lon="5.6686">
        <ele>569.7</ele>
      </trkpt>
      <trkpt lat="45.1613" lon="5.66807">
        <ele>560.7</ele>
      </trkpt>
      <trkpt lat="45.16087" lon="5.66773">
        <ele>559.4</ele>
      </trkpt>
      <trkpt lat="45.16071" lon="5.66802">
        <ele>559.4</ele>
      </trkpt>
      <trkpt lat="45.16102" lon="5.66835">
        <ele>554.7</ele>
      </trkpt>
      <trkpt lat="45.16142" lon="5.66894">
        <ele>549.8</ele>
      </trkpt>
      <trkpt lat="45.16166" lon="5.66915">
        <ele>549.8</ele>
      </trkpt>
      <trkpt lat="45.16212" lon="5.6694">
        <ele>545.5</ele>
      </trkpt>
      <trkpt lat="45.16243" lon="5.67027">
        <ele>539.5</ele>
      </trkpt>
      <trkpt lat="45.16279" lon="5.67054">
        <ele>537.1</ele>
      </trkpt>
      <trkpt lat="45.16369" lon="5.67032">
        <ele>527.4</ele>
      </trkpt>
      <trkpt lat="45.16415" lon="5.67033">
        <ele>524.4</ele>
      </trkpt>
      <trkpt lat="45.16463" lon="5.67043">
        <ele>521.4</ele>
      </trkpt>
      <trkpt lat="45.16489" lon="5.67074">
        <ele>520.2</ele>
      </trkpt>
      <trkpt lat="45.16489" lon="5.67134">
        <ele>517.8</ele>
      </trkpt>
      <trkpt lat="45.16464" lon="5.67163">
        <ele>516.6</ele>
      </trkpt>
      <trkpt lat="45.16436" lon="5.67167">
        <ele>513.5</ele>
      </trkpt>
      <trkpt lat="45.16359" lon="5.67151">
        <ele>508.0</ele>
      </trkpt>
      <trkpt lat="45.16324" lon="5.67207">
        <ele>501.8</ele>
      </trkpt>
      <trkpt lat="45.16317" lon="5.67271">
        <ele>498.5</ele>
      </trkpt>
      <trkpt lat="45.16304" lon="5.67312">
        <ele>497.0</ele>
      </trkpt>
      <trkpt lat="45.16271" lon="5.67346">
        <ele>494.0</ele>
      </trkpt>
      <trkpt lat="45.16225" lon="5.67369">
        <ele>491.0</ele>
      </trkpt>
      <trkpt lat="45.16185" lon="5.67365">
        <ele>488.0</ele>
      </trkpt>
      <trkpt lat="45.16153" lon="5.67344">
        <ele>485.0</ele>
      </trkpt>
      <trkpt lat="45.16161" lon="5.6728">
        <ele>483.5</ele>
      </trkpt>
      <trkpt lat="45.16162" lon="5.67239">
        <ele>480.5</ele>
      </trkpt>
      <trkpt lat="45.16122" lon="5.67172">
        <ele>477.6</ele>
      </trkpt>
      <trkpt lat="45.15965" lon="5.67118">
        <ele>461.0</ele>
      </trkpt>
      <trkpt lat="45.15837" lon="5.67042">
        <ele>448.6</ele>
      </trkpt>
      <trkpt lat="45.15755" lon="5.67048">
        <ele>447.9</ele>
      </trkpt>
      <trkpt lat="45.15718" lon="5.6706">
        <ele>447.0</ele>
      </trkpt>
      <trkpt lat="45.15584" lon="5.67138">
        <ele>435.5</ele>
      </trkpt>
      <trkpt lat="45.15538" lon="5.67176">
        <ele>433.7</ele>
      </trkpt>
      <trkpt lat="45.15537" lon="5.67222">
        <ele>431.9</ele>
      </trkpt>
      <trkpt lat="45.15584" lon="5.67238">
        <ele>430.4</ele>
      </trkpt>
      <trkpt lat="45.1561" lon="5.67281">
        <ele>426.3</ele>
      </trkpt>
      <trkpt lat="45.15616" lon="5.67367">
        <ele>420.0</ele>
      </trkpt>
      <trkpt lat="45.15638" lon="5.67399">
        <ele>415.5</ele>
      </trkpt>
      <trkpt lat="45.15698" lon="5.67405">
        <ele>413.6</ele>
      </trkpt>
      <trkpt lat="45.15884" lon="5.67456">
        <ele>394.1</ele>
      </trkpt>
      <trkpt lat="45.15928" lon="5.67473">
        <ele>394.1</ele>
      </trkpt>
      <trkpt lat="45.15951" lon="5.67513">
        <ele>391.4</ele>
      </trkpt>
      <trkpt lat="45.15972" lon="5.67615">
        <ele>383.1</ele>
      </trkpt>
      <trkpt lat="45.15967" lon="5.67655">
        <ele>380.5</ele>
      </trkpt>
      <trkpt lat="45.15951" lon="5.67689">
        <ele>380.5</ele>
      </trkpt>
      <trkpt lat="45.1585" lon="5.67787">
        <ele>368.0</ele>
      </trkpt>
      <trkpt lat="45.15763" lon="5.67829">
        <ele>364.0</ele>
      </trkpt>
      <trkpt lat="45.15731" lon="5.6785">
        <ele>364.0</ele>
      </trkpt>
      <trkpt lat="45.15568" lon="5.67976">
        <ele>349.6</ele>
      </trkpt>
      <trkpt lat="45.15545" lon="5.67999">
        <ele>349.6</ele>
      </trkpt>
      <trkpt lat="45.15542" lon="5.68044">
        <ele>348.5</ele>
      </trkpt>
      <trkpt lat="45.15562" lon="5.68072">
        <ele>347.6</ele>
      </trkpt>
      <trkpt lat="45.156" lon="5.68102">
        <ele>345.1</ele>
      </trkpt>
      <trkpt lat="45.15579" lon="5.68123">
        <ele>344.3</ele>
      </trkpt>
      <trkpt lat="45.15551" lon="5.68113">
        <ele>343.4</ele>
      </trkpt>
      <trkpt lat="45.15443" lon="5.68028">
        <ele>345.5</ele>
      </trkpt>
      <trkpt lat="45.15344" lon="5.6797">
        <ele>349.2</ele>
      </trkpt>
      <trkpt lat="45.15311" lon="5.67959">
        <ele>349.5</ele>
      </trkpt>
      <trkpt lat="45.15246" lon="5.67955">
        <ele>350.2</ele>
      </trkpt>
      <trkpt lat="45.15205" lon="5.68015">
        <ele>350.5</ele>
      </trkpt>
      <trkpt lat="45.15182" lon="5.68036">
        <ele>350.5</ele>
      </trkpt>
      <trkpt lat="45.15148" lon="5.6804">
        <ele>350.7</ele>
      </trkpt>
      <trkpt lat="45.15117" lon="5.6792">
        <ele>357.6</ele>
      </trkpt>
      <trkpt lat="45.15084" lon="5.67888">
        <ele>359.7</ele>
      </trkpt>
      <trkpt lat="45.15022" lon="5.67854">
        <ele>362.1</ele>
      </trkpt>
      <trkpt lat="45.15003" lon="5.67852">
        <ele>362.1</ele>
      </trkpt>
      <trkpt lat="45.14937" lon="5.6784">
        <ele>363.3</ele>
      </trkpt>
      <trkpt lat="45.14838" lon="5.67799">
        <ele>375.9</ele>
      </trkpt>
      <trkpt lat="45.14771" lon="5.67783">
        <ele>377.9</ele>
      </trkpt>
      <trkpt lat="45.14738" lon="5.67771">
        <ele>380.2</ele>
      </trkpt>
      <trkpt lat="45.14609" lon="5.67722">
        <ele>394.8</ele>
      </trkpt>
      <trkpt lat="45.14523" lon="5.6768">
        <ele>406.7</ele>
      </trkpt>
      <trkpt lat="45.14438" lon="5.67633">
        <ele>418.6</ele>
      </trkpt>
      <trkpt lat="45.1438" lon="5.67584">
        <ele>420.5</ele>
      </trkpt>
      <trkpt lat="45.14353" lon="5.67568">
        <ele>423.1</ele>
      </trkpt>
      <trkpt lat="45.14146" lon="5.67465">
        <ele>433.9</ele>
      </trkpt>
      <trkpt lat="45.14112" lon="5.6743">
        <ele>434.5</ele>
      </trkpt>
      <trkpt lat="45.1408" lon="5.67376">
        <ele>435.0</ele>
      </trkpt>
      <trkpt lat="45.14048" lon="5.67339">
        <ele>434.8</ele>
      </trkpt>
      <trkpt lat="45.13988" lon="5.67312">
        <ele>434.4</ele>
      </trkpt>
      <trkpt lat="45.13871" lon="5.67279">
        <ele>430.5</ele>
      </trkpt>
      <trkpt lat="45.13677" lon="5.67259">
        <ele>420.4</ele>
      </trkpt>
      <trkpt lat="45.13346" lon="5.6719">
        <ele>405.1</ele>
      </trkpt>
      <trkpt lat="45.13199" lon="5.67136">
        <ele>400.5</ele>
      </trkpt>
      <trkpt lat="45.13081" lon="5.67142">
        <ele>390.1</ele>
      </trkpt>
      <trkpt lat="45.12997" lon="5.67125">
        <ele>390.1</ele>
      </trkpt>
      <trkpt lat="45.12747" lon="5.67124">
        <ele>361.8</ele>
      </trkpt>
      <trkpt lat="45.12717" lon="5.6713">
        <ele>361.8</ele>
      </trkpt>
      <trkpt lat="45.12626" lon="5.6713">
        <ele>354.9</ele>
      </trkpt>
      <trkpt lat="45.12614" lon="5.6713">
        <ele>352.2</ele>
      </trkpt>
      <trkpt lat="45.12528" lon="5.67135">
        <ele>344.1</ele>
      </trkpt>
      <trkpt lat="45.12444" lon="5.67148">
        <ele>334.6</ele>
      </trkpt>
      <trkpt lat="45.12413" lon="5.67159">
        <ele>331.2</ele>
      </trkpt>
      <trkpt lat="45.1236" lon="5.67158">
        <ele>326.7</ele>
      </trkpt>
      <trkpt lat="45.12284" lon="5.67202">
        <ele>320.7</ele>
      </trkpt>
      <trkpt lat="45.12193" lon="5.67223">
        <ele>304.0</ele>
      </trkpt>
      <trkpt lat="45.12127" lon="5.67216">
        <ele>304.0</ele>
      </trkpt>
      <trkpt lat="45.12037" lon="5.67195">
        <ele>290.1</ele>
      </trkpt>
      <trkpt lat="45.12024" lon="5.67256">
        <ele>290.1</ele>
      </trkpt>
      <trkpt lat="45.12029" lon="5.67393">
        <ele>284.6</ele>
      </trkpt>
      <trkpt lat="45.12042" lon="5.6753">
        <ele>280.0</ele>
      </trkpt>
      <trkpt lat="45.1211" lon="5.67634">
        <ele>273.4</ele>
      </trkpt>
      <trkpt lat="45.12122" lon="5.67684">
        <ele>273.4</ele>
      </trkpt>
      <trkpt lat="45.12124" lon="5.67755">
        <ele>271.5</ele>
      </trkpt>
      <trkpt lat="45.1216" lon="5.67806">
        <ele>269.5</ele>
      </trkpt>
      <trkpt lat="45.12169" lon="5.67857">
        <ele>269.5</ele>
      </trkpt>
      <trkpt lat="45.1215" lon="5.68126">
        <ele>256.6</ele>
      </trkpt>
      <trkpt lat="45.12144" lon="5.68169">
        <ele>256.6</ele>
      </trkpt>
      <trkpt lat="45.12058" lon="5.68459">
        <ele>248.1</ele>
      </trkpt>
      <trkpt lat="45.12036" lon="5.68514">
        <ele>248.1</ele>
      </trkpt>
      <trkpt lat="45.11969" lon="5.68719">
        <ele>248.1</ele>
      </trkpt>
      <trkpt lat="45.11958" lon="5.68768">
        <ele>248.1</ele>
      </trkpt>
      <trkpt lat="45.11963" lon="5.68839">
        <ele>248.1</ele>
      </trkpt>
      <trkpt lat="45.12026" lon="5.68959">
        <ele>243.9</ele>
      </trkpt>
      <trkpt lat="45.12043" lon="5.69003">
        <ele>243.9</ele>
      </trkpt>
      <trkpt lat="45.12045" lon="5.69064">
        <ele>243.9</ele>
      </trkpt>
      <trkpt lat="45.12005" lon="5.69187">
        <ele>244.0</ele>
      </trkpt>
      <trkpt lat="45.11979" lon="5.69306">
        <ele>244.4</ele>
      </trkpt>
      <trkpt lat="45.11903" lon="5.69344">
        <ele>244.9</ele>
      </trkpt>
      <trkpt lat="45.11879" lon="5.69356">
        <ele>245.2</ele>
      </trkpt>
      <trkpt lat="45.11754" lon="5.69178">
        <ele>246.0</ele>
      </trkpt>
      <trkpt lat="45.1171" lon="5.69134">
        <ele>246.1</ele>
      </trkpt>
      <trkpt lat="45.11658" lon="5.69096">
        <ele>246.1</ele>
      </trkpt>
      <trkpt lat="45.11151" lon="5.68904">
        <ele>249.7</ele>
      </trkpt>
      <trkpt lat="45.1074" lon="5.6876">
        <ele>253.4</ele>
      </trkpt>
      <trkpt lat="45.10663" lon="5.68726">
        <ele>253.8</ele>
      </trkpt>
      <trkpt lat="45.10612" lon="5.68687">
        <ele>254.7</ele>
      </trkpt>
      <trkpt lat="45.10589" lon="5.6862">
        <ele>255.0</ele>
      </trkpt>
      <trkpt lat="45.10479" lon="5.68641">
        <ele>256.5</ele>
      </trkpt>
      <trkpt lat="45.10413" lon="5.68637">
        <ele>256.8</ele>
      </trkpt>
      <trkpt lat="45.10363" lon="5.68622">
        <ele>257.1</ele>
      </trkpt>
      <trkpt lat="45.09937" lon="5.68447">
        <ele>258.6</ele>
      </trkpt>
      <trkpt lat="45.09756" lon="5.68382">
        <ele>261.3</ele>
      </trkpt>
      <trkpt lat="45.09708" lon="5.68371">
        <ele>261.3</ele>
      </trkpt>
      <trkpt lat="45.09484" lon="5.68376">
        <ele>263.6</ele>
      </trkpt>
      <trkpt lat="45.09369" lon="5.68372">
        <ele>266.2</ele>
      </trkpt>
      <trkpt lat="45.09331" lon="5.68368">
        <ele>266.2</ele>
      </trkpt>
      <trkpt lat="45.09302" lon="5.68369">
        <ele>266.2</ele>
      </trkpt>
      <trkpt lat="45.0887" lon="5.68359">
        <ele>272.6</ele>
      </trkpt>
      <trkpt lat="45.08718" lon="5.68332">
        <ele>273.4</ele>
      </trkpt>
      <trkpt lat="45.08665" lon="5.68312">
        <ele>273.4</ele>
      </trkpt>
      <trkpt lat="45.08001" lon="5.67934">
        <ele>282.8</ele>
      </trkpt>
      <trkpt lat="45.07915" lon="5.67901">
        <ele>282.8</ele>
      </trkpt>
      <trkpt lat="45.0753" lon="5.67799">
        <ele>286.6</ele>
      </trkpt>
      <trkpt lat="45.07481" lon="5.6778">
        <ele>286.6</ele>
      </trkpt>
      <trkpt lat="45.07391" lon="5.67723">
        <ele>288.0</ele>
      </trkpt>
      <trkpt lat="45.07362" lon="5.67713">
        <ele>288.1</ele>
      </trkpt>
      <trkpt lat="45.0732" lon="5.67683">
        <ele>288.1</ele>
      </trkpt>
      <trkpt lat="45.07296" lon="5.67661">
        <ele>288.2</ele>
      </trkpt>
      <trkpt lat="45.06775" lon="5.67337">
        <ele>294.8</ele>
      </trkpt>
      <trkpt lat="45.06713" lon="5.67281">
        <ele>295.3</ele>
      </trkpt>
      <trkpt lat="45.06689" lon="5.67243">
        <ele>295.8</ele>
      </trkpt>
      <trkpt lat="45.06678" lon="5.67204">
        <ele>295.9</ele>
      </trkpt>
      <trkpt lat="45.06643" lon="5.67198">
        <ele>296.0</ele>
      </trkpt>
      <trkpt lat="45.06594" lon="5.67181">
        <ele>296.2</ele>
      </trkpt>
      <trkpt lat="45.06417" lon="5.67007">
        <ele>299.5</ele>
      </trkpt>
      <trkpt lat="45.06364" lon="5.66963">
        <ele>299.6</ele>
      </trkpt>
      <trkpt lat="45.06337" lon="5.66948">
        <ele>299.9</ele>
      </trkpt>
      <trkpt lat="45.06129" lon="5.66884">
        <ele>301.7</ele>
      </trkpt>
      <trkpt lat="45.06001" lon="5.66835">
        <ele>304.6</ele>
      </trkpt>
      <trkpt lat="45.05924" lon="5.66822">
        <ele>304.6</ele>
      </trkpt>
      <trkpt lat="45.05623" lon="5.66739">
        <ele>309.0</ele>
      </trkpt>
      <trkpt lat="45.05582" lon="5.66936">
        <ele>310.1</ele>
      </trkpt>
      <trkpt lat="45.05496" lon="5.6724">
        <ele>309.8</ele>
      </trkpt>
      <trkpt lat="45.05285" lon="5.67688">
        <ele>308.3</ele>
      </trkpt>
      <trkpt lat="45.05255" lon="5.67719">
        <ele>308.3</ele>
      </trkpt>
      <trkpt lat="45.05243" lon="5.67775">
        <ele>308.3</ele>
      </trkpt>
      <trkpt lat="45.05042" lon="5.68212">
        <ele>308.1</ele>
      </trkpt>
      <trkpt lat="45.04992" lon="5.68335">
        <ele>309.1</ele>
      </trkpt>
      <trkpt lat="45.0496" lon="5.68391">
        <ele>309.1</ele>
      </trkpt>
      <trkpt lat="45.04866" lon="5.68515">
        <ele>315.5</ele>
      </trkpt>
      <trkpt lat="45.04818" lon="5.68589">
        <ele>315.5</ele>
      </trkpt>
      <trkpt lat="45.04717" lon="5.68775">
        <ele>319.5</ele>
      </trkpt>
      <trkpt lat="45.04621" lon="5.68986">
        <ele>318.2</ele>
      </trkpt>
      <trkpt lat="45.04533" lon="5.69102">
        <ele>314.6</ele>
      </trkpt>
      <trkpt lat="45.04517" lon="5.69144">
        <ele>313.3</ele>
      </trkpt>
      <trkpt lat="45.0449" lon="5.69262">
        <ele>310.8</ele>
      </trkpt>
      <trkpt lat="45.04491" lon="5.69304">
        <ele>309.5</ele>
      </trkpt>
      <trkpt lat="45.04501" lon="5.69356">
        <ele>309.1</ele>
      </trkpt>
      <trkpt lat="45.04487" lon="5.69392">
        <ele>308.7</ele>
      </trkpt>
      <trkpt lat="45.04428" lon="5.69386">
        <ele>308.2</ele>
      </trkpt>
      <trkpt lat="45.04372" lon="5.69618">
        <ele>305.6</ele>
      </trkpt>
      <trkpt lat="45.04336" lon="5.69896">
        <ele>308.4</ele>
      </trkpt>
      <trkpt lat="45.04337" lon="5.69982">
        <ele>308.4</ele>
      </trkpt>
      <trkpt lat="45.04356" lon="5.70122">
        <ele>316.4</ele>
      </trkpt>
      <trkpt lat="45.04344" lon="5.70158">
        <ele>316.4</ele>
      </trkpt>
      <trkpt lat="45.04322" lon="5.70186">
        <ele>317.9</ele>
      </trkpt>
      <trkpt lat="45.0428" lon="5.70287">
        <ele>322.6</ele>
      </trkpt>
      <trkpt lat="45.0428" lon="5.70399">
        <ele>327.9</ele>
      </trkpt>
      <trkpt lat="45.04308" lon="5.70433">
        <ele>329.8</ele>
      </trkpt>
      <trkpt lat="45.04355" lon="5.70453">
        <ele>329.8</ele>
      </trkpt>
      <trkpt lat="45.04455" lon="5.70671">
        <ele>343.3</ele>
      </trkpt>
      <trkpt lat="45.04446" lon="5.70708">
        <ele>343.3</ele>
      </trkpt>
      <trkpt lat="45.04311" lon="5.70611">
        <ele>354.0</ele>
      </trkpt>
      <trkpt lat="45.04158" lon="5.70536">
        <ele>364.2</ele>
      </trkpt>
      <trkpt lat="45.04081" lon="5.7056">
        <ele>364.2</ele>
      </trkpt>
      <trkpt lat="45.03966" lon="5.70531">
        <ele>376.4</ele>
      </trkpt>
      <trkpt lat="45.03927" lon="5.70527">
        <ele>377.6</ele>
      </trkpt>
      <trkpt lat="45.0388" lon="5.70565">
        <ele>380.7</ele>
      </trkpt>
      <trkpt lat="45.03845" lon="5.70578">
        <ele>381.7</ele>
      </trkpt>
      <trkpt lat="45.03819" lon="5.70595">
        <ele>381.7</ele>
      </trkpt>
      <trkpt lat="45.03825" lon="5.70426">
        <ele>389.3</ele>
      </trkpt>
      <trkpt lat="45.03754" lon="5.70372">
        <ele>390.1</ele>
      </trkpt>
      <trkpt lat="45.03711" lon="5.70328">
        <ele>391.8</ele>
      </trkpt>
      <trkpt lat="45.03678" lon="5.70276">
        <ele>395.0</ele>
      </trkpt>
      <trkpt lat="45.03632" lon="5.70253">
        <ele>397.2</ele>
      </trkpt>
      <trkpt lat="45.03608" lon="5.70285">
        <ele>398.4</ele>
      </trkpt>
      <trkpt lat="45.03616" lon="5.70325">
        <ele>400.5</ele>
      </trkpt>
      <trkpt lat="45.03587" lon="5.7037">
        <ele>401.6</ele>
      </trkpt>
      <trkpt lat="45.03549" lon="5.70388">
        <ele>402.6</ele>
      </trkpt>
      <trkpt lat="45.03486" lon="5.70486">
        <ele>409.2</ele>
      </trkpt>
      <trkpt lat="45.03447" lon="5.70513">
        <ele>409.2</ele>
      </trkpt>
      <trkpt lat="45.03406" lon="5.70514">
        <ele>410.3</ele>
      </trkpt>
      <trkpt lat="45.03357" lon="5.70489">
        <ele>412.2</ele>
      </trkpt>
      <trkpt lat="45.03263" lon="5.70508">
        <ele>420.1</ele>
      </trkpt>
      <trkpt lat="45.03204" lon="5.70492">
        <ele>422.9</ele>
      </trkpt>
      <trkpt lat="45.0316" lon="5.70453">
        <ele>425.6</ele>
      </trkpt>
      <trkpt lat="45.03127" lon="5.7046">
        <ele>425.6</ele>
      </trkpt>
      <trkpt lat="45.03109" lon="5.70509">
        <ele>428.3</ele>
      </trkpt>
      <trkpt lat="45.03064" lon="5.70565">
        <ele>432.3</ele>
      </trkpt>
      <trkpt lat="45.03007" lon="5.70581">
        <ele>433.9</ele>
      </trkpt>
      <trkpt lat="45.02905" lon="5.70576">
        <ele>440.8</ele>
      </trkpt>
      <trkpt lat="45.02812" lon="5.70601">
        <ele>443.2</ele>
      </trkpt>
      <trkpt lat="45.02738" lon="5.70581">
        <ele>443.0</ele>
      </trkpt>
      <trkpt lat="45.02693" lon="5.70645">
        <ele>443.3</ele>
      </trkpt>
      <trkpt lat="45.02609" lon="5.70685">
        <ele>443.5</ele>
      </trkpt>
      <trkpt lat="45.02489" lon="5.70656">
        <ele>450.2</ele>
      </trkpt>
      <trkpt lat="45.02419" lon="5.70653">
        <ele>451.1</ele>
      </trkpt>
      <trkpt lat="45.02377" lon="5.70642">
        <ele>453.9</ele>
      </trkpt>
      <trkpt lat="45.02292" lon="5.70605">
        <ele>457.5</ele>
      </trkpt>
      <trkpt lat="45.02221" lon="5.70585">
        <ele>459.8</ele>
      </trkpt>
      <trkpt lat="45.02127" lon="5.70545">
        <ele>469.2</ele>
      </trkpt>
      <trkpt lat="45.0206" lon="5.70559">
        <ele>469.2</ele>
      </trkpt>
      <trkpt lat="45.01896" lon="5.70538">
        <ele>477.3</ele>
      </trkpt>
      <trkpt lat="45.0183" lon="5.70466">
        <ele>477.3</ele>
      </trkpt>
      <trkpt lat="45.01748" lon="5.70407">
        <ele>481.7</ele>
      </trkpt>
      <trkpt lat="45.01704" lon="5.70388">
        <ele>481.7</ele>
      </trkpt>
      <trkpt lat="45.01665" lon="5.70385">
        <ele>481.7</ele>
      </trkpt>
      <trkpt lat="45.01545" lon="5.70436">
        <ele>485.7</ele>
      </trkpt>
      <trkpt lat="45.01505" lon="5.70436">
        <ele>486.1</ele>
      </trkpt>
      <trkpt lat="45.01465" lon="5.70388">
        <ele>487.4</ele>
      </trkpt>
      <trkpt lat="45.01402" lon="5.70326">
        <ele>489.0</ele>
      </trkpt>
      <trkpt lat="45.01381" lon="5.70271">
        <ele>491.9</ele>
      </trkpt>
      <trkpt lat="45.01379" lon="5.70204">
        <ele>492.7</ele>
      </trkpt>
      <trkpt lat="45.01343" lon="5.70179">
        <ele>492.7</ele>
      </trkpt>
      <trkpt lat="45.01242" lon="5.70221">
        <ele>500.7</ele>
      </trkpt>
      <trkpt lat="45.01195" lon="5.70202">
        <ele>501.5</ele>
      </trkpt>
      <trkpt lat="45.01144" lon="5.70154">
        <ele>502.4</ele>
      </trkpt>
      <trkpt lat="45.01068" lon="5.70056">
        <ele>510.4</ele>
      </trkpt>
      <trkpt lat="45.01038" lon="5.70034">
        <ele>511.7</ele>
      </trkpt>
      <trkpt lat="45.00972" lon="5.70023">
        <ele>512.8</ele>
      </trkpt>
      <trkpt lat="45.00753" lon="5.70042">
        <ele>531.1</ele>
      </trkpt>
      <trkpt lat="45.00678" lon="5.7007">
        <ele>533.3</ele>
      </trkpt>
      <trkpt lat="45.00623" lon="5.70079">
        <ele>538.1</ele>
      </trkpt>
      <trkpt lat="45.00539" lon="5.70076">
        <ele>541.8</ele>
      </trkpt>
      <trkpt lat="45.00496" lon="5.70097">
        <ele>545.2</ele>
      </trkpt>
      <trkpt lat="45.00424" lon="5.70145">
        <ele>548.1</ele>
      </trkpt>
      <trkpt lat="45.00371" lon="5.70146">
        <ele>550.1</ele>
      </trkpt>
      <trkpt lat="45.00345" lon="5.70127">
        <ele>550.1</ele>
      </trkpt>
      <trkpt lat="45.00327" lon="5.70056">
        <ele>552.7</ele>
      </trkpt>
      <trkpt lat="45.00286" lon="5.69973">
        <ele>558.9</ele>
      </trkpt>
      <trkpt lat="45.00256" lon="5.69944">
        <ele>562.1</ele>
      </trkpt>
      <trkpt lat="45.00223" lon="5.69929">
        <ele>562.1</ele>
      </trkpt>
      <trkpt lat="45.00189" lon="5.69921">
        <ele>565.3</ele>
      </trkpt>
      <trkpt lat="45.00114" lon="5.69928">
        <ele>571.4</ele>
      </trkpt>
      <trkpt lat="45.00032" lon="5.69911">
        <ele>577.7</ele>
      </trkpt>
      <trkpt lat="44.99996" lon="5.69918">
        <ele>579.8</ele>
      </trkpt>
      <trkpt lat="44.99948" lon="5.69945">
        <ele>584.1</ele>
      </trkpt>
      <trkpt lat="44.99903" lon="5.69953">
        <ele>589.9</ele>
      </trkpt>
      <trkpt lat="44.99866" lon="5.6995">
        <ele>589.9</ele>
      </trkpt>
      <trkpt lat="44.99837" lon="5.6994">
        <ele>591.8</ele>
      </trkpt>
      <trkpt lat="44.99741" lon="5.69858">
        <ele>603.3</ele>
      </trkpt>
      <trkpt lat="44.99654" lon="5.69806">
        <ele>611.8</ele>
      </trkpt>
      <trkpt lat="44.99586" lon="5.69792">
        <ele>614.6</ele>
      </trkpt>
      <trkpt lat="44.99513" lon="5.69764">
        <ele>618.6</ele>
      </trkpt>
      <trkpt lat="44.99328" lon="5.69756">
        <ele>642.5</ele>
      </trkpt>
      <trkpt lat="44.9928" lon="5.69744">
        <ele>643.2</ele>
      </trkpt>
      <trkpt lat="44.99213" lon="5.69744">
        <ele>646.6</ele>
      </trkpt>
      <trkpt lat="44.99177" lon="5.69751">
        <ele>649.2</ele>
      </trkpt>
      <trkpt lat="44.99146" lon="5.69799">
        <ele>649.2</ele>
      </trkpt>
      <trkpt lat="44.99115" lon="5.69833">
        <ele>653.1</ele>
      </trkpt>
      <trkpt lat="44.99084" lon="5.69899">
        <ele>661.7</ele>
      </trkpt>
      <trkpt lat="44.99046" lon="5.69942">
        <ele>665.4</ele>
      </trkpt>
      <trkpt lat="44.99018" lon="5.69963">
        <ele>665.4</ele>
      </trkpt>
      <trkpt lat="44.98988" lon="5.69957">
        <ele>668.2</ele>
      </trkpt>
      <trkpt lat="44.98962" lon="5.69869">
        <ele>673.0</ele>
      </trkpt>
      <trkpt lat="44.98933" lon="5.69849">
        <ele>674.3</ele>
      </trkpt>
      <trkpt lat="44.98889" lon="5.69853">
        <ele>676.3</ele>
      </trkpt>
      <trkpt lat="44.98828" lon="5.69876">
        <ele>683.3</ele>
      </trkpt>
      <trkpt lat="44.98799" lon="5.69902">
        <ele>686.8</ele>
      </trkpt>
      <trkpt lat="44.98774" lon="5.69967">
        <ele>688.3</ele>
      </trkpt>
      <trkpt lat="44.98744" lon="5.69986">
        <ele>689.8</ele>
      </trkpt>
      <trkpt lat="44.98708" lon="5.69976">
        <ele>691.5</ele>
      </trkpt>
      <trkpt lat="44.98635" lon="5.70081">
        <ele>705.2</ele>
      </trkpt>
      <trkpt lat="44.98589" lon="5.70129">
        <ele>705.2</ele>
      </trkpt>
      <trkpt lat="44.98487" lon="5.70178">
        <ele>718.4</ele>
      </trkpt>
      <trkpt lat="44.98424" lon="5.70199">
        <ele>721.5</ele>
      </trkpt>
      <trkpt lat="44.98367" lon="5.70258">
        <ele>727.1</ele>
      </trkpt>
      <trkpt lat="44.98317" lon="5.70288">
        <ele>729.8</ele>
      </trkpt>
      <trkpt lat="44.98225" lon="5.70287">
        <ele>736.3</ele>
      </trkpt>
      <trkpt lat="44.98077" lon="5.7035">
        <ele>748.3</ele>
      </trkpt>
      <trkpt lat="44.97999" lon="5.70347">
        <ele>750.2</ele>
      </trkpt>
      <trkpt lat="44.97918" lon="5.70376">
        <ele>753.9</ele>
      </trkpt>
      <trkpt lat="44.97848" lon="5.70371">
        <ele>756.0</ele>
      </trkpt>
      <trkpt lat="44.97607" lon="5.70394">
        <ele>770.5</ele>
      </trkpt>
      <trkpt lat="44.96967" lon="5.70378">
        <ele>818.2</ele>
      </trkpt>
      <trkpt lat="44.96907" lon="5.70337">
        <ele>818.2</ele>
      </trkpt>
      <trkpt lat="44.96609" lon="5.70071">
        <ele>839.5</ele>
      </trkpt>
      <trkpt lat="44.96577" lon="5.70056">
        <ele>839.8</ele>
      </trkpt>
      <trkpt lat="44.96536" lon="5.70048">
        <ele>839.8</ele>
      </trkpt>
      <trkpt lat="44.9651" lon="5.70067">
        <ele>840.1</ele>
      </trkpt>
      <trkpt lat="44.96443" lon="5.70281">
        <ele>846.5</ele>
      </trkpt>
      <trkpt lat="44.96418" lon="5.7033">
        <ele>846.7</ele>
      </trkpt>
      <trkpt lat="44.96388" lon="5.70363">
        <ele>846.7</ele>
      </trkpt>
      <trkpt lat="44.96351" lon="5.7039">
        <ele>847.1</ele>
      </trkpt>
      <trkpt lat="44.96286" lon="5.70417">
        <ele>847.8</ele>
      </trkpt>
      <trkpt lat="44.96236" lon="5.70429">
        <ele>849.1</ele>
      </trkpt>
      <trkpt lat="44.96157" lon="5.70434">
        <ele>850.7</ele>
      </trkpt>
      <trkpt lat="44.96132" lon="5.70449">
        <ele>851.3</ele>
      </trkpt>
      <trkpt lat="44.96121" lon="5.70484">
        <ele>851.3</ele>
      </trkpt>
      <trkpt lat="44.96131" lon="5.70651">
        <ele>852.3</ele>
      </trkpt>
      <trkpt lat="44.96153" lon="5.70798">
        <ele>853.6</ele>
      </trkpt>
      <trkpt lat="44.96192" lon="5.70929">
        <ele>855.6</ele>
      </trkpt>
      <trkpt lat="44.96205" lon="5.71033">
        <ele>855.6</ele>
      </trkpt>
      <trkpt lat="44.96208" lon="5.71213">
        <ele>859.0</ele>
      </trkpt>
      <trkpt lat="44.96202" lon="5.71339">
        <ele>858.9</ele>
      </trkpt>
      <trkpt lat="44.96186" lon="5.71449">
        <ele>859.0</ele>
      </trkpt>
      <trkpt lat="44.96189" lon="5.71508">
        <ele>859.0</ele>
      </trkpt>
      <trkpt lat="44.96211" lon="5.71557">
        <ele>859.0</ele>
      </trkpt>
      <trkpt lat="44.963" lon="5.71646">
        <ele>857.9</ele>
      </trkpt>
      <trkpt lat="44.96406" lon="5.71763">
        <ele>854.6</ele>
      </trkpt>
      <trkpt lat="44.96444" lon="5.71828">
        <ele>854.3</ele>
      </trkpt>
      <trkpt lat="44.96463" lon="5.7189">
        <ele>853.5</ele>
      </trkpt>
      <trkpt lat="44.96465" lon="5.7195">
        <ele>852.3</ele>
      </trkpt>
      <trkpt lat="44.96446" lon="5.72025">
        <ele>850.7</ele>
      </trkpt>
      <trkpt lat="44.96419" lon="5.72087">
        <ele>847.3</ele>
      </trkpt>
      <trkpt lat="44.9638" lon="5.72127">
        <ele>846.2</ele>
      </trkpt>
      <trkpt lat="44.96383" lon="5.72176">
        <ele>845.0</ele>
      </trkpt>
      <trkpt lat="44.96436" lon="5.72222">
        <ele>841.4</ele>
      </trkpt>
      <trkpt lat="44.96484" lon="5.72284">
        <ele>838.9</ele>
      </trkpt>
      <trkpt lat="44.96529" lon="5.72311">
        <ele>836.9</ele>
      </trkpt>
      <trkpt lat="44.9658" lon="5.72299">
        <ele>835.8</ele>
      </trkpt>
      <trkpt lat="44.96636" lon="5.72311">
        <ele>834.4</ele>
      </trkpt>
      <trkpt lat="44.96668" lon="5.72357">
        <ele>833.8</ele>
      </trkpt>
      <trkpt lat="44.96679" lon="5.72486">
        <ele>826.4</ele>
      </trkpt>
      <trkpt lat="44.96775" lon="5.72614">
        <ele>816.1</ele>
      </trkpt>
      <trkpt lat="44.96832" lon="5.72637">
        <ele>813.7</ele>
      </trkpt>
      <trkpt lat="44.96876" lon="5.72733">
        <ele>810.2</ele>
      </trkpt>
      <trkpt lat="44.96904" lon="5.72771">
        <ele>806.8</ele>
      </trkpt>
      <trkpt lat="44.96979" lon="5.72821">
        <ele>803.7</ele>
      </trkpt>
      <trkpt lat="44.96994" lon="5.7286">
        <ele>802.1</ele>
      </trkpt>
      <trkpt lat="44.97" lon="5.72903">
        <ele>801.9</ele>
      </trkpt>
      <trkpt lat="44.96989" lon="5.7294">
        <ele>801.3</ele>
      </trkpt>
      <trkpt lat="44.96956" lon="5.72959">
        <ele>801.9</ele>
      </trkpt>
      <trkpt lat="44.96879" lon="5.72958">
        <ele>804.4</ele>
      </trkpt>
      <trkpt lat="44.968" lon="5.72976">
        <ele>805.9</ele>
      </trkpt>
      <trkpt lat="44.96701" lon="5.72963">
        <ele>812.3</ele>
      </trkpt>
      <trkpt lat="44.96653" lon="5.72996">
        <ele>814.8</ele>
      </trkpt>
      <trkpt lat="44.96606" lon="5.72995">
        <ele>820.6</ele>
      </trkpt>
      <trkpt lat="44.96565" lon="5.72967">
        <ele>824.5</ele>
      </trkpt>
      <trkpt lat="44.96539" lon="5.72956">
        <ele>824.5</ele>
      </trkpt>
      <trkpt lat="44.96512" lon="5.7295">
        <ele>825.7</ele>
      </trkpt>
      <trkpt lat="44.96481" lon="5.72961">
        <ele>825.7</ele>
      </trkpt>
      <trkpt lat="44.9633" lon="5.73093">
        <ele>839.7</ele>
      </trkpt>
      <trkpt lat="44.96289" lon="5.73139">
        <ele>841.8</ele>
      </trkpt>
      <trkpt lat="44.96219" lon="5.73162">
        <ele>846.3</ele>
      </trkpt>
      <trkpt lat="44.96198" lon="5.73205">
        <ele>849.1</ele>
      </trkpt>
      <trkpt lat="44.962" lon="5.73248">
        <ele>849.1</ele>
      </trkpt>
      <trkpt lat="44.96189" lon="5.73311">
        <ele>851.3</ele>
      </trkpt>
      <trkpt lat="44.96196" lon="5.73393">
        <ele>853.7</ele>
      </trkpt>
      <trkpt lat="44.9617" lon="5.73562">
        <ele>863.8</ele>
      </trkpt>
      <trkpt lat="44.96178" lon="5.73634">
        <ele>865.2</ele>
      </trkpt>
      <trkpt lat="44.96151" lon="5.73741">
        <ele>868.9</ele>
      </trkpt>
      <trkpt lat="44.96184" lon="5.73835">
        <ele>873.3</ele>
      </trkpt>
      <trkpt lat="44.96182" lon="5.73906">
        <ele>878.1</ele>
      </trkpt>
      <trkpt lat="44.96137" lon="5.74009">
        <ele>883.0</ele>
      </trkpt>
      <trkpt lat="44.96132" lon="5.74048">
        <ele>884.7</ele>
      </trkpt>
      <trkpt lat="44.96158" lon="5.74102">
        <ele>887.0</ele>
      </trkpt>
      <trkpt lat="44.96229" lon="5.74132">
        <ele>892.4</ele>
      </trkpt>
      <trkpt lat="44.96244" lon="5.74176">
        <ele>895.8</ele>
      </trkpt>
      <trkpt lat="44.96206" lon="5.74264">
        <ele>899.1</ele>
      </trkpt>
      <trkpt lat="44.96199" lon="5.74357">
        <ele>902.8</ele>
      </trkpt>
      <trkpt lat="44.96199" lon="5.74461">
        <ele>908.3</ele>
      </trkpt>
      <trkpt lat="44.96177" lon="5.74534">
        <ele>909.8</ele>
      </trkpt>
      <trkpt lat="44.96153" lon="5.74564">
        <ele>911.1</ele>
      </trkpt>
      <trkpt lat="44.96093" lon="5.74621">
        <ele>914.6</ele>
      </trkpt>
      <trkpt lat="44.96037" lon="5.74629">
        <ele>915.9</ele>
      </trkpt>
      <trkpt lat="44.9591" lon="5.74681">
        <ele>925.5</ele>
      </trkpt>
      <trkpt lat="44.95845" lon="5.74795">
        <ele>935.1</ele>
      </trkpt>
      <trkpt lat="44.95771" lon="5.74858">
        <ele>935.1</ele>
      </trkpt>
      <trkpt lat="44.9568" lon="5.74956">
        <ele>947.2</ele>
      </trkpt>
      <trkpt lat="44.95643" lon="5.74982">
        <ele>948.0</ele>
      </trkpt>
      <trkpt lat="44.95611" lon="5.75013">
        <ele>948.0</ele>
      </trkpt>
      <trkpt lat="44.95576" lon="5.75062">
        <ele>949.0</ele>
      </trkpt>
      <trkpt lat="44.95398" lon="5.75359">
        <ele>963.6</ele>
      </trkpt>
      <trkpt lat="44.95279" lon="5.75584">
        <ele>957.8</ele>
      </trkpt>
      <trkpt lat="44.95208" lon="5.75677">
        <ele>954.2</ele>
      </trkpt>
      <trkpt lat="44.95127" lon="5.7576">
        <ele>948.7</ele>
      </trkpt>
      <trkpt lat="44.95076" lon="5.75802">
        <ele>948.7</ele>
      </trkpt>
      <trkpt lat="44.95048" lon="5.75813">
        <ele>948.7</ele>
      </trkpt>
      <trkpt lat="44.94941" lon="5.75778">
        <ele>941.7</ele>
      </trkpt>
      <trkpt lat="44.94905" lon="5.75775">
        <ele>941.7</ele>
      </trkpt>
      <trkpt lat="44.94785" lon="5.75841">
        <ele>935.1</ele>
      </trkpt>
      <trkpt lat="44.94644" lon="5.7589">
        <ele>927.3</ele>
      </trkpt>
      <trkpt lat="44.94616" lon="5.75905">
        <ele>927.3</ele>
      </trkpt>
      <trkpt lat="44.94579" lon="5.75948">
        <ele>925.8</ele>
      </trkpt>
      <trkpt lat="44.94546" lon="5.76039">
        <ele>923.0</ele>
      </trkpt>
      <trkpt lat="44.94417" lon="5.76211">
        <ele>910.0</ele>
      </trkpt>
      <trkpt lat="44.94389" lon="5.76239">
        <ele>910.0</ele>
      </trkpt>
      <trkpt lat="44.94352" lon="5.76264">
        <ele>910.0</ele>
      </trkpt>
      <trkpt lat="44.94217" lon="5.7631">
        <ele>907.6</ele>
      </trkpt>
      <trkpt lat="44.94201" lon="5.76354">
        <ele>907.6</ele>
      </trkpt>
      <trkpt lat="44.94054" lon="5.76532">
        <ele>903.5</ele>
      </trkpt>
      <trkpt lat="44.93703" lon="5.76982">
        <ele>890.2</ele>
      </trkpt>
      <trkpt lat="44.93643" lon="5.77026">
        <ele>890.2</ele>
      </trkpt>
      <trkpt lat="44.93551" lon="5.77071">
        <ele>889.2</ele>
      </trkpt>
      <trkpt lat="44.93521" lon="5.7707">
        <ele>889.2</ele>
      </trkpt>
      <trkpt lat="44.93491" lon="5.77101">
        <ele>889.2</ele>
      </trkpt>
      <trkpt lat="44.93221" lon="5.77238">
        <ele>890.4</ele>
      </trkpt>
      <trkpt lat="44.93094" lon="5.77349">
        <ele>891.2</ele>
      </trkpt>
      <trkpt lat="44.92844" lon="5.77581">
        <ele>887.6</ele>
      </trkpt>
      <trkpt lat="44.92828" lon="5.77596">
        <ele>887.6</ele>
      </trkpt>
      <trkpt lat="44.92538" lon="5.7786">
        <ele>885.4</ele>
      </trkpt>
      <trkpt lat="44.92494" lon="5.77882">
        <ele>885.4</ele>
      </trkpt>
      <trkpt lat="44.91616" lon="5.78135">
        <ele>884.5</ele>
      </trkpt>
      <trkpt lat="44.91277" lon="5.78369">
        <ele>881.9</ele>
      </trkpt>
      <trkpt lat="44.91221" lon="5.78391">
        <ele>882.1</ele>
      </trkpt>
      <trkpt lat="44.91198" lon="5.78418">
        <ele>882.1</ele>
      </trkpt>
      <trkpt lat="44.91153" lon="5.78418">
        <ele>882.4</ele>
      </trkpt>
      <trkpt lat="44.91047" lon="5.78404">
        <ele>883.5</ele>
      </trkpt>
      <trkpt lat="44.91012" lon="5.7837">
        <ele>883.5</ele>
      </trkpt>
      <trkpt lat="44.9099" lon="5.78385">
        <ele>883.5</ele>
      </trkpt>
      <trkpt lat="44.90813" lon="5.7839">
        <ele>884.3</ele>
      </trkpt>
      <trkpt lat="44.90693" lon="5.78437">
        <ele>883.2</ele>
      </trkpt>
      <trkpt lat="44.90669" lon="5.78469">
        <ele>883.2</ele>
      </trkpt>
      <trkpt lat="44.9069" lon="5.78607">
        <ele>878.7</ele>
      </trkpt>
      <trkpt lat="44.90665" lon="5.78737">
        <ele>873.0</ele>
      </trkpt>
      <trkpt lat="44.90648" lon="5.78775">
        <ele>873.0</ele>
      </trkpt>
      <trkpt lat="44.90553" lon="5.78743">
        <ele>868.8</ele>
      </trkpt>
      <trkpt lat="44.90542" lon="5.79008">
        <ele>861.0</ele>
      </trkpt>
      <trkpt lat="44.90526" lon="5.79654">
        <ele>822.0</ele>
      </trkpt>
      <trkpt lat="44.90516" lon="5.79711">
        <ele>821.0</ele>
      </trkpt>
      <trkpt lat="44.90494" lon="5.79745">
        <ele>821.0</ele>
      </trkpt>
      <trkpt lat="44.90461" lon="5.7977">
        <ele>819.8</ele>
      </trkpt>
      <trkpt lat="44.90319" lon="5.79807">
        <ele>809.5</ele>
      </trkpt>
      <trkpt lat="44.90228" lon="5.79863">
        <ele>804.5</ele>
      </trkpt>
      <trkpt lat="44.90182" lon="5.79856">
        <ele>803.4</ele>
      </trkpt>
      <trkpt lat="44.90166" lon="5.79907">
        <ele>803.4</ele>
      </trkpt>
      <trkpt lat="44.90151" lon="5.79939">
        <ele>802.6</ele>
      </trkpt>
      <trkpt lat="44.90086" lon="5.80029">
        <ele>796.5</ele>
      </trkpt>
      <trkpt lat="44.90049" lon="5.80062">
        <ele>794.6</ele>
      </trkpt>
      <trkpt lat="44.89974" lon="5.80105">
        <ele>791.3</ele>
      </trkpt>
      <trkpt lat="44.89944" lon="5.80157">
        <ele>789.2</ele>
      </trkpt>
      <trkpt lat="44.89899" lon="5.80279">
        <ele>777.9</ele>
      </trkpt>
      <trkpt lat="44.8989" lon="5.80344">
        <ele>774.5</ele>
      </trkpt>
      <trkpt lat="44.89887" lon="5.80468">
        <ele>771.5</ele>
      </trkpt>
      <trkpt lat="44.89855" lon="5.80595">
        <ele>760.0</ele>
      </trkpt>
      <trkpt lat="44.8982" lon="5.80668">
        <ele>760.0</ele>
      </trkpt>
      <trkpt lat="44.8973" lon="5.80795">
        <ele>748.9</ele>
      </trkpt>
      <trkpt lat="44.89822" lon="5.80795">
        <ele>739.7</ele>
      </trkpt>
      <trkpt lat="44.8991" lon="5.80744">
        <ele>728.0</ele>
      </trkpt>
      <trkpt lat="44.89978" lon="5.80772">
        <ele>725.4</ele>
      </trkpt>
      <trkpt lat="44.90028" lon="5.80827">
        <ele>720.3</ele>
      </trkpt>
      <trkpt lat="44.90058" lon="5.80901">
        <ele>717.8</ele>
      </trkpt>
      <trkpt lat="44.90056" lon="5.80961">
        <ele>712.5</ele>
      </trkpt>
      <trkpt lat="44.90018" lon="5.81057">
        <ele>707.4</ele>
      </trkpt>
      <trkpt lat="44.90021" lon="5.8113">
        <ele>700.6</ele>
      </trkpt>
      <trkpt lat="44.89996" lon="5.812">
        <ele>696.3</ele>
      </trkpt>
      <trkpt lat="44.89994" lon="5.81239">
        <ele>696.3</ele>
      </trkpt>
      <trkpt lat="44.90014" lon="5.81276">
        <ele>693.0</ele>
      </trkpt>
      <trkpt lat="44.89986" lon="5.81269">
        <ele>693.0</ele>
      </trkpt>
      <trkpt lat="44.89974" lon="5.81189">
        <ele>687.8</ele>
      </trkpt>
      <trkpt lat="44.89987" lon="5.81142">
        <ele>684.6</ele>
      </trkpt>
      <trkpt lat="44.89969" lon="5.81073">
        <ele>683.8</ele>
      </trkpt>
      <trkpt lat="44.8996" lon="5.81027">
        <ele>683.2</ele>
      </trkpt>
      <trkpt lat="44.89936" lon="5.81015">
        <ele>679.8</ele>
      </trkpt>
      <trkpt lat="44.89891" lon="5.81118">
        <ele>672.6</ele>
      </trkpt>
      <trkpt lat="44.89857" lon="5.81164">
        <ele>662.6</ele>
      </trkpt>
      <trkpt lat="44.89841" lon="5.81224">
        <ele>657.2</ele>
      </trkpt>
      <trkpt lat="44.898" lon="5.8124">
        <ele>655.6</ele>
      </trkpt>
      <trkpt lat="44.8984" lon="5.81247">
        <ele>652.0</ele>
      </trkpt>
      <trkpt lat="44.89882" lon="5.81214">
        <ele>650.2</ele>
      </trkpt>
      <trkpt lat="44.8991" lon="5.81234">
        <ele>647.5</ele>
      </trkpt>
      <trkpt lat="44.89918" lon="5.81336">
        <ele>640.8</ele>
      </trkpt>
      <trkpt lat="44.89934" lon="5.81375">
        <ele>638.5</ele>
      </trkpt>
      <trkpt lat="44.89967" lon="5.81417">
        <ele>635.1</ele>
      </trkpt>
      <trkpt lat="44.90039" lon="5.81431">
        <ele>629.2</ele>
      </trkpt>
      <trkpt lat="44.90122" lon="5.81534">
        <ele>617.0</ele>
      </trkpt>
      <trkpt lat="44.90209" lon="5.81624">
        <ele>602.3</ele>
      </trkpt>
      <trkpt lat="44.90212" lon="5.81675">
        <ele>602.3</ele>
      </trkpt>
      <trkpt lat="44.90131" lon="5.81783">
        <ele>608.7</ele>
      </trkpt>
      <trkpt lat="44.90099" lon="5.81777">
        <ele>612.3</ele>
      </trkpt>
      <trkpt lat="44.90053" lon="5.81671">
        <ele>617.8</ele>
      </trkpt>
      <trkpt lat="44.9001" lon="5.81645">
        <ele>620.1</ele>
      </trkpt>
      <trkpt lat="44.89973" lon="5.81651">
        <ele>620.1</ele>
      </trkpt>
      <trkpt lat="44.89865" lon="5.81633">
        <ele>630.2</ele>
      </trkpt>
      <trkpt lat="44.89819" lon="5.81643">
        <ele>631.1</ele>
      </trkpt>
      <trkpt lat="44.89794" lon="5.81661">
        <ele>632.2</ele>
      </trkpt>
      <trkpt lat="44.89768" lon="5.81691">
        <ele>635.0</ele>
      </trkpt>
      <trkpt lat="44.89732" lon="5.81696">
        <ele>636.2</ele>
      </trkpt>
      <trkpt lat="44.89692" lon="5.81654">
        <ele>642.3</ele>
      </trkpt>
      <trkpt lat="44.89642" lon="5.81666">
        <ele>647.0</ele>
      </trkpt>
      <trkpt lat="44.8961" lon="5.81692">
        <ele>649.2</ele>
      </trkpt>
      <trkpt lat="44.89562" lon="5.8174">
        <ele>656.1</ele>
      </trkpt>
      <trkpt lat="44.89491" lon="5.81712">
        <ele>661.4</ele>
      </trkpt>
      <trkpt lat="44.89439" lon="5.81662">
        <ele>666.5</ele>
      </trkpt>
      <trkpt lat="44.89391" lon="5.81605">
        <ele>671.4</ele>
      </trkpt>
      <trkpt lat="44.89332" lon="5.81576">
        <ele>673.7</ele>
      </trkpt>
      <trkpt lat="44.89229" lon="5.81476">
        <ele>690.9</ele>
      </trkpt>
      <trkpt lat="44.89192" lon="5.81451">
        <ele>690.9</ele>
      </trkpt>
      <trkpt lat="44.89164" lon="5.81453">
        <ele>690.9</ele>
      </trkpt>
      <trkpt lat="44.89225" lon="5.81562">
        <ele>705.6</ele>
      </trkpt>
      <trkpt lat="44.89308" lon="5.81775">
        <ele>720.6</ele>
      </trkpt>
      <trkpt lat="44.89356" lon="5.81817">
        <ele>723.7</ele>
      </trkpt>
      <trkpt lat="44.89377" lon="5.81855">
        <ele>726.7</ele>
      </trkpt>
      <trkpt lat="44.89389" lon="5.81926">
        <ele>728.1</ele>
      </trkpt>
      <trkpt lat="44.8939" lon="5.8197">
        <ele>729.5</ele>
      </trkpt>
      <trkpt lat="44.89384" lon="5.82019">
        <ele>731.0</ele>
      </trkpt>
      <trkpt lat="44.89357" lon="5.82144">
        <ele>743.9</ele>
      </trkpt>
      <trkpt lat="44.89316" lon="5.82267">
        <ele>751.2</ele>
      </trkpt>
      <trkpt lat="44.89221" lon="5.82364">
        <ele>762.2</ele>
      </trkpt>
      <trkpt lat="44.89183" lon="5.82419">
        <ele>763.8</ele>
      </trkpt>
      <trkpt lat="44.89137" lon="5.82473">
        <ele>768.4</ele>
      </trkpt>
      <trkpt lat="44.89104" lon="5.82501">
        <ele>770.4</ele>
      </trkpt>
      <trkpt lat="44.89066" lon="5.82507">
        <ele>770.4</ele>
      </trkpt>
      <trkpt lat="44.89029" lon="5.82491">
        <ele>772.4</ele>
      </trkpt>
      <trkpt lat="44.88958" lon="5.8244">
        <ele>776.0</ele>
      </trkpt>
      <trkpt lat="44.88929" lon="5.82432">
        <ele>776.7</ele>
      </trkpt>
      <trkpt lat="44.88902" lon="5.82433">
        <ele>776.7</ele>
      </trkpt>
      <trkpt lat="44.88871" lon="5.82446">
        <ele>776.7</ele>
      </trkpt>
      <trkpt lat="44.88717" lon="5.82552">
        <ele>802.8</ele>
      </trkpt>
      <trkpt lat="44.88682" lon="5.82569">
        <ele>802.8</ele>
      </trkpt>
      <trkpt lat="44.88637" lon="5.82579">
        <ele>805.0</ele>
      </trkpt>
      <trkpt lat="44.88576" lon="5.82568">
        <ele>809.1</ele>
      </trkpt>
      <trkpt lat="44.8845" lon="5.82509">
        <ele>824.6</ele>
      </trkpt>
      <trkpt lat="44.88422" lon="5.82503">
        <ele>824.6</ele>
      </trkpt>
      <trkpt lat="44.88365" lon="5.82507">
        <ele>824.6</ele>
      </trkpt>
      <trkpt lat="44.88038" lon="5.82584">
        <ele>838.9</ele>
      </trkpt>
      <trkpt lat="44.87964" lon="5.82628">
        <ele>838.9</ele>
      </trkpt>
      <trkpt lat="44.87889" lon="5.82708">
        <ele>841.4</ele>
      </trkpt>
      <trkpt lat="44.87829" lon="5.82815">
        <ele>843.6</ele>
      </trkpt>
      <trkpt lat="44.87757" lon="5.8298">
        <ele>844.8</ele>
      </trkpt>
      <trkpt lat="44.87691" lon="5.83101">
        <ele>846.0</ele>
      </trkpt>
      <trkpt lat="44.87634" lon="5.83235">
        <ele>848.2</ele>
      </trkpt>
      <trkpt lat="44.87578" lon="5.83333">
        <ele>848.4</ele>
      </trkpt>
      <trkpt lat="44.8757" lon="5.83422">
        <ele>848.9</ele>
      </trkpt>
      <trkpt lat="44.87589" lon="5.83472">
        <ele>849.2</ele>
      </trkpt>
      <trkpt lat="44.87627" lon="5.8354">
        <ele>848.8</ele>
      </trkpt>
      <trkpt lat="44.87639" lon="5.83592">
        <ele>848.4</ele>
      </trkpt>
      <trkpt lat="44.87636" lon="5.83632">
        <ele>848.0</ele>
      </trkpt>
      <trkpt lat="44.87618" lon="5.83678">
        <ele>847.6</ele>
      </trkpt>
      <trkpt lat="44.87586" lon="5.83725">
        <ele>847.0</ele>
      </trkpt>
      <trkpt lat="44.87514" lon="5.83795">
        <ele>846.8</ele>
      </trkpt>
      <trkpt lat="44.87474" lon="5.83844">
        <ele>846.9</ele>
      </trkpt>
      <trkpt lat="44.87448" lon="5.83864">
        <ele>846.9</ele>
      </trkpt>
      <trkpt lat="44.87351" lon="5.83862">
        <ele>848.2</ele>
      </trkpt>
      <trkpt lat="44.87278" lon="5.83867">
        <ele>848.2</ele>
      </trkpt>
      <trkpt lat="44.87057" lon="5.83968">
        <ele>842.7</ele>
      </trkpt>
      <trkpt lat="44.87028" lon="5.8399">
        <ele>842.7</ele>
      </trkpt>
      <trkpt lat="44.87003" lon="5.84115">
        <ele>836.5</ele>
      </trkpt>
      <trkpt lat="44.8699" lon="5.8416">
        <ele>836.5</ele>
      </trkpt>
      <trkpt lat="44.86912" lon="5.84248">
        <ele>828.3</ele>
      </trkpt>
      <trkpt lat="44.86892" lon="5.84303">
        <ele>827.0</ele>
      </trkpt>
      <trkpt lat="44.86886" lon="5.84397">
        <ele>825.0</ele>
      </trkpt>
      <trkpt lat="44.8687" lon="5.84442">
        <ele>824.0</ele>
      </trkpt>
      <trkpt lat="44.86784" lon="5.846">
        <ele>814.4</ele>
      </trkpt>
      <trkpt lat="44.86592" lon="5.84991">
        <ele>785.4</ele>
      </trkpt>
      <trkpt lat="44.86554" lon="5.85077">
        <ele>785.4</ele>
      </trkpt>
      <trkpt lat="44.86443" lon="5.85285">
        <ele>770.5</ele>
      </trkpt>
      <trkpt lat="44.86428" lon="5.85336">
        <ele>768.5</ele>
      </trkpt>
      <trkpt lat="44.86411" lon="5.85427">
        <ele>764.7</ele>
      </trkpt>
      <trkpt lat="44.86379" lon="5.85528">
        <ele>762.4</ele>
      </trkpt>
      <trkpt lat="44.86359" lon="5.85712">
        <ele>761.1</ele>
      </trkpt>
      <trkpt lat="44.86361" lon="5.85773">
        <ele>761.1</ele>
      </trkpt>
      <trkpt lat="44.86384" lon="5.85961">
        <ele>770.8</ele>
      </trkpt>
      <trkpt lat="44.86456" lon="5.86333">
        <ele>783.9</ele>
      </trkpt>
      <trkpt lat="44.86454" lon="5.86375">
        <ele>783.9</ele>
      </trkpt>
      <trkpt lat="44.86432" lon="5.86427">
        <ele>784.7</ele>
      </trkpt>
      <trkpt lat="44.86388" lon="5.86454">
        <ele>787.2</ele>
      </trkpt>
      <trkpt lat="44.86343" lon="5.86443">
        <ele>787.9</ele>
      </trkpt>
      <trkpt lat="44.86176" lon="5.86343">
        <ele>791.4</ele>
      </trkpt>
      <trkpt lat="44.86018" lon="5.86214">
        <ele>803.2</ele>
      </trkpt>
      <trkpt lat="44.85992" lon="5.86182">
        <ele>803.2</ele>
      </trkpt>
      <trkpt lat="44.85933" lon="5.86086">
        <ele>812.4</ele>
      </trkpt>
      <trkpt lat="44.85888" lon="5.85952">
        <ele>817.5</ele>
      </trkpt>
      <trkpt lat="44.8581" lon="5.85829">
        <ele>827.7</ele>
      </trkpt>
      <trkpt lat="44.85781" lon="5.85743">
        <ele>829.6</ele>
      </trkpt>
      <trkpt lat="44.85743" lon="5.85708">
        <ele>834.0</ele>
      </trkpt>
      <trkpt lat="44.85667" lon="5.85709">
        <ele>838.1</ele>
      </trkpt>
      <trkpt lat="44.85595" lon="5.85686">
        <ele>842.2</ele>
      </trkpt>
      <trkpt lat="44.85559" lon="5.85687">
        <ele>844.0</ele>
      </trkpt>
      <trkpt lat="44.85533" lon="5.857">
        <ele>844.0</ele>
      </trkpt>
      <trkpt lat="44.85503" lon="5.85733">
        <ele>845.1</ele>
      </trkpt>
      <trkpt lat="44.85455" lon="5.8581">
        <ele>846.2</ele>
      </trkpt>
      <trkpt lat="44.85398" lon="5.85846">
        <ele>846.3</ele>
      </trkpt>
      <trkpt lat="44.85366" lon="5.85846">
        <ele>846.0</ele>
      </trkpt>
      <trkpt lat="44.85275" lon="5.85797">
        <ele>846.3</ele>
      </trkpt>
      <trkpt lat="44.85219" lon="5.85782">
        <ele>847.4</ele>
      </trkpt>
      <trkpt lat="44.85175" lon="5.85785">
        <ele>850.2</ele>
      </trkpt>
      <trkpt lat="44.85102" lon="5.85817">
        <ele>853.8</ele>
      </trkpt>
      <trkpt lat="44.85045" lon="5.85834">
        <ele>855.9</ele>
      </trkpt>
      <trkpt lat="44.84903" lon="5.85915">
        <ele>865.2</ele>
      </trkpt>
      <trkpt lat="44.84747" lon="5.85991">
        <ele>873.1</ele>
      </trkpt>
      <trkpt lat="44.8468" lon="5.86093">
        <ele>876.3</ele>
      </trkpt>
      <trkpt lat="44.84586" lon="5.86154">
        <ele>879.9</ele>
      </trkpt>
      <trkpt lat="44.84521" lon="5.86271">
        <ele>884.0</ele>
      </trkpt>
      <trkpt lat="44.84478" lon="5.86431">
        <ele>890.3</ele>
      </trkpt>
      <trkpt lat="44.84461" lon="5.86549">
        <ele>890.3</ele>
      </trkpt>
      <trkpt lat="44.84438" lon="5.86781">
        <ele>897.6</ele>
      </trkpt>
      <trkpt lat="44.84421" lon="5.86862">
        <ele>898.1</ele>
      </trkpt>
      <trkpt lat="44.84403" lon="5.86909">
        <ele>899.4</ele>
      </trkpt>
      <trkpt lat="44.8435" lon="5.86996">
        <ele>900.5</ele>
      </trkpt>
      <trkpt lat="44.84255" lon="5.87098">
        <ele>905.6</ele>
      </trkpt>
      <trkpt lat="44.84168" lon="5.8721">
        <ele>908.9</ele>
      </trkpt>
      <trkpt lat="44.84059" lon="5.87363">
        <ele>911.2</ele>
      </trkpt>
      <trkpt lat="44.8405" lon="5.87421">
        <ele>911.1</ele>
      </trkpt>
      <trkpt lat="44.84062" lon="5.875">
        <ele>910.5</ele>
      </trkpt>
      <trkpt lat="44.84064" lon="5.87558">
        <ele>909.8</ele>
      </trkpt>
      <trkpt lat="44.84051" lon="5.87602">
        <ele>909.0</ele>
      </trkpt>
      <trkpt lat="44.84022" lon="5.87647">
        <ele>907.5</ele>
      </trkpt>
      <trkpt lat="44.83992" lon="5.87681">
        <ele>906.8</ele>
      </trkpt>
      <trkpt lat="44.83948" lon="5.87718">
        <ele>905.9</ele>
      </trkpt>
      <trkpt lat="44.83795" lon="5.87798">
        <ele>902.3</ele>
      </trkpt>
      <trkpt lat="44.83753" lon="5.87827">
        <ele>902.7</ele>
      </trkpt>
      <trkpt lat="44.837" lon="5.87874">
        <ele>903.4</ele>
      </trkpt>
      <trkpt lat="44.83678" lon="5.87904">
        <ele>903.6</ele>
      </trkpt>
      <trkpt lat="44.83667" lon="5.87946">
        <ele>903.6</ele>
      </trkpt>
      <trkpt lat="44.83677" lon="5.88127">
        <ele>902.2</ele>
      </trkpt>
      <trkpt lat="44.83661" lon="5.88268">
        <ele>901.2</ele>
      </trkpt>
      <trkpt lat="44.83662" lon="5.88475">
        <ele>898.8</ele>
      </trkpt>
      <trkpt lat="44.83644" lon="5.88545">
        <ele>898.8</ele>
      </trkpt>
      <trkpt lat="44.83601" lon="5.88637">
        <ele>899.0</ele>
      </trkpt>
      <trkpt lat="44.83579" lon="5.88661">
        <ele>899.1</ele>
      </trkpt>
      <trkpt lat="44.83499" lon="5.8872">
        <ele>900.1</ele>
      </trkpt>
      <trkpt lat="44.83445" lon="5.88772">
        <ele>900.1</ele>
      </trkpt>
      <trkpt lat="44.83266" lon="5.89003">
        <ele>905.8</ele>
      </trkpt>
      <trkpt lat="44.83239" lon="5.8906">
        <ele>907.0</ele>
      </trkpt>
      <trkpt lat="44.83241" lon="5.89131">
        <ele>909.2</ele>
      </trkpt>
      <trkpt lat="44.83263" lon="5.89248">
        <ele>910.3</ele>
      </trkpt>
      <trkpt lat="44.83328" lon="5.89354">
        <ele>911.8</ele>
      </trkpt>
      <trkpt lat="44.83335" lon="5.89397">
        <ele>911.8</ele>
      </trkpt>
      <trkpt lat="44.83271" lon="5.89558">
        <ele>913.8</ele>
      </trkpt>
      <trkpt lat="44.83197" lon="5.89669">
        <ele>907.9</ele>
      </trkpt>
      <trkpt lat="44.83182" lon="5.8972">
        <ele>907.4</ele>
      </trkpt>
      <trkpt lat="44.83182" lon="5.8976">
        <ele>907.4</ele>
      </trkpt>
      <trkpt lat="44.83194" lon="5.89811">
        <ele>906.7</ele>
      </trkpt>
      <trkpt lat="44.83301" lon="5.90115">
        <ele>898.7</ele>
      </trkpt>
      <trkpt lat="44.83308" lon="5.90177">
        <ele>897.9</ele>
      </trkpt>
      <trkpt lat="44.83303" lon="5.90256">
        <ele>895.4</ele>
      </trkpt>
      <trkpt lat="44.83304" lon="5.90381">
        <ele>891.5</ele>
      </trkpt>
      <trkpt lat="44.83309" lon="5.90443">
        <ele>890.0</ele>
      </trkpt>
      <trkpt lat="44.8332" lon="5.90493">
        <ele>888.8</ele>
      </trkpt>
      <trkpt lat="44.83357" lon="5.90599">
        <ele>885.5</ele>
      </trkpt>
      <trkpt lat="44.83408" lon="5.90701">
        <ele>883.1</ele>
      </trkpt>
      <trkpt lat="44.83426" lon="5.90752">
        <ele>882.1</ele>
      </trkpt>
      <trkpt lat="44.83442" lon="5.90996">
        <ele>884.8</ele>
      </trkpt>
      <trkpt lat="44.83431" lon="5.91126">
        <ele>883.6</ele>
      </trkpt>
      <trkpt lat="44.83452" lon="5.91254">
        <ele>882.5</ele>
      </trkpt>
      <trkpt lat="44.8349" lon="5.91366">
        <ele>883.5</ele>
      </trkpt>
      <trkpt lat="44.83496" lon="5.91419">
        <ele>884.8</ele>
      </trkpt>
      <trkpt lat="44.83468" lon="5.91456">
        <ele>885.7</ele>
      </trkpt>
      <trkpt lat="44.83434" lon="5.91443">
        <ele>886.5</ele>
      </trkpt>
      <trkpt lat="44.83411" lon="5.91415">
        <ele>889.1</ele>
      </trkpt>
      <trkpt lat="44.83363" lon="5.91318">
        <ele>893.0</ele>
      </trkpt>
      <trkpt lat="44.83344" lon="5.9129">
        <ele>898.1</ele>
      </trkpt>
      <trkpt lat="44.83268" lon="5.91231">
        <ele>903.4</ele>
      </trkpt>
      <trkpt lat="44.83238" lon="5.91167">
        <ele>910.8</ele>
      </trkpt>
      <trkpt lat="44.83233" lon="5.91091">
        <ele>914.3</ele>
      </trkpt>
      <trkpt lat="44.83208" lon="5.91094">
        <ele>914.3</ele>
      </trkpt>
      <trkpt lat="44.83201" lon="5.9114">
        <ele>917.2</ele>
      </trkpt>
      <trkpt lat="44.83195" lon="5.91264">
        <ele>919.8</ele>
      </trkpt>
      <trkpt lat="44.83186" lon="5.91702">
        <ele>923.3</ele>
      </trkpt>
      <trkpt lat="44.83182" lon="5.91764">
        <ele>922.3</ele>
      </trkpt>
      <trkpt lat="44.83163" lon="5.91823">
        <ele>919.4</ele>
      </trkpt>
      <trkpt lat="44.83108" lon="5.91909">
        <ele>915.9</ele>
      </trkpt>
      <trkpt lat="44.8308" lon="5.91966">
        <ele>913.8</ele>
      </trkpt>
      <trkpt lat="44.83005" lon="5.92038">
        <ele>906.6</ele>
      </trkpt>
      <trkpt lat="44.82977" lon="5.92093">
        <ele>906.6</ele>
      </trkpt>
      <trkpt lat="44.82916" lon="5.92281">
        <ele>895.0</ele>
      </trkpt>
      <trkpt lat="44.82875" lon="5.92434">
        <ele>889.1</ele>
      </trkpt>
      <trkpt lat="44.82848" lon="5.92624">
        <ele>884.0</ele>
      </trkpt>
      <trkpt lat="44.82786" lon="5.92745">
        <ele>876.0</ele>
      </trkpt>
      <trkpt lat="44.82757" lon="5.92896">
        <ele>866.7</ele>
      </trkpt>
      <trkpt lat="44.82687" lon="5.9312">
        <ele>855.0</ele>
      </trkpt>
      <trkpt lat="44.82673" lon="5.93156">
        <ele>856.0</ele>
      </trkpt>
      <trkpt lat="44.82603" lon="5.93215">
        <ele>857.4</ele>
      </trkpt>
      <trkpt lat="44.82568" lon="5.93256">
        <ele>859.1</ele>
      </trkpt>
      <trkpt lat="44.82546" lon="5.93314">
        <ele>859.9</ele>
      </trkpt>
      <trkpt lat="44.82514" lon="5.93425">
        <ele>860.2</ele>
      </trkpt>
      <trkpt lat="44.8248" lon="5.93642">
        <ele>860.9</ele>
      </trkpt>
      <trkpt lat="44.82448" lon="5.9422">
        <ele>871.3</ele>
      </trkpt>
      <trkpt lat="44.82414" lon="5.94379">
        <ele>874.0</ele>
      </trkpt>
      <trkpt lat="44.82344" lon="5.94519">
        <ele>875.1</ele>
      </trkpt>
      <trkpt lat="44.82311" lon="5.94666">
        <ele>876.4</ele>
      </trkpt>
      <trkpt lat="44.82305" lon="5.94795">
        <ele>878.4</ele>
      </trkpt>
      <trkpt lat="44.82294" lon="5.94909">
        <ele>878.4</ele>
      </trkpt>
      <trkpt lat="44.82297" lon="5.95103">
        <ele>884.3</ele>
      </trkpt>
      <trkpt lat="44.82313" lon="5.95222">
        <ele>885.0</ele>
      </trkpt>
      <trkpt lat="44.82286" lon="5.95264">
        <ele>885.3</ele>
      </trkpt>
      <trkpt lat="44.8226" lon="5.95246">
        <ele>885.3</ele>
      </trkpt>
      <trkpt lat="44.82216" lon="5.95095">
        <ele>902.5</ele>
      </trkpt>
      <trkpt lat="44.8217" lon="5.94999">
        <ele>902.5</ele>
      </trkpt>
      <trkpt lat="44.821" lon="5.94893">
        <ele>911.9</ele>
      </trkpt>
      <trkpt lat="44.8202" lon="5.94632">
        <ele>925.7</ele>
      </trkpt>
      <trkpt lat="44.81972" lon="5.94624">
        <ele>927.2</ele>
      </trkpt>
      <trkpt lat="44.81973" lon="5.94667">
        <ele>928.6</ele>
      </trkpt>
      <trkpt lat="44.81968" lon="5.94712">
        <ele>931.3</ele>
      </trkpt>
      <trkpt lat="44.81948" lon="5.94751">
        <ele>932.7</ele>
      </trkpt>
      <trkpt lat="44.81914" lon="5.94775">
        <ele>934.1</ele>
      </trkpt>
      <trkpt lat="44.81826" lon="5.9474">
        <ele>940.5</ele>
      </trkpt>
      <trkpt lat="44.81793" lon="5.94741">
        <ele>940.2</ele>
      </trkpt>
      <trkpt lat="44.81771" lon="5.94802">
        <ele>940.1</ele>
      </trkpt>
      <trkpt lat="44.81761" lon="5.94855">
        <ele>939.9</ele>
      </trkpt>
      <trkpt lat="44.81735" lon="5.94857">
        <ele>939.4</ele>
      </trkpt>
      <trkpt lat="44.81707" lon="5.94763">
        <ele>938.6</ele>
      </trkpt>
      <trkpt lat="44.81675" lon="5.94737">
        <ele>938.2</ele>
      </trkpt>
      <trkpt lat="44.81518" lon="5.94716">
        <ele>934.6</ele>
      </trkpt>
      <trkpt lat="44.81468" lon="5.94716">
        <ele>933.5</ele>
      </trkpt>
      <trkpt lat="44.8139" lon="5.94779">
        <ele>931.6</ele>
      </trkpt>
      <trkpt lat="44.8132" lon="5.94815">
        <ele>930.3</ele>
      </trkpt>
      <trkpt lat="44.8123" lon="5.94937">
        <ele>926.0</ele>
      </trkpt>
      <trkpt lat="44.81197" lon="5.94955">
        <ele>924.9</ele>
      </trkpt>
      <trkpt lat="44.81125" lon="5.94936">
        <ele>923.2</ele>
      </trkpt>
      <trkpt lat="44.81081" lon="5.94958">
        <ele>922.2</ele>
      </trkpt>
      <trkpt lat="44.81022" lon="5.95056">
        <ele>928.5</ele>
      </trkpt>
      <trkpt lat="44.80986" lon="5.95069">
        <ele>926.4</ele>
      </trkpt>
      <trkpt lat="44.80902" lon="5.95047">
        <ele>924.2</ele>
      </trkpt>
      <trkpt lat="44.8086" lon="5.95059">
        <ele>921.9</ele>
      </trkpt>
      <trkpt lat="44.8081" lon="5.95133">
        <ele>921.8</ele>
      </trkpt>
      <trkpt lat="44.80714" lon="5.95244">
        <ele>913.5</ele>
      </trkpt>
      <trkpt lat="44.80699" lon="5.95284">
        <ele>913.5</ele>
      </trkpt>
      <trkpt lat="44.80675" lon="5.95398">
        <ele>913.9</ele>
      </trkpt>
      <trkpt lat="44.80654" lon="5.95435">
        <ele>915.8</ele>
      </trkpt>
      <trkpt lat="44.80594" lon="5.95438">
        <ele>920.1</ele>
      </trkpt>
      <trkpt lat="44.80562" lon="5.95459">
        <ele>921.7</ele>
      </trkpt>
      <trkpt lat="44.80539" lon="5.95511">
        <ele>924.0</ele>
      </trkpt>
      <trkpt lat="44.80555" lon="5.95586">
        <ele>930.9</ele>
      </trkpt>
      <trkpt lat="44.80516" lon="5.95648">
        <ele>935.9</ele>
      </trkpt>
      <trkpt lat="44.80434" lon="5.95666">
        <ele>940.9</ele>
      </trkpt>
      <trkpt lat="44.80408" lon="5.9568">
        <ele>942.5</ele>
      </trkpt>
      <trkpt lat="44.8037" lon="5.95739">
        <ele>943.8</ele>
      </trkpt>
      <trkpt lat="44.8034" lon="5.95823">
        <ele>948.0</ele>
      </trkpt>
      <trkpt lat="44.80321" lon="5.95896">
        <ele>951.2</ele>
      </trkpt>
      <trkpt lat="44.80321" lon="5.96007">
        <ele>953.1</ele>
      </trkpt>
      <trkpt lat="44.80304" lon="5.96116">
        <ele>953.0</ele>
      </trkpt>
      <trkpt lat="44.80293" lon="5.9616">
        <ele>952.6</ele>
      </trkpt>
      <trkpt lat="44.80263" lon="5.9622">
        <ele>950.2</ele>
      </trkpt>
      <trkpt lat="44.80235" lon="5.96265">
        <ele>946.5</ele>
      </trkpt>
      <trkpt lat="44.802" lon="5.96308">
        <ele>944.6</ele>
      </trkpt>
      <trkpt lat="44.80179" lon="5.96347">
        <ele>943.1</ele>
      </trkpt>
      <trkpt lat="44.80168" lon="5.96411">
        <ele>939.2</ele>
      </trkpt>
      <trkpt lat="44.80168" lon="5.96498">
        <ele>934.8</ele>
      </trkpt>
      <trkpt lat="44.80087" lon="5.96756">
        <ele>910.2</ele>
      </trkpt>
      <trkpt lat="44.80052" lon="5.96847">
        <ele>909.8</ele>
      </trkpt>
      <trkpt lat="44.80022" lon="5.96899">
        <ele>909.3</ele>
      </trkpt>
      <trkpt lat="44.79941" lon="5.97004">
        <ele>907.0</ele>
      </trkpt>
      <trkpt lat="44.79925" lon="5.97053">
        <ele>906.7</ele>
      </trkpt>
      <trkpt lat="44.79922" lon="5.97119">
        <ele>906.7</ele>
      </trkpt>
      <trkpt lat="44.79931" lon="5.9716">
        <ele>905.8</ele>
      </trkpt>
      <trkpt lat="44.79976" lon="5.97263">
        <ele>903.0</ele>
      </trkpt>
      <trkpt lat="44.79988" lon="5.97312">
        <ele>900.8</ele>
      </trkpt>
      <trkpt lat="44.79991" lon="5.97374">
        <ele>899.1</ele>
      </trkpt>
      <trkpt lat="44.79986" lon="5.97418">
        <ele>896.1</ele>
      </trkpt>
      <trkpt lat="44.79956" lon="5.97467">
        <ele>892.8</ele>
      </trkpt>
      <trkpt lat="44.79926" lon="5.97487">
        <ele>891.1</ele>
      </trkpt>
      <trkpt lat="44.79894" lon="5.97488">
        <ele>887.0</ele>
      </trkpt>
      <trkpt lat="44.79835" lon="5.9745">
        <ele>881.5</ele>
      </trkpt>
      <trkpt lat="44.79803" lon="5.97461">
        <ele>879.3</ele>
      </trkpt>
      <trkpt lat="44.79812" lon="5.97641">
        <ele>864.1</ele>
      </trkpt>
      <trkpt lat="44.79802" lon="5.97684">
        <ele>864.1</ele>
      </trkpt>
      <trkpt lat="44.7978" lon="5.97723">
        <ele>864.1</ele>
      </trkpt>
      <trkpt lat="44.7969" lon="5.97797">
        <ele>844.9</ele>
      </trkpt>
      <trkpt lat="44.79643" lon="5.97791">
        <ele>842.4</ele>
      </trkpt>
      <trkpt lat="44.79612" lon="5.97759">
        <ele>842.4</ele>
      </trkpt>
      <trkpt lat="44.79574" lon="5.97748">
        <ele>836.8</ele>
      </trkpt>
      <trkpt lat="44.79512" lon="5.97743">
        <ele>827.5</ele>
      </trkpt>
      <trkpt lat="44.79465" lon="5.97705">
        <ele>818.7</ele>
      </trkpt>
      <trkpt lat="44.79428" lon="5.97703">
        <ele>815.9</ele>
      </trkpt>
      <trkpt lat="44.79399" lon="5.97726">
        <ele>813.4</ele>
      </trkpt>
      <trkpt lat="44.79366" lon="5.97802">
        <ele>808.8</ele>
      </trkpt>
      <trkpt lat="44.79253" lon="5.97946">
        <ele>786.1</ele>
      </trkpt>
      <trkpt lat="44.79221" lon="5.97963">
        <ele>786.1</ele>
      </trkpt>
      <trkpt lat="44.79172" lon="5.9797">
        <ele>786.1</ele>
      </trkpt>
      <trkpt lat="44.79065" lon="5.98079">
        <ele>790.2</ele>
      </trkpt>
      <trkpt lat="44.79003" lon="5.98133">
        <ele>790.2</ele>
      </trkpt>
      <trkpt lat="44.78802" lon="5.98198">
        <ele>789.7</ele>
      </trkpt>
      <trkpt lat="44.7876" lon="5.98215">
        <ele>791.4</ele>
      </trkpt>
      <trkpt lat="44.78702" lon="5.98253">
        <ele>793.9</ele>
      </trkpt>
      <trkpt lat="44.78668" lon="5.98267">
        <ele>795.5</ele>
      </trkpt>
      <trkpt lat="44.7849" lon="5.98321">
        <ele>796.5</ele>
      </trkpt>
      <trkpt lat="44.78373" lon="5.98331">
        <ele>795.1</ele>
      </trkpt>
      <trkpt lat="44.78198" lon="5.984">
        <ele>801.3</ele>
      </trkpt>
      <trkpt lat="44.78075" lon="5.98432">
        <ele>800.7</ele>
      </trkpt>
      <trkpt lat="44.77863" lon="5.98532">
        <ele>802.3</ele>
      </trkpt>
      <trkpt lat="44.77825" lon="5.98553">
        <ele>802.3</ele>
      </trkpt>
      <trkpt lat="44.7779" lon="5.98585">
        <ele>802.3</ele>
      </trkpt>
      <trkpt lat="44.77776" lon="5.98618">
        <ele>802.4</ele>
      </trkpt>
      <trkpt lat="44.77753" lon="5.98728">
        <ele>802.5</ele>
      </trkpt>
      <trkpt lat="44.7767" lon="5.99052">
        <ele>810.4</ele>
      </trkpt>
      <trkpt lat="44.77665" lon="5.99116">
        <ele>810.3</ele>
      </trkpt>
      <trkpt lat="44.77684" lon="5.99188">
        <ele>810.4</ele>
      </trkpt>
      <trkpt lat="44.7776" lon="5.99356">
        <ele>810.8</ele>
      </trkpt>
      <trkpt lat="44.7778" lon="5.99451">
        <ele>810.5</ele>
      </trkpt>
      <trkpt lat="44.77787" lon="5.99539">
        <ele>810.3</ele>
      </trkpt>
      <trkpt lat="44.77819" lon="5.997">
        <ele>807.9</ele>
      </trkpt>
      <trkpt lat="44.77841" lon="5.99959">
        <ele>807.9</ele>
      </trkpt>
      <trkpt lat="44.77838" lon="6.00105">
        <ele>809.9</ele>
      </trkpt>
      <trkpt lat="44.77841" lon="6.00258">
        <ele>812.3</ele>
      </trkpt>
      <trkpt lat="44.77837" lon="6.0031">
        <ele>812.3</ele>
      </trkpt>
      <trkpt lat="44.7778" lon="6.00551">
        <ele>811.8</ele>
      </trkpt>
      <trkpt lat="44.77737" lon="6.00772">
        <ele>810.8</ele>
      </trkpt>
      <trkpt lat="44.77727" lon="6.00859">
        <ele>810.8</ele>
      </trkpt>
      <trkpt lat="44.7772" lon="6.01074">
        <ele>810.9</ele>
      </trkpt>
      <trkpt lat="44.77713" lon="6.01114">
        <ele>810.9</ele>
      </trkpt>
      <trkpt lat="44.77682" lon="6.0124">
        <ele>812.2</ele>
      </trkpt>
      <trkpt lat="44.77559" lon="6.0168">
        <ele>819.2</ele>
      </trkpt>
      <trkpt lat="44.77533" lon="6.01734">
        <ele>819.2</ele>
      </trkpt>
      <trkpt lat="44.77344" lon="6.01862">
        <ele>827.6</ele>
      </trkpt>
      <trkpt lat="44.77312" lon="6.01903">
        <ele>829.5</ele>
      </trkpt>
      <trkpt lat="44.77295" lon="6.01968">
        <ele>831.8</ele>
      </trkpt>
      <trkpt lat="44.77261" lon="6.0216">
        <ele>845.2</ele>
      </trkpt>
      <trkpt lat="44.77247" lon="6.02353">
        <ele>852.9</ele>
      </trkpt>
      <trkpt lat="44.77237" lon="6.02395">
        <ele>854.1</ele>
      </trkpt>
      <trkpt lat="44.77218" lon="6.02432">
        <ele>854.1</ele>
      </trkpt>
      <trkpt lat="44.7719" lon="6.02454">
        <ele>857.2</ele>
      </trkpt>
      <trkpt lat="44.77123" lon="6.02452">
        <ele>862.2</ele>
      </trkpt>
      <trkpt lat="44.77081" lon="6.02421">
        <ele>867.0</ele>
      </trkpt>
      <trkpt lat="44.77039" lon="6.02378">
        <ele>869.4</ele>
      </trkpt>
      <trkpt lat="44.77017" lon="6.02345">
        <ele>870.5</ele>
      </trkpt>
      <trkpt lat="44.76999" lon="6.02302">
        <ele>872.6</ele>
      </trkpt>
      <trkpt lat="44.76988" lon="6.02261">
        <ele>874.4</ele>
      </trkpt>
      <trkpt lat="44.76983" lon="6.02215">
        <ele>875.4</ele>
      </trkpt>
      <trkpt lat="44.76986" lon="6.02145">
        <ele>877.1</ele>
      </trkpt>
      <trkpt lat="44.77002" lon="6.02079">
        <ele>878.7</ele>
      </trkpt>
      <trkpt lat="44.77056" lon="6.01957">
        <ele>886.6</ele>
      </trkpt>
      <trkpt lat="44.77064" lon="6.01898">
        <ele>887.4</ele>
      </trkpt>
      <trkpt lat="44.77058" lon="6.01855">
        <ele>887.4</ele>
      </trkpt>
      <trkpt lat="44.77034" lon="6.01785">
        <ele>888.4</ele>
      </trkpt>
      <trkpt lat="44.76863" lon="6.01425">
        <ele>902.8</ele>
      </trkpt>
      <trkpt lat="44.76832" lon="6.01365">
        <ele>904.0</ele>
      </trkpt>
      <trkpt lat="44.76812" lon="6.01338">
        <ele>904.8</ele>
      </trkpt>
      <trkpt lat="44.76768" lon="6.01309">
        <ele>906.3</ele>
      </trkpt>
      <trkpt lat="44.76732" lon="6.01303">
        <ele>907.1</ele>
      </trkpt>
      <trkpt lat="44.76697" lon="6.01307">
        <ele>907.8</ele>
      </trkpt>
      <trkpt lat="44.76592" lon="6.01335">
        <ele>903.3</ele>
      </trkpt>
      <trkpt lat="44.76562" lon="6.01333">
        <ele>903.3</ele>
      </trkpt>
      <trkpt lat="44.76521" lon="6.01319">
        <ele>903.4</ele>
      </trkpt>
      <trkpt lat="44.76444" lon="6.01269">
        <ele>903.3</ele>
      </trkpt>
      <trkpt lat="44.76365" lon="6.01208">
        <ele>904.8</ele>
      </trkpt>
      <trkpt lat="44.76323" lon="6.01171">
        <ele>904.8</ele>
      </trkpt>
      <trkpt lat="44.76211" lon="6.01052">
        <ele>905.5</ele>
      </trkpt>
      <trkpt lat="44.75732" lon="6.0068">
        <ele>913.8</ele>
      </trkpt>
      <trkpt lat="44.7567" lon="6.00679">
        <ele>914.5</ele>
      </trkpt>
      <trkpt lat="44.75616" lon="6.0072">
        <ele>915.0</ele>
      </trkpt>
      <trkpt lat="44.75595" lon="6.00758">
        <ele>913.7</ele>
      </trkpt>
      <trkpt lat="44.75558" lon="6.00864">
        <ele>911.2</ele>
      </trkpt>
      <trkpt lat="44.75539" lon="6.00892">
        <ele>910.1</ele>
      </trkpt>
      <trkpt lat="44.75514" lon="6.00909">
        <ele>910.1</ele>
      </trkpt>
      <trkpt lat="44.74486" lon="6.00767">
        <ele>912.4</ele>
      </trkpt>
      <trkpt lat="44.74421" lon="6.00748">
        <ele>912.4</ele>
      </trkpt>
      <trkpt lat="44.74332" lon="6.0068">
        <ele>906.6</ele>
      </trkpt>
      <trkpt lat="44.74296" lon="6.00666">
        <ele>906.6</ele>
      </trkpt>
      <trkpt lat="44.74047" lon="6.00658">
        <ele>886.6</ele>
      </trkpt>
      <trkpt lat="44.73908" lon="6.00626">
        <ele>870.0</ele>
      </trkpt>
      <trkpt lat="44.7384" lon="6.00597">
        <ele>870.0</ele>
      </trkpt>
      <trkpt lat="44.73723" lon="6.00526">
        <ele>856.2</ele>
      </trkpt>
      <trkpt lat="44.73673" lon="6.00515">
        <ele>854.2</ele>
      </trkpt>
      <trkpt lat="44.73607" lon="6.00518">
        <ele>849.7</ele>
      </trkpt>
      <trkpt lat="44.73572" lon="6.00506">
        <ele>848.2</ele>
      </trkpt>
      <trkpt lat="44.73551" lon="6.00475">
        <ele>847.3</ele>
      </trkpt>
      <trkpt lat="44.73518" lon="6.00391">
        <ele>845.5</ele>
      </trkpt>
      <trkpt lat="44.73481" lon="6.00371">
        <ele>845.0</ele>
      </trkpt>
      <trkpt lat="44.73354" lon="6.00409">
        <ele>849.5</ele>
      </trkpt>
      <trkpt lat="44.73246" lon="6.00454">
        <ele>853.0</ele>
      </trkpt>
      <trkpt lat="44.73192" lon="6.00484">
        <ele>853.1</ele>
      </trkpt>
      <trkpt lat="44.73162" lon="6.00511">
        <ele>853.2</ele>
      </trkpt>
      <trkpt lat="44.73048" lon="6.00647">
        <ele>856.8</ele>
      </trkpt>
      <trkpt lat="44.72367" lon="6.0137">
        <ele>872.1</ele>
      </trkpt>
      <trkpt lat="44.72318" lon="6.01448">
        <ele>872.1</ele>
      </trkpt>
      <trkpt lat="44.72246" lon="6.01621">
        <ele>867.6</ele>
      </trkpt>
      <trkpt lat="44.71998" lon="6.01944">
        <ele>874.2</ele>
      </trkpt>
      <trkpt lat="44.71921" lon="6.02073">
        <ele>876.5</ele>
      </trkpt>
      <trkpt lat="44.71783" lon="6.02285">
        <ele>880.5</ele>
      </trkpt>
      <trkpt lat="44.71239" lon="6.03239">
        <ele>897.1</ele>
      </trkpt>
      <trkpt lat="44.7117" lon="6.03395">
        <ele>899.7</ele>
      </trkpt>
      <trkpt lat="44.71143" lon="6.03441">
        <ele>899.7</ele>
      </trkpt>
      <trkpt lat="44.70557" lon="6.04286">
        <ele>919.5</ele>
      </trkpt>
      <trkpt lat="44.70474" lon="6.04452">
        <ele>924.6</ele>
      </trkpt>
      <trkpt lat="44.7043" lon="6.04498">
        <ele>924.6</ele>
      </trkpt>
      <trkpt lat="44.70333" lon="6.04549">
        <ele>921.5</ele>
      </trkpt>
      <trkpt lat="44.7029" lon="6.04596">
        <ele>921.5</ele>
      </trkpt>
      <trkpt lat="44.70195" lon="6.04783">
        <ele>921.2</ele>
      </trkpt>
      <trkpt lat="44.70033" lon="6.05193">
        <ele>926.2</ele>
      </trkpt>
      <trkpt lat="44.7002" lon="6.05266">
        <ele>926.5</ele>
      </trkpt>
      <trkpt lat="44.70018" lon="6.05322">
        <ele>926.8</ele>
      </trkpt>
      <trkpt lat="44.70034" lon="6.05483">
        <ele>928.5</ele>
      </trkpt>
      <trkpt lat="44.70023" lon="6.05551">
        <ele>928.5</ele>
      </trkpt>
      <trkpt lat="44.7" lon="6.05597">
        <ele>928.5</ele>
      </trkpt>
      <trkpt lat="44.69896" lon="6.05718">
        <ele>930.6</ele>
      </trkpt>
      <trkpt lat="44.6978" lon="6.05825">
        <ele>933.3</ele>
      </trkpt>
      <trkpt lat="44.69717" lon="6.05876">
        <ele>933.5</ele>
      </trkpt>
      <trkpt lat="44.69686" lon="6.05894">
        <ele>933.7</ele>
      </trkpt>
      <trkpt lat="44.69561" lon="6.05932">
        <ele>935.3</ele>
      </trkpt>
      <trkpt lat="44.69514" lon="6.05955">
        <ele>935.3</ele>
      </trkpt>
      <trkpt lat="44.69244" lon="6.06199">
        <ele>943.7</ele>
      </trkpt>
      <trkpt lat="44.69165" lon="6.06252">
        <ele>943.7</ele>
      </trkpt>
      <trkpt lat="44.68671" lon="6.06493">
        <ele>951.6</ele>
      </trkpt>
      <trkpt lat="44.68436" lon="6.06625">
        <ele>959.3</ele>
      </trkpt>
      <trkpt lat="44.67998" lon="6.06818">
        <ele>961.6</ele>
      </trkpt>
      <trkpt lat="44.67947" lon="6.06848">
        <ele>961.6</ele>
      </trkpt>
      <trkpt lat="44.67722" lon="6.0704">
        <ele>965.5</ele>
      </trkpt>
      <trkpt lat="44.67526" lon="6.07216">
        <ele>969.4</ele>
      </trkpt>
      <trkpt lat="44.67487" lon="6.0723">
        <ele>969.4</ele>
      </trkpt>
      <trkpt lat="44.67469" lon="6.07261">
        <ele>969.4</ele>
      </trkpt>
      <trkpt lat="44.67395" lon="6.07334">
        <ele>972.4</ele>
      </trkpt>
      <trkpt lat="44.66967" lon="6.07726">
        <ele>976.7</ele>
      </trkpt>
      <trkpt lat="44.66917" lon="6.07774">
        <ele>976.7</ele>
      </trkpt>
      <trkpt lat="44.66752" lon="6.07957">
        <ele>980.2</ele>
      </trkpt>
      <trkpt lat="44.66585" lon="6.08158">
        <ele>989.7</ele>
      </trkpt>
      <trkpt lat="44.66539" lon="6.08198">
        <ele>989.7</ele>
      </trkpt>
      <trkpt lat="44.66168" lon="6.08375">
        <ele>996.1</ele>
      </trkpt>
      <trkpt lat="44.65839" lon="6.08478">
        <ele>1011.0</ele>
      </trkpt>
      <trkpt lat="44.658" lon="6.08485">
        <ele>1011.0</ele>
      </trkpt>
      <trkpt lat="44.65654" lon="6.08475">
        <ele>1033.7</ele>
      </trkpt>
      <trkpt lat="44.65466" lon="6.08477">
        <ele>1039.9</ele>
      </trkpt>
      <trkpt lat="44.65468" lon="6.08532">
        <ele>1040.4</ele>
      </trkpt>
      <trkpt lat="44.65455" lon="6.08566">
        <ele>1040.4</ele>
      </trkpt>
      <trkpt lat="44.65398" lon="6.08581">
        <ele>1040.6</ele>
      </trkpt>
      <trkpt lat="44.65308" lon="6.0867">
        <ele>1045.5</ele>
      </trkpt>
      <trkpt lat="44.652" lon="6.08811">
        <ele>1047.0</ele>
      </trkpt>
      <trkpt lat="44.65161" lon="6.0883">
        <ele>1047.1</ele>
      </trkpt>
      <trkpt lat="44.65123" lon="6.08834">
        <ele>1047.1</ele>
      </trkpt>
      <trkpt lat="44.65098" lon="6.08878">
        <ele>1047.1</ele>
      </trkpt>
      <trkpt lat="44.65099" lon="6.09049">
        <ele>1051.2</ele>
      </trkpt>
      <trkpt lat="44.65084" lon="6.09119">
        <ele>1051.2</ele>
      </trkpt>
      <trkpt lat="44.6504" lon="6.09246">
        <ele>1052.0</ele>
      </trkpt>
      <trkpt lat="44.64863" lon="6.09642">
        <ele>1058.5</ele>
      </trkpt>
      <trkpt lat="44.64777" lon="6.09823">
        <ele>1061.7</ele>
      </trkpt>
      <trkpt lat="44.64782" lon="6.09887">
        <ele>1061.9</ele>
      </trkpt>
      <trkpt lat="44.64757" lon="6.09962">
        <ele>1062.7</ele>
      </trkpt>
      <trkpt lat="44.64725" lon="6.10048">
        <ele>1063.5</ele>
      </trkpt>
      <trkpt lat="44.64729" lon="6.10111">
        <ele>1064.0</ele>
      </trkpt>
      <trkpt lat="44.64781" lon="6.10401">
        <ele>1060.6</ele>
      </trkpt>
      <trkpt lat="44.64787" lon="6.10463">
        <ele>1060.6</ele>
      </trkpt>
      <trkpt lat="44.64759" lon="6.1072">
        <ele>1059.1</ele>
      </trkpt>
      <trkpt lat="44.64732" lon="6.10878">
        <ele>1057.0</ele>
      </trkpt>
      <trkpt lat="44.64713" lon="6.11364">
        <ele>1055.4</ele>
      </trkpt>
      <trkpt lat="44.64651" lon="6.12029">
        <ele>1048.2</ele>
      </trkpt>
      <trkpt lat="44.6464" lon="6.12111">
        <ele>1048.2</ele>
      </trkpt>
      <trkpt lat="44.64599" lon="6.12295">
        <ele>1047.0</ele>
      </trkpt>
      <trkpt lat="44.64581" lon="6.12415">
        <ele>1047.0</ele>
      </trkpt>
      <trkpt lat="44.6457" lon="6.12593">
        <ele>1045.6</ele>
      </trkpt>
      <trkpt lat="44.6458" lon="6.1284">
        <ele>1042.3</ele>
      </trkpt>
      <trkpt lat="44.64578" lon="6.12906">
        <ele>1042.0</ele>
      </trkpt>
      <trkpt lat="44.64565" lon="6.12966">
        <ele>1041.7</ele>
      </trkpt>
      <trkpt lat="44.64529" lon="6.13047">
        <ele>1041.8</ele>
      </trkpt>
      <trkpt lat="44.64525" lon="6.13148">
        <ele>1041.8</ele>
      </trkpt>
      <trkpt lat="44.64508" lon="6.13246">
        <ele>1041.8</ele>
      </trkpt>
      <trkpt lat="44.64399" lon="6.13361">
        <ele>1042.0</ele>
      </trkpt>
      <trkpt lat="44.64327" lon="6.13444">
        <ele>1045.4</ele>
      </trkpt>
      <trkpt lat="44.64267" lon="6.13634">
        <ele>1050.7</ele>
      </trkpt>
      <trkpt lat="44.64171" lon="6.13816">
        <ele>1057.3</ele>
      </trkpt>
      <trkpt lat="44.64021" lon="6.14016">
        <ele>1068.3</ele>
      </trkpt>
      <trkpt lat="44.63986" lon="6.14042">
        <ele>1068.3</ele>
      </trkpt>
      <trkpt lat="44.63974" lon="6.14076">
        <ele>1069.8</ele>
      </trkpt>
      <trkpt lat="44.63912" lon="6.14159">
        <ele>1073.9</ele>
      </trkpt>
      <trkpt lat="44.63853" lon="6.14249">
        <ele>1076.4</ele>
      </trkpt>
      <trkpt lat="44.63866" lon="6.1433">
        <ele>1077.4</ele>
      </trkpt>
      <trkpt lat="44.64019" lon="6.14568">
        <ele>1068.4</ele>
      </trkpt>
      <trkpt lat="44.64042" lon="6.14629">
        <ele>1068.4</ele>
      </trkpt>
      <trkpt lat="44.6409" lon="6.14778">
        <ele>1061.9</ele>
      </trkpt>
      <trkpt lat="44.6412" lon="6.14888">
        <ele>1061.9</ele>
      </trkpt>
      <trkpt lat="44.64158" lon="6.15089">
        <ele>1056.6</ele>
      </trkpt>
      <trkpt lat="44.64188" lon="6.15283">
        <ele>1053.8</ele>
      </trkpt>
      <trkpt lat="44.64218" lon="6.15853">
        <ele>1051.4</ele>
      </trkpt>
      <trkpt lat="44.64204" lon="6.16122">
        <ele>1053.8</ele>
      </trkpt>
      <trkpt lat="44.64205" lon="6.16195">
        <ele>1053.8</ele>
      </trkpt>
      <trkpt lat="44.64286" lon="6.1678">
        <ele>1056.6</ele>
      </trkpt>
      <trkpt lat="44.64297" lon="6.16902">
        <ele>1057.4</ele>
      </trkpt>
      <trkpt lat="44.64296" lon="6.16965">
        <ele>1057.8</ele>
      </trkpt>
      <trkpt lat="44.64303" lon="6.17024">
        <ele>1058.8</ele>
      </trkpt>
      <trkpt lat="44.6424" lon="6.17009">
        <ele>1061.6</ele>
      </trkpt>
      <trkpt lat="44.64214" lon="6.16976">
        <ele>1064.6</ele>
      </trkpt>
      <trkpt lat="44.64167" lon="6.16879">
        <ele>1068.1</ele>
      </trkpt>
      <trkpt lat="44.64135" lon="6.16891">
        <ele>1072.9</ele>
      </trkpt>
      <trkpt lat="44.64118" lon="6.16971">
        <ele>1075.4</ele>
      </trkpt>
      <trkpt lat="44.64073" lon="6.17112">
        <ele>1092.8</ele>
      </trkpt>
      <trkpt lat="44.64063" lon="6.17173">
        <ele>1093.9</ele>
      </trkpt>
      <trkpt lat="44.64063" lon="6.17247">
        <ele>1094.9</ele>
      </trkpt>
      <trkpt lat="44.64084" lon="6.17464">
        <ele>1112.6</ele>
      </trkpt>
      <trkpt lat="44.64068" lon="6.1757">
        <ele>1116.4</ele>
      </trkpt>
      <trkpt lat="44.64067" lon="6.17615">
        <ele>1118.6</ele>
      </trkpt>
      <trkpt lat="44.6408" lon="6.17673">
        <ele>1118.6</ele>
      </trkpt>
      <trkpt lat="44.64168" lon="6.17961">
        <ele>1142.6</ele>
      </trkpt>
      <trkpt lat="44.64175" lon="6.17999">
        <ele>1142.6</ele>
      </trkpt>
      <trkpt lat="44.64172" lon="6.18041">
        <ele>1145.2</ele>
      </trkpt>
      <trkpt lat="44.64135" lon="6.18111">
        <ele>1149.1</ele>
      </trkpt>
      <trkpt lat="44.64199" lon="6.18237">
        <ele>1161.7</ele>
      </trkpt>
      <trkpt lat="44.64262" lon="6.18374">
        <ele>1171.9</ele>
      </trkpt>
      <trkpt lat="44.64275" lon="6.18412">
        <ele>1171.9</ele>
      </trkpt>
      <trkpt lat="44.6428" lon="6.18451">
        <ele>1171.9</ele>
      </trkpt>
      <trkpt lat="44.64285" lon="6.1862">
        <ele>1192.0</ele>
      </trkpt>
      <trkpt lat="44.6429" lon="6.18668">
        <ele>1192.0</ele>
      </trkpt>
      <trkpt lat="44.64304" lon="6.18729">
        <ele>1192.0</ele>
      </trkpt>
      <trkpt lat="44.64356" lon="6.18876">
        <ele>1201.4</ele>
      </trkpt>
      <trkpt lat="44.64369" lon="6.18941">
        <ele>1201.4</ele>
      </trkpt>
      <trkpt lat="44.64386" lon="6.19068">
        <ele>1210.9</ele>
      </trkpt>
      <trkpt lat="44.64404" lon="6.19152">
        <ele>1213.2</ele>
      </trkpt>
      <trkpt lat="44.64406" lon="6.19253">
        <ele>1215.3</ele>
      </trkpt>
      <trkpt lat="44.64429" lon="6.19506">
        <ele>1229.6</ele>
      </trkpt>
      <trkpt lat="44.64425" lon="6.19544">
        <ele>1229.6</ele>
      </trkpt>
      <trkpt lat="44.64396" lon="6.19678">
        <ele>1236.6</ele>
      </trkpt>
      <trkpt lat="44.64394" lon="6.19732">
        <ele>1238.0</ele>
      </trkpt>
      <trkpt lat="44.64406" lon="6.19805">
        <ele>1239.3</ele>
      </trkpt>
      <trkpt lat="44.64457" lon="6.19961">
        <ele>1246.2</ele>
      </trkpt>
      <trkpt lat="44.64449" lon="6.20017">
        <ele>1246.2</ele>
      </trkpt>
      <trkpt lat="44.64454" lon="6.20024">
        <ele>1245.8</ele>
      </trkpt>
      <trkpt lat="44.64479" lon="6.19998">
        <ele>1245.8</ele>
      </trkpt>
      <trkpt lat="44.64535" lon="6.19988">
        <ele>1245.1</ele>
      </trkpt>
      <trkpt lat="44.64563" lon="6.20019">
        <ele>1242.7</ele>
      </trkpt>
      <trkpt lat="44.64574" lon="6.20122">
        <ele>1240.3</ele>
      </trkpt>
      <trkpt lat="44.64567" lon="6.20197">
        <ele>1239.3</ele>
      </trkpt>
      <trkpt lat="44.6457" lon="6.20247">
        <ele>1238.2</ele>
      </trkpt>
      <trkpt lat="44.64634" lon="6.20295">
        <ele>1236.2</ele>
      </trkpt>
      <trkpt lat="44.64728" lon="6.20435">
        <ele>1226.7</ele>
      </trkpt>
      <trkpt lat="44.64784" lon="6.20493">
        <ele>1223.0</ele>
      </trkpt>
      <trkpt lat="44.64801" lon="6.20556">
        <ele>1221.0</ele>
      </trkpt>
      <trkpt lat="44.6482" lon="6.20587">
        <ele>1218.9</ele>
      </trkpt>
      <trkpt lat="44.64886" lon="6.20669">
        <ele>1213.2</ele>
      </trkpt>
      <trkpt lat="44.64931" lon="6.20707">
        <ele>1208.6</ele>
      </trkpt>
      <trkpt lat="44.64962" lon="6.20745">
        <ele>1205.0</ele>
      </trkpt>
      <trkpt lat="44.64997" lon="6.20804">
        <ele>1203.2</ele>
      </trkpt>
      <trkpt lat="44.65018" lon="6.20861">
        <ele>1202.4</ele>
      </trkpt>
      <trkpt lat="44.65083" lon="6.20988">
        <ele>1204.0</ele>
      </trkpt>
      <trkpt lat="44.65124" lon="6.21081">
        <ele>1204.4</ele>
      </trkpt>
      <trkpt lat="44.65189" lon="6.21118">
        <ele>1204.6</ele>
      </trkpt>
      <trkpt lat="44.65226" lon="6.21147">
        <ele>1203.6</ele>
      </trkpt>
      <trkpt lat="44.65259" lon="6.21251">
        <ele>1201.1</ele>
      </trkpt>
      <trkpt lat="44.65287" lon="6.21304">
        <ele>1200.1</ele>
      </trkpt>
      <trkpt lat="44.65311" lon="6.21333">
        <ele>1200.1</ele>
      </trkpt>
      <trkpt lat="44.65545" lon="6.21472">
        <ele>1184.0</ele>
      </trkpt>
      <trkpt lat="44.65614" lon="6.21535">
        <ele>1181.1</ele>
      </trkpt>
      <trkpt lat="44.65631" lon="6.21602">
        <ele>1174.7</ele>
      </trkpt>
      <trkpt lat="44.65697" lon="6.21621">
        <ele>1171.6</ele>
      </trkpt>
      <trkpt lat="44.65751" lon="6.21732">
        <ele>1161.7</ele>
      </trkpt>
      <trkpt lat="44.65922" lon="6.22038">
        <ele>1140.2</ele>
      </trkpt>
      <trkpt lat="44.66043" lon="6.22215">
        <ele>1134.0</ele>
      </trkpt>
      <trkpt lat="44.6615" lon="6.22289">
        <ele>1125.7</ele>
      </trkpt>
      <trkpt lat="44.66185" lon="6.2232">
        <ele>1125.7</ele>
      </trkpt>
      <trkpt lat="44.66259" lon="6.22485">
        <ele>1120.7</ele>
      </trkpt>
      <trkpt lat="44.66318" lon="6.22519">
        <ele>1120.7</ele>
      </trkpt>
      <trkpt lat="44.66427" lon="6.22548">
        <ele>1124.3</ele>
      </trkpt>
      <trkpt lat="44.66503" lon="6.22553">
        <ele>1125.4</ele>
      </trkpt>
      <trkpt lat="44.66542" lon="6.22577">
        <ele>1127.1</ele>
      </trkpt>
      <trkpt lat="44.66598" lon="6.22662">
        <ele>1127.3</ele>
      </trkpt>
      <trkpt lat="44.66634" lon="6.2267">
        <ele>1125.2</ele>
      </trkpt>
      <trkpt lat="44.66656" lon="6.22787">
        <ele>1123.7</ele>
      </trkpt>
      <trkpt lat="44.66706" lon="6.22899">
        <ele>1122.9</ele>
      </trkpt>
      <trkpt lat="44.66755" lon="6.22991">
        <ele>1123.4</ele>
      </trkpt>
      <trkpt lat="44.66782" lon="6.23057">
        <ele>1124.0</ele>
      </trkpt>
      <trkpt lat="44.66851" lon="6.23252">
        <ele>1125.7</ele>
      </trkpt>
      <trkpt lat="44.66974" lon="6.23633">
        <ele>1132.4</ele>
      </trkpt>
      <trkpt lat="44.67003" lon="6.23816">
        <ele>1134.5</ele>
      </trkpt>
      <trkpt lat="44.67024" lon="6.23894">
        <ele>1134.5</ele>
      </trkpt>
      <trkpt lat="44.67122" lon="6.24129">
        <ele>1137.0</ele>
      </trkpt>
      <trkpt lat="44.67248" lon="6.24352">
        <ele>1142.2</ele>
      </trkpt>
      <trkpt lat="44.67297" lon="6.24536">
        <ele>1144.2</ele>
      </trkpt>
      <trkpt lat="44.6741" lon="6.24811">
        <ele>1148.2</ele>
      </trkpt>
      <trkpt lat="44.67474" lon="6.24945">
        <ele>1150.9</ele>
      </trkpt>
      <trkpt lat="44.67599" lon="6.25103">
        <ele>1153.1</ele>
      </trkpt>
      <trkpt lat="44.67827" lon="6.25413">
        <ele>1158.5</ele>
      </trkpt>
      <trkpt lat="44.67999" lon="6.25612">
        <ele>1166.2</ele>
      </trkpt>
      <trkpt lat="44.68226" lon="6.2584">
        <ele>1175.5</ele>
      </trkpt>
      <trkpt lat="44.6828" lon="6.25903">
        <ele>1175.5</ele>
      </trkpt>
      <trkpt lat="44.68341" lon="6.25993">
        <ele>1175.3</ele>
      </trkpt>
      <trkpt lat="44.68432" lon="6.26084">
        <ele>1178.6</ele>
      </trkpt>
      <trkpt lat="44.68478" lon="6.26121">
        <ele>1178.6</ele>
      </trkpt>
      <trkpt lat="44.68731" lon="6.26285">
        <ele>1182.0</ele>
      </trkpt>
      <trkpt lat="44.6886" lon="6.2634">
        <ele>1184.6</ele>
      </trkpt>
      <trkpt lat="44.68887" lon="6.26357">
        <ele>1184.6</ele>
      </trkpt>
      <trkpt lat="44.68922" lon="6.26418">
        <ele>1184.0</ele>
      </trkpt>
      <trkpt lat="44.68937" lon="6.26476">
        <ele>1183.4</ele>
      </trkpt>
      <trkpt lat="44.68934" lon="6.26516">
        <ele>1183.4</ele>
      </trkpt>
      <trkpt lat="44.68902" lon="6.26714">
        <ele>1182.6</ele>
      </trkpt>
      <trkpt lat="44.68886" lon="6.26853">
        <ele>1183.3</ele>
      </trkpt>
      <trkpt lat="44.68871" lon="6.26923">
        <ele>1183.3</ele>
      </trkpt>
      <trkpt lat="44.68778" lon="6.27149">
        <ele>1190.5</ele>
      </trkpt>
      <trkpt lat="44.6873" lon="6.27238">
        <ele>1190.5</ele>
      </trkpt>
      <trkpt lat="44.68659" lon="6.27336">
        <ele>1196.6</ele>
      </trkpt>
      <trkpt lat="44.68642" lon="6.27371">
        <ele>1196.6</ele>
      </trkpt>
      <trkpt lat="44.68633" lon="6.27425">
        <ele>1196.6</ele>
      </trkpt>
      <trkpt lat="44.68642" lon="6.27585">
        <ele>1207.5</ele>
      </trkpt>
      <trkpt lat="44.68639" lon="6.27664">
        <ele>1207.5</ele>
      </trkpt>
      <trkpt lat="44.68615" lon="6.27824">
        <ele>1216.9</ele>
      </trkpt>
      <trkpt lat="44.68593" lon="6.27874">
        <ele>1216.9</ele>
      </trkpt>
      <trkpt lat="44.68506" lon="6.27962">
        <ele>1227.1</ele>
      </trkpt>
      <trkpt lat="44.68473" lon="6.28026">
        <ele>1227.1</ele>
      </trkpt>
      <trkpt lat="44.68428" lon="6.2815">
        <ele>1239.4</ele>
      </trkpt>
      <trkpt lat="44.68422" lon="6.28187">
        <ele>1239.4</ele>
      </trkpt>
      <trkpt lat="44.68434" lon="6.28385">
        <ele>1252.0</ele>
      </trkpt>
      <trkpt lat="44.68428" lon="6.28427">
        <ele>1252.0</ele>
      </trkpt>
      <trkpt lat="44.6841" lon="6.28472">
        <ele>1252.0</ele>
      </trkpt>
      <trkpt lat="44.68355" lon="6.28573">
        <ele>1259.2</ele>
      </trkpt>
      <trkpt lat="44.68264" lon="6.28829">
        <ele>1270.6</ele>
      </trkpt>
      <trkpt lat="44.68246" lon="6.28907">
        <ele>1271.3</ele>
      </trkpt>
      <trkpt lat="44.68243" lon="6.28946">
        <ele>1272.0</ele>
      </trkpt>
      <trkpt lat="44.68249" lon="6.29">
        <ele>1273.5</ele>
      </trkpt>
      <trkpt lat="44.68259" lon="6.29049">
        <ele>1274.2</ele>
      </trkpt>
      <trkpt lat="44.68286" lon="6.29109">
        <ele>1274.9</ele>
      </trkpt>
      <trkpt lat="44.68362" lon="6.29212">
        <ele>1283.6</ele>
      </trkpt>
      <trkpt lat="44.6838" lon="6.29255">
        <ele>1283.6</ele>
      </trkpt>
      <trkpt lat="44.68387" lon="6.29305">
        <ele>1283.6</ele>
      </trkpt>
      <trkpt lat="44.68371" lon="6.29512">
        <ele>1292.9</ele>
      </trkpt>
      <trkpt lat="44.68354" lon="6.29581">
        <ele>1293.4</ele>
      </trkpt>
      <trkpt lat="44.68349" lon="6.29626">
        <ele>1293.4</ele>
      </trkpt>
      <trkpt lat="44.68359" lon="6.29665">
        <ele>1295.2</ele>
      </trkpt>
      <trkpt lat="44.68399" lon="6.29736">
        <ele>1298.3</ele>
      </trkpt>
      <trkpt lat="44.68406" lon="6.29774">
        <ele>1300.1</ele>
      </trkpt>
      <trkpt lat="44.68399" lon="6.30009">
        <ele>1308.3</ele>
      </trkpt>
      <trkpt lat="44.68402" lon="6.30292">
        <ele>1318.0</ele>
      </trkpt>
      <trkpt lat="44.68392" lon="6.30387">
        <ele>1318.0</ele>
      </trkpt>
      <trkpt lat="44.68393" lon="6.30586">
        <ele>1327.6</ele>
      </trkpt>
      <trkpt lat="44.68375" lon="6.30777">
        <ele>1333.8</ele>
      </trkpt>
      <trkpt lat="44.68344" lon="6.30927">
        <ele>1340.1</ele>
      </trkpt>
      <trkpt lat="44.68336" lon="6.3107">
        <ele>1342.9</ele>
      </trkpt>
      <trkpt lat="44.68319" lon="6.31123">
        <ele>1343.9</ele>
      </trkpt>
      <trkpt lat="44.68288" lon="6.31193">
        <ele>1347.6</ele>
      </trkpt>
      <trkpt lat="44.68276" lon="6.31314">
        <ele>1353.5</ele>
      </trkpt>
      <trkpt lat="44.6828" lon="6.31422">
        <ele>1359.8</ele>
      </trkpt>
      <trkpt lat="44.68257" lon="6.31523">
        <ele>1364.4</ele>
      </trkpt>
      <trkpt lat="44.68246" lon="6.31644">
        <ele>1368.5</ele>
      </trkpt>
      <trkpt lat="44.6825" lon="6.31687">
        <ele>1369.8</ele>
      </trkpt>
      <trkpt lat="44.68262" lon="6.31736">
        <ele>1371.7</ele>
      </trkpt>
      <trkpt lat="44.68296" lon="6.31819">
        <ele>1376.7</ele>
      </trkpt>
      <trkpt lat="44.68298" lon="6.31882">
        <ele>1378.8</ele>
      </trkpt>
      <trkpt lat="44.68316" lon="6.32012">
        <ele>1390.9</ele>
      </trkpt>
      <trkpt lat="44.68308" lon="6.32121">
        <ele>1392.1</ele>
      </trkpt>
      <trkpt lat="44.68299" lon="6.32174">
        <ele>1395.1</ele>
      </trkpt>
      <trkpt lat="44.68311" lon="6.32267">
        <ele>1398.1</ele>
      </trkpt>
      <trkpt lat="44.68305" lon="6.32304">
        <ele>1400.3</ele>
      </trkpt>
      <trkpt lat="44.68314" lon="6.32375">
        <ele>1400.3</ele>
      </trkpt>
      <trkpt lat="44.68306" lon="6.32421">
        <ele>1401.2</ele>
      </trkpt>
      <trkpt lat="44.68341" lon="6.32542">
        <ele>1413.2</ele>
      </trkpt>
      <trkpt lat="44.68356" lon="6.32616">
        <ele>1417.6</ele>
      </trkpt>
      <trkpt lat="44.68389" lon="6.32634">
        <ele>1419.9</ele>
      </trkpt>
      <trkpt lat="44.68412" lon="6.32581">
        <ele>1421.9</ele>
      </trkpt>
      <trkpt lat="44.68426" lon="6.32473">
        <ele>1428.0</ele>
      </trkpt>
      <trkpt lat="44.68471" lon="6.32391">
        <ele>1433.9</ele>
      </trkpt>
      <trkpt lat="44.68485" lon="6.32346">
        <ele>1435.9</ele>
      </trkpt>
      <trkpt lat="44.68511" lon="6.3235">
        <ele>1435.9</ele>
      </trkpt>
      <trkpt lat="44.68517" lon="6.32483">
        <ele>1451.7</ele>
      </trkpt>
      <trkpt lat="44.68514" lon="6.32528">
        <ele>1451.7</ele>
      </trkpt>
      <trkpt lat="44.68534" lon="6.32486">
        <ele>1454.2</ele>
      </trkpt>
      <trkpt lat="44.68556" lon="6.32393">
        <ele>1462.0</ele>
      </trkpt>
      <trkpt lat="44.68566" lon="6.32279">
        <ele>1466.8</ele>
      </trkpt>
      <trkpt lat="44.68557" lon="6.32236">
        <ele>1470.5</ele>
      </trkpt>
      <trkpt lat="44.6851" lon="6.32151">
        <ele>1473.7</ele>
      </trkpt>
      <trkpt lat="44.68476" lon="6.32109">
        <ele>1476.7</ele>
      </trkpt>
      <trkpt lat="44.68488" lon="6.32089">
        <ele>1478.2</ele>
      </trkpt>
      <trkpt lat="44.6853" lon="6.32141">
        <ele>1481.0</ele>
      </trkpt>
      <trkpt lat="44.68555" lon="6.3216">
        <ele>1482.6</ele>
      </trkpt>
      <trkpt lat="44.68575" lon="6.32189">
        <ele>1486.9</ele>
      </trkpt>
      <trkpt lat="44.68607" lon="6.32276">
        <ele>1492.8</ele>
      </trkpt>
      <trkpt lat="44.68644" lon="6.32352">
        <ele>1498.9</ele>
      </trkpt>
      <trkpt lat="44.68645" lon="6.32423">
        <ele>1501.8</ele>
      </trkpt>
      <trkpt lat="44.6866" lon="6.32462">
        <ele>1503.3</ele>
      </trkpt>
      <trkpt lat="44.68663" lon="6.32418">
        <ele>1504.7</ele>
      </trkpt>
      <trkpt lat="44.68665" lon="6.32356">
        <ele>1508.1</ele>
      </trkpt>
      <trkpt lat="44.68649" lon="6.3226">
        <ele>1512.0</ele>
      </trkpt>
      <trkpt lat="44.68642" lon="6.32124">
        <ele>1527.1</ele>
      </trkpt>
      <trkpt lat="44.68619" lon="6.32057">
        <ele>1529.3</ele>
      </trkpt>
      <trkpt lat="44.68594" lon="6.32019">
        <ele>1529.3</ele>
      </trkpt>
      <trkpt lat="44.68568" lon="6.31965">
        <ele>1533.8</ele>
      </trkpt>
      <trkpt lat="44.68613" lon="6.31996">
        <ele>1540.7</ele>
      </trkpt>
      <trkpt lat="44.68676" lon="6.32053">
        <ele>1545.3</ele>
      </trkpt>
      <trkpt lat="44.68702" lon="6.32119">
        <ele>1550.2</ele>
      </trkpt>
      <trkpt lat="44.68711" lon="6.32202">
        <ele>1552.5</ele>
      </trkpt>
      <trkpt lat="44.68786" lon="6.32295">
        <ele>1564.6</ele>
      </trkpt>
      <trkpt lat="44.68827" lon="6.32424">
        <ele>1576.3</ele>
      </trkpt>
      <trkpt lat="44.68834" lon="6.32472">
        <ele>1576.3</ele>
      </trkpt>
      <trkpt lat="44.68854" lon="6.32464">
        <ele>1576.3</ele>
      </trkpt>
      <trkpt lat="44.68847" lon="6.32257">
        <ele>1593.8</ele>
      </trkpt>
      <trkpt lat="44.68831" lon="6.32169">
        <ele>1598.6</ele>
      </trkpt>
      <trkpt lat="44.68799" lon="6.32096">
        <ele>1602.8</ele>
      </trkpt>
      <trkpt lat="44.6881" lon="6.32066">
        <ele>1602.8</ele>
      </trkpt>
      <trkpt lat="44.68842" lon="6.32129">
        <ele>1607.1</ele>
      </trkpt>
      <trkpt lat="44.68902" lon="6.32161">
        <ele>1615.8</ele>
      </trkpt>
      <trkpt lat="44.68935" lon="6.32155">
        <ele>1620.4</ele>
      </trkpt>
      <trkpt lat="44.68944" lon="6.32081">
        <ele>1620.4</ele>
      </trkpt>
      <trkpt lat="44.68942" lon="6.32034">
        <ele>1624.8</ele>
      </trkpt>
      <trkpt lat="44.6893" lon="6.31952">
        <ele>1632.6</ele>
      </trkpt>
      <trkpt lat="44.68944" lon="6.31898">
        <ele>1636.4</ele>
      </trkpt>
      <trkpt lat="44.68961" lon="6.31868">
        <ele>1636.4</ele>
      </trkpt>
      <trkpt lat="44.69" lon="6.31875">
        <ele>1640.3</ele>
      </trkpt>
      <trkpt lat="44.69025" lon="6.31955">
        <ele>1646.6</ele>
      </trkpt>
      <trkpt lat="44.69049" lon="6.31998">
        <ele>1651.3</ele>
      </trkpt>
      <trkpt lat="44.69064" lon="6.32077">
        <ele>1653.2</ele>
      </trkpt>
      <trkpt lat="44.69114" lon="6.32201">
        <ele>1666.0</ele>
      </trkpt>
      <trkpt lat="44.69146" lon="6.32259">
        <ele>1668.7</ele>
      </trkpt>
      <trkpt lat="44.69167" lon="6.32345">
        <ele>1671.2</ele>
      </trkpt>
      <trkpt lat="44.69251" lon="6.3241">
        <ele>1682.8</ele>
      </trkpt>
      <trkpt lat="44.69268" lon="6.32394">
        <ele>1682.8</ele>
      </trkpt>
      <trkpt lat="44.6924" lon="6.32375">
        <ele>1682.8</ele>
      </trkpt>
      <trkpt lat="44.692" lon="6.32251">
        <ele>1696.1</ele>
      </trkpt>
      <trkpt lat="44.69205" lon="6.32173">
        <ele>1697.6</ele>
      </trkpt>
      <trkpt lat="44.69196" lon="6.32069">
        <ele>1699.3</ele>
      </trkpt>
      <trkpt lat="44.69201" lon="6.31917">
        <ele>1709.3</ele>
      </trkpt>
      <trkpt lat="44.69188" lon="6.31862">
        <ele>1711.0</ele>
      </trkpt>
      <trkpt lat="44.69156" lon="6.31771">
        <ele>1712.6</ele>
      </trkpt>
      <trkpt lat="44.69133" lon="6.31637">
        <ele>1721.0</ele>
      </trkpt>
      <trkpt lat="44.69103" lon="6.31571">
        <ele>1724.3</ele>
      </trkpt>
      <trkpt lat="44.69092" lon="6.31519">
        <ele>1726.2</ele>
      </trkpt>
      <trkpt lat="44.69092" lon="6.31468">
        <ele>1726.2</ele>
      </trkpt>
      <trkpt lat="44.69118" lon="6.31321">
        <ele>1740.8</ele>
      </trkpt>
      <trkpt lat="44.69098" lon="6.31169">
        <ele>1752.4</ele>
      </trkpt>
      <trkpt lat="44.69115" lon="6.31146">
        <ele>1752.4</ele>
      </trkpt>
      <trkpt lat="44.69121" lon="6.31188">
        <ele>1752.4</ele>
      </trkpt>
      <trkpt lat="44.69177" lon="6.31324">
        <ele>1768.1</ele>
      </trkpt>
      <trkpt lat="44.69234" lon="6.31409">
        <ele>1770.8</ele>
      </trkpt>
      <trkpt lat="44.69259" lon="6.31489">
        <ele>1776.3</ele>
      </trkpt>
      <trkpt lat="44.693" lon="6.31568">
        <ele>1781.5</ele>
      </trkpt>
      <trkpt lat="44.69314" lon="6.31663">
        <ele>1786.8</ele>
      </trkpt>
      <trkpt lat="44.69336" lon="6.31717">
        <ele>1789.6</ele>
      </trkpt>
      <trkpt lat="44.69356" lon="6.31929">
        <ele>1803.2</ele>
      </trkpt>
      <trkpt lat="44.69368" lon="6.31992">
        <ele>1806.1</ele>
      </trkpt>
      <trkpt lat="44.6939" lon="6.32055">
        <ele>1809.0</ele>
      </trkpt>
      <trkpt lat="44.69419" lon="6.32066">
        <ele>1809.0</ele>
      </trkpt>
      <trkpt lat="44.69468" lon="6.32086">
        <ele>1812.2</ele>
      </trkpt>
      <trkpt lat="44.69552" lon="6.32084">
        <ele>1815.4</ele>
      </trkpt>
      <trkpt lat="44.69664" lon="6.32211">
        <ele>1818.3</ele>
      </trkpt>
    </trkseg>
  </trk>
</gpx>