<?xml version="1.0" encoding="UTF-8"?>
<gpx xmlns="http://www.topografix.com/GPX/1/0" xmlns:xsi="http://www.w3.org/2001/XMLSchema-instance" xsi:schemaLocation="http://www.topografix.com/GPX/1/0 http://www.topografix.com/GPX/1/0/gpx.xsd" version="1.0" creator="GPSBabel - https://www.gpsbabel.org">
  <time>2025-10-29T13:11:12.992000Z</time>
  <bounds minlat="45.03639" maxlat="45.59786" minlon="1.54947" maxlon="2.30422" />
  <trk>
    <trkseg>
      <trkpt lat="45.13834" lon="1.54947">
        <ele>214.0</ele>
      </trkpt>
      <trkpt lat="45.13483" lon="1.55199">
        <ele>217.0</ele>
      </trkpt>
      <trkpt lat="45.13212" lon="1.55274">
        <ele>217.0</ele>
      </trkpt>
      <trkpt lat="45.13174" lon="1.55308">
        <ele>219.0</ele>
      </trkpt>
      <trkpt lat="45.13095" lon="1.55421">
        <ele>223.0</ele>
      </trkpt>
      <trkpt lat="45.13039" lon="1.55455">
        <ele>226.0</ele>
      </trkpt>
      <trkpt lat="45.12961" lon="1.55455">
        <ele>229.0</ele>
      </trkpt>
      <trkpt lat="45.12866" lon="1.55399">
        <ele>232.0</ele>
      </trkpt>
      <trkpt lat="45.12813" lon="1.5539">
        <ele>234.0</ele>
      </trkpt>
      <trkpt lat="45.12703" lon="1.5542">
        <ele>237.0</ele>
      </trkpt>
      <trkpt lat="45.12573" lon="1.55406">
        <ele>239.0</ele>
      </trkpt>
      <trkpt lat="45.1246" lon="1.55448">
        <ele>241.0</ele>
      </trkpt>
      <trkpt lat="45.12294" lon="1.55447">
        <ele>242.0</ele>
      </trkpt>
      <trkpt lat="45.12232" lon="1.55462">
        <ele>242.0</ele>
      </trkpt>
      <trkpt lat="45.12074" lon="1.55663">
        <ele>251.0</ele>
      </trkpt>
      <trkpt lat="45.11838" lon="1.55762">
        <ele>254.0</ele>
      </trkpt>
      <trkpt lat="45.11646" lon="1.55976">
        <ele>257.0</ele>
      </trkpt>
      <trkpt lat="45.11548" lon="1.56133">
        <ele>263.0</ele>
      </trkpt>
      <trkpt lat="45.11461" lon="1.56236">
        <ele>269.0</ele>
      </trkpt>
      <trkpt lat="45.11403" lon="1.56268">
        <ele>272.0</ele>
      </trkpt>
      <trkpt lat="45.11241" lon="1.56294">
        <ele>280.0</ele>
      </trkpt>
      <trkpt lat="45.11181" lon="1.56341">
        <ele>283.0</ele>
      </trkpt>
      <trkpt lat="45.11085" lon="1.56531">
        <ele>288.0</ele>
      </trkpt>
      <trkpt lat="45.10966" lon="1.56715">
        <ele>291.0</ele>
      </trkpt>
      <trkpt lat="45.10862" lon="1.56928">
        <ele>296.0</ele>
      </trkpt>
      <trkpt lat="45.10769" lon="1.57051">
        <ele>300.0</ele>
      </trkpt>
      <trkpt lat="45.10662" lon="1.57133">
        <ele>307.0</ele>
      </trkpt>
      <trkpt lat="45.10375" lon="1.57254">
        <ele>317.0</ele>
      </trkpt>
      <trkpt lat="45.10118" lon="1.57231">
        <ele>323.0</ele>
      </trkpt>
      <trkpt lat="45.10108" lon="1.57219">
        <ele>322.0</ele>
      </trkpt>
      <trkpt lat="45.10058" lon="1.57243">
        <ele>322.0</ele>
      </trkpt>
      <trkpt lat="45.09909" lon="1.57231">
        <ele>321.0</ele>
      </trkpt>
      <trkpt lat="45.09729" lon="1.57125">
        <ele>323.0</ele>
      </trkpt>
      <trkpt lat="45.0899" lon="1.56823">
        <ele>295.0</ele>
      </trkpt>
      <trkpt lat="45.08929" lon="1.56776">
        <ele>295.0</ele>
      </trkpt>
      <trkpt lat="45.08901" lon="1.56736">
        <ele>297.0</ele>
      </trkpt>
      <trkpt lat="45.08781" lon="1.56461">
        <ele>307.0</ele>
      </trkpt>
      <trkpt lat="45.08704" lon="1.56357">
        <ele>310.0</ele>
      </trkpt>
      <trkpt lat="45.08642" lon="1.56311">
        <ele>313.0</ele>
      </trkpt>
      <trkpt lat="45.08516" lon="1.56288">
        <ele>322.0</ele>
      </trkpt>
      <trkpt lat="45.08447" lon="1.56182">
        <ele>323.0</ele>
      </trkpt>
      <trkpt lat="45.08295" lon="1.56054">
        <ele>327.0</ele>
      </trkpt>
      <trkpt lat="45.07738" lon="1.56032">
        <ele>325.0</ele>
      </trkpt>
      <trkpt lat="45.07629" lon="1.55991">
        <ele>324.0</ele>
      </trkpt>
      <trkpt lat="45.07564" lon="1.55985">
        <ele>320.0</ele>
      </trkpt>
      <trkpt lat="45.07494" lon="1.56025">
        <ele>315.0</ele>
      </trkpt>
      <trkpt lat="45.07303" lon="1.56244">
        <ele>309.0</ele>
      </trkpt>
      <trkpt lat="45.07092" lon="1.5641">
        <ele>317.0</ele>
      </trkpt>
      <trkpt lat="45.07009" lon="1.56414">
        <ele>322.0</ele>
      </trkpt>
      <trkpt lat="45.06705" lon="1.56324">
        <ele>336.0</ele>
      </trkpt>
      <trkpt lat="45.06558" lon="1.56264">
        <ele>336.0</ele>
      </trkpt>
      <trkpt lat="45.0653" lon="1.5627">
        <ele>335.0</ele>
      </trkpt>
      <trkpt lat="45.06438" lon="1.56341">
        <ele>330.0</ele>
      </trkpt>
      <trkpt lat="45.063" lon="1.56379">
        <ele>322.0</ele>
      </trkpt>
      <trkpt lat="45.06265" lon="1.56406">
        <ele>318.0</ele>
      </trkpt>
      <trkpt lat="45.06244" lon="1.56447">
        <ele>316.0</ele>
      </trkpt>
      <trkpt lat="45.062" lon="1.56623">
        <ele>316.0</ele>
      </trkpt>
      <trkpt lat="45.06114" lon="1.56772">
        <ele>316.0</ele>
      </trkpt>
      <trkpt lat="45.0605" lon="1.56828">
        <ele>314.0</ele>
      </trkpt>
      <trkpt lat="45.05959" lon="1.56829">
        <ele>312.0</ele>
      </trkpt>
      <trkpt lat="45.05798" lon="1.56704">
        <ele>311.0</ele>
      </trkpt>
      <trkpt lat="45.05763" lon="1.56705">
        <ele>310.0</ele>
      </trkpt>
      <trkpt lat="45.05694" lon="1.56764">
        <ele>308.0</ele>
      </trkpt>
      <trkpt lat="45.05652" lon="1.56774">
        <ele>307.0</ele>
      </trkpt>
      <trkpt lat="45.05622" lon="1.56767">
        <ele>306.0</ele>
      </trkpt>
      <trkpt lat="45.05579" lon="1.56721">
        <ele>304.0</ele>
      </trkpt>
      <trkpt lat="45.05558" lon="1.56723">
        <ele>304.0</ele>
      </trkpt>
      <trkpt lat="45.05436" lon="1.57054">
        <ele>290.0</ele>
      </trkpt>
      <trkpt lat="45.0543" lon="1.57096">
        <ele>289.0</ele>
      </trkpt>
      <trkpt lat="45.05441" lon="1.57178">
        <ele>285.0</ele>
      </trkpt>
      <trkpt lat="45.05529" lon="1.57366">
        <ele>279.0</ele>
      </trkpt>
      <trkpt lat="45.05533" lon="1.57497">
        <ele>277.0</ele>
      </trkpt>
      <trkpt lat="45.05466" lon="1.57741">
        <ele>271.0</ele>
      </trkpt>
      <trkpt lat="45.05335" lon="1.57859">
        <ele>271.0</ele>
      </trkpt>
      <trkpt lat="45.0535" lon="1.58177">
        <ele>271.0</ele>
      </trkpt>
      <trkpt lat="45.05329" lon="1.582">
        <ele>270.0</ele>
      </trkpt>
      <trkpt lat="45.05251" lon="1.58227">
        <ele>267.0</ele>
      </trkpt>
      <trkpt lat="45.05062" lon="1.58258">
        <ele>255.0</ele>
      </trkpt>
      <trkpt lat="45.0501" lon="1.58311">
        <ele>251.0</ele>
      </trkpt>
      <trkpt lat="45.04961" lon="1.58424">
        <ele>247.0</ele>
      </trkpt>
      <trkpt lat="45.04852" lon="1.58498">
        <ele>244.0</ele>
      </trkpt>
      <trkpt lat="45.04827" lon="1.58562">
        <ele>242.0</ele>
      </trkpt>
      <trkpt lat="45.04764" lon="1.58877">
        <ele>230.0</ele>
      </trkpt>
      <trkpt lat="45.04715" lon="1.5893">
        <ele>227.0</ele>
      </trkpt>
      <trkpt lat="45.04635" lon="1.58969">
        <ele>223.0</ele>
      </trkpt>
      <trkpt lat="45.04599" lon="1.59005">
        <ele>220.0</ele>
      </trkpt>
      <trkpt lat="45.04559" lon="1.59121">
        <ele>215.0</ele>
      </trkpt>
      <trkpt lat="45.04551" lon="1.59258">
        <ele>212.0</ele>
      </trkpt>
      <trkpt lat="45.04494" lon="1.59405">
        <ele>209.0</ele>
      </trkpt>
      <trkpt lat="45.04461" lon="1.59419">
        <ele>207.0</ele>
      </trkpt>
      <trkpt lat="45.04391" lon="1.59386">
        <ele>203.0</ele>
      </trkpt>
      <trkpt lat="45.04355" lon="1.59398">
        <ele>202.0</ele>
      </trkpt>
      <trkpt lat="45.04287" lon="1.59514">
        <ele>195.0</ele>
      </trkpt>
      <trkpt lat="45.04175" lon="1.59565">
        <ele>187.0</ele>
      </trkpt>
      <trkpt lat="45.04058" lon="1.59725">
        <ele>177.0</ele>
      </trkpt>
      <trkpt lat="45.03979" lon="1.59766">
        <ele>175.0</ele>
      </trkpt>
      <trkpt lat="45.0378" lon="1.59964">
        <ele>164.0</ele>
      </trkpt>
      <trkpt lat="45.03688" lon="1.60024">
        <ele>157.0</ele>
      </trkpt>
      <trkpt lat="45.03671" lon="1.60061">
        <ele>155.0</ele>
      </trkpt>
      <trkpt lat="45.03659" lon="1.60186">
        <ele>149.0</ele>
      </trkpt>
      <trkpt lat="45.03639" lon="1.6026">
        <ele>147.0</ele>
      </trkpt>
      <trkpt lat="45.03691" lon="1.60839">
        <ele>149.0</ele>
      </trkpt>
      <trkpt lat="45.03662" lon="1.61023">
        <ele>154.0</ele>
      </trkpt>
      <trkpt lat="45.03702" lon="1.61147">
        <ele>154.0</ele>
      </trkpt>
      <trkpt lat="45.03713" lon="1.61338">
        <ele>155.0</ele>
      </trkpt>
      <trkpt lat="45.03705" lon="1.61441">
        <ele>156.0</ele>
      </trkpt>
      <trkpt lat="45.0372" lon="1.61487">
        <ele>156.0</ele>
      </trkpt>
      <trkpt lat="45.03919" lon="1.61618">
        <ele>157.0</ele>
      </trkpt>
      <trkpt lat="45.04242" lon="1.61753">
        <ele>163.0</ele>
      </trkpt>
      <trkpt lat="45.04296" lon="1.61811">
        <ele>165.0</ele>
      </trkpt>
      <trkpt lat="45.04361" lon="1.61945">
        <ele>169.0</ele>
      </trkpt>
      <trkpt lat="45.04459" lon="1.62026">
        <ele>171.0</ele>
      </trkpt>
      <trkpt lat="45.04638" lon="1.62029">
        <ele>170.0</ele>
      </trkpt>
      <trkpt lat="45.04758" lon="1.62079">
        <ele>174.0</ele>
      </trkpt>
      <trkpt lat="45.04895" lon="1.62206">
        <ele>179.0</ele>
      </trkpt>
      <trkpt lat="45.04977" lon="1.62356">
        <ele>185.0</ele>
      </trkpt>
      <trkpt lat="45.05098" lon="1.62423">
        <ele>191.0</ele>
      </trkpt>
      <trkpt lat="45.05146" lon="1.62434">
        <ele>192.0</ele>
      </trkpt>
      <trkpt lat="45.05187" lon="1.6247">
        <ele>194.0</ele>
      </trkpt>
      <trkpt lat="45.0526" lon="1.62568">
        <ele>197.0</ele>
      </trkpt>
      <trkpt lat="45.05298" lon="1.62653">
        <ele>201.0</ele>
      </trkpt>
      <trkpt lat="45.05377" lon="1.62761">
        <ele>206.0</ele>
      </trkpt>
      <trkpt lat="45.05425" lon="1.62859">
        <ele>211.0</ele>
      </trkpt>
      <trkpt lat="45.05541" lon="1.63022">
        <ele>217.0</ele>
      </trkpt>
      <trkpt lat="45.05588" lon="1.63061">
        <ele>219.0</ele>
      </trkpt>
      <trkpt lat="45.05674" lon="1.63174">
        <ele>224.0</ele>
      </trkpt>
      <trkpt lat="45.05876" lon="1.63301">
        <ele>234.0</ele>
      </trkpt>
      <trkpt lat="45.0595" lon="1.6332">
        <ele>239.0</ele>
      </trkpt>
      <trkpt lat="45.06095" lon="1.63404">
        <ele>248.0</ele>
      </trkpt>
      <trkpt lat="45.06196" lon="1.63513">
        <ele>252.0</ele>
      </trkpt>
      <trkpt lat="45.06362" lon="1.63623">
        <ele>258.0</ele>
      </trkpt>
      <trkpt lat="45.06416" lon="1.63639">
        <ele>261.0</ele>
      </trkpt>
      <trkpt lat="45.06475" lon="1.63691">
        <ele>263.0</ele>
      </trkpt>
      <trkpt lat="45.0652" lon="1.63698">
        <ele>265.0</ele>
      </trkpt>
      <trkpt lat="45.06592" lon="1.63666">
        <ele>267.0</ele>
      </trkpt>
      <trkpt lat="45.06658" lon="1.63686">
        <ele>271.0</ele>
      </trkpt>
      <trkpt lat="45.06745" lon="1.63854">
        <ele>282.0</ele>
      </trkpt>
      <trkpt lat="45.06751" lon="1.63914">
        <ele>283.0</ele>
      </trkpt>
      <trkpt lat="45.06734" lon="1.64084">
        <ele>287.0</ele>
      </trkpt>
      <trkpt lat="45.06794" lon="1.64237">
        <ele>284.0</ele>
      </trkpt>
      <trkpt lat="45.06827" lon="1.64271">
        <ele>282.0</ele>
      </trkpt>
      <trkpt lat="45.06902" lon="1.64274">
        <ele>281.0</ele>
      </trkpt>
      <trkpt lat="45.06961" lon="1.64345">
        <ele>281.0</ele>
      </trkpt>
      <trkpt lat="45.07031" lon="1.64365">
        <ele>280.0</ele>
      </trkpt>
      <trkpt lat="45.07036" lon="1.6442">
        <ele>278.0</ele>
      </trkpt>
      <trkpt lat="45.07024" lon="1.64471">
        <ele>277.0</ele>
      </trkpt>
      <trkpt lat="45.06939" lon="1.64598">
        <ele>273.0</ele>
      </trkpt>
      <trkpt lat="45.06872" lon="1.64656">
        <ele>269.0</ele>
      </trkpt>
      <trkpt lat="45.06732" lon="1.64731">
        <ele>264.0</ele>
      </trkpt>
      <trkpt lat="45.06699" lon="1.64767">
        <ele>262.0</ele>
      </trkpt>
      <trkpt lat="45.06677" lon="1.6483">
        <ele>260.0</ele>
      </trkpt>
      <trkpt lat="45.0667" lon="1.64942">
        <ele>258.0</ele>
      </trkpt>
      <trkpt lat="45.06626" lon="1.65036">
        <ele>257.0</ele>
      </trkpt>
      <trkpt lat="45.06571" lon="1.65088">
        <ele>257.0</ele>
      </trkpt>
      <trkpt lat="45.06434" lon="1.65162">
        <ele>249.0</ele>
      </trkpt>
      <trkpt lat="45.06338" lon="1.6524">
        <ele>244.0</ele>
      </trkpt>
      <trkpt lat="45.06316" lon="1.65274">
        <ele>241.0</ele>
      </trkpt>
      <trkpt lat="45.06051" lon="1.65814">
        <ele>227.0</ele>
      </trkpt>
      <trkpt lat="45.05955" lon="1.66096">
        <ele>217.0</ele>
      </trkpt>
      <trkpt lat="45.05751" lon="1.66387">
        <ele>192.0</ele>
      </trkpt>
      <trkpt lat="45.05723" lon="1.66499">
        <ele>186.0</ele>
      </trkpt>
      <trkpt lat="45.05696" lon="1.66778">
        <ele>192.0</ele>
      </trkpt>
      <trkpt lat="45.05601" lon="1.67235">
        <ele>199.0</ele>
      </trkpt>
      <trkpt lat="45.05571" lon="1.67281">
        <ele>199.0</ele>
      </trkpt>
      <trkpt lat="45.05501" lon="1.67301">
        <ele>199.0</ele>
      </trkpt>
      <trkpt lat="45.05547" lon="1.67345">
        <ele>200.0</ele>
      </trkpt>
      <trkpt lat="45.05599" lon="1.67366">
        <ele>201.0</ele>
      </trkpt>
      <trkpt lat="45.05639" lon="1.67433">
        <ele>204.0</ele>
      </trkpt>
      <trkpt lat="45.0577" lon="1.67441">
        <ele>206.0</ele>
      </trkpt>
      <trkpt lat="45.05898" lon="1.67617">
        <ele>208.0</ele>
      </trkpt>
      <trkpt lat="45.0593" lon="1.67636">
        <ele>209.0</ele>
      </trkpt>
      <trkpt lat="45.05993" lon="1.67634">
        <ele>211.0</ele>
      </trkpt>
      <trkpt lat="45.0601" lon="1.67701">
        <ele>214.0</ele>
      </trkpt>
      <trkpt lat="45.06033" lon="1.67728">
        <ele>216.0</ele>
      </trkpt>
      <trkpt lat="45.06117" lon="1.67747">
        <ele>219.0</ele>
      </trkpt>
      <trkpt lat="45.06181" lon="1.67737">
        <ele>226.0</ele>
      </trkpt>
      <trkpt lat="45.06235" lon="1.6777">
        <ele>231.0</ele>
      </trkpt>
      <trkpt lat="45.06323" lon="1.6776">
        <ele>238.0</ele>
      </trkpt>
      <trkpt lat="45.06442" lon="1.67818">
        <ele>240.0</ele>
      </trkpt>
      <trkpt lat="45.06504" lon="1.67827">
        <ele>243.0</ele>
      </trkpt>
      <trkpt lat="45.06592" lon="1.67867">
        <ele>250.0</ele>
      </trkpt>
      <trkpt lat="45.06589" lon="1.67894">
        <ele>253.0</ele>
      </trkpt>
      <trkpt lat="45.06518" lon="1.67922">
        <ele>256.0</ele>
      </trkpt>
      <trkpt lat="45.06425" lon="1.67894">
        <ele>254.0</ele>
      </trkpt>
      <trkpt lat="45.0635" lon="1.67892">
        <ele>252.0</ele>
      </trkpt>
      <trkpt lat="45.0629" lon="1.67983">
        <ele>256.0</ele>
      </trkpt>
      <trkpt lat="45.06285" lon="1.68029">
        <ele>257.0</ele>
      </trkpt>
      <trkpt lat="45.0629" lon="1.68076">
        <ele>259.0</ele>
      </trkpt>
      <trkpt lat="45.0634" lon="1.6818">
        <ele>264.0</ele>
      </trkpt>
      <trkpt lat="45.06433" lon="1.68228">
        <ele>273.0</ele>
      </trkpt>
      <trkpt lat="45.06487" lon="1.68366">
        <ele>279.0</ele>
      </trkpt>
      <trkpt lat="45.06585" lon="1.68471">
        <ele>285.0</ele>
      </trkpt>
      <trkpt lat="45.06589" lon="1.68503">
        <ele>285.0</ele>
      </trkpt>
      <trkpt lat="45.06395" lon="1.68501">
        <ele>287.0</ele>
      </trkpt>
      <trkpt lat="45.0633" lon="1.68516">
        <ele>291.0</ele>
      </trkpt>
      <trkpt lat="45.06227" lon="1.68658">
        <ele>299.0</ele>
      </trkpt>
      <trkpt lat="45.06166" lon="1.68792">
        <ele>305.0</ele>
      </trkpt>
      <trkpt lat="45.06256" lon="1.68934">
        <ele>310.0</ele>
      </trkpt>
      <trkpt lat="45.06317" lon="1.69072">
        <ele>316.0</ele>
      </trkpt>
      <trkpt lat="45.06417" lon="1.69155">
        <ele>323.0</ele>
      </trkpt>
      <trkpt lat="45.06533" lon="1.69208">
        <ele>334.0</ele>
      </trkpt>
      <trkpt lat="45.06678" lon="1.69356">
        <ele>343.0</ele>
      </trkpt>
      <trkpt lat="45.06758" lon="1.6939">
        <ele>344.0</ele>
      </trkpt>
      <trkpt lat="45.06867" lon="1.69399">
        <ele>345.0</ele>
      </trkpt>
      <trkpt lat="45.06976" lon="1.69392">
        <ele>350.0</ele>
      </trkpt>
      <trkpt lat="45.07081" lon="1.69345">
        <ele>358.0</ele>
      </trkpt>
      <trkpt lat="45.07082" lon="1.69388">
        <ele>358.0</ele>
      </trkpt>
      <trkpt lat="45.07064" lon="1.6945">
        <ele>360.0</ele>
      </trkpt>
      <trkpt lat="45.07081" lon="1.69489">
        <ele>361.0</ele>
      </trkpt>
      <trkpt lat="45.07149" lon="1.69545">
        <ele>363.0</ele>
      </trkpt>
      <trkpt lat="45.07279" lon="1.69591">
        <ele>375.0</ele>
      </trkpt>
      <trkpt lat="45.0727" lon="1.69624">
        <ele>378.0</ele>
      </trkpt>
      <trkpt lat="45.07223" lon="1.69662">
        <ele>380.0</ele>
      </trkpt>
      <trkpt lat="45.07204" lon="1.69703">
        <ele>381.0</ele>
      </trkpt>
      <trkpt lat="45.07204" lon="1.699">
        <ele>386.0</ele>
      </trkpt>
      <trkpt lat="45.07226" lon="1.69964">
        <ele>389.0</ele>
      </trkpt>
      <trkpt lat="45.07289" lon="1.70039">
        <ele>393.0</ele>
      </trkpt>
      <trkpt lat="45.07346" lon="1.70222">
        <ele>393.0</ele>
      </trkpt>
      <trkpt lat="45.0743" lon="1.7019">
        <ele>393.0</ele>
      </trkpt>
      <trkpt lat="45.07516" lon="1.70212">
        <ele>393.0</ele>
      </trkpt>
      <trkpt lat="45.07556" lon="1.70201">
        <ele>393.0</ele>
      </trkpt>
      <trkpt lat="45.07585" lon="1.7014">
        <ele>394.0</ele>
      </trkpt>
      <trkpt lat="45.07599" lon="1.69994">
        <ele>400.0</ele>
      </trkpt>
      <trkpt lat="45.07706" lon="1.69992">
        <ele>404.0</ele>
      </trkpt>
      <trkpt lat="45.07758" lon="1.69908">
        <ele>404.0</ele>
      </trkpt>
      <trkpt lat="45.07778" lon="1.69903">
        <ele>404.0</ele>
      </trkpt>
      <trkpt lat="45.07831" lon="1.69925">
        <ele>404.0</ele>
      </trkpt>
      <trkpt lat="45.07857" lon="1.69957">
        <ele>402.0</ele>
      </trkpt>
      <trkpt lat="45.07914" lon="1.69933">
        <ele>399.0</ele>
      </trkpt>
      <trkpt lat="45.07976" lon="1.69995">
        <ele>396.0</ele>
      </trkpt>
      <trkpt lat="45.08033" lon="1.69976">
        <ele>396.0</ele>
      </trkpt>
      <trkpt lat="45.08202" lon="1.70029">
        <ele>397.0</ele>
      </trkpt>
      <trkpt lat="45.08292" lon="1.70137">
        <ele>397.0</ele>
      </trkpt>
      <trkpt lat="45.08624" lon="1.70231">
        <ele>397.0</ele>
      </trkpt>
      <trkpt lat="45.08894" lon="1.70405">
        <ele>391.0</ele>
      </trkpt>
      <trkpt lat="45.09232" lon="1.70298">
        <ele>398.0</ele>
      </trkpt>
      <trkpt lat="45.0935" lon="1.70196">
        <ele>396.0</ele>
      </trkpt>
      <trkpt lat="45.09429" lon="1.70215">
        <ele>395.0</ele>
      </trkpt>
      <trkpt lat="45.09458" lon="1.70238">
        <ele>394.0</ele>
      </trkpt>
      <trkpt lat="45.09467" lon="1.7028">
        <ele>394.0</ele>
      </trkpt>
      <trkpt lat="45.0946" lon="1.70394">
        <ele>394.0</ele>
      </trkpt>
      <trkpt lat="45.09526" lon="1.70478">
        <ele>392.0</ele>
      </trkpt>
      <trkpt lat="45.09636" lon="1.70491">
        <ele>389.0</ele>
      </trkpt>
      <trkpt lat="45.09709" lon="1.70447">
        <ele>386.0</ele>
      </trkpt>
      <trkpt lat="45.09784" lon="1.70433">
        <ele>382.0</ele>
      </trkpt>
      <trkpt lat="45.10074" lon="1.70531">
        <ele>373.0</ele>
      </trkpt>
      <trkpt lat="45.10175" lon="1.70488">
        <ele>369.0</ele>
      </trkpt>
      <trkpt lat="45.10218" lon="1.7036">
        <ele>364.0</ele>
      </trkpt>
      <trkpt lat="45.10357" lon="1.70229">
        <ele>357.0</ele>
      </trkpt>
      <trkpt lat="45.10459" lon="1.70182">
        <ele>354.0</ele>
      </trkpt>
      <trkpt lat="45.10535" lon="1.70121">
        <ele>352.0</ele>
      </trkpt>
      <trkpt lat="45.10554" lon="1.70133">
        <ele>351.0</ele>
      </trkpt>
      <trkpt lat="45.1056" lon="1.70192">
        <ele>351.0</ele>
      </trkpt>
      <trkpt lat="45.10611" lon="1.70277">
        <ele>348.0</ele>
      </trkpt>
      <trkpt lat="45.10577" lon="1.70408">
        <ele>345.0</ele>
      </trkpt>
      <trkpt lat="45.10589" lon="1.70515">
        <ele>338.0</ele>
      </trkpt>
      <trkpt lat="45.10565" lon="1.70623">
        <ele>330.0</ele>
      </trkpt>
      <trkpt lat="45.10594" lon="1.7066">
        <ele>326.0</ele>
      </trkpt>
      <trkpt lat="45.10662" lon="1.70698">
        <ele>325.0</ele>
      </trkpt>
      <trkpt lat="45.10729" lon="1.70602">
        <ele>325.0</ele>
      </trkpt>
      <trkpt lat="45.10822" lon="1.70573">
        <ele>324.0</ele>
      </trkpt>
      <trkpt lat="45.1084" lon="1.70553">
        <ele>323.0</ele>
      </trkpt>
      <trkpt lat="45.10883" lon="1.70415">
        <ele>322.0</ele>
      </trkpt>
      <trkpt lat="45.10943" lon="1.70318">
        <ele>318.0</ele>
      </trkpt>
      <trkpt lat="45.10948" lon="1.70262">
        <ele>316.0</ele>
      </trkpt>
      <trkpt lat="45.1097" lon="1.70203">
        <ele>314.0</ele>
      </trkpt>
      <trkpt lat="45.11082" lon="1.70049">
        <ele>312.0</ele>
      </trkpt>
      <trkpt lat="45.11179" lon="1.69968">
        <ele>306.0</ele>
      </trkpt>
      <trkpt lat="45.11222" lon="1.69733">
        <ele>300.0</ele>
      </trkpt>
      <trkpt lat="45.11234" lon="1.69592">
        <ele>299.0</ele>
      </trkpt>
      <trkpt lat="45.11253" lon="1.69541">
        <ele>297.0</ele>
      </trkpt>
      <trkpt lat="45.11334" lon="1.69449">
        <ele>293.0</ele>
      </trkpt>
      <trkpt lat="45.11427" lon="1.69377">
        <ele>290.0</ele>
      </trkpt>
      <trkpt lat="45.11474" lon="1.69344">
        <ele>291.0</ele>
      </trkpt>
      <trkpt lat="45.1153" lon="1.69337">
        <ele>292.0</ele>
      </trkpt>
      <trkpt lat="45.1155" lon="1.69312">
        <ele>291.0</ele>
      </trkpt>
      <trkpt lat="45.11538" lon="1.69237">
        <ele>288.0</ele>
      </trkpt>
      <trkpt lat="45.11435" lon="1.69072">
        <ele>278.0</ele>
      </trkpt>
      <trkpt lat="45.11421" lon="1.69029">
        <ele>276.0</ele>
      </trkpt>
      <trkpt lat="45.11447" lon="1.68854">
        <ele>273.0</ele>
      </trkpt>
      <trkpt lat="45.11474" lon="1.68782">
        <ele>272.0</ele>
      </trkpt>
      <trkpt lat="45.11667" lon="1.68637">
        <ele>269.0</ele>
      </trkpt>
      <trkpt lat="45.11771" lon="1.68582">
        <ele>270.0</ele>
      </trkpt>
      <trkpt lat="45.1187" lon="1.68342">
        <ele>255.0</ele>
      </trkpt>
      <trkpt lat="45.11941" lon="1.68267">
        <ele>253.0</ele>
      </trkpt>
      <trkpt lat="45.12016" lon="1.68258">
        <ele>251.0</ele>
      </trkpt>
      <trkpt lat="45.12049" lon="1.68237">
        <ele>249.0</ele>
      </trkpt>
      <trkpt lat="45.12087" lon="1.68094">
        <ele>241.0</ele>
      </trkpt>
      <trkpt lat="45.12176" lon="1.67971">
        <ele>235.0</ele>
      </trkpt>
      <trkpt lat="45.12186" lon="1.6792">
        <ele>234.0</ele>
      </trkpt>
      <trkpt lat="45.12175" lon="1.6787">
        <ele>233.0</ele>
      </trkpt>
      <trkpt lat="45.12096" lon="1.67795">
        <ele>230.0</ele>
      </trkpt>
      <trkpt lat="45.12076" lon="1.6773">
        <ele>227.0</ele>
      </trkpt>
      <trkpt lat="45.12111" lon="1.67601">
        <ele>223.0</ele>
      </trkpt>
      <trkpt lat="45.12111" lon="1.67464">
        <ele>215.0</ele>
      </trkpt>
      <trkpt lat="45.12196" lon="1.67279">
        <ele>208.0</ele>
      </trkpt>
      <trkpt lat="45.12239" lon="1.67222">
        <ele>207.0</ele>
      </trkpt>
      <trkpt lat="45.12424" lon="1.6709">
        <ele>202.0</ele>
      </trkpt>
      <trkpt lat="45.12587" lon="1.66945">
        <ele>196.0</ele>
      </trkpt>
      <trkpt lat="45.12755" lon="1.66529">
        <ele>195.0</ele>
      </trkpt>
      <trkpt lat="45.12777" lon="1.6651">
        <ele>196.0</ele>
      </trkpt>
      <trkpt lat="45.12889" lon="1.66835">
        <ele>215.0</ele>
      </trkpt>
      <trkpt lat="45.12921" lon="1.66999">
        <ele>215.0</ele>
      </trkpt>
      <trkpt lat="45.13057" lon="1.67132">
        <ele>218.0</ele>
      </trkpt>
      <trkpt lat="45.13128" lon="1.67261">
        <ele>227.0</ele>
      </trkpt>
      <trkpt lat="45.13266" lon="1.67417">
        <ele>221.0</ele>
      </trkpt>
      <trkpt lat="45.13275" lon="1.67497">
        <ele>222.0</ele>
      </trkpt>
      <trkpt lat="45.13246" lon="1.67576">
        <ele>223.0</ele>
      </trkpt>
      <trkpt lat="45.13134" lon="1.67725">
        <ele>226.0</ele>
      </trkpt>
      <trkpt lat="45.13097" lon="1.67804">
        <ele>228.0</ele>
      </trkpt>
      <trkpt lat="45.13065" lon="1.67908">
        <ele>228.0</ele>
      </trkpt>
      <trkpt lat="45.13048" lon="1.68061">
        <ele>226.0</ele>
      </trkpt>
      <trkpt lat="45.13004" lon="1.68169">
        <ele>228.0</ele>
      </trkpt>
      <trkpt lat="45.12858" lon="1.68388">
        <ele>231.0</ele>
      </trkpt>
      <trkpt lat="45.12686" lon="1.68554">
        <ele>231.0</ele>
      </trkpt>
      <trkpt lat="45.12555" lon="1.68801">
        <ele>237.0</ele>
      </trkpt>
      <trkpt lat="45.12424" lon="1.68986">
        <ele>248.0</ele>
      </trkpt>
      <trkpt lat="45.12388" lon="1.69108">
        <ele>249.0</ele>
      </trkpt>
      <trkpt lat="45.12382" lon="1.69274">
        <ele>249.0</ele>
      </trkpt>
      <trkpt lat="45.12349" lon="1.69521">
        <ele>254.0</ele>
      </trkpt>
      <trkpt lat="45.11999" lon="1.70301">
        <ele>250.0</ele>
      </trkpt>
      <trkpt lat="45.11986" lon="1.70369">
        <ele>254.0</ele>
      </trkpt>
      <trkpt lat="45.12001" lon="1.70546">
        <ele>259.0</ele>
      </trkpt>
      <trkpt lat="45.11989" lon="1.7062">
        <ele>259.0</ele>
      </trkpt>
      <trkpt lat="45.11959" lon="1.70671">
        <ele>259.0</ele>
      </trkpt>
      <trkpt lat="45.1189" lon="1.70731">
        <ele>260.0</ele>
      </trkpt>
      <trkpt lat="45.11875" lon="1.70783">
        <ele>261.0</ele>
      </trkpt>
      <trkpt lat="45.11898" lon="1.70827">
        <ele>262.0</ele>
      </trkpt>
      <trkpt lat="45.1193" lon="1.70833">
        <ele>263.0</ele>
      </trkpt>
      <trkpt lat="45.12044" lon="1.70705">
        <ele>271.0</ele>
      </trkpt>
      <trkpt lat="45.12103" lon="1.70677">
        <ele>274.0</ele>
      </trkpt>
      <trkpt lat="45.12156" lon="1.70679">
        <ele>277.0</ele>
      </trkpt>
      <trkpt lat="45.12338" lon="1.70844">
        <ele>288.0</ele>
      </trkpt>
      <trkpt lat="45.12382" lon="1.70917">
        <ele>292.0</ele>
      </trkpt>
      <trkpt lat="45.12395" lon="1.7102">
        <ele>296.0</ele>
      </trkpt>
      <trkpt lat="45.12322" lon="1.71481">
        <ele>315.0</ele>
      </trkpt>
      <trkpt lat="45.12313" lon="1.71731">
        <ele>330.0</ele>
      </trkpt>
      <trkpt lat="45.1233" lon="1.71797">
        <ele>334.0</ele>
      </trkpt>
      <trkpt lat="45.12352" lon="1.71802">
        <ele>336.0</ele>
      </trkpt>
      <trkpt lat="45.12371" lon="1.71784">
        <ele>337.0</ele>
      </trkpt>
      <trkpt lat="45.12397" lon="1.71673">
        <ele>341.0</ele>
      </trkpt>
      <trkpt lat="45.12418" lon="1.71635">
        <ele>343.0</ele>
      </trkpt>
      <trkpt lat="45.12482" lon="1.71628">
        <ele>345.0</ele>
      </trkpt>
      <trkpt lat="45.1251" lon="1.71604">
        <ele>346.0</ele>
      </trkpt>
      <trkpt lat="45.12517" lon="1.71478">
        <ele>346.0</ele>
      </trkpt>
      <trkpt lat="45.12556" lon="1.71423">
        <ele>346.0</ele>
      </trkpt>
      <trkpt lat="45.12588" lon="1.7142">
        <ele>347.0</ele>
      </trkpt>
      <trkpt lat="45.1262" lon="1.71441">
        <ele>348.0</ele>
      </trkpt>
      <trkpt lat="45.12654" lon="1.71534">
        <ele>353.0</ele>
      </trkpt>
      <trkpt lat="45.12695" lon="1.71591">
        <ele>358.0</ele>
      </trkpt>
      <trkpt lat="45.12693" lon="1.71666">
        <ele>362.0</ele>
      </trkpt>
      <trkpt lat="45.12643" lon="1.71775">
        <ele>370.0</ele>
      </trkpt>
      <trkpt lat="45.12622" lon="1.72047">
        <ele>376.0</ele>
      </trkpt>
      <trkpt lat="45.12602" lon="1.72089">
        <ele>376.0</ele>
      </trkpt>
      <trkpt lat="45.12531" lon="1.72158">
        <ele>384.0</ele>
      </trkpt>
      <trkpt lat="45.12514" lon="1.722">
        <ele>388.0</ele>
      </trkpt>
      <trkpt lat="45.12517" lon="1.72458">
        <ele>397.0</ele>
      </trkpt>
      <trkpt lat="45.12539" lon="1.726">
        <ele>398.0</ele>
      </trkpt>
      <trkpt lat="45.12512" lon="1.72681">
        <ele>398.0</ele>
      </trkpt>
      <trkpt lat="45.12431" lon="1.72802">
        <ele>399.0</ele>
      </trkpt>
      <trkpt lat="45.1242" lon="1.73011">
        <ele>402.0</ele>
      </trkpt>
      <trkpt lat="45.12442" lon="1.73057">
        <ele>403.0</ele>
      </trkpt>
      <trkpt lat="45.12526" lon="1.73073">
        <ele>403.0</ele>
      </trkpt>
      <trkpt lat="45.12556" lon="1.73099">
        <ele>403.0</ele>
      </trkpt>
      <trkpt lat="45.12575" lon="1.73152">
        <ele>403.0</ele>
      </trkpt>
      <trkpt lat="45.12578" lon="1.73266">
        <ele>405.0</ele>
      </trkpt>
      <trkpt lat="45.12658" lon="1.73391">
        <ele>410.0</ele>
      </trkpt>
      <trkpt lat="45.12663" lon="1.73452">
        <ele>411.0</ele>
      </trkpt>
      <trkpt lat="45.12653" lon="1.73493">
        <ele>411.0</ele>
      </trkpt>
      <trkpt lat="45.12612" lon="1.73555">
        <ele>412.0</ele>
      </trkpt>
      <trkpt lat="45.12584" lon="1.73639">
        <ele>413.0</ele>
      </trkpt>
      <trkpt lat="45.12596" lon="1.73694">
        <ele>415.0</ele>
      </trkpt>
      <trkpt lat="45.12619" lon="1.73713">
        <ele>416.0</ele>
      </trkpt>
      <trkpt lat="45.12712" lon="1.73717">
        <ele>420.0</ele>
      </trkpt>
      <trkpt lat="45.12786" lon="1.73742">
        <ele>422.0</ele>
      </trkpt>
      <trkpt lat="45.1284" lon="1.73779">
        <ele>424.0</ele>
      </trkpt>
      <trkpt lat="45.12873" lon="1.73832">
        <ele>426.0</ele>
      </trkpt>
      <trkpt lat="45.12891" lon="1.73971">
        <ele>431.0</ele>
      </trkpt>
      <trkpt lat="45.12875" lon="1.74092">
        <ele>437.0</ele>
      </trkpt>
      <trkpt lat="45.1283" lon="1.74206">
        <ele>441.0</ele>
      </trkpt>
      <trkpt lat="45.12835" lon="1.7431">
        <ele>443.0</ele>
      </trkpt>
      <trkpt lat="45.12879" lon="1.7439">
        <ele>447.0</ele>
      </trkpt>
      <trkpt lat="45.12983" lon="1.74439">
        <ele>452.0</ele>
      </trkpt>
      <trkpt lat="45.13016" lon="1.74474">
        <ele>454.0</ele>
      </trkpt>
      <trkpt lat="45.13064" lon="1.74619">
        <ele>460.0</ele>
      </trkpt>
      <trkpt lat="45.13079" lon="1.7477">
        <ele>466.0</ele>
      </trkpt>
      <trkpt lat="45.13058" lon="1.74897">
        <ele>469.0</ele>
      </trkpt>
      <trkpt lat="45.12931" lon="1.75114">
        <ele>475.0</ele>
      </trkpt>
      <trkpt lat="45.12923" lon="1.752">
        <ele>478.0</ele>
      </trkpt>
      <trkpt lat="45.12957" lon="1.75253">
        <ele>481.0</ele>
      </trkpt>
      <trkpt lat="45.13048" lon="1.75286">
        <ele>486.0</ele>
      </trkpt>
      <trkpt lat="45.13093" lon="1.7534">
        <ele>489.0</ele>
      </trkpt>
      <trkpt lat="45.13106" lon="1.75409">
        <ele>492.0</ele>
      </trkpt>
      <trkpt lat="45.13089" lon="1.75602">
        <ele>498.0</ele>
      </trkpt>
      <trkpt lat="45.1311" lon="1.75716">
        <ele>501.0</ele>
      </trkpt>
      <trkpt lat="45.1319" lon="1.75911">
        <ele>508.0</ele>
      </trkpt>
      <trkpt lat="45.13328" lon="1.76165">
        <ele>519.0</ele>
      </trkpt>
      <trkpt lat="45.1341" lon="1.7656">
        <ele>525.0</ele>
      </trkpt>
      <trkpt lat="45.13539" lon="1.76937">
        <ele>530.0</ele>
      </trkpt>
      <trkpt lat="45.13582" lon="1.77013">
        <ele>531.0</ele>
      </trkpt>
      <trkpt lat="45.13673" lon="1.77097">
        <ele>531.0</ele>
      </trkpt>
      <trkpt lat="45.13711" lon="1.77183">
        <ele>531.0</ele>
      </trkpt>
      <trkpt lat="45.13714" lon="1.77286">
        <ele>532.0</ele>
      </trkpt>
      <trkpt lat="45.13643" lon="1.77555">
        <ele>536.0</ele>
      </trkpt>
      <trkpt lat="45.1367" lon="1.77803">
        <ele>540.0</ele>
      </trkpt>
      <trkpt lat="45.13654" lon="1.77918">
        <ele>543.0</ele>
      </trkpt>
      <trkpt lat="45.13658" lon="1.78035">
        <ele>544.0</ele>
      </trkpt>
      <trkpt lat="45.13597" lon="1.78218">
        <ele>546.0</ele>
      </trkpt>
      <trkpt lat="45.13663" lon="1.78144">
        <ele>549.0</ele>
      </trkpt>
      <trkpt lat="45.13723" lon="1.77977">
        <ele>550.0</ele>
      </trkpt>
      <trkpt lat="45.1376" lon="1.77913">
        <ele>550.0</ele>
      </trkpt>
      <trkpt lat="45.13982" lon="1.77673">
        <ele>565.0</ele>
      </trkpt>
      <trkpt lat="45.14462" lon="1.7744">
        <ele>565.0</ele>
      </trkpt>
      <trkpt lat="45.14684" lon="1.77254">
        <ele>556.0</ele>
      </trkpt>
      <trkpt lat="45.14837" lon="1.77174">
        <ele>548.0</ele>
      </trkpt>
      <trkpt lat="45.14971" lon="1.7713">
        <ele>547.0</ele>
      </trkpt>
      <trkpt lat="45.15223" lon="1.7711">
        <ele>548.0</ele>
      </trkpt>
      <trkpt lat="45.15362" lon="1.7704">
        <ele>544.0</ele>
      </trkpt>
      <trkpt lat="45.15457" lon="1.76968">
        <ele>540.0</ele>
      </trkpt>
      <trkpt lat="45.15526" lon="1.76883">
        <ele>537.0</ele>
      </trkpt>
      <trkpt lat="45.15595" lon="1.76732">
        <ele>530.0</ele>
      </trkpt>
      <trkpt lat="45.15673" lon="1.763">
        <ele>517.0</ele>
      </trkpt>
      <trkpt lat="45.1577" lon="1.75948">
        <ele>504.0</ele>
      </trkpt>
      <trkpt lat="45.15856" lon="1.75819">
        <ele>500.0</ele>
      </trkpt>
      <trkpt lat="45.15965" lon="1.7576">
        <ele>498.0</ele>
      </trkpt>
      <trkpt lat="45.16675" lon="1.75792">
        <ele>509.0</ele>
      </trkpt>
      <trkpt lat="45.1719" lon="1.7554">
        <ele>525.0</ele>
      </trkpt>
      <trkpt lat="45.17443" lon="1.75545">
        <ele>535.0</ele>
      </trkpt>
      <trkpt lat="45.17499" lon="1.75583">
        <ele>538.0</ele>
      </trkpt>
      <trkpt lat="45.18005" lon="1.76084">
        <ele>540.0</ele>
      </trkpt>
      <trkpt lat="45.18066" lon="1.76101">
        <ele>542.0</ele>
      </trkpt>
      <trkpt lat="45.18213" lon="1.76046">
        <ele>540.0</ele>
      </trkpt>
      <trkpt lat="45.18279" lon="1.76045">
        <ele>538.0</ele>
      </trkpt>
      <trkpt lat="45.18334" lon="1.76073">
        <ele>537.0</ele>
      </trkpt>
      <trkpt lat="45.18519" lon="1.76228">
        <ele>536.0</ele>
      </trkpt>
      <trkpt lat="45.18833" lon="1.76649">
        <ele>534.0</ele>
      </trkpt>
      <trkpt lat="45.1906" lon="1.77068">
        <ele>537.0</ele>
      </trkpt>
      <trkpt lat="45.19164" lon="1.77225">
        <ele>534.0</ele>
      </trkpt>
      <trkpt lat="45.19284" lon="1.7731">
        <ele>536.0</ele>
      </trkpt>
      <trkpt lat="45.19445" lon="1.77347">
        <ele>523.0</ele>
      </trkpt>
      <trkpt lat="45.19584" lon="1.77408">
        <ele>519.0</ele>
      </trkpt>
      <trkpt lat="45.19671" lon="1.77402">
        <ele>517.0</ele>
      </trkpt>
      <trkpt lat="45.19831" lon="1.77328">
        <ele>509.0</ele>
      </trkpt>
      <trkpt lat="45.19971" lon="1.77295">
        <ele>497.0</ele>
      </trkpt>
      <trkpt lat="45.2019" lon="1.77105">
        <ele>480.0</ele>
      </trkpt>
      <trkpt lat="45.20236" lon="1.77082">
        <ele>476.0</ele>
      </trkpt>
      <trkpt lat="45.20407" lon="1.77126">
        <ele>467.0</ele>
      </trkpt>
      <trkpt lat="45.20573" lon="1.77083">
        <ele>457.0</ele>
      </trkpt>
      <trkpt lat="45.20694" lon="1.77081">
        <ele>450.0</ele>
      </trkpt>
      <trkpt lat="45.21073" lon="1.7722">
        <ele>428.0</ele>
      </trkpt>
      <trkpt lat="45.21171" lon="1.77248">
        <ele>424.0</ele>
      </trkpt>
      <trkpt lat="45.21255" lon="1.77242">
        <ele>419.0</ele>
      </trkpt>
      <trkpt lat="45.22005" lon="1.76762">
        <ele>403.0</ele>
      </trkpt>
      <trkpt lat="45.22613" lon="1.76601">
        <ele>395.0</ele>
      </trkpt>
      <trkpt lat="45.22663" lon="1.76603">
        <ele>393.0</ele>
      </trkpt>
      <trkpt lat="45.22737" lon="1.76637">
        <ele>391.0</ele>
      </trkpt>
      <trkpt lat="45.22794" lon="1.76631">
        <ele>391.0</ele>
      </trkpt>
      <trkpt lat="45.22846" lon="1.76591">
        <ele>391.0</ele>
      </trkpt>
      <trkpt lat="45.22953" lon="1.76437">
        <ele>386.0</ele>
      </trkpt>
      <trkpt lat="45.23012" lon="1.76417">
        <ele>383.0</ele>
      </trkpt>
      <trkpt lat="45.23078" lon="1.76452">
        <ele>380.0</ele>
      </trkpt>
      <trkpt lat="45.23288" lon="1.76772">
        <ele>367.0</ele>
      </trkpt>
      <trkpt lat="45.23518" lon="1.77065">
        <ele>346.0</ele>
      </trkpt>
      <trkpt lat="45.23576" lon="1.77174">
        <ele>338.0</ele>
      </trkpt>
      <trkpt lat="45.23607" lon="1.7727">
        <ele>335.0</ele>
      </trkpt>
      <trkpt lat="45.23667" lon="1.77364">
        <ele>329.0</ele>
      </trkpt>
      <trkpt lat="45.23741" lon="1.77404">
        <ele>324.0</ele>
      </trkpt>
      <trkpt lat="45.23911" lon="1.77431">
        <ele>303.0</ele>
      </trkpt>
      <trkpt lat="45.23968" lon="1.77416">
        <ele>295.0</ele>
      </trkpt>
      <trkpt lat="45.24008" lon="1.77384">
        <ele>292.0</ele>
      </trkpt>
      <trkpt lat="45.2405" lon="1.77262">
        <ele>286.0</ele>
      </trkpt>
      <trkpt lat="45.24127" lon="1.77243">
        <ele>281.0</ele>
      </trkpt>
      <trkpt lat="45.24177" lon="1.77195">
        <ele>276.0</ele>
      </trkpt>
      <trkpt lat="45.2421" lon="1.7721">
        <ele>273.0</ele>
      </trkpt>
      <trkpt lat="45.24241" lon="1.77311">
        <ele>268.0</ele>
      </trkpt>
      <trkpt lat="45.2427" lon="1.77316">
        <ele>266.0</ele>
      </trkpt>
      <trkpt lat="45.24438" lon="1.77162">
        <ele>256.0</ele>
      </trkpt>
      <trkpt lat="45.24491" lon="1.7708">
        <ele>248.0</ele>
      </trkpt>
      <trkpt lat="45.24606" lon="1.76995">
        <ele>248.0</ele>
      </trkpt>
      <trkpt lat="45.24752" lon="1.7683">
        <ele>233.0</ele>
      </trkpt>
      <trkpt lat="45.24843" lon="1.76664">
        <ele>221.0</ele>
      </trkpt>
      <trkpt lat="45.24885" lon="1.76618">
        <ele>218.0</ele>
      </trkpt>
      <trkpt lat="45.25034" lon="1.76517">
        <ele>207.0</ele>
      </trkpt>
      <trkpt lat="45.2506" lon="1.76523">
        <ele>203.0</ele>
      </trkpt>
      <trkpt lat="45.25084" lon="1.76574">
        <ele>202.0</ele>
      </trkpt>
      <trkpt lat="45.252" lon="1.76501">
        <ele>204.0</ele>
      </trkpt>
      <trkpt lat="45.25282" lon="1.76402">
        <ele>208.0</ele>
      </trkpt>
      <trkpt lat="45.25365" lon="1.76398">
        <ele>210.0</ele>
      </trkpt>
      <trkpt lat="45.25493" lon="1.76319">
        <ele>210.0</ele>
      </trkpt>
      <trkpt lat="45.25595" lon="1.76147">
        <ele>211.0</ele>
      </trkpt>
      <trkpt lat="45.25761" lon="1.75972">
        <ele>216.0</ele>
      </trkpt>
      <trkpt lat="45.25907" lon="1.75669">
        <ele>213.0</ele>
      </trkpt>
      <trkpt lat="45.25943" lon="1.75635">
        <ele>213.0</ele>
      </trkpt>
      <trkpt lat="45.25979" lon="1.75632">
        <ele>214.0</ele>
      </trkpt>
      <trkpt lat="45.26016" lon="1.75656">
        <ele>216.0</ele>
      </trkpt>
      <trkpt lat="45.26047" lon="1.75706">
        <ele>219.0</ele>
      </trkpt>
      <trkpt lat="45.26072" lon="1.75848">
        <ele>221.0</ele>
      </trkpt>
      <trkpt lat="45.26101" lon="1.7593">
        <ele>221.0</ele>
      </trkpt>
      <trkpt lat="45.26128" lon="1.75981">
        <ele>220.0</ele>
      </trkpt>
      <trkpt lat="45.26247" lon="1.76113">
        <ele>218.0</ele>
      </trkpt>
      <trkpt lat="45.26354" lon="1.76395">
        <ele>220.0</ele>
      </trkpt>
      <trkpt lat="45.26387" lon="1.76583">
        <ele>221.0</ele>
      </trkpt>
      <trkpt lat="45.26343" lon="1.76722">
        <ele>219.0</ele>
      </trkpt>
      <trkpt lat="45.26338" lon="1.76818">
        <ele>219.0</ele>
      </trkpt>
      <trkpt lat="45.26355" lon="1.76897">
        <ele>219.0</ele>
      </trkpt>
      <trkpt lat="45.26392" lon="1.7696">
        <ele>219.0</ele>
      </trkpt>
      <trkpt lat="45.26567" lon="1.77053">
        <ele>216.0</ele>
      </trkpt>
      <trkpt lat="45.26703" lon="1.77182">
        <ele>219.0</ele>
      </trkpt>
      <trkpt lat="45.2686" lon="1.77271">
        <ele>215.0</ele>
      </trkpt>
      <trkpt lat="45.26959" lon="1.77419">
        <ele>215.0</ele>
      </trkpt>
      <trkpt lat="45.26987" lon="1.77395">
        <ele>215.0</ele>
      </trkpt>
      <trkpt lat="45.27073" lon="1.77565">
        <ele>217.0</ele>
      </trkpt>
      <trkpt lat="45.27146" lon="1.77629">
        <ele>219.0</ele>
      </trkpt>
      <trkpt lat="45.27207" lon="1.77612">
        <ele>219.0</ele>
      </trkpt>
      <trkpt lat="45.27369" lon="1.77399">
        <ele>223.0</ele>
      </trkpt>
      <trkpt lat="45.27441" lon="1.77347">
        <ele>229.0</ele>
      </trkpt>
      <trkpt lat="45.27537" lon="1.77309">
        <ele>231.0</ele>
      </trkpt>
      <trkpt lat="45.27608" lon="1.77316">
        <ele>232.0</ele>
      </trkpt>
      <trkpt lat="45.2765" lon="1.77343">
        <ele>232.0</ele>
      </trkpt>
      <trkpt lat="45.27689" lon="1.77409">
        <ele>229.0</ele>
      </trkpt>
      <trkpt lat="45.27698" lon="1.77492">
        <ele>224.0</ele>
      </trkpt>
      <trkpt lat="45.27536" lon="1.77807">
        <ele>222.0</ele>
      </trkpt>
      <trkpt lat="45.27528" lon="1.77861">
        <ele>221.0</ele>
      </trkpt>
      <trkpt lat="45.27538" lon="1.77913">
        <ele>221.0</ele>
      </trkpt>
      <trkpt lat="45.27634" lon="1.78051">
        <ele>218.0</ele>
      </trkpt>
      <trkpt lat="45.27703" lon="1.78245">
        <ele>217.0</ele>
      </trkpt>
      <trkpt lat="45.27768" lon="1.78329">
        <ele>217.0</ele>
      </trkpt>
      <trkpt lat="45.27937" lon="1.78513">
        <ele>221.0</ele>
      </trkpt>
      <trkpt lat="45.28204" lon="1.7869">
        <ele>225.0</ele>
      </trkpt>
      <trkpt lat="45.28265" lon="1.78714">
        <ele>227.0</ele>
      </trkpt>
      <trkpt lat="45.28327" lon="1.78687">
        <ele>230.0</ele>
      </trkpt>
      <trkpt lat="45.28456" lon="1.7854">
        <ele>239.0</ele>
      </trkpt>
      <trkpt lat="45.28522" lon="1.784">
        <ele>246.0</ele>
      </trkpt>
      <trkpt lat="45.28568" lon="1.7836">
        <ele>244.0</ele>
      </trkpt>
      <trkpt lat="45.28608" lon="1.78354">
        <ele>242.0</ele>
      </trkpt>
      <trkpt lat="45.28649" lon="1.7839">
        <ele>239.0</ele>
      </trkpt>
      <trkpt lat="45.28685" lon="1.7846">
        <ele>237.0</ele>
      </trkpt>
      <trkpt lat="45.2873" lon="1.78749">
        <ele>226.0</ele>
      </trkpt>
      <trkpt lat="45.28788" lon="1.78933">
        <ele>224.0</ele>
      </trkpt>
      <trkpt lat="45.28836" lon="1.79003">
        <ele>226.0</ele>
      </trkpt>
      <trkpt lat="45.28892" lon="1.78994">
        <ele>229.0</ele>
      </trkpt>
      <trkpt lat="45.29064" lon="1.78902">
        <ele>235.0</ele>
      </trkpt>
      <trkpt lat="45.291" lon="1.78893">
        <ele>237.0</ele>
      </trkpt>
      <trkpt lat="45.29187" lon="1.78909">
        <ele>240.0</ele>
      </trkpt>
      <trkpt lat="45.29377" lon="1.78825">
        <ele>240.0</ele>
      </trkpt>
      <trkpt lat="45.29493" lon="1.78838">
        <ele>239.0</ele>
      </trkpt>
      <trkpt lat="45.29622" lon="1.78894">
        <ele>236.0</ele>
      </trkpt>
      <trkpt lat="45.29647" lon="1.7893">
        <ele>234.0</ele>
      </trkpt>
      <trkpt lat="45.29746" lon="1.79209">
        <ele>236.0</ele>
      </trkpt>
      <trkpt lat="45.29746" lon="1.79357">
        <ele>234.0</ele>
      </trkpt>
      <trkpt lat="45.29776" lon="1.7946">
        <ele>233.0</ele>
      </trkpt>
      <trkpt lat="45.29821" lon="1.7972">
        <ele>234.0</ele>
      </trkpt>
      <trkpt lat="45.29886" lon="1.79795">
        <ele>235.0</ele>
      </trkpt>
      <trkpt lat="45.29962" lon="1.79814">
        <ele>237.0</ele>
      </trkpt>
      <trkpt lat="45.30066" lon="1.79787">
        <ele>242.0</ele>
      </trkpt>
      <trkpt lat="45.29944" lon="1.79764">
        <ele>248.0</ele>
      </trkpt>
      <trkpt lat="45.29876" lon="1.79664">
        <ele>252.0</ele>
      </trkpt>
      <trkpt lat="45.29886" lon="1.79585">
        <ele>255.0</ele>
      </trkpt>
      <trkpt lat="45.29938" lon="1.79526">
        <ele>263.0</ele>
      </trkpt>
      <trkpt lat="45.29968" lon="1.79325">
        <ele>275.0</ele>
      </trkpt>
      <trkpt lat="45.29978" lon="1.7916">
        <ele>287.0</ele>
      </trkpt>
      <trkpt lat="45.29964" lon="1.79114">
        <ele>293.0</ele>
      </trkpt>
      <trkpt lat="45.29899" lon="1.79037">
        <ele>300.0</ele>
      </trkpt>
      <trkpt lat="45.29889" lon="1.78981">
        <ele>304.0</ele>
      </trkpt>
      <trkpt lat="45.29892" lon="1.78821">
        <ele>313.0</ele>
      </trkpt>
      <trkpt lat="45.29847" lon="1.78765">
        <ele>320.0</ele>
      </trkpt>
      <trkpt lat="45.29853" lon="1.78703">
        <ele>325.0</ele>
      </trkpt>
      <trkpt lat="45.29882" lon="1.78674">
        <ele>328.0</ele>
      </trkpt>
      <trkpt lat="45.30012" lon="1.78701">
        <ele>339.0</ele>
      </trkpt>
      <trkpt lat="45.30096" lon="1.7864">
        <ele>346.0</ele>
      </trkpt>
      <trkpt lat="45.30119" lon="1.7854">
        <ele>354.0</ele>
      </trkpt>
      <trkpt lat="45.30126" lon="1.78383">
        <ele>365.0</ele>
      </trkpt>
      <trkpt lat="45.30146" lon="1.78325">
        <ele>370.0</ele>
      </trkpt>
      <trkpt lat="45.30201" lon="1.78337">
        <ele>374.0</ele>
      </trkpt>
      <trkpt lat="45.30227" lon="1.78301">
        <ele>376.0</ele>
      </trkpt>
      <trkpt lat="45.30331" lon="1.78371">
        <ele>382.0</ele>
      </trkpt>
      <trkpt lat="45.30372" lon="1.78367">
        <ele>384.0</ele>
      </trkpt>
      <trkpt lat="45.30396" lon="1.78221">
        <ele>393.0</ele>
      </trkpt>
      <trkpt lat="45.30496" lon="1.78186">
        <ele>401.0</ele>
      </trkpt>
      <trkpt lat="45.30519" lon="1.78149">
        <ele>402.0</ele>
      </trkpt>
      <trkpt lat="45.30525" lon="1.78069">
        <ele>404.0</ele>
      </trkpt>
      <trkpt lat="45.30488" lon="1.77923">
        <ele>406.0</ele>
      </trkpt>
      <trkpt lat="45.30579" lon="1.77877">
        <ele>410.0</ele>
      </trkpt>
      <trkpt lat="45.30669" lon="1.77737">
        <ele>416.0</ele>
      </trkpt>
      <trkpt lat="45.3078" lon="1.77627">
        <ele>424.0</ele>
      </trkpt>
      <trkpt lat="45.30887" lon="1.77382">
        <ele>417.0</ele>
      </trkpt>
      <trkpt lat="45.3094" lon="1.77312">
        <ele>413.0</ele>
      </trkpt>
      <trkpt lat="45.3107" lon="1.77214">
        <ele>407.0</ele>
      </trkpt>
      <trkpt lat="45.31135" lon="1.77188">
        <ele>406.0</ele>
      </trkpt>
      <trkpt lat="45.31252" lon="1.77181">
        <ele>405.0</ele>
      </trkpt>
      <trkpt lat="45.31393" lon="1.77086">
        <ele>404.0</ele>
      </trkpt>
      <trkpt lat="45.31508" lon="1.77065">
        <ele>408.0</ele>
      </trkpt>
      <trkpt lat="45.31706" lon="1.76977">
        <ele>414.0</ele>
      </trkpt>
      <trkpt lat="45.31814" lon="1.76903">
        <ele>417.0</ele>
      </trkpt>
      <trkpt lat="45.31881" lon="1.76877">
        <ele>420.0</ele>
      </trkpt>
      <trkpt lat="45.32036" lon="1.76907">
        <ele>426.0</ele>
      </trkpt>
      <trkpt lat="45.32293" lon="1.76907">
        <ele>434.0</ele>
      </trkpt>
      <trkpt lat="45.32309" lon="1.76925">
        <ele>438.0</ele>
      </trkpt>
      <trkpt lat="45.32346" lon="1.76901">
        <ele>438.0</ele>
      </trkpt>
      <trkpt lat="45.32411" lon="1.76891">
        <ele>438.0</ele>
      </trkpt>
      <trkpt lat="45.32717" lon="1.76876">
        <ele>446.0</ele>
      </trkpt>
      <trkpt lat="45.32768" lon="1.76901">
        <ele>449.0</ele>
      </trkpt>
      <trkpt lat="45.3283" lon="1.76907">
        <ele>451.0</ele>
      </trkpt>
      <trkpt lat="45.32892" lon="1.76929">
        <ele>449.0</ele>
      </trkpt>
      <trkpt lat="45.33061" lon="1.77067">
        <ele>435.0</ele>
      </trkpt>
      <trkpt lat="45.33146" lon="1.772">
        <ele>423.0</ele>
      </trkpt>
      <trkpt lat="45.33348" lon="1.77301">
        <ele>411.0</ele>
      </trkpt>
      <trkpt lat="45.33394" lon="1.77359">
        <ele>405.0</ele>
      </trkpt>
      <trkpt lat="45.33432" lon="1.77564">
        <ele>393.0</ele>
      </trkpt>
      <trkpt lat="45.33518" lon="1.77707">
        <ele>382.0</ele>
      </trkpt>
      <trkpt lat="45.33529" lon="1.77878">
        <ele>377.0</ele>
      </trkpt>
      <trkpt lat="45.33575" lon="1.78003">
        <ele>374.0</ele>
      </trkpt>
      <trkpt lat="45.33637" lon="1.78244">
        <ele>367.0</ele>
      </trkpt>
      <trkpt lat="45.33626" lon="1.78355">
        <ele>360.0</ele>
      </trkpt>
      <trkpt lat="45.33584" lon="1.78473">
        <ele>347.0</ele>
      </trkpt>
      <trkpt lat="45.3358" lon="1.78523">
        <ele>344.0</ele>
      </trkpt>
      <trkpt lat="45.33639" lon="1.78663">
        <ele>336.0</ele>
      </trkpt>
      <trkpt lat="45.33643" lon="1.78734">
        <ele>331.0</ele>
      </trkpt>
      <trkpt lat="45.33616" lon="1.78786">
        <ele>326.0</ele>
      </trkpt>
      <trkpt lat="45.33521" lon="1.78845">
        <ele>316.0</ele>
      </trkpt>
      <trkpt lat="45.33503" lon="1.78897">
        <ele>313.0</ele>
      </trkpt>
      <trkpt lat="45.33504" lon="1.78945">
        <ele>312.0</ele>
      </trkpt>
      <trkpt lat="45.3352" lon="1.78985">
        <ele>311.0</ele>
      </trkpt>
      <trkpt lat="45.3355" lon="1.79014">
        <ele>309.0</ele>
      </trkpt>
      <trkpt lat="45.3371" lon="1.79081">
        <ele>291.0</ele>
      </trkpt>
      <trkpt lat="45.3375" lon="1.79047">
        <ele>284.0</ele>
      </trkpt>
      <trkpt lat="45.33784" lon="1.78926">
        <ele>273.0</ele>
      </trkpt>
      <trkpt lat="45.33826" lon="1.78926">
        <ele>267.0</ele>
      </trkpt>
      <trkpt lat="45.33841" lon="1.78955">
        <ele>264.0</ele>
      </trkpt>
      <trkpt lat="45.3384" lon="1.78992">
        <ele>261.0</ele>
      </trkpt>
      <trkpt lat="45.33777" lon="1.79163">
        <ele>262.0</ele>
      </trkpt>
      <trkpt lat="45.33795" lon="1.79198">
        <ele>262.0</ele>
      </trkpt>
      <trkpt lat="45.33831" lon="1.79214">
        <ele>263.0</ele>
      </trkpt>
      <trkpt lat="45.33952" lon="1.79065">
        <ele>269.0</ele>
      </trkpt>
      <trkpt lat="45.34012" lon="1.79047">
        <ele>277.0</ele>
      </trkpt>
      <trkpt lat="45.34054" lon="1.79075">
        <ele>284.0</ele>
      </trkpt>
      <trkpt lat="45.34127" lon="1.7919">
        <ele>296.0</ele>
      </trkpt>
      <trkpt lat="45.34215" lon="1.79247">
        <ele>303.0</ele>
      </trkpt>
      <trkpt lat="45.34302" lon="1.79259">
        <ele>308.0</ele>
      </trkpt>
      <trkpt lat="45.34491" lon="1.7924">
        <ele>318.0</ele>
      </trkpt>
      <trkpt lat="45.34587" lon="1.7926">
        <ele>327.0</ele>
      </trkpt>
      <trkpt lat="45.34697" lon="1.79326">
        <ele>335.0</ele>
      </trkpt>
      <trkpt lat="45.34773" lon="1.79434">
        <ele>345.0</ele>
      </trkpt>
      <trkpt lat="45.34806" lon="1.79456">
        <ele>347.0</ele>
      </trkpt>
      <trkpt lat="45.34842" lon="1.7945">
        <ele>348.0</ele>
      </trkpt>
      <trkpt lat="45.34943" lon="1.79391">
        <ele>351.0</ele>
      </trkpt>
      <trkpt lat="45.35" lon="1.79385">
        <ele>354.0</ele>
      </trkpt>
      <trkpt lat="45.35186" lon="1.79445">
        <ele>365.0</ele>
      </trkpt>
      <trkpt lat="45.35312" lon="1.7956">
        <ele>376.0</ele>
      </trkpt>
      <trkpt lat="45.3535" lon="1.79555">
        <ele>378.0</ele>
      </trkpt>
      <trkpt lat="45.35421" lon="1.7951">
        <ele>382.0</ele>
      </trkpt>
      <trkpt lat="45.35461" lon="1.79511">
        <ele>384.0</ele>
      </trkpt>
      <trkpt lat="45.35598" lon="1.79632">
        <ele>395.0</ele>
      </trkpt>
      <trkpt lat="45.35823" lon="1.79714">
        <ele>406.0</ele>
      </trkpt>
      <trkpt lat="45.36017" lon="1.79681">
        <ele>420.0</ele>
      </trkpt>
      <trkpt lat="45.36126" lon="1.7958">
        <ele>427.0</ele>
      </trkpt>
      <trkpt lat="45.36185" lon="1.79547">
        <ele>431.0</ele>
      </trkpt>
      <trkpt lat="45.36481" lon="1.79511">
        <ele>440.0</ele>
      </trkpt>
      <trkpt lat="45.3656" lon="1.79531">
        <ele>443.0</ele>
      </trkpt>
      <trkpt lat="45.36755" lon="1.79645">
        <ele>450.0</ele>
      </trkpt>
      <trkpt lat="45.36961" lon="1.79875">
        <ele>453.0</ele>
      </trkpt>
      <trkpt lat="45.37174" lon="1.79978">
        <ele>451.0</ele>
      </trkpt>
      <trkpt lat="45.37273" lon="1.80176">
        <ele>453.0</ele>
      </trkpt>
      <trkpt lat="45.37298" lon="1.80203">
        <ele>454.0</ele>
      </trkpt>
      <trkpt lat="45.37572" lon="1.80328">
        <ele>455.0</ele>
      </trkpt>
      <trkpt lat="45.37805" lon="1.80266">
        <ele>462.0</ele>
      </trkpt>
      <trkpt lat="45.37943" lon="1.80325">
        <ele>462.0</ele>
      </trkpt>
      <trkpt lat="45.38095" lon="1.80339">
        <ele>460.0</ele>
      </trkpt>
      <trkpt lat="45.38191" lon="1.8044">
        <ele>458.0</ele>
      </trkpt>
      <trkpt lat="45.38352" lon="1.8054">
        <ele>465.0</ele>
      </trkpt>
      <trkpt lat="45.38461" lon="1.80628">
        <ele>474.0</ele>
      </trkpt>
      <trkpt lat="45.38678" lon="1.8089">
        <ele>480.0</ele>
      </trkpt>
      <trkpt lat="45.38884" lon="1.81294">
        <ele>485.0</ele>
      </trkpt>
      <trkpt lat="45.38958" lon="1.81363">
        <ele>486.0</ele>
      </trkpt>
      <trkpt lat="45.38976" lon="1.81396">
        <ele>486.0</ele>
      </trkpt>
      <trkpt lat="45.39038" lon="1.81605">
        <ele>488.0</ele>
      </trkpt>
      <trkpt lat="45.39057" lon="1.81746">
        <ele>488.0</ele>
      </trkpt>
      <trkpt lat="45.39055" lon="1.82267">
        <ele>484.0</ele>
      </trkpt>
      <trkpt lat="45.39081" lon="1.8233">
        <ele>484.0</ele>
      </trkpt>
      <trkpt lat="45.39135" lon="1.8238">
        <ele>485.0</ele>
      </trkpt>
      <trkpt lat="45.39289" lon="1.82467">
        <ele>493.0</ele>
      </trkpt>
      <trkpt lat="45.39407" lon="1.82466">
        <ele>503.0</ele>
      </trkpt>
      <trkpt lat="45.39484" lon="1.82443">
        <ele>509.0</ele>
      </trkpt>
      <trkpt lat="45.39559" lon="1.8246">
        <ele>515.0</ele>
      </trkpt>
      <trkpt lat="45.39604" lon="1.82496">
        <ele>519.0</ele>
      </trkpt>
      <trkpt lat="45.39644" lon="1.82559">
        <ele>521.0</ele>
      </trkpt>
      <trkpt lat="45.39686" lon="1.82683">
        <ele>523.0</ele>
      </trkpt>
      <trkpt lat="45.39762" lon="1.82758">
        <ele>526.0</ele>
      </trkpt>
      <trkpt lat="45.39912" lon="1.82695">
        <ele>528.0</ele>
      </trkpt>
      <trkpt lat="45.40067" lon="1.82581">
        <ele>528.0</ele>
      </trkpt>
      <trkpt lat="45.40127" lon="1.82559">
        <ele>530.0</ele>
      </trkpt>
      <trkpt lat="45.40373" lon="1.82573">
        <ele>528.0</ele>
      </trkpt>
      <trkpt lat="45.40445" lon="1.82605">
        <ele>526.0</ele>
      </trkpt>
      <trkpt lat="45.40521" lon="1.82668">
        <ele>523.0</ele>
      </trkpt>
      <trkpt lat="45.40618" lon="1.82682">
        <ele>521.0</ele>
      </trkpt>
      <trkpt lat="45.41164" lon="1.82646">
        <ele>525.0</ele>
      </trkpt>
      <trkpt lat="45.41242" lon="1.82723">
        <ele>525.0</ele>
      </trkpt>
      <trkpt lat="45.41561" lon="1.83118">
        <ele>523.0</ele>
      </trkpt>
      <trkpt lat="45.41691" lon="1.83158">
        <ele>526.0</ele>
      </trkpt>
      <trkpt lat="45.41711" lon="1.83139">
        <ele>528.0</ele>
      </trkpt>
      <trkpt lat="45.4174" lon="1.83042">
        <ele>536.0</ele>
      </trkpt>
      <trkpt lat="45.4181" lon="1.83018">
        <ele>537.0</ele>
      </trkpt>
      <trkpt lat="45.41916" lon="1.83011">
        <ele>537.0</ele>
      </trkpt>
      <trkpt lat="45.42078" lon="1.8309">
        <ele>542.0</ele>
      </trkpt>
      <trkpt lat="45.42186" lon="1.8325">
        <ele>549.0</ele>
      </trkpt>
      <trkpt lat="45.42419" lon="1.83352">
        <ele>552.0</ele>
      </trkpt>
      <trkpt lat="45.42464" lon="1.83423">
        <ele>554.0</ele>
      </trkpt>
      <trkpt lat="45.42471" lon="1.83462">
        <ele>556.0</ele>
      </trkpt>
      <trkpt lat="45.42471" lon="1.83619">
        <ele>561.0</ele>
      </trkpt>
      <trkpt lat="45.4244" lon="1.83646">
        <ele>562.0</ele>
      </trkpt>
      <trkpt lat="45.42411" lon="1.83759">
        <ele>562.0</ele>
      </trkpt>
      <trkpt lat="45.42437" lon="1.83807">
        <ele>562.0</ele>
      </trkpt>
      <trkpt lat="45.42447" lon="1.84278">
        <ele>568.0</ele>
      </trkpt>
      <trkpt lat="45.42463" lon="1.84323">
        <ele>568.0</ele>
      </trkpt>
      <trkpt lat="45.42579" lon="1.84446">
        <ele>568.0</ele>
      </trkpt>
      <trkpt lat="45.42596" lon="1.84481">
        <ele>567.0</ele>
      </trkpt>
      <trkpt lat="45.4256" lon="1.8471">
        <ele>568.0</ele>
      </trkpt>
      <trkpt lat="45.42564" lon="1.8475">
        <ele>569.0</ele>
      </trkpt>
      <trkpt lat="45.42608" lon="1.84826">
        <ele>570.0</ele>
      </trkpt>
      <trkpt lat="45.42689" lon="1.84895">
        <ele>570.0</ele>
      </trkpt>
      <trkpt lat="45.42798" lon="1.84909">
        <ele>569.0</ele>
      </trkpt>
      <trkpt lat="45.42849" lon="1.84978">
        <ele>569.0</ele>
      </trkpt>
      <trkpt lat="45.4295" lon="1.85019">
        <ele>567.0</ele>
      </trkpt>
      <trkpt lat="45.42974" lon="1.85044">
        <ele>567.0</ele>
      </trkpt>
      <trkpt lat="45.42989" lon="1.85081">
        <ele>567.0</ele>
      </trkpt>
      <trkpt lat="45.42997" lon="1.85193">
        <ele>566.0</ele>
      </trkpt>
      <trkpt lat="45.43022" lon="1.85283">
        <ele>566.0</ele>
      </trkpt>
      <trkpt lat="45.43004" lon="1.85371">
        <ele>567.0</ele>
      </trkpt>
      <trkpt lat="45.43054" lon="1.85529">
        <ele>568.0</ele>
      </trkpt>
      <trkpt lat="45.43108" lon="1.85622">
        <ele>566.0</ele>
      </trkpt>
      <trkpt lat="45.43252" lon="1.8574">
        <ele>560.0</ele>
      </trkpt>
      <trkpt lat="45.43275" lon="1.85776">
        <ele>558.0</ele>
      </trkpt>
      <trkpt lat="45.43278" lon="1.85858">
        <ele>555.0</ele>
      </trkpt>
      <trkpt lat="45.4326" lon="1.85991">
        <ele>552.0</ele>
      </trkpt>
      <trkpt lat="45.43288" lon="1.86132">
        <ele>550.0</ele>
      </trkpt>
      <trkpt lat="45.43313" lon="1.86197">
        <ele>551.0</ele>
      </trkpt>
      <trkpt lat="45.43457" lon="1.86401">
        <ele>552.0</ele>
      </trkpt>
      <trkpt lat="45.43641" lon="1.86496">
        <ele>552.0</ele>
      </trkpt>
      <trkpt lat="45.43655" lon="1.86552">
        <ele>553.0</ele>
      </trkpt>
      <trkpt lat="45.43653" lon="1.8664">
        <ele>555.0</ele>
      </trkpt>
      <trkpt lat="45.43711" lon="1.86771">
        <ele>560.0</ele>
      </trkpt>
      <trkpt lat="45.43796" lon="1.86835">
        <ele>564.0</ele>
      </trkpt>
      <trkpt lat="45.44086" lon="1.87243">
        <ele>576.0</ele>
      </trkpt>
      <trkpt lat="45.44107" lon="1.87296">
        <ele>580.0</ele>
      </trkpt>
      <trkpt lat="45.44148" lon="1.87563">
        <ele>589.0</ele>
      </trkpt>
      <trkpt lat="45.44177" lon="1.87622">
        <ele>591.0</ele>
      </trkpt>
      <trkpt lat="45.44268" lon="1.87708">
        <ele>594.0</ele>
      </trkpt>
      <trkpt lat="45.44868" lon="1.87857">
        <ele>609.0</ele>
      </trkpt>
      <trkpt lat="45.44972" lon="1.87911">
        <ele>609.0</ele>
      </trkpt>
      <trkpt lat="45.45035" lon="1.87981">
        <ele>611.0</ele>
      </trkpt>
      <trkpt lat="45.45071" lon="1.87999">
        <ele>612.0</ele>
      </trkpt>
      <trkpt lat="45.45238" lon="1.87984">
        <ele>621.0</ele>
      </trkpt>
      <trkpt lat="45.45437" lon="1.88058">
        <ele>630.0</ele>
      </trkpt>
      <trkpt lat="45.4558" lon="1.88154">
        <ele>633.0</ele>
      </trkpt>
      <trkpt lat="45.45605" lon="1.8811">
        <ele>633.0</ele>
      </trkpt>
      <trkpt lat="45.45736" lon="1.88256">
        <ele>636.0</ele>
      </trkpt>
      <trkpt lat="45.45849" lon="1.8828">
        <ele>639.0</ele>
      </trkpt>
      <trkpt lat="45.45872" lon="1.88272">
        <ele>636.0</ele>
      </trkpt>
      <trkpt lat="45.45887" lon="1.88245">
        <ele>634.0</ele>
      </trkpt>
      <trkpt lat="45.45923" lon="1.88059">
        <ele>622.0</ele>
      </trkpt>
      <trkpt lat="45.45946" lon="1.88028">
        <ele>619.0</ele>
      </trkpt>
      <trkpt lat="45.46147" lon="1.88022">
        <ele>612.0</ele>
      </trkpt>
      <trkpt lat="45.46263" lon="1.87967">
        <ele>616.0</ele>
      </trkpt>
      <trkpt lat="45.4633" lon="1.87992">
        <ele>620.0</ele>
      </trkpt>
      <trkpt lat="45.46526" lon="1.8801">
        <ele>635.0</ele>
      </trkpt>
      <trkpt lat="45.46574" lon="1.87952">
        <ele>641.0</ele>
      </trkpt>
      <trkpt lat="45.46614" lon="1.87721">
        <ele>661.0</ele>
      </trkpt>
      <trkpt lat="45.46645" lon="1.87693">
        <ele>665.0</ele>
      </trkpt>
      <trkpt lat="45.46696" lon="1.87705">
        <ele>671.0</ele>
      </trkpt>
      <trkpt lat="45.4671" lon="1.87642">
        <ele>677.0</ele>
      </trkpt>
      <trkpt lat="45.46774" lon="1.87578">
        <ele>685.0</ele>
      </trkpt>
      <trkpt lat="45.46831" lon="1.87471">
        <ele>699.0</ele>
      </trkpt>
      <trkpt lat="45.46841" lon="1.87354">
        <ele>709.0</ele>
      </trkpt>
      <trkpt lat="45.46833" lon="1.8732">
        <ele>715.0</ele>
      </trkpt>
      <trkpt lat="45.46682" lon="1.87315">
        <ele>726.0</ele>
      </trkpt>
      <trkpt lat="45.4663" lon="1.87276">
        <ele>731.0</ele>
      </trkpt>
      <trkpt lat="45.46629" lon="1.87242">
        <ele>733.0</ele>
      </trkpt>
      <trkpt lat="45.46663" lon="1.87164">
        <ele>737.0</ele>
      </trkpt>
      <trkpt lat="45.46672" lon="1.87086">
        <ele>742.0</ele>
      </trkpt>
      <trkpt lat="45.46713" lon="1.87013">
        <ele>749.0</ele>
      </trkpt>
      <trkpt lat="45.46738" lon="1.86926">
        <ele>758.0</ele>
      </trkpt>
      <trkpt lat="45.46631" lon="1.86842">
        <ele>771.0</ele>
      </trkpt>
      <trkpt lat="45.46618" lon="1.86752">
        <ele>778.0</ele>
      </trkpt>
      <trkpt lat="45.46587" lon="1.86669">
        <ele>785.0</ele>
      </trkpt>
      <trkpt lat="45.46571" lon="1.86505">
        <ele>799.0</ele>
      </trkpt>
      <trkpt lat="45.46607" lon="1.86465">
        <ele>806.0</ele>
      </trkpt>
      <trkpt lat="45.4666" lon="1.86444">
        <ele>813.0</ele>
      </trkpt>
      <trkpt lat="45.46714" lon="1.86336">
        <ele>828.0</ele>
      </trkpt>
      <trkpt lat="45.46786" lon="1.86252">
        <ele>843.0</ele>
      </trkpt>
      <trkpt lat="45.46849" lon="1.86126">
        <ele>860.0</ele>
      </trkpt>
      <trkpt lat="45.46857" lon="1.85967">
        <ele>871.0</ele>
      </trkpt>
      <trkpt lat="45.46936" lon="1.85778">
        <ele>870.0</ele>
      </trkpt>
      <trkpt lat="45.46948" lon="1.85709">
        <ele>865.0</ele>
      </trkpt>
      <trkpt lat="45.47093" lon="1.85488">
        <ele>855.0</ele>
      </trkpt>
      <trkpt lat="45.47091" lon="1.85462">
        <ele>854.0</ele>
      </trkpt>
      <trkpt lat="45.47061" lon="1.85422">
        <ele>855.0</ele>
      </trkpt>
      <trkpt lat="45.46967" lon="1.85435">
        <ele>861.0</ele>
      </trkpt>
      <trkpt lat="45.46888" lon="1.85386">
        <ele>866.0</ele>
      </trkpt>
      <trkpt lat="45.46841" lon="1.85377">
        <ele>869.0</ele>
      </trkpt>
      <trkpt lat="45.4683" lon="1.85333">
        <ele>870.0</ele>
      </trkpt>
      <trkpt lat="45.46837" lon="1.85275">
        <ele>872.0</ele>
      </trkpt>
      <trkpt lat="45.46887" lon="1.85258">
        <ele>875.0</ele>
      </trkpt>
      <trkpt lat="45.46979" lon="1.85274">
        <ele>881.0</ele>
      </trkpt>
      <trkpt lat="45.4709" lon="1.85206">
        <ele>887.0</ele>
      </trkpt>
      <trkpt lat="45.47202" lon="1.85193">
        <ele>890.0</ele>
      </trkpt>
      <trkpt lat="45.47217" lon="1.85167">
        <ele>890.0</ele>
      </trkpt>
      <trkpt lat="45.47278" lon="1.84789">
        <ele>878.0</ele>
      </trkpt>
      <trkpt lat="45.47289" lon="1.84775">
        <ele>876.0</ele>
      </trkpt>
      <trkpt lat="45.47344" lon="1.85025">
        <ele>867.0</ele>
      </trkpt>
      <trkpt lat="45.47442" lon="1.85065">
        <ele>862.0</ele>
      </trkpt>
      <trkpt lat="45.47482" lon="1.85051">
        <ele>859.0</ele>
      </trkpt>
      <trkpt lat="45.47535" lon="1.84883">
        <ele>853.0</ele>
      </trkpt>
      <trkpt lat="45.47598" lon="1.84786">
        <ele>848.0</ele>
      </trkpt>
      <trkpt lat="45.47624" lon="1.84793">
        <ele>847.0</ele>
      </trkpt>
      <trkpt lat="45.47709" lon="1.84904">
        <ele>844.0</ele>
      </trkpt>
      <trkpt lat="45.47747" lon="1.84919">
        <ele>843.0</ele>
      </trkpt>
      <trkpt lat="45.47783" lon="1.84889">
        <ele>842.0</ele>
      </trkpt>
      <trkpt lat="45.47833" lon="1.84797">
        <ele>841.0</ele>
      </trkpt>
      <trkpt lat="45.47919" lon="1.84763">
        <ele>839.0</ele>
      </trkpt>
      <trkpt lat="45.48008" lon="1.84869">
        <ele>833.0</ele>
      </trkpt>
      <trkpt lat="45.48028" lon="1.84926">
        <ele>830.0</ele>
      </trkpt>
      <trkpt lat="45.48043" lon="1.84928">
        <ele>829.0</ele>
      </trkpt>
      <trkpt lat="45.48056" lon="1.84907">
        <ele>827.0</ele>
      </trkpt>
      <trkpt lat="45.48048" lon="1.84857">
        <ele>825.0</ele>
      </trkpt>
      <trkpt lat="45.48001" lon="1.84757">
        <ele>819.0</ele>
      </trkpt>
      <trkpt lat="45.47998" lon="1.84724">
        <ele>817.0</ele>
      </trkpt>
      <trkpt lat="45.48009" lon="1.84705">
        <ele>816.0</ele>
      </trkpt>
      <trkpt lat="45.47959" lon="1.84602">
        <ele>812.0</ele>
      </trkpt>
      <trkpt lat="45.47895" lon="1.84531">
        <ele>805.0</ele>
      </trkpt>
      <trkpt lat="45.47851" lon="1.84433">
        <ele>798.0</ele>
      </trkpt>
      <trkpt lat="45.47797" lon="1.8441">
        <ele>794.0</ele>
      </trkpt>
      <trkpt lat="45.47805" lon="1.8433">
        <ele>792.0</ele>
      </trkpt>
      <trkpt lat="45.47844" lon="1.84284">
        <ele>789.0</ele>
      </trkpt>
      <trkpt lat="45.47864" lon="1.84206">
        <ele>785.0</ele>
      </trkpt>
      <trkpt lat="45.47877" lon="1.84052">
        <ele>780.0</ele>
      </trkpt>
      <trkpt lat="45.47868" lon="1.83977">
        <ele>776.0</ele>
      </trkpt>
      <trkpt lat="45.47798" lon="1.83761">
        <ele>766.0</ele>
      </trkpt>
      <trkpt lat="45.47743" lon="1.83708">
        <ele>762.0</ele>
      </trkpt>
      <trkpt lat="45.47644" lon="1.83708">
        <ele>757.0</ele>
      </trkpt>
      <trkpt lat="45.47595" lon="1.83659">
        <ele>752.0</ele>
      </trkpt>
      <trkpt lat="45.47553" lon="1.83582">
        <ele>745.0</ele>
      </trkpt>
      <trkpt lat="45.47507" lon="1.83556">
        <ele>741.0</ele>
      </trkpt>
      <trkpt lat="45.47364" lon="1.83537">
        <ele>730.0</ele>
      </trkpt>
      <trkpt lat="45.47311" lon="1.8359">
        <ele>727.0</ele>
      </trkpt>
      <trkpt lat="45.47289" lon="1.83589">
        <ele>726.0</ele>
      </trkpt>
      <trkpt lat="45.47216" lon="1.83407">
        <ele>719.0</ele>
      </trkpt>
      <trkpt lat="45.47134" lon="1.8329">
        <ele>714.0</ele>
      </trkpt>
      <trkpt lat="45.47086" lon="1.83244">
        <ele>711.0</ele>
      </trkpt>
      <trkpt lat="45.47051" lon="1.83099">
        <ele>701.0</ele>
      </trkpt>
      <trkpt lat="45.47052" lon="1.82994">
        <ele>694.0</ele>
      </trkpt>
      <trkpt lat="45.47029" lon="1.829">
        <ele>689.0</ele>
      </trkpt>
      <trkpt lat="45.46979" lon="1.82765">
        <ele>680.0</ele>
      </trkpt>
      <trkpt lat="45.46917" lon="1.82657">
        <ele>670.0</ele>
      </trkpt>
      <trkpt lat="45.46933" lon="1.82541">
        <ele>663.0</ele>
      </trkpt>
      <trkpt lat="45.4697" lon="1.82442">
        <ele>657.0</ele>
      </trkpt>
      <trkpt lat="45.46972" lon="1.82183">
        <ele>648.0</ele>
      </trkpt>
      <trkpt lat="45.46956" lon="1.82069">
        <ele>645.0</ele>
      </trkpt>
      <trkpt lat="45.46912" lon="1.81936">
        <ele>643.0</ele>
      </trkpt>
      <trkpt lat="45.46837" lon="1.8188">
        <ele>644.0</ele>
      </trkpt>
      <trkpt lat="45.4672" lon="1.81908">
        <ele>645.0</ele>
      </trkpt>
      <trkpt lat="45.4659" lon="1.81854">
        <ele>644.0</ele>
      </trkpt>
      <trkpt lat="45.46484" lon="1.81716">
        <ele>641.0</ele>
      </trkpt>
      <trkpt lat="45.46165" lon="1.81473">
        <ele>620.0</ele>
      </trkpt>
      <trkpt lat="45.46367" lon="1.81285">
        <ele>613.0</ele>
      </trkpt>
      <trkpt lat="45.46598" lon="1.81148">
        <ele>605.0</ele>
      </trkpt>
      <trkpt lat="45.46626" lon="1.81116">
        <ele>604.0</ele>
      </trkpt>
      <trkpt lat="45.46687" lon="1.80855">
        <ele>600.0</ele>
      </trkpt>
      <trkpt lat="45.46757" lon="1.80732">
        <ele>594.0</ele>
      </trkpt>
      <trkpt lat="45.46779" lon="1.80642">
        <ele>593.0</ele>
      </trkpt>
      <trkpt lat="45.46931" lon="1.80415">
        <ele>590.0</ele>
      </trkpt>
      <trkpt lat="45.47025" lon="1.80143">
        <ele>586.0</ele>
      </trkpt>
      <trkpt lat="45.47404" lon="1.79457">
        <ele>587.0</ele>
      </trkpt>
      <trkpt lat="45.47454" lon="1.79232">
        <ele>585.0</ele>
      </trkpt>
      <trkpt lat="45.47405" lon="1.79133">
        <ele>583.0</ele>
      </trkpt>
      <trkpt lat="45.47591" lon="1.79215">
        <ele>586.0</ele>
      </trkpt>
      <trkpt lat="45.47696" lon="1.79296">
        <ele>586.0</ele>
      </trkpt>
      <trkpt lat="45.4803" lon="1.79159">
        <ele>580.0</ele>
      </trkpt>
      <trkpt lat="45.48019" lon="1.78945">
        <ele>572.0</ele>
      </trkpt>
      <trkpt lat="45.4806" lon="1.7869">
        <ele>563.0</ele>
      </trkpt>
      <trkpt lat="45.48081" lon="1.78663">
        <ele>559.0</ele>
      </trkpt>
      <trkpt lat="45.48148" lon="1.78629">
        <ele>554.0</ele>
      </trkpt>
      <trkpt lat="45.48165" lon="1.78591">
        <ele>551.0</ele>
      </trkpt>
      <trkpt lat="45.48192" lon="1.78299">
        <ele>536.0</ele>
      </trkpt>
      <trkpt lat="45.48145" lon="1.78179">
        <ele>529.0</ele>
      </trkpt>
      <trkpt lat="45.48139" lon="1.78146">
        <ele>527.0</ele>
      </trkpt>
      <trkpt lat="45.48149" lon="1.78115">
        <ele>526.0</ele>
      </trkpt>
      <trkpt lat="45.48277" lon="1.78086">
        <ele>523.0</ele>
      </trkpt>
      <trkpt lat="45.48405" lon="1.78403">
        <ele>533.0</ele>
      </trkpt>
      <trkpt lat="45.48451" lon="1.78468">
        <ele>536.0</ele>
      </trkpt>
      <trkpt lat="45.4861" lon="1.78593">
        <ele>539.0</ele>
      </trkpt>
      <trkpt lat="45.48745" lon="1.78634">
        <ele>545.0</ele>
      </trkpt>
      <trkpt lat="45.48896" lon="1.78733">
        <ele>553.0</ele>
      </trkpt>
      <trkpt lat="45.48971" lon="1.78752">
        <ele>557.0</ele>
      </trkpt>
      <trkpt lat="45.49207" lon="1.78761">
        <ele>566.0</ele>
      </trkpt>
      <trkpt lat="45.49438" lon="1.78728">
        <ele>581.0</ele>
      </trkpt>
      <trkpt lat="45.49552" lon="1.78756">
        <ele>588.0</ele>
      </trkpt>
      <trkpt lat="45.49834" lon="1.78693">
        <ele>588.0</ele>
      </trkpt>
      <trkpt lat="45.50085" lon="1.78403">
        <ele>578.0</ele>
      </trkpt>
      <trkpt lat="45.50336" lon="1.78351">
        <ele>576.0</ele>
      </trkpt>
      <trkpt lat="45.50415" lon="1.78371">
        <ele>575.0</ele>
      </trkpt>
      <trkpt lat="45.50591" lon="1.78487">
        <ele>572.0</ele>
      </trkpt>
      <trkpt lat="45.51245" lon="1.78445">
        <ele>595.0</ele>
      </trkpt>
      <trkpt lat="45.51618" lon="1.78742">
        <ele>603.0</ele>
      </trkpt>
      <trkpt lat="45.51714" lon="1.78773">
        <ele>604.0</ele>
      </trkpt>
      <trkpt lat="45.52056" lon="1.78769">
        <ele>577.0</ele>
      </trkpt>
      <trkpt lat="45.52143" lon="1.78746">
        <ele>572.0</ele>
      </trkpt>
      <trkpt lat="45.52265" lon="1.78657">
        <ele>566.0</ele>
      </trkpt>
      <trkpt lat="45.52399" lon="1.78481">
        <ele>560.0</ele>
      </trkpt>
      <trkpt lat="45.52476" lon="1.78435">
        <ele>552.0</ele>
      </trkpt>
      <trkpt lat="45.5266" lon="1.78413">
        <ele>542.0</ele>
      </trkpt>
      <trkpt lat="45.52792" lon="1.7844">
        <ele>536.0</ele>
      </trkpt>
      <trkpt lat="45.52917" lon="1.78408">
        <ele>531.0</ele>
      </trkpt>
      <trkpt lat="45.5296" lon="1.78411">
        <ele>528.0</ele>
      </trkpt>
      <trkpt lat="45.53009" lon="1.78447">
        <ele>523.0</ele>
      </trkpt>
      <trkpt lat="45.53119" lon="1.78612">
        <ele>511.0</ele>
      </trkpt>
      <trkpt lat="45.53281" lon="1.78698">
        <ele>497.0</ele>
      </trkpt>
      <trkpt lat="45.53468" lon="1.79038">
        <ele>488.0</ele>
      </trkpt>
      <trkpt lat="45.53753" lon="1.79453">
        <ele>481.0</ele>
      </trkpt>
      <trkpt lat="45.538" lon="1.7976">
        <ele>477.0</ele>
      </trkpt>
      <trkpt lat="45.5366" lon="1.79993">
        <ele>483.0</ele>
      </trkpt>
      <trkpt lat="45.53639" lon="1.80065">
        <ele>484.0</ele>
      </trkpt>
      <trkpt lat="45.53539" lon="1.80078">
        <ele>484.0</ele>
      </trkpt>
      <trkpt lat="45.53401" lon="1.80261">
        <ele>506.0</ele>
      </trkpt>
      <trkpt lat="45.53348" lon="1.80294">
        <ele>509.0</ele>
      </trkpt>
      <trkpt lat="45.53274" lon="1.80311">
        <ele>512.0</ele>
      </trkpt>
      <trkpt lat="45.53323" lon="1.80764">
        <ele>517.0</ele>
      </trkpt>
      <trkpt lat="45.53367" lon="1.80866">
        <ele>515.0</ele>
      </trkpt>
      <trkpt lat="45.53448" lon="1.80938">
        <ele>517.0</ele>
      </trkpt>
      <trkpt lat="45.53479" lon="1.81009">
        <ele>523.0</ele>
      </trkpt>
      <trkpt lat="45.53488" lon="1.8107">
        <ele>527.0</ele>
      </trkpt>
      <trkpt lat="45.53428" lon="1.81254">
        <ele>541.0</ele>
      </trkpt>
      <trkpt lat="45.53272" lon="1.81438">
        <ele>554.0</ele>
      </trkpt>
      <trkpt lat="45.53226" lon="1.81611">
        <ele>555.0</ele>
      </trkpt>
      <trkpt lat="45.53223" lon="1.81695">
        <ele>554.0</ele>
      </trkpt>
      <trkpt lat="45.53288" lon="1.81848">
        <ele>548.0</ele>
      </trkpt>
      <trkpt lat="45.53297" lon="1.82041">
        <ele>539.0</ele>
      </trkpt>
      <trkpt lat="45.53314" lon="1.82094">
        <ele>540.0</ele>
      </trkpt>
      <trkpt lat="45.53354" lon="1.82136">
        <ele>540.0</ele>
      </trkpt>
      <trkpt lat="45.53476" lon="1.82208">
        <ele>547.0</ele>
      </trkpt>
      <trkpt lat="45.53517" lon="1.82248">
        <ele>551.0</ele>
      </trkpt>
      <trkpt lat="45.5356" lon="1.82337">
        <ele>558.0</ele>
      </trkpt>
      <trkpt lat="45.53591" lon="1.82477">
        <ele>565.0</ele>
      </trkpt>
      <trkpt lat="45.53582" lon="1.82527">
        <ele>567.0</ele>
      </trkpt>
      <trkpt lat="45.53529" lon="1.82654">
        <ele>573.0</ele>
      </trkpt>
      <trkpt lat="45.53504" lon="1.82809">
        <ele>580.0</ele>
      </trkpt>
      <trkpt lat="45.53409" lon="1.82919">
        <ele>585.0</ele>
      </trkpt>
      <trkpt lat="45.5337" lon="1.83012">
        <ele>588.0</ele>
      </trkpt>
      <trkpt lat="45.53371" lon="1.83079">
        <ele>594.0</ele>
      </trkpt>
      <trkpt lat="45.53422" lon="1.83183">
        <ele>605.0</ele>
      </trkpt>
      <trkpt lat="45.53415" lon="1.83346">
        <ele>615.0</ele>
      </trkpt>
      <trkpt lat="45.53379" lon="1.83469">
        <ele>620.0</ele>
      </trkpt>
      <trkpt lat="45.53307" lon="1.83592">
        <ele>635.0</ele>
      </trkpt>
      <trkpt lat="45.53232" lon="1.839">
        <ele>662.0</ele>
      </trkpt>
      <trkpt lat="45.53217" lon="1.84048">
        <ele>670.0</ele>
      </trkpt>
      <trkpt lat="45.53143" lon="1.84364">
        <ele>684.0</ele>
      </trkpt>
      <trkpt lat="45.53071" lon="1.84481">
        <ele>691.0</ele>
      </trkpt>
      <trkpt lat="45.5301" lon="1.84614">
        <ele>703.0</ele>
      </trkpt>
      <trkpt lat="45.52965" lon="1.84635">
        <ele>708.0</ele>
      </trkpt>
      <trkpt lat="45.52871" lon="1.84626">
        <ele>717.0</ele>
      </trkpt>
      <trkpt lat="45.52836" lon="1.84661">
        <ele>720.0</ele>
      </trkpt>
      <trkpt lat="45.52804" lon="1.84731">
        <ele>725.0</ele>
      </trkpt>
      <trkpt lat="45.52783" lon="1.8482">
        <ele>729.0</ele>
      </trkpt>
      <trkpt lat="45.52782" lon="1.84879">
        <ele>731.0</ele>
      </trkpt>
      <trkpt lat="45.52812" lon="1.85077">
        <ele>740.0</ele>
      </trkpt>
      <trkpt lat="45.52775" lon="1.85231">
        <ele>745.0</ele>
      </trkpt>
      <trkpt lat="45.52738" lon="1.85295">
        <ele>748.0</ele>
      </trkpt>
      <trkpt lat="45.52643" lon="1.85369">
        <ele>753.0</ele>
      </trkpt>
      <trkpt lat="45.52603" lon="1.85553">
        <ele>762.0</ele>
      </trkpt>
      <trkpt lat="45.52539" lon="1.8563">
        <ele>766.0</ele>
      </trkpt>
      <trkpt lat="45.52485" lon="1.85746">
        <ele>772.0</ele>
      </trkpt>
      <trkpt lat="45.52492" lon="1.85888">
        <ele>774.0</ele>
      </trkpt>
      <trkpt lat="45.52479" lon="1.86038">
        <ele>773.0</ele>
      </trkpt>
      <trkpt lat="45.52535" lon="1.86178">
        <ele>773.0</ele>
      </trkpt>
      <trkpt lat="45.5253" lon="1.86241">
        <ele>773.0</ele>
      </trkpt>
      <trkpt lat="45.52506" lon="1.86323">
        <ele>775.0</ele>
      </trkpt>
      <trkpt lat="45.52473" lon="1.86357">
        <ele>778.0</ele>
      </trkpt>
      <trkpt lat="45.52396" lon="1.86355">
        <ele>784.0</ele>
      </trkpt>
      <trkpt lat="45.52349" lon="1.86391">
        <ele>788.0</ele>
      </trkpt>
      <trkpt lat="45.52328" lon="1.86461">
        <ele>792.0</ele>
      </trkpt>
      <trkpt lat="45.52336" lon="1.86565">
        <ele>797.0</ele>
      </trkpt>
      <trkpt lat="45.52312" lon="1.86613">
        <ele>801.0</ele>
      </trkpt>
      <trkpt lat="45.52186" lon="1.86638">
        <ele>810.0</ele>
      </trkpt>
      <trkpt lat="45.52103" lon="1.86595">
        <ele>815.0</ele>
      </trkpt>
      <trkpt lat="45.51983" lon="1.86602">
        <ele>822.0</ele>
      </trkpt>
      <trkpt lat="45.51954" lon="1.86626">
        <ele>823.0</ele>
      </trkpt>
      <trkpt lat="45.51912" lon="1.86714">
        <ele>823.0</ele>
      </trkpt>
      <trkpt lat="45.51875" lon="1.86894">
        <ele>823.0</ele>
      </trkpt>
      <trkpt lat="45.51854" lon="1.86938">
        <ele>821.0</ele>
      </trkpt>
      <trkpt lat="45.51582" lon="1.87043">
        <ele>816.0</ele>
      </trkpt>
      <trkpt lat="45.51585" lon="1.87283">
        <ele>808.0</ele>
      </trkpt>
      <trkpt lat="45.51557" lon="1.87404">
        <ele>806.0</ele>
      </trkpt>
      <trkpt lat="45.51567" lon="1.87431">
        <ele>805.0</ele>
      </trkpt>
      <trkpt lat="45.51665" lon="1.87515">
        <ele>805.0</ele>
      </trkpt>
      <trkpt lat="45.51684" lon="1.87558">
        <ele>806.0</ele>
      </trkpt>
      <trkpt lat="45.5168" lon="1.87631">
        <ele>810.0</ele>
      </trkpt>
      <trkpt lat="45.5166" lon="1.87673">
        <ele>813.0</ele>
      </trkpt>
      <trkpt lat="45.51591" lon="1.87704">
        <ele>817.0</ele>
      </trkpt>
      <trkpt lat="45.51504" lon="1.87797">
        <ele>818.0</ele>
      </trkpt>
      <trkpt lat="45.51402" lon="1.87855">
        <ele>819.0</ele>
      </trkpt>
      <trkpt lat="45.51374" lon="1.87883">
        <ele>820.0</ele>
      </trkpt>
      <trkpt lat="45.51363" lon="1.87921">
        <ele>821.0</ele>
      </trkpt>
      <trkpt lat="45.51409" lon="1.8788">
        <ele>823.0</ele>
      </trkpt>
      <trkpt lat="45.51462" lon="1.8787">
        <ele>825.0</ele>
      </trkpt>
      <trkpt lat="45.51574" lon="1.87862">
        <ele>828.0</ele>
      </trkpt>
      <trkpt lat="45.51625" lon="1.87895">
        <ele>830.0</ele>
      </trkpt>
      <trkpt lat="45.51742" lon="1.87883">
        <ele>828.0</ele>
      </trkpt>
      <trkpt lat="45.51879" lon="1.87777">
        <ele>828.0</ele>
      </trkpt>
      <trkpt lat="45.5207" lon="1.87731">
        <ele>836.0</ele>
      </trkpt>
      <trkpt lat="45.52148" lon="1.87768">
        <ele>838.0</ele>
      </trkpt>
      <trkpt lat="45.52204" lon="1.87865">
        <ele>841.0</ele>
      </trkpt>
      <trkpt lat="45.52253" lon="1.87915">
        <ele>842.0</ele>
      </trkpt>
      <trkpt lat="45.52415" lon="1.87957">
        <ele>844.0</ele>
      </trkpt>
      <trkpt lat="45.52541" lon="1.87775">
        <ele>848.0</ele>
      </trkpt>
      <trkpt lat="45.52671" lon="1.87436">
        <ele>851.0</ele>
      </trkpt>
      <trkpt lat="45.5278" lon="1.87307">
        <ele>848.0</ele>
      </trkpt>
      <trkpt lat="45.52829" lon="1.87291">
        <ele>847.0</ele>
      </trkpt>
      <trkpt lat="45.53169" lon="1.87339">
        <ele>846.0</ele>
      </trkpt>
      <trkpt lat="45.53236" lon="1.87304">
        <ele>843.0</ele>
      </trkpt>
      <trkpt lat="45.53356" lon="1.87196">
        <ele>839.0</ele>
      </trkpt>
      <trkpt lat="45.53571" lon="1.8726">
        <ele>829.0</ele>
      </trkpt>
      <trkpt lat="45.53655" lon="1.87252">
        <ele>827.0</ele>
      </trkpt>
      <trkpt lat="45.53714" lon="1.87209">
        <ele>827.0</ele>
      </trkpt>
      <trkpt lat="45.53759" lon="1.87199">
        <ele>826.0</ele>
      </trkpt>
      <trkpt lat="45.53884" lon="1.87229">
        <ele>822.0</ele>
      </trkpt>
      <trkpt lat="45.53996" lon="1.87466">
        <ele>813.0</ele>
      </trkpt>
      <trkpt lat="45.54078" lon="1.87554">
        <ele>808.0</ele>
      </trkpt>
      <trkpt lat="45.54119" lon="1.87562">
        <ele>807.0</ele>
      </trkpt>
      <trkpt lat="45.54155" lon="1.87546">
        <ele>805.0</ele>
      </trkpt>
      <trkpt lat="45.54236" lon="1.87578">
        <ele>799.0</ele>
      </trkpt>
      <trkpt lat="45.54361" lon="1.87589">
        <ele>790.0</ele>
      </trkpt>
      <trkpt lat="45.54455" lon="1.87566">
        <ele>788.0</ele>
      </trkpt>
      <trkpt lat="45.54509" lon="1.8764">
        <ele>786.0</ele>
      </trkpt>
      <trkpt lat="45.54685" lon="1.87779">
        <ele>770.0</ele>
      </trkpt>
      <trkpt lat="45.54789" lon="1.87781">
        <ele>768.0</ele>
      </trkpt>
      <trkpt lat="45.54854" lon="1.87814">
        <ele>767.0</ele>
      </trkpt>
      <trkpt lat="45.54921" lon="1.87823">
        <ele>761.0</ele>
      </trkpt>
      <trkpt lat="45.54936" lon="1.87859">
        <ele>758.0</ele>
      </trkpt>
      <trkpt lat="45.54925" lon="1.8793">
        <ele>753.0</ele>
      </trkpt>
      <trkpt lat="45.54951" lon="1.87974">
        <ele>749.0</ele>
      </trkpt>
      <trkpt lat="45.54987" lon="1.87988">
        <ele>747.0</ele>
      </trkpt>
      <trkpt lat="45.55078" lon="1.87956">
        <ele>742.0</ele>
      </trkpt>
      <trkpt lat="45.55167" lon="1.88069">
        <ele>736.0</ele>
      </trkpt>
      <trkpt lat="45.55294" lon="1.88131">
        <ele>728.0</ele>
      </trkpt>
      <trkpt lat="45.55337" lon="1.88172">
        <ele>727.0</ele>
      </trkpt>
      <trkpt lat="45.5539" lon="1.88331">
        <ele>725.0</ele>
      </trkpt>
      <trkpt lat="45.55457" lon="1.88483">
        <ele>727.0</ele>
      </trkpt>
      <trkpt lat="45.55411" lon="1.88885">
        <ele>723.0</ele>
      </trkpt>
      <trkpt lat="45.55419" lon="1.88938">
        <ele>724.0</ele>
      </trkpt>
      <trkpt lat="45.55607" lon="1.89125">
        <ele>728.0</ele>
      </trkpt>
      <trkpt lat="45.55652" lon="1.89144">
        <ele>728.0</ele>
      </trkpt>
      <trkpt lat="45.55718" lon="1.89124">
        <ele>729.0</ele>
      </trkpt>
      <trkpt lat="45.55888" lon="1.88977">
        <ele>730.0</ele>
      </trkpt>
      <trkpt lat="45.55952" lon="1.88986">
        <ele>726.0</ele>
      </trkpt>
      <trkpt lat="45.55975" lon="1.89043">
        <ele>724.0</ele>
      </trkpt>
      <trkpt lat="45.55951" lon="1.89245">
        <ele>727.0</ele>
      </trkpt>
      <trkpt lat="45.5596" lon="1.89306">
        <ele>730.0</ele>
      </trkpt>
      <trkpt lat="45.55982" lon="1.8933">
        <ele>731.0</ele>
      </trkpt>
      <trkpt lat="45.56059" lon="1.89356">
        <ele>738.0</ele>
      </trkpt>
      <trkpt lat="45.5614" lon="1.89465">
        <ele>747.0</ele>
      </trkpt>
      <trkpt lat="45.5618" lon="1.89639">
        <ele>743.0</ele>
      </trkpt>
      <trkpt lat="45.56313" lon="1.8969">
        <ele>742.0</ele>
      </trkpt>
      <trkpt lat="45.56372" lon="1.89775">
        <ele>744.0</ele>
      </trkpt>
      <trkpt lat="45.56412" lon="1.89786">
        <ele>745.0</ele>
      </trkpt>
      <trkpt lat="45.5649" lon="1.8984">
        <ele>750.0</ele>
      </trkpt>
      <trkpt lat="45.56516" lon="1.89918">
        <ele>752.0</ele>
      </trkpt>
      <trkpt lat="45.56529" lon="1.90031">
        <ele>751.0</ele>
      </trkpt>
      <trkpt lat="45.56518" lon="1.90153">
        <ele>750.0</ele>
      </trkpt>
      <trkpt lat="45.56528" lon="1.90206">
        <ele>750.0</ele>
      </trkpt>
      <trkpt lat="45.5655" lon="1.90229">
        <ele>751.0</ele>
      </trkpt>
      <trkpt lat="45.56629" lon="1.90247">
        <ele>753.0</ele>
      </trkpt>
      <trkpt lat="45.56689" lon="1.90305">
        <ele>753.0</ele>
      </trkpt>
      <trkpt lat="45.56713" lon="1.90339">
        <ele>753.0</ele>
      </trkpt>
      <trkpt lat="45.56766" lon="1.90489">
        <ele>751.0</ele>
      </trkpt>
      <trkpt lat="45.56865" lon="1.90516">
        <ele>748.0</ele>
      </trkpt>
      <trkpt lat="45.5691" lon="1.90452">
        <ele>745.0</ele>
      </trkpt>
      <trkpt lat="45.56945" lon="1.90434">
        <ele>744.0</ele>
      </trkpt>
      <trkpt lat="45.57015" lon="1.90474">
        <ele>741.0</ele>
      </trkpt>
      <trkpt lat="45.57102" lon="1.90458">
        <ele>739.0</ele>
      </trkpt>
      <trkpt lat="45.57139" lon="1.90502">
        <ele>744.0</ele>
      </trkpt>
      <trkpt lat="45.57158" lon="1.90608">
        <ele>751.0</ele>
      </trkpt>
      <trkpt lat="45.5724" lon="1.90668">
        <ele>752.0</ele>
      </trkpt>
      <trkpt lat="45.57264" lon="1.90768">
        <ele>748.0</ele>
      </trkpt>
      <trkpt lat="45.57344" lon="1.90807">
        <ele>743.0</ele>
      </trkpt>
      <trkpt lat="45.57434" lon="1.90956">
        <ele>738.0</ele>
      </trkpt>
      <trkpt lat="45.57462" lon="1.90957">
        <ele>738.0</ele>
      </trkpt>
      <trkpt lat="45.57588" lon="1.90892">
        <ele>737.0</ele>
      </trkpt>
      <trkpt lat="45.5773" lon="1.90905">
        <ele>726.0</ele>
      </trkpt>
      <trkpt lat="45.57913" lon="1.91026">
        <ele>714.0</ele>
      </trkpt>
      <trkpt lat="45.57986" lon="1.91137">
        <ele>710.0</ele>
      </trkpt>
      <trkpt lat="45.58182" lon="1.91265">
        <ele>706.0</ele>
      </trkpt>
      <trkpt lat="45.58223" lon="1.91349">
        <ele>706.0</ele>
      </trkpt>
      <trkpt lat="45.58236" lon="1.91444">
        <ele>705.0</ele>
      </trkpt>
      <trkpt lat="45.5827" lon="1.9149">
        <ele>704.0</ele>
      </trkpt>
      <trkpt lat="45.584" lon="1.91562">
        <ele>702.0</ele>
      </trkpt>
      <trkpt lat="45.58532" lon="1.9155">
        <ele>707.0</ele>
      </trkpt>
      <trkpt lat="45.58609" lon="1.91518">
        <ele>705.0</ele>
      </trkpt>
      <trkpt lat="45.58717" lon="1.9156">
        <ele>701.0</ele>
      </trkpt>
      <trkpt lat="45.58894" lon="1.91748">
        <ele>695.0</ele>
      </trkpt>
      <trkpt lat="45.58941" lon="1.91894">
        <ele>687.0</ele>
      </trkpt>
      <trkpt lat="45.58948" lon="1.92052">
        <ele>681.0</ele>
      </trkpt>
      <trkpt lat="45.58989" lon="1.92118">
        <ele>680.0</ele>
      </trkpt>
      <trkpt lat="45.59111" lon="1.92196">
        <ele>677.0</ele>
      </trkpt>
      <trkpt lat="45.59263" lon="1.92259">
        <ele>674.0</ele>
      </trkpt>
      <trkpt lat="45.59412" lon="1.92577">
        <ele>679.0</ele>
      </trkpt>
      <trkpt lat="45.59535" lon="1.92688">
        <ele>683.0</ele>
      </trkpt>
      <trkpt lat="45.59573" lon="1.9275">
        <ele>685.0</ele>
      </trkpt>
      <trkpt lat="45.5959" lon="1.92757">
        <ele>685.0</ele>
      </trkpt>
      <trkpt lat="45.5965" lon="1.92722">
        <ele>689.0</ele>
      </trkpt>
      <trkpt lat="45.59688" lon="1.92722">
        <ele>691.0</ele>
      </trkpt>
      <trkpt lat="45.59761" lon="1.92763">
        <ele>696.0</ele>
      </trkpt>
      <trkpt lat="45.59708" lon="1.92871">
        <ele>702.0</ele>
      </trkpt>
      <trkpt lat="45.59646" lon="1.9317">
        <ele>716.0</ele>
      </trkpt>
      <trkpt lat="45.59642" lon="1.93382">
        <ele>725.0</ele>
      </trkpt>
      <trkpt lat="45.59621" lon="1.93517">
        <ele>729.0</ele>
      </trkpt>
      <trkpt lat="45.59608" lon="1.93722">
        <ele>736.0</ele>
      </trkpt>
      <trkpt lat="45.59634" lon="1.93816">
        <ele>737.0</ele>
      </trkpt>
      <trkpt lat="45.5973" lon="1.93963">
        <ele>740.0</ele>
      </trkpt>
      <trkpt lat="45.59776" lon="1.94105">
        <ele>741.0</ele>
      </trkpt>
      <trkpt lat="45.59786" lon="1.94197">
        <ele>744.0</ele>
      </trkpt>
      <trkpt lat="45.59773" lon="1.94306">
        <ele>748.0</ele>
      </trkpt>
      <trkpt lat="45.59737" lon="1.94395">
        <ele>750.0</ele>
      </trkpt>
      <trkpt lat="45.59437" lon="1.9477">
        <ele>750.0</ele>
      </trkpt>
      <trkpt lat="45.59337" lon="1.94956">
        <ele>750.0</ele>
      </trkpt>
      <trkpt lat="45.59286" lon="1.95138">
        <ele>750.0</ele>
      </trkpt>
      <trkpt lat="45.59262" lon="1.95442">
        <ele>750.0</ele>
      </trkpt>
      <trkpt lat="45.59229" lon="1.95608">
        <ele>753.0</ele>
      </trkpt>
      <trkpt lat="45.5919" lon="1.95715">
        <ele>754.0</ele>
      </trkpt>
      <trkpt lat="45.58999" lon="1.96124">
        <ele>769.0</ele>
      </trkpt>
      <trkpt lat="45.58925" lon="1.96365">
        <ele>767.0</ele>
      </trkpt>
      <trkpt lat="45.58793" lon="1.96922">
        <ele>759.0</ele>
      </trkpt>
      <trkpt lat="45.58747" lon="1.97269">
        <ele>751.0</ele>
      </trkpt>
      <trkpt lat="45.58756" lon="1.97386">
        <ele>747.0</ele>
      </trkpt>
      <trkpt lat="45.58789" lon="1.97516">
        <ele>751.0</ele>
      </trkpt>
      <trkpt lat="45.5889" lon="1.97709">
        <ele>758.0</ele>
      </trkpt>
      <trkpt lat="45.5892" lon="1.97799">
        <ele>758.0</ele>
      </trkpt>
      <trkpt lat="45.58933" lon="1.97924">
        <ele>759.0</ele>
      </trkpt>
      <trkpt lat="45.58924" lon="1.9802">
        <ele>761.0</ele>
      </trkpt>
      <trkpt lat="45.588" lon="1.98377">
        <ele>773.0</ele>
      </trkpt>
      <trkpt lat="45.58482" lon="1.98941">
        <ele>782.0</ele>
      </trkpt>
      <trkpt lat="45.58358" lon="1.9928">
        <ele>793.0</ele>
      </trkpt>
      <trkpt lat="45.58161" lon="1.9973">
        <ele>804.0</ele>
      </trkpt>
      <trkpt lat="45.58122" lon="1.99932">
        <ele>805.0</ele>
      </trkpt>
      <trkpt lat="45.58115" lon="2.00402">
        <ele>813.0</ele>
      </trkpt>
      <trkpt lat="45.58094" lon="2.00579">
        <ele>820.0</ele>
      </trkpt>
      <trkpt lat="45.58068" lon="2.00695">
        <ele>825.0</ele>
      </trkpt>
      <trkpt lat="45.57983" lon="2.00953">
        <ele>842.0</ele>
      </trkpt>
      <trkpt lat="45.57928" lon="2.01318">
        <ele>852.0</ele>
      </trkpt>
      <trkpt lat="45.57841" lon="2.01636">
        <ele>855.0</ele>
      </trkpt>
      <trkpt lat="45.57777" lon="2.01775">
        <ele>862.0</ele>
      </trkpt>
      <trkpt lat="45.57478" lon="2.02223">
        <ele>876.0</ele>
      </trkpt>
      <trkpt lat="45.57363" lon="2.02302">
        <ele>886.0</ele>
      </trkpt>
      <trkpt lat="45.57085" lon="2.02396">
        <ele>892.0</ele>
      </trkpt>
      <trkpt lat="45.57016" lon="2.02454">
        <ele>892.0</ele>
      </trkpt>
      <trkpt lat="45.56967" lon="2.02517">
        <ele>892.0</ele>
      </trkpt>
      <trkpt lat="45.56899" lon="2.02667">
        <ele>891.0</ele>
      </trkpt>
      <trkpt lat="45.56784" lon="2.03223">
        <ele>877.0</ele>
      </trkpt>
      <trkpt lat="45.56778" lon="2.03347">
        <ele>871.0</ele>
      </trkpt>
      <trkpt lat="45.5679" lon="2.03506">
        <ele>860.0</ele>
      </trkpt>
      <trkpt lat="45.56944" lon="2.04121">
        <ele>877.0</ele>
      </trkpt>
      <trkpt lat="45.57188" lon="2.06013">
        <ele>882.0</ele>
      </trkpt>
      <trkpt lat="45.57242" lon="2.06486">
        <ele>889.0</ele>
      </trkpt>
      <trkpt lat="45.57252" lon="2.06922">
        <ele>875.0</ele>
      </trkpt>
      <trkpt lat="45.57282" lon="2.07064">
        <ele>873.0</ele>
      </trkpt>
      <trkpt lat="45.57349" lon="2.07243">
        <ele>874.0</ele>
      </trkpt>
      <trkpt lat="45.57371" lon="2.0735">
        <ele>880.0</ele>
      </trkpt>
      <trkpt lat="45.57358" lon="2.07486">
        <ele>886.0</ele>
      </trkpt>
      <trkpt lat="45.57291" lon="2.07646">
        <ele>891.0</ele>
      </trkpt>
      <trkpt lat="45.57269" lon="2.07791">
        <ele>893.0</ele>
      </trkpt>
      <trkpt lat="45.57282" lon="2.07885">
        <ele>895.0</ele>
      </trkpt>
      <trkpt lat="45.57352" lon="2.08156">
        <ele>900.0</ele>
      </trkpt>
      <trkpt lat="45.57338" lon="2.08504">
        <ele>905.0</ele>
      </trkpt>
      <trkpt lat="45.57385" lon="2.08936">
        <ele>916.0</ele>
      </trkpt>
      <trkpt lat="45.57443" lon="2.09165">
        <ele>917.0</ele>
      </trkpt>
      <trkpt lat="45.57595" lon="2.0944">
        <ele>917.0</ele>
      </trkpt>
      <trkpt lat="45.57658" lon="2.09626">
        <ele>926.0</ele>
      </trkpt>
      <trkpt lat="45.5768" lon="2.09773">
        <ele>929.0</ele>
      </trkpt>
      <trkpt lat="45.57691" lon="2.10074">
        <ele>934.0</ele>
      </trkpt>
      <trkpt lat="45.57781" lon="2.10429">
        <ele>947.0</ele>
      </trkpt>
      <trkpt lat="45.57797" lon="2.10616">
        <ele>943.0</ele>
      </trkpt>
      <trkpt lat="45.57791" lon="2.10689">
        <ele>939.0</ele>
      </trkpt>
      <trkpt lat="45.5769" lon="2.10901">
        <ele>935.0</ele>
      </trkpt>
      <trkpt lat="45.57605" lon="2.11189">
        <ele>934.0</ele>
      </trkpt>
      <trkpt lat="45.57591" lon="2.11275">
        <ele>934.0</ele>
      </trkpt>
      <trkpt lat="45.57583" lon="2.11494">
        <ele>933.0</ele>
      </trkpt>
      <trkpt lat="45.57546" lon="2.1165">
        <ele>930.0</ele>
      </trkpt>
      <trkpt lat="45.57456" lon="2.11889">
        <ele>914.0</ele>
      </trkpt>
      <trkpt lat="45.57416" lon="2.11941">
        <ele>908.0</ele>
      </trkpt>
      <trkpt lat="45.57317" lon="2.12023">
        <ele>918.0</ele>
      </trkpt>
      <trkpt lat="45.57348" lon="2.12107">
        <ele>924.0</ele>
      </trkpt>
      <trkpt lat="45.57349" lon="2.12192">
        <ele>928.0</ele>
      </trkpt>
      <trkpt lat="45.57327" lon="2.12377">
        <ele>945.0</ele>
      </trkpt>
      <trkpt lat="45.57296" lon="2.12488">
        <ele>954.0</ele>
      </trkpt>
      <trkpt lat="45.57194" lon="2.12335">
        <ele>967.0</ele>
      </trkpt>
      <trkpt lat="45.57029" lon="2.12257">
        <ele>973.0</ele>
      </trkpt>
      <trkpt lat="45.56934" lon="2.12251">
        <ele>973.0</ele>
      </trkpt>
      <trkpt lat="45.56846" lon="2.12298">
        <ele>963.0</ele>
      </trkpt>
      <trkpt lat="45.56793" lon="2.12234">
        <ele>952.0</ele>
      </trkpt>
      <trkpt lat="45.56696" lon="2.12367">
        <ele>942.0</ele>
      </trkpt>
      <trkpt lat="45.56819" lon="2.12544">
        <ele>941.0</ele>
      </trkpt>
      <trkpt lat="45.56926" lon="2.1264">
        <ele>943.0</ele>
      </trkpt>
      <trkpt lat="45.5702" lon="2.12692">
        <ele>934.0</ele>
      </trkpt>
      <trkpt lat="45.57039" lon="2.12733">
        <ele>930.0</ele>
      </trkpt>
      <trkpt lat="45.57039" lon="2.12837">
        <ele>925.0</ele>
      </trkpt>
      <trkpt lat="45.57053" lon="2.12882">
        <ele>924.0</ele>
      </trkpt>
      <trkpt lat="45.57196" lon="2.13008">
        <ele>921.0</ele>
      </trkpt>
      <trkpt lat="45.57276" lon="2.1318">
        <ele>905.0</ele>
      </trkpt>
      <trkpt lat="45.57343" lon="2.13213">
        <ele>898.0</ele>
      </trkpt>
      <trkpt lat="45.57352" lon="2.13246">
        <ele>895.0</ele>
      </trkpt>
      <trkpt lat="45.57343" lon="2.1334">
        <ele>892.0</ele>
      </trkpt>
      <trkpt lat="45.57351" lon="2.13424">
        <ele>886.0</ele>
      </trkpt>
      <trkpt lat="45.57411" lon="2.13532">
        <ele>876.0</ele>
      </trkpt>
      <trkpt lat="45.57457" lon="2.13581">
        <ele>868.0</ele>
      </trkpt>
      <trkpt lat="45.57516" lon="2.13588">
        <ele>866.0</ele>
      </trkpt>
      <trkpt lat="45.57548" lon="2.13562">
        <ele>865.0</ele>
      </trkpt>
      <trkpt lat="45.57591" lon="2.13573">
        <ele>865.0</ele>
      </trkpt>
      <trkpt lat="45.57628" lon="2.13619">
        <ele>864.0</ele>
      </trkpt>
      <trkpt lat="45.57506" lon="2.13638">
        <ele>863.0</ele>
      </trkpt>
      <trkpt lat="45.57344" lon="2.13602">
        <ele>854.0</ele>
      </trkpt>
      <trkpt lat="45.57206" lon="2.1362">
        <ele>847.0</ele>
      </trkpt>
      <trkpt lat="45.57089" lon="2.13593">
        <ele>851.0</ele>
      </trkpt>
      <trkpt lat="45.5692" lon="2.1365">
        <ele>847.0</ele>
      </trkpt>
      <trkpt lat="45.56825" lon="2.13729">
        <ele>843.0</ele>
      </trkpt>
      <trkpt lat="45.56504" lon="2.143">
        <ele>817.0</ele>
      </trkpt>
      <trkpt lat="45.56294" lon="2.14569">
        <ele>798.0</ele>
      </trkpt>
      <trkpt lat="45.56214" lon="2.14607">
        <ele>788.0</ele>
      </trkpt>
      <trkpt lat="45.55947" lon="2.14635">
        <ele>769.0</ele>
      </trkpt>
      <trkpt lat="45.55792" lon="2.14729">
        <ele>761.0</ele>
      </trkpt>
      <trkpt lat="45.55636" lon="2.14742">
        <ele>770.0</ele>
      </trkpt>
      <trkpt lat="45.5551" lon="2.14796">
        <ele>771.0</ele>
      </trkpt>
      <trkpt lat="45.55438" lon="2.14788">
        <ele>768.0</ele>
      </trkpt>
      <trkpt lat="45.55032" lon="2.14574">
        <ele>735.0</ele>
      </trkpt>
      <trkpt lat="45.54971" lon="2.14557">
        <ele>728.0</ele>
      </trkpt>
      <trkpt lat="45.54676" lon="2.14604">
        <ele>713.0</ele>
      </trkpt>
      <trkpt lat="45.53892" lon="2.14504">
        <ele>702.0</ele>
      </trkpt>
      <trkpt lat="45.53862" lon="2.14511">
        <ele>701.0</ele>
      </trkpt>
      <trkpt lat="45.53765" lon="2.14609">
        <ele>694.0</ele>
      </trkpt>
      <trkpt lat="45.5374" lon="2.14618">
        <ele>692.0</ele>
      </trkpt>
      <trkpt lat="45.53708" lon="2.14596">
        <ele>690.0</ele>
      </trkpt>
      <trkpt lat="45.53687" lon="2.14537">
        <ele>686.0</ele>
      </trkpt>
      <trkpt lat="45.53652" lon="2.14593">
        <ele>680.0</ele>
      </trkpt>
      <trkpt lat="45.53595" lon="2.1452">
        <ele>671.0</ele>
      </trkpt>
      <trkpt lat="45.53461" lon="2.14768">
        <ele>663.0</ele>
      </trkpt>
      <trkpt lat="45.5339" lon="2.1537">
        <ele>670.0</ele>
      </trkpt>
      <trkpt lat="45.53293" lon="2.15419">
        <ele>674.0</ele>
      </trkpt>
      <trkpt lat="45.53221" lon="2.15521">
        <ele>678.0</ele>
      </trkpt>
      <trkpt lat="45.5313" lon="2.15583">
        <ele>689.0</ele>
      </trkpt>
      <trkpt lat="45.53093" lon="2.15579">
        <ele>694.0</ele>
      </trkpt>
      <trkpt lat="45.5304" lon="2.1552">
        <ele>699.0</ele>
      </trkpt>
      <trkpt lat="45.52993" lon="2.15527">
        <ele>701.0</ele>
      </trkpt>
      <trkpt lat="45.52955" lon="2.15579">
        <ele>703.0</ele>
      </trkpt>
      <trkpt lat="45.52947" lon="2.15615">
        <ele>704.0</ele>
      </trkpt>
      <trkpt lat="45.52992" lon="2.15667">
        <ele>706.0</ele>
      </trkpt>
      <trkpt lat="45.52997" lon="2.15715">
        <ele>708.0</ele>
      </trkpt>
      <trkpt lat="45.52936" lon="2.15805">
        <ele>713.0</ele>
      </trkpt>
      <trkpt lat="45.52783" lon="2.15938">
        <ele>723.0</ele>
      </trkpt>
      <trkpt lat="45.52497" lon="2.1609">
        <ele>735.0</ele>
      </trkpt>
      <trkpt lat="45.52425" lon="2.16143">
        <ele>740.0</ele>
      </trkpt>
      <trkpt lat="45.52396" lon="2.16189">
        <ele>743.0</ele>
      </trkpt>
      <trkpt lat="45.52288" lon="2.16457">
        <ele>756.0</ele>
      </trkpt>
      <trkpt lat="45.52156" lon="2.16617">
        <ele>760.0</ele>
      </trkpt>
      <trkpt lat="45.52094" lon="2.16813">
        <ele>756.0</ele>
      </trkpt>
      <trkpt lat="45.52043" lon="2.16915">
        <ele>753.0</ele>
      </trkpt>
      <trkpt lat="45.51739" lon="2.17455">
        <ele>731.0</ele>
      </trkpt>
      <trkpt lat="45.51613" lon="2.17637">
        <ele>723.0</ele>
      </trkpt>
      <trkpt lat="45.51554" lon="2.17751">
        <ele>716.0</ele>
      </trkpt>
      <trkpt lat="45.51315" lon="2.18513">
        <ele>700.0</ele>
      </trkpt>
      <trkpt lat="45.51199" lon="2.18802">
        <ele>697.0</ele>
      </trkpt>
      <trkpt lat="45.51147" lon="2.19042">
        <ele>694.0</ele>
      </trkpt>
      <trkpt lat="45.50342" lon="2.21729">
        <ele>660.0</ele>
      </trkpt>
      <trkpt lat="45.50306" lon="2.21894">
        <ele>655.0</ele>
      </trkpt>
      <trkpt lat="45.50299" lon="2.22075">
        <ele>651.0</ele>
      </trkpt>
      <trkpt lat="45.50341" lon="2.22681">
        <ele>656.0</ele>
      </trkpt>
      <trkpt lat="45.50418" lon="2.23077">
        <ele>644.0</ele>
      </trkpt>
      <trkpt lat="45.50388" lon="2.23185">
        <ele>641.0</ele>
      </trkpt>
      <trkpt lat="45.50361" lon="2.23194">
        <ele>640.0</ele>
      </trkpt>
      <trkpt lat="45.50605" lon="2.23807">
        <ele>642.0</ele>
      </trkpt>
      <trkpt lat="45.50608" lon="2.23885">
        <ele>646.0</ele>
      </trkpt>
      <trkpt lat="45.50561" lon="2.24042">
        <ele>652.0</ele>
      </trkpt>
      <trkpt lat="45.50564" lon="2.24123">
        <ele>653.0</ele>
      </trkpt>
      <trkpt lat="45.50632" lon="2.24259">
        <ele>655.0</ele>
      </trkpt>
      <trkpt lat="45.5098" lon="2.24784">
        <ele>674.0</ele>
      </trkpt>
      <trkpt lat="45.51103" lon="2.25156">
        <ele>685.0</ele>
      </trkpt>
      <trkpt lat="45.51197" lon="2.25398">
        <ele>686.0</ele>
      </trkpt>
      <trkpt lat="45.51203" lon="2.25457">
        <ele>686.0</ele>
      </trkpt>
      <trkpt lat="45.51184" lon="2.25514">
        <ele>685.0</ele>
      </trkpt>
      <trkpt lat="45.51188" lon="2.2554">
        <ele>685.0</ele>
      </trkpt>
      <trkpt lat="45.51212" lon="2.25566">
        <ele>684.0</ele>
      </trkpt>
      <trkpt lat="45.51239" lon="2.25552">
        <ele>684.0</ele>
      </trkpt>
      <trkpt lat="45.51272" lon="2.25559">
        <ele>684.0</ele>
      </trkpt>
      <trkpt lat="45.51329" lon="2.25613">
        <ele>684.0</ele>
      </trkpt>
      <trkpt lat="45.51692" lon="2.26153">
        <ele>672.0</ele>
      </trkpt>
      <trkpt lat="45.51762" lon="2.26305">
        <ele>669.0</ele>
      </trkpt>
      <trkpt lat="45.51814" lon="2.26689">
        <ele>666.0</ele>
      </trkpt>
      <trkpt lat="45.51935" lon="2.26941">
        <ele>661.0</ele>
      </trkpt>
      <trkpt lat="45.51941" lon="2.27015">
        <ele>661.0</ele>
      </trkpt>
      <trkpt lat="45.51967" lon="2.27057">
        <ele>661.0</ele>
      </trkpt>
      <trkpt lat="45.5213" lon="2.27985">
        <ele>645.0</ele>
      </trkpt>
      <trkpt lat="45.52157" lon="2.28179">
        <ele>640.0</ele>
      </trkpt>
      <trkpt lat="45.52164" lon="2.28326">
        <ele>641.0</ele>
      </trkpt>
      <trkpt lat="45.52115" lon="2.28621">
        <ele>636.0</ele>
      </trkpt>
      <trkpt lat="45.52108" lon="2.28735">
        <ele>635.0</ele>
      </trkpt>
      <trkpt lat="45.52125" lon="2.28864">
        <ele>634.0</ele>
      </trkpt>
      <trkpt lat="45.52172" lon="2.28989">
        <ele>632.0</ele>
      </trkpt>
      <trkpt lat="45.52274" lon="2.29116">
        <ele>630.0</ele>
      </trkpt>
      <trkpt lat="45.52707" lon="2.29397">
        <ele>638.0</ele>
      </trkpt>
      <trkpt lat="45.52897" lon="2.29602">
        <ele>624.0</ele>
      </trkpt>
      <trkpt lat="45.53087" lon="2.29863">
        <ele>605.0</ele>
      </trkpt>
      <trkpt lat="45.5317" lon="2.2993">
        <ele>612.0</ele>
      </trkpt>
      <trkpt lat="45.53267" lon="2.29965">
        <ele>612.0</ele>
      </trkpt>
      <trkpt lat="45.53473" lon="2.2999">
        <ele>604.0</ele>
      </trkpt>
      <trkpt lat="45.53699" lon="2.29976">
        <ele>603.0</ele>
      </trkpt>
      <trkpt lat="45.53844" lon="2.30021">
        <ele>602.0</ele>
      </trkpt>
      <trkpt lat="45.53913" lon="2.30011">
        <ele>605.0</ele>
      </trkpt>
      <trkpt lat="45.54068" lon="2.29947">
        <ele>601.0</ele>
      </trkpt>
      <trkpt lat="45.5456" lon="2.30422">
        <ele>624.0</ele>
      </trkpt>
    </trkseg>
  </trk>
</gpx>