<?xml version="1.0" encoding="UTF-8"?>
<gpx xmlns="http://www.topografix.com/GPX/1/1" xmlns:xsi="http://www.w3.org/2001/XMLSchema-instance" xsi:schemaLocation="http://www.topografix.com/GPX/1/1 http://www.topografix.com/GPX/1/1/gpx.xsd" version="1.1" creator="wattsfit-ingest">
  <metadata>
    <name>Tour de France Femmes avec Zwift 2026 — Stage 6</name>
  </metadata>
  <wpt lat="45.5807775" lon="4.079495">
    <name>km 0</name>
    <cmt>km 0</cmt>
    <type>Generic</type>
  </wpt>
  <wpt lat="45.454510018833" lon="4.14793">
    <name>1.4km @ 6.4%</name>
    <cmt>1.4km @ 6.4%</cmt>
    <type>Generic</type>
  </wpt>
  <wpt lat="45.444350020199" lon="4.15478">
    <name>KOM 4th Côte de Périgneux</name>
    <cmt>KOM 4th Côte de Périgneux</cmt>
    <type>4th Category</type>
  </wpt>
  <wpt lat="45.421530023739" lon="4.16482">
    <name>2.9km @ 4.9%</name>
    <cmt>2.9km @ 4.9%</cmt>
    <type>Generic</type>
  </wpt>
  <wpt lat="45.412210026595" lon="4.18341">
    <name>KOM 4th Côte de la Prunerie</name>
    <cmt>KOM 4th Côte de la Prunerie</cmt>
    <type>4th Category</type>
  </wpt>
  <wpt lat="45.381540040369" lon="4.2235">
    <name>Litter zone</name>
    <cmt>Litter zone</cmt>
    <type>Generic</type>
  </wpt>
  <wpt lat="45.37938004068" lon="4.22098">
    <name>Litter zone end</name>
    <cmt>Litter zone end</cmt>
    <type>Generic</type>
  </wpt>
  <wpt lat="45.379275040697" lon="4.22082">
    <name>Feed</name>
    <cmt>Feed</cmt>
    <type>Food</type>
  </wpt>
  <wpt lat="45.373040041734" lon="4.21099">
    <name>Feed end</name>
    <cmt>Feed end</cmt>
    <type>Generic</type>
  </wpt>
  <wpt lat="45.364947442964" lon="4.2036314">
    <name>3.3km @ 6.2%</name>
    <cmt>3.3km @ 6.2%</cmt>
    <type>Generic</type>
  </wpt>
  <wpt lat="45.349646046235" lon="4.2114696">
    <name>KOM 3rd Côte d&amp;apos;Aurec</name>
    <cmt>KOM 3rd Côte d&amp;apos;Aurec</cmt>
    <type>3rd Category</type>
  </wpt>
  <wpt lat="45.214490066679" lon="4.29158">
    <name>1.2km @ 6.8%</name>
    <cmt>1.2km @ 6.8%</cmt>
    <type>Generic</type>
  </wpt>
  <wpt lat="45.204990067924" lon="4.29553">
    <name>KOM 4th Côte de Praneuf</name>
    <cmt>KOM 4th Côte de Praneuf</cmt>
    <type>4th Category</type>
  </wpt>
  <wpt lat="45.184370071819" lon="4.32387">
    <name>Litter zone</name>
    <cmt>Litter zone</cmt>
    <type>Generic</type>
  </wpt>
  <wpt lat="45.183055472053" lon="4.3262044">
    <name>Litter zone end</name>
    <cmt>Litter zone end</cmt>
    <type>Generic</type>
  </wpt>
  <wpt lat="45.183055472053" lon="4.3262044">
    <name>Feed</name>
    <cmt>Feed</cmt>
    <type>Food</type>
  </wpt>
  <wpt lat="45.179000072774" lon="4.33337">
    <name>Feed end</name>
    <cmt>Feed end</cmt>
    <type>Generic</type>
  </wpt>
  <wpt lat="45.17890807279" lon="4.333529">
    <name>Litter zone</name>
    <cmt>Litter zone</cmt>
    <type>Generic</type>
  </wpt>
  <wpt lat="45.177648073012" lon="4.335708">
    <name>Litter zone end</name>
    <cmt>Litter zone end</cmt>
    <type>Generic</type>
  </wpt>
  <wpt lat="45.094150096926" lon="4.47742">
    <name>8.6km @ 4.9%</name>
    <cmt>8.6km @ 4.9%</cmt>
    <type>Generic</type>
  </wpt>
  <wpt lat="45.1196946105566" lon="4.5310886">
    <name>KOM 2nd Col de Lalouvesc</name>
    <cmt>KOM 2nd Col de Lalouvesc</cmt>
    <type>2nd Category</type>
  </wpt>
  <wpt lat="45.0716050123671" lon="4.658305">
    <name>Litter zone</name>
    <cmt>Litter zone</cmt>
    <type>Generic</type>
  </wpt>
  <wpt lat="45.070690012412" lon="4.66252">
    <name>Litter zone end</name>
    <cmt>Litter zone end</cmt>
    <type>Generic</type>
  </wpt>
  <wpt lat="45.070690012412" lon="4.66252">
    <name>Feed</name>
    <cmt>Feed</cmt>
    <type>Food</type>
  </wpt>
  <wpt lat="45.0665500124844" lon="4.66437">
    <name>Feed end</name>
    <cmt>Feed end</cmt>
    <type>Generic</type>
  </wpt>
  <wpt lat="45.035010013364" lon="4.67806">
    <name>3.8km @ 5.6%</name>
    <cmt>3.8km @ 5.6%</cmt>
    <type>Generic</type>
  </wpt>
  <wpt lat="45.0350400133661" lon="4.67828">
    <name>Rail crossing</name>
    <cmt>Rail crossing</cmt>
    <type>Danger</type>
  </wpt>
  <wpt lat="45.0284500137459" lon="4.70295">
    <name>KOM 3rd Côte de Boucieu-le-Roi (D209-D534)</name>
    <cmt>KOM 3rd Côte de Boucieu-le-Roi (D209-D534)</cmt>
    <type>3rd Category</type>
  </wpt>
  <wpt lat="45.0344400138871" lon="4.7135">
    <name>Litter zone</name>
    <cmt>Litter zone</cmt>
    <type>Generic</type>
  </wpt>
  <wpt lat="45.0371450139253" lon="4.71639">
    <name>Litter zone end</name>
    <cmt>Litter zone end</cmt>
    <type>Generic</type>
  </wpt>
  <wpt lat="45.0575600144177" lon="4.75281">
    <name>Sprint bonus</name>
    <cmt>Sprint bonus</cmt>
    <type>Sprint</type>
  </wpt>
  <wpt lat="45.0692989153352" lon="4.8292523">
    <name>End VeloViewer</name>
    <cmt>End VeloViewer</cmt>
    <type>Sprint</type>
  </wpt>
  <trk>
    <name>Tour de France Femmes avec Zwift 2026 — Stage 6</name>
    <trkseg>
      <trkpt lat="45.615115" lon="4.06693">
        <ele>386.8</ele>
      </trkpt>
      <trkpt lat="45.61239" lon="4.06758">
        <ele>388.1</ele>
      </trkpt>
      <trkpt lat="45.61166" lon="4.06785">
        <ele>388.5</ele>
      </trkpt>
      <trkpt lat="45.61158" lon="4.06782">
        <ele>388.5</ele>
      </trkpt>
      <trkpt lat="45.61155" lon="4.06774">
        <ele>388.6</ele>
      </trkpt>
      <trkpt lat="45.61032" lon="4.06794">
        <ele>391.7</ele>
      </trkpt>
      <trkpt lat="45.61025" lon="4.0678">
        <ele>392.2</ele>
      </trkpt>
      <trkpt lat="45.61025" lon="4.06758">
        <ele>392.8</ele>
      </trkpt>
      <trkpt lat="45.61047" lon="4.06692">
        <ele>395.2</ele>
      </trkpt>
      <trkpt lat="45.61052" lon="4.06663">
        <ele>395.8</ele>
      </trkpt>
      <trkpt lat="45.61052" lon="4.06588">
        <ele>395.8</ele>
      </trkpt>
      <trkpt lat="45.61059" lon="4.06573">
        <ele>395.6</ele>
      </trkpt>
      <trkpt lat="45.61125" lon="4.06519">
        <ele>392.4</ele>
      </trkpt>
      <trkpt lat="45.61127" lon="4.06507">
        <ele>392.2</ele>
      </trkpt>
      <trkpt lat="45.61133" lon="4.06507">
        <ele>392.2</ele>
      </trkpt>
      <trkpt lat="45.61136" lon="4.06456">
        <ele>392.0</ele>
      </trkpt>
      <trkpt lat="45.61142" lon="4.06456">
        <ele>392.0</ele>
      </trkpt>
      <trkpt lat="45.61145" lon="4.06449">
        <ele>392.0</ele>
      </trkpt>
      <trkpt lat="45.61142" lon="4.0644">
        <ele>392.0</ele>
      </trkpt>
      <trkpt lat="45.61137" lon="4.06439">
        <ele>392.0</ele>
      </trkpt>
      <trkpt lat="45.61129" lon="4.06389">
        <ele>392.7</ele>
      </trkpt>
      <trkpt lat="45.61114" lon="4.06356">
        <ele>393.9</ele>
      </trkpt>
      <trkpt lat="45.61023" lon="4.06251">
        <ele>400.2</ele>
      </trkpt>
      <trkpt lat="45.60992" lon="4.06227">
        <ele>401.6</ele>
      </trkpt>
      <trkpt lat="45.60754" lon="4.0621">
        <ele>394.7</ele>
      </trkpt>
      <trkpt lat="45.60728" lon="4.06211">
        <ele>394.2</ele>
      </trkpt>
      <trkpt lat="45.60686" lon="4.06224">
        <ele>393.5</ele>
      </trkpt>
      <trkpt lat="45.60674" lon="4.06237">
        <ele>393.3</ele>
      </trkpt>
      <trkpt lat="45.60504" lon="4.06535">
        <ele>390.8</ele>
      </trkpt>
      <trkpt lat="45.60491" lon="4.06579">
        <ele>390.3</ele>
      </trkpt>
      <trkpt lat="45.60484" lon="4.06634">
        <ele>389.8</ele>
      </trkpt>
      <trkpt lat="45.60496" lon="4.06794">
        <ele>388.9</ele>
      </trkpt>
      <trkpt lat="45.60488" lon="4.06801">
        <ele>388.9</ele>
      </trkpt>
      <trkpt lat="45.60488" lon="4.06815">
        <ele>388.9</ele>
      </trkpt>
      <trkpt lat="45.60426" lon="4.06875">
        <ele>389.6</ele>
      </trkpt>
      <trkpt lat="45.60419" lon="4.06873">
        <ele>389.6</ele>
      </trkpt>
      <trkpt lat="45.60417" lon="4.06885">
        <ele>389.7</ele>
      </trkpt>
      <trkpt lat="45.60314" lon="4.06977">
        <ele>394.3</ele>
      </trkpt>
      <trkpt lat="45.60109" lon="4.07045">
        <ele>404.1</ele>
      </trkpt>
      <trkpt lat="45.60101" lon="4.07039">
        <ele>404.1</ele>
      </trkpt>
      <trkpt lat="45.60093" lon="4.0705">
        <ele>404.2</ele>
      </trkpt>
      <trkpt lat="45.5929" lon="4.07215">
        <ele>403.4</ele>
      </trkpt>
      <trkpt lat="45.59234" lon="4.07218">
        <ele>405.1</ele>
      </trkpt>
      <trkpt lat="45.59144" lon="4.07245">
        <ele>407.1</ele>
      </trkpt>
      <trkpt lat="45.58565" lon="4.0737">
        <ele>416.7</ele>
      </trkpt>
      <trkpt lat="45.58518" lon="4.07418">
        <ele>419.1</ele>
      </trkpt>
      <trkpt lat="45.58501" lon="4.07425">
        <ele>419.8</ele>
      </trkpt>
      <trkpt lat="45.58494" lon="4.07443">
        <ele>420.5</ele>
      </trkpt>
      <trkpt lat="45.58502" lon="4.07465">
        <ele>421.0</ele>
      </trkpt>
      <trkpt lat="45.58437" lon="4.07567">
        <ele>425.2</ele>
      </trkpt>
      <trkpt lat="45.58413" lon="4.0759">
        <ele>426.9</ele>
      </trkpt>
      <trkpt lat="45.58342" lon="4.07629">
        <ele>428.7</ele>
      </trkpt>
      <trkpt lat="45.58307" lon="4.07663">
        <ele>428.2</ele>
      </trkpt>
      <trkpt lat="45.57687" lon="4.08436">
        <ele>423.0</ele>
      </trkpt>
      <trkpt lat="45.57501" lon="4.08636">
        <ele>427.8</ele>
      </trkpt>
      <trkpt lat="45.57337" lon="4.08771">
        <ele>434.1</ele>
      </trkpt>
      <trkpt lat="45.57282" lon="4.08827">
        <ele>430.6</ele>
      </trkpt>
      <trkpt lat="45.57257" lon="4.08869">
        <ele>427.9</ele>
      </trkpt>
      <trkpt lat="45.5717" lon="4.09087">
        <ele>421.3</ele>
      </trkpt>
      <trkpt lat="45.57144" lon="4.09126">
        <ele>419.7</ele>
      </trkpt>
      <trkpt lat="45.57115" lon="4.09155">
        <ele>418.3</ele>
      </trkpt>
      <trkpt lat="45.5703" lon="4.09211">
        <ele>415.4</ele>
      </trkpt>
      <trkpt lat="45.56949" lon="4.09254">
        <ele>415.9</ele>
      </trkpt>
      <trkpt lat="45.56581" lon="4.09373">
        <ele>413.0</ele>
      </trkpt>
      <trkpt lat="45.5649" lon="4.09387">
        <ele>414.4</ele>
      </trkpt>
      <trkpt lat="45.56363" lon="4.0938">
        <ele>415.9</ele>
      </trkpt>
      <trkpt lat="45.56187" lon="4.09383">
        <ele>416.3</ele>
      </trkpt>
      <trkpt lat="45.5617" lon="4.09512">
        <ele>415.0</ele>
      </trkpt>
      <trkpt lat="45.56156" lon="4.09552">
        <ele>414.8</ele>
      </trkpt>
      <trkpt lat="45.56128" lon="4.09583">
        <ele>414.9</ele>
      </trkpt>
      <trkpt lat="45.56079" lon="4.09596">
        <ele>415.3</ele>
      </trkpt>
      <trkpt lat="45.56069" lon="4.09612">
        <ele>415.5</ele>
      </trkpt>
      <trkpt lat="45.56093" lon="4.09742">
        <ele>418.5</ele>
      </trkpt>
      <trkpt lat="45.5609" lon="4.0978">
        <ele>419.5</ele>
      </trkpt>
      <trkpt lat="45.56079" lon="4.09818">
        <ele>420.1</ele>
      </trkpt>
      <trkpt lat="45.55997" lon="4.09979">
        <ele>421.5</ele>
      </trkpt>
      <trkpt lat="45.5595" lon="4.10126">
        <ele>420.9</ele>
      </trkpt>
      <trkpt lat="45.5587272" lon="4.1023994">
        <ele>420.7</ele>
      </trkpt>
      <trkpt lat="45.55856" lon="4.10276">
        <ele>420.6</ele>
      </trkpt>
      <trkpt lat="45.55846" lon="4.10319">
        <ele>420.6</ele>
      </trkpt>
      <trkpt lat="45.55839" lon="4.10377">
        <ele>420.7</ele>
      </trkpt>
      <trkpt lat="45.5584" lon="4.10542">
        <ele>420.2</ele>
      </trkpt>
      <trkpt lat="45.55822" lon="4.10812">
        <ele>417.0</ele>
      </trkpt>
      <trkpt lat="45.55737" lon="4.11207">
        <ele>411.8</ele>
      </trkpt>
      <trkpt lat="45.55702" lon="4.11617">
        <ele>400.4</ele>
      </trkpt>
      <trkpt lat="45.55695" lon="4.11655">
        <ele>400.1</ele>
      </trkpt>
      <trkpt lat="45.55682" lon="4.11689">
        <ele>399.9</ele>
      </trkpt>
      <trkpt lat="45.55648" lon="4.11736">
        <ele>400.1</ele>
      </trkpt>
      <trkpt lat="45.55479" lon="4.1193">
        <ele>399.7</ele>
      </trkpt>
      <trkpt lat="45.55393" lon="4.12059">
        <ele>400.7</ele>
      </trkpt>
      <trkpt lat="45.55375" lon="4.12098">
        <ele>400.9</ele>
      </trkpt>
      <trkpt lat="45.5535" lon="4.1213">
        <ele>400.4</ele>
      </trkpt>
      <trkpt lat="45.55342" lon="4.12146">
        <ele>400.2</ele>
      </trkpt>
      <trkpt lat="45.55333" lon="4.12208">
        <ele>398.9</ele>
      </trkpt>
      <trkpt lat="45.55319" lon="4.12254">
        <ele>397.8</ele>
      </trkpt>
      <trkpt lat="45.55151" lon="4.12592">
        <ele>396.0</ele>
      </trkpt>
      <trkpt lat="45.55148" lon="4.12624">
        <ele>396.4</ele>
      </trkpt>
      <trkpt lat="45.55136" lon="4.1263">
        <ele>396.5</ele>
      </trkpt>
      <trkpt lat="45.55126" lon="4.12644">
        <ele>396.5</ele>
      </trkpt>
      <trkpt lat="45.55096" lon="4.1276">
        <ele>395.6</ele>
      </trkpt>
      <trkpt lat="45.55046" lon="4.12883">
        <ele>395.4</ele>
      </trkpt>
      <trkpt lat="45.5502" lon="4.12934">
        <ele>395.4</ele>
      </trkpt>
      <trkpt lat="45.54905" lon="4.13044">
        <ele>396.3</ele>
      </trkpt>
      <trkpt lat="45.54827" lon="4.13105">
        <ele>396.3</ele>
      </trkpt>
      <trkpt lat="45.54634" lon="4.13278">
        <ele>399.1</ele>
      </trkpt>
      <trkpt lat="45.5435297" lon="4.1360749">
        <ele>403.1</ele>
      </trkpt>
      <trkpt lat="45.54161" lon="4.1388">
        <ele>404.2</ele>
      </trkpt>
      <trkpt lat="45.54137" lon="4.13932">
        <ele>404.0</ele>
      </trkpt>
      <trkpt lat="45.54123" lon="4.13996">
        <ele>403.8</ele>
      </trkpt>
      <trkpt lat="45.54106" lon="4.1426">
        <ele>402.3</ele>
      </trkpt>
      <trkpt lat="45.54095" lon="4.14331">
        <ele>401.9</ele>
      </trkpt>
      <trkpt lat="45.5406" lon="4.145">
        <ele>400.0</ele>
      </trkpt>
      <trkpt lat="45.54025" lon="4.1457">
        <ele>400.3</ele>
      </trkpt>
      <trkpt lat="45.53869" lon="4.14734">
        <ele>402.9</ele>
      </trkpt>
      <trkpt lat="45.53751" lon="4.14882">
        <ele>402.2</ele>
      </trkpt>
      <trkpt lat="45.53721" lon="4.14913">
        <ele>401.5</ele>
      </trkpt>
      <trkpt lat="45.53572" lon="4.15028">
        <ele>400.9</ele>
      </trkpt>
      <trkpt lat="45.53547" lon="4.15038">
        <ele>400.7</ele>
      </trkpt>
      <trkpt lat="45.53501" lon="4.15044">
        <ele>400.2</ele>
      </trkpt>
      <trkpt lat="45.53478" lon="4.15057">
        <ele>400.0</ele>
      </trkpt>
      <trkpt lat="45.53404" lon="4.15126">
        <ele>399.1</ele>
      </trkpt>
      <trkpt lat="45.53378" lon="4.15158">
        <ele>399.0</ele>
      </trkpt>
      <trkpt lat="45.5324993" lon="4.1538012">
        <ele>397.2</ele>
      </trkpt>
      <trkpt lat="45.53204" lon="4.15448">
        <ele>396.8</ele>
      </trkpt>
      <trkpt lat="45.53032" lon="4.15644">
        <ele>395.8</ele>
      </trkpt>
      <trkpt lat="45.52868" lon="4.15855">
        <ele>395.4</ele>
      </trkpt>
      <trkpt lat="45.52834" lon="4.15888">
        <ele>395.1</ele>
      </trkpt>
      <trkpt lat="45.52784" lon="4.1592">
        <ele>394.9</ele>
      </trkpt>
      <trkpt lat="45.52678" lon="4.15951">
        <ele>394.6</ele>
      </trkpt>
      <trkpt lat="45.52482" lon="4.15985">
        <ele>396.8</ele>
      </trkpt>
      <trkpt lat="45.52407" lon="4.15989">
        <ele>397.0</ele>
      </trkpt>
      <trkpt lat="45.52319" lon="4.16015">
        <ele>395.7</ele>
      </trkpt>
      <trkpt lat="45.52287" lon="4.16012">
        <ele>395.0</ele>
      </trkpt>
      <trkpt lat="45.5221" lon="4.1599">
        <ele>395.5</ele>
      </trkpt>
      <trkpt lat="45.52145" lon="4.15995">
        <ele>396.6</ele>
      </trkpt>
      <trkpt lat="45.52057" lon="4.15963">
        <ele>398.3</ele>
      </trkpt>
      <trkpt lat="45.51906" lon="4.15946">
        <ele>400.3</ele>
      </trkpt>
      <trkpt lat="45.5137" lon="4.15984">
        <ele>402.1</ele>
      </trkpt>
      <trkpt lat="45.51264" lon="4.1601">
        <ele>403.5</ele>
      </trkpt>
      <trkpt lat="45.51145" lon="4.16015">
        <ele>402.8</ele>
      </trkpt>
      <trkpt lat="45.51018" lon="4.16049">
        <ele>399.4</ele>
      </trkpt>
      <trkpt lat="45.50782" lon="4.16011">
        <ele>400.5</ele>
      </trkpt>
      <trkpt lat="45.50742" lon="4.16023">
        <ele>401.3</ele>
      </trkpt>
      <trkpt lat="45.50582" lon="4.16095">
        <ele>405.0</ele>
      </trkpt>
      <trkpt lat="45.50536" lon="4.16144">
        <ele>404.8</ele>
      </trkpt>
      <trkpt lat="45.50468" lon="4.16169">
        <ele>405.7</ele>
      </trkpt>
      <trkpt lat="45.50435" lon="4.16188">
        <ele>405.8</ele>
      </trkpt>
      <trkpt lat="45.50348" lon="4.16288">
        <ele>398.8</ele>
      </trkpt>
      <trkpt lat="45.50287" lon="4.16313">
        <ele>397.0</ele>
      </trkpt>
      <trkpt lat="45.50245" lon="4.16347">
        <ele>397.3</ele>
      </trkpt>
      <trkpt lat="45.50219" lon="4.16351">
        <ele>397.5</ele>
      </trkpt>
      <trkpt lat="45.50191" lon="4.16329">
        <ele>397.6</ele>
      </trkpt>
      <trkpt lat="45.50113" lon="4.16227">
        <ele>399.1</ele>
      </trkpt>
      <trkpt lat="45.50103" lon="4.16235">
        <ele>399.2</ele>
      </trkpt>
      <trkpt lat="45.50066" lon="4.16245">
        <ele>399.3</ele>
      </trkpt>
      <trkpt lat="45.50056" lon="4.16228">
        <ele>399.4</ele>
      </trkpt>
      <trkpt lat="45.5004" lon="4.16228">
        <ele>399.5</ele>
      </trkpt>
      <trkpt lat="45.49993" lon="4.16132">
        <ele>400.6</ele>
      </trkpt>
      <trkpt lat="45.49953" lon="4.16033">
        <ele>400.9</ele>
      </trkpt>
      <trkpt lat="45.49809" lon="4.15566">
        <ele>405.1</ele>
      </trkpt>
      <trkpt lat="45.49764" lon="4.15442">
        <ele>405.1</ele>
      </trkpt>
      <trkpt lat="45.49706" lon="4.15335">
        <ele>407.5</ele>
      </trkpt>
      <trkpt lat="45.49555" lon="4.15117">
        <ele>415.8</ele>
      </trkpt>
      <trkpt lat="45.49383" lon="4.14873">
        <ele>431.0</ele>
      </trkpt>
      <trkpt lat="45.49348" lon="4.14833">
        <ele>434.3</ele>
      </trkpt>
      <trkpt lat="45.49329" lon="4.1482">
        <ele>435.7</ele>
      </trkpt>
      <trkpt lat="45.49254" lon="4.14785">
        <ele>441.4</ele>
      </trkpt>
      <trkpt lat="45.49138" lon="4.14768">
        <ele>448.1</ele>
      </trkpt>
      <trkpt lat="45.49103" lon="4.14757">
        <ele>450.4</ele>
      </trkpt>
      <trkpt lat="45.49046" lon="4.14728">
        <ele>453.5</ele>
      </trkpt>
      <trkpt lat="45.48928" lon="4.1465">
        <ele>462.4</ele>
      </trkpt>
      <trkpt lat="45.4887" lon="4.14639">
        <ele>467.6</ele>
      </trkpt>
      <trkpt lat="45.48826" lon="4.14644">
        <ele>470.8</ele>
      </trkpt>
      <trkpt lat="45.48781" lon="4.14665">
        <ele>474.0</ele>
      </trkpt>
      <trkpt lat="45.48739" lon="4.147">
        <ele>476.9</ele>
      </trkpt>
      <trkpt lat="45.48549" lon="4.14958">
        <ele>490.8</ele>
      </trkpt>
      <trkpt lat="45.4848" lon="4.15032">
        <ele>496.3</ele>
      </trkpt>
      <trkpt lat="45.48437" lon="4.15062">
        <ele>499.3</ele>
      </trkpt>
      <trkpt lat="45.48365" lon="4.1509">
        <ele>503.6</ele>
      </trkpt>
      <trkpt lat="45.48312" lon="4.15097">
        <ele>508.1</ele>
      </trkpt>
      <trkpt lat="45.48247" lon="4.15088">
        <ele>510.8</ele>
      </trkpt>
      <trkpt lat="45.48169" lon="4.15052">
        <ele>515.7</ele>
      </trkpt>
      <trkpt lat="45.48047" lon="4.14951">
        <ele>524.8</ele>
      </trkpt>
      <trkpt lat="45.47984" lon="4.14907">
        <ele>530.0</ele>
      </trkpt>
      <trkpt lat="45.47814" lon="4.14825">
        <ele>541.8</ele>
      </trkpt>
      <trkpt lat="45.4775" lon="4.14788">
        <ele>546.1</ele>
      </trkpt>
      <trkpt lat="45.47621" lon="4.14689">
        <ele>556.4</ele>
      </trkpt>
      <trkpt lat="45.47478" lon="4.14603">
        <ele>565.7</ele>
      </trkpt>
      <trkpt lat="45.47437" lon="4.14553">
        <ele>568.3</ele>
      </trkpt>
      <trkpt lat="45.47414" lon="4.14477">
        <ele>569.7</ele>
      </trkpt>
      <trkpt lat="45.47386" lon="4.14486">
        <ele>569.1</ele>
      </trkpt>
      <trkpt lat="45.47369" lon="4.14483">
        <ele>568.6</ele>
      </trkpt>
      <trkpt lat="45.47345" lon="4.14466">
        <ele>567.5</ele>
      </trkpt>
      <trkpt lat="45.4732" lon="4.14462">
        <ele>567.2</ele>
      </trkpt>
      <trkpt lat="45.47297" lon="4.14471">
        <ele>567.2</ele>
      </trkpt>
      <trkpt lat="45.47274" lon="4.14494">
        <ele>567.7</ele>
      </trkpt>
      <trkpt lat="45.47142" lon="4.147">
        <ele>573.4</ele>
      </trkpt>
      <trkpt lat="45.47105" lon="4.14732">
        <ele>574.0</ele>
      </trkpt>
      <trkpt lat="45.47043" lon="4.14756">
        <ele>574.7</ele>
      </trkpt>
      <trkpt lat="45.47002" lon="4.14781">
        <ele>575.1</ele>
      </trkpt>
      <trkpt lat="45.4696005" lon="4.1482949">
        <ele>575.5</ele>
      </trkpt>
      <trkpt lat="45.469" lon="4.14931">
        <ele>576.0</ele>
      </trkpt>
      <trkpt lat="45.46869" lon="4.14972">
        <ele>575.6</ele>
      </trkpt>
      <trkpt lat="45.46822" lon="4.15013">
        <ele>574.1</ele>
      </trkpt>
      <trkpt lat="45.46776" lon="4.15034">
        <ele>572.7</ele>
      </trkpt>
      <trkpt lat="45.4674" lon="4.15042">
        <ele>571.2</ele>
      </trkpt>
      <trkpt lat="45.46645" lon="4.15038">
        <ele>569.8</ele>
      </trkpt>
      <trkpt lat="45.466" lon="4.15045">
        <ele>570.8</ele>
      </trkpt>
      <trkpt lat="45.4642" lon="4.15107">
        <ele>577.4</ele>
      </trkpt>
      <trkpt lat="45.46383" lon="4.15109">
        <ele>578.6</ele>
      </trkpt>
      <trkpt lat="45.46288" lon="4.15095">
        <ele>583.0</ele>
      </trkpt>
      <trkpt lat="45.46192" lon="4.15111">
        <ele>589.8</ele>
      </trkpt>
      <trkpt lat="45.46114" lon="4.15116">
        <ele>594.0</ele>
      </trkpt>
      <trkpt lat="45.46026" lon="4.15161">
        <ele>595.8</ele>
      </trkpt>
      <trkpt lat="45.46009" lon="4.15178">
        <ele>595.4</ele>
      </trkpt>
      <trkpt lat="45.45959" lon="4.15259">
        <ele>593.9</ele>
      </trkpt>
      <trkpt lat="45.45946" lon="4.15272">
        <ele>593.6</ele>
      </trkpt>
      <trkpt lat="45.45934" lon="4.15273">
        <ele>593.1</ele>
      </trkpt>
      <trkpt lat="45.45889" lon="4.1525">
        <ele>591.0</ele>
      </trkpt>
      <trkpt lat="45.45824" lon="4.15184">
        <ele>587.0</ele>
      </trkpt>
      <trkpt lat="45.45726" lon="4.15165">
        <ele>579.8</ele>
      </trkpt>
      <trkpt lat="45.45705" lon="4.15153">
        <ele>578.6</ele>
      </trkpt>
      <trkpt lat="45.45694" lon="4.15138">
        <ele>576.9</ele>
      </trkpt>
      <trkpt lat="45.45647" lon="4.15038">
        <ele>569.0</ele>
      </trkpt>
      <trkpt lat="45.45583" lon="4.14934">
        <ele>561.8</ele>
      </trkpt>
      <trkpt lat="45.45574" lon="4.14908">
        <ele>560.7</ele>
      </trkpt>
      <trkpt lat="45.45568" lon="4.14842">
        <ele>557.7</ele>
      </trkpt>
      <trkpt lat="45.45561" lon="4.1482">
        <ele>556.9</ele>
      </trkpt>
      <trkpt lat="45.45547" lon="4.14802">
        <ele>555.7</ele>
      </trkpt>
      <trkpt lat="45.45527" lon="4.14789">
        <ele>553.5</ele>
      </trkpt>
      <trkpt lat="45.45497" lon="4.14778">
        <ele>551.4</ele>
      </trkpt>
      <trkpt lat="45.45478" lon="4.14778">
        <ele>550.6</ele>
      </trkpt>
      <trkpt lat="45.454510018833" lon="4.14793">
        <ele>549.3</ele>
      </trkpt>
      <trkpt lat="45.45394" lon="4.14855">
        <ele>549.1</ele>
      </trkpt>
      <trkpt lat="45.45308" lon="4.14894">
        <ele>556.9</ele>
      </trkpt>
      <trkpt lat="45.45266" lon="4.14922">
        <ele>561.6</ele>
      </trkpt>
      <trkpt lat="45.45249" lon="4.14957">
        <ele>564.5</ele>
      </trkpt>
      <trkpt lat="45.45244" lon="4.15032">
        <ele>569.0</ele>
      </trkpt>
      <trkpt lat="45.45227" lon="4.15059">
        <ele>571.5</ele>
      </trkpt>
      <trkpt lat="45.45213" lon="4.15064">
        <ele>572.2</ele>
      </trkpt>
      <trkpt lat="45.45153" lon="4.15065">
        <ele>578.2</ele>
      </trkpt>
      <trkpt lat="45.45075" lon="4.151">
        <ele>584.8</ele>
      </trkpt>
      <trkpt lat="45.45045" lon="4.15107">
        <ele>587.4</ele>
      </trkpt>
      <trkpt lat="45.44952" lon="4.15099">
        <ele>596.0</ele>
      </trkpt>
      <trkpt lat="45.44931" lon="4.15108">
        <ele>597.7</ele>
      </trkpt>
      <trkpt lat="45.44901" lon="4.1514">
        <ele>601.2</ele>
      </trkpt>
      <trkpt lat="45.44879" lon="4.15155">
        <ele>603.1</ele>
      </trkpt>
      <trkpt lat="45.44733" lon="4.15197">
        <ele>617.1</ele>
      </trkpt>
      <trkpt lat="45.44709" lon="4.15221">
        <ele>620.2</ele>
      </trkpt>
      <trkpt lat="45.44663" lon="4.15297">
        <ele>626.7</ele>
      </trkpt>
      <trkpt lat="45.44645" lon="4.15385">
        <ele>631.0</ele>
      </trkpt>
      <trkpt lat="45.44636" lon="4.15407">
        <ele>631.6</ele>
      </trkpt>
      <trkpt lat="45.44614" lon="4.15432">
        <ele>631.8</ele>
      </trkpt>
      <trkpt lat="45.44578" lon="4.15457">
        <ele>631.9</ele>
      </trkpt>
      <trkpt lat="45.44509" lon="4.15481">
        <ele>633.2</ele>
      </trkpt>
      <trkpt lat="45.44407" lon="4.15478">
        <ele>639.0</ele>
      </trkpt>
      <trkpt lat="45.44365" lon="4.15495">
        <ele>640.8</ele>
      </trkpt>
      <trkpt lat="45.44305" lon="4.15507">
        <ele>641.4</ele>
      </trkpt>
      <trkpt lat="45.44282" lon="4.15503">
        <ele>641.6</ele>
      </trkpt>
      <trkpt lat="45.44255" lon="4.15482">
        <ele>642.0</ele>
      </trkpt>
      <trkpt lat="45.44245" lon="4.15482">
        <ele>642.0</ele>
      </trkpt>
      <trkpt lat="45.44162" lon="4.15516">
        <ele>642.2</ele>
      </trkpt>
      <trkpt lat="45.44141" lon="4.15534">
        <ele>642.6</ele>
      </trkpt>
      <trkpt lat="45.4412" lon="4.15569">
        <ele>643.6</ele>
      </trkpt>
      <trkpt lat="45.44097" lon="4.15583">
        <ele>644.3</ele>
      </trkpt>
      <trkpt lat="45.44045" lon="4.15596">
        <ele>645.1</ele>
      </trkpt>
      <trkpt lat="45.43949" lon="4.15604">
        <ele>646.6</ele>
      </trkpt>
      <trkpt lat="45.43928" lon="4.15624">
        <ele>647.2</ele>
      </trkpt>
      <trkpt lat="45.43891" lon="4.15693">
        <ele>648.4</ele>
      </trkpt>
      <trkpt lat="45.43836" lon="4.1572">
        <ele>649.8</ele>
      </trkpt>
      <trkpt lat="45.43773" lon="4.15802">
        <ele>652.0</ele>
      </trkpt>
      <trkpt lat="45.43696" lon="4.15884">
        <ele>654.6</ele>
      </trkpt>
      <trkpt lat="45.43626" lon="4.15945">
        <ele>657.0</ele>
      </trkpt>
      <trkpt lat="45.4355" lon="4.15989">
        <ele>659.8</ele>
      </trkpt>
      <trkpt lat="45.43526" lon="4.15995">
        <ele>661.0</ele>
      </trkpt>
      <trkpt lat="45.43502" lon="4.15984">
        <ele>662.1</ele>
      </trkpt>
      <trkpt lat="45.43472" lon="4.15946">
        <ele>664.0</ele>
      </trkpt>
      <trkpt lat="45.43405" lon="4.15881">
        <ele>668.0</ele>
      </trkpt>
      <trkpt lat="45.43377" lon="4.15805">
        <ele>671.2</ele>
      </trkpt>
      <trkpt lat="45.43363" lon="4.15796">
        <ele>672.1</ele>
      </trkpt>
      <trkpt lat="45.43343" lon="4.158">
        <ele>672.9</ele>
      </trkpt>
      <trkpt lat="45.43301" lon="4.15832">
        <ele>674.1</ele>
      </trkpt>
      <trkpt lat="45.43278" lon="4.15865">
        <ele>673.9</ele>
      </trkpt>
      <trkpt lat="45.43246" lon="4.15933">
        <ele>673.7</ele>
      </trkpt>
      <trkpt lat="45.43225" lon="4.16016">
        <ele>673.5</ele>
      </trkpt>
      <trkpt lat="45.43208" lon="4.16059">
        <ele>673.3</ele>
      </trkpt>
      <trkpt lat="45.43139" lon="4.16188">
        <ele>672.0</ele>
      </trkpt>
      <trkpt lat="45.43106" lon="4.16208">
        <ele>671.3</ele>
      </trkpt>
      <trkpt lat="45.43027" lon="4.16221">
        <ele>671.3</ele>
      </trkpt>
      <trkpt lat="45.42943" lon="4.16285">
        <ele>674.1</ele>
      </trkpt>
      <trkpt lat="45.42844" lon="4.1632">
        <ele>675.2</ele>
      </trkpt>
      <trkpt lat="45.42814" lon="4.16356">
        <ele>675.1</ele>
      </trkpt>
      <trkpt lat="45.42806" lon="4.1638">
        <ele>674.9</ele>
      </trkpt>
      <trkpt lat="45.42805" lon="4.16401">
        <ele>674.8</ele>
      </trkpt>
      <trkpt lat="45.42858" lon="4.16537">
        <ele>672.6</ele>
      </trkpt>
      <trkpt lat="45.42871" lon="4.16621">
        <ele>670.4</ele>
      </trkpt>
      <trkpt lat="45.42869" lon="4.1669">
        <ele>669.0</ele>
      </trkpt>
      <trkpt lat="45.42852" lon="4.16748">
        <ele>667.5</ele>
      </trkpt>
      <trkpt lat="45.42823" lon="4.16801">
        <ele>665.1</ele>
      </trkpt>
      <trkpt lat="45.42789" lon="4.16839">
        <ele>663.2</ele>
      </trkpt>
      <trkpt lat="45.4276" lon="4.16856">
        <ele>661.7</ele>
      </trkpt>
      <trkpt lat="45.4272" lon="4.16858">
        <ele>659.1</ele>
      </trkpt>
      <trkpt lat="45.42649" lon="4.1684">
        <ele>655.9</ele>
      </trkpt>
      <trkpt lat="45.42576" lon="4.16851">
        <ele>652.6</ele>
      </trkpt>
      <trkpt lat="45.42516" lon="4.16836">
        <ele>649.6</ele>
      </trkpt>
      <trkpt lat="45.42497" lon="4.16811">
        <ele>648.8</ele>
      </trkpt>
      <trkpt lat="45.42474" lon="4.16734">
        <ele>645.7</ele>
      </trkpt>
      <trkpt lat="45.42417" lon="4.16695">
        <ele>642.2</ele>
      </trkpt>
      <trkpt lat="45.42333" lon="4.16536">
        <ele>635.0</ele>
      </trkpt>
      <trkpt lat="45.42314" lon="4.1651">
        <ele>633.8</ele>
      </trkpt>
      <trkpt lat="45.42216" lon="4.16417">
        <ele>628.2</ele>
      </trkpt>
      <trkpt lat="45.42192" lon="4.16413">
        <ele>627.0</ele>
      </trkpt>
      <trkpt lat="45.42158" lon="4.16429">
        <ele>626.1</ele>
      </trkpt>
      <trkpt lat="45.42146" lon="4.16453">
        <ele>626.0</ele>
      </trkpt>
      <trkpt lat="45.42149" lon="4.16476">
        <ele>626.0</ele>
      </trkpt>
      <trkpt lat="45.42195" lon="4.16518">
        <ele>627.7</ele>
      </trkpt>
      <trkpt lat="45.42217" lon="4.16549">
        <ele>629.4</ele>
      </trkpt>
      <trkpt lat="45.42236" lon="4.16596">
        <ele>631.9</ele>
      </trkpt>
      <trkpt lat="45.42266" lon="4.16703">
        <ele>637.7</ele>
      </trkpt>
      <trkpt lat="45.42317" lon="4.16798">
        <ele>642.7</ele>
      </trkpt>
      <trkpt lat="45.42319" lon="4.16824">
        <ele>643.5</ele>
      </trkpt>
      <trkpt lat="45.4231" lon="4.1693">
        <ele>648.6</ele>
      </trkpt>
      <trkpt lat="45.4231" lon="4.16993">
        <ele>651.7</ele>
      </trkpt>
      <trkpt lat="45.42318" lon="4.17028">
        <ele>653.6</ele>
      </trkpt>
      <trkpt lat="45.42348" lon="4.17068">
        <ele>656.6</ele>
      </trkpt>
      <trkpt lat="45.42364" lon="4.17104">
        <ele>658.5</ele>
      </trkpt>
      <trkpt lat="45.42365" lon="4.17122">
        <ele>659.3</ele>
      </trkpt>
      <trkpt lat="45.42358" lon="4.17158">
        <ele>661.4</ele>
      </trkpt>
      <trkpt lat="45.4236" lon="4.17174">
        <ele>662.0</ele>
      </trkpt>
      <trkpt lat="45.4237" lon="4.17189">
        <ele>663.4</ele>
      </trkpt>
      <trkpt lat="45.42449" lon="4.17265">
        <ele>669.2</ele>
      </trkpt>
      <trkpt lat="45.42469" lon="4.17298">
        <ele>671.1</ele>
      </trkpt>
      <trkpt lat="45.42472" lon="4.17407">
        <ele>676.4</ele>
      </trkpt>
      <trkpt lat="45.42465" lon="4.17432">
        <ele>677.4</ele>
      </trkpt>
      <trkpt lat="45.42455" lon="4.17446">
        <ele>678.5</ele>
      </trkpt>
      <trkpt lat="45.42409" lon="4.17476">
        <ele>681.7</ele>
      </trkpt>
      <trkpt lat="45.42351" lon="4.17531">
        <ele>686.3</ele>
      </trkpt>
      <trkpt lat="45.42305" lon="4.17552">
        <ele>689.3</ele>
      </trkpt>
      <trkpt lat="45.42258" lon="4.17559">
        <ele>693.3</ele>
      </trkpt>
      <trkpt lat="45.42239" lon="4.17556">
        <ele>694.6</ele>
      </trkpt>
      <trkpt lat="45.42218" lon="4.17544">
        <ele>696.1</ele>
      </trkpt>
      <trkpt lat="45.42177" lon="4.17474">
        <ele>700.3</ele>
      </trkpt>
      <trkpt lat="45.42157" lon="4.17452">
        <ele>702.5</ele>
      </trkpt>
      <trkpt lat="45.42125" lon="4.1743">
        <ele>704.9</ele>
      </trkpt>
      <trkpt lat="45.42094" lon="4.17427">
        <ele>706.9</ele>
      </trkpt>
      <trkpt lat="45.42054" lon="4.1744">
        <ele>708.8</ele>
      </trkpt>
      <trkpt lat="45.42029" lon="4.17456">
        <ele>710.1</ele>
      </trkpt>
      <trkpt lat="45.41944" lon="4.17541">
        <ele>715.9</ele>
      </trkpt>
      <trkpt lat="45.4192629" lon="4.1757112">
        <ele>717.4</ele>
      </trkpt>
      <trkpt lat="45.41911" lon="4.1764">
        <ele>720.2</ele>
      </trkpt>
      <trkpt lat="45.41874" lon="4.17667">
        <ele>721.8</ele>
      </trkpt>
      <trkpt lat="45.41851" lon="4.17673">
        <ele>721.7</ele>
      </trkpt>
      <trkpt lat="45.41772" lon="4.17676">
        <ele>722.6</ele>
      </trkpt>
      <trkpt lat="45.41707" lon="4.17693">
        <ele>725.2</ele>
      </trkpt>
      <trkpt lat="45.41537" lon="4.17658">
        <ele>733.7</ele>
      </trkpt>
      <trkpt lat="45.41521" lon="4.17657">
        <ele>734.5</ele>
      </trkpt>
      <trkpt lat="45.41502" lon="4.17666">
        <ele>735.4</ele>
      </trkpt>
      <trkpt lat="45.41491" lon="4.17681">
        <ele>736.1</ele>
      </trkpt>
      <trkpt lat="45.41484" lon="4.17703">
        <ele>736.8</ele>
      </trkpt>
      <trkpt lat="45.41479" lon="4.17765">
        <ele>738.7</ele>
      </trkpt>
      <trkpt lat="45.41482" lon="4.17789">
        <ele>739.3</ele>
      </trkpt>
      <trkpt lat="45.41512" lon="4.17898">
        <ele>740.9</ele>
      </trkpt>
      <trkpt lat="45.41514" lon="4.17926">
        <ele>741.9</ele>
      </trkpt>
      <trkpt lat="45.41509" lon="4.17956">
        <ele>742.9</ele>
      </trkpt>
      <trkpt lat="45.41487" lon="4.17995">
        <ele>744.7</ele>
      </trkpt>
      <trkpt lat="45.41399" lon="4.18115">
        <ele>751.9</ele>
      </trkpt>
      <trkpt lat="45.41372" lon="4.18129">
        <ele>753.0</ele>
      </trkpt>
      <trkpt lat="45.41297" lon="4.18129">
        <ele>757.6</ele>
      </trkpt>
      <trkpt lat="45.41273" lon="4.18144">
        <ele>759.0</ele>
      </trkpt>
      <trkpt lat="45.4126" lon="4.18162">
        <ele>760.4</ele>
      </trkpt>
      <trkpt lat="45.41233" lon="4.18242">
        <ele>763.9</ele>
      </trkpt>
      <trkpt lat="45.41217" lon="4.18312">
        <ele>766.3</ele>
      </trkpt>
      <trkpt lat="45.41238" lon="4.18427">
        <ele>768.0</ele>
      </trkpt>
      <trkpt lat="45.41241" lon="4.18479">
        <ele>768.3</ele>
      </trkpt>
      <trkpt lat="45.41237" lon="4.18504">
        <ele>768.3</ele>
      </trkpt>
      <trkpt lat="45.41215" lon="4.18541">
        <ele>767.9</ele>
      </trkpt>
      <trkpt lat="45.41078" lon="4.18716">
        <ele>764.6</ele>
      </trkpt>
      <trkpt lat="45.4105" lon="4.18739">
        <ele>764.5</ele>
      </trkpt>
      <trkpt lat="45.40982" lon="4.18737">
        <ele>764.9</ele>
      </trkpt>
      <trkpt lat="45.40912" lon="4.18752">
        <ele>766.4</ele>
      </trkpt>
      <trkpt lat="45.40876" lon="4.1874">
        <ele>768.3</ele>
      </trkpt>
      <trkpt lat="45.40798" lon="4.18701">
        <ele>771.9</ele>
      </trkpt>
      <trkpt lat="45.40778" lon="4.18683">
        <ele>773.2</ele>
      </trkpt>
      <trkpt lat="45.40733" lon="4.18608">
        <ele>776.8</ele>
      </trkpt>
      <trkpt lat="45.40668" lon="4.18555">
        <ele>782.2</ele>
      </trkpt>
      <trkpt lat="45.40592" lon="4.1845">
        <ele>789.5</ele>
      </trkpt>
      <trkpt lat="45.40559" lon="4.18423">
        <ele>790.1</ele>
      </trkpt>
      <trkpt lat="45.40462" lon="4.18362">
        <ele>789.0</ele>
      </trkpt>
      <trkpt lat="45.40448" lon="4.18342">
        <ele>789.1</ele>
      </trkpt>
      <trkpt lat="45.40437" lon="4.18299">
        <ele>789.7</ele>
      </trkpt>
      <trkpt lat="45.40429" lon="4.18289">
        <ele>790.1</ele>
      </trkpt>
      <trkpt lat="45.40339" lon="4.18261">
        <ele>793.9</ele>
      </trkpt>
      <trkpt lat="45.40319" lon="4.18262">
        <ele>794.1</ele>
      </trkpt>
      <trkpt lat="45.40335" lon="4.18318">
        <ele>794.6</ele>
      </trkpt>
      <trkpt lat="45.4034" lon="4.18362">
        <ele>794.8</ele>
      </trkpt>
      <trkpt lat="45.40337" lon="4.18761">
        <ele>786.0</ele>
      </trkpt>
      <trkpt lat="45.4035" lon="4.18834">
        <ele>784.7</ele>
      </trkpt>
      <trkpt lat="45.40429" lon="4.19072">
        <ele>780.3</ele>
      </trkpt>
      <trkpt lat="45.40457" lon="4.19135">
        <ele>779.5</ele>
      </trkpt>
      <trkpt lat="45.40748" lon="4.19554">
        <ele>778.6</ele>
      </trkpt>
      <trkpt lat="45.4077" lon="4.19593">
        <ele>778.2</ele>
      </trkpt>
      <trkpt lat="45.40794" lon="4.19655">
        <ele>777.5</ele>
      </trkpt>
      <trkpt lat="45.40809" lon="4.19715">
        <ele>776.8</ele>
      </trkpt>
      <trkpt lat="45.40818" lon="4.19785">
        <ele>775.6</ele>
      </trkpt>
      <trkpt lat="45.40833" lon="4.20135">
        <ele>765.1</ele>
      </trkpt>
      <trkpt lat="45.4104" lon="4.20991">
        <ele>744.6</ele>
      </trkpt>
      <trkpt lat="45.41042" lon="4.21041">
        <ele>742.6</ele>
      </trkpt>
      <trkpt lat="45.41032" lon="4.21101">
        <ele>739.9</ele>
      </trkpt>
      <trkpt lat="45.40961" lon="4.2126">
        <ele>731.3</ele>
      </trkpt>
      <trkpt lat="45.40942" lon="4.21326">
        <ele>727.3</ele>
      </trkpt>
      <trkpt lat="45.40906" lon="4.21415">
        <ele>722.4</ele>
      </trkpt>
      <trkpt lat="45.409" lon="4.21455">
        <ele>720.4</ele>
      </trkpt>
      <trkpt lat="45.40909" lon="4.21482">
        <ele>719.3</ele>
      </trkpt>
      <trkpt lat="45.40957" lon="4.21531">
        <ele>715.4</ele>
      </trkpt>
      <trkpt lat="45.41015" lon="4.21625">
        <ele>709.3</ele>
      </trkpt>
      <trkpt lat="45.41018" lon="4.21642">
        <ele>708.8</ele>
      </trkpt>
      <trkpt lat="45.41015" lon="4.21664">
        <ele>708.2</ele>
      </trkpt>
      <trkpt lat="45.4098" lon="4.21716">
        <ele>704.3</ele>
      </trkpt>
      <trkpt lat="45.40977" lon="4.21727">
        <ele>703.8</ele>
      </trkpt>
      <trkpt lat="45.4098" lon="4.21745">
        <ele>703.2</ele>
      </trkpt>
      <trkpt lat="45.40999" lon="4.21756">
        <ele>701.3</ele>
      </trkpt>
      <trkpt lat="45.41057" lon="4.2174">
        <ele>696.7</ele>
      </trkpt>
      <trkpt lat="45.41078" lon="4.21742">
        <ele>695.7</ele>
      </trkpt>
      <trkpt lat="45.4109" lon="4.21759">
        <ele>694.6</ele>
      </trkpt>
      <trkpt lat="45.41088" lon="4.21787">
        <ele>693.2</ele>
      </trkpt>
      <trkpt lat="45.41068" lon="4.21824">
        <ele>689.9</ele>
      </trkpt>
      <trkpt lat="45.41008" lon="4.21909">
        <ele>683.6</ele>
      </trkpt>
      <trkpt lat="45.40894" lon="4.21968">
        <ele>674.5</ele>
      </trkpt>
      <trkpt lat="45.40801" lon="4.22031">
        <ele>667.7</ele>
      </trkpt>
      <trkpt lat="45.40735" lon="4.2205">
        <ele>663.5</ele>
      </trkpt>
      <trkpt lat="45.40722" lon="4.22064">
        <ele>662.8</ele>
      </trkpt>
      <trkpt lat="45.40721" lon="4.22086">
        <ele>662.1</ele>
      </trkpt>
      <trkpt lat="45.40738" lon="4.22137">
        <ele>658.9</ele>
      </trkpt>
      <trkpt lat="45.40736" lon="4.2216">
        <ele>657.5</ele>
      </trkpt>
      <trkpt lat="45.40644" lon="4.2234">
        <ele>646.0</ele>
      </trkpt>
      <trkpt lat="45.40628" lon="4.22387">
        <ele>643.7</ele>
      </trkpt>
      <trkpt lat="45.40624" lon="4.22425">
        <ele>641.8</ele>
      </trkpt>
      <trkpt lat="45.40632" lon="4.22467">
        <ele>639.9</ele>
      </trkpt>
      <trkpt lat="45.40672" lon="4.22514">
        <ele>636.4</ele>
      </trkpt>
      <trkpt lat="45.40696" lon="4.22563">
        <ele>633.6</ele>
      </trkpt>
      <trkpt lat="45.40702" lon="4.22583">
        <ele>632.6</ele>
      </trkpt>
      <trkpt lat="45.40701" lon="4.22604">
        <ele>631.8</ele>
      </trkpt>
      <trkpt lat="45.40687" lon="4.2263">
        <ele>630.3</ele>
      </trkpt>
      <trkpt lat="45.40665" lon="4.22655">
        <ele>628.0</ele>
      </trkpt>
      <trkpt lat="45.40637" lon="4.22706">
        <ele>625.2</ele>
      </trkpt>
      <trkpt lat="45.40614" lon="4.22714">
        <ele>623.6</ele>
      </trkpt>
      <trkpt lat="45.40567" lon="4.22712">
        <ele>620.4</ele>
      </trkpt>
      <trkpt lat="45.40551" lon="4.2272">
        <ele>620.0</ele>
      </trkpt>
      <trkpt lat="45.4051" lon="4.22781">
        <ele>615.6</ele>
      </trkpt>
      <trkpt lat="45.40495" lon="4.22825">
        <ele>613.3</ele>
      </trkpt>
      <trkpt lat="45.40487" lon="4.22933">
        <ele>608.5</ele>
      </trkpt>
      <trkpt lat="45.40499" lon="4.22965">
        <ele>607.2</ele>
      </trkpt>
      <trkpt lat="45.40511" lon="4.22976">
        <ele>606.5</ele>
      </trkpt>
      <trkpt lat="45.40544" lon="4.2299">
        <ele>604.1</ele>
      </trkpt>
      <trkpt lat="45.40593" lon="4.22982">
        <ele>600.8</ele>
      </trkpt>
      <trkpt lat="45.40614" lon="4.22991">
        <ele>599.7</ele>
      </trkpt>
      <trkpt lat="45.40632" lon="4.23022">
        <ele>597.7</ele>
      </trkpt>
      <trkpt lat="45.4066" lon="4.23103">
        <ele>593.3</ele>
      </trkpt>
      <trkpt lat="45.40663" lon="4.23121">
        <ele>592.9</ele>
      </trkpt>
      <trkpt lat="45.40659" lon="4.23149">
        <ele>591.8</ele>
      </trkpt>
      <trkpt lat="45.40601" lon="4.23346">
        <ele>581.2</ele>
      </trkpt>
      <trkpt lat="45.40595" lon="4.2351">
        <ele>573.9</ele>
      </trkpt>
      <trkpt lat="45.406" lon="4.2353">
        <ele>572.8</ele>
      </trkpt>
      <trkpt lat="45.40615" lon="4.23556">
        <ele>571.4</ele>
      </trkpt>
      <trkpt lat="45.40673" lon="4.23626">
        <ele>566.3</ele>
      </trkpt>
      <trkpt lat="45.40697" lon="4.23678">
        <ele>563.9</ele>
      </trkpt>
      <trkpt lat="45.40696" lon="4.23707">
        <ele>562.3</ele>
      </trkpt>
      <trkpt lat="45.40685" lon="4.23712">
        <ele>561.6</ele>
      </trkpt>
      <trkpt lat="45.40678" lon="4.23706">
        <ele>561.0</ele>
      </trkpt>
      <trkpt lat="45.40665" lon="4.23664">
        <ele>557.2</ele>
      </trkpt>
      <trkpt lat="45.40643" lon="4.23633">
        <ele>554.3</ele>
      </trkpt>
      <trkpt lat="45.40575" lon="4.23618">
        <ele>548.6</ele>
      </trkpt>
      <trkpt lat="45.40545" lon="4.23593">
        <ele>545.9</ele>
      </trkpt>
      <trkpt lat="45.40528" lon="4.23568">
        <ele>544.2</ele>
      </trkpt>
      <trkpt lat="45.40519" lon="4.23523">
        <ele>541.6</ele>
      </trkpt>
      <trkpt lat="45.40521" lon="4.23452">
        <ele>537.7</ele>
      </trkpt>
      <trkpt lat="45.40508" lon="4.2334">
        <ele>532.3</ele>
      </trkpt>
      <trkpt lat="45.40513" lon="4.23263">
        <ele>528.6</ele>
      </trkpt>
      <trkpt lat="45.40506" lon="4.23238">
        <ele>527.3</ele>
      </trkpt>
      <trkpt lat="45.40485" lon="4.23229">
        <ele>525.7</ele>
      </trkpt>
      <trkpt lat="45.40436" lon="4.23231">
        <ele>521.6</ele>
      </trkpt>
      <trkpt lat="45.40375" lon="4.23199">
        <ele>516.8</ele>
      </trkpt>
      <trkpt lat="45.40295" lon="4.23211">
        <ele>511.7</ele>
      </trkpt>
      <trkpt lat="45.4024" lon="4.23206">
        <ele>508.7</ele>
      </trkpt>
      <trkpt lat="45.40229" lon="4.23219">
        <ele>507.6</ele>
      </trkpt>
      <trkpt lat="45.40237" lon="4.2324">
        <ele>506.6</ele>
      </trkpt>
      <trkpt lat="45.40329" lon="4.23327">
        <ele>498.7</ele>
      </trkpt>
      <trkpt lat="45.40349" lon="4.2334">
        <ele>497.8</ele>
      </trkpt>
      <trkpt lat="45.40387" lon="4.23349">
        <ele>495.8</ele>
      </trkpt>
      <trkpt lat="45.40408" lon="4.23373">
        <ele>494.2</ele>
      </trkpt>
      <trkpt lat="45.40411" lon="4.23411">
        <ele>492.4</ele>
      </trkpt>
      <trkpt lat="45.40393" lon="4.23562">
        <ele>486.8</ele>
      </trkpt>
      <trkpt lat="45.40418" lon="4.23653">
        <ele>481.8</ele>
      </trkpt>
      <trkpt lat="45.40446" lon="4.23719">
        <ele>478.5</ele>
      </trkpt>
      <trkpt lat="45.40524" lon="4.23826">
        <ele>471.6</ele>
      </trkpt>
      <trkpt lat="45.40542" lon="4.23934">
        <ele>466.4</ele>
      </trkpt>
      <trkpt lat="45.40564" lon="4.24004">
        <ele>462.8</ele>
      </trkpt>
      <trkpt lat="45.40579" lon="4.24078">
        <ele>459.0</ele>
      </trkpt>
      <trkpt lat="45.40598" lon="4.24142">
        <ele>455.1</ele>
      </trkpt>
      <trkpt lat="45.40771" lon="4.24431">
        <ele>437.6</ele>
      </trkpt>
      <trkpt lat="45.40831" lon="4.24585">
        <ele>431.0</ele>
      </trkpt>
      <trkpt lat="45.40844" lon="4.24638">
        <ele>430.1</ele>
      </trkpt>
      <trkpt lat="45.40852" lon="4.24727">
        <ele>430.3</ele>
      </trkpt>
      <trkpt lat="45.40862" lon="4.24919">
        <ele>431.1</ele>
      </trkpt>
      <trkpt lat="45.4085" lon="4.2493">
        <ele>431.1</ele>
      </trkpt>
      <trkpt lat="45.40767" lon="4.24882">
        <ele>430.3</ele>
      </trkpt>
      <trkpt lat="45.40716" lon="4.24816">
        <ele>430.7</ele>
      </trkpt>
      <trkpt lat="45.40619" lon="4.24727">
        <ele>432.0</ele>
      </trkpt>
      <trkpt lat="45.40601" lon="4.24692">
        <ele>432.3</ele>
      </trkpt>
      <trkpt lat="45.40589" lon="4.24637">
        <ele>432.6</ele>
      </trkpt>
      <trkpt lat="45.40573" lon="4.24599">
        <ele>432.9</ele>
      </trkpt>
      <trkpt lat="45.4053" lon="4.24543">
        <ele>433.8</ele>
      </trkpt>
      <trkpt lat="45.40446" lon="4.24453">
        <ele>431.8</ele>
      </trkpt>
      <trkpt lat="45.40314" lon="4.24201">
        <ele>434.0</ele>
      </trkpt>
      <trkpt lat="45.40213" lon="4.24059">
        <ele>434.5</ele>
      </trkpt>
      <trkpt lat="45.40131" lon="4.23992">
        <ele>435.0</ele>
      </trkpt>
      <trkpt lat="45.40027" lon="4.23888">
        <ele>436.2</ele>
      </trkpt>
      <trkpt lat="45.39926" lon="4.23743">
        <ele>428.9</ele>
      </trkpt>
      <trkpt lat="45.39875" lon="4.23683">
        <ele>428.0</ele>
      </trkpt>
      <trkpt lat="45.39796" lon="4.23613">
        <ele>425.7</ele>
      </trkpt>
      <trkpt lat="45.39677" lon="4.23547">
        <ele>423.6</ele>
      </trkpt>
      <trkpt lat="45.3964" lon="4.23498">
        <ele>423.5</ele>
      </trkpt>
      <trkpt lat="45.39624" lon="4.23459">
        <ele>423.9</ele>
      </trkpt>
      <trkpt lat="45.39616" lon="4.23423">
        <ele>424.5</ele>
      </trkpt>
      <trkpt lat="45.39606" lon="4.23288">
        <ele>426.0</ele>
      </trkpt>
      <trkpt lat="45.39608" lon="4.23218">
        <ele>433.6</ele>
      </trkpt>
      <trkpt lat="45.39628" lon="4.23032">
        <ele>443.3</ele>
      </trkpt>
      <trkpt lat="45.39648" lon="4.22978">
        <ele>446.0</ele>
      </trkpt>
      <trkpt lat="45.39788" lon="4.2272">
        <ele>457.5</ele>
      </trkpt>
      <trkpt lat="45.39796" lon="4.22693">
        <ele>457.9</ele>
      </trkpt>
      <trkpt lat="45.39797" lon="4.22669">
        <ele>458.3</ele>
      </trkpt>
      <trkpt lat="45.39791" lon="4.22645">
        <ele>458.6</ele>
      </trkpt>
      <trkpt lat="45.39775" lon="4.22622">
        <ele>459.2</ele>
      </trkpt>
      <trkpt lat="45.39764" lon="4.22614">
        <ele>459.4</ele>
      </trkpt>
      <trkpt lat="45.39745" lon="4.22612">
        <ele>459.8</ele>
      </trkpt>
      <trkpt lat="45.3965" lon="4.22641">
        <ele>460.7</ele>
      </trkpt>
      <trkpt lat="45.39605" lon="4.22632">
        <ele>461.2</ele>
      </trkpt>
      <trkpt lat="45.39551" lon="4.22607">
        <ele>460.6</ele>
      </trkpt>
      <trkpt lat="45.39522" lon="4.226">
        <ele>460.1</ele>
      </trkpt>
      <trkpt lat="45.39453" lon="4.22609">
        <ele>458.4</ele>
      </trkpt>
      <trkpt lat="45.39416" lon="4.22633">
        <ele>457.4</ele>
      </trkpt>
      <trkpt lat="45.39352" lon="4.22698">
        <ele>455.9</ele>
      </trkpt>
      <trkpt lat="45.39315" lon="4.22727">
        <ele>455.1</ele>
      </trkpt>
      <trkpt lat="45.39164" lon="4.22814">
        <ele>451.3</ele>
      </trkpt>
      <trkpt lat="45.39116" lon="4.22825">
        <ele>449.9</ele>
      </trkpt>
      <trkpt lat="45.39026" lon="4.22831">
        <ele>447.0</ele>
      </trkpt>
      <trkpt lat="45.38868" lon="4.22885">
        <ele>444.2</ele>
      </trkpt>
      <trkpt lat="45.38829" lon="4.22881">
        <ele>444.8</ele>
      </trkpt>
      <trkpt lat="45.38822" lon="4.22867">
        <ele>444.9</ele>
      </trkpt>
      <trkpt lat="45.38813" lon="4.22869">
        <ele>444.9</ele>
      </trkpt>
      <trkpt lat="45.38809" lon="4.22878">
        <ele>444.9</ele>
      </trkpt>
      <trkpt lat="45.38409" lon="4.22752">
        <ele>431.3</ele>
      </trkpt>
      <trkpt lat="45.38374" lon="4.22736">
        <ele>431.3</ele>
      </trkpt>
      <trkpt lat="45.38342" lon="4.22711">
        <ele>431.4</ele>
      </trkpt>
      <trkpt lat="45.38307" lon="4.22661">
        <ele>432.4</ele>
      </trkpt>
      <trkpt lat="45.38241" lon="4.22489">
        <ele>439.0</ele>
      </trkpt>
      <trkpt lat="45.3821" lon="4.22423">
        <ele>440.3</ele>
      </trkpt>
      <trkpt lat="45.38177" lon="4.22376">
        <ele>440.4</ele>
      </trkpt>
      <trkpt lat="45.38037" lon="4.22222">
        <ele>438.4</ele>
      </trkpt>
      <trkpt lat="45.37938004068" lon="4.22098">
        <ele>438.4</ele>
      </trkpt>
      <trkpt lat="45.37614" lon="4.21604">
        <ele>448.2</ele>
      </trkpt>
      <trkpt lat="45.37597" lon="4.21587">
        <ele>448.8</ele>
      </trkpt>
      <trkpt lat="45.37425" lon="4.21312">
        <ele>455.5</ele>
      </trkpt>
      <trkpt lat="45.37286" lon="4.21067">
        <ele>451.9</ele>
      </trkpt>
      <trkpt lat="45.37167" lon="4.20841">
        <ele>453.0</ele>
      </trkpt>
      <trkpt lat="45.3716" lon="4.20825">
        <ele>452.7</ele>
      </trkpt>
      <trkpt lat="45.3715" lon="4.20766">
        <ele>451.6</ele>
      </trkpt>
      <trkpt lat="45.3714" lon="4.20734">
        <ele>450.8</ele>
      </trkpt>
      <trkpt lat="45.37115" lon="4.20704">
        <ele>449.8</ele>
      </trkpt>
      <trkpt lat="45.37114" lon="4.2068">
        <ele>449.6</ele>
      </trkpt>
      <trkpt lat="45.37104" lon="4.20674">
        <ele>449.5</ele>
      </trkpt>
      <trkpt lat="45.37094" lon="4.20678">
        <ele>449.4</ele>
      </trkpt>
      <trkpt lat="45.37085" lon="4.20665">
        <ele>449.3</ele>
      </trkpt>
      <trkpt lat="45.36967" lon="4.20414">
        <ele>449.2</ele>
      </trkpt>
      <trkpt lat="45.36959" lon="4.20416">
        <ele>449.2</ele>
      </trkpt>
      <trkpt lat="45.3695" lon="4.20407">
        <ele>449.2</ele>
      </trkpt>
      <trkpt lat="45.36833" lon="4.20446">
        <ele>452.3</ele>
      </trkpt>
      <trkpt lat="45.36788" lon="4.20455">
        <ele>453.2</ele>
      </trkpt>
      <trkpt lat="45.36712" lon="4.20453">
        <ele>455.3</ele>
      </trkpt>
      <trkpt lat="45.3665" lon="4.2043">
        <ele>457.0</ele>
      </trkpt>
      <trkpt lat="45.36535" lon="4.20348">
        <ele>462.2</ele>
      </trkpt>
      <trkpt lat="45.36528" lon="4.20351">
        <ele>462.4</ele>
      </trkpt>
      <trkpt lat="45.3652" lon="4.20345">
        <ele>462.4</ele>
      </trkpt>
      <trkpt lat="45.36482" lon="4.2037">
        <ele>463.0</ele>
      </trkpt>
      <trkpt lat="45.3637" lon="4.20407">
        <ele>468.8</ele>
      </trkpt>
      <trkpt lat="45.36289" lon="4.20457">
        <ele>473.7</ele>
      </trkpt>
      <trkpt lat="45.36246" lon="4.20496">
        <ele>475.9</ele>
      </trkpt>
      <trkpt lat="45.3619" lon="4.20584">
        <ele>480.6</ele>
      </trkpt>
      <trkpt lat="45.36167" lon="4.20609">
        <ele>483.2</ele>
      </trkpt>
      <trkpt lat="45.36141" lon="4.20612">
        <ele>485.2</ele>
      </trkpt>
      <trkpt lat="45.36114" lon="4.20604">
        <ele>487.5</ele>
      </trkpt>
      <trkpt lat="45.36111" lon="4.20597">
        <ele>487.8</ele>
      </trkpt>
      <trkpt lat="45.36107" lon="4.20601">
        <ele>487.9</ele>
      </trkpt>
      <trkpt lat="45.36097" lon="4.20597">
        <ele>488.3</ele>
      </trkpt>
      <trkpt lat="45.36066" lon="4.20574">
        <ele>490.9</ele>
      </trkpt>
      <trkpt lat="45.36049" lon="4.20551">
        <ele>493.2</ele>
      </trkpt>
      <trkpt lat="45.36035" lon="4.20521">
        <ele>494.7</ele>
      </trkpt>
      <trkpt lat="45.36025" lon="4.20464">
        <ele>498.3</ele>
      </trkpt>
      <trkpt lat="45.36031" lon="4.20396">
        <ele>502.4</ele>
      </trkpt>
      <trkpt lat="45.36077" lon="4.20223">
        <ele>512.3</ele>
      </trkpt>
      <trkpt lat="45.36079" lon="4.2019">
        <ele>514.3</ele>
      </trkpt>
      <trkpt lat="45.36069" lon="4.20161">
        <ele>516.3</ele>
      </trkpt>
      <trkpt lat="45.36028" lon="4.2012">
        <ele>521.1</ele>
      </trkpt>
      <trkpt lat="45.35919" lon="4.20063">
        <ele>531.6</ele>
      </trkpt>
      <trkpt lat="45.35883" lon="4.20036">
        <ele>534.8</ele>
      </trkpt>
      <trkpt lat="45.35831" lon="4.19942">
        <ele>541.3</ele>
      </trkpt>
      <trkpt lat="45.3581" lon="4.1992">
        <ele>543.4</ele>
      </trkpt>
      <trkpt lat="45.35785" lon="4.19912">
        <ele>544.7</ele>
      </trkpt>
      <trkpt lat="45.35761" lon="4.19917">
        <ele>546.3</ele>
      </trkpt>
      <trkpt lat="45.35691" lon="4.19972">
        <ele>548.4</ele>
      </trkpt>
      <trkpt lat="45.35643" lon="4.19985">
        <ele>549.2</ele>
      </trkpt>
      <trkpt lat="45.35619" lon="4.19999">
        <ele>549.9</ele>
      </trkpt>
      <trkpt lat="45.35592" lon="4.20031">
        <ele>551.4</ele>
      </trkpt>
      <trkpt lat="45.35582" lon="4.20063">
        <ele>552.8</ele>
      </trkpt>
      <trkpt lat="45.35568" lon="4.20173">
        <ele>557.9</ele>
      </trkpt>
      <trkpt lat="45.3554" lon="4.20303">
        <ele>565.0</ele>
      </trkpt>
      <trkpt lat="45.35535" lon="4.20347">
        <ele>566.9</ele>
      </trkpt>
      <trkpt lat="45.35545" lon="4.20441">
        <ele>571.5</ele>
      </trkpt>
      <trkpt lat="45.35544" lon="4.20514">
        <ele>576.4</ele>
      </trkpt>
      <trkpt lat="45.35564" lon="4.20601">
        <ele>581.1</ele>
      </trkpt>
      <trkpt lat="45.35568" lon="4.20695">
        <ele>587.3</ele>
      </trkpt>
      <trkpt lat="45.35572" lon="4.20713">
        <ele>588.1</ele>
      </trkpt>
      <trkpt lat="45.35578" lon="4.20729">
        <ele>589.7</ele>
      </trkpt>
      <trkpt lat="45.35616" lon="4.20783">
        <ele>593.6</ele>
      </trkpt>
      <trkpt lat="45.35628" lon="4.20814">
        <ele>595.9</ele>
      </trkpt>
      <trkpt lat="45.35637" lon="4.20869">
        <ele>598.8</ele>
      </trkpt>
      <trkpt lat="45.35635" lon="4.20904">
        <ele>600.9</ele>
      </trkpt>
      <trkpt lat="45.35616" lon="4.20948">
        <ele>603.8</ele>
      </trkpt>
      <trkpt lat="45.35564" lon="4.20996">
        <ele>608.4</ele>
      </trkpt>
      <trkpt lat="45.3555" lon="4.21019">
        <ele>610.3</ele>
      </trkpt>
      <trkpt lat="45.35542" lon="4.21053">
        <ele>612.3</ele>
      </trkpt>
      <trkpt lat="45.35542" lon="4.21071">
        <ele>613.0</ele>
      </trkpt>
      <trkpt lat="45.35554" lon="4.21151">
        <ele>617.6</ele>
      </trkpt>
      <trkpt lat="45.35542" lon="4.21195">
        <ele>620.1</ele>
      </trkpt>
      <trkpt lat="45.35497" lon="4.21267">
        <ele>625.0</ele>
      </trkpt>
      <trkpt lat="45.35446" lon="4.2132">
        <ele>630.5</ele>
      </trkpt>
      <trkpt lat="45.35396" lon="4.21345">
        <ele>634.4</ele>
      </trkpt>
      <trkpt lat="45.35182" lon="4.21386">
        <ele>649.3</ele>
      </trkpt>
      <trkpt lat="45.34941" lon="4.21122">
        <ele>666.8</ele>
      </trkpt>
      <trkpt lat="45.34865" lon="4.21086">
        <ele>662.7</ele>
      </trkpt>
      <trkpt lat="45.34795" lon="4.21061">
        <ele>657.2</ele>
      </trkpt>
      <trkpt lat="45.34779" lon="4.2107">
        <ele>655.4</ele>
      </trkpt>
      <trkpt lat="45.34769" lon="4.2109">
        <ele>654.2</ele>
      </trkpt>
      <trkpt lat="45.34745" lon="4.21229">
        <ele>643.8</ele>
      </trkpt>
      <trkpt lat="45.3471" lon="4.21309">
        <ele>638.1</ele>
      </trkpt>
      <trkpt lat="45.34707" lon="4.21342">
        <ele>636.7</ele>
      </trkpt>
      <trkpt lat="45.34713" lon="4.21383">
        <ele>633.9</ele>
      </trkpt>
      <trkpt lat="45.34708" lon="4.21427">
        <ele>632.6</ele>
      </trkpt>
      <trkpt lat="45.34704" lon="4.21431">
        <ele>632.6</ele>
      </trkpt>
      <trkpt lat="45.34693" lon="4.21427">
        <ele>632.5</ele>
      </trkpt>
      <trkpt lat="45.34673" lon="4.21369">
        <ele>633.8</ele>
      </trkpt>
      <trkpt lat="45.34648" lon="4.21317">
        <ele>636.6</ele>
      </trkpt>
      <trkpt lat="45.34615" lon="4.21325">
        <ele>638.6</ele>
      </trkpt>
      <trkpt lat="45.34601" lon="4.21319">
        <ele>639.0</ele>
      </trkpt>
      <trkpt lat="45.34601" lon="4.21292">
        <ele>640.1</ele>
      </trkpt>
      <trkpt lat="45.34617" lon="4.21248">
        <ele>641.7</ele>
      </trkpt>
      <trkpt lat="45.34616" lon="4.21233">
        <ele>642.2</ele>
      </trkpt>
      <trkpt lat="45.34606" lon="4.21215">
        <ele>642.4</ele>
      </trkpt>
      <trkpt lat="45.34598" lon="4.21209">
        <ele>642.8</ele>
      </trkpt>
      <trkpt lat="45.34561" lon="4.21204">
        <ele>644.1</ele>
      </trkpt>
      <trkpt lat="45.34455" lon="4.21215">
        <ele>649.3</ele>
      </trkpt>
      <trkpt lat="45.34294" lon="4.21351">
        <ele>659.8</ele>
      </trkpt>
      <trkpt lat="45.34259" lon="4.21364">
        <ele>661.3</ele>
      </trkpt>
      <trkpt lat="45.34192" lon="4.2137">
        <ele>665.2</ele>
      </trkpt>
      <trkpt lat="45.34143" lon="4.21384">
        <ele>667.2</ele>
      </trkpt>
      <trkpt lat="45.34122" lon="4.21416">
        <ele>668.0</ele>
      </trkpt>
      <trkpt lat="45.34091" lon="4.21483">
        <ele>669.8</ele>
      </trkpt>
      <trkpt lat="45.34042" lon="4.21535">
        <ele>671.9</ele>
      </trkpt>
      <trkpt lat="45.34022" lon="4.2157">
        <ele>672.7</ele>
      </trkpt>
      <trkpt lat="45.3401" lon="4.21582">
        <ele>672.8</ele>
      </trkpt>
      <trkpt lat="45.3396" lon="4.21604">
        <ele>674.0</ele>
      </trkpt>
      <trkpt lat="45.33886" lon="4.21652">
        <ele>674.5</ele>
      </trkpt>
      <trkpt lat="45.33845" lon="4.21666">
        <ele>675.5</ele>
      </trkpt>
      <trkpt lat="45.33838" lon="4.21658">
        <ele>675.7</ele>
      </trkpt>
      <trkpt lat="45.33848" lon="4.21596">
        <ele>678.9</ele>
      </trkpt>
      <trkpt lat="45.3384" lon="4.21522">
        <ele>683.3</ele>
      </trkpt>
      <trkpt lat="45.33832" lon="4.21472">
        <ele>686.7</ele>
      </trkpt>
      <trkpt lat="45.3381" lon="4.21412">
        <ele>690.0</ele>
      </trkpt>
      <trkpt lat="45.33807" lon="4.2139">
        <ele>691.2</ele>
      </trkpt>
      <trkpt lat="45.33814" lon="4.213">
        <ele>696.2</ele>
      </trkpt>
      <trkpt lat="45.33812" lon="4.21251">
        <ele>697.9</ele>
      </trkpt>
      <trkpt lat="45.33784" lon="4.21166">
        <ele>696.1</ele>
      </trkpt>
      <trkpt lat="45.33742" lon="4.21109">
        <ele>692.9</ele>
      </trkpt>
      <trkpt lat="45.33721" lon="4.21103">
        <ele>692.0</ele>
      </trkpt>
      <trkpt lat="45.33723" lon="4.2113">
        <ele>692.5</ele>
      </trkpt>
      <trkpt lat="45.33719" lon="4.21158">
        <ele>693.5</ele>
      </trkpt>
      <trkpt lat="45.33678" lon="4.21254">
        <ele>698.8</ele>
      </trkpt>
      <trkpt lat="45.33591" lon="4.21401">
        <ele>706.1</ele>
      </trkpt>
      <trkpt lat="45.33572" lon="4.21423">
        <ele>707.0</ele>
      </trkpt>
      <trkpt lat="45.33548" lon="4.2144">
        <ele>708.1</ele>
      </trkpt>
      <trkpt lat="45.3349" lon="4.21456">
        <ele>709.6</ele>
      </trkpt>
      <trkpt lat="45.3335" lon="4.2146">
        <ele>711.9</ele>
      </trkpt>
      <trkpt lat="45.33201" lon="4.21511">
        <ele>717.0</ele>
      </trkpt>
      <trkpt lat="45.33173" lon="4.21511">
        <ele>718.3</ele>
      </trkpt>
      <trkpt lat="45.33068" lon="4.21492">
        <ele>722.8</ele>
      </trkpt>
      <trkpt lat="45.33026" lon="4.21496">
        <ele>724.6</ele>
      </trkpt>
      <trkpt lat="45.32986" lon="4.21523">
        <ele>726.3</ele>
      </trkpt>
      <trkpt lat="45.32868" lon="4.21649">
        <ele>735.2</ele>
      </trkpt>
      <trkpt lat="45.32811" lon="4.21695">
        <ele>740.2</ele>
      </trkpt>
      <trkpt lat="45.32661" lon="4.2174">
        <ele>749.9</ele>
      </trkpt>
      <trkpt lat="45.32485" lon="4.21849">
        <ele>762.8</ele>
      </trkpt>
      <trkpt lat="45.32303" lon="4.21921">
        <ele>768.5</ele>
      </trkpt>
      <trkpt lat="45.322" lon="4.21977">
        <ele>765.7</ele>
      </trkpt>
      <trkpt lat="45.32174" lon="4.22007">
        <ele>764.4</ele>
      </trkpt>
      <trkpt lat="45.32159" lon="4.22037">
        <ele>763.5</ele>
      </trkpt>
      <trkpt lat="45.32055" lon="4.22353">
        <ele>757.3</ele>
      </trkpt>
      <trkpt lat="45.32022" lon="4.22413">
        <ele>757.8</ele>
      </trkpt>
      <trkpt lat="45.31957" lon="4.22503">
        <ele>761.0</ele>
      </trkpt>
      <trkpt lat="45.31888" lon="4.22628">
        <ele>764.8</ele>
      </trkpt>
      <trkpt lat="45.31785" lon="4.22758">
        <ele>766.0</ele>
      </trkpt>
      <trkpt lat="45.31574" lon="4.22965">
        <ele>771.7</ele>
      </trkpt>
      <trkpt lat="45.31552" lon="4.22967">
        <ele>771.5</ele>
      </trkpt>
      <trkpt lat="45.31534" lon="4.22956">
        <ele>770.8</ele>
      </trkpt>
      <trkpt lat="45.31501" lon="4.229">
        <ele>768.0</ele>
      </trkpt>
      <trkpt lat="45.31477" lon="4.22869">
        <ele>768.6</ele>
      </trkpt>
      <trkpt lat="45.31468" lon="4.2288">
        <ele>768.7</ele>
      </trkpt>
      <trkpt lat="45.31456" lon="4.2288">
        <ele>768.7</ele>
      </trkpt>
      <trkpt lat="45.31442" lon="4.2293">
        <ele>769.8</ele>
      </trkpt>
      <trkpt lat="45.31409" lon="4.22998">
        <ele>774.1</ele>
      </trkpt>
      <trkpt lat="45.31385" lon="4.23119">
        <ele>778.6</ele>
      </trkpt>
      <trkpt lat="45.31352" lon="4.23196">
        <ele>781.7</ele>
      </trkpt>
      <trkpt lat="45.31347" lon="4.23217">
        <ele>781.8</ele>
      </trkpt>
      <trkpt lat="45.31338" lon="4.23226">
        <ele>781.9</ele>
      </trkpt>
      <trkpt lat="45.31323" lon="4.23227">
        <ele>781.9</ele>
      </trkpt>
      <trkpt lat="45.31302" lon="4.23281">
        <ele>782.3</ele>
      </trkpt>
      <trkpt lat="45.31276" lon="4.23323">
        <ele>784.4</ele>
      </trkpt>
      <trkpt lat="45.31165" lon="4.2345">
        <ele>787.8</ele>
      </trkpt>
      <trkpt lat="45.31119" lon="4.23491">
        <ele>787.7</ele>
      </trkpt>
      <trkpt lat="45.3107" lon="4.23511">
        <ele>787.9</ele>
      </trkpt>
      <trkpt lat="45.30971" lon="4.23527">
        <ele>789.5</ele>
      </trkpt>
      <trkpt lat="45.30867" lon="4.23579">
        <ele>791.3</ele>
      </trkpt>
      <trkpt lat="45.30816" lon="4.23592">
        <ele>792.4</ele>
      </trkpt>
      <trkpt lat="45.30565" lon="4.23566">
        <ele>802.1</ele>
      </trkpt>
      <trkpt lat="45.30321" lon="4.23578">
        <ele>807.9</ele>
      </trkpt>
      <trkpt lat="45.30221" lon="4.23591">
        <ele>810.6</ele>
      </trkpt>
      <trkpt lat="45.30187" lon="4.23604">
        <ele>811.6</ele>
      </trkpt>
      <trkpt lat="45.30153" lon="4.23629">
        <ele>812.5</ele>
      </trkpt>
      <trkpt lat="45.30054" lon="4.23748">
        <ele>809.8</ele>
      </trkpt>
      <trkpt lat="45.30013" lon="4.23779">
        <ele>805.9</ele>
      </trkpt>
      <trkpt lat="45.29959" lon="4.23789">
        <ele>800.9</ele>
      </trkpt>
      <trkpt lat="45.29861" lon="4.23771">
        <ele>791.4</ele>
      </trkpt>
      <trkpt lat="45.29827" lon="4.23785">
        <ele>788.3</ele>
      </trkpt>
      <trkpt lat="45.29806" lon="4.23813">
        <ele>785.1</ele>
      </trkpt>
      <trkpt lat="45.29795" lon="4.23853">
        <ele>782.2</ele>
      </trkpt>
      <trkpt lat="45.29794" lon="4.23878">
        <ele>781.0</ele>
      </trkpt>
      <trkpt lat="45.29804" lon="4.23962">
        <ele>775.8</ele>
      </trkpt>
      <trkpt lat="45.29798" lon="4.24024">
        <ele>771.8</ele>
      </trkpt>
      <trkpt lat="45.29769" lon="4.24122">
        <ele>765.3</ele>
      </trkpt>
      <trkpt lat="45.29742" lon="4.24253">
        <ele>757.0</ele>
      </trkpt>
      <trkpt lat="45.29698" lon="4.24349">
        <ele>750.4</ele>
      </trkpt>
      <trkpt lat="45.29673" lon="4.24439">
        <ele>744.4</ele>
      </trkpt>
      <trkpt lat="45.29635" lon="4.24487">
        <ele>739.2</ele>
      </trkpt>
      <trkpt lat="45.29528" lon="4.24601">
        <ele>728.3</ele>
      </trkpt>
      <trkpt lat="45.29494" lon="4.24625">
        <ele>725.9</ele>
      </trkpt>
      <trkpt lat="45.29428" lon="4.24649">
        <ele>720.8</ele>
      </trkpt>
      <trkpt lat="45.29405" lon="4.24663">
        <ele>719.6</ele>
      </trkpt>
      <trkpt lat="45.29378" lon="4.24689">
        <ele>717.3</ele>
      </trkpt>
      <trkpt lat="45.2932" lon="4.24765">
        <ele>713.8</ele>
      </trkpt>
      <trkpt lat="45.29318" lon="4.24789">
        <ele>713.7</ele>
      </trkpt>
      <trkpt lat="45.2933" lon="4.24806">
        <ele>713.9</ele>
      </trkpt>
      <trkpt lat="45.29327" lon="4.24813">
        <ele>714.0</ele>
      </trkpt>
      <trkpt lat="45.2933" lon="4.24826">
        <ele>714.1</ele>
      </trkpt>
      <trkpt lat="45.29321" lon="4.24854">
        <ele>715.3</ele>
      </trkpt>
      <trkpt lat="45.29321" lon="4.24878">
        <ele>715.9</ele>
      </trkpt>
      <trkpt lat="45.29362" lon="4.2513">
        <ele>727.1</ele>
      </trkpt>
      <trkpt lat="45.29357" lon="4.25174">
        <ele>729.2</ele>
      </trkpt>
      <trkpt lat="45.29333" lon="4.2529">
        <ele>737.1</ele>
      </trkpt>
      <trkpt lat="45.29308" lon="4.25322">
        <ele>739.7</ele>
      </trkpt>
      <trkpt lat="45.2909" lon="4.25516">
        <ele>762.0</ele>
      </trkpt>
      <trkpt lat="45.29076" lon="4.25562">
        <ele>764.6</ele>
      </trkpt>
      <trkpt lat="45.29066" lon="4.25657">
        <ele>770.0</ele>
      </trkpt>
      <trkpt lat="45.29064" lon="4.25757">
        <ele>775.6</ele>
      </trkpt>
      <trkpt lat="45.2907" lon="4.25812">
        <ele>779.3</ele>
      </trkpt>
      <trkpt lat="45.29063" lon="4.25836">
        <ele>780.8</ele>
      </trkpt>
      <trkpt lat="45.29038" lon="4.25869">
        <ele>784.3</ele>
      </trkpt>
      <trkpt lat="45.28809" lon="4.26092">
        <ele>810.2</ele>
      </trkpt>
      <trkpt lat="45.28764" lon="4.26113">
        <ele>812.2</ele>
      </trkpt>
      <trkpt lat="45.28723" lon="4.261">
        <ele>812.5</ele>
      </trkpt>
      <trkpt lat="45.28703" lon="4.2608">
        <ele>812.1</ele>
      </trkpt>
      <trkpt lat="45.28658" lon="4.26003">
        <ele>809.5</ele>
      </trkpt>
      <trkpt lat="45.28635" lon="4.25974">
        <ele>808.9</ele>
      </trkpt>
      <trkpt lat="45.28611" lon="4.2595">
        <ele>807.5</ele>
      </trkpt>
      <trkpt lat="45.28585" lon="4.25938">
        <ele>806.1</ele>
      </trkpt>
      <trkpt lat="45.2854" lon="4.25945">
        <ele>805.5</ele>
      </trkpt>
      <trkpt lat="45.28485" lon="4.25995">
        <ele>806.7</ele>
      </trkpt>
      <trkpt lat="45.28445" lon="4.26019">
        <ele>807.8</ele>
      </trkpt>
      <trkpt lat="45.28423" lon="4.26019">
        <ele>808.3</ele>
      </trkpt>
      <trkpt lat="45.284" lon="4.26007">
        <ele>808.9</ele>
      </trkpt>
      <trkpt lat="45.28344" lon="4.25949">
        <ele>809.8</ele>
      </trkpt>
      <trkpt lat="45.28295" lon="4.25879">
        <ele>810.0</ele>
      </trkpt>
      <trkpt lat="45.28281" lon="4.25832">
        <ele>809.9</ele>
      </trkpt>
      <trkpt lat="45.28273" lon="4.25757">
        <ele>809.8</ele>
      </trkpt>
      <trkpt lat="45.28261" lon="4.25727">
        <ele>809.7</ele>
      </trkpt>
      <trkpt lat="45.28238" lon="4.25706">
        <ele>810.3</ele>
      </trkpt>
      <trkpt lat="45.28213" lon="4.25699">
        <ele>811.7</ele>
      </trkpt>
      <trkpt lat="45.26191" lon="4.2631">
        <ele>861.8</ele>
      </trkpt>
      <trkpt lat="45.26146" lon="4.26336">
        <ele>860.2</ele>
      </trkpt>
      <trkpt lat="45.26124" lon="4.2636">
        <ele>859.4</ele>
      </trkpt>
      <trkpt lat="45.25794" lon="4.26789">
        <ele>848.0</ele>
      </trkpt>
      <trkpt lat="45.25748" lon="4.26821">
        <ele>846.7</ele>
      </trkpt>
      <trkpt lat="45.25655" lon="4.26825">
        <ele>844.0</ele>
      </trkpt>
      <trkpt lat="45.25608" lon="4.26844">
        <ele>842.6</ele>
      </trkpt>
      <trkpt lat="45.25566" lon="4.26885">
        <ele>841.2</ele>
      </trkpt>
      <trkpt lat="45.25467" lon="4.27012">
        <ele>838.5</ele>
      </trkpt>
      <trkpt lat="45.25454" lon="4.27006">
        <ele>838.2</ele>
      </trkpt>
      <trkpt lat="45.25444" lon="4.27011">
        <ele>837.8</ele>
      </trkpt>
      <trkpt lat="45.25439" lon="4.27024">
        <ele>837.4</ele>
      </trkpt>
      <trkpt lat="45.25443" lon="4.27044">
        <ele>837.1</ele>
      </trkpt>
      <trkpt lat="45.25267" lon="4.27264">
        <ele>826.7</ele>
      </trkpt>
      <trkpt lat="45.25227" lon="4.27305">
        <ele>824.0</ele>
      </trkpt>
      <trkpt lat="45.25188" lon="4.27328">
        <ele>821.6</ele>
      </trkpt>
      <trkpt lat="45.24934" lon="4.27353">
        <ele>805.8</ele>
      </trkpt>
      <trkpt lat="45.24903" lon="4.27335">
        <ele>805.5</ele>
      </trkpt>
      <trkpt lat="45.24819" lon="4.27231">
        <ele>805.6</ele>
      </trkpt>
      <trkpt lat="45.24791" lon="4.27208">
        <ele>806.4</ele>
      </trkpt>
      <trkpt lat="45.24749" lon="4.27201">
        <ele>807.6</ele>
      </trkpt>
      <trkpt lat="45.24684" lon="4.27222">
        <ele>809.0</ele>
      </trkpt>
      <trkpt lat="45.24646" lon="4.27197">
        <ele>808.8</ele>
      </trkpt>
      <trkpt lat="45.24555" lon="4.27122">
        <ele>803.3</ele>
      </trkpt>
      <trkpt lat="45.24482" lon="4.27098">
        <ele>799.1</ele>
      </trkpt>
      <trkpt lat="45.24447" lon="4.27097">
        <ele>796.9</ele>
      </trkpt>
      <trkpt lat="45.24418" lon="4.27108">
        <ele>795.0</ele>
      </trkpt>
      <trkpt lat="45.24369" lon="4.2714">
        <ele>792.4</ele>
      </trkpt>
      <trkpt lat="45.24336" lon="4.27172">
        <ele>790.2</ele>
      </trkpt>
      <trkpt lat="45.24318" lon="4.27199">
        <ele>788.5</ele>
      </trkpt>
      <trkpt lat="45.24162" lon="4.27473">
        <ele>783.2</ele>
      </trkpt>
      <trkpt lat="45.24135" lon="4.27505">
        <ele>784.8</ele>
      </trkpt>
      <trkpt lat="45.2409121" lon="4.2752646">
        <ele>786.6</ele>
      </trkpt>
      <trkpt lat="45.23871" lon="4.27608">
        <ele>799.3</ele>
      </trkpt>
      <trkpt lat="45.23828" lon="4.2765">
        <ele>802.3</ele>
      </trkpt>
      <trkpt lat="45.23697" lon="4.27832">
        <ele>806.7</ele>
      </trkpt>
      <trkpt lat="45.23676" lon="4.27847">
        <ele>807.8</ele>
      </trkpt>
      <trkpt lat="45.23406" lon="4.27961">
        <ele>821.2</ele>
      </trkpt>
      <trkpt lat="45.23373" lon="4.27986">
        <ele>823.1</ele>
      </trkpt>
      <trkpt lat="45.23338" lon="4.28048">
        <ele>826.7</ele>
      </trkpt>
      <trkpt lat="45.23304" lon="4.2814">
        <ele>831.4</ele>
      </trkpt>
      <trkpt lat="45.23263" lon="4.2821">
        <ele>834.2</ele>
      </trkpt>
      <trkpt lat="45.22639" lon="4.29019">
        <ele>817.5</ele>
      </trkpt>
      <trkpt lat="45.22609" lon="4.29033">
        <ele>817.0</ele>
      </trkpt>
      <trkpt lat="45.22572" lon="4.29018">
        <ele>817.6</ele>
      </trkpt>
      <trkpt lat="45.22551" lon="4.28985">
        <ele>819.0</ele>
      </trkpt>
      <trkpt lat="45.22531" lon="4.289">
        <ele>822.7</ele>
      </trkpt>
      <trkpt lat="45.22518" lon="4.28874">
        <ele>824.0</ele>
      </trkpt>
      <trkpt lat="45.22496" lon="4.28849">
        <ele>825.8</ele>
      </trkpt>
      <trkpt lat="45.22459" lon="4.28824">
        <ele>828.6</ele>
      </trkpt>
      <trkpt lat="45.2243" lon="4.28812">
        <ele>831.2</ele>
      </trkpt>
      <trkpt lat="45.22401" lon="4.28808">
        <ele>832.7</ele>
      </trkpt>
      <trkpt lat="45.22323" lon="4.28811">
        <ele>836.2</ele>
      </trkpt>
      <trkpt lat="45.22287" lon="4.28822">
        <ele>838.4</ele>
      </trkpt>
      <trkpt lat="45.22261" lon="4.28841">
        <ele>839.9</ele>
      </trkpt>
      <trkpt lat="45.22209" lon="4.28915">
        <ele>842.4</ele>
      </trkpt>
      <trkpt lat="45.22199" lon="4.28951">
        <ele>842.0</ele>
      </trkpt>
      <trkpt lat="45.22205" lon="4.28973">
        <ele>841.4</ele>
      </trkpt>
      <trkpt lat="45.22244" lon="4.29051">
        <ele>837.4</ele>
      </trkpt>
      <trkpt lat="45.22249" lon="4.29078">
        <ele>836.2</ele>
      </trkpt>
      <trkpt lat="45.22245" lon="4.29102">
        <ele>835.3</ele>
      </trkpt>
      <trkpt lat="45.22152" lon="4.29278">
        <ele>824.0</ele>
      </trkpt>
      <trkpt lat="45.22135" lon="4.29327">
        <ele>821.4</ele>
      </trkpt>
      <trkpt lat="45.22134" lon="4.29367">
        <ele>819.4</ele>
      </trkpt>
      <trkpt lat="45.22172" lon="4.29469">
        <ele>815.2</ele>
      </trkpt>
      <trkpt lat="45.22172" lon="4.2948">
        <ele>814.8</ele>
      </trkpt>
      <trkpt lat="45.22164" lon="4.29499">
        <ele>814.3</ele>
      </trkpt>
      <trkpt lat="45.22143" lon="4.29503">
        <ele>812.4</ele>
      </trkpt>
      <trkpt lat="45.22086" lon="4.29497">
        <ele>808.0</ele>
      </trkpt>
      <trkpt lat="45.22063" lon="4.29504">
        <ele>805.6</ele>
      </trkpt>
      <trkpt lat="45.22041" lon="4.29522">
        <ele>804.0</ele>
      </trkpt>
      <trkpt lat="45.21984" lon="4.29597">
        <ele>798.1</ele>
      </trkpt>
      <trkpt lat="45.21963" lon="4.29605">
        <ele>796.9</ele>
      </trkpt>
      <trkpt lat="45.21953" lon="4.29583">
        <ele>795.1</ele>
      </trkpt>
      <trkpt lat="45.21969" lon="4.29521">
        <ele>790.4</ele>
      </trkpt>
      <trkpt lat="45.21963" lon="4.295">
        <ele>789.7</ele>
      </trkpt>
      <trkpt lat="45.21918" lon="4.29496">
        <ele>786.2</ele>
      </trkpt>
      <trkpt lat="45.21886" lon="4.29486">
        <ele>784.1</ele>
      </trkpt>
      <trkpt lat="45.21834" lon="4.29449">
        <ele>780.3</ele>
      </trkpt>
      <trkpt lat="45.21758" lon="4.2941">
        <ele>774.2</ele>
      </trkpt>
      <trkpt lat="45.2173" lon="4.29371">
        <ele>771.6</ele>
      </trkpt>
      <trkpt lat="45.21726" lon="4.29359">
        <ele>770.8</ele>
      </trkpt>
      <trkpt lat="45.2173" lon="4.29328">
        <ele>768.6</ele>
      </trkpt>
      <trkpt lat="45.21753" lon="4.2928">
        <ele>765.1</ele>
      </trkpt>
      <trkpt lat="45.21806" lon="4.29204">
        <ele>759.8</ele>
      </trkpt>
      <trkpt lat="45.21808" lon="4.29195">
        <ele>759.2</ele>
      </trkpt>
      <trkpt lat="45.21801" lon="4.2918">
        <ele>757.9</ele>
      </trkpt>
      <trkpt lat="45.21778" lon="4.2918">
        <ele>756.1</ele>
      </trkpt>
      <trkpt lat="45.21748" lon="4.29196">
        <ele>753.4</ele>
      </trkpt>
      <trkpt lat="45.21688" lon="4.29207">
        <ele>750.1</ele>
      </trkpt>
      <trkpt lat="45.21654" lon="4.29207">
        <ele>747.8</ele>
      </trkpt>
      <trkpt lat="45.2161" lon="4.29196">
        <ele>744.3</ele>
      </trkpt>
      <trkpt lat="45.21578" lon="4.29178">
        <ele>741.2</ele>
      </trkpt>
      <trkpt lat="45.21569" lon="4.29164">
        <ele>739.9</ele>
      </trkpt>
      <trkpt lat="45.21545" lon="4.29084">
        <ele>736.3</ele>
      </trkpt>
      <trkpt lat="45.21529" lon="4.29071">
        <ele>735.5</ele>
      </trkpt>
      <trkpt lat="45.21507" lon="4.29072">
        <ele>735.4</ele>
      </trkpt>
      <trkpt lat="45.21478" lon="4.29088">
        <ele>736.6</ele>
      </trkpt>
      <trkpt lat="45.21465" lon="4.29107">
        <ele>737.2</ele>
      </trkpt>
      <trkpt lat="45.21455" lon="4.29128">
        <ele>737.4</ele>
      </trkpt>
      <trkpt lat="45.21426" lon="4.29255">
        <ele>745.6</ele>
      </trkpt>
      <trkpt lat="45.21387" lon="4.29314">
        <ele>750.3</ele>
      </trkpt>
      <trkpt lat="45.21273" lon="4.29416">
        <ele>761.3</ele>
      </trkpt>
      <trkpt lat="45.21142" lon="4.29492">
        <ele>772.0</ele>
      </trkpt>
      <trkpt lat="45.21121" lon="4.29501">
        <ele>774.1</ele>
      </trkpt>
      <trkpt lat="45.2109" lon="4.29501">
        <ele>775.8</ele>
      </trkpt>
      <trkpt lat="45.21068" lon="4.29482">
        <ele>777.6</ele>
      </trkpt>
      <trkpt lat="45.21054" lon="4.29457">
        <ele>779.5</ele>
      </trkpt>
      <trkpt lat="45.21038" lon="4.2944">
        <ele>780.7</ele>
      </trkpt>
      <trkpt lat="45.2097" lon="4.29414">
        <ele>786.1</ele>
      </trkpt>
      <trkpt lat="45.20944" lon="4.29389">
        <ele>787.9</ele>
      </trkpt>
      <trkpt lat="45.20914" lon="4.29377">
        <ele>789.9</ele>
      </trkpt>
      <trkpt lat="45.20878" lon="4.29384">
        <ele>793.2</ele>
      </trkpt>
      <trkpt lat="45.20845" lon="4.29407">
        <ele>795.4</ele>
      </trkpt>
      <trkpt lat="45.20765" lon="4.29511">
        <ele>804.7</ele>
      </trkpt>
      <trkpt lat="45.20735" lon="4.2954">
        <ele>807.3</ele>
      </trkpt>
      <trkpt lat="45.20696" lon="4.29547">
        <ele>810.0</ele>
      </trkpt>
      <trkpt lat="45.20537" lon="4.29533">
        <ele>822.4</ele>
      </trkpt>
      <trkpt lat="45.20509" lon="4.29542">
        <ele>823.6</ele>
      </trkpt>
      <trkpt lat="45.20493" lon="4.29566">
        <ele>824.7</ele>
      </trkpt>
      <trkpt lat="45.20487" lon="4.29603">
        <ele>825.3</ele>
      </trkpt>
      <trkpt lat="45.2049" lon="4.29626">
        <ele>825.6</ele>
      </trkpt>
      <trkpt lat="45.20524" lon="4.29709">
        <ele>826.8</ele>
      </trkpt>
      <trkpt lat="45.20529" lon="4.2975">
        <ele>827.4</ele>
      </trkpt>
      <trkpt lat="45.20513" lon="4.29823">
        <ele>828.6</ele>
      </trkpt>
      <trkpt lat="45.20495" lon="4.29874">
        <ele>829.5</ele>
      </trkpt>
      <trkpt lat="45.20473" lon="4.29932">
        <ele>831.1</ele>
      </trkpt>
      <trkpt lat="45.20445" lon="4.29975">
        <ele>834.0</ele>
      </trkpt>
      <trkpt lat="45.2036" lon="4.30022">
        <ele>840.2</ele>
      </trkpt>
      <trkpt lat="45.20282" lon="4.30037">
        <ele>844.3</ele>
      </trkpt>
      <trkpt lat="45.20228" lon="4.30066">
        <ele>846.7</ele>
      </trkpt>
      <trkpt lat="45.20204" lon="4.3007">
        <ele>847.6</ele>
      </trkpt>
      <trkpt lat="45.20157" lon="4.30058">
        <ele>849.8</ele>
      </trkpt>
      <trkpt lat="45.20117" lon="4.30063">
        <ele>852.0</ele>
      </trkpt>
      <trkpt lat="45.20082" lon="4.30092">
        <ele>854.2</ele>
      </trkpt>
      <trkpt lat="45.20032" lon="4.30156">
        <ele>857.5</ele>
      </trkpt>
      <trkpt lat="45.1999" lon="4.30183">
        <ele>859.8</ele>
      </trkpt>
      <trkpt lat="45.1995" lon="4.30196">
        <ele>862.0</ele>
      </trkpt>
      <trkpt lat="45.199" lon="4.30203">
        <ele>865.5</ele>
      </trkpt>
      <trkpt lat="45.19866" lon="4.302">
        <ele>867.5</ele>
      </trkpt>
      <trkpt lat="45.19804" lon="4.30165">
        <ele>871.3</ele>
      </trkpt>
      <trkpt lat="45.19772" lon="4.30155">
        <ele>872.5</ele>
      </trkpt>
      <trkpt lat="45.19741" lon="4.30156">
        <ele>873.4</ele>
      </trkpt>
      <trkpt lat="45.19696" lon="4.30176">
        <ele>874.9</ele>
      </trkpt>
      <trkpt lat="45.19662" lon="4.30221">
        <ele>876.0</ele>
      </trkpt>
      <trkpt lat="45.19334" lon="4.30807">
        <ele>889.0</ele>
      </trkpt>
      <trkpt lat="45.19306" lon="4.30844">
        <ele>890.2</ele>
      </trkpt>
      <trkpt lat="45.18917" lon="4.31154">
        <ele>902.2</ele>
      </trkpt>
      <trkpt lat="45.18874" lon="4.31199">
        <ele>903.9</ele>
      </trkpt>
      <trkpt lat="45.18864" lon="4.31199">
        <ele>904.0</ele>
      </trkpt>
      <trkpt lat="45.18859" lon="4.31211">
        <ele>904.1</ele>
      </trkpt>
      <trkpt lat="45.18834" lon="4.31219">
        <ele>905.4</ele>
      </trkpt>
      <trkpt lat="45.1875" lon="4.31284">
        <ele>912.1</ele>
      </trkpt>
      <trkpt lat="45.1872" lon="4.31294">
        <ele>915.2</ele>
      </trkpt>
      <trkpt lat="45.18526" lon="4.31314">
        <ele>921.5</ele>
      </trkpt>
      <trkpt lat="45.18484" lon="4.31324">
        <ele>921.4</ele>
      </trkpt>
      <trkpt lat="45.18591" lon="4.31611">
        <ele>931.8</ele>
      </trkpt>
      <trkpt lat="45.18604" lon="4.31635">
        <ele>933.1</ele>
      </trkpt>
      <trkpt lat="45.18596" lon="4.31765">
        <ele>931.4</ele>
      </trkpt>
      <trkpt lat="45.18588" lon="4.32121">
        <ele>921.9</ele>
      </trkpt>
      <trkpt lat="45.18576" lon="4.32122">
        <ele>921.6</ele>
      </trkpt>
      <trkpt lat="45.18571" lon="4.32129">
        <ele>921.5</ele>
      </trkpt>
      <trkpt lat="45.18569" lon="4.32139">
        <ele>921.5</ele>
      </trkpt>
      <trkpt lat="45.18573" lon="4.32151">
        <ele>921.6</ele>
      </trkpt>
      <trkpt lat="45.17683" lon="4.33715">
        <ele>950.7</ele>
      </trkpt>
      <trkpt lat="45.17622" lon="4.33804">
        <ele>952.6</ele>
      </trkpt>
      <trkpt lat="45.17601" lon="4.33851">
        <ele>955.3</ele>
      </trkpt>
      <trkpt lat="45.17543" lon="4.34283">
        <ele>977.2</ele>
      </trkpt>
      <trkpt lat="45.17506" lon="4.3448">
        <ele>981.3</ele>
      </trkpt>
      <trkpt lat="45.1745" lon="4.34743">
        <ele>983.2</ele>
      </trkpt>
      <trkpt lat="45.17406" lon="4.35046">
        <ele>994.2</ele>
      </trkpt>
      <trkpt lat="45.17353" lon="4.35205">
        <ele>1001.5</ele>
      </trkpt>
      <trkpt lat="45.17309" lon="4.35373">
        <ele>1008.5</ele>
      </trkpt>
      <trkpt lat="45.17276" lon="4.35446">
        <ele>1012.1</ele>
      </trkpt>
      <trkpt lat="45.17246" lon="4.35482">
        <ele>1014.3</ele>
      </trkpt>
      <trkpt lat="45.17175" lon="4.35548">
        <ele>1020.1</ele>
      </trkpt>
      <trkpt lat="45.17069" lon="4.35624">
        <ele>1027.2</ele>
      </trkpt>
      <trkpt lat="45.17026" lon="4.35673">
        <ele>1030.7</ele>
      </trkpt>
      <trkpt lat="45.17005" lon="4.3572">
        <ele>1033.2</ele>
      </trkpt>
      <trkpt lat="45.16968" lon="4.35911">
        <ele>1041.5</ele>
      </trkpt>
      <trkpt lat="45.16942" lon="4.35968">
        <ele>1044.7</ele>
      </trkpt>
      <trkpt lat="45.16908" lon="4.36022">
        <ele>1047.7</ele>
      </trkpt>
      <trkpt lat="45.16891" lon="4.36062">
        <ele>1049.7</ele>
      </trkpt>
      <trkpt lat="45.16881" lon="4.36126">
        <ele>1052.7</ele>
      </trkpt>
      <trkpt lat="45.16889" lon="4.36178">
        <ele>1055.3</ele>
      </trkpt>
      <trkpt lat="45.1691" lon="4.3622">
        <ele>1057.3</ele>
      </trkpt>
      <trkpt lat="45.16986" lon="4.36312">
        <ele>1063.3</ele>
      </trkpt>
      <trkpt lat="45.16996" lon="4.36335">
        <ele>1064.0</ele>
      </trkpt>
      <trkpt lat="45.17009" lon="4.36387">
        <ele>1065.4</ele>
      </trkpt>
      <trkpt lat="45.17007" lon="4.36465">
        <ele>1066.5</ele>
      </trkpt>
      <trkpt lat="45.16991" lon="4.36565">
        <ele>1066.2</ele>
      </trkpt>
      <trkpt lat="45.16984" lon="4.36593">
        <ele>1065.9</ele>
      </trkpt>
      <trkpt lat="45.16959" lon="4.36647">
        <ele>1065.5</ele>
      </trkpt>
      <trkpt lat="45.16945" lon="4.36665">
        <ele>1065.4</ele>
      </trkpt>
      <trkpt lat="45.16902" lon="4.36695">
        <ele>1065.9</ele>
      </trkpt>
      <trkpt lat="45.16853" lon="4.36712">
        <ele>1067.2</ele>
      </trkpt>
      <trkpt lat="45.16503" lon="4.36791">
        <ele>1083.6</ele>
      </trkpt>
      <trkpt lat="45.16373" lon="4.36813">
        <ele>1086.0</ele>
      </trkpt>
      <trkpt lat="45.16275" lon="4.36841">
        <ele>1083.6</ele>
      </trkpt>
      <trkpt lat="45.16135" lon="4.36846">
        <ele>1077.0</ele>
      </trkpt>
      <trkpt lat="45.16094" lon="4.36867">
        <ele>1075.1</ele>
      </trkpt>
      <trkpt lat="45.16065" lon="4.36893">
        <ele>1074.8</ele>
      </trkpt>
      <trkpt lat="45.15833" lon="4.37192">
        <ele>1073.0</ele>
      </trkpt>
      <trkpt lat="45.15408" lon="4.37772">
        <ele>1069.3</ele>
      </trkpt>
      <trkpt lat="45.15396" lon="4.37795">
        <ele>1067.5</ele>
      </trkpt>
      <trkpt lat="45.15373" lon="4.3787">
        <ele>1064.3</ele>
      </trkpt>
      <trkpt lat="45.15352" lon="4.38003">
        <ele>1063.2</ele>
      </trkpt>
      <trkpt lat="45.15353" lon="4.38233">
        <ele>1059.5</ele>
      </trkpt>
      <trkpt lat="45.15182" lon="4.3845">
        <ele>1056.6</ele>
      </trkpt>
      <trkpt lat="45.15168" lon="4.38484">
        <ele>1056.1</ele>
      </trkpt>
      <trkpt lat="45.15159" lon="4.38533">
        <ele>1055.4</ele>
      </trkpt>
      <trkpt lat="45.15143" lon="4.38561">
        <ele>1054.8</ele>
      </trkpt>
      <trkpt lat="45.15103" lon="4.38576">
        <ele>1054.2</ele>
      </trkpt>
      <trkpt lat="45.1497" lon="4.38596">
        <ele>1053.2</ele>
      </trkpt>
      <trkpt lat="45.14938" lon="4.38613">
        <ele>1052.8</ele>
      </trkpt>
      <trkpt lat="45.14914" lon="4.38638">
        <ele>1051.9</ele>
      </trkpt>
      <trkpt lat="45.14903" lon="4.38658">
        <ele>1051.1</ele>
      </trkpt>
      <trkpt lat="45.14895" lon="4.38688">
        <ele>1050.2</ele>
      </trkpt>
      <trkpt lat="45.14894" lon="4.38762">
        <ele>1046.4</ele>
      </trkpt>
      <trkpt lat="45.14889" lon="4.38804">
        <ele>1044.7</ele>
      </trkpt>
      <trkpt lat="45.14872" lon="4.3885">
        <ele>1042.9</ele>
      </trkpt>
      <trkpt lat="45.14854" lon="4.38873">
        <ele>1041.9</ele>
      </trkpt>
      <trkpt lat="45.14839" lon="4.38876">
        <ele>1041.2</ele>
      </trkpt>
      <trkpt lat="45.14819" lon="4.38862">
        <ele>1040.7</ele>
      </trkpt>
      <trkpt lat="45.14793" lon="4.38769">
        <ele>1042.0</ele>
      </trkpt>
      <trkpt lat="45.14761" lon="4.38705">
        <ele>1043.9</ele>
      </trkpt>
      <trkpt lat="45.14632" lon="4.38561">
        <ele>1049.8</ele>
      </trkpt>
      <trkpt lat="45.14602" lon="4.38539">
        <ele>1051.1</ele>
      </trkpt>
      <trkpt lat="45.14574" lon="4.3853">
        <ele>1051.9</ele>
      </trkpt>
      <trkpt lat="45.14541" lon="4.3853">
        <ele>1052.9</ele>
      </trkpt>
      <trkpt lat="45.14518" lon="4.38537">
        <ele>1053.7</ele>
      </trkpt>
      <trkpt lat="45.14479" lon="4.38563">
        <ele>1055.0</ele>
      </trkpt>
      <trkpt lat="45.1445" lon="4.38595">
        <ele>1056.0</ele>
      </trkpt>
      <trkpt lat="45.14426" lon="4.38631">
        <ele>1056.9</ele>
      </trkpt>
      <trkpt lat="45.14402" lon="4.38689">
        <ele>1058.1</ele>
      </trkpt>
      <trkpt lat="45.14392" lon="4.38734">
        <ele>1059.1</ele>
      </trkpt>
      <trkpt lat="45.1437" lon="4.38893">
        <ele>1061.2</ele>
      </trkpt>
      <trkpt lat="45.14369" lon="4.39">
        <ele>1062.6</ele>
      </trkpt>
      <trkpt lat="45.14361" lon="4.39031">
        <ele>1062.9</ele>
      </trkpt>
      <trkpt lat="45.14288" lon="4.39148">
        <ele>1063.7</ele>
      </trkpt>
      <trkpt lat="45.14269" lon="4.39214">
        <ele>1064.3</ele>
      </trkpt>
      <trkpt lat="45.14255" lon="4.39243">
        <ele>1064.5</ele>
      </trkpt>
      <trkpt lat="45.14121" lon="4.39383">
        <ele>1065.8</ele>
      </trkpt>
      <trkpt lat="45.14106" lon="4.39409">
        <ele>1065.8</ele>
      </trkpt>
      <trkpt lat="45.14094" lon="4.39444">
        <ele>1065.6</ele>
      </trkpt>
      <trkpt lat="45.14079" lon="4.39462">
        <ele>1065.3</ele>
      </trkpt>
      <trkpt lat="45.14058" lon="4.39466">
        <ele>1065.3</ele>
      </trkpt>
      <trkpt lat="45.14014" lon="4.39459">
        <ele>1066.0</ele>
      </trkpt>
      <trkpt lat="45.13954" lon="4.39507">
        <ele>1065.7</ele>
      </trkpt>
      <trkpt lat="45.1394" lon="4.39504">
        <ele>1065.6</ele>
      </trkpt>
      <trkpt lat="45.13909" lon="4.39477">
        <ele>1065.8</ele>
      </trkpt>
      <trkpt lat="45.13884" lon="4.39479">
        <ele>1066.4</ele>
      </trkpt>
      <trkpt lat="45.13765" lon="4.39589">
        <ele>1074.7</ele>
      </trkpt>
      <trkpt lat="45.13723" lon="4.39605">
        <ele>1077.4</ele>
      </trkpt>
      <trkpt lat="45.13595" lon="4.39602">
        <ele>1084.2</ele>
      </trkpt>
      <trkpt lat="45.13526" lon="4.39616">
        <ele>1087.5</ele>
      </trkpt>
      <trkpt lat="45.13491" lon="4.39616">
        <ele>1089.5</ele>
      </trkpt>
      <trkpt lat="45.13425" lon="4.39598">
        <ele>1091.9</ele>
      </trkpt>
      <trkpt lat="45.13369" lon="4.39574">
        <ele>1093.9</ele>
      </trkpt>
      <trkpt lat="45.13346" lon="4.39554">
        <ele>1095.5</ele>
      </trkpt>
      <trkpt lat="45.13309" lon="4.39499">
        <ele>1098.2</ele>
      </trkpt>
      <trkpt lat="45.13294" lon="4.3949">
        <ele>1098.8</ele>
      </trkpt>
      <trkpt lat="45.13276" lon="4.39489">
        <ele>1099.8</ele>
      </trkpt>
      <trkpt lat="45.13232" lon="4.39499">
        <ele>1101.5</ele>
      </trkpt>
      <trkpt lat="45.13189" lon="4.39517">
        <ele>1103.1</ele>
      </trkpt>
      <trkpt lat="45.13054" lon="4.39607">
        <ele>1106.9</ele>
      </trkpt>
      <trkpt lat="45.12994" lon="4.39658">
        <ele>1107.7</ele>
      </trkpt>
      <trkpt lat="45.12706" lon="4.39954">
        <ele>1107.8</ele>
      </trkpt>
      <trkpt lat="45.12633" lon="4.40051">
        <ele>1108.5</ele>
      </trkpt>
      <trkpt lat="45.12568" lon="4.40122">
        <ele>1110.0</ele>
      </trkpt>
      <trkpt lat="45.12521" lon="4.40185">
        <ele>1110.2</ele>
      </trkpt>
      <trkpt lat="45.12504" lon="4.40216">
        <ele>1110.3</ele>
      </trkpt>
      <trkpt lat="45.12482" lon="4.40274">
        <ele>1110.3</ele>
      </trkpt>
      <trkpt lat="45.12465" lon="4.40301">
        <ele>1110.5</ele>
      </trkpt>
      <trkpt lat="45.12436" lon="4.40317">
        <ele>1111.4</ele>
      </trkpt>
      <trkpt lat="45.12367" lon="4.40305">
        <ele>1113.8</ele>
      </trkpt>
      <trkpt lat="45.12324" lon="4.40356">
        <ele>1116.2</ele>
      </trkpt>
      <trkpt lat="45.12249" lon="4.40474">
        <ele>1114.9</ele>
      </trkpt>
      <trkpt lat="45.12216" lon="4.40548">
        <ele>1112.8</ele>
      </trkpt>
      <trkpt lat="45.12175" lon="4.40694">
        <ele>1106.5</ele>
      </trkpt>
      <trkpt lat="45.12156" lon="4.40826">
        <ele>1099.0</ele>
      </trkpt>
      <trkpt lat="45.12118" lon="4.40917">
        <ele>1094.7</ele>
      </trkpt>
      <trkpt lat="45.12109" lon="4.40949">
        <ele>1093.7</ele>
      </trkpt>
      <trkpt lat="45.12085" lon="4.40934">
        <ele>1093.1</ele>
      </trkpt>
      <trkpt lat="45.11806" lon="4.40916">
        <ele>1094.7</ele>
      </trkpt>
      <trkpt lat="45.11757" lon="4.40901">
        <ele>1095.8</ele>
      </trkpt>
      <trkpt lat="45.11734" lon="4.40875">
        <ele>1096.4</ele>
      </trkpt>
      <trkpt lat="45.117" lon="4.40804">
        <ele>1097.5</ele>
      </trkpt>
      <trkpt lat="45.11667" lon="4.40722">
        <ele>1098.2</ele>
      </trkpt>
      <trkpt lat="45.11614" lon="4.40558">
        <ele>1097.1</ele>
      </trkpt>
      <trkpt lat="45.11599" lon="4.40541">
        <ele>1096.6</ele>
      </trkpt>
      <trkpt lat="45.11588" lon="4.40537">
        <ele>1096.5</ele>
      </trkpt>
      <trkpt lat="45.11577" lon="4.40536">
        <ele>1096.6</ele>
      </trkpt>
      <trkpt lat="45.11552" lon="4.40549">
        <ele>1097.1</ele>
      </trkpt>
      <trkpt lat="45.11486" lon="4.40616">
        <ele>1098.6</ele>
      </trkpt>
      <trkpt lat="45.11426" lon="4.40651">
        <ele>1100.7</ele>
      </trkpt>
      <trkpt lat="45.11395" lon="4.4066">
        <ele>1101.8</ele>
      </trkpt>
      <trkpt lat="45.11348" lon="4.40651">
        <ele>1103.6</ele>
      </trkpt>
      <trkpt lat="45.11177" lon="4.40588">
        <ele>1108.6</ele>
      </trkpt>
      <trkpt lat="45.11116" lon="4.40559">
        <ele>1109.3</ele>
      </trkpt>
      <trkpt lat="45.11089" lon="4.40563">
        <ele>1109.2</ele>
      </trkpt>
      <trkpt lat="45.10983" lon="4.40608">
        <ele>1110.3</ele>
      </trkpt>
      <trkpt lat="45.10937" lon="4.40602">
        <ele>1111.6</ele>
      </trkpt>
      <trkpt lat="45.10907" lon="4.40586">
        <ele>1113.0</ele>
      </trkpt>
      <trkpt lat="45.10857" lon="4.40549">
        <ele>1114.9</ele>
      </trkpt>
      <trkpt lat="45.10739" lon="4.40486">
        <ele>1119.0</ele>
      </trkpt>
      <trkpt lat="45.1071" lon="4.40458">
        <ele>1120.2</ele>
      </trkpt>
      <trkpt lat="45.10686" lon="4.40396">
        <ele>1121.6</ele>
      </trkpt>
      <trkpt lat="45.10677" lon="4.40288">
        <ele>1124.0</ele>
      </trkpt>
      <trkpt lat="45.10655" lon="4.40126">
        <ele>1127.9</ele>
      </trkpt>
      <trkpt lat="45.10627" lon="4.40076">
        <ele>1129.4</ele>
      </trkpt>
      <trkpt lat="45.1059" lon="4.40048">
        <ele>1130.8</ele>
      </trkpt>
      <trkpt lat="45.10495" lon="4.40032">
        <ele>1133.2</ele>
      </trkpt>
      <trkpt lat="45.10422" lon="4.4004">
        <ele>1135.3</ele>
      </trkpt>
      <trkpt lat="45.10373" lon="4.40067">
        <ele>1137.2</ele>
      </trkpt>
      <trkpt lat="45.10276" lon="4.40153">
        <ele>1140.5</ele>
      </trkpt>
      <trkpt lat="45.10211" lon="4.40178">
        <ele>1142.8</ele>
      </trkpt>
      <trkpt lat="45.1016911" lon="4.4018381">
        <ele>1144.4</ele>
      </trkpt>
      <trkpt lat="45.10138" lon="4.40177">
        <ele>1145.6</ele>
      </trkpt>
      <trkpt lat="45.10126" lon="4.40168">
        <ele>1146.0</ele>
      </trkpt>
      <trkpt lat="45.10071" lon="4.40095">
        <ele>1148.6</ele>
      </trkpt>
      <trkpt lat="45.10061" lon="4.40122">
        <ele>1149.4</ele>
      </trkpt>
      <trkpt lat="45.10045" lon="4.40306">
        <ele>1155.6</ele>
      </trkpt>
      <trkpt lat="45.10001" lon="4.40504">
        <ele>1157.2</ele>
      </trkpt>
      <trkpt lat="45.09972" lon="4.406">
        <ele>1156.7</ele>
      </trkpt>
      <trkpt lat="45.09954" lon="4.40703">
        <ele>1155.8</ele>
      </trkpt>
      <trkpt lat="45.09809" lon="4.41098">
        <ele>1145.6</ele>
      </trkpt>
      <trkpt lat="45.09797" lon="4.41168">
        <ele>1144.0</ele>
      </trkpt>
      <trkpt lat="45.09797" lon="4.41266">
        <ele>1141.4</ele>
      </trkpt>
      <trkpt lat="45.09775" lon="4.41318">
        <ele>1140.1</ele>
      </trkpt>
      <trkpt lat="45.09744" lon="4.41359">
        <ele>1139.0</ele>
      </trkpt>
      <trkpt lat="45.09616" lon="4.41468">
        <ele>1135.6</ele>
      </trkpt>
      <trkpt lat="45.09603" lon="4.41464">
        <ele>1135.2</ele>
      </trkpt>
      <trkpt lat="45.09593" lon="4.41449">
        <ele>1134.8</ele>
      </trkpt>
      <trkpt lat="45.09576" lon="4.41364">
        <ele>1132.3</ele>
      </trkpt>
      <trkpt lat="45.09564" lon="4.41334">
        <ele>1131.6</ele>
      </trkpt>
      <trkpt lat="45.09545" lon="4.41313">
        <ele>1130.8</ele>
      </trkpt>
      <trkpt lat="45.09522" lon="4.41306">
        <ele>1130.0</ele>
      </trkpt>
      <trkpt lat="45.09511" lon="4.41309">
        <ele>1129.6</ele>
      </trkpt>
      <trkpt lat="45.09484" lon="4.41328">
        <ele>1128.6</ele>
      </trkpt>
      <trkpt lat="45.09346" lon="4.41464">
        <ele>1123.5</ele>
      </trkpt>
      <trkpt lat="45.0933" lon="4.41486">
        <ele>1122.5</ele>
      </trkpt>
      <trkpt lat="45.09323" lon="4.41508">
        <ele>1122.2</ele>
      </trkpt>
      <trkpt lat="45.0933" lon="4.41585">
        <ele>1120.5</ele>
      </trkpt>
      <trkpt lat="45.09313" lon="4.41746">
        <ele>1117.0</ele>
      </trkpt>
      <trkpt lat="45.09303" lon="4.41779">
        <ele>1116.5</ele>
      </trkpt>
      <trkpt lat="45.09292" lon="4.41783">
        <ele>1116.3</ele>
      </trkpt>
      <trkpt lat="45.09281" lon="4.41779">
        <ele>1115.7</ele>
      </trkpt>
      <trkpt lat="45.09227" lon="4.41687">
        <ele>1112.3</ele>
      </trkpt>
      <trkpt lat="45.09195" lon="4.41672">
        <ele>1111.1</ele>
      </trkpt>
      <trkpt lat="45.09169" lon="4.41678">
        <ele>1110.4</ele>
      </trkpt>
      <trkpt lat="45.09134" lon="4.41703">
        <ele>1108.7</ele>
      </trkpt>
      <trkpt lat="45.09109" lon="4.41732">
        <ele>1107.4</ele>
      </trkpt>
      <trkpt lat="45.09085" lon="4.41778">
        <ele>1105.7</ele>
      </trkpt>
      <trkpt lat="45.0908" lon="4.41813">
        <ele>1104.6</ele>
      </trkpt>
      <trkpt lat="45.09082" lon="4.41833">
        <ele>1103.9</ele>
      </trkpt>
      <trkpt lat="45.09123" lon="4.41988">
        <ele>1097.7</ele>
      </trkpt>
      <trkpt lat="45.09117" lon="4.42009">
        <ele>1097.2</ele>
      </trkpt>
      <trkpt lat="45.09103" lon="4.42023">
        <ele>1096.4</ele>
      </trkpt>
      <trkpt lat="45.09031" lon="4.42044">
        <ele>1092.2</ele>
      </trkpt>
      <trkpt lat="45.09011" lon="4.42075">
        <ele>1090.2</ele>
      </trkpt>
      <trkpt lat="45.09007" lon="4.42108">
        <ele>1088.5</ele>
      </trkpt>
      <trkpt lat="45.09011" lon="4.42192">
        <ele>1085.7</ele>
      </trkpt>
      <trkpt lat="45.09003" lon="4.42226">
        <ele>1084.1</ele>
      </trkpt>
      <trkpt lat="45.08978" lon="4.42292">
        <ele>1081.5</ele>
      </trkpt>
      <trkpt lat="45.08982" lon="4.4237">
        <ele>1078.5</ele>
      </trkpt>
      <trkpt lat="45.08977" lon="4.42389">
        <ele>1077.9</ele>
      </trkpt>
      <trkpt lat="45.08958" lon="4.42403">
        <ele>1076.8</ele>
      </trkpt>
      <trkpt lat="45.0889" lon="4.42385">
        <ele>1072.5</ele>
      </trkpt>
      <trkpt lat="45.08843" lon="4.42387">
        <ele>1069.9</ele>
      </trkpt>
      <trkpt lat="45.08779" lon="4.42414">
        <ele>1066.4</ele>
      </trkpt>
      <trkpt lat="45.08754" lon="4.42447">
        <ele>1064.3</ele>
      </trkpt>
      <trkpt lat="45.08719" lon="4.42569">
        <ele>1059.6</ele>
      </trkpt>
      <trkpt lat="45.08698" lon="4.4262">
        <ele>1057.4</ele>
      </trkpt>
      <trkpt lat="45.08696" lon="4.4265">
        <ele>1056.4</ele>
      </trkpt>
      <trkpt lat="45.08711" lon="4.42684">
        <ele>1055.2</ele>
      </trkpt>
      <trkpt lat="45.08767" lon="4.42736">
        <ele>1051.0</ele>
      </trkpt>
      <trkpt lat="45.08824" lon="4.42803">
        <ele>1047.9</ele>
      </trkpt>
      <trkpt lat="45.08839" lon="4.4284">
        <ele>1046.5</ele>
      </trkpt>
      <trkpt lat="45.08845" lon="4.42879">
        <ele>1045.1</ele>
      </trkpt>
      <trkpt lat="45.08834" lon="4.42898">
        <ele>1044.5</ele>
      </trkpt>
      <trkpt lat="45.08686" lon="4.42991">
        <ele>1032.9</ele>
      </trkpt>
      <trkpt lat="45.08666" lon="4.43015">
        <ele>1031.7</ele>
      </trkpt>
      <trkpt lat="45.08651" lon="4.43043">
        <ele>1029.9</ele>
      </trkpt>
      <trkpt lat="45.08642" lon="4.43075">
        <ele>1028.6</ele>
      </trkpt>
      <trkpt lat="45.08642" lon="4.43109">
        <ele>1027.4</ele>
      </trkpt>
      <trkpt lat="45.08649" lon="4.43137">
        <ele>1025.8</ele>
      </trkpt>
      <trkpt lat="45.08678" lon="4.43197">
        <ele>1023.3</ele>
      </trkpt>
      <trkpt lat="45.08687" lon="4.43226">
        <ele>1022.5</ele>
      </trkpt>
      <trkpt lat="45.08684" lon="4.43278">
        <ele>1020.6</ele>
      </trkpt>
      <trkpt lat="45.08673" lon="4.43302">
        <ele>1019.3</ele>
      </trkpt>
      <trkpt lat="45.08654" lon="4.43317">
        <ele>1017.8</ele>
      </trkpt>
      <trkpt lat="45.08612" lon="4.43331">
        <ele>1015.3</ele>
      </trkpt>
      <trkpt lat="45.08573" lon="4.43357">
        <ele>1013.0</ele>
      </trkpt>
      <trkpt lat="45.08556" lon="4.43362">
        <ele>1012.4</ele>
      </trkpt>
      <trkpt lat="45.08532" lon="4.43345">
        <ele>1011.0</ele>
      </trkpt>
      <trkpt lat="45.08513" lon="4.43295">
        <ele>1008.1</ele>
      </trkpt>
      <trkpt lat="45.08493" lon="4.43275">
        <ele>1006.7</ele>
      </trkpt>
      <trkpt lat="45.08414" lon="4.43253">
        <ele>1002.2</ele>
      </trkpt>
      <trkpt lat="45.08369" lon="4.43258">
        <ele>999.7</ele>
      </trkpt>
      <trkpt lat="45.0834" lon="4.43271">
        <ele>998.3</ele>
      </trkpt>
      <trkpt lat="45.08291" lon="4.43308">
        <ele>995.4</ele>
      </trkpt>
      <trkpt lat="45.08258" lon="4.43341">
        <ele>993.5</ele>
      </trkpt>
      <trkpt lat="45.08208" lon="4.43425">
        <ele>990.1</ele>
      </trkpt>
      <trkpt lat="45.08066" lon="4.43515">
        <ele>983.0</ele>
      </trkpt>
      <trkpt lat="45.08039" lon="4.43539">
        <ele>981.6</ele>
      </trkpt>
      <trkpt lat="45.0797" lon="4.4363">
        <ele>978.0</ele>
      </trkpt>
      <trkpt lat="45.07902" lon="4.43691">
        <ele>974.3</ele>
      </trkpt>
      <trkpt lat="45.07866" lon="4.43757">
        <ele>971.4</ele>
      </trkpt>
      <trkpt lat="45.0783" lon="4.43868">
        <ele>967.1</ele>
      </trkpt>
      <trkpt lat="45.07797" lon="4.4402">
        <ele>961.5</ele>
      </trkpt>
      <trkpt lat="45.07764" lon="4.44099">
        <ele>958.7</ele>
      </trkpt>
      <trkpt lat="45.07763" lon="4.44135">
        <ele>957.4</ele>
      </trkpt>
      <trkpt lat="45.07774" lon="4.44156">
        <ele>956.7</ele>
      </trkpt>
      <trkpt lat="45.0779" lon="4.4417">
        <ele>955.7</ele>
      </trkpt>
      <trkpt lat="45.07848" lon="4.44191">
        <ele>953.4</ele>
      </trkpt>
      <trkpt lat="45.07964" lon="4.44251">
        <ele>948.3</ele>
      </trkpt>
      <trkpt lat="45.08007" lon="4.44284">
        <ele>946.2</ele>
      </trkpt>
      <trkpt lat="45.08103" lon="4.44393">
        <ele>941.0</ele>
      </trkpt>
      <trkpt lat="45.08117" lon="4.44464">
        <ele>938.6</ele>
      </trkpt>
      <trkpt lat="45.08139" lon="4.44509">
        <ele>937.1</ele>
      </trkpt>
      <trkpt lat="45.0814" lon="4.44519">
        <ele>936.7</ele>
      </trkpt>
      <trkpt lat="45.08134" lon="4.44535">
        <ele>936.1</ele>
      </trkpt>
      <trkpt lat="45.08123" lon="4.44543">
        <ele>935.7</ele>
      </trkpt>
      <trkpt lat="45.08051" lon="4.44549">
        <ele>932.0</ele>
      </trkpt>
      <trkpt lat="45.0802" lon="4.4456">
        <ele>930.5</ele>
      </trkpt>
      <trkpt lat="45.07975" lon="4.44586">
        <ele>928.5</ele>
      </trkpt>
      <trkpt lat="45.07875" lon="4.44679">
        <ele>922.7</ele>
      </trkpt>
      <trkpt lat="45.07844" lon="4.4472">
        <ele>920.5</ele>
      </trkpt>
      <trkpt lat="45.07827" lon="4.44756">
        <ele>919.6</ele>
      </trkpt>
      <trkpt lat="45.07793" lon="4.44875">
        <ele>915.5</ele>
      </trkpt>
      <trkpt lat="45.0776" lon="4.45196">
        <ele>901.9</ele>
      </trkpt>
      <trkpt lat="45.07729" lon="4.45353">
        <ele>893.5</ele>
      </trkpt>
      <trkpt lat="45.07717" lon="4.45381">
        <ele>892.5</ele>
      </trkpt>
      <trkpt lat="45.07721" lon="4.45505">
        <ele>893.4</ele>
      </trkpt>
      <trkpt lat="45.07715" lon="4.45568">
        <ele>893.1</ele>
      </trkpt>
      <trkpt lat="45.07718" lon="4.4561">
        <ele>893.0</ele>
      </trkpt>
      <trkpt lat="45.0773" lon="4.45642">
        <ele>891.8</ele>
      </trkpt>
      <trkpt lat="45.07761" lon="4.45665">
        <ele>889.1</ele>
      </trkpt>
      <trkpt lat="45.0778" lon="4.45664">
        <ele>887.8</ele>
      </trkpt>
      <trkpt lat="45.07807" lon="4.4565">
        <ele>885.3</ele>
      </trkpt>
      <trkpt lat="45.07832" lon="4.45662">
        <ele>882.8</ele>
      </trkpt>
      <trkpt lat="45.07855" lon="4.45709">
        <ele>879.6</ele>
      </trkpt>
      <trkpt lat="45.07896" lon="4.45748">
        <ele>875.7</ele>
      </trkpt>
      <trkpt lat="45.07934" lon="4.45836">
        <ele>869.3</ele>
      </trkpt>
      <trkpt lat="45.07965" lon="4.45883">
        <ele>866.3</ele>
      </trkpt>
      <trkpt lat="45.07986" lon="4.45905">
        <ele>864.4</ele>
      </trkpt>
      <trkpt lat="45.08017" lon="4.45919">
        <ele>862.4</ele>
      </trkpt>
      <trkpt lat="45.08063" lon="4.45907">
        <ele>861.1</ele>
      </trkpt>
      <trkpt lat="45.08078" lon="4.45921">
        <ele>859.6</ele>
      </trkpt>
      <trkpt lat="45.08088" lon="4.45969">
        <ele>856.3</ele>
      </trkpt>
      <trkpt lat="45.08084" lon="4.4605">
        <ele>851.3</ele>
      </trkpt>
      <trkpt lat="45.081" lon="4.46134">
        <ele>847.0</ele>
      </trkpt>
      <trkpt lat="45.08122" lon="4.46176">
        <ele>844.1</ele>
      </trkpt>
      <trkpt lat="45.08189" lon="4.46242">
        <ele>838.6</ele>
      </trkpt>
      <trkpt lat="45.0821" lon="4.46271">
        <ele>836.8</ele>
      </trkpt>
      <trkpt lat="45.08221" lon="4.46309">
        <ele>835.3</ele>
      </trkpt>
      <trkpt lat="45.08239" lon="4.46408">
        <ele>830.5</ele>
      </trkpt>
      <trkpt lat="45.08301" lon="4.46562">
        <ele>821.4</ele>
      </trkpt>
      <trkpt lat="45.08384" lon="4.46806">
        <ele>811.1</ele>
      </trkpt>
      <trkpt lat="45.08401" lon="4.46817">
        <ele>809.9</ele>
      </trkpt>
      <trkpt lat="45.08412" lon="4.46815">
        <ele>809.5</ele>
      </trkpt>
      <trkpt lat="45.08467" lon="4.46763">
        <ele>804.4</ele>
      </trkpt>
      <trkpt lat="45.08521" lon="4.46768">
        <ele>800.0</ele>
      </trkpt>
      <trkpt lat="45.08557" lon="4.46743">
        <ele>796.1</ele>
      </trkpt>
      <trkpt lat="45.08592" lon="4.46695">
        <ele>792.9</ele>
      </trkpt>
      <trkpt lat="45.0861" lon="4.46658">
        <ele>790.6</ele>
      </trkpt>
      <trkpt lat="45.08638" lon="4.46567">
        <ele>787.2</ele>
      </trkpt>
      <trkpt lat="45.08644" lon="4.46508">
        <ele>786.9</ele>
      </trkpt>
      <trkpt lat="45.08651" lon="4.46497">
        <ele>786.6</ele>
      </trkpt>
      <trkpt lat="45.08661" lon="4.465">
        <ele>786.2</ele>
      </trkpt>
      <trkpt lat="45.08669" lon="4.46517">
        <ele>785.0</ele>
      </trkpt>
      <trkpt lat="45.08698" lon="4.46633">
        <ele>775.5</ele>
      </trkpt>
      <trkpt lat="45.08705" lon="4.467">
        <ele>771.1</ele>
      </trkpt>
      <trkpt lat="45.08696" lon="4.46789">
        <ele>766.5</ele>
      </trkpt>
      <trkpt lat="45.08682" lon="4.46841">
        <ele>763.4</ele>
      </trkpt>
      <trkpt lat="45.08653" lon="4.46909">
        <ele>760.0</ele>
      </trkpt>
      <trkpt lat="45.08608" lon="4.46966">
        <ele>757.0</ele>
      </trkpt>
      <trkpt lat="45.08608" lon="4.46986">
        <ele>756.3</ele>
      </trkpt>
      <trkpt lat="45.08624" lon="4.47044">
        <ele>752.8</ele>
      </trkpt>
      <trkpt lat="45.08635" lon="4.47053">
        <ele>752.2</ele>
      </trkpt>
      <trkpt lat="45.08649" lon="4.47055">
        <ele>751.2</ele>
      </trkpt>
      <trkpt lat="45.08702" lon="4.47049">
        <ele>747.6</ele>
      </trkpt>
      <trkpt lat="45.08721" lon="4.47054">
        <ele>746.5</ele>
      </trkpt>
      <trkpt lat="45.08727" lon="4.47068">
        <ele>745.9</ele>
      </trkpt>
      <trkpt lat="45.08718" lon="4.47121">
        <ele>741.7</ele>
      </trkpt>
      <trkpt lat="45.08721" lon="4.47145">
        <ele>740.2</ele>
      </trkpt>
      <trkpt lat="45.0874" lon="4.4719">
        <ele>737.1</ele>
      </trkpt>
      <trkpt lat="45.0876" lon="4.47212">
        <ele>735.2</ele>
      </trkpt>
      <trkpt lat="45.08839" lon="4.47265">
        <ele>728.0</ele>
      </trkpt>
      <trkpt lat="45.08893" lon="4.47266">
        <ele>724.7</ele>
      </trkpt>
      <trkpt lat="45.08953" lon="4.47258">
        <ele>721.5</ele>
      </trkpt>
      <trkpt lat="45.08973" lon="4.47264">
        <ele>719.6</ele>
      </trkpt>
      <trkpt lat="45.09002" lon="4.47289">
        <ele>716.2</ele>
      </trkpt>
      <trkpt lat="45.0907" lon="4.47379">
        <ele>710.7</ele>
      </trkpt>
      <trkpt lat="45.09086" lon="4.47387">
        <ele>710.2</ele>
      </trkpt>
      <trkpt lat="45.09159" lon="4.47374">
        <ele>704.4</ele>
      </trkpt>
      <trkpt lat="45.09191" lon="4.47356">
        <ele>702.1</ele>
      </trkpt>
      <trkpt lat="45.09201" lon="4.47328">
        <ele>699.8</ele>
      </trkpt>
      <trkpt lat="45.09215" lon="4.4725">
        <ele>696.4</ele>
      </trkpt>
      <trkpt lat="45.09228" lon="4.47227">
        <ele>695.7</ele>
      </trkpt>
      <trkpt lat="45.09238" lon="4.47228">
        <ele>695.3</ele>
      </trkpt>
      <trkpt lat="45.09246" lon="4.47248">
        <ele>694.5</ele>
      </trkpt>
      <trkpt lat="45.09261" lon="4.47333">
        <ele>687.3</ele>
      </trkpt>
      <trkpt lat="45.09281" lon="4.47395">
        <ele>682.9</ele>
      </trkpt>
      <trkpt lat="45.09294" lon="4.47484">
        <ele>677.8</ele>
      </trkpt>
      <trkpt lat="45.09348" lon="4.47614">
        <ele>670.7</ele>
      </trkpt>
      <trkpt lat="45.09363" lon="4.47633">
        <ele>670.1</ele>
      </trkpt>
      <trkpt lat="45.09376" lon="4.47638">
        <ele>669.5</ele>
      </trkpt>
      <trkpt lat="45.0942" lon="4.47636">
        <ele>666.6</ele>
      </trkpt>
      <trkpt lat="45.09435" lon="4.47644">
        <ele>666.1</ele>
      </trkpt>
      <trkpt lat="45.09473" lon="4.47635">
        <ele>666.3</ele>
      </trkpt>
      <trkpt lat="45.0948" lon="4.47643">
        <ele>666.3</ele>
      </trkpt>
      <trkpt lat="45.09494" lon="4.47685">
        <ele>666.4</ele>
      </trkpt>
      <trkpt lat="45.09504" lon="4.47701">
        <ele>666.4</ele>
      </trkpt>
      <trkpt lat="45.09395" lon="4.47755">
        <ele>666.7</ele>
      </trkpt>
      <trkpt lat="45.09385" lon="4.47774">
        <ele>666.9</ele>
      </trkpt>
      <trkpt lat="45.09374" lon="4.47816">
        <ele>667.1</ele>
      </trkpt>
      <trkpt lat="45.09362" lon="4.4783">
        <ele>667.1</ele>
      </trkpt>
      <trkpt lat="45.09347" lon="4.47827">
        <ele>667.0</ele>
      </trkpt>
      <trkpt lat="45.09314" lon="4.47804">
        <ele>667.0</ele>
      </trkpt>
      <trkpt lat="45.09304" lon="4.47784">
        <ele>667.0</ele>
      </trkpt>
      <trkpt lat="45.09289" lon="4.47729">
        <ele>667.4</ele>
      </trkpt>
      <trkpt lat="45.0925" lon="4.47688">
        <ele>670.4</ele>
      </trkpt>
      <trkpt lat="45.09224" lon="4.4764">
        <ele>672.7</ele>
      </trkpt>
      <trkpt lat="45.0921" lon="4.47628">
        <ele>673.6</ele>
      </trkpt>
      <trkpt lat="45.09175" lon="4.47633">
        <ele>675.5</ele>
      </trkpt>
      <trkpt lat="45.09051" lon="4.47722">
        <ele>684.0</ele>
      </trkpt>
      <trkpt lat="45.09005" lon="4.47736">
        <ele>686.6</ele>
      </trkpt>
      <trkpt lat="45.08917" lon="4.47747">
        <ele>691.1</ele>
      </trkpt>
      <trkpt lat="45.08897" lon="4.47767">
        <ele>692.3</ele>
      </trkpt>
      <trkpt lat="45.08843" lon="4.47851">
        <ele>697.9</ele>
      </trkpt>
      <trkpt lat="45.08806" lon="4.47929">
        <ele>701.5</ele>
      </trkpt>
      <trkpt lat="45.08799" lon="4.47964">
        <ele>703.2</ele>
      </trkpt>
      <trkpt lat="45.08817" lon="4.48024">
        <ele>706.6</ele>
      </trkpt>
      <trkpt lat="45.08817" lon="4.48047">
        <ele>708.2</ele>
      </trkpt>
      <trkpt lat="45.08812" lon="4.4806">
        <ele>708.8</ele>
      </trkpt>
      <trkpt lat="45.08763" lon="4.48113">
        <ele>714.2</ele>
      </trkpt>
      <trkpt lat="45.08699" lon="4.48203">
        <ele>720.4</ele>
      </trkpt>
      <trkpt lat="45.08662" lon="4.48211">
        <ele>722.8</ele>
      </trkpt>
      <trkpt lat="45.08645" lon="4.48223">
        <ele>724.1</ele>
      </trkpt>
      <trkpt lat="45.08635" lon="4.48255">
        <ele>725.3</ele>
      </trkpt>
      <trkpt lat="45.08663" lon="4.48467">
        <ele>735.7</ele>
      </trkpt>
      <trkpt lat="45.08663" lon="4.48531">
        <ele>738.8</ele>
      </trkpt>
      <trkpt lat="45.08667" lon="4.48547">
        <ele>739.5</ele>
      </trkpt>
      <trkpt lat="45.08697" lon="4.48576">
        <ele>742.2</ele>
      </trkpt>
      <trkpt lat="45.08859" lon="4.48643">
        <ele>754.1</ele>
      </trkpt>
      <trkpt lat="45.08871" lon="4.48661">
        <ele>755.1</ele>
      </trkpt>
      <trkpt lat="45.08865" lon="4.48684">
        <ele>756.1</ele>
      </trkpt>
      <trkpt lat="45.08803" lon="4.48764">
        <ele>761.8</ele>
      </trkpt>
      <trkpt lat="45.08786" lon="4.48803">
        <ele>763.5</ele>
      </trkpt>
      <trkpt lat="45.08783" lon="4.48838">
        <ele>764.9</ele>
      </trkpt>
      <trkpt lat="45.08795" lon="4.4894">
        <ele>770.3</ele>
      </trkpt>
      <trkpt lat="45.08789" lon="4.48988">
        <ele>772.6</ele>
      </trkpt>
      <trkpt lat="45.08765" lon="4.49101">
        <ele>778.3</ele>
      </trkpt>
      <trkpt lat="45.08763" lon="4.49161">
        <ele>780.9</ele>
      </trkpt>
      <trkpt lat="45.08766" lon="4.49176">
        <ele>781.3</ele>
      </trkpt>
      <trkpt lat="45.08783" lon="4.49189">
        <ele>782.0</ele>
      </trkpt>
      <trkpt lat="45.0882" lon="4.49177">
        <ele>784.3</ele>
      </trkpt>
      <trkpt lat="45.08884" lon="4.49189">
        <ele>790.2</ele>
      </trkpt>
      <trkpt lat="45.08907" lon="4.49183">
        <ele>791.5</ele>
      </trkpt>
      <trkpt lat="45.0894" lon="4.49156">
        <ele>794.6</ele>
      </trkpt>
      <trkpt lat="45.08956" lon="4.49157">
        <ele>795.7</ele>
      </trkpt>
      <trkpt lat="45.08984" lon="4.49222">
        <ele>799.6</ele>
      </trkpt>
      <trkpt lat="45.09001" lon="4.49301">
        <ele>803.7</ele>
      </trkpt>
      <trkpt lat="45.09011" lon="4.49322">
        <ele>804.5</ele>
      </trkpt>
      <trkpt lat="45.09035" lon="4.49344">
        <ele>807.0</ele>
      </trkpt>
      <trkpt lat="45.09113" lon="4.49369">
        <ele>812.1</ele>
      </trkpt>
      <trkpt lat="45.09151" lon="4.49398">
        <ele>815.0</ele>
      </trkpt>
      <trkpt lat="45.09156" lon="4.49411">
        <ele>815.5</ele>
      </trkpt>
      <trkpt lat="45.09151" lon="4.49456">
        <ele>817.5</ele>
      </trkpt>
      <trkpt lat="45.09153" lon="4.49483">
        <ele>818.8</ele>
      </trkpt>
      <trkpt lat="45.09176" lon="4.49546">
        <ele>822.2</ele>
      </trkpt>
      <trkpt lat="45.09198" lon="4.49575">
        <ele>824.2</ele>
      </trkpt>
      <trkpt lat="45.09278" lon="4.49649">
        <ele>831.4</ele>
      </trkpt>
      <trkpt lat="45.09299" lon="4.49679">
        <ele>834.0</ele>
      </trkpt>
      <trkpt lat="45.09299" lon="4.49709">
        <ele>835.0</ele>
      </trkpt>
      <trkpt lat="45.09283" lon="4.49752">
        <ele>837.6</ele>
      </trkpt>
      <trkpt lat="45.0927" lon="4.49772">
        <ele>839.2</ele>
      </trkpt>
      <trkpt lat="45.09231" lon="4.49805">
        <ele>841.5</ele>
      </trkpt>
      <trkpt lat="45.09202" lon="4.4984">
        <ele>843.9</ele>
      </trkpt>
      <trkpt lat="45.0919" lon="4.49867">
        <ele>845.1</ele>
      </trkpt>
      <trkpt lat="45.09179" lon="4.49919">
        <ele>847.7</ele>
      </trkpt>
      <trkpt lat="45.09179" lon="4.49976">
        <ele>850.9</ele>
      </trkpt>
      <trkpt lat="45.09191" lon="4.50038">
        <ele>853.7</ele>
      </trkpt>
      <trkpt lat="45.09197" lon="4.50135">
        <ele>858.2</ele>
      </trkpt>
      <trkpt lat="45.09234" lon="4.50225">
        <ele>863.8</ele>
      </trkpt>
      <trkpt lat="45.0925" lon="4.50247">
        <ele>865.0</ele>
      </trkpt>
      <trkpt lat="45.09267" lon="4.50258">
        <ele>866.9</ele>
      </trkpt>
      <trkpt lat="45.09359" lon="4.50272">
        <ele>874.2</ele>
      </trkpt>
      <trkpt lat="45.09368" lon="4.50281">
        <ele>874.7</ele>
      </trkpt>
      <trkpt lat="45.09398" lon="4.50348">
        <ele>878.8</ele>
      </trkpt>
      <trkpt lat="45.09411" lon="4.50361">
        <ele>879.9</ele>
      </trkpt>
      <trkpt lat="45.09427" lon="4.50367">
        <ele>880.9</ele>
      </trkpt>
      <trkpt lat="45.09447" lon="4.50368">
        <ele>882.2</ele>
      </trkpt>
      <trkpt lat="45.09567" lon="4.50345">
        <ele>892.2</ele>
      </trkpt>
      <trkpt lat="45.09649" lon="4.50321">
        <ele>898.9</ele>
      </trkpt>
      <trkpt lat="45.09706" lon="4.50321">
        <ele>902.9</ele>
      </trkpt>
      <trkpt lat="45.09781" lon="4.50305">
        <ele>909.2</ele>
      </trkpt>
      <trkpt lat="45.09811" lon="4.50315">
        <ele>910.8</ele>
      </trkpt>
      <trkpt lat="45.0982" lon="4.50328">
        <ele>911.9</ele>
      </trkpt>
      <trkpt lat="45.09835" lon="4.50373">
        <ele>914.4</ele>
      </trkpt>
      <trkpt lat="45.09833" lon="4.50416">
        <ele>916.8</ele>
      </trkpt>
      <trkpt lat="45.0978" lon="4.50543">
        <ele>924.8</ele>
      </trkpt>
      <trkpt lat="45.09721" lon="4.50667">
        <ele>931.2</ele>
      </trkpt>
      <trkpt lat="45.09714" lon="4.50704">
        <ele>933.1</ele>
      </trkpt>
      <trkpt lat="45.09722" lon="4.50732">
        <ele>934.7</ele>
      </trkpt>
      <trkpt lat="45.0974" lon="4.50743">
        <ele>935.8</ele>
      </trkpt>
      <trkpt lat="45.09764" lon="4.50741">
        <ele>937.3</ele>
      </trkpt>
      <trkpt lat="45.09848" lon="4.50699">
        <ele>944.2</ele>
      </trkpt>
      <trkpt lat="45.09922" lon="4.50687">
        <ele>949.3</ele>
      </trkpt>
      <trkpt lat="45.09995" lon="4.50689">
        <ele>954.1</ele>
      </trkpt>
      <trkpt lat="45.10096" lon="4.50734">
        <ele>962.3</ele>
      </trkpt>
      <trkpt lat="45.10117" lon="4.50754">
        <ele>963.5</ele>
      </trkpt>
      <trkpt lat="45.10141" lon="4.50797">
        <ele>966.5</ele>
      </trkpt>
      <trkpt lat="45.1015" lon="4.50835">
        <ele>968.6</ele>
      </trkpt>
      <trkpt lat="45.10155" lon="4.50908">
        <ele>972.5</ele>
      </trkpt>
      <trkpt lat="45.10164" lon="4.50933">
        <ele>973.7</ele>
      </trkpt>
      <trkpt lat="45.10279" lon="4.51042">
        <ele>982.1</ele>
      </trkpt>
      <trkpt lat="45.10323" lon="4.51075">
        <ele>984.2</ele>
      </trkpt>
      <trkpt lat="45.10361" lon="4.51081">
        <ele>985.6</ele>
      </trkpt>
      <trkpt lat="45.10397" lon="4.51065">
        <ele>987.1</ele>
      </trkpt>
      <trkpt lat="45.10422" lon="4.51034">
        <ele>988.7</ele>
      </trkpt>
      <trkpt lat="45.10451" lon="4.50967">
        <ele>990.9</ele>
      </trkpt>
      <trkpt lat="45.10464" lon="4.50952">
        <ele>991.6</ele>
      </trkpt>
      <trkpt lat="45.10511" lon="4.50961">
        <ele>993.1</ele>
      </trkpt>
      <trkpt lat="45.1053" lon="4.50949">
        <ele>993.8</ele>
      </trkpt>
      <trkpt lat="45.10544" lon="4.50926">
        <ele>994.4</ele>
      </trkpt>
      <trkpt lat="45.10569" lon="4.50863">
        <ele>995.8</ele>
      </trkpt>
      <trkpt lat="45.10621" lon="4.50802">
        <ele>997.7</ele>
      </trkpt>
      <trkpt lat="45.10639" lon="4.50794">
        <ele>998.5</ele>
      </trkpt>
      <trkpt lat="45.10664" lon="4.50805">
        <ele>999.3</ele>
      </trkpt>
      <trkpt lat="45.10686" lon="4.50859">
        <ele>1000.5</ele>
      </trkpt>
      <trkpt lat="45.10703" lon="4.50881">
        <ele>1001.2</ele>
      </trkpt>
      <trkpt lat="45.10755" lon="4.50906">
        <ele>1002.5</ele>
      </trkpt>
      <trkpt lat="45.10801" lon="4.5091">
        <ele>1003.8</ele>
      </trkpt>
      <trkpt lat="45.10867" lon="4.50896">
        <ele>1005.7</ele>
      </trkpt>
      <trkpt lat="45.10929" lon="4.50891">
        <ele>1007.4</ele>
      </trkpt>
      <trkpt lat="45.11031" lon="4.50901">
        <ele>1010.1</ele>
      </trkpt>
      <trkpt lat="45.11057" lon="4.50914">
        <ele>1010.9</ele>
      </trkpt>
      <trkpt lat="45.11068" lon="4.50945">
        <ele>1011.9</ele>
      </trkpt>
      <trkpt lat="45.1107" lon="4.50991">
        <ele>1014.2</ele>
      </trkpt>
      <trkpt lat="45.11052" lon="4.51146">
        <ele>1018.8</ele>
      </trkpt>
      <trkpt lat="45.11055" lon="4.51177">
        <ele>1019.6</ele>
      </trkpt>
      <trkpt lat="45.11064" lon="4.51202">
        <ele>1020.8</ele>
      </trkpt>
      <trkpt lat="45.1108" lon="4.51222">
        <ele>1021.8</ele>
      </trkpt>
      <trkpt lat="45.11131" lon="4.51256">
        <ele>1024.6</ele>
      </trkpt>
      <trkpt lat="45.11166" lon="4.51287">
        <ele>1027.3</ele>
      </trkpt>
      <trkpt lat="45.11215" lon="4.51347">
        <ele>1031.3</ele>
      </trkpt>
      <trkpt lat="45.11262" lon="4.51425">
        <ele>1034.1</ele>
      </trkpt>
      <trkpt lat="45.11278" lon="4.51524">
        <ele>1037.5</ele>
      </trkpt>
      <trkpt lat="45.11294" lon="4.51559">
        <ele>1038.2</ele>
      </trkpt>
      <trkpt lat="45.1132" lon="4.51595">
        <ele>1039.5</ele>
      </trkpt>
      <trkpt lat="45.11417" lon="4.51699">
        <ele>1043.8</ele>
      </trkpt>
      <trkpt lat="45.11449" lon="4.51718">
        <ele>1044.5</ele>
      </trkpt>
      <trkpt lat="45.11515" lon="4.51743">
        <ele>1045.7</ele>
      </trkpt>
      <trkpt lat="45.11526" lon="4.51754">
        <ele>1046.1</ele>
      </trkpt>
      <trkpt lat="45.11534" lon="4.5183">
        <ele>1048.0</ele>
      </trkpt>
      <trkpt lat="45.11534" lon="4.51938">
        <ele>1052.5</ele>
      </trkpt>
      <trkpt lat="45.1157" lon="4.52031">
        <ele>1054.5</ele>
      </trkpt>
      <trkpt lat="45.11594" lon="4.52057">
        <ele>1055.2</ele>
      </trkpt>
      <trkpt lat="45.11701" lon="4.52121">
        <ele>1058.9</ele>
      </trkpt>
      <trkpt lat="45.11704" lon="4.52132">
        <ele>1059.3</ele>
      </trkpt>
      <trkpt lat="45.11701" lon="4.52148">
        <ele>1059.8</ele>
      </trkpt>
      <trkpt lat="45.11674" lon="4.52181">
        <ele>1061.7</ele>
      </trkpt>
      <trkpt lat="45.11656" lon="4.52228">
        <ele>1064.4</ele>
      </trkpt>
      <trkpt lat="45.11643" lon="4.52427">
        <ele>1074.7</ele>
      </trkpt>
      <trkpt lat="45.11649" lon="4.52478">
        <ele>1076.9</ele>
      </trkpt>
      <trkpt lat="45.1167" lon="4.52542">
        <ele>1079.4</ele>
      </trkpt>
      <trkpt lat="45.11693" lon="4.52638">
        <ele>1079.9</ele>
      </trkpt>
      <trkpt lat="45.11723" lon="4.52716">
        <ele>1079.5</ele>
      </trkpt>
      <trkpt lat="45.11782" lon="4.52825">
        <ele>1079.2</ele>
      </trkpt>
      <trkpt lat="45.118" lon="4.52844">
        <ele>1079.0</ele>
      </trkpt>
      <trkpt lat="45.11841" lon="4.52871">
        <ele>1078.9</ele>
      </trkpt>
      <trkpt lat="45.11861" lon="4.52924">
        <ele>1080.3</ele>
      </trkpt>
      <trkpt lat="45.11915" lon="4.52975">
        <ele>1083.6</ele>
      </trkpt>
      <trkpt lat="45.11944" lon="4.53017">
        <ele>1086.2</ele>
      </trkpt>
      <trkpt lat="45.11955" lon="4.53041">
        <ele>1087.8</ele>
      </trkpt>
      <trkpt lat="45.11975" lon="4.5313">
        <ele>1090.8</ele>
      </trkpt>
      <trkpt lat="45.12" lon="4.53204">
        <ele>1092.4</ele>
      </trkpt>
      <trkpt lat="45.12011" lon="4.5322">
        <ele>1092.3</ele>
      </trkpt>
      <trkpt lat="45.12014" lon="4.53251">
        <ele>1091.5</ele>
      </trkpt>
      <trkpt lat="45.12073" lon="4.53335">
        <ele>1086.1</ele>
      </trkpt>
      <trkpt lat="45.12074" lon="4.53361">
        <ele>1085.3</ele>
      </trkpt>
      <trkpt lat="45.12038" lon="4.53456">
        <ele>1082.8</ele>
      </trkpt>
      <trkpt lat="45.12002" lon="4.53489">
        <ele>1081.8</ele>
      </trkpt>
      <trkpt lat="45.11937" lon="4.53522">
        <ele>1081.6</ele>
      </trkpt>
      <trkpt lat="45.11919" lon="4.53558">
        <ele>1081.9</ele>
      </trkpt>
      <trkpt lat="45.11915" lon="4.53581">
        <ele>1082.0</ele>
      </trkpt>
      <trkpt lat="45.11742" lon="4.53629">
        <ele>1080.5</ele>
      </trkpt>
      <trkpt lat="45.11725" lon="4.53642">
        <ele>1080.7</ele>
      </trkpt>
      <trkpt lat="45.11706" lon="4.53667">
        <ele>1081.4</ele>
      </trkpt>
      <trkpt lat="45.11691" lon="4.53698">
        <ele>1081.7</ele>
      </trkpt>
      <trkpt lat="45.11678" lon="4.53741">
        <ele>1081.5</ele>
      </trkpt>
      <trkpt lat="45.1167" lon="4.53778">
        <ele>1081.3</ele>
      </trkpt>
      <trkpt lat="45.1167" lon="4.53808">
        <ele>1081.1</ele>
      </trkpt>
      <trkpt lat="45.11677" lon="4.5385">
        <ele>1080.7</ele>
      </trkpt>
      <trkpt lat="45.11709" lon="4.53956">
        <ele>1080.0</ele>
      </trkpt>
      <trkpt lat="45.11719" lon="4.54006">
        <ele>1079.9</ele>
      </trkpt>
      <trkpt lat="45.11724" lon="4.54204">
        <ele>1079.0</ele>
      </trkpt>
      <trkpt lat="45.1172" lon="4.54241">
        <ele>1078.7</ele>
      </trkpt>
      <trkpt lat="45.1171" lon="4.5426">
        <ele>1078.6</ele>
      </trkpt>
      <trkpt lat="45.11694" lon="4.54274">
        <ele>1078.0</ele>
      </trkpt>
      <trkpt lat="45.11626" lon="4.54286">
        <ele>1075.9</ele>
      </trkpt>
      <trkpt lat="45.11605" lon="4.54297">
        <ele>1074.8</ele>
      </trkpt>
      <trkpt lat="45.11545" lon="4.54365">
        <ele>1071.5</ele>
      </trkpt>
      <trkpt lat="45.11524" lon="4.54379">
        <ele>1070.2</ele>
      </trkpt>
      <trkpt lat="45.1149" lon="4.5438">
        <ele>1068.9</ele>
      </trkpt>
      <trkpt lat="45.11434" lon="4.54358">
        <ele>1066.9</ele>
      </trkpt>
      <trkpt lat="45.11416" lon="4.54357">
        <ele>1066.2</ele>
      </trkpt>
      <trkpt lat="45.11378" lon="4.54367">
        <ele>1064.5</ele>
      </trkpt>
      <trkpt lat="45.11325" lon="4.544">
        <ele>1060.9</ele>
      </trkpt>
      <trkpt lat="45.11254" lon="4.54493">
        <ele>1056.3</ele>
      </trkpt>
      <trkpt lat="45.11241" lon="4.545">
        <ele>1056.0</ele>
      </trkpt>
      <trkpt lat="45.11229" lon="4.54497">
        <ele>1055.5</ele>
      </trkpt>
      <trkpt lat="45.11211" lon="4.54473">
        <ele>1054.8</ele>
      </trkpt>
      <trkpt lat="45.11185" lon="4.54395">
        <ele>1054.0</ele>
      </trkpt>
      <trkpt lat="45.11163" lon="4.54296">
        <ele>1052.9</ele>
      </trkpt>
      <trkpt lat="45.1116" lon="4.54188">
        <ele>1050.8</ele>
      </trkpt>
      <trkpt lat="45.11148" lon="4.54169">
        <ele>1049.8</ele>
      </trkpt>
      <trkpt lat="45.11139" lon="4.54165">
        <ele>1049.1</ele>
      </trkpt>
      <trkpt lat="45.1109" lon="4.54177">
        <ele>1046.8</ele>
      </trkpt>
      <trkpt lat="45.11026" lon="4.54209">
        <ele>1045.8</ele>
      </trkpt>
      <trkpt lat="45.10969" lon="4.5425">
        <ele>1044.6</ele>
      </trkpt>
      <trkpt lat="45.10935" lon="4.54286">
        <ele>1043.2</ele>
      </trkpt>
      <trkpt lat="45.10898" lon="4.54312">
        <ele>1040.4</ele>
      </trkpt>
      <trkpt lat="45.10869" lon="4.54342">
        <ele>1037.8</ele>
      </trkpt>
      <trkpt lat="45.10851" lon="4.5435">
        <ele>1035.8</ele>
      </trkpt>
      <trkpt lat="45.10816" lon="4.54334">
        <ele>1032.5</ele>
      </trkpt>
      <trkpt lat="45.10715" lon="4.54256">
        <ele>1020.7</ele>
      </trkpt>
      <trkpt lat="45.10641" lon="4.5422">
        <ele>1018.9</ele>
      </trkpt>
      <trkpt lat="45.10567" lon="4.54198">
        <ele>1018.5</ele>
      </trkpt>
      <trkpt lat="45.10477" lon="4.54191">
        <ele>1017.2</ele>
      </trkpt>
      <trkpt lat="45.10444" lon="4.54195">
        <ele>1017.2</ele>
      </trkpt>
      <trkpt lat="45.10421" lon="4.54206">
        <ele>1017.4</ele>
      </trkpt>
      <trkpt lat="45.10373" lon="4.54256">
        <ele>1018.5</ele>
      </trkpt>
      <trkpt lat="45.10347" lon="4.54265">
        <ele>1018.6</ele>
      </trkpt>
      <trkpt lat="45.10329" lon="4.54257">
        <ele>1018.6</ele>
      </trkpt>
      <trkpt lat="45.10222" lon="4.54175">
        <ele>1017.8</ele>
      </trkpt>
      <trkpt lat="45.10167" lon="4.54162">
        <ele>1015.8</ele>
      </trkpt>
      <trkpt lat="45.10142" lon="4.54166">
        <ele>1014.1</ele>
      </trkpt>
      <trkpt lat="45.10128" lon="4.54183">
        <ele>1012.7</ele>
      </trkpt>
      <trkpt lat="45.10115" lon="4.54259">
        <ele>1009.3</ele>
      </trkpt>
      <trkpt lat="45.10101" lon="4.54304">
        <ele>1007.9</ele>
      </trkpt>
      <trkpt lat="45.1009" lon="4.54329">
        <ele>1007.2</ele>
      </trkpt>
      <trkpt lat="45.1005" lon="4.5438">
        <ele>1004.8</ele>
      </trkpt>
      <trkpt lat="45.10045" lon="4.54409">
        <ele>1004.0</ele>
      </trkpt>
      <trkpt lat="45.10053" lon="4.54465">
        <ele>1002.5</ele>
      </trkpt>
      <trkpt lat="45.10053" lon="4.54494">
        <ele>1001.4</ele>
      </trkpt>
      <trkpt lat="45.1002" lon="4.54583">
        <ele>996.5</ele>
      </trkpt>
      <trkpt lat="45.10018" lon="4.54685">
        <ele>992.5</ele>
      </trkpt>
      <trkpt lat="45.10027" lon="4.54741">
        <ele>989.9</ele>
      </trkpt>
      <trkpt lat="45.10117" lon="4.54946">
        <ele>979.7</ele>
      </trkpt>
      <trkpt lat="45.10134" lon="4.54968">
        <ele>978.4</ele>
      </trkpt>
      <trkpt lat="45.10181" lon="4.54999">
        <ele>974.8</ele>
      </trkpt>
      <trkpt lat="45.10234" lon="4.55073">
        <ele>969.2</ele>
      </trkpt>
      <trkpt lat="45.10307" lon="4.55139">
        <ele>963.4</ele>
      </trkpt>
      <trkpt lat="45.10321" lon="4.55167">
        <ele>961.5</ele>
      </trkpt>
      <trkpt lat="45.10326" lon="4.55206">
        <ele>959.2</ele>
      </trkpt>
      <trkpt lat="45.10318" lon="4.55282">
        <ele>955.6</ele>
      </trkpt>
      <trkpt lat="45.10331" lon="4.55346">
        <ele>951.8</ele>
      </trkpt>
      <trkpt lat="45.10351" lon="4.55396">
        <ele>948.5</ele>
      </trkpt>
      <trkpt lat="45.10384" lon="4.5546">
        <ele>945.5</ele>
      </trkpt>
      <trkpt lat="45.10399" lon="4.55559">
        <ele>940.3</ele>
      </trkpt>
      <trkpt lat="45.10436" lon="4.5563">
        <ele>936.6</ele>
      </trkpt>
      <trkpt lat="45.10454" lon="4.55675">
        <ele>934.4</ele>
      </trkpt>
      <trkpt lat="45.10485" lon="4.55814">
        <ele>926.3</ele>
      </trkpt>
      <trkpt lat="45.10496" lon="4.55895">
        <ele>922.0</ele>
      </trkpt>
      <trkpt lat="45.10495" lon="4.56087">
        <ele>911.9</ele>
      </trkpt>
      <trkpt lat="45.10513" lon="4.56198">
        <ele>907.1</ele>
      </trkpt>
      <trkpt lat="45.10517" lon="4.56262">
        <ele>904.6</ele>
      </trkpt>
      <trkpt lat="45.10481" lon="4.56452">
        <ele>897.0</ele>
      </trkpt>
      <trkpt lat="45.10419" lon="4.56618">
        <ele>891.1</ele>
      </trkpt>
      <trkpt lat="45.10403" lon="4.56677">
        <ele>888.9</ele>
      </trkpt>
      <trkpt lat="45.10354" lon="4.56929">
        <ele>879.1</ele>
      </trkpt>
      <trkpt lat="45.10343" lon="4.57015">
        <ele>876.4</ele>
      </trkpt>
      <trkpt lat="45.10324" lon="4.57093">
        <ele>874.2</ele>
      </trkpt>
      <trkpt lat="45.10313" lon="4.57218">
        <ele>872.6</ele>
      </trkpt>
      <trkpt lat="45.10296" lon="4.57276">
        <ele>871.7</ele>
      </trkpt>
      <trkpt lat="45.10275" lon="4.57384">
        <ele>870.2</ele>
      </trkpt>
      <trkpt lat="45.10259" lon="4.57411">
        <ele>869.9</ele>
      </trkpt>
      <trkpt lat="45.10249" lon="4.57415">
        <ele>869.8</ele>
      </trkpt>
      <trkpt lat="45.10179" lon="4.57416">
        <ele>867.2</ele>
      </trkpt>
      <trkpt lat="45.10145" lon="4.57432">
        <ele>866.2</ele>
      </trkpt>
      <trkpt lat="45.10058" lon="4.57601">
        <ele>859.8</ele>
      </trkpt>
      <trkpt lat="45.09999" lon="4.57672">
        <ele>855.2</ele>
      </trkpt>
      <trkpt lat="45.09975" lon="4.57716">
        <ele>852.9</ele>
      </trkpt>
      <trkpt lat="45.09969" lon="4.57745">
        <ele>851.4</ele>
      </trkpt>
      <trkpt lat="45.09969" lon="4.57778">
        <ele>850.3</ele>
      </trkpt>
      <trkpt lat="45.10009" lon="4.57944">
        <ele>843.2</ele>
      </trkpt>
      <trkpt lat="45.10011" lon="4.57977">
        <ele>842.2</ele>
      </trkpt>
      <trkpt lat="45.10006" lon="4.58015">
        <ele>840.5</ele>
      </trkpt>
      <trkpt lat="45.09964" lon="4.5814">
        <ele>834.8</ele>
      </trkpt>
      <trkpt lat="45.09898" lon="4.58286">
        <ele>827.8</ele>
      </trkpt>
      <trkpt lat="45.09885" lon="4.58303">
        <ele>827.2</ele>
      </trkpt>
      <trkpt lat="45.09845" lon="4.58323">
        <ele>824.4</ele>
      </trkpt>
      <trkpt lat="45.09838" lon="4.58336">
        <ele>823.9</ele>
      </trkpt>
      <trkpt lat="45.09834" lon="4.58481">
        <ele>817.9</ele>
      </trkpt>
      <trkpt lat="45.09814" lon="4.58547">
        <ele>815.6</ele>
      </trkpt>
      <trkpt lat="45.09801" lon="4.58568">
        <ele>814.6</ele>
      </trkpt>
      <trkpt lat="45.09789" lon="4.58577">
        <ele>813.8</ele>
      </trkpt>
      <trkpt lat="45.09674" lon="4.58638">
        <ele>807.4</ele>
      </trkpt>
      <trkpt lat="45.09644" lon="4.58625">
        <ele>806.1</ele>
      </trkpt>
      <trkpt lat="45.09519" lon="4.58532">
        <ele>798.1</ele>
      </trkpt>
      <trkpt lat="45.09483" lon="4.58522">
        <ele>796.3</ele>
      </trkpt>
      <trkpt lat="45.09459" lon="4.58538">
        <ele>795.0</ele>
      </trkpt>
      <trkpt lat="45.09418" lon="4.58595">
        <ele>792.1</ele>
      </trkpt>
      <trkpt lat="45.09398" lon="4.58628">
        <ele>790.5</ele>
      </trkpt>
      <trkpt lat="45.09387" lon="4.58663">
        <ele>788.5</ele>
      </trkpt>
      <trkpt lat="45.09382" lon="4.58714">
        <ele>786.8</ele>
      </trkpt>
      <trkpt lat="45.09397" lon="4.58835">
        <ele>781.9</ele>
      </trkpt>
      <trkpt lat="45.09409" lon="4.59023">
        <ele>774.5</ele>
      </trkpt>
      <trkpt lat="45.09422" lon="4.59139">
        <ele>770.2</ele>
      </trkpt>
      <trkpt lat="45.09421" lon="4.59231">
        <ele>766.5</ele>
      </trkpt>
      <trkpt lat="45.09427" lon="4.59284">
        <ele>764.6</ele>
      </trkpt>
      <trkpt lat="45.0945" lon="4.59339">
        <ele>763.5</ele>
      </trkpt>
      <trkpt lat="45.09518" lon="4.59409">
        <ele>760.4</ele>
      </trkpt>
      <trkpt lat="45.09552" lon="4.59461">
        <ele>758.5</ele>
      </trkpt>
      <trkpt lat="45.09565" lon="4.59498">
        <ele>757.2</ele>
      </trkpt>
      <trkpt lat="45.09583" lon="4.59587">
        <ele>753.9</ele>
      </trkpt>
      <trkpt lat="45.09595" lon="4.59617">
        <ele>753.1</ele>
      </trkpt>
      <trkpt lat="45.09639" lon="4.59694">
        <ele>750.1</ele>
      </trkpt>
      <trkpt lat="45.09654" lon="4.59756">
        <ele>748.0</ele>
      </trkpt>
      <trkpt lat="45.09665" lon="4.59934">
        <ele>741.0</ele>
      </trkpt>
      <trkpt lat="45.09642" lon="4.60057">
        <ele>736.5</ele>
      </trkpt>
      <trkpt lat="45.09636" lon="4.60155">
        <ele>732.8</ele>
      </trkpt>
      <trkpt lat="45.09631" lon="4.60175">
        <ele>731.9</ele>
      </trkpt>
      <trkpt lat="45.09584" lon="4.60273">
        <ele>727.7</ele>
      </trkpt>
      <trkpt lat="45.09573" lon="4.6029">
        <ele>727.1</ele>
      </trkpt>
      <trkpt lat="45.09545" lon="4.60316">
        <ele>725.2</ele>
      </trkpt>
      <trkpt lat="45.09539" lon="4.60333">
        <ele>724.8</ele>
      </trkpt>
      <trkpt lat="45.09554" lon="4.60401">
        <ele>722.2</ele>
      </trkpt>
      <trkpt lat="45.09572" lon="4.60626">
        <ele>714.7</ele>
      </trkpt>
      <trkpt lat="45.09608" lon="4.60825">
        <ele>707.8</ele>
      </trkpt>
      <trkpt lat="45.09613" lon="4.60927">
        <ele>703.9</ele>
      </trkpt>
      <trkpt lat="45.096" lon="4.60953">
        <ele>702.8</ele>
      </trkpt>
      <trkpt lat="45.09578" lon="4.60965">
        <ele>701.6</ele>
      </trkpt>
      <trkpt lat="45.09456" lon="4.60926">
        <ele>695.3</ele>
      </trkpt>
      <trkpt lat="45.09395" lon="4.60933">
        <ele>692.3</ele>
      </trkpt>
      <trkpt lat="45.09379" lon="4.60943">
        <ele>691.3</ele>
      </trkpt>
      <trkpt lat="45.09366" lon="4.60962">
        <ele>690.5</ele>
      </trkpt>
      <trkpt lat="45.0936" lon="4.61015">
        <ele>688.5</ele>
      </trkpt>
      <trkpt lat="45.09348" lon="4.61044">
        <ele>687.2</ele>
      </trkpt>
      <trkpt lat="45.0933" lon="4.61055">
        <ele>686.3</ele>
      </trkpt>
      <trkpt lat="45.09271" lon="4.61061">
        <ele>683.0</ele>
      </trkpt>
      <trkpt lat="45.09256" lon="4.61055">
        <ele>682.6</ele>
      </trkpt>
      <trkpt lat="45.09231" lon="4.61028">
        <ele>681.0</ele>
      </trkpt>
      <trkpt lat="45.09196" lon="4.60955">
        <ele>677.8</ele>
      </trkpt>
      <trkpt lat="45.09166" lon="4.60923">
        <ele>676.2</ele>
      </trkpt>
      <trkpt lat="45.09113" lon="4.6089">
        <ele>673.0</ele>
      </trkpt>
      <trkpt lat="45.09063" lon="4.6088">
        <ele>670.4</ele>
      </trkpt>
      <trkpt lat="45.0904" lon="4.60886">
        <ele>669.6</ele>
      </trkpt>
      <trkpt lat="45.09012" lon="4.60907">
        <ele>668.2</ele>
      </trkpt>
      <trkpt lat="45.08936" lon="4.60998">
        <ele>663.1</ele>
      </trkpt>
      <trkpt lat="45.08913" lon="4.61001">
        <ele>662.2</ele>
      </trkpt>
      <trkpt lat="45.08888" lon="4.60981">
        <ele>660.8</ele>
      </trkpt>
      <trkpt lat="45.08876" lon="4.60957">
        <ele>659.6</ele>
      </trkpt>
      <trkpt lat="45.08872" lon="4.60938">
        <ele>659.1</ele>
      </trkpt>
      <trkpt lat="45.08872" lon="4.60724">
        <ele>651.8</ele>
      </trkpt>
      <trkpt lat="45.08865" lon="4.60685">
        <ele>650.2</ele>
      </trkpt>
      <trkpt lat="45.0885" lon="4.60653">
        <ele>648.8</ele>
      </trkpt>
      <trkpt lat="45.08831" lon="4.60633">
        <ele>647.8</ele>
      </trkpt>
      <trkpt lat="45.08782" lon="4.60604">
        <ele>645.2</ele>
      </trkpt>
      <trkpt lat="45.08717" lon="4.60527">
        <ele>640.7</ele>
      </trkpt>
      <trkpt lat="45.08671" lon="4.60489">
        <ele>638.2</ele>
      </trkpt>
      <trkpt lat="45.08647" lon="4.60482">
        <ele>637.0</ele>
      </trkpt>
      <trkpt lat="45.08632" lon="4.60485">
        <ele>636.3</ele>
      </trkpt>
      <trkpt lat="45.08613" lon="4.60497">
        <ele>635.6</ele>
      </trkpt>
      <trkpt lat="45.08598" lon="4.60519">
        <ele>634.5</ele>
      </trkpt>
      <trkpt lat="45.08554" lon="4.60645">
        <ele>629.9</ele>
      </trkpt>
      <trkpt lat="45.08544" lon="4.60693">
        <ele>628.1</ele>
      </trkpt>
      <trkpt lat="45.08549" lon="4.60738">
        <ele>626.5</ele>
      </trkpt>
      <trkpt lat="45.08568" lon="4.60785">
        <ele>624.9</ele>
      </trkpt>
      <trkpt lat="45.08575" lon="4.6082">
        <ele>624.1</ele>
      </trkpt>
      <trkpt lat="45.08584" lon="4.61025">
        <ele>618.0</ele>
      </trkpt>
      <trkpt lat="45.08608" lon="4.61091">
        <ele>615.9</ele>
      </trkpt>
      <trkpt lat="45.08628" lon="4.61182">
        <ele>612.7</ele>
      </trkpt>
      <trkpt lat="45.08692" lon="4.61245">
        <ele>609.4</ele>
      </trkpt>
      <trkpt lat="45.08712" lon="4.61276">
        <ele>608.7</ele>
      </trkpt>
      <trkpt lat="45.08715" lon="4.61297">
        <ele>608.3</ele>
      </trkpt>
      <trkpt lat="45.08709" lon="4.61317">
        <ele>608.0</ele>
      </trkpt>
      <trkpt lat="45.08696" lon="4.6133">
        <ele>607.5</ele>
      </trkpt>
      <trkpt lat="45.08639" lon="4.61344">
        <ele>604.7</ele>
      </trkpt>
      <trkpt lat="45.08583" lon="4.61382">
        <ele>601.7</ele>
      </trkpt>
      <trkpt lat="45.08514" lon="4.61414">
        <ele>598.0</ele>
      </trkpt>
      <trkpt lat="45.08497" lon="4.61438">
        <ele>596.6</ele>
      </trkpt>
      <trkpt lat="45.08489" lon="4.61468">
        <ele>595.7</ele>
      </trkpt>
      <trkpt lat="45.08486" lon="4.61561">
        <ele>592.2</ele>
      </trkpt>
      <trkpt lat="45.08492" lon="4.61705">
        <ele>587.2</ele>
      </trkpt>
      <trkpt lat="45.0849" lon="4.61737">
        <ele>586.2</ele>
      </trkpt>
      <trkpt lat="45.08469" lon="4.61887">
        <ele>581.2</ele>
      </trkpt>
      <trkpt lat="45.08472" lon="4.61982">
        <ele>579.1</ele>
      </trkpt>
      <trkpt lat="45.08442" lon="4.62143">
        <ele>575.0</ele>
      </trkpt>
      <trkpt lat="45.08442" lon="4.62184">
        <ele>573.3</ele>
      </trkpt>
      <trkpt lat="45.08522" lon="4.6241">
        <ele>558.9</ele>
      </trkpt>
      <trkpt lat="45.08563" lon="4.62559">
        <ele>551.5</ele>
      </trkpt>
      <trkpt lat="45.08459" lon="4.62489">
        <ele>548.0</ele>
      </trkpt>
      <trkpt lat="45.08419" lon="4.62479">
        <ele>547.0</ele>
      </trkpt>
      <trkpt lat="45.08381" lon="4.62493">
        <ele>546.4</ele>
      </trkpt>
      <trkpt lat="45.0828" lon="4.62571">
        <ele>542.4</ele>
      </trkpt>
      <trkpt lat="45.08285" lon="4.62596">
        <ele>541.4</ele>
      </trkpt>
      <trkpt lat="45.08301" lon="4.62614">
        <ele>539.5</ele>
      </trkpt>
      <trkpt lat="45.0841" lon="4.62651">
        <ele>533.2</ele>
      </trkpt>
      <trkpt lat="45.08414" lon="4.62685">
        <ele>531.5</ele>
      </trkpt>
      <trkpt lat="45.08461" lon="4.62725">
        <ele>528.3</ele>
      </trkpt>
      <trkpt lat="45.08437" lon="4.62737">
        <ele>527.2</ele>
      </trkpt>
      <trkpt lat="45.08422" lon="4.62758">
        <ele>526.5</ele>
      </trkpt>
      <trkpt lat="45.0829" lon="4.63032">
        <ele>516.2</ele>
      </trkpt>
      <trkpt lat="45.08235" lon="4.63107">
        <ele>512.4</ele>
      </trkpt>
      <trkpt lat="45.08218" lon="4.63112">
        <ele>511.3</ele>
      </trkpt>
      <trkpt lat="45.08183" lon="4.63105">
        <ele>509.2</ele>
      </trkpt>
      <trkpt lat="45.08163" lon="4.63111">
        <ele>508.1</ele>
      </trkpt>
      <trkpt lat="45.08044" lon="4.63211">
        <ele>500.2</ele>
      </trkpt>
      <trkpt lat="45.07967" lon="4.63238">
        <ele>495.4</ele>
      </trkpt>
      <trkpt lat="45.07921" lon="4.63298">
        <ele>491.8</ele>
      </trkpt>
      <trkpt lat="45.07746" lon="4.63383">
        <ele>481.3</ele>
      </trkpt>
      <trkpt lat="45.07732" lon="4.63395">
        <ele>480.7</ele>
      </trkpt>
      <trkpt lat="45.07723" lon="4.63414">
        <ele>479.8</ele>
      </trkpt>
      <trkpt lat="45.07726" lon="4.63443">
        <ele>478.3</ele>
      </trkpt>
      <trkpt lat="45.07741" lon="4.63455">
        <ele>477.8</ele>
      </trkpt>
      <trkpt lat="45.07802" lon="4.63437">
        <ele>473.5</ele>
      </trkpt>
      <trkpt lat="45.07842" lon="4.63412">
        <ele>471.2</ele>
      </trkpt>
      <trkpt lat="45.07896" lon="4.63402">
        <ele>468.4</ele>
      </trkpt>
      <trkpt lat="45.07929" lon="4.63411">
        <ele>466.2</ele>
      </trkpt>
      <trkpt lat="45.07966" lon="4.63435">
        <ele>464.1</ele>
      </trkpt>
      <trkpt lat="45.07993" lon="4.63434">
        <ele>462.2</ele>
      </trkpt>
      <trkpt lat="45.08017" lon="4.63415">
        <ele>461.2</ele>
      </trkpt>
      <trkpt lat="45.08045" lon="4.63346">
        <ele>458.0</ele>
      </trkpt>
      <trkpt lat="45.08067" lon="4.63332">
        <ele>456.5</ele>
      </trkpt>
      <trkpt lat="45.08081" lon="4.63338">
        <ele>456.0</ele>
      </trkpt>
      <trkpt lat="45.0809" lon="4.63354">
        <ele>455.3</ele>
      </trkpt>
      <trkpt lat="45.08092" lon="4.63373">
        <ele>454.3</ele>
      </trkpt>
      <trkpt lat="45.08086" lon="4.6339">
        <ele>453.7</ele>
      </trkpt>
      <trkpt lat="45.0805" lon="4.63412">
        <ele>451.7</ele>
      </trkpt>
      <trkpt lat="45.08038" lon="4.63426">
        <ele>451.0</ele>
      </trkpt>
      <trkpt lat="45.07985" lon="4.63542">
        <ele>446.2</ele>
      </trkpt>
      <trkpt lat="45.07966" lon="4.63568">
        <ele>445.1</ele>
      </trkpt>
      <trkpt lat="45.07954" lon="4.63572">
        <ele>444.7</ele>
      </trkpt>
      <trkpt lat="45.07939" lon="4.63568">
        <ele>444.1</ele>
      </trkpt>
      <trkpt lat="45.07907" lon="4.63524">
        <ele>441.7</ele>
      </trkpt>
      <trkpt lat="45.07892" lon="4.63514">
        <ele>441.3</ele>
      </trkpt>
      <trkpt lat="45.07871" lon="4.63508">
        <ele>440.2</ele>
      </trkpt>
      <trkpt lat="45.07839" lon="4.63517">
        <ele>438.8</ele>
      </trkpt>
      <trkpt lat="45.07796" lon="4.63545">
        <ele>436.4</ele>
      </trkpt>
      <trkpt lat="45.07749" lon="4.63593">
        <ele>433.9</ele>
      </trkpt>
      <trkpt lat="45.07734" lon="4.63619">
        <ele>432.6</ele>
      </trkpt>
      <trkpt lat="45.07722" lon="4.63682">
        <ele>430.7</ele>
      </trkpt>
      <trkpt lat="45.07708" lon="4.63702">
        <ele>429.5</ele>
      </trkpt>
      <trkpt lat="45.07654" lon="4.63728">
        <ele>426.5</ele>
      </trkpt>
      <trkpt lat="45.07567" lon="4.63782">
        <ele>422.3</ele>
      </trkpt>
      <trkpt lat="45.0754" lon="4.63808">
        <ele>421.4</ele>
      </trkpt>
      <trkpt lat="45.07536" lon="4.63828">
        <ele>420.9</ele>
      </trkpt>
      <trkpt lat="45.07548" lon="4.63921">
        <ele>418.4</ele>
      </trkpt>
      <trkpt lat="45.07577" lon="4.64015">
        <ele>416.8</ele>
      </trkpt>
      <trkpt lat="45.07564" lon="4.64131">
        <ele>416.7</ele>
      </trkpt>
      <trkpt lat="45.07522" lon="4.64195">
        <ele>416.8</ele>
      </trkpt>
      <trkpt lat="45.07515" lon="4.64229">
        <ele>417.2</ele>
      </trkpt>
      <trkpt lat="45.07516" lon="4.64271">
        <ele>417.7</ele>
      </trkpt>
      <trkpt lat="45.07542" lon="4.64429">
        <ele>421.1</ele>
      </trkpt>
      <trkpt lat="45.07537" lon="4.64457">
        <ele>422.1</ele>
      </trkpt>
      <trkpt lat="45.07505" lon="4.64498">
        <ele>423.0</ele>
      </trkpt>
      <trkpt lat="45.07481" lon="4.64544">
        <ele>424.0</ele>
      </trkpt>
      <trkpt lat="45.07451" lon="4.64642">
        <ele>425.7</ele>
      </trkpt>
      <trkpt lat="45.07447" lon="4.6467">
        <ele>425.9</ele>
      </trkpt>
      <trkpt lat="45.07449" lon="4.64686">
        <ele>426.1</ele>
      </trkpt>
      <trkpt lat="45.07463" lon="4.64716">
        <ele>426.5</ele>
      </trkpt>
      <trkpt lat="45.07498" lon="4.64759">
        <ele>427.8</ele>
      </trkpt>
      <trkpt lat="45.07514" lon="4.64787">
        <ele>428.4</ele>
      </trkpt>
      <trkpt lat="45.07518" lon="4.64817">
        <ele>428.9</ele>
      </trkpt>
      <trkpt lat="45.07512" lon="4.6489">
        <ele>429.8</ele>
      </trkpt>
      <trkpt lat="45.07498" lon="4.64928">
        <ele>430.3</ele>
      </trkpt>
      <trkpt lat="45.07437" lon="4.64973">
        <ele>432.1</ele>
      </trkpt>
      <trkpt lat="45.07414" lon="4.65017">
        <ele>433.2</ele>
      </trkpt>
      <trkpt lat="45.07389" lon="4.65129">
        <ele>435.3</ele>
      </trkpt>
      <trkpt lat="45.07383" lon="4.6527">
        <ele>437.6</ele>
      </trkpt>
      <trkpt lat="45.07364" lon="4.65348">
        <ele>438.6</ele>
      </trkpt>
      <trkpt lat="45.07358" lon="4.65416">
        <ele>439.6</ele>
      </trkpt>
      <trkpt lat="45.07297" lon="4.65613">
        <ele>440.9</ele>
      </trkpt>
      <trkpt lat="45.07271" lon="4.65737">
        <ele>441.8</ele>
      </trkpt>
      <trkpt lat="45.07262" lon="4.65763">
        <ele>442.0</ele>
      </trkpt>
      <trkpt lat="45.07237" lon="4.65795">
        <ele>442.4</ele>
      </trkpt>
      <trkpt lat="45.07171" lon="4.65827">
        <ele>443.0</ele>
      </trkpt>
      <trkpt lat="45.07112" lon="4.65847">
        <ele>443.5</ele>
      </trkpt>
      <trkpt lat="45.07096" lon="4.65873">
        <ele>443.6</ele>
      </trkpt>
      <trkpt lat="45.07095" lon="4.65901">
        <ele>443.7</ele>
      </trkpt>
      <trkpt lat="45.07099" lon="4.65917">
        <ele>443.8</ele>
      </trkpt>
      <trkpt lat="45.07139" lon="4.65985">
        <ele>444.3</ele>
      </trkpt>
      <trkpt lat="45.07162" lon="4.66092">
        <ele>444.4</ele>
      </trkpt>
      <trkpt lat="45.07161" lon="4.66127">
        <ele>444.5</ele>
      </trkpt>
      <trkpt lat="45.07147" lon="4.6616">
        <ele>444.6</ele>
      </trkpt>
      <trkpt lat="45.07082" lon="4.66242">
        <ele>445.1</ele>
      </trkpt>
      <trkpt lat="45.07042" lon="4.66261">
        <ele>445.7</ele>
      </trkpt>
      <trkpt lat="45.07001" lon="4.66259">
        <ele>446.4</ele>
      </trkpt>
      <trkpt lat="45.06947" lon="4.66241">
        <ele>447.2</ele>
      </trkpt>
      <trkpt lat="45.06885" lon="4.66233">
        <ele>448.8</ele>
      </trkpt>
      <trkpt lat="45.06839" lon="4.66213">
        <ele>449.9</ele>
      </trkpt>
      <trkpt lat="45.06813" lon="4.66209">
        <ele>450.4</ele>
      </trkpt>
      <trkpt lat="45.06791" lon="4.66217">
        <ele>450.9</ele>
      </trkpt>
      <trkpt lat="45.06712" lon="4.6627">
        <ele>452.5</ele>
      </trkpt>
      <trkpt lat="45.06672" lon="4.6628">
        <ele>453.7</ele>
      </trkpt>
      <trkpt lat="45.0663" lon="4.66271">
        <ele>454.7</ele>
      </trkpt>
      <trkpt lat="45.06603" lon="4.66276">
        <ele>455.3</ele>
      </trkpt>
      <trkpt lat="45.06593" lon="4.66284">
        <ele>455.5</ele>
      </trkpt>
      <trkpt lat="45.06579" lon="4.66312">
        <ele>456.0</ele>
      </trkpt>
      <trkpt lat="45.06576" lon="4.6633">
        <ele>456.2</ele>
      </trkpt>
      <trkpt lat="45.06579" lon="4.66366">
        <ele>456.9</ele>
      </trkpt>
      <trkpt lat="45.06602" lon="4.66402">
        <ele>457.7</ele>
      </trkpt>
      <trkpt lat="45.0665500124844" lon="4.66437">
        <ele>458.8</ele>
      </trkpt>
      <trkpt lat="45.06659" lon="4.66462">
        <ele>459.0</ele>
      </trkpt>
      <trkpt lat="45.06654" lon="4.6648">
        <ele>459.4</ele>
      </trkpt>
      <trkpt lat="45.06576" lon="4.66434">
        <ele>462.7</ele>
      </trkpt>
      <trkpt lat="45.06561" lon="4.66419">
        <ele>464.0</ele>
      </trkpt>
      <trkpt lat="45.06513" lon="4.66324">
        <ele>468.1</ele>
      </trkpt>
      <trkpt lat="45.06396" lon="4.66126">
        <ele>468.4</ele>
      </trkpt>
      <trkpt lat="45.06378" lon="4.66089">
        <ele>468.2</ele>
      </trkpt>
      <trkpt lat="45.06351" lon="4.66011">
        <ele>467.5</ele>
      </trkpt>
      <trkpt lat="45.06319" lon="4.65984">
        <ele>468.0</ele>
      </trkpt>
      <trkpt lat="45.06285" lon="4.6599">
        <ele>469.4</ele>
      </trkpt>
      <trkpt lat="45.0625" lon="4.66019">
        <ele>470.7</ele>
      </trkpt>
      <trkpt lat="45.06212" lon="4.66055">
        <ele>471.9</ele>
      </trkpt>
      <trkpt lat="45.06119" lon="4.66169">
        <ele>475.0</ele>
      </trkpt>
      <trkpt lat="45.06096" lon="4.66185">
        <ele>475.5</ele>
      </trkpt>
      <trkpt lat="45.06064" lon="4.66181">
        <ele>475.8</ele>
      </trkpt>
      <trkpt lat="45.05998" lon="4.66127">
        <ele>476.4</ele>
      </trkpt>
      <trkpt lat="45.05929" lon="4.66108">
        <ele>476.6</ele>
      </trkpt>
      <trkpt lat="45.05875" lon="4.66075">
        <ele>476.9</ele>
      </trkpt>
      <trkpt lat="45.05858" lon="4.66048">
        <ele>476.9</ele>
      </trkpt>
      <trkpt lat="45.05854" lon="4.66018">
        <ele>476.9</ele>
      </trkpt>
      <trkpt lat="45.05859" lon="4.6579">
        <ele>476.5</ele>
      </trkpt>
      <trkpt lat="45.05854" lon="4.65777">
        <ele>476.5</ele>
      </trkpt>
      <trkpt lat="45.05831" lon="4.65761">
        <ele>476.4</ele>
      </trkpt>
      <trkpt lat="45.0581" lon="4.65764">
        <ele>476.3</ele>
      </trkpt>
      <trkpt lat="45.05798" lon="4.65776">
        <ele>476.3</ele>
      </trkpt>
      <trkpt lat="45.05752" lon="4.65872">
        <ele>476.3</ele>
      </trkpt>
      <trkpt lat="45.05702" lon="4.65933">
        <ele>476.6</ele>
      </trkpt>
      <trkpt lat="45.05682" lon="4.65947">
        <ele>476.6</ele>
      </trkpt>
      <trkpt lat="45.05654" lon="4.65942">
        <ele>476.5</ele>
      </trkpt>
      <trkpt lat="45.05588" lon="4.65892">
        <ele>476.2</ele>
      </trkpt>
      <trkpt lat="45.05554" lon="4.65878">
        <ele>476.5</ele>
      </trkpt>
      <trkpt lat="45.05502" lon="4.65883">
        <ele>477.5</ele>
      </trkpt>
      <trkpt lat="45.05438" lon="4.65911">
        <ele>478.3</ele>
      </trkpt>
      <trkpt lat="45.05421" lon="4.65941">
        <ele>478.5</ele>
      </trkpt>
      <trkpt lat="45.05413" lon="4.66005">
        <ele>479.2</ele>
      </trkpt>
      <trkpt lat="45.05404" lon="4.66039">
        <ele>479.6</ele>
      </trkpt>
      <trkpt lat="45.05365" lon="4.66101">
        <ele>480.1</ele>
      </trkpt>
      <trkpt lat="45.05329" lon="4.66136">
        <ele>480.4</ele>
      </trkpt>
      <trkpt lat="45.05262" lon="4.66163">
        <ele>480.4</ele>
      </trkpt>
      <trkpt lat="45.05217" lon="4.66168">
        <ele>480.7</ele>
      </trkpt>
      <trkpt lat="45.05184" lon="4.66161">
        <ele>480.7</ele>
      </trkpt>
      <trkpt lat="45.05007" lon="4.66071">
        <ele>477.8</ele>
      </trkpt>
      <trkpt lat="45.04925" lon="4.66045">
        <ele>477.1</ele>
      </trkpt>
      <trkpt lat="45.04906" lon="4.66034">
        <ele>476.9</ele>
      </trkpt>
      <trkpt lat="45.0488" lon="4.66005">
        <ele>476.8</ele>
      </trkpt>
      <trkpt lat="45.04832" lon="4.65921">
        <ele>475.4</ele>
      </trkpt>
      <trkpt lat="45.04774" lon="4.65833">
        <ele>472.5</ele>
      </trkpt>
      <trkpt lat="45.04706" lon="4.65781">
        <ele>471.7</ele>
      </trkpt>
      <trkpt lat="45.04634" lon="4.65706">
        <ele>469.2</ele>
      </trkpt>
      <trkpt lat="45.04606" lon="4.65657">
        <ele>468.2</ele>
      </trkpt>
      <trkpt lat="45.04582" lon="4.65575">
        <ele>466.6</ele>
      </trkpt>
      <trkpt lat="45.04584" lon="4.65543">
        <ele>466.0</ele>
      </trkpt>
      <trkpt lat="45.04606" lon="4.65481">
        <ele>464.6</ele>
      </trkpt>
      <trkpt lat="45.04608" lon="4.65397">
        <ele>463.2</ele>
      </trkpt>
      <trkpt lat="45.04617" lon="4.65366">
        <ele>462.7</ele>
      </trkpt>
      <trkpt lat="45.04645" lon="4.65318">
        <ele>461.7</ele>
      </trkpt>
      <trkpt lat="45.04713" lon="4.65227">
        <ele>460.1</ele>
      </trkpt>
      <trkpt lat="45.04781" lon="4.65172">
        <ele>459.6</ele>
      </trkpt>
      <trkpt lat="45.04789" lon="4.65152">
        <ele>459.4</ele>
      </trkpt>
      <trkpt lat="45.04783" lon="4.65126">
        <ele>459.2</ele>
      </trkpt>
      <trkpt lat="45.04771" lon="4.65118">
        <ele>459.1</ele>
      </trkpt>
      <trkpt lat="45.04725" lon="4.65125">
        <ele>457.8</ele>
      </trkpt>
      <trkpt lat="45.04702" lon="4.65119">
        <ele>457.5</ele>
      </trkpt>
      <trkpt lat="45.04614" lon="4.65033">
        <ele>455.4</ele>
      </trkpt>
      <trkpt lat="45.04593" lon="4.65019">
        <ele>455.1</ele>
      </trkpt>
      <trkpt lat="45.04544" lon="4.65017">
        <ele>453.9</ele>
      </trkpt>
      <trkpt lat="45.04471" lon="4.65028">
        <ele>452.2</ele>
      </trkpt>
      <trkpt lat="45.04435" lon="4.65011">
        <ele>451.9</ele>
      </trkpt>
      <trkpt lat="45.04418" lon="4.64989">
        <ele>451.6</ele>
      </trkpt>
      <trkpt lat="45.04382" lon="4.64906">
        <ele>450.5</ele>
      </trkpt>
      <trkpt lat="45.04359" lon="4.64872">
        <ele>450.1</ele>
      </trkpt>
      <trkpt lat="45.04347" lon="4.64837">
        <ele>449.6</ele>
      </trkpt>
      <trkpt lat="45.04338" lon="4.64784">
        <ele>448.8</ele>
      </trkpt>
      <trkpt lat="45.04322" lon="4.64765">
        <ele>448.7</ele>
      </trkpt>
      <trkpt lat="45.04294" lon="4.64767">
        <ele>448.4</ele>
      </trkpt>
      <trkpt lat="45.04215" lon="4.64813">
        <ele>447.3</ele>
      </trkpt>
      <trkpt lat="45.04185" lon="4.6484">
        <ele>446.5</ele>
      </trkpt>
      <trkpt lat="45.04154" lon="4.64881">
        <ele>445.3</ele>
      </trkpt>
      <trkpt lat="45.04148" lon="4.64897">
        <ele>445.0</ele>
      </trkpt>
      <trkpt lat="45.04141" lon="4.64955">
        <ele>443.7</ele>
      </trkpt>
      <trkpt lat="45.04117" lon="4.6507">
        <ele>440.2</ele>
      </trkpt>
      <trkpt lat="45.04104" lon="4.65094">
        <ele>439.4</ele>
      </trkpt>
      <trkpt lat="45.04078" lon="4.65115">
        <ele>437.9</ele>
      </trkpt>
      <trkpt lat="45.0407" lon="4.6513">
        <ele>437.8</ele>
      </trkpt>
      <trkpt lat="45.04071" lon="4.652">
        <ele>436.8</ele>
      </trkpt>
      <trkpt lat="45.04054" lon="4.6525">
        <ele>435.4</ele>
      </trkpt>
      <trkpt lat="45.04034" lon="4.65374">
        <ele>432.0</ele>
      </trkpt>
      <trkpt lat="45.04025" lon="4.65395">
        <ele>431.3</ele>
      </trkpt>
      <trkpt lat="45.04008" lon="4.65413">
        <ele>430.3</ele>
      </trkpt>
      <trkpt lat="45.03951" lon="4.65452">
        <ele>429.0</ele>
      </trkpt>
      <trkpt lat="45.03918" lon="4.65451">
        <ele>428.7</ele>
      </trkpt>
      <trkpt lat="45.03888" lon="4.65426">
        <ele>427.8</ele>
      </trkpt>
      <trkpt lat="45.03882" lon="4.65447">
        <ele>427.0</ele>
      </trkpt>
      <trkpt lat="45.03927" lon="4.65549">
        <ele>420.2</ele>
      </trkpt>
      <trkpt lat="45.03933" lon="4.65575">
        <ele>419.1</ele>
      </trkpt>
      <trkpt lat="45.0393" lon="4.65601">
        <ele>417.3</ele>
      </trkpt>
      <trkpt lat="45.03903" lon="4.65648">
        <ele>413.2</ele>
      </trkpt>
      <trkpt lat="45.03892" lon="4.6568">
        <ele>411.7</ele>
      </trkpt>
      <trkpt lat="45.03891" lon="4.65699">
        <ele>410.3</ele>
      </trkpt>
      <trkpt lat="45.03897" lon="4.65716">
        <ele>409.3</ele>
      </trkpt>
      <trkpt lat="45.03995" lon="4.65747">
        <ele>401.4</ele>
      </trkpt>
      <trkpt lat="45.0401" lon="4.65744">
        <ele>400.4</ele>
      </trkpt>
      <trkpt lat="45.04042" lon="4.65715">
        <ele>397.3</ele>
      </trkpt>
      <trkpt lat="45.04103" lon="4.65698">
        <ele>393.1</ele>
      </trkpt>
      <trkpt lat="45.04114" lon="4.65704">
        <ele>392.1</ele>
      </trkpt>
      <trkpt lat="45.04117" lon="4.65719">
        <ele>391.2</ele>
      </trkpt>
      <trkpt lat="45.04087" lon="4.65764">
        <ele>387.0</ele>
      </trkpt>
      <trkpt lat="45.0405" lon="4.65774">
        <ele>384.6</ele>
      </trkpt>
      <trkpt lat="45.0401" lon="4.65816">
        <ele>381.0</ele>
      </trkpt>
      <trkpt lat="45.04007" lon="4.65836">
        <ele>380.6</ele>
      </trkpt>
      <trkpt lat="45.04012" lon="4.65878">
        <ele>378.4</ele>
      </trkpt>
      <trkpt lat="45.04006" lon="4.6591">
        <ele>376.6</ele>
      </trkpt>
      <trkpt lat="45.03997" lon="4.65923">
        <ele>376.2</ele>
      </trkpt>
      <trkpt lat="45.03961" lon="4.65948">
        <ele>373.8</ele>
      </trkpt>
      <trkpt lat="45.03943" lon="4.65986">
        <ele>371.6</ele>
      </trkpt>
      <trkpt lat="45.03942" lon="4.66004">
        <ele>370.8</ele>
      </trkpt>
      <trkpt lat="45.03951" lon="4.66042">
        <ele>369.0</ele>
      </trkpt>
      <trkpt lat="45.03953" lon="4.6609">
        <ele>367.0</ele>
      </trkpt>
      <trkpt lat="45.03972" lon="4.66132">
        <ele>364.5</ele>
      </trkpt>
      <trkpt lat="45.0397" lon="4.66162">
        <ele>363.2</ele>
      </trkpt>
      <trkpt lat="45.03953" lon="4.66186">
        <ele>361.4</ele>
      </trkpt>
      <trkpt lat="45.03914" lon="4.66195">
        <ele>358.5</ele>
      </trkpt>
      <trkpt lat="45.03898" lon="4.66239">
        <ele>355.4</ele>
      </trkpt>
      <trkpt lat="45.03873" lon="4.66243">
        <ele>353.2</ele>
      </trkpt>
      <trkpt lat="45.0387" lon="4.66251">
        <ele>352.9</ele>
      </trkpt>
      <trkpt lat="45.03876" lon="4.66259">
        <ele>352.5</ele>
      </trkpt>
      <trkpt lat="45.03895" lon="4.66261">
        <ele>350.3</ele>
      </trkpt>
      <trkpt lat="45.03935" lon="4.66241">
        <ele>346.7</ele>
      </trkpt>
      <trkpt lat="45.03965" lon="4.66244">
        <ele>344.3</ele>
      </trkpt>
      <trkpt lat="45.03994" lon="4.66226">
        <ele>341.8</ele>
      </trkpt>
      <trkpt lat="45.04035" lon="4.66218">
        <ele>338.9</ele>
      </trkpt>
      <trkpt lat="45.04058" lon="4.66202">
        <ele>336.5</ele>
      </trkpt>
      <trkpt lat="45.04063" lon="4.66207">
        <ele>336.2</ele>
      </trkpt>
      <trkpt lat="45.04063" lon="4.66219">
        <ele>335.9</ele>
      </trkpt>
      <trkpt lat="45.03979" lon="4.66284">
        <ele>327.1</ele>
      </trkpt>
      <trkpt lat="45.03969" lon="4.663">
        <ele>326.5</ele>
      </trkpt>
      <trkpt lat="45.03958" lon="4.66338">
        <ele>323.7</ele>
      </trkpt>
      <trkpt lat="45.03943" lon="4.66355">
        <ele>322.7</ele>
      </trkpt>
      <trkpt lat="45.03925" lon="4.66361">
        <ele>321.1</ele>
      </trkpt>
      <trkpt lat="45.03883" lon="4.66356">
        <ele>318.2</ele>
      </trkpt>
      <trkpt lat="45.03839" lon="4.66363">
        <ele>314.2</ele>
      </trkpt>
      <trkpt lat="45.03699" lon="4.6641">
        <ele>304.3</ele>
      </trkpt>
      <trkpt lat="45.03678" lon="4.66422">
        <ele>302.9</ele>
      </trkpt>
      <trkpt lat="45.03666" lon="4.66437">
        <ele>302.2</ele>
      </trkpt>
      <trkpt lat="45.0366" lon="4.66457">
        <ele>301.3</ele>
      </trkpt>
      <trkpt lat="45.03658" lon="4.66551">
        <ele>296.3</ele>
      </trkpt>
      <trkpt lat="45.03651" lon="4.66571">
        <ele>295.4</ele>
      </trkpt>
      <trkpt lat="45.03632" lon="4.66591">
        <ele>293.5</ele>
      </trkpt>
      <trkpt lat="45.03608" lon="4.66598">
        <ele>291.9</ele>
      </trkpt>
      <trkpt lat="45.03558" lon="4.66581">
        <ele>288.3</ele>
      </trkpt>
      <trkpt lat="45.03515" lon="4.66584">
        <ele>286.2</ele>
      </trkpt>
      <trkpt lat="45.03473" lon="4.66569">
        <ele>283.9</ele>
      </trkpt>
      <trkpt lat="45.0346" lon="4.66571">
        <ele>283.6</ele>
      </trkpt>
      <trkpt lat="45.03425" lon="4.66617">
        <ele>282.3</ele>
      </trkpt>
      <trkpt lat="45.03404" lon="4.66736">
        <ele>279.8</ele>
      </trkpt>
      <trkpt lat="45.03388" lon="4.66779">
        <ele>278.8</ele>
      </trkpt>
      <trkpt lat="45.03363" lon="4.66797">
        <ele>278.1</ele>
      </trkpt>
      <trkpt lat="45.03306" lon="4.66797">
        <ele>277.9</ele>
      </trkpt>
      <trkpt lat="45.03294" lon="4.66807">
        <ele>277.8</ele>
      </trkpt>
      <trkpt lat="45.03235" lon="4.67008">
        <ele>274.4</ele>
      </trkpt>
      <trkpt lat="45.03224" lon="4.67124">
        <ele>273.1</ele>
      </trkpt>
      <trkpt lat="45.03227" lon="4.67213">
        <ele>272.0</ele>
      </trkpt>
      <trkpt lat="45.03245" lon="4.67306">
        <ele>271.4</ele>
      </trkpt>
      <trkpt lat="45.03273" lon="4.67368">
        <ele>271.3</ele>
      </trkpt>
      <trkpt lat="45.0329" lon="4.67386">
        <ele>271.2</ele>
      </trkpt>
      <trkpt lat="45.03348" lon="4.67423">
        <ele>270.5</ele>
      </trkpt>
      <trkpt lat="45.03568" lon="4.67531">
        <ele>270.6</ele>
      </trkpt>
      <trkpt lat="45.0363" lon="4.67587">
        <ele>272.5</ele>
      </trkpt>
      <trkpt lat="45.0364" lon="4.67607">
        <ele>272.7</ele>
      </trkpt>
      <trkpt lat="45.03636" lon="4.67623">
        <ele>272.9</ele>
      </trkpt>
      <trkpt lat="45.03581" lon="4.67705">
        <ele>272.6</ele>
      </trkpt>
      <trkpt lat="45.03507" lon="4.67756">
        <ele>274.6</ele>
      </trkpt>
      <trkpt lat="45.035" lon="4.67788">
        <ele>276.1</ele>
      </trkpt>
      <trkpt lat="45.03503" lon="4.67844">
        <ele>278.9</ele>
      </trkpt>
      <trkpt lat="45.03471" lon="4.6789">
        <ele>282.0</ele>
      </trkpt>
      <trkpt lat="45.03465" lon="4.67909">
        <ele>283.2</ele>
      </trkpt>
      <trkpt lat="45.03484" lon="4.67991">
        <ele>288.2</ele>
      </trkpt>
      <trkpt lat="45.03485" lon="4.68012">
        <ele>289.3</ele>
      </trkpt>
      <trkpt lat="45.03475" lon="4.68083">
        <ele>295.4</ele>
      </trkpt>
      <trkpt lat="45.03454" lon="4.6815">
        <ele>301.1</ele>
      </trkpt>
      <trkpt lat="45.03436" lon="4.68165">
        <ele>301.9</ele>
      </trkpt>
      <trkpt lat="45.03413" lon="4.68165">
        <ele>302.7</ele>
      </trkpt>
      <trkpt lat="45.03302" lon="4.68053">
        <ele>314.5</ele>
      </trkpt>
      <trkpt lat="45.03296" lon="4.6805">
        <ele>314.6</ele>
      </trkpt>
      <trkpt lat="45.03291" lon="4.68056">
        <ele>314.8</ele>
      </trkpt>
      <trkpt lat="45.03297" lon="4.68073">
        <ele>315.2</ele>
      </trkpt>
      <trkpt lat="45.03349" lon="4.68141">
        <ele>318.1</ele>
      </trkpt>
      <trkpt lat="45.03364" lon="4.68184">
        <ele>319.8</ele>
      </trkpt>
      <trkpt lat="45.03326" lon="4.68371">
        <ele>329.8</ele>
      </trkpt>
      <trkpt lat="45.03333" lon="4.6851">
        <ele>335.8</ele>
      </trkpt>
      <trkpt lat="45.03328" lon="4.6854">
        <ele>337.3</ele>
      </trkpt>
      <trkpt lat="45.03315" lon="4.68573">
        <ele>338.6</ele>
      </trkpt>
      <trkpt lat="45.0332" lon="4.68624">
        <ele>340.7</ele>
      </trkpt>
      <trkpt lat="45.03307" lon="4.68707">
        <ele>345.1</ele>
      </trkpt>
      <trkpt lat="45.03285" lon="4.68765">
        <ele>348.3</ele>
      </trkpt>
      <trkpt lat="45.03288" lon="4.6879">
        <ele>349.7</ele>
      </trkpt>
      <trkpt lat="45.03317" lon="4.6885">
        <ele>352.5</ele>
      </trkpt>
      <trkpt lat="45.03331" lon="4.68917">
        <ele>357.0</ele>
      </trkpt>
      <trkpt lat="45.03331" lon="4.68934">
        <ele>357.4</ele>
      </trkpt>
      <trkpt lat="45.03322" lon="4.6894">
        <ele>357.6</ele>
      </trkpt>
      <trkpt lat="45.03282" lon="4.68924">
        <ele>360.2</ele>
      </trkpt>
      <trkpt lat="45.0319" lon="4.68918">
        <ele>366.4</ele>
      </trkpt>
      <trkpt lat="45.03144" lon="4.68905">
        <ele>369.6</ele>
      </trkpt>
      <trkpt lat="45.031" lon="4.68927">
        <ele>372.6</ele>
      </trkpt>
      <trkpt lat="45.03067" lon="4.68956">
        <ele>375.6</ele>
      </trkpt>
      <trkpt lat="45.03013" lon="4.68948">
        <ele>379.9</ele>
      </trkpt>
      <trkpt lat="45.03005" lon="4.68963">
        <ele>380.5</ele>
      </trkpt>
      <trkpt lat="45.03" lon="4.69013">
        <ele>382.4</ele>
      </trkpt>
      <trkpt lat="45.02985" lon="4.69028">
        <ele>383.4</ele>
      </trkpt>
      <trkpt lat="45.02924" lon="4.69034">
        <ele>387.6</ele>
      </trkpt>
      <trkpt lat="45.02873" lon="4.69059">
        <ele>390.9</ele>
      </trkpt>
      <trkpt lat="45.02846" lon="4.69066">
        <ele>392.5</ele>
      </trkpt>
      <trkpt lat="45.02789" lon="4.69062">
        <ele>396.7</ele>
      </trkpt>
      <trkpt lat="45.02762" lon="4.69071">
        <ele>398.8</ele>
      </trkpt>
      <trkpt lat="45.02748" lon="4.69086">
        <ele>399.4</ele>
      </trkpt>
      <trkpt lat="45.02727" lon="4.69127">
        <ele>402.1</ele>
      </trkpt>
      <trkpt lat="45.02714" lon="4.69174">
        <ele>404.3</ele>
      </trkpt>
      <trkpt lat="45.02698" lon="4.69189">
        <ele>405.5</ele>
      </trkpt>
      <trkpt lat="45.02681" lon="4.69194">
        <ele>406.4</ele>
      </trkpt>
      <trkpt lat="45.02604" lon="4.69192">
        <ele>412.1</ele>
      </trkpt>
      <trkpt lat="45.02497" lon="4.69182">
        <ele>420.0</ele>
      </trkpt>
      <trkpt lat="45.02485" lon="4.69188">
        <ele>420.5</ele>
      </trkpt>
      <trkpt lat="45.02479" lon="4.69205">
        <ele>421.1</ele>
      </trkpt>
      <trkpt lat="45.02482" lon="4.6922">
        <ele>421.8</ele>
      </trkpt>
      <trkpt lat="45.02489" lon="4.69229">
        <ele>422.3</ele>
      </trkpt>
      <trkpt lat="45.02573" lon="4.69287">
        <ele>428.3</ele>
      </trkpt>
      <trkpt lat="45.02611" lon="4.69334">
        <ele>431.9</ele>
      </trkpt>
      <trkpt lat="45.02654" lon="4.6935">
        <ele>435.0</ele>
      </trkpt>
      <trkpt lat="45.02754" lon="4.69419">
        <ele>442.8</ele>
      </trkpt>
      <trkpt lat="45.02757" lon="4.69432">
        <ele>443.0</ele>
      </trkpt>
      <trkpt lat="45.02744" lon="4.69471">
        <ele>445.0</ele>
      </trkpt>
      <trkpt lat="45.02745" lon="4.69493">
        <ele>445.7</ele>
      </trkpt>
      <trkpt lat="45.02782" lon="4.69535">
        <ele>448.9</ele>
      </trkpt>
      <trkpt lat="45.02798" lon="4.69563">
        <ele>450.3</ele>
      </trkpt>
      <trkpt lat="45.02802" lon="4.69624">
        <ele>452.7</ele>
      </trkpt>
      <trkpt lat="45.02834" lon="4.69709">
        <ele>457.6</ele>
      </trkpt>
      <trkpt lat="45.02834" lon="4.6973">
        <ele>458.6</ele>
      </trkpt>
      <trkpt lat="45.02825" lon="4.69746">
        <ele>459.2</ele>
      </trkpt>
      <trkpt lat="45.02785" lon="4.69765">
        <ele>461.7</ele>
      </trkpt>
      <trkpt lat="45.02769" lon="4.69783">
        <ele>463.0</ele>
      </trkpt>
      <trkpt lat="45.02764" lon="4.69798">
        <ele>463.4</ele>
      </trkpt>
      <trkpt lat="45.02756" lon="4.6987">
        <ele>467.3</ele>
      </trkpt>
      <trkpt lat="45.02748" lon="4.69898">
        <ele>468.2</ele>
      </trkpt>
      <trkpt lat="45.02714" lon="4.69915">
        <ele>470.6</ele>
      </trkpt>
      <trkpt lat="45.02706" lon="4.69929">
        <ele>471.4</ele>
      </trkpt>
      <trkpt lat="45.02706" lon="4.6995">
        <ele>472.1</ele>
      </trkpt>
      <trkpt lat="45.02715" lon="4.69992">
        <ele>474.2</ele>
      </trkpt>
      <trkpt lat="45.02737" lon="4.70037">
        <ele>475.6</ele>
      </trkpt>
      <trkpt lat="45.0274" lon="4.70054">
        <ele>475.8</ele>
      </trkpt>
      <trkpt lat="45.02717" lon="4.70094">
        <ele>476.4</ele>
      </trkpt>
      <trkpt lat="45.02705" lon="4.70135">
        <ele>476.8</ele>
      </trkpt>
      <trkpt lat="45.02664" lon="4.7015">
        <ele>478.4</ele>
      </trkpt>
      <trkpt lat="45.02654" lon="4.70163">
        <ele>478.8</ele>
      </trkpt>
      <trkpt lat="45.02656" lon="4.70185">
        <ele>479.2</ele>
      </trkpt>
      <trkpt lat="45.02681" lon="4.7023">
        <ele>480.8</ele>
      </trkpt>
      <trkpt lat="45.02681" lon="4.70257">
        <ele>481.6</ele>
      </trkpt>
      <trkpt lat="45.02672" lon="4.70302">
        <ele>483.0</ele>
      </trkpt>
      <trkpt lat="45.02679" lon="4.70327">
        <ele>483.6</ele>
      </trkpt>
      <trkpt lat="45.02703" lon="4.70341">
        <ele>484.6</ele>
      </trkpt>
      <trkpt lat="45.02728" lon="4.70343">
        <ele>485.6</ele>
      </trkpt>
      <trkpt lat="45.02773" lon="4.70311">
        <ele>488.6</ele>
      </trkpt>
      <trkpt lat="45.02831" lon="4.70289">
        <ele>492.1</ele>
      </trkpt>
      <trkpt lat="45.0288" lon="4.70298">
        <ele>492.9</ele>
      </trkpt>
      <trkpt lat="45.03007" lon="4.70338">
        <ele>492.4</ele>
      </trkpt>
      <trkpt lat="45.03042" lon="4.70371">
        <ele>492.3</ele>
      </trkpt>
      <trkpt lat="45.03185" lon="4.70583">
        <ele>491.1</ele>
      </trkpt>
      <trkpt lat="45.03257" lon="4.70647">
        <ele>490.2</ele>
      </trkpt>
      <trkpt lat="45.03271" lon="4.70675">
        <ele>490.0</ele>
      </trkpt>
      <trkpt lat="45.03293" lon="4.70764">
        <ele>489.6</ele>
      </trkpt>
      <trkpt lat="45.03313" lon="4.70812">
        <ele>489.3</ele>
      </trkpt>
      <trkpt lat="45.03336" lon="4.70824">
        <ele>489.1</ele>
      </trkpt>
      <trkpt lat="45.03436" lon="4.70802">
        <ele>488.7</ele>
      </trkpt>
      <trkpt lat="45.03465" lon="4.70803">
        <ele>488.5</ele>
      </trkpt>
      <trkpt lat="45.0349" lon="4.70815">
        <ele>488.3</ele>
      </trkpt>
      <trkpt lat="45.03516" lon="4.70847">
        <ele>488.0</ele>
      </trkpt>
      <trkpt lat="45.03524" lon="4.70874">
        <ele>487.8</ele>
      </trkpt>
      <trkpt lat="45.03524" lon="4.70907">
        <ele>487.7</ele>
      </trkpt>
      <trkpt lat="45.03489" lon="4.71119">
        <ele>486.7</ele>
      </trkpt>
      <trkpt lat="45.03476" lon="4.71157">
        <ele>486.5</ele>
      </trkpt>
      <trkpt lat="45.03467" lon="4.7117">
        <ele>486.4</ele>
      </trkpt>
      <trkpt lat="45.0342" lon="4.71207">
        <ele>485.9</ele>
      </trkpt>
      <trkpt lat="45.03401" lon="4.71238">
        <ele>485.7</ele>
      </trkpt>
      <trkpt lat="45.03398" lon="4.71267">
        <ele>485.6</ele>
      </trkpt>
      <trkpt lat="45.03408" lon="4.71303">
        <ele>485.5</ele>
      </trkpt>
      <trkpt lat="45.03418" lon="4.7132">
        <ele>485.5</ele>
      </trkpt>
      <trkpt lat="45.03704" lon="4.71632">
        <ele>483.3</ele>
      </trkpt>
      <trkpt lat="45.03725" lon="4.71646">
        <ele>483.2</ele>
      </trkpt>
      <trkpt lat="45.03764" lon="4.7166">
        <ele>483.1</ele>
      </trkpt>
      <trkpt lat="45.0393" lon="4.71675">
        <ele>482.4</ele>
      </trkpt>
      <trkpt lat="45.0397" lon="4.71692">
        <ele>481.8</ele>
      </trkpt>
      <trkpt lat="45.04016" lon="4.71725">
        <ele>480.0</ele>
      </trkpt>
      <trkpt lat="45.04173" lon="4.71925">
        <ele>473.3</ele>
      </trkpt>
      <trkpt lat="45.04211" lon="4.71954">
        <ele>472.2</ele>
      </trkpt>
      <trkpt lat="45.04326" lon="4.72019">
        <ele>469.2</ele>
      </trkpt>
      <trkpt lat="45.04366" lon="4.72048">
        <ele>467.9</ele>
      </trkpt>
      <trkpt lat="45.04398" lon="4.72113">
        <ele>466.4</ele>
      </trkpt>
      <trkpt lat="45.04413" lon="4.72129">
        <ele>466.0</ele>
      </trkpt>
      <trkpt lat="45.04463" lon="4.72163">
        <ele>464.7</ele>
      </trkpt>
      <trkpt lat="45.04479" lon="4.72188">
        <ele>463.9</ele>
      </trkpt>
      <trkpt lat="45.04498" lon="4.72237">
        <ele>462.6</ele>
      </trkpt>
      <trkpt lat="45.04516" lon="4.72255">
        <ele>462.0</ele>
      </trkpt>
      <trkpt lat="45.04557" lon="4.72268">
        <ele>460.7</ele>
      </trkpt>
      <trkpt lat="45.04625" lon="4.72314">
        <ele>458.4</ele>
      </trkpt>
      <trkpt lat="45.04718" lon="4.72325">
        <ele>455.7</ele>
      </trkpt>
      <trkpt lat="45.04752" lon="4.72339">
        <ele>454.7</ele>
      </trkpt>
      <trkpt lat="45.04771" lon="4.7236">
        <ele>454.0</ele>
      </trkpt>
      <trkpt lat="45.04779" lon="4.72378">
        <ele>453.6</ele>
      </trkpt>
      <trkpt lat="45.04786" lon="4.72422">
        <ele>452.7</ele>
      </trkpt>
      <trkpt lat="45.04788" lon="4.72487">
        <ele>451.3</ele>
      </trkpt>
      <trkpt lat="45.04796" lon="4.72521">
        <ele>450.8</ele>
      </trkpt>
      <trkpt lat="45.04803" lon="4.72533">
        <ele>450.2</ele>
      </trkpt>
      <trkpt lat="45.04828" lon="4.72545">
        <ele>449.8</ele>
      </trkpt>
      <trkpt lat="45.04881" lon="4.72532">
        <ele>447.8</ele>
      </trkpt>
      <trkpt lat="45.04906" lon="4.72534">
        <ele>447.2</ele>
      </trkpt>
      <trkpt lat="45.0494" lon="4.72546">
        <ele>446.2</ele>
      </trkpt>
      <trkpt lat="45.04957" lon="4.72569">
        <ele>445.5</ele>
      </trkpt>
      <trkpt lat="45.04973" lon="4.72646">
        <ele>444.0</ele>
      </trkpt>
      <trkpt lat="45.04995" lon="4.72682">
        <ele>443.2</ele>
      </trkpt>
      <trkpt lat="45.05022" lon="4.72696">
        <ele>442.4</ele>
      </trkpt>
      <trkpt lat="45.05036" lon="4.72697">
        <ele>441.9</ele>
      </trkpt>
      <trkpt lat="45.05083" lon="4.72671">
        <ele>440.3</ele>
      </trkpt>
      <trkpt lat="45.05129" lon="4.72656">
        <ele>439.0</ele>
      </trkpt>
      <trkpt lat="45.05161" lon="4.72632">
        <ele>438.0</ele>
      </trkpt>
      <trkpt lat="45.05208" lon="4.72571">
        <ele>436.1</ele>
      </trkpt>
      <trkpt lat="45.05232" lon="4.72551">
        <ele>435.3</ele>
      </trkpt>
      <trkpt lat="45.05251" lon="4.72553">
        <ele>434.7</ele>
      </trkpt>
      <trkpt lat="45.0527" lon="4.72581">
        <ele>434.1</ele>
      </trkpt>
      <trkpt lat="45.05285" lon="4.72694">
        <ele>432.0</ele>
      </trkpt>
      <trkpt lat="45.05299" lon="4.72733">
        <ele>431.0</ele>
      </trkpt>
      <trkpt lat="45.05323" lon="4.7278">
        <ele>429.7</ele>
      </trkpt>
      <trkpt lat="45.05331" lon="4.72813">
        <ele>429.2</ele>
      </trkpt>
      <trkpt lat="45.05326" lon="4.72838">
        <ele>428.4</ele>
      </trkpt>
      <trkpt lat="45.05298" lon="4.72875">
        <ele>427.1</ele>
      </trkpt>
      <trkpt lat="45.0529" lon="4.729">
        <ele>426.4</ele>
      </trkpt>
      <trkpt lat="45.05291" lon="4.72918">
        <ele>426.0</ele>
      </trkpt>
      <trkpt lat="45.05312" lon="4.72968">
        <ele>425.1</ele>
      </trkpt>
      <trkpt lat="45.0532" lon="4.72999">
        <ele>424.7</ele>
      </trkpt>
      <trkpt lat="45.05315" lon="4.73037">
        <ele>423.8</ele>
      </trkpt>
      <trkpt lat="45.05281" lon="4.73154">
        <ele>421.0</ele>
      </trkpt>
      <trkpt lat="45.05278" lon="4.73183">
        <ele>420.5</ele>
      </trkpt>
      <trkpt lat="45.05283" lon="4.73239">
        <ele>419.7</ele>
      </trkpt>
      <trkpt lat="45.05294" lon="4.7327">
        <ele>419.1</ele>
      </trkpt>
      <trkpt lat="45.05328" lon="4.73321">
        <ele>417.6</ele>
      </trkpt>
      <trkpt lat="45.05348" lon="4.73335">
        <ele>417.0</ele>
      </trkpt>
      <trkpt lat="45.054" lon="4.73356">
        <ele>415.5</ele>
      </trkpt>
      <trkpt lat="45.05424" lon="4.73377">
        <ele>414.3</ele>
      </trkpt>
      <trkpt lat="45.05442" lon="4.73415">
        <ele>413.6</ele>
      </trkpt>
      <trkpt lat="45.05447" lon="4.73452">
        <ele>413.0</ele>
      </trkpt>
      <trkpt lat="45.05441" lon="4.73516">
        <ele>411.7</ele>
      </trkpt>
      <trkpt lat="45.05403" lon="4.73737">
        <ele>407.6</ele>
      </trkpt>
      <trkpt lat="45.05382" lon="4.7377">
        <ele>406.7</ele>
      </trkpt>
      <trkpt lat="45.05319" lon="4.73805">
        <ele>404.6</ele>
      </trkpt>
      <trkpt lat="45.05304" lon="4.73819">
        <ele>404.1</ele>
      </trkpt>
      <trkpt lat="45.05294" lon="4.73838">
        <ele>403.7</ele>
      </trkpt>
      <trkpt lat="45.05291" lon="4.73853">
        <ele>403.5</ele>
      </trkpt>
      <trkpt lat="45.05294" lon="4.73875">
        <ele>403.0</ele>
      </trkpt>
      <trkpt lat="45.05317" lon="4.73915">
        <ele>401.7</ele>
      </trkpt>
      <trkpt lat="45.0532" lon="4.73929">
        <ele>401.5</ele>
      </trkpt>
      <trkpt lat="45.05317" lon="4.73953">
        <ele>401.1</ele>
      </trkpt>
      <trkpt lat="45.05302" lon="4.73995">
        <ele>399.7</ele>
      </trkpt>
      <trkpt lat="45.05302" lon="4.74018">
        <ele>399.2</ele>
      </trkpt>
      <trkpt lat="45.05307" lon="4.74033">
        <ele>399.0</ele>
      </trkpt>
      <trkpt lat="45.0534" lon="4.74083">
        <ele>397.6</ele>
      </trkpt>
      <trkpt lat="45.05346" lon="4.74186">
        <ele>395.2</ele>
      </trkpt>
      <trkpt lat="45.05356" lon="4.74215">
        <ele>394.5</ele>
      </trkpt>
      <trkpt lat="45.05371" lon="4.74234">
        <ele>394.0</ele>
      </trkpt>
      <trkpt lat="45.05396" lon="4.74237">
        <ele>393.5</ele>
      </trkpt>
      <trkpt lat="45.05444" lon="4.742">
        <ele>392.0</ele>
      </trkpt>
      <trkpt lat="45.05483" lon="4.74201">
        <ele>391.0</ele>
      </trkpt>
      <trkpt lat="45.05613" lon="4.74261">
        <ele>387.8</ele>
      </trkpt>
      <trkpt lat="45.05651" lon="4.74319">
        <ele>389.2</ele>
      </trkpt>
      <trkpt lat="45.05667" lon="4.74353">
        <ele>390.8</ele>
      </trkpt>
      <trkpt lat="45.05669" lon="4.74394">
        <ele>392.5</ele>
      </trkpt>
      <trkpt lat="45.05652" lon="4.74471">
        <ele>395.5</ele>
      </trkpt>
      <trkpt lat="45.05652" lon="4.74489">
        <ele>396.3</ele>
      </trkpt>
      <trkpt lat="45.05693" lon="4.74555">
        <ele>399.2</ele>
      </trkpt>
      <trkpt lat="45.05731" lon="4.74682">
        <ele>405.5</ele>
      </trkpt>
      <trkpt lat="45.05734" lon="4.74707">
        <ele>406.1</ele>
      </trkpt>
      <trkpt lat="45.05727" lon="4.74742">
        <ele>407.6</ele>
      </trkpt>
      <trkpt lat="45.05691" lon="4.74798">
        <ele>410.8</ele>
      </trkpt>
      <trkpt lat="45.05659" lon="4.74899">
        <ele>415.0</ele>
      </trkpt>
      <trkpt lat="45.0564" lon="4.74939">
        <ele>417.3</ele>
      </trkpt>
      <trkpt lat="45.05627" lon="4.74955">
        <ele>417.7</ele>
      </trkpt>
      <trkpt lat="45.05643" lon="4.75032">
        <ele>418.4</ele>
      </trkpt>
      <trkpt lat="45.05676" lon="4.75091">
        <ele>421.2</ele>
      </trkpt>
      <trkpt lat="45.05713" lon="4.75206">
        <ele>424.9</ele>
      </trkpt>
      <trkpt lat="45.05761" lon="4.75295">
        <ele>424.2</ele>
      </trkpt>
      <trkpt lat="45.05769" lon="4.75375">
        <ele>422.0</ele>
      </trkpt>
      <trkpt lat="45.05764" lon="4.75402">
        <ele>421.5</ele>
      </trkpt>
      <trkpt lat="45.05743" lon="4.75455">
        <ele>419.5</ele>
      </trkpt>
      <trkpt lat="45.05744" lon="4.75477">
        <ele>418.8</ele>
      </trkpt>
      <trkpt lat="45.05799" lon="4.75621">
        <ele>409.2</ele>
      </trkpt>
      <trkpt lat="45.0583" lon="4.75728">
        <ele>403.8</ele>
      </trkpt>
      <trkpt lat="45.05866" lon="4.75808">
        <ele>398.6</ele>
      </trkpt>
      <trkpt lat="45.05876" lon="4.75862">
        <ele>395.1</ele>
      </trkpt>
      <trkpt lat="45.05875" lon="4.75924">
        <ele>391.0</ele>
      </trkpt>
      <trkpt lat="45.05855" lon="4.76024">
        <ele>383.4</ele>
      </trkpt>
      <trkpt lat="45.05836" lon="4.76157">
        <ele>376.8</ele>
      </trkpt>
      <trkpt lat="45.0582" lon="4.76209">
        <ele>374.5</ele>
      </trkpt>
      <trkpt lat="45.05791" lon="4.76239">
        <ele>372.5</ele>
      </trkpt>
      <trkpt lat="45.05758" lon="4.76251">
        <ele>369.5</ele>
      </trkpt>
      <trkpt lat="45.05741" lon="4.76247">
        <ele>368.4</ele>
      </trkpt>
      <trkpt lat="45.05728" lon="4.76235">
        <ele>367.3</ele>
      </trkpt>
      <trkpt lat="45.05721" lon="4.76214">
        <ele>366.5</ele>
      </trkpt>
      <trkpt lat="45.05723" lon="4.76176">
        <ele>363.4</ele>
      </trkpt>
      <trkpt lat="45.05718" lon="4.76153">
        <ele>361.9</ele>
      </trkpt>
      <trkpt lat="45.05676" lon="4.76112">
        <ele>356.8</ele>
      </trkpt>
      <trkpt lat="45.05664" lon="4.76084">
        <ele>355.5</ele>
      </trkpt>
      <trkpt lat="45.05666" lon="4.76041">
        <ele>353.1</ele>
      </trkpt>
      <trkpt lat="45.05682" lon="4.75988">
        <ele>350.2</ele>
      </trkpt>
      <trkpt lat="45.05673" lon="4.75983">
        <ele>349.9</ele>
      </trkpt>
      <trkpt lat="45.05661" lon="4.76003">
        <ele>347.5</ele>
      </trkpt>
      <trkpt lat="45.05644" lon="4.76046">
        <ele>344.2</ele>
      </trkpt>
      <trkpt lat="45.05614" lon="4.76163">
        <ele>335.9</ele>
      </trkpt>
      <trkpt lat="45.0557" lon="4.76267">
        <ele>328.8</ele>
      </trkpt>
      <trkpt lat="45.05558" lon="4.76361">
        <ele>322.3</ele>
      </trkpt>
      <trkpt lat="45.05524" lon="4.76474">
        <ele>313.9</ele>
      </trkpt>
      <trkpt lat="45.05497" lon="4.76599">
        <ele>305.1</ele>
      </trkpt>
      <trkpt lat="45.05484" lon="4.76632">
        <ele>302.3</ele>
      </trkpt>
      <trkpt lat="45.05449" lon="4.76689">
        <ele>300.5</ele>
      </trkpt>
      <trkpt lat="45.05435" lon="4.76723">
        <ele>299.6</ele>
      </trkpt>
      <trkpt lat="45.0541" lon="4.76835">
        <ele>294.2</ele>
      </trkpt>
      <trkpt lat="45.05364" lon="4.76897">
        <ele>287.9</ele>
      </trkpt>
      <trkpt lat="45.05364" lon="4.76904">
        <ele>287.6</ele>
      </trkpt>
      <trkpt lat="45.05372" lon="4.76914">
        <ele>286.5</ele>
      </trkpt>
      <trkpt lat="45.05432" lon="4.76914">
        <ele>279.9</ele>
      </trkpt>
      <trkpt lat="45.05452" lon="4.7693">
        <ele>277.1</ele>
      </trkpt>
      <trkpt lat="45.05466" lon="4.76953">
        <ele>275.4</ele>
      </trkpt>
      <trkpt lat="45.05496" lon="4.77095">
        <ele>264.6</ele>
      </trkpt>
      <trkpt lat="45.05505" lon="4.77217">
        <ele>256.1</ele>
      </trkpt>
      <trkpt lat="45.05501" lon="4.77254">
        <ele>253.3</ele>
      </trkpt>
      <trkpt lat="45.05486" lon="4.77291">
        <ele>250.7</ele>
      </trkpt>
      <trkpt lat="45.05445" lon="4.77336">
        <ele>245.1</ele>
      </trkpt>
      <trkpt lat="45.05411" lon="4.77393">
        <ele>239.8</ele>
      </trkpt>
      <trkpt lat="45.05367" lon="4.77444">
        <ele>234.2</ele>
      </trkpt>
      <trkpt lat="45.05341" lon="4.7749">
        <ele>230.6</ele>
      </trkpt>
      <trkpt lat="45.0533" lon="4.77519">
        <ele>229.1</ele>
      </trkpt>
      <trkpt lat="45.05326" lon="4.77546">
        <ele>226.9</ele>
      </trkpt>
      <trkpt lat="45.05335" lon="4.77607">
        <ele>222.8</ele>
      </trkpt>
      <trkpt lat="45.05365" lon="4.77668">
        <ele>217.9</ele>
      </trkpt>
      <trkpt lat="45.0537" lon="4.77731">
        <ele>212.4</ele>
      </trkpt>
      <trkpt lat="45.05397" lon="4.77816">
        <ele>207.1</ele>
      </trkpt>
      <trkpt lat="45.05404" lon="4.77953">
        <ele>197.1</ele>
      </trkpt>
      <trkpt lat="45.0541" lon="4.77999">
        <ele>194.2</ele>
      </trkpt>
      <trkpt lat="45.05418" lon="4.78024">
        <ele>192.3</ele>
      </trkpt>
      <trkpt lat="45.0547" lon="4.78071">
        <ele>186.4</ele>
      </trkpt>
      <trkpt lat="45.055" lon="4.78115">
        <ele>182.3</ele>
      </trkpt>
      <trkpt lat="45.05521" lon="4.78128">
        <ele>181.2</ele>
      </trkpt>
      <trkpt lat="45.05543" lon="4.78161">
        <ele>181.2</ele>
      </trkpt>
      <trkpt lat="45.05578" lon="4.78175">
        <ele>182.2</ele>
      </trkpt>
      <trkpt lat="45.05618" lon="4.78202">
        <ele>183.8</ele>
      </trkpt>
      <trkpt lat="45.05696" lon="4.78226">
        <ele>187.6</ele>
      </trkpt>
      <trkpt lat="45.05689" lon="4.7824">
        <ele>187.6</ele>
      </trkpt>
      <trkpt lat="45.05649" lon="4.78422">
        <ele>183.6</ele>
      </trkpt>
      <trkpt lat="45.05647" lon="4.78445">
        <ele>183.1</ele>
      </trkpt>
      <trkpt lat="45.05653" lon="4.78463">
        <ele>182.7</ele>
      </trkpt>
      <trkpt lat="45.05675" lon="4.78484">
        <ele>181.5</ele>
      </trkpt>
      <trkpt lat="45.05713" lon="4.78498">
        <ele>179.8</ele>
      </trkpt>
      <trkpt lat="45.05726" lon="4.78497">
        <ele>179.4</ele>
      </trkpt>
      <trkpt lat="45.05779" lon="4.78471">
        <ele>177.8</ele>
      </trkpt>
      <trkpt lat="45.05829" lon="4.78483">
        <ele>176.1</ele>
      </trkpt>
      <trkpt lat="45.05863" lon="4.78476">
        <ele>175.2</ele>
      </trkpt>
      <trkpt lat="45.05878" lon="4.78479">
        <ele>174.9</ele>
      </trkpt>
      <trkpt lat="45.0589" lon="4.78491">
        <ele>174.4</ele>
      </trkpt>
      <trkpt lat="45.05922" lon="4.78556">
        <ele>172.7</ele>
      </trkpt>
      <trkpt lat="45.05965" lon="4.78628">
        <ele>170.6</ele>
      </trkpt>
      <trkpt lat="45.06039" lon="4.78672">
        <ele>168.0</ele>
      </trkpt>
      <trkpt lat="45.0606" lon="4.78677">
        <ele>167.5</ele>
      </trkpt>
      <trkpt lat="45.06152" lon="4.78672">
        <ele>164.7</ele>
      </trkpt>
      <trkpt lat="45.06228" lon="4.78631">
        <ele>162.0</ele>
      </trkpt>
      <trkpt lat="45.06256" lon="4.78606">
        <ele>161.3</ele>
      </trkpt>
      <trkpt lat="45.06315" lon="4.78519">
        <ele>159.4</ele>
      </trkpt>
      <trkpt lat="45.0633" lon="4.78488">
        <ele>158.9</ele>
      </trkpt>
      <trkpt lat="45.06347" lon="4.78432">
        <ele>158.0</ele>
      </trkpt>
      <trkpt lat="45.0635" lon="4.78371">
        <ele>157.0</ele>
      </trkpt>
      <trkpt lat="45.06356" lon="4.78344">
        <ele>156.6</ele>
      </trkpt>
      <trkpt lat="45.06399" lon="4.7823">
        <ele>154.6</ele>
      </trkpt>
      <trkpt lat="45.06435" lon="4.78153">
        <ele>153.2</ele>
      </trkpt>
      <trkpt lat="45.06447" lon="4.78138">
        <ele>152.9</ele>
      </trkpt>
      <trkpt lat="45.06468" lon="4.78132">
        <ele>152.5</ele>
      </trkpt>
      <trkpt lat="45.0657" lon="4.78146">
        <ele>150.5</ele>
      </trkpt>
      <trkpt lat="45.06605" lon="4.78172">
        <ele>150.0</ele>
      </trkpt>
      <trkpt lat="45.06622" lon="4.78208">
        <ele>149.3</ele>
      </trkpt>
      <trkpt lat="45.06627" lon="4.78244">
        <ele>148.8</ele>
      </trkpt>
      <trkpt lat="45.06626" lon="4.78388">
        <ele>145.2</ele>
      </trkpt>
      <trkpt lat="45.06635" lon="4.78478">
        <ele>143.5</ele>
      </trkpt>
      <trkpt lat="45.06629" lon="4.78534">
        <ele>142.7</ele>
      </trkpt>
      <trkpt lat="45.06594" lon="4.78653">
        <ele>141.4</ele>
      </trkpt>
      <trkpt lat="45.0654" lon="4.78751">
        <ele>139.7</ele>
      </trkpt>
      <trkpt lat="45.06517" lon="4.78807">
        <ele>139.0</ele>
      </trkpt>
      <trkpt lat="45.06471" lon="4.79022">
        <ele>137.6</ele>
      </trkpt>
      <trkpt lat="45.06425" lon="4.79151">
        <ele>136.9</ele>
      </trkpt>
      <trkpt lat="45.06427" lon="4.79194">
        <ele>136.8</ele>
      </trkpt>
      <trkpt lat="45.06434" lon="4.79222">
        <ele>136.8</ele>
      </trkpt>
      <trkpt lat="45.06457" lon="4.79276">
        <ele>136.7</ele>
      </trkpt>
      <trkpt lat="45.06534" lon="4.79377">
        <ele>135.7</ele>
      </trkpt>
      <trkpt lat="45.06568" lon="4.79463">
        <ele>134.8</ele>
      </trkpt>
      <trkpt lat="45.06619" lon="4.79614">
        <ele>133.6</ele>
      </trkpt>
      <trkpt lat="45.06669" lon="4.79727">
        <ele>131.4</ele>
      </trkpt>
      <trkpt lat="45.06691" lon="4.79794">
        <ele>130.2</ele>
      </trkpt>
      <trkpt lat="45.06695" lon="4.799">
        <ele>129.6</ele>
      </trkpt>
      <trkpt lat="45.06686" lon="4.80353">
        <ele>129.1</ele>
      </trkpt>
      <trkpt lat="45.06688" lon="4.80662">
        <ele>130.1</ele>
      </trkpt>
      <trkpt lat="45.06702" lon="4.80834">
        <ele>132.0</ele>
      </trkpt>
      <trkpt lat="45.06691" lon="4.80851">
        <ele>132.2</ele>
      </trkpt>
      <trkpt lat="45.06696" lon="4.80867">
        <ele>132.3</ele>
      </trkpt>
      <trkpt lat="45.06707" lon="4.80872">
        <ele>132.4</ele>
      </trkpt>
      <trkpt lat="45.06732" lon="4.81078">
        <ele>134.5</ele>
      </trkpt>
      <trkpt lat="45.06796" lon="4.81264">
        <ele>133.0</ele>
      </trkpt>
      <trkpt lat="45.06822" lon="4.81318">
        <ele>132.2</ele>
      </trkpt>
      <trkpt lat="45.06868" lon="4.81441">
        <ele>130.9</ele>
      </trkpt>
      <trkpt lat="45.07003" lon="4.819">
        <ele>128.1</ele>
      </trkpt>
      <trkpt lat="45.07027" lon="4.81949">
        <ele>127.7</ele>
      </trkpt>
      <trkpt lat="45.07047" lon="4.81977">
        <ele>127.3</ele>
      </trkpt>
      <trkpt lat="45.07232" lon="4.82182">
        <ele>125.9</ele>
      </trkpt>
      <trkpt lat="45.0723" lon="4.82193">
        <ele>126.0</ele>
      </trkpt>
      <trkpt lat="45.07235" lon="4.8221">
        <ele>126.0</ele>
      </trkpt>
      <trkpt lat="45.07199" lon="4.82332">
        <ele>124.3</ele>
      </trkpt>
      <trkpt lat="45.07061" lon="4.82734">
        <ele>122.8</ele>
      </trkpt>
      <trkpt lat="45.0692989153352" lon="4.8292523">
        <ele>122.5</ele>
      </trkpt>
    </trkseg>
  </trk>
</gpx>