<?xml version="1.0" encoding="UTF-8"?>
<gpx xmlns="http://www.topografix.com/GPX/1/1" xmlns:xsi="http://www.w3.org/2001/XMLSchema-instance" xsi:schemaLocation="http://www.topografix.com/GPX/1/1 http://www.topografix.com/GPX/1/1/gpx.xsd" version="1.1" creator="wattsfit-ingest">
  <metadata>
    <name>Tour de France Femmes avec Zwift 2026 — Stage 7</name>
  </metadata>
  <wpt lat="44.746558" lon="4.815264">
    <name>km 0</name>
    <cmt>km 0</cmt>
    <type>Generic</type>
  </wpt>
  <wpt lat="44.70198676962" lon="4.8504633">
    <name>6.6km @ 5.0%</name>
    <cmt>6.6km @ 5.0%</cmt>
    <type>Generic</type>
  </wpt>
  <wpt lat="44.665860013538" lon="4.86582">
    <name>KOM 2nd Col de la Grande Limite</name>
    <cmt>KOM 2nd Col de la Grande Limite</cmt>
    <type>2nd Category</type>
  </wpt>
  <wpt lat="44.543110030207" lon="4.84057">
    <name>Litter zone</name>
    <cmt>Litter zone</cmt>
    <type>Generic</type>
  </wpt>
  <wpt lat="44.541901430399" lon="4.8388471">
    <name>Litter zone end</name>
    <cmt>Litter zone end</cmt>
    <type>Generic</type>
  </wpt>
  <wpt lat="44.541901430399" lon="4.8388471">
    <name>Feed</name>
    <cmt>Feed</cmt>
    <type>Food</type>
  </wpt>
  <wpt lat="44.537410031188" lon="4.83136">
    <name>Feed end</name>
    <cmt>Feed end</cmt>
    <type>Generic</type>
  </wpt>
  <wpt lat="44.501257537871" lon="4.86431">
    <name>3.2km @ 6.4%</name>
    <cmt>3.2km @ 6.4%</cmt>
    <type>Generic</type>
  </wpt>
  <wpt lat="44.49023004109" lon="4.87555">
    <name>KOM 3rd Col du Colombier</name>
    <cmt>KOM 3rd Col du Colombier</cmt>
    <type>3rd Category</type>
  </wpt>
  <wpt lat="44.309936768796" lon="4.9585733">
    <name>Litter zone</name>
    <cmt>Litter zone</cmt>
    <type>Generic</type>
  </wpt>
  <wpt lat="44.308770069136" lon="4.96249">
    <name>Litter zone end</name>
    <cmt>Litter zone end</cmt>
    <type>Generic</type>
  </wpt>
  <wpt lat="44.308720069154" lon="4.9627">
    <name>Feed</name>
    <cmt>Feed</cmt>
    <type>Food</type>
  </wpt>
  <wpt lat="44.305080070016" lon="4.97222">
    <name>Feed end</name>
    <cmt>Feed end</cmt>
    <type>Generic</type>
  </wpt>
  <wpt lat="44.305000070032" lon="4.97238">
    <name>Litter zone</name>
    <cmt>Litter zone</cmt>
    <type>Generic</type>
  </wpt>
  <wpt lat="44.303811870235" lon="4.9743017">
    <name>Litter zone end</name>
    <cmt>Litter zone end</cmt>
    <type>Generic</type>
  </wpt>
  <wpt lat="44.121480097885" lon="5.02711">
    <name>Sprint</name>
    <cmt>Sprint</cmt>
    <type>Sprint</type>
  </wpt>
  <wpt lat="44.1445500101419" lon="5.05044">
    <name>3.9km @ 6.4%</name>
    <cmt>3.9km @ 6.4%</cmt>
    <type>Generic</type>
  </wpt>
  <wpt lat="44.1703200105326" lon="5.07024">
    <name>KOM 2nd Col de Suzette</name>
    <cmt>KOM 2nd Col de Suzette</cmt>
    <type>2nd Category</type>
  </wpt>
  <wpt lat="44.1188300127409" lon="5.20058">
    <name>Litter zone</name>
    <cmt>Litter zone</cmt>
    <type>Generic</type>
  </wpt>
  <wpt lat="44.1198200127552" lon="5.20166">
    <name>Litter zone end</name>
    <cmt>Litter zone end</cmt>
    <type>Generic</type>
  </wpt>
  <wpt lat="44.1198200127552" lon="5.20166">
    <name>Feed</name>
    <cmt>Feed</cmt>
    <type>Food</type>
  </wpt>
  <wpt lat="44.1210000128488" lon="5.2129633">
    <name>Feed end</name>
    <cmt>Feed end</cmt>
    <type>Generic</type>
  </wpt>
  <wpt lat="44.1136343131259" lon="5.2399672">
    <name>15.6km @ 8.7%</name>
    <cmt>15.6km @ 8.7%</cmt>
    <type>Generic</type>
  </wpt>
  <wpt lat="44.1734950146824" lon="5.278275">
    <name>KOM HC Mont-Ventoux</name>
    <cmt>KOM HC Mont-Ventoux</cmt>
    <type>Hors Category</type>
  </wpt>
  <trk>
    <name>Tour de France Femmes avec Zwift 2026 — Stage 7</name>
    <trkseg>
      <trkpt lat="44.800885" lon="4.78146">
        <ele>96.7</ele>
      </trkpt>
      <trkpt lat="44.80167" lon="4.78134">
        <ele>96.6</ele>
      </trkpt>
      <trkpt lat="44.80229" lon="4.78146">
        <ele>96.5</ele>
      </trkpt>
      <trkpt lat="44.80267" lon="4.7817">
        <ele>96.5</ele>
      </trkpt>
      <trkpt lat="44.79909" lon="4.78549">
        <ele>97.9</ele>
      </trkpt>
      <trkpt lat="44.79875" lon="4.78594">
        <ele>96.6</ele>
      </trkpt>
      <trkpt lat="44.79814" lon="4.7875">
        <ele>95.7</ele>
      </trkpt>
      <trkpt lat="44.79671" lon="4.79146">
        <ele>96.0</ele>
      </trkpt>
      <trkpt lat="44.79407" lon="4.79944">
        <ele>94.8</ele>
      </trkpt>
      <trkpt lat="44.79399" lon="4.79944">
        <ele>94.7</ele>
      </trkpt>
      <trkpt lat="44.79393" lon="4.79953">
        <ele>94.7</ele>
      </trkpt>
      <trkpt lat="44.79372" lon="4.79943">
        <ele>94.6</ele>
      </trkpt>
      <trkpt lat="44.79162" lon="4.79795">
        <ele>94.8</ele>
      </trkpt>
      <trkpt lat="44.79144" lon="4.79788">
        <ele>94.8</ele>
      </trkpt>
      <trkpt lat="44.79122" lon="4.79789">
        <ele>94.9</ele>
      </trkpt>
      <trkpt lat="44.79061" lon="4.79814">
        <ele>95.2</ele>
      </trkpt>
      <trkpt lat="44.79046" lon="4.79829">
        <ele>95.2</ele>
      </trkpt>
      <trkpt lat="44.7903" lon="4.79858">
        <ele>95.3</ele>
      </trkpt>
      <trkpt lat="44.7897" lon="4.79992">
        <ele>95.7</ele>
      </trkpt>
      <trkpt lat="44.78906" lon="4.80176">
        <ele>96.4</ele>
      </trkpt>
      <trkpt lat="44.78808" lon="4.80511">
        <ele>98.1</ele>
      </trkpt>
      <trkpt lat="44.78758" lon="4.80731">
        <ele>99.1</ele>
      </trkpt>
      <trkpt lat="44.78617" lon="4.81155">
        <ele>100.7</ele>
      </trkpt>
      <trkpt lat="44.78502" lon="4.8134">
        <ele>101.0</ele>
      </trkpt>
      <trkpt lat="44.78401" lon="4.81539">
        <ele>102.0</ele>
      </trkpt>
      <trkpt lat="44.78354" lon="4.81664">
        <ele>102.2</ele>
      </trkpt>
      <trkpt lat="44.7829" lon="4.81888">
        <ele>102.8</ele>
      </trkpt>
      <trkpt lat="44.78271" lon="4.8194">
        <ele>103.1</ele>
      </trkpt>
      <trkpt lat="44.7816" lon="4.82159">
        <ele>103.6</ele>
      </trkpt>
      <trkpt lat="44.78058" lon="4.82403">
        <ele>105.1</ele>
      </trkpt>
      <trkpt lat="44.78005" lon="4.82592">
        <ele>105.4</ele>
      </trkpt>
      <trkpt lat="44.78003" lon="4.82601">
        <ele>105.4</ele>
      </trkpt>
      <trkpt lat="44.78009" lon="4.82613">
        <ele>105.3</ele>
      </trkpt>
      <trkpt lat="44.78008" lon="4.82626">
        <ele>105.1</ele>
      </trkpt>
      <trkpt lat="44.78064" lon="4.82674">
        <ele>104.2</ele>
      </trkpt>
      <trkpt lat="44.78109" lon="4.827">
        <ele>104.2</ele>
      </trkpt>
      <trkpt lat="44.78272" lon="4.82771">
        <ele>103.7</ele>
      </trkpt>
      <trkpt lat="44.78312" lon="4.82808">
        <ele>103.9</ele>
      </trkpt>
      <trkpt lat="44.78327" lon="4.82835">
        <ele>104.2</ele>
      </trkpt>
      <trkpt lat="44.78337" lon="4.82868">
        <ele>104.9</ele>
      </trkpt>
      <trkpt lat="44.78342" lon="4.829">
        <ele>106.0</ele>
      </trkpt>
      <trkpt lat="44.7834" lon="4.82962">
        <ele>108.3</ele>
      </trkpt>
      <trkpt lat="44.78308" lon="4.83119">
        <ele>109.6</ele>
      </trkpt>
      <trkpt lat="44.78298" lon="4.83239">
        <ele>112.7</ele>
      </trkpt>
      <trkpt lat="44.78273" lon="4.83298">
        <ele>113.2</ele>
      </trkpt>
      <trkpt lat="44.78246" lon="4.83358">
        <ele>112.2</ele>
      </trkpt>
      <trkpt lat="44.78191" lon="4.8331">
        <ele>108.4</ele>
      </trkpt>
      <trkpt lat="44.78164" lon="4.83302">
        <ele>107.0</ele>
      </trkpt>
      <trkpt lat="44.78148" lon="4.83316">
        <ele>106.4</ele>
      </trkpt>
      <trkpt lat="44.78124" lon="4.83356">
        <ele>106.2</ele>
      </trkpt>
      <trkpt lat="44.78107" lon="4.83365">
        <ele>106.1</ele>
      </trkpt>
      <trkpt lat="44.77802" lon="4.83186">
        <ele>107.4</ele>
      </trkpt>
      <trkpt lat="44.77779" lon="4.83226">
        <ele>107.6</ele>
      </trkpt>
      <trkpt lat="44.77766" lon="4.83226">
        <ele>107.7</ele>
      </trkpt>
      <trkpt lat="44.77763" lon="4.83243">
        <ele>107.8</ele>
      </trkpt>
      <trkpt lat="44.77769" lon="4.8325">
        <ele>107.8</ele>
      </trkpt>
      <trkpt lat="44.77725" lon="4.83341">
        <ele>108.4</ele>
      </trkpt>
      <trkpt lat="44.77675" lon="4.83509">
        <ele>109.4</ele>
      </trkpt>
      <trkpt lat="44.77573" lon="4.83708">
        <ele>110.2</ele>
      </trkpt>
      <trkpt lat="44.77539" lon="4.83786">
        <ele>110.5</ele>
      </trkpt>
      <trkpt lat="44.77299" lon="4.84425">
        <ele>114.1</ele>
      </trkpt>
      <trkpt lat="44.77185" lon="4.84237">
        <ele>116.5</ele>
      </trkpt>
      <trkpt lat="44.77159" lon="4.84211">
        <ele>116.1</ele>
      </trkpt>
      <trkpt lat="44.7643" lon="4.83936">
        <ele>117.0</ele>
      </trkpt>
      <trkpt lat="44.76279" lon="4.83872">
        <ele>114.9</ele>
      </trkpt>
      <trkpt lat="44.7622" lon="4.83843">
        <ele>116.3</ele>
      </trkpt>
      <trkpt lat="44.76205" lon="4.83826">
        <ele>116.7</ele>
      </trkpt>
      <trkpt lat="44.76196" lon="4.83805">
        <ele>116.9</ele>
      </trkpt>
      <trkpt lat="44.7618" lon="4.83797">
        <ele>117.1</ele>
      </trkpt>
      <trkpt lat="44.76167" lon="4.83801">
        <ele>117.3</ele>
      </trkpt>
      <trkpt lat="44.76141" lon="4.83778">
        <ele>117.6</ele>
      </trkpt>
      <trkpt lat="44.76099" lon="4.83721">
        <ele>118.5</ele>
      </trkpt>
      <trkpt lat="44.76001" lon="4.83553">
        <ele>119.4</ele>
      </trkpt>
      <trkpt lat="44.75992" lon="4.83545">
        <ele>119.5</ele>
      </trkpt>
      <trkpt lat="44.75301" lon="4.82333">
        <ele>114.4</ele>
      </trkpt>
      <trkpt lat="44.75293" lon="4.82306">
        <ele>114.1</ele>
      </trkpt>
      <trkpt lat="44.75282" lon="4.82165">
        <ele>112.3</ele>
      </trkpt>
      <trkpt lat="44.75247" lon="4.82079">
        <ele>111.1</ele>
      </trkpt>
      <trkpt lat="44.75183" lon="4.82029">
        <ele>111.0</ele>
      </trkpt>
      <trkpt lat="44.75168" lon="4.82023">
        <ele>111.0</ele>
      </trkpt>
      <trkpt lat="44.75141" lon="4.82027">
        <ele>111.3</ele>
      </trkpt>
      <trkpt lat="44.7511" lon="4.82055">
        <ele>111.7</ele>
      </trkpt>
      <trkpt lat="44.75091" lon="4.82055">
        <ele>111.7</ele>
      </trkpt>
      <trkpt lat="44.75027" lon="4.82001">
        <ele>112.0</ele>
      </trkpt>
      <trkpt lat="44.74942" lon="4.81895">
        <ele>112.9</ele>
      </trkpt>
      <trkpt lat="44.74936" lon="4.81895">
        <ele>112.8</ele>
      </trkpt>
      <trkpt lat="44.74645" lon="4.81512">
        <ele>107.1</ele>
      </trkpt>
      <trkpt lat="44.74594" lon="4.8145">
        <ele>107.9</ele>
      </trkpt>
      <trkpt lat="44.74562" lon="4.81421">
        <ele>108.5</ele>
      </trkpt>
      <trkpt lat="44.74408" lon="4.81313">
        <ele>113.7</ele>
      </trkpt>
      <trkpt lat="44.74357" lon="4.81291">
        <ele>115.3</ele>
      </trkpt>
      <trkpt lat="44.7344" lon="4.81001">
        <ele>132.6</ele>
      </trkpt>
      <trkpt lat="44.73391" lon="4.80978">
        <ele>133.6</ele>
      </trkpt>
      <trkpt lat="44.73241" lon="4.80949">
        <ele>137.9</ele>
      </trkpt>
      <trkpt lat="44.72819" lon="4.80811">
        <ele>146.3</ele>
      </trkpt>
      <trkpt lat="44.72711" lon="4.81071">
        <ele>152.4</ele>
      </trkpt>
      <trkpt lat="44.72596" lon="4.81259">
        <ele>158.7</ele>
      </trkpt>
      <trkpt lat="44.72483" lon="4.81466">
        <ele>164.6</ele>
      </trkpt>
      <trkpt lat="44.72438" lon="4.81652">
        <ele>170.1</ele>
      </trkpt>
      <trkpt lat="44.72366" lon="4.81876">
        <ele>175.3</ele>
      </trkpt>
      <trkpt lat="44.72308" lon="4.82128">
        <ele>177.8</ele>
      </trkpt>
      <trkpt lat="44.72238" lon="4.82375">
        <ele>182.7</ele>
      </trkpt>
      <trkpt lat="44.72212" lon="4.82483">
        <ele>181.9</ele>
      </trkpt>
      <trkpt lat="44.72161" lon="4.82615">
        <ele>182.6</ele>
      </trkpt>
      <trkpt lat="44.72143" lon="4.82638">
        <ele>183.8</ele>
      </trkpt>
      <trkpt lat="44.72127" lon="4.82646">
        <ele>184.2</ele>
      </trkpt>
      <trkpt lat="44.72035" lon="4.82655">
        <ele>189.6</ele>
      </trkpt>
      <trkpt lat="44.72019" lon="4.82666">
        <ele>190.5</ele>
      </trkpt>
      <trkpt lat="44.7196" lon="4.82784">
        <ele>198.4</ele>
      </trkpt>
      <trkpt lat="44.71917" lon="4.82896">
        <ele>204.2</ele>
      </trkpt>
      <trkpt lat="44.71896" lon="4.82922">
        <ele>206.6</ele>
      </trkpt>
      <trkpt lat="44.71845" lon="4.8296">
        <ele>210.5</ele>
      </trkpt>
      <trkpt lat="44.71824" lon="4.82967">
        <ele>212.0</ele>
      </trkpt>
      <trkpt lat="44.71733" lon="4.82962">
        <ele>210.6</ele>
      </trkpt>
      <trkpt lat="44.71668" lon="4.82975">
        <ele>208.4</ele>
      </trkpt>
      <trkpt lat="44.71505" lon="4.83088">
        <ele>200.0</ele>
      </trkpt>
      <trkpt lat="44.71473" lon="4.83123">
        <ele>197.9</ele>
      </trkpt>
      <trkpt lat="44.71398" lon="4.8326">
        <ele>195.8</ele>
      </trkpt>
      <trkpt lat="44.71163" lon="4.83487">
        <ele>205.2</ele>
      </trkpt>
      <trkpt lat="44.71115" lon="4.83521">
        <ele>207.0</ele>
      </trkpt>
      <trkpt lat="44.70997" lon="4.83569">
        <ele>212.3</ele>
      </trkpt>
      <trkpt lat="44.70971" lon="4.83597">
        <ele>211.3</ele>
      </trkpt>
      <trkpt lat="44.70934" lon="4.83669">
        <ele>208.2</ele>
      </trkpt>
      <trkpt lat="44.70908" lon="4.83697">
        <ele>207.3</ele>
      </trkpt>
      <trkpt lat="44.70713" lon="4.83801">
        <ele>196.8</ele>
      </trkpt>
      <trkpt lat="44.70689" lon="4.83823">
        <ele>195.2</ele>
      </trkpt>
      <trkpt lat="44.70571" lon="4.84039">
        <ele>190.3</ele>
      </trkpt>
      <trkpt lat="44.70516" lon="4.84188">
        <ele>187.3</ele>
      </trkpt>
      <trkpt lat="44.70455" lon="4.84429">
        <ele>183.7</ele>
      </trkpt>
      <trkpt lat="44.70445" lon="4.84591">
        <ele>181.0</ele>
      </trkpt>
      <trkpt lat="44.70393" lon="4.84812">
        <ele>180.8</ele>
      </trkpt>
      <trkpt lat="44.70369" lon="4.85023">
        <ele>183.2</ele>
      </trkpt>
      <trkpt lat="44.7036" lon="4.85042">
        <ele>183.4</ele>
      </trkpt>
      <trkpt lat="44.70071" lon="4.85052">
        <ele>193.3</ele>
      </trkpt>
      <trkpt lat="44.69915" lon="4.8514">
        <ele>201.3</ele>
      </trkpt>
      <trkpt lat="44.69872" lon="4.85159">
        <ele>202.9</ele>
      </trkpt>
      <trkpt lat="44.69622" lon="4.85212">
        <ele>214.5</ele>
      </trkpt>
      <trkpt lat="44.69504" lon="4.8526">
        <ele>219.6</ele>
      </trkpt>
      <trkpt lat="44.6943939" lon="4.8527419">
        <ele>221.4</ele>
      </trkpt>
      <trkpt lat="44.69049" lon="4.85402">
        <ele>234.7</ele>
      </trkpt>
      <trkpt lat="44.68767" lon="4.85449">
        <ele>243.1</ele>
      </trkpt>
      <trkpt lat="44.68724" lon="4.85446">
        <ele>244.7</ele>
      </trkpt>
      <trkpt lat="44.68604" lon="4.85419">
        <ele>249.4</ele>
      </trkpt>
      <trkpt lat="44.68419" lon="4.85438">
        <ele>258.4</ele>
      </trkpt>
      <trkpt lat="44.68197" lon="4.85534">
        <ele>269.4</ele>
      </trkpt>
      <trkpt lat="44.68068" lon="4.8562">
        <ele>273.8</ele>
      </trkpt>
      <trkpt lat="44.67986" lon="4.85644">
        <ele>276.6</ele>
      </trkpt>
      <trkpt lat="44.679" lon="4.85706">
        <ele>280.3</ele>
      </trkpt>
      <trkpt lat="44.67844" lon="4.85775">
        <ele>284.1</ele>
      </trkpt>
      <trkpt lat="44.67817" lon="4.85825">
        <ele>286.1</ele>
      </trkpt>
      <trkpt lat="44.67728" lon="4.86034">
        <ele>291.9</ele>
      </trkpt>
      <trkpt lat="44.67721" lon="4.86063">
        <ele>292.8</ele>
      </trkpt>
      <trkpt lat="44.67718" lon="4.86106">
        <ele>293.5</ele>
      </trkpt>
      <trkpt lat="44.67716" lon="4.86298">
        <ele>299.6</ele>
      </trkpt>
      <trkpt lat="44.67719" lon="4.86344">
        <ele>301.3</ele>
      </trkpt>
      <trkpt lat="44.67729" lon="4.86401">
        <ele>304.2</ele>
      </trkpt>
      <trkpt lat="44.67776" lon="4.86511">
        <ele>309.6</ele>
      </trkpt>
      <trkpt lat="44.67793" lon="4.86527">
        <ele>311.1</ele>
      </trkpt>
      <trkpt lat="44.67818" lon="4.86516">
        <ele>313.0</ele>
      </trkpt>
      <trkpt lat="44.67824" lon="4.86499">
        <ele>313.8</ele>
      </trkpt>
      <trkpt lat="44.67819" lon="4.86405">
        <ele>317.4</ele>
      </trkpt>
      <trkpt lat="44.67848" lon="4.86254">
        <ele>324.2</ele>
      </trkpt>
      <trkpt lat="44.67839" lon="4.86196">
        <ele>327.6</ele>
      </trkpt>
      <trkpt lat="44.67842" lon="4.86189">
        <ele>327.8</ele>
      </trkpt>
      <trkpt lat="44.6785" lon="4.8619">
        <ele>327.9</ele>
      </trkpt>
      <trkpt lat="44.67873" lon="4.86287">
        <ele>331.4</ele>
      </trkpt>
      <trkpt lat="44.67863" lon="4.86389">
        <ele>335.6</ele>
      </trkpt>
      <trkpt lat="44.67866" lon="4.86413">
        <ele>336.2</ele>
      </trkpt>
      <trkpt lat="44.67881" lon="4.86439">
        <ele>338.2</ele>
      </trkpt>
      <trkpt lat="44.68025" lon="4.86617">
        <ele>351.7</ele>
      </trkpt>
      <trkpt lat="44.68063" lon="4.86713">
        <ele>357.8</ele>
      </trkpt>
      <trkpt lat="44.68124" lon="4.86787">
        <ele>364.2</ele>
      </trkpt>
      <trkpt lat="44.68127" lon="4.86802">
        <ele>364.6</ele>
      </trkpt>
      <trkpt lat="44.68118" lon="4.86817">
        <ele>365.4</ele>
      </trkpt>
      <trkpt lat="44.68088" lon="4.86829">
        <ele>367.6</ele>
      </trkpt>
      <trkpt lat="44.68049" lon="4.86835">
        <ele>370.1</ele>
      </trkpt>
      <trkpt lat="44.67971" lon="4.86819">
        <ele>375.4</ele>
      </trkpt>
      <trkpt lat="44.67943" lon="4.86824">
        <ele>377.4</ele>
      </trkpt>
      <trkpt lat="44.679" lon="4.86852">
        <ele>381.7</ele>
      </trkpt>
      <trkpt lat="44.67823" lon="4.86935">
        <ele>388.7</ele>
      </trkpt>
      <trkpt lat="44.67794" lon="4.8695">
        <ele>390.8</ele>
      </trkpt>
      <trkpt lat="44.6773" lon="4.86949">
        <ele>395.1</ele>
      </trkpt>
      <trkpt lat="44.67683" lon="4.86934">
        <ele>398.9</ele>
      </trkpt>
      <trkpt lat="44.6762978" lon="4.8689478">
        <ele>403.9</ele>
      </trkpt>
      <trkpt lat="44.67583" lon="4.86845">
        <ele>407.4</ele>
      </trkpt>
      <trkpt lat="44.67573" lon="4.86824">
        <ele>408.9</ele>
      </trkpt>
      <trkpt lat="44.67579" lon="4.86804">
        <ele>409.6</ele>
      </trkpt>
      <trkpt lat="44.67644" lon="4.86764">
        <ele>414.7</ele>
      </trkpt>
      <trkpt lat="44.6765" lon="4.86755">
        <ele>415.2</ele>
      </trkpt>
      <trkpt lat="44.67649" lon="4.86748">
        <ele>415.4</ele>
      </trkpt>
      <trkpt lat="44.67641" lon="4.86742">
        <ele>415.6</ele>
      </trkpt>
      <trkpt lat="44.67592" lon="4.86738">
        <ele>419.2</ele>
      </trkpt>
      <trkpt lat="44.6754" lon="4.86704">
        <ele>423.6</ele>
      </trkpt>
      <trkpt lat="44.67513" lon="4.86675">
        <ele>426.1</ele>
      </trkpt>
      <trkpt lat="44.67481" lon="4.86617">
        <ele>429.8</ele>
      </trkpt>
      <trkpt lat="44.67462" lon="4.86597">
        <ele>431.7</ele>
      </trkpt>
      <trkpt lat="44.67411" lon="4.86578">
        <ele>435.8</ele>
      </trkpt>
      <trkpt lat="44.67254" lon="4.86564">
        <ele>450.4</ele>
      </trkpt>
      <trkpt lat="44.67181" lon="4.86536">
        <ele>455.9</ele>
      </trkpt>
      <trkpt lat="44.67154" lon="4.86519">
        <ele>457.7</ele>
      </trkpt>
      <trkpt lat="44.67148" lon="4.86495">
        <ele>458.7</ele>
      </trkpt>
      <trkpt lat="44.67166" lon="4.86399">
        <ele>463.6</ele>
      </trkpt>
      <trkpt lat="44.67164" lon="4.86351">
        <ele>465.6</ele>
      </trkpt>
      <trkpt lat="44.67147" lon="4.86312">
        <ele>468.0</ele>
      </trkpt>
      <trkpt lat="44.67131" lon="4.86301">
        <ele>470.1</ele>
      </trkpt>
      <trkpt lat="44.67116" lon="4.86301">
        <ele>471.3</ele>
      </trkpt>
      <trkpt lat="44.67097" lon="4.86314">
        <ele>473.3</ele>
      </trkpt>
      <trkpt lat="44.67057" lon="4.86363">
        <ele>477.4</ele>
      </trkpt>
      <trkpt lat="44.67016" lon="4.86402">
        <ele>480.8</ele>
      </trkpt>
      <trkpt lat="44.66967" lon="4.86442">
        <ele>484.6</ele>
      </trkpt>
      <trkpt lat="44.66934" lon="4.8646">
        <ele>487.5</ele>
      </trkpt>
      <trkpt lat="44.66876" lon="4.86477">
        <ele>491.6</ele>
      </trkpt>
      <trkpt lat="44.66807" lon="4.86487">
        <ele>497.8</ele>
      </trkpt>
      <trkpt lat="44.66758" lon="4.86487">
        <ele>502.3</ele>
      </trkpt>
      <trkpt lat="44.66698" lon="4.86477">
        <ele>507.4</ele>
      </trkpt>
      <trkpt lat="44.66682" lon="4.86481">
        <ele>508.0</ele>
      </trkpt>
      <trkpt lat="44.6666" lon="4.86497">
        <ele>509.3</ele>
      </trkpt>
      <trkpt lat="44.66572" lon="4.86599">
        <ele>512.3</ele>
      </trkpt>
      <trkpt lat="44.66556" lon="4.86625">
        <ele>511.9</ele>
      </trkpt>
      <trkpt lat="44.6655" lon="4.86658">
        <ele>510.6</ele>
      </trkpt>
      <trkpt lat="44.66554" lon="4.86679">
        <ele>509.9</ele>
      </trkpt>
      <trkpt lat="44.66578" lon="4.86742">
        <ele>505.9</ele>
      </trkpt>
      <trkpt lat="44.66578" lon="4.86757">
        <ele>504.7</ele>
      </trkpt>
      <trkpt lat="44.66569" lon="4.86776">
        <ele>503.7</ele>
      </trkpt>
      <trkpt lat="44.66473" lon="4.86809">
        <ele>496.0</ele>
      </trkpt>
      <trkpt lat="44.66334" lon="4.86884">
        <ele>485.5</ele>
      </trkpt>
      <trkpt lat="44.66262" lon="4.86948">
        <ele>479.2</ele>
      </trkpt>
      <trkpt lat="44.66194" lon="4.87054">
        <ele>473.5</ele>
      </trkpt>
      <trkpt lat="44.6608" lon="4.87097">
        <ele>466.0</ele>
      </trkpt>
      <trkpt lat="44.66065" lon="4.87108">
        <ele>465.3</ele>
      </trkpt>
      <trkpt lat="44.66058" lon="4.87123">
        <ele>464.3</ele>
      </trkpt>
      <trkpt lat="44.66062" lon="4.87152">
        <ele>462.9</ele>
      </trkpt>
      <trkpt lat="44.66115" lon="4.87236">
        <ele>456.6</ele>
      </trkpt>
      <trkpt lat="44.66137" lon="4.87281">
        <ele>454.8</ele>
      </trkpt>
      <trkpt lat="44.66135" lon="4.87311">
        <ele>453.9</ele>
      </trkpt>
      <trkpt lat="44.66121" lon="4.8732">
        <ele>453.0</ele>
      </trkpt>
      <trkpt lat="44.66003" lon="4.87282">
        <ele>442.4</ele>
      </trkpt>
      <trkpt lat="44.65921" lon="4.87267">
        <ele>436.0</ele>
      </trkpt>
      <trkpt lat="44.6584" lon="4.87241">
        <ele>429.8</ele>
      </trkpt>
      <trkpt lat="44.65736" lon="4.8725">
        <ele>421.7</ele>
      </trkpt>
      <trkpt lat="44.65669" lon="4.8724">
        <ele>416.4</ele>
      </trkpt>
      <trkpt lat="44.65589" lon="4.87211">
        <ele>410.0</ele>
      </trkpt>
      <trkpt lat="44.65479" lon="4.8715">
        <ele>401.6</ele>
      </trkpt>
      <trkpt lat="44.65435" lon="4.87141">
        <ele>398.0</ele>
      </trkpt>
      <trkpt lat="44.65364" lon="4.87163">
        <ele>393.0</ele>
      </trkpt>
      <trkpt lat="44.65189" lon="4.87254">
        <ele>378.6</ele>
      </trkpt>
      <trkpt lat="44.65025" lon="4.87327">
        <ele>365.8</ele>
      </trkpt>
      <trkpt lat="44.6482" lon="4.87377">
        <ele>352.5</ele>
      </trkpt>
      <trkpt lat="44.64813" lon="4.87372">
        <ele>352.1</ele>
      </trkpt>
      <trkpt lat="44.64812" lon="4.87363">
        <ele>351.5</ele>
      </trkpt>
      <trkpt lat="44.64821" lon="4.87352">
        <ele>350.8</ele>
      </trkpt>
      <trkpt lat="44.64947" lon="4.87308">
        <ele>340.0</ele>
      </trkpt>
      <trkpt lat="44.64987" lon="4.87286">
        <ele>336.7</ele>
      </trkpt>
      <trkpt lat="44.65051" lon="4.87238">
        <ele>330.9</ele>
      </trkpt>
      <trkpt lat="44.65122" lon="4.87175">
        <ele>324.7</ele>
      </trkpt>
      <trkpt lat="44.65134" lon="4.87156">
        <ele>324.3</ele>
      </trkpt>
      <trkpt lat="44.6514969" lon="4.8714799">
        <ele>324.5</ele>
      </trkpt>
      <trkpt lat="44.65134" lon="4.87156">
        <ele>324.0</ele>
      </trkpt>
      <trkpt lat="44.65132" lon="4.8713">
        <ele>322.9</ele>
      </trkpt>
      <trkpt lat="44.65115" lon="4.87121">
        <ele>321.6</ele>
      </trkpt>
      <trkpt lat="44.64944" lon="4.87193">
        <ele>307.0</ele>
      </trkpt>
      <trkpt lat="44.64886" lon="4.87205">
        <ele>302.1</ele>
      </trkpt>
      <trkpt lat="44.64853" lon="4.87205">
        <ele>299.3</ele>
      </trkpt>
      <trkpt lat="44.64811" lon="4.87196">
        <ele>296.3</ele>
      </trkpt>
      <trkpt lat="44.64717" lon="4.87152">
        <ele>288.2</ele>
      </trkpt>
      <trkpt lat="44.64683" lon="4.87149">
        <ele>285.4</ele>
      </trkpt>
      <trkpt lat="44.64543" lon="4.87201">
        <ele>275.0</ele>
      </trkpt>
      <trkpt lat="44.64394" lon="4.87322">
        <ele>263.6</ele>
      </trkpt>
      <trkpt lat="44.64345" lon="4.87283">
        <ele>263.8</ele>
      </trkpt>
      <trkpt lat="44.64199" lon="4.87241">
        <ele>262.5</ele>
      </trkpt>
      <trkpt lat="44.63988" lon="4.87068">
        <ele>255.0</ele>
      </trkpt>
      <trkpt lat="44.63805" lon="4.8704">
        <ele>247.2</ele>
      </trkpt>
      <trkpt lat="44.63768" lon="4.87025">
        <ele>245.8</ele>
      </trkpt>
      <trkpt lat="44.63678" lon="4.86972">
        <ele>244.0</ele>
      </trkpt>
      <trkpt lat="44.63615" lon="4.86971">
        <ele>244.5</ele>
      </trkpt>
      <trkpt lat="44.63584" lon="4.8696">
        <ele>244.3</ele>
      </trkpt>
      <trkpt lat="44.6314" lon="4.86621">
        <ele>222.0</ele>
      </trkpt>
      <trkpt lat="44.63088" lon="4.86566">
        <ele>219.7</ele>
      </trkpt>
      <trkpt lat="44.62819" lon="4.86251">
        <ele>224.2</ele>
      </trkpt>
      <trkpt lat="44.62795" lon="4.86207">
        <ele>224.4</ele>
      </trkpt>
      <trkpt lat="44.62713" lon="4.85919">
        <ele>221.2</ele>
      </trkpt>
      <trkpt lat="44.62692" lon="4.8586">
        <ele>220.5</ele>
      </trkpt>
      <trkpt lat="44.62555" lon="4.85623">
        <ele>217.4</ele>
      </trkpt>
      <trkpt lat="44.62542" lon="4.85627">
        <ele>216.8</ele>
      </trkpt>
      <trkpt lat="44.62516" lon="4.85622">
        <ele>215.4</ele>
      </trkpt>
      <trkpt lat="44.62209" lon="4.85538">
        <ele>200.1</ele>
      </trkpt>
      <trkpt lat="44.61817" lon="4.85303">
        <ele>178.7</ele>
      </trkpt>
      <trkpt lat="44.61481" lon="4.8518">
        <ele>163.5</ele>
      </trkpt>
      <trkpt lat="44.61444" lon="4.85162">
        <ele>162.3</ele>
      </trkpt>
      <trkpt lat="44.61375" lon="4.8509">
        <ele>158.6</ele>
      </trkpt>
      <trkpt lat="44.61284" lon="4.8504">
        <ele>154.7</ele>
      </trkpt>
      <trkpt lat="44.61266" lon="4.85024">
        <ele>153.9</ele>
      </trkpt>
      <trkpt lat="44.61254" lon="4.84997">
        <ele>153.3</ele>
      </trkpt>
      <trkpt lat="44.61229" lon="4.84905">
        <ele>151.5</ele>
      </trkpt>
      <trkpt lat="44.61154" lon="4.8479">
        <ele>149.2</ele>
      </trkpt>
      <trkpt lat="44.61131" lon="4.84775">
        <ele>148.7</ele>
      </trkpt>
      <trkpt lat="44.60986" lon="4.84732">
        <ele>145.5</ele>
      </trkpt>
      <trkpt lat="44.60933" lon="4.84722">
        <ele>144.8</ele>
      </trkpt>
      <trkpt lat="44.60912" lon="4.84708">
        <ele>144.5</ele>
      </trkpt>
      <trkpt lat="44.60912" lon="4.84689">
        <ele>144.3</ele>
      </trkpt>
      <trkpt lat="44.60898" lon="4.84675">
        <ele>144.1</ele>
      </trkpt>
      <trkpt lat="44.60883" lon="4.84684">
        <ele>143.9</ele>
      </trkpt>
      <trkpt lat="44.6088" lon="4.84704">
        <ele>143.7</ele>
      </trkpt>
      <trkpt lat="44.60865" lon="4.84708">
        <ele>143.5</ele>
      </trkpt>
      <trkpt lat="44.60827" lon="4.84708">
        <ele>142.8</ele>
      </trkpt>
      <trkpt lat="44.60708" lon="4.8469">
        <ele>141.2</ele>
      </trkpt>
      <trkpt lat="44.60651" lon="4.84691">
        <ele>140.7</ele>
      </trkpt>
      <trkpt lat="44.60515" lon="4.84708">
        <ele>139.3</ele>
      </trkpt>
      <trkpt lat="44.60346" lon="4.84761">
        <ele>136.9</ele>
      </trkpt>
      <trkpt lat="44.60306" lon="4.84767">
        <ele>136.3</ele>
      </trkpt>
      <trkpt lat="44.60265" lon="4.84757">
        <ele>135.9</ele>
      </trkpt>
      <trkpt lat="44.6002" lon="4.84645">
        <ele>135.2</ele>
      </trkpt>
      <trkpt lat="44.60013" lon="4.84655">
        <ele>135.1</ele>
      </trkpt>
      <trkpt lat="44.5997" lon="4.84775">
        <ele>132.9</ele>
      </trkpt>
      <trkpt lat="44.59954" lon="4.84806">
        <ele>131.7</ele>
      </trkpt>
      <trkpt lat="44.59921" lon="4.84833">
        <ele>130.5</ele>
      </trkpt>
      <trkpt lat="44.59884" lon="4.84838">
        <ele>130.0</ele>
      </trkpt>
      <trkpt lat="44.59477" lon="4.84709">
        <ele>130.8</ele>
      </trkpt>
      <trkpt lat="44.59164" lon="4.84674">
        <ele>131.7</ele>
      </trkpt>
      <trkpt lat="44.59054" lon="4.84668">
        <ele>131.1</ele>
      </trkpt>
      <trkpt lat="44.58788" lon="4.84586">
        <ele>131.2</ele>
      </trkpt>
      <trkpt lat="44.58693" lon="4.84536">
        <ele>131.7</ele>
      </trkpt>
      <trkpt lat="44.586" lon="4.84533">
        <ele>131.9</ele>
      </trkpt>
      <trkpt lat="44.58344" lon="4.84465">
        <ele>131.8</ele>
      </trkpt>
      <trkpt lat="44.58091" lon="4.84458">
        <ele>128.9</ele>
      </trkpt>
      <trkpt lat="44.58058" lon="4.84413">
        <ele>128.6</ele>
      </trkpt>
      <trkpt lat="44.57957" lon="4.84308">
        <ele>128.0</ele>
      </trkpt>
      <trkpt lat="44.57941" lon="4.84315">
        <ele>127.9</ele>
      </trkpt>
      <trkpt lat="44.57931" lon="4.84302">
        <ele>127.8</ele>
      </trkpt>
      <trkpt lat="44.57881" lon="4.84326">
        <ele>127.5</ele>
      </trkpt>
      <trkpt lat="44.5781" lon="4.84373">
        <ele>127.6</ele>
      </trkpt>
      <trkpt lat="44.57652" lon="4.84512">
        <ele>131.5</ele>
      </trkpt>
      <trkpt lat="44.57576" lon="4.84597">
        <ele>132.3</ele>
      </trkpt>
      <trkpt lat="44.57343" lon="4.84888">
        <ele>134.8</ele>
      </trkpt>
      <trkpt lat="44.57292" lon="4.84931">
        <ele>136.6</ele>
      </trkpt>
      <trkpt lat="44.57231" lon="4.84958">
        <ele>137.6</ele>
      </trkpt>
      <trkpt lat="44.56862" lon="4.85031">
        <ele>144.9</ele>
      </trkpt>
      <trkpt lat="44.56694" lon="4.85095">
        <ele>148.6</ele>
      </trkpt>
      <trkpt lat="44.5641" lon="4.85054">
        <ele>155.6</ele>
      </trkpt>
      <trkpt lat="44.55615" lon="4.85169">
        <ele>145.2</ele>
      </trkpt>
      <trkpt lat="44.55525" lon="4.85168">
        <ele>145.1</ele>
      </trkpt>
      <trkpt lat="44.55522" lon="4.85153">
        <ele>145.0</ele>
      </trkpt>
      <trkpt lat="44.55511" lon="4.85146">
        <ele>145.0</ele>
      </trkpt>
      <trkpt lat="44.55501" lon="4.85151">
        <ele>144.9</ele>
      </trkpt>
      <trkpt lat="44.55497" lon="4.85167">
        <ele>144.9</ele>
      </trkpt>
      <trkpt lat="44.55389" lon="4.85152">
        <ele>145.2</ele>
      </trkpt>
      <trkpt lat="44.55146" lon="4.85145">
        <ele>144.7</ele>
      </trkpt>
      <trkpt lat="44.55114" lon="4.85151">
        <ele>144.6</ele>
      </trkpt>
      <trkpt lat="44.55061" lon="4.85177">
        <ele>144.2</ele>
      </trkpt>
      <trkpt lat="44.55045" lon="4.85167">
        <ele>144.1</ele>
      </trkpt>
      <trkpt lat="44.55036" lon="4.85154">
        <ele>144.0</ele>
      </trkpt>
      <trkpt lat="44.55014" lon="4.85075">
        <ele>143.7</ele>
      </trkpt>
      <trkpt lat="44.54926" lon="4.84907">
        <ele>142.6</ele>
      </trkpt>
      <trkpt lat="44.54671" lon="4.84533">
        <ele>137.9</ele>
      </trkpt>
      <trkpt lat="44.5465" lon="4.84491">
        <ele>137.3</ele>
      </trkpt>
      <trkpt lat="44.5463" lon="4.84491">
        <ele>137.1</ele>
      </trkpt>
      <trkpt lat="44.54554" lon="4.84448">
        <ele>136.8</ele>
      </trkpt>
      <trkpt lat="44.54534" lon="4.84435">
        <ele>137.1</ele>
      </trkpt>
      <trkpt lat="44.54507" lon="4.84405">
        <ele>138.1</ele>
      </trkpt>
      <trkpt lat="44.54269" lon="4.83988">
        <ele>146.7</ele>
      </trkpt>
      <trkpt lat="44.5389" lon="4.83494">
        <ele>160.8</ele>
      </trkpt>
      <trkpt lat="44.53864" lon="4.8344">
        <ele>163.0</ele>
      </trkpt>
      <trkpt lat="44.5383" lon="4.83308">
        <ele>168.0</ele>
      </trkpt>
      <trkpt lat="44.53801" lon="4.83232">
        <ele>171.2</ele>
      </trkpt>
      <trkpt lat="44.53764" lon="4.83164">
        <ele>174.2</ele>
      </trkpt>
      <trkpt lat="44.53715" lon="4.83109">
        <ele>177.2</ele>
      </trkpt>
      <trkpt lat="44.53683" lon="4.83088">
        <ele>178.8</ele>
      </trkpt>
      <trkpt lat="44.53644" lon="4.83089">
        <ele>180.9</ele>
      </trkpt>
      <trkpt lat="44.53627" lon="4.83084">
        <ele>181.5</ele>
      </trkpt>
      <trkpt lat="44.53597" lon="4.83042">
        <ele>183.3</ele>
      </trkpt>
      <trkpt lat="44.53579" lon="4.83025">
        <ele>184.0</ele>
      </trkpt>
      <trkpt lat="44.53479" lon="4.82981">
        <ele>187.9</ele>
      </trkpt>
      <trkpt lat="44.53312" lon="4.82829">
        <ele>193.2</ele>
      </trkpt>
      <trkpt lat="44.53214" lon="4.82762">
        <ele>187.4</ele>
      </trkpt>
      <trkpt lat="44.53188" lon="4.82753">
        <ele>186.3</ele>
      </trkpt>
      <trkpt lat="44.53159" lon="4.82771">
        <ele>184.4</ele>
      </trkpt>
      <trkpt lat="44.53113" lon="4.82874">
        <ele>178.9</ele>
      </trkpt>
      <trkpt lat="44.53092" lon="4.82897">
        <ele>178.0</ele>
      </trkpt>
      <trkpt lat="44.53068" lon="4.82903">
        <ele>176.4</ele>
      </trkpt>
      <trkpt lat="44.52902" lon="4.82913">
        <ele>167.2</ele>
      </trkpt>
      <trkpt lat="44.52663" lon="4.82965">
        <ele>166.9</ele>
      </trkpt>
      <trkpt lat="44.52545" lon="4.83009">
        <ele>167.3</ele>
      </trkpt>
      <trkpt lat="44.52502" lon="4.83006">
        <ele>166.8</ele>
      </trkpt>
      <trkpt lat="44.51942" lon="4.82598">
        <ele>160.2</ele>
      </trkpt>
      <trkpt lat="44.51862" lon="4.82497">
        <ele>160.6</ele>
      </trkpt>
      <trkpt lat="44.51786" lon="4.82381">
        <ele>161.2</ele>
      </trkpt>
      <trkpt lat="44.51749" lon="4.82361">
        <ele>161.7</ele>
      </trkpt>
      <trkpt lat="44.51683" lon="4.82344">
        <ele>163.2</ele>
      </trkpt>
      <trkpt lat="44.51684" lon="4.82249">
        <ele>164.4</ele>
      </trkpt>
      <trkpt lat="44.51676" lon="4.82246">
        <ele>164.5</ele>
      </trkpt>
      <trkpt lat="44.51658" lon="4.82258">
        <ele>164.7</ele>
      </trkpt>
      <trkpt lat="44.51594" lon="4.82276">
        <ele>166.3</ele>
      </trkpt>
      <trkpt lat="44.51567" lon="4.82297">
        <ele>166.9</ele>
      </trkpt>
      <trkpt lat="44.51546" lon="4.82322">
        <ele>167.6</ele>
      </trkpt>
      <trkpt lat="44.51546" lon="4.82388">
        <ele>168.6</ele>
      </trkpt>
      <trkpt lat="44.51542" lon="4.82413">
        <ele>168.9</ele>
      </trkpt>
      <trkpt lat="44.51445" lon="4.82708">
        <ele>173.4</ele>
      </trkpt>
      <trkpt lat="44.51441" lon="4.83001">
        <ele>175.9</ele>
      </trkpt>
      <trkpt lat="44.514" lon="4.8319">
        <ele>178.7</ele>
      </trkpt>
      <trkpt lat="44.5138" lon="4.83255">
        <ele>179.8</ele>
      </trkpt>
      <trkpt lat="44.51362" lon="4.83287">
        <ele>180.2</ele>
      </trkpt>
      <trkpt lat="44.51112" lon="4.83647">
        <ele>187.1</ele>
      </trkpt>
      <trkpt lat="44.51005" lon="4.83832">
        <ele>186.7</ele>
      </trkpt>
      <trkpt lat="44.50949" lon="4.83915">
        <ele>187.0</ele>
      </trkpt>
      <trkpt lat="44.50927" lon="4.83965">
        <ele>187.1</ele>
      </trkpt>
      <trkpt lat="44.50912" lon="4.84046">
        <ele>186.7</ele>
      </trkpt>
      <trkpt lat="44.50899" lon="4.84084">
        <ele>186.5</ele>
      </trkpt>
      <trkpt lat="44.5088" lon="4.84114">
        <ele>186.6</ele>
      </trkpt>
      <trkpt lat="44.50825" lon="4.84176">
        <ele>187.8</ele>
      </trkpt>
      <trkpt lat="44.50802" lon="4.84216">
        <ele>188.7</ele>
      </trkpt>
      <trkpt lat="44.50795" lon="4.84252">
        <ele>189.5</ele>
      </trkpt>
      <trkpt lat="44.50792" lon="4.84328">
        <ele>190.9</ele>
      </trkpt>
      <trkpt lat="44.50761" lon="4.84412">
        <ele>192.7</ele>
      </trkpt>
      <trkpt lat="44.50738" lon="4.8453">
        <ele>194.3</ele>
      </trkpt>
      <trkpt lat="44.50609" lon="4.8487">
        <ele>200.7</ele>
      </trkpt>
      <trkpt lat="44.50612" lon="4.84901">
        <ele>200.8</ele>
      </trkpt>
      <trkpt lat="44.5064" lon="4.84944">
        <ele>200.6</ele>
      </trkpt>
      <trkpt lat="44.50655" lon="4.84983">
        <ele>200.5</ele>
      </trkpt>
      <trkpt lat="44.5066" lon="4.85041">
        <ele>201.3</ele>
      </trkpt>
      <trkpt lat="44.50652" lon="4.85083">
        <ele>202.4</ele>
      </trkpt>
      <trkpt lat="44.50636" lon="4.85119">
        <ele>203.4</ele>
      </trkpt>
      <trkpt lat="44.50502" lon="4.85325">
        <ele>210.1</ele>
      </trkpt>
      <trkpt lat="44.50334" lon="4.85727">
        <ele>215.3</ele>
      </trkpt>
      <trkpt lat="44.50314" lon="4.85832">
        <ele>215.9</ele>
      </trkpt>
      <trkpt lat="44.50244" lon="4.86309">
        <ele>225.1</ele>
      </trkpt>
      <trkpt lat="44.50228" lon="4.86369">
        <ele>225.6</ele>
      </trkpt>
      <trkpt lat="44.5021" lon="4.86404">
        <ele>225.7</ele>
      </trkpt>
      <trkpt lat="44.50197" lon="4.86414">
        <ele>225.8</ele>
      </trkpt>
      <trkpt lat="44.50176" lon="4.86414">
        <ele>226.1</ele>
      </trkpt>
      <trkpt lat="44.50158" lon="4.86399">
        <ele>226.2</ele>
      </trkpt>
      <trkpt lat="44.50144" lon="4.86402">
        <ele>226.6</ele>
      </trkpt>
      <trkpt lat="44.50041" lon="4.86582">
        <ele>235.0</ele>
      </trkpt>
      <trkpt lat="44.50022" lon="4.86598">
        <ele>236.6</ele>
      </trkpt>
      <trkpt lat="44.49961" lon="4.86624">
        <ele>241.2</ele>
      </trkpt>
      <trkpt lat="44.49948" lon="4.86637">
        <ele>242.2</ele>
      </trkpt>
      <trkpt lat="44.4994" lon="4.86657">
        <ele>242.8</ele>
      </trkpt>
      <trkpt lat="44.49942" lon="4.86686">
        <ele>243.8</ele>
      </trkpt>
      <trkpt lat="44.49951" lon="4.86698">
        <ele>244.2</ele>
      </trkpt>
      <trkpt lat="44.49981" lon="4.86708">
        <ele>246.1</ele>
      </trkpt>
      <trkpt lat="44.49987" lon="4.86723">
        <ele>246.7</ele>
      </trkpt>
      <trkpt lat="44.49929" lon="4.86734">
        <ele>251.5</ele>
      </trkpt>
      <trkpt lat="44.49901" lon="4.8675">
        <ele>253.9</ele>
      </trkpt>
      <trkpt lat="44.49889" lon="4.86763">
        <ele>255.0</ele>
      </trkpt>
      <trkpt lat="44.49859" lon="4.86834">
        <ele>260.1</ele>
      </trkpt>
      <trkpt lat="44.49831" lon="4.86933">
        <ele>265.8</ele>
      </trkpt>
      <trkpt lat="44.49791" lon="4.86993">
        <ele>270.7</ele>
      </trkpt>
      <trkpt lat="44.49747" lon="4.87022">
        <ele>275.1</ele>
      </trkpt>
      <trkpt lat="44.49653" lon="4.87031">
        <ele>283.7</ele>
      </trkpt>
      <trkpt lat="44.49641" lon="4.87038">
        <ele>284.3</ele>
      </trkpt>
      <trkpt lat="44.49641" lon="4.87048">
        <ele>284.4</ele>
      </trkpt>
      <trkpt lat="44.49646" lon="4.87053">
        <ele>284.7</ele>
      </trkpt>
      <trkpt lat="44.49671" lon="4.8706">
        <ele>285.7</ele>
      </trkpt>
      <trkpt lat="44.49724" lon="4.87089">
        <ele>288.7</ele>
      </trkpt>
      <trkpt lat="44.49781" lon="4.87104">
        <ele>292.8</ele>
      </trkpt>
      <trkpt lat="44.49789" lon="4.8712">
        <ele>293.7</ele>
      </trkpt>
      <trkpt lat="44.49782" lon="4.87146">
        <ele>295.5</ele>
      </trkpt>
      <trkpt lat="44.4977" lon="4.87149">
        <ele>296.1</ele>
      </trkpt>
      <trkpt lat="44.49752" lon="4.87134">
        <ele>298.0</ele>
      </trkpt>
      <trkpt lat="44.4974" lon="4.87131">
        <ele>298.4</ele>
      </trkpt>
      <trkpt lat="44.49503" lon="4.87154">
        <ele>318.2</ele>
      </trkpt>
      <trkpt lat="44.49495" lon="4.8716">
        <ele>318.9</ele>
      </trkpt>
      <trkpt lat="44.49495" lon="4.87168">
        <ele>319.1</ele>
      </trkpt>
      <trkpt lat="44.495" lon="4.87173">
        <ele>319.3</ele>
      </trkpt>
      <trkpt lat="44.4954" lon="4.87177">
        <ele>321.0</ele>
      </trkpt>
      <trkpt lat="44.49587" lon="4.87199">
        <ele>324.3</ele>
      </trkpt>
      <trkpt lat="44.49625" lon="4.87233">
        <ele>327.6</ele>
      </trkpt>
      <trkpt lat="44.49633" lon="4.87255">
        <ele>329.1</ele>
      </trkpt>
      <trkpt lat="44.49633" lon="4.87282">
        <ele>330.8</ele>
      </trkpt>
      <trkpt lat="44.49624" lon="4.87317">
        <ele>333.5</ele>
      </trkpt>
      <trkpt lat="44.49603" lon="4.87365">
        <ele>337.0</ele>
      </trkpt>
      <trkpt lat="44.49596" lon="4.87366">
        <ele>337.2</ele>
      </trkpt>
      <trkpt lat="44.49593" lon="4.87355">
        <ele>337.5</ele>
      </trkpt>
      <trkpt lat="44.49606" lon="4.87322">
        <ele>339.0</ele>
      </trkpt>
      <trkpt lat="44.49604" lon="4.87292">
        <ele>340.0</ele>
      </trkpt>
      <trkpt lat="44.49592" lon="4.87275">
        <ele>341.0</ele>
      </trkpt>
      <trkpt lat="44.49573" lon="4.87264">
        <ele>342.1</ele>
      </trkpt>
      <trkpt lat="44.4952" lon="4.8726">
        <ele>346.3</ele>
      </trkpt>
      <trkpt lat="44.49395" lon="4.87295">
        <ele>357.4</ele>
      </trkpt>
      <trkpt lat="44.49396" lon="4.87308">
        <ele>357.6</ele>
      </trkpt>
      <trkpt lat="44.49435" lon="4.87304">
        <ele>359.7</ele>
      </trkpt>
      <trkpt lat="44.49461" lon="4.87311">
        <ele>361.6</ele>
      </trkpt>
      <trkpt lat="44.49473" lon="4.87324">
        <ele>363.0</ele>
      </trkpt>
      <trkpt lat="44.49465" lon="4.87395">
        <ele>366.7</ele>
      </trkpt>
      <trkpt lat="44.49497" lon="4.87531">
        <ele>375.1</ele>
      </trkpt>
      <trkpt lat="44.49495" lon="4.87552">
        <ele>375.9</ele>
      </trkpt>
      <trkpt lat="44.49486" lon="4.87551">
        <ele>376.3</ele>
      </trkpt>
      <trkpt lat="44.49468" lon="4.87514">
        <ele>378.4</ele>
      </trkpt>
      <trkpt lat="44.49439" lon="4.87488">
        <ele>381.0</ele>
      </trkpt>
      <trkpt lat="44.49403" lon="4.87471">
        <ele>384.2</ele>
      </trkpt>
      <trkpt lat="44.49365" lon="4.87463">
        <ele>387.7</ele>
      </trkpt>
      <trkpt lat="44.4935779" lon="4.8746521">
        <ele>388.0</ele>
      </trkpt>
      <trkpt lat="44.49356" lon="4.87472">
        <ele>388.3</ele>
      </trkpt>
      <trkpt lat="44.49378" lon="4.87492">
        <ele>390.0</ele>
      </trkpt>
      <trkpt lat="44.4938" lon="4.87515">
        <ele>390.7</ele>
      </trkpt>
      <trkpt lat="44.49361" lon="4.8755">
        <ele>393.8</ele>
      </trkpt>
      <trkpt lat="44.49348" lon="4.87561">
        <ele>394.6</ele>
      </trkpt>
      <trkpt lat="44.49339" lon="4.87557">
        <ele>395.1</ele>
      </trkpt>
      <trkpt lat="44.4932" lon="4.87527">
        <ele>397.3</ele>
      </trkpt>
      <trkpt lat="44.49303" lon="4.87519">
        <ele>398.5</ele>
      </trkpt>
      <trkpt lat="44.49176" lon="4.87515">
        <ele>409.1</ele>
      </trkpt>
      <trkpt lat="44.49174" lon="4.87527">
        <ele>409.5</ele>
      </trkpt>
      <trkpt lat="44.49202" lon="4.87545">
        <ele>411.5</ele>
      </trkpt>
      <trkpt lat="44.49215" lon="4.87575">
        <ele>412.8</ele>
      </trkpt>
      <trkpt lat="44.49215" lon="4.87606">
        <ele>414.7</ele>
      </trkpt>
      <trkpt lat="44.49203" lon="4.87655">
        <ele>417.5</ele>
      </trkpt>
      <trkpt lat="44.49202" lon="4.87699">
        <ele>420.6</ele>
      </trkpt>
      <trkpt lat="44.49196" lon="4.87707">
        <ele>420.9</ele>
      </trkpt>
      <trkpt lat="44.49189" lon="4.877">
        <ele>421.5</ele>
      </trkpt>
      <trkpt lat="44.49164" lon="4.87635">
        <ele>425.2</ele>
      </trkpt>
      <trkpt lat="44.49151" lon="4.87617">
        <ele>426.6</ele>
      </trkpt>
      <trkpt lat="44.49056" lon="4.87578">
        <ele>434.1</ele>
      </trkpt>
      <trkpt lat="44.48933" lon="4.87488">
        <ele>432.0</ele>
      </trkpt>
      <trkpt lat="44.4891" lon="4.87479">
        <ele>431.0</ele>
      </trkpt>
      <trkpt lat="44.48866" lon="4.87476">
        <ele>428.4</ele>
      </trkpt>
      <trkpt lat="44.48738" lon="4.8749">
        <ele>420.8</ele>
      </trkpt>
      <trkpt lat="44.48704" lon="4.87509">
        <ele>418.2</ele>
      </trkpt>
      <trkpt lat="44.48639" lon="4.87604">
        <ele>415.0</ele>
      </trkpt>
      <trkpt lat="44.48559" lon="4.87647">
        <ele>416.5</ele>
      </trkpt>
      <trkpt lat="44.48412" lon="4.87798">
        <ele>412.8</ele>
      </trkpt>
      <trkpt lat="44.4838" lon="4.87813">
        <ele>412.0</ele>
      </trkpt>
      <trkpt lat="44.48243" lon="4.87801">
        <ele>403.5</ele>
      </trkpt>
      <trkpt lat="44.48217" lon="4.87793">
        <ele>402.3</ele>
      </trkpt>
      <trkpt lat="44.48196" lon="4.87776">
        <ele>401.4</ele>
      </trkpt>
      <trkpt lat="44.48147" lon="4.87715">
        <ele>400.3</ele>
      </trkpt>
      <trkpt lat="44.48121" lon="4.87698">
        <ele>400.2</ele>
      </trkpt>
      <trkpt lat="44.47693" lon="4.87521">
        <ele>383.8</ele>
      </trkpt>
      <trkpt lat="44.47663" lon="4.87524">
        <ele>382.6</ele>
      </trkpt>
      <trkpt lat="44.47182" lon="4.87692">
        <ele>368.7</ele>
      </trkpt>
      <trkpt lat="44.47154" lon="4.8769">
        <ele>368.8</ele>
      </trkpt>
      <trkpt lat="44.46943" lon="4.87638">
        <ele>372.5</ele>
      </trkpt>
      <trkpt lat="44.46866" lon="4.87629">
        <ele>371.8</ele>
      </trkpt>
      <trkpt lat="44.46845" lon="4.87635">
        <ele>371.6</ele>
      </trkpt>
      <trkpt lat="44.46779" lon="4.87668">
        <ele>371.7</ele>
      </trkpt>
      <trkpt lat="44.46762" lon="4.87685">
        <ele>371.8</ele>
      </trkpt>
      <trkpt lat="44.46749" lon="4.87727">
        <ele>371.6</ele>
      </trkpt>
      <trkpt lat="44.46746" lon="4.87802">
        <ele>371.2</ele>
      </trkpt>
      <trkpt lat="44.46741" lon="4.8782">
        <ele>371.0</ele>
      </trkpt>
      <trkpt lat="44.46729" lon="4.87834">
        <ele>370.7</ele>
      </trkpt>
      <trkpt lat="44.46712" lon="4.87836">
        <ele>370.5</ele>
      </trkpt>
      <trkpt lat="44.46668" lon="4.87805">
        <ele>371.5</ele>
      </trkpt>
      <trkpt lat="44.46646" lon="4.87798">
        <ele>372.6</ele>
      </trkpt>
      <trkpt lat="44.46611" lon="4.87804">
        <ele>373.2</ele>
      </trkpt>
      <trkpt lat="44.46266" lon="4.88029">
        <ele>352.3</ele>
      </trkpt>
      <trkpt lat="44.46217" lon="4.88066">
        <ele>348.1</ele>
      </trkpt>
      <trkpt lat="44.462" lon="4.88089">
        <ele>346.8</ele>
      </trkpt>
      <trkpt lat="44.46174" lon="4.88147">
        <ele>343.6</ele>
      </trkpt>
      <trkpt lat="44.46159" lon="4.88169">
        <ele>341.5</ele>
      </trkpt>
      <trkpt lat="44.46052" lon="4.88241">
        <ele>332.9</ele>
      </trkpt>
      <trkpt lat="44.46029" lon="4.88265">
        <ele>330.6</ele>
      </trkpt>
      <trkpt lat="44.45948" lon="4.88404">
        <ele>321.5</ele>
      </trkpt>
      <trkpt lat="44.45927" lon="4.88452">
        <ele>317.9</ele>
      </trkpt>
      <trkpt lat="44.45919" lon="4.88494">
        <ele>316.1</ele>
      </trkpt>
      <trkpt lat="44.45919" lon="4.88529">
        <ele>314.1</ele>
      </trkpt>
      <trkpt lat="44.45929" lon="4.8858">
        <ele>311.9</ele>
      </trkpt>
      <trkpt lat="44.45925" lon="4.88603">
        <ele>311.6</ele>
      </trkpt>
      <trkpt lat="44.45904" lon="4.88613">
        <ele>310.5</ele>
      </trkpt>
      <trkpt lat="44.45867" lon="4.88603">
        <ele>307.9</ele>
      </trkpt>
      <trkpt lat="44.45825" lon="4.886">
        <ele>305.5</ele>
      </trkpt>
      <trkpt lat="44.45757" lon="4.88604">
        <ele>300.6</ele>
      </trkpt>
      <trkpt lat="44.45724" lon="4.88617">
        <ele>298.7</ele>
      </trkpt>
      <trkpt lat="44.45647" lon="4.88669">
        <ele>293.2</ele>
      </trkpt>
      <trkpt lat="44.45605" lon="4.88726">
        <ele>289.4</ele>
      </trkpt>
      <trkpt lat="44.45438" lon="4.89026">
        <ele>280.2</ele>
      </trkpt>
      <trkpt lat="44.4539" lon="4.89091">
        <ele>279.1</ele>
      </trkpt>
      <trkpt lat="44.44478" lon="4.89945">
        <ele>239.3</ele>
      </trkpt>
      <trkpt lat="44.44029" lon="4.90465">
        <ele>215.1</ele>
      </trkpt>
      <trkpt lat="44.43986" lon="4.90507">
        <ele>211.9</ele>
      </trkpt>
      <trkpt lat="44.43953" lon="4.90529">
        <ele>209.4</ele>
      </trkpt>
      <trkpt lat="44.43899" lon="4.90548">
        <ele>207.0</ele>
      </trkpt>
      <trkpt lat="44.43586" lon="4.90557">
        <ele>198.3</ele>
      </trkpt>
      <trkpt lat="44.43559" lon="4.90562">
        <ele>196.7</ele>
      </trkpt>
      <trkpt lat="44.43501" lon="4.906">
        <ele>192.8</ele>
      </trkpt>
      <trkpt lat="44.43354" lon="4.90726">
        <ele>191.0</ele>
      </trkpt>
      <trkpt lat="44.43323" lon="4.90739">
        <ele>193.2</ele>
      </trkpt>
      <trkpt lat="44.43293" lon="4.90733">
        <ele>195.3</ele>
      </trkpt>
      <trkpt lat="44.4321" lon="4.90678">
        <ele>201.3</ele>
      </trkpt>
      <trkpt lat="44.43149" lon="4.90601">
        <ele>206.7</ele>
      </trkpt>
      <trkpt lat="44.43097" lon="4.905">
        <ele>212.3</ele>
      </trkpt>
      <trkpt lat="44.43077" lon="4.90491">
        <ele>213.2</ele>
      </trkpt>
      <trkpt lat="44.43066" lon="4.905">
        <ele>213.9</ele>
      </trkpt>
      <trkpt lat="44.4306" lon="4.90516">
        <ele>214.9</ele>
      </trkpt>
      <trkpt lat="44.43059" lon="4.9057">
        <ele>216.6</ele>
      </trkpt>
      <trkpt lat="44.43052" lon="4.90604">
        <ele>217.7</ele>
      </trkpt>
      <trkpt lat="44.43026" lon="4.90638">
        <ele>219.3</ele>
      </trkpt>
      <trkpt lat="44.42966" lon="4.90668">
        <ele>220.5</ele>
      </trkpt>
      <trkpt lat="44.42892" lon="4.90674">
        <ele>219.8</ele>
      </trkpt>
      <trkpt lat="44.42902" lon="4.90691">
        <ele>219.7</ele>
      </trkpt>
      <trkpt lat="44.42933" lon="4.90719">
        <ele>219.8</ele>
      </trkpt>
      <trkpt lat="44.42958" lon="4.90752">
        <ele>219.9</ele>
      </trkpt>
      <trkpt lat="44.43199" lon="4.91161">
        <ele>224.1</ele>
      </trkpt>
      <trkpt lat="44.43231" lon="4.9122">
        <ele>224.6</ele>
      </trkpt>
      <trkpt lat="44.43295" lon="4.91362">
        <ele>226.0</ele>
      </trkpt>
      <trkpt lat="44.43347" lon="4.915">
        <ele>226.8</ele>
      </trkpt>
      <trkpt lat="44.43622" lon="4.92394">
        <ele>233.2</ele>
      </trkpt>
      <trkpt lat="44.43608" lon="4.92441">
        <ele>232.9</ele>
      </trkpt>
      <trkpt lat="44.4359" lon="4.92455">
        <ele>231.4</ele>
      </trkpt>
      <trkpt lat="44.43475" lon="4.92602">
        <ele>224.8</ele>
      </trkpt>
      <trkpt lat="44.43425" lon="4.92554">
        <ele>224.5</ele>
      </trkpt>
      <trkpt lat="44.43145" lon="4.92339">
        <ele>226.0</ele>
      </trkpt>
      <trkpt lat="44.43115" lon="4.9231">
        <ele>226.5</ele>
      </trkpt>
      <trkpt lat="44.4309" lon="4.92267">
        <ele>226.7</ele>
      </trkpt>
      <trkpt lat="44.4308" lon="4.92239">
        <ele>226.8</ele>
      </trkpt>
      <trkpt lat="44.43015" lon="4.92004">
        <ele>227.7</ele>
      </trkpt>
      <trkpt lat="44.42988" lon="4.91964">
        <ele>227.6</ele>
      </trkpt>
      <trkpt lat="44.42322" lon="4.91578">
        <ele>197.3</ele>
      </trkpt>
      <trkpt lat="44.42255" lon="4.91535">
        <ele>195.6</ele>
      </trkpt>
      <trkpt lat="44.4223" lon="4.91513">
        <ele>194.9</ele>
      </trkpt>
      <trkpt lat="44.42179" lon="4.91442">
        <ele>193.5</ele>
      </trkpt>
      <trkpt lat="44.41967" lon="4.91037">
        <ele>191.9</ele>
      </trkpt>
      <trkpt lat="44.41956" lon="4.91029">
        <ele>191.9</ele>
      </trkpt>
      <trkpt lat="44.41737" lon="4.91048">
        <ele>188.7</ele>
      </trkpt>
      <trkpt lat="44.4172" lon="4.91047">
        <ele>188.4</ele>
      </trkpt>
      <trkpt lat="44.41698" lon="4.91032">
        <ele>187.9</ele>
      </trkpt>
      <trkpt lat="44.41622" lon="4.91204">
        <ele>185.3</ele>
      </trkpt>
      <trkpt lat="44.41613" lon="4.91246">
        <ele>185.6</ele>
      </trkpt>
      <trkpt lat="44.41601" lon="4.91388">
        <ele>185.5</ele>
      </trkpt>
      <trkpt lat="44.41587" lon="4.91433">
        <ele>185.4</ele>
      </trkpt>
      <trkpt lat="44.41567" lon="4.91471">
        <ele>185.5</ele>
      </trkpt>
      <trkpt lat="44.41543" lon="4.91513">
        <ele>185.7</ele>
      </trkpt>
      <trkpt lat="44.41503" lon="4.91565">
        <ele>186.1</ele>
      </trkpt>
      <trkpt lat="44.41415" lon="4.91636">
        <ele>188.5</ele>
      </trkpt>
      <trkpt lat="44.41345" lon="4.91739">
        <ele>190.4</ele>
      </trkpt>
      <trkpt lat="44.41327" lon="4.91754">
        <ele>190.3</ele>
      </trkpt>
      <trkpt lat="44.41297" lon="4.91768">
        <ele>190.2</ele>
      </trkpt>
      <trkpt lat="44.41225" lon="4.91796">
        <ele>189.8</ele>
      </trkpt>
      <trkpt lat="44.41198" lon="4.91799">
        <ele>189.6</ele>
      </trkpt>
      <trkpt lat="44.41014" lon="4.918">
        <ele>187.2</ele>
      </trkpt>
      <trkpt lat="44.40959" lon="4.91785">
        <ele>186.5</ele>
      </trkpt>
      <trkpt lat="44.4091" lon="4.91753">
        <ele>185.6</ele>
      </trkpt>
      <trkpt lat="44.40835" lon="4.91667">
        <ele>185.9</ele>
      </trkpt>
      <trkpt lat="44.40822" lon="4.91646">
        <ele>186.7</ele>
      </trkpt>
      <trkpt lat="44.40804" lon="4.91561">
        <ele>190.8</ele>
      </trkpt>
      <trkpt lat="44.40784" lon="4.91513">
        <ele>193.3</ele>
      </trkpt>
      <trkpt lat="44.4073" lon="4.91471">
        <ele>197.6</ele>
      </trkpt>
      <trkpt lat="44.40695" lon="4.91465">
        <ele>199.8</ele>
      </trkpt>
      <trkpt lat="44.40663" lon="4.91475">
        <ele>201.5</ele>
      </trkpt>
      <trkpt lat="44.40393" lon="4.91622">
        <ele>205.1</ele>
      </trkpt>
      <trkpt lat="44.40212" lon="4.91767">
        <ele>198.7</ele>
      </trkpt>
      <trkpt lat="44.40101" lon="4.9183">
        <ele>193.9</ele>
      </trkpt>
      <trkpt lat="44.40044" lon="4.91876">
        <ele>191.3</ele>
      </trkpt>
      <trkpt lat="44.39867" lon="4.91968">
        <ele>183.7</ele>
      </trkpt>
      <trkpt lat="44.39794" lon="4.91982">
        <ele>181.5</ele>
      </trkpt>
      <trkpt lat="44.3974" lon="4.92008">
        <ele>180.2</ele>
      </trkpt>
      <trkpt lat="44.3973" lon="4.92016">
        <ele>179.8</ele>
      </trkpt>
      <trkpt lat="44.39709" lon="4.92052">
        <ele>178.7</ele>
      </trkpt>
      <trkpt lat="44.39663" lon="4.92334">
        <ele>174.1</ele>
      </trkpt>
      <trkpt lat="44.39654" lon="4.92701">
        <ele>175.8</ele>
      </trkpt>
      <trkpt lat="44.39658" lon="4.92729">
        <ele>176.1</ele>
      </trkpt>
      <trkpt lat="44.39676" lon="4.92756">
        <ele>176.3</ele>
      </trkpt>
      <trkpt lat="44.39669" lon="4.92773">
        <ele>176.3</ele>
      </trkpt>
      <trkpt lat="44.39646" lon="4.92783">
        <ele>176.1</ele>
      </trkpt>
      <trkpt lat="44.39626" lon="4.92818">
        <ele>175.8</ele>
      </trkpt>
      <trkpt lat="44.39594" lon="4.9285">
        <ele>175.5</ele>
      </trkpt>
      <trkpt lat="44.39567" lon="4.92902">
        <ele>175.9</ele>
      </trkpt>
      <trkpt lat="44.39534" lon="4.92936">
        <ele>176.6</ele>
      </trkpt>
      <trkpt lat="44.39507" lon="4.92942">
        <ele>177.0</ele>
      </trkpt>
      <trkpt lat="44.39439" lon="4.92973">
        <ele>177.6</ele>
      </trkpt>
      <trkpt lat="44.39348" lon="4.92984">
        <ele>176.0</ele>
      </trkpt>
      <trkpt lat="44.39266" lon="4.92971">
        <ele>175.6</ele>
      </trkpt>
      <trkpt lat="44.39182" lon="4.92945">
        <ele>175.8</ele>
      </trkpt>
      <trkpt lat="44.39064" lon="4.92898">
        <ele>175.9</ele>
      </trkpt>
      <trkpt lat="44.3881" lon="4.92664">
        <ele>174.5</ele>
      </trkpt>
      <trkpt lat="44.38614" lon="4.92518">
        <ele>173.4</ele>
      </trkpt>
      <trkpt lat="44.38497" lon="4.92448">
        <ele>172.9</ele>
      </trkpt>
      <trkpt lat="44.38354" lon="4.92411">
        <ele>172.3</ele>
      </trkpt>
      <trkpt lat="44.3829" lon="4.92375">
        <ele>171.9</ele>
      </trkpt>
      <trkpt lat="44.38192" lon="4.92292">
        <ele>170.9</ele>
      </trkpt>
      <trkpt lat="44.38139" lon="4.92238">
        <ele>170.2</ele>
      </trkpt>
      <trkpt lat="44.3795" lon="4.92013">
        <ele>168.1</ele>
      </trkpt>
      <trkpt lat="44.37767" lon="4.91857">
        <ele>166.3</ele>
      </trkpt>
      <trkpt lat="44.37701" lon="4.9178">
        <ele>165.9</ele>
      </trkpt>
      <trkpt lat="44.37675" lon="4.91759">
        <ele>165.8</ele>
      </trkpt>
      <trkpt lat="44.37616" lon="4.91746">
        <ele>165.4</ele>
      </trkpt>
      <trkpt lat="44.37399" lon="4.91755">
        <ele>164.9</ele>
      </trkpt>
      <trkpt lat="44.37365" lon="4.91752">
        <ele>165.0</ele>
      </trkpt>
      <trkpt lat="44.37335" lon="4.91744">
        <ele>165.1</ele>
      </trkpt>
      <trkpt lat="44.37254" lon="4.91705">
        <ele>165.0</ele>
      </trkpt>
      <trkpt lat="44.37218" lon="4.91695">
        <ele>165.1</ele>
      </trkpt>
      <trkpt lat="44.36906" lon="4.91657">
        <ele>164.7</ele>
      </trkpt>
      <trkpt lat="44.36871" lon="4.91646">
        <ele>164.6</ele>
      </trkpt>
      <trkpt lat="44.36629" lon="4.91461">
        <ele>162.5</ele>
      </trkpt>
      <trkpt lat="44.36545" lon="4.91406">
        <ele>161.6</ele>
      </trkpt>
      <trkpt lat="44.36413" lon="4.91307">
        <ele>160.7</ele>
      </trkpt>
      <trkpt lat="44.36357" lon="4.91239">
        <ele>160.1</ele>
      </trkpt>
      <trkpt lat="44.36269" lon="4.91115">
        <ele>158.7</ele>
      </trkpt>
      <trkpt lat="44.36249" lon="4.91102">
        <ele>158.3</ele>
      </trkpt>
      <trkpt lat="44.36212" lon="4.91101">
        <ele>157.4</ele>
      </trkpt>
      <trkpt lat="44.3598" lon="4.9118">
        <ele>152.7</ele>
      </trkpt>
      <trkpt lat="44.3592" lon="4.9119">
        <ele>151.7</ele>
      </trkpt>
      <trkpt lat="44.35885" lon="4.91207">
        <ele>151.4</ele>
      </trkpt>
      <trkpt lat="44.35679" lon="4.91152">
        <ele>154.3</ele>
      </trkpt>
      <trkpt lat="44.35647" lon="4.91151">
        <ele>154.7</ele>
      </trkpt>
      <trkpt lat="44.35628" lon="4.91158">
        <ele>155.1</ele>
      </trkpt>
      <trkpt lat="44.35609" lon="4.91174">
        <ele>155.2</ele>
      </trkpt>
      <trkpt lat="44.35581" lon="4.9121">
        <ele>155.5</ele>
      </trkpt>
      <trkpt lat="44.35568" lon="4.91201">
        <ele>155.5</ele>
      </trkpt>
      <trkpt lat="44.35558" lon="4.91207">
        <ele>155.5</ele>
      </trkpt>
      <trkpt lat="44.35553" lon="4.91221">
        <ele>155.6</ele>
      </trkpt>
      <trkpt lat="44.35554" lon="4.91234">
        <ele>155.6</ele>
      </trkpt>
      <trkpt lat="44.35518" lon="4.91305">
        <ele>155.6</ele>
      </trkpt>
      <trkpt lat="44.3532" lon="4.91625">
        <ele>156.7</ele>
      </trkpt>
      <trkpt lat="44.35204" lon="4.91763">
        <ele>156.7</ele>
      </trkpt>
      <trkpt lat="44.35181" lon="4.91784">
        <ele>156.5</ele>
      </trkpt>
      <trkpt lat="44.35149" lon="4.91798">
        <ele>156.3</ele>
      </trkpt>
      <trkpt lat="44.35042" lon="4.91808">
        <ele>156.1</ele>
      </trkpt>
      <trkpt lat="44.34995" lon="4.91823">
        <ele>155.9</ele>
      </trkpt>
      <trkpt lat="44.34848" lon="4.91935">
        <ele>155.8</ele>
      </trkpt>
      <trkpt lat="44.34785" lon="4.92002">
        <ele>155.9</ele>
      </trkpt>
      <trkpt lat="44.34753" lon="4.92025">
        <ele>156.0</ele>
      </trkpt>
      <trkpt lat="44.34508" lon="4.92155">
        <ele>155.1</ele>
      </trkpt>
      <trkpt lat="44.34417" lon="4.92211">
        <ele>154.8</ele>
      </trkpt>
      <trkpt lat="44.34331" lon="4.92246">
        <ele>154.6</ele>
      </trkpt>
      <trkpt lat="44.34229" lon="4.92319">
        <ele>154.1</ele>
      </trkpt>
      <trkpt lat="44.34189" lon="4.92322">
        <ele>153.9</ele>
      </trkpt>
      <trkpt lat="44.34133" lon="4.92301">
        <ele>153.6</ele>
      </trkpt>
      <trkpt lat="44.34105" lon="4.92307">
        <ele>153.6</ele>
      </trkpt>
      <trkpt lat="44.33999" lon="4.92418">
        <ele>153.8</ele>
      </trkpt>
      <trkpt lat="44.33953" lon="4.92441">
        <ele>154.0</ele>
      </trkpt>
      <trkpt lat="44.33932" lon="4.92458">
        <ele>154.2</ele>
      </trkpt>
      <trkpt lat="44.33808" lon="4.92613">
        <ele>156.5</ele>
      </trkpt>
      <trkpt lat="44.33705" lon="4.92717">
        <ele>159.0</ele>
      </trkpt>
      <trkpt lat="44.33662" lon="4.92769">
        <ele>160.4</ele>
      </trkpt>
      <trkpt lat="44.33486" lon="4.93016">
        <ele>164.2</ele>
      </trkpt>
      <trkpt lat="44.33368" lon="4.93138">
        <ele>164.1</ele>
      </trkpt>
      <trkpt lat="44.33224" lon="4.93252">
        <ele>164.4</ele>
      </trkpt>
      <trkpt lat="44.33195" lon="4.93291">
        <ele>164.5</ele>
      </trkpt>
      <trkpt lat="44.33148" lon="4.93372">
        <ele>164.7</ele>
      </trkpt>
      <trkpt lat="44.33032" lon="4.93528">
        <ele>164.9</ele>
      </trkpt>
      <trkpt lat="44.3296" lon="4.93596">
        <ele>164.7</ele>
      </trkpt>
      <trkpt lat="44.32902" lon="4.93663">
        <ele>164.8</ele>
      </trkpt>
      <trkpt lat="44.32815" lon="4.93751">
        <ele>165.1</ele>
      </trkpt>
      <trkpt lat="44.32685" lon="4.93834">
        <ele>166.0</ele>
      </trkpt>
      <trkpt lat="44.32533" lon="4.93883">
        <ele>166.7</ele>
      </trkpt>
      <trkpt lat="44.32487" lon="4.93885">
        <ele>165.5</ele>
      </trkpt>
      <trkpt lat="44.32396" lon="4.9386">
        <ele>162.4</ele>
      </trkpt>
      <trkpt lat="44.32366" lon="4.93864">
        <ele>162.0</ele>
      </trkpt>
      <trkpt lat="44.32338" lon="4.93883">
        <ele>161.9</ele>
      </trkpt>
      <trkpt lat="44.31972" lon="4.94279">
        <ele>167.3</ele>
      </trkpt>
      <trkpt lat="44.31939" lon="4.94327">
        <ele>168.8</ele>
      </trkpt>
      <trkpt lat="44.31921" lon="4.94387">
        <ele>170.7</ele>
      </trkpt>
      <trkpt lat="44.31843" lon="4.94808">
        <ele>182.7</ele>
      </trkpt>
      <trkpt lat="44.31843" lon="4.94827">
        <ele>183.3</ele>
      </trkpt>
      <trkpt lat="44.31851" lon="4.94841">
        <ele>183.6</ele>
      </trkpt>
      <trkpt lat="44.31847" lon="4.94848">
        <ele>183.8</ele>
      </trkpt>
      <trkpt lat="44.31849" lon="4.94866">
        <ele>184.0</ele>
      </trkpt>
      <trkpt lat="44.3182" lon="4.94887">
        <ele>184.4</ele>
      </trkpt>
      <trkpt lat="44.31691" lon="4.94958">
        <ele>186.0</ele>
      </trkpt>
      <trkpt lat="44.31666" lon="4.94965">
        <ele>186.5</ele>
      </trkpt>
      <trkpt lat="44.31622" lon="4.94966">
        <ele>187.0</ele>
      </trkpt>
      <trkpt lat="44.31565" lon="4.94923">
        <ele>184.7</ele>
      </trkpt>
      <trkpt lat="44.31525" lon="4.94906">
        <ele>184.0</ele>
      </trkpt>
      <trkpt lat="44.31497" lon="4.94902">
        <ele>183.8</ele>
      </trkpt>
      <trkpt lat="44.31445" lon="4.94909">
        <ele>183.5</ele>
      </trkpt>
      <trkpt lat="44.31394" lon="4.94935">
        <ele>183.3</ele>
      </trkpt>
      <trkpt lat="44.31365" lon="4.9496">
        <ele>183.1</ele>
      </trkpt>
      <trkpt lat="44.31323" lon="4.9502">
        <ele>182.1</ele>
      </trkpt>
      <trkpt lat="44.31311" lon="4.95027">
        <ele>182.0</ele>
      </trkpt>
      <trkpt lat="44.31293" lon="4.95065">
        <ele>181.8</ele>
      </trkpt>
      <trkpt lat="44.31274" lon="4.95123">
        <ele>181.3</ele>
      </trkpt>
      <trkpt lat="44.31263" lon="4.95189">
        <ele>180.2</ele>
      </trkpt>
      <trkpt lat="44.31247" lon="4.9522">
        <ele>179.4</ele>
      </trkpt>
      <trkpt lat="44.31228" lon="4.95249">
        <ele>178.3</ele>
      </trkpt>
      <trkpt lat="44.31129" lon="4.95353">
        <ele>175.9</ele>
      </trkpt>
      <trkpt lat="44.31117" lon="4.95376">
        <ele>175.8</ele>
      </trkpt>
      <trkpt lat="44.31095" lon="4.95445">
        <ele>176.1</ele>
      </trkpt>
      <trkpt lat="44.31074" lon="4.95532">
        <ele>177.3</ele>
      </trkpt>
      <trkpt lat="44.31043" lon="4.95745">
        <ele>182.1</ele>
      </trkpt>
      <trkpt lat="44.31024" lon="4.95801">
        <ele>183.3</ele>
      </trkpt>
      <trkpt lat="44.3097" lon="4.95904">
        <ele>185.0</ele>
      </trkpt>
      <trkpt lat="44.30948" lon="4.95961">
        <ele>185.7</ele>
      </trkpt>
      <trkpt lat="44.30847" lon="4.96378">
        <ele>193.5</ele>
      </trkpt>
      <trkpt lat="44.30821" lon="4.96459">
        <ele>194.9</ele>
      </trkpt>
      <trkpt lat="44.30749" lon="4.96607">
        <ele>198.5</ele>
      </trkpt>
      <trkpt lat="44.3067" lon="4.96833">
        <ele>205.7</ele>
      </trkpt>
      <trkpt lat="44.305080070016" lon="4.97222">
        <ele>217.8</ele>
      </trkpt>
      <trkpt lat="44.30389" lon="4.97419">
        <ele>212.8</ele>
      </trkpt>
      <trkpt lat="44.30353" lon="4.97463">
        <ele>211.8</ele>
      </trkpt>
      <trkpt lat="44.30241" lon="4.97564">
        <ele>211.6</ele>
      </trkpt>
      <trkpt lat="44.30197" lon="4.97585">
        <ele>211.0</ele>
      </trkpt>
      <trkpt lat="44.30148" lon="4.97593">
        <ele>210.2</ele>
      </trkpt>
      <trkpt lat="44.30042" lon="4.97588">
        <ele>208.4</ele>
      </trkpt>
      <trkpt lat="44.29783" lon="4.976">
        <ele>201.0</ele>
      </trkpt>
      <trkpt lat="44.29691" lon="4.97623">
        <ele>199.0</ele>
      </trkpt>
      <trkpt lat="44.29642" lon="4.97627">
        <ele>197.3</ele>
      </trkpt>
      <trkpt lat="44.29144" lon="4.97539">
        <ele>183.6</ele>
      </trkpt>
      <trkpt lat="44.28967" lon="4.97571">
        <ele>174.9</ele>
      </trkpt>
      <trkpt lat="44.29135" lon="4.98461">
        <ele>176.0</ele>
      </trkpt>
      <trkpt lat="44.29141" lon="4.98535">
        <ele>176.4</ele>
      </trkpt>
      <trkpt lat="44.29136" lon="4.98696">
        <ele>178.4</ele>
      </trkpt>
      <trkpt lat="44.29144" lon="4.98757">
        <ele>179.1</ele>
      </trkpt>
      <trkpt lat="44.2913" lon="4.98768">
        <ele>179.1</ele>
      </trkpt>
      <trkpt lat="44.29126" lon="4.98791">
        <ele>178.8</ele>
      </trkpt>
      <trkpt lat="44.29055" lon="4.98799">
        <ele>175.2</ele>
      </trkpt>
      <trkpt lat="44.29029" lon="4.98808">
        <ele>173.9</ele>
      </trkpt>
      <trkpt lat="44.2814" lon="4.99139">
        <ele>174.4</ele>
      </trkpt>
      <trkpt lat="44.28094" lon="4.99174">
        <ele>177.6</ele>
      </trkpt>
      <trkpt lat="44.28097" lon="4.99197">
        <ele>178.1</ele>
      </trkpt>
      <trkpt lat="44.28088" lon="4.99209">
        <ele>178.5</ele>
      </trkpt>
      <trkpt lat="44.28078" lon="4.99208">
        <ele>178.9</ele>
      </trkpt>
      <trkpt lat="44.28072" lon="4.99229">
        <ele>179.3</ele>
      </trkpt>
      <trkpt lat="44.28069" lon="4.99264">
        <ele>179.8</ele>
      </trkpt>
      <trkpt lat="44.28091" lon="4.99393">
        <ele>185.0</ele>
      </trkpt>
      <trkpt lat="44.28085" lon="4.99429">
        <ele>186.5</ele>
      </trkpt>
      <trkpt lat="44.28068" lon="4.99454">
        <ele>187.9</ele>
      </trkpt>
      <trkpt lat="44.28031" lon="4.99465">
        <ele>190.3</ele>
      </trkpt>
      <trkpt lat="44.27973" lon="4.9947">
        <ele>193.7</ele>
      </trkpt>
      <trkpt lat="44.27832" lon="4.99456">
        <ele>202.8</ele>
      </trkpt>
      <trkpt lat="44.2781" lon="4.99461">
        <ele>204.2</ele>
      </trkpt>
      <trkpt lat="44.27796" lon="4.99473">
        <ele>205.1</ele>
      </trkpt>
      <trkpt lat="44.27783" lon="4.99504">
        <ele>206.5</ele>
      </trkpt>
      <trkpt lat="44.27786" lon="4.99536">
        <ele>207.5</ele>
      </trkpt>
      <trkpt lat="44.27849" lon="4.99631">
        <ele>212.4</ele>
      </trkpt>
      <trkpt lat="44.27856" lon="4.9965">
        <ele>213.2</ele>
      </trkpt>
      <trkpt lat="44.27863" lon="4.99702">
        <ele>215.7</ele>
      </trkpt>
      <trkpt lat="44.2786" lon="4.99768">
        <ele>219.6</ele>
      </trkpt>
      <trkpt lat="44.27852" lon="4.99827">
        <ele>222.5</ele>
      </trkpt>
      <trkpt lat="44.27842" lon="4.9987">
        <ele>224.6</ele>
      </trkpt>
      <trkpt lat="44.27826" lon="4.99904">
        <ele>226.6</ele>
      </trkpt>
      <trkpt lat="44.27803" lon="4.9993">
        <ele>228.7</ele>
      </trkpt>
      <trkpt lat="44.27765" lon="4.99949">
        <ele>231.2</ele>
      </trkpt>
      <trkpt lat="44.27685" lon="4.99939">
        <ele>236.9</ele>
      </trkpt>
      <trkpt lat="44.27589" lon="4.9991">
        <ele>241.9</ele>
      </trkpt>
      <trkpt lat="44.27559" lon="4.9991">
        <ele>243.4</ele>
      </trkpt>
      <trkpt lat="44.27527" lon="4.99925">
        <ele>245.3</ele>
      </trkpt>
      <trkpt lat="44.27511" lon="4.99939">
        <ele>246.7</ele>
      </trkpt>
      <trkpt lat="44.27497" lon="4.99958">
        <ele>247.9</ele>
      </trkpt>
      <trkpt lat="44.27481" lon="4.99997">
        <ele>249.6</ele>
      </trkpt>
      <trkpt lat="44.27441" lon="5.0027">
        <ele>259.6</ele>
      </trkpt>
      <trkpt lat="44.27375" lon="5.00464">
        <ele>268.7</ele>
      </trkpt>
      <trkpt lat="44.27361" lon="5.0056">
        <ele>272.6</ele>
      </trkpt>
      <trkpt lat="44.27363" lon="5.00635">
        <ele>274.7</ele>
      </trkpt>
      <trkpt lat="44.27412" lon="5.01001">
        <ele>269.0</ele>
      </trkpt>
      <trkpt lat="44.27385" lon="5.01234">
        <ele>264.7</ele>
      </trkpt>
      <trkpt lat="44.2737" lon="5.01282">
        <ele>263.1</ele>
      </trkpt>
      <trkpt lat="44.27358" lon="5.01305">
        <ele>262.4</ele>
      </trkpt>
      <trkpt lat="44.27239" lon="5.01449">
        <ele>255.8</ele>
      </trkpt>
      <trkpt lat="44.27049" lon="5.01697">
        <ele>251.5</ele>
      </trkpt>
      <trkpt lat="44.26963" lon="5.01782">
        <ele>247.2</ele>
      </trkpt>
      <trkpt lat="44.26917" lon="5.01811">
        <ele>244.9</ele>
      </trkpt>
      <trkpt lat="44.26776" lon="5.0188">
        <ele>237.4</ele>
      </trkpt>
      <trkpt lat="44.26614" lon="5.01907">
        <ele>232.4</ele>
      </trkpt>
      <trkpt lat="44.26532" lon="5.01927">
        <ele>227.9</ele>
      </trkpt>
      <trkpt lat="44.26476" lon="5.01958">
        <ele>223.5</ele>
      </trkpt>
      <trkpt lat="44.26368" lon="5.02037">
        <ele>215.1</ele>
      </trkpt>
      <trkpt lat="44.26117" lon="5.02167">
        <ele>203.0</ele>
      </trkpt>
      <trkpt lat="44.26077" lon="5.02201">
        <ele>201.6</ele>
      </trkpt>
      <trkpt lat="44.25882" lon="5.02462">
        <ele>194.9</ele>
      </trkpt>
      <trkpt lat="44.25783" lon="5.0239">
        <ele>195.2</ele>
      </trkpt>
      <trkpt lat="44.25677" lon="5.02344">
        <ele>192.1</ele>
      </trkpt>
      <trkpt lat="44.25582" lon="5.02247">
        <ele>189.4</ele>
      </trkpt>
      <trkpt lat="44.2543" lon="5.02116">
        <ele>187.0</ele>
      </trkpt>
      <trkpt lat="44.25205" lon="5.01973">
        <ele>178.8</ele>
      </trkpt>
      <trkpt lat="44.25106" lon="5.01916">
        <ele>178.0</ele>
      </trkpt>
      <trkpt lat="44.24836" lon="5.01805">
        <ele>174.7</ele>
      </trkpt>
      <trkpt lat="44.24675" lon="5.01755">
        <ele>173.5</ele>
      </trkpt>
      <trkpt lat="44.24574" lon="5.01746">
        <ele>172.0</ele>
      </trkpt>
      <trkpt lat="44.24506" lon="5.01734">
        <ele>171.0</ele>
      </trkpt>
      <trkpt lat="44.24492" lon="5.01726">
        <ele>170.9</ele>
      </trkpt>
      <trkpt lat="44.24484" lon="5.0173">
        <ele>170.8</ele>
      </trkpt>
      <trkpt lat="44.2448" lon="5.0175">
        <ele>170.6</ele>
      </trkpt>
      <trkpt lat="44.24448" lon="5.01749">
        <ele>170.2</ele>
      </trkpt>
      <trkpt lat="44.24033" lon="5.01661">
        <ele>167.3</ele>
      </trkpt>
      <trkpt lat="44.23934" lon="5.01655">
        <ele>167.8</ele>
      </trkpt>
      <trkpt lat="44.23807" lon="5.01634">
        <ele>168.0</ele>
      </trkpt>
      <trkpt lat="44.23737" lon="5.01637">
        <ele>167.6</ele>
      </trkpt>
      <trkpt lat="44.23501" lon="5.0169">
        <ele>166.7</ele>
      </trkpt>
      <trkpt lat="44.23402" lon="5.01681">
        <ele>166.8</ele>
      </trkpt>
      <trkpt lat="44.23384" lon="5.01697">
        <ele>167.0</ele>
      </trkpt>
      <trkpt lat="44.23372" lon="5.01734">
        <ele>167.0</ele>
      </trkpt>
      <trkpt lat="44.23358" lon="5.01745">
        <ele>166.8</ele>
      </trkpt>
      <trkpt lat="44.23349" lon="5.01745">
        <ele>166.8</ele>
      </trkpt>
      <trkpt lat="44.23337" lon="5.01733">
        <ele>166.6</ele>
      </trkpt>
      <trkpt lat="44.23322" lon="5.01749">
        <ele>166.5</ele>
      </trkpt>
      <trkpt lat="44.23305" lon="5.01752">
        <ele>166.5</ele>
      </trkpt>
      <trkpt lat="44.23241" lon="5.01737">
        <ele>166.1</ele>
      </trkpt>
      <trkpt lat="44.23071" lon="5.01813">
        <ele>166.3</ele>
      </trkpt>
      <trkpt lat="44.22792" lon="5.01858">
        <ele>170.0</ele>
      </trkpt>
      <trkpt lat="44.22752" lon="5.0186">
        <ele>170.8</ele>
      </trkpt>
      <trkpt lat="44.227" lon="5.01846">
        <ele>171.5</ele>
      </trkpt>
      <trkpt lat="44.2259" lon="5.01779">
        <ele>172.4</ele>
      </trkpt>
      <trkpt lat="44.22511" lon="5.01743">
        <ele>173.4</ele>
      </trkpt>
      <trkpt lat="44.22336" lon="5.01728">
        <ele>170.8</ele>
      </trkpt>
      <trkpt lat="44.22215" lon="5.01731">
        <ele>169.0</ele>
      </trkpt>
      <trkpt lat="44.22181" lon="5.01727">
        <ele>168.9</ele>
      </trkpt>
      <trkpt lat="44.22143" lon="5.01715">
        <ele>168.6</ele>
      </trkpt>
      <trkpt lat="44.21877" lon="5.01598">
        <ele>165.3</ele>
      </trkpt>
      <trkpt lat="44.21834" lon="5.01586">
        <ele>165.8</ele>
      </trkpt>
      <trkpt lat="44.21809" lon="5.01586">
        <ele>166.2</ele>
      </trkpt>
      <trkpt lat="44.21635" lon="5.01646">
        <ele>170.8</ele>
      </trkpt>
      <trkpt lat="44.21462" lon="5.01738">
        <ele>176.4</ele>
      </trkpt>
      <trkpt lat="44.21334" lon="5.01778">
        <ele>181.3</ele>
      </trkpt>
      <trkpt lat="44.21242" lon="5.01825">
        <ele>185.2</ele>
      </trkpt>
      <trkpt lat="44.21139" lon="5.01863">
        <ele>190.3</ele>
      </trkpt>
      <trkpt lat="44.21081" lon="5.01872">
        <ele>193.1</ele>
      </trkpt>
      <trkpt lat="44.20994" lon="5.01863">
        <ele>193.9</ele>
      </trkpt>
      <trkpt lat="44.20979" lon="5.01866">
        <ele>193.9</ele>
      </trkpt>
      <trkpt lat="44.20872" lon="5.01937">
        <ele>198.8</ele>
      </trkpt>
      <trkpt lat="44.20826" lon="5.01955">
        <ele>201.2</ele>
      </trkpt>
      <trkpt lat="44.20793" lon="5.01952">
        <ele>202.4</ele>
      </trkpt>
      <trkpt lat="44.20739" lon="5.01933">
        <ele>203.8</ele>
      </trkpt>
      <trkpt lat="44.20732" lon="5.01936">
        <ele>203.7</ele>
      </trkpt>
      <trkpt lat="44.20695" lon="5.01854">
        <ele>200.9</ele>
      </trkpt>
      <trkpt lat="44.2059" lon="5.01777">
        <ele>193.1</ele>
      </trkpt>
      <trkpt lat="44.20518" lon="5.017">
        <ele>186.1</ele>
      </trkpt>
      <trkpt lat="44.20488" lon="5.01663">
        <ele>183.5</ele>
      </trkpt>
      <trkpt lat="44.20432" lon="5.0156">
        <ele>176.7</ele>
      </trkpt>
      <trkpt lat="44.20399" lon="5.01536">
        <ele>174.2</ele>
      </trkpt>
      <trkpt lat="44.20294" lon="5.01491">
        <ele>171.4</ele>
      </trkpt>
      <trkpt lat="44.20268" lon="5.01471">
        <ele>170.4</ele>
      </trkpt>
      <trkpt lat="44.20256" lon="5.01448">
        <ele>169.9</ele>
      </trkpt>
      <trkpt lat="44.20251" lon="5.0142">
        <ele>169.0</ele>
      </trkpt>
      <trkpt lat="44.20256" lon="5.01313">
        <ele>165.9</ele>
      </trkpt>
      <trkpt lat="44.2025" lon="5.01278">
        <ele>165.0</ele>
      </trkpt>
      <trkpt lat="44.20231" lon="5.01245">
        <ele>163.6</ele>
      </trkpt>
      <trkpt lat="44.20174" lon="5.01185">
        <ele>160.7</ele>
      </trkpt>
      <trkpt lat="44.20115" lon="5.01138">
        <ele>158.3</ele>
      </trkpt>
      <trkpt lat="44.19878" lon="5.01033">
        <ele>152.5</ele>
      </trkpt>
      <trkpt lat="44.19751" lon="5.00956">
        <ele>150.6</ele>
      </trkpt>
      <trkpt lat="44.19635" lon="5.00927">
        <ele>151.1</ele>
      </trkpt>
      <trkpt lat="44.19597" lon="5.00909">
        <ele>151.6</ele>
      </trkpt>
      <trkpt lat="44.19577" lon="5.00888">
        <ele>152.0</ele>
      </trkpt>
      <trkpt lat="44.19542" lon="5.00827">
        <ele>152.9</ele>
      </trkpt>
      <trkpt lat="44.19494" lon="5.00697">
        <ele>152.8</ele>
      </trkpt>
      <trkpt lat="44.19485" lon="5.00697">
        <ele>152.9</ele>
      </trkpt>
      <trkpt lat="44.19479" lon="5.00685">
        <ele>153.0</ele>
      </trkpt>
      <trkpt lat="44.19448" lon="5.00691">
        <ele>153.8</ele>
      </trkpt>
      <trkpt lat="44.19306" lon="5.00787">
        <ele>159.8</ele>
      </trkpt>
      <trkpt lat="44.19164" lon="5.00808">
        <ele>164.7</ele>
      </trkpt>
      <trkpt lat="44.19069" lon="5.0079">
        <ele>167.1</ele>
      </trkpt>
      <trkpt lat="44.18992" lon="5.00856">
        <ele>167.3</ele>
      </trkpt>
      <trkpt lat="44.18968" lon="5.0087">
        <ele>167.3</ele>
      </trkpt>
      <trkpt lat="44.18826" lon="5.00916">
        <ele>167.8</ele>
      </trkpt>
      <trkpt lat="44.18725" lon="5.00935">
        <ele>169.3</ele>
      </trkpt>
      <trkpt lat="44.18685" lon="5.00925">
        <ele>170.2</ele>
      </trkpt>
      <trkpt lat="44.18517" lon="5.00816">
        <ele>174.8</ele>
      </trkpt>
      <trkpt lat="44.18474" lon="5.00796">
        <ele>175.6</ele>
      </trkpt>
      <trkpt lat="44.18366" lon="5.00773">
        <ele>175.6</ele>
      </trkpt>
      <trkpt lat="44.18223" lon="5.0078">
        <ele>175.8</ele>
      </trkpt>
      <trkpt lat="44.18168" lon="5.00776">
        <ele>175.9</ele>
      </trkpt>
      <trkpt lat="44.17892" lon="5.007">
        <ele>181.6</ele>
      </trkpt>
      <trkpt lat="44.17849" lon="5.00679">
        <ele>183.1</ele>
      </trkpt>
      <trkpt lat="44.17825" lon="5.00655">
        <ele>184.0</ele>
      </trkpt>
      <trkpt lat="44.17812" lon="5.00628">
        <ele>184.9</ele>
      </trkpt>
      <trkpt lat="44.17803" lon="5.0053">
        <ele>188.4</ele>
      </trkpt>
      <trkpt lat="44.17807" lon="5.00481">
        <ele>190.3</ele>
      </trkpt>
      <trkpt lat="44.1784" lon="5.00391">
        <ele>194.0</ele>
      </trkpt>
      <trkpt lat="44.17839" lon="5.00365">
        <ele>194.9</ele>
      </trkpt>
      <trkpt lat="44.17829" lon="5.00346">
        <ele>195.2</ele>
      </trkpt>
      <trkpt lat="44.17334" lon="5.00112">
        <ele>193.2</ele>
      </trkpt>
      <trkpt lat="44.17099" lon="4.99995">
        <ele>192.9</ele>
      </trkpt>
      <trkpt lat="44.17072" lon="4.99963">
        <ele>193.1</ele>
      </trkpt>
      <trkpt lat="44.1706" lon="4.99933">
        <ele>193.3</ele>
      </trkpt>
      <trkpt lat="44.1703" lon="4.9978">
        <ele>193.7</ele>
      </trkpt>
      <trkpt lat="44.17009" lon="4.99721">
        <ele>193.4</ele>
      </trkpt>
      <trkpt lat="44.16975" lon="4.99685">
        <ele>192.3</ele>
      </trkpt>
      <trkpt lat="44.16871" lon="4.99603">
        <ele>188.5</ele>
      </trkpt>
      <trkpt lat="44.16768" lon="4.99429">
        <ele>186.0</ele>
      </trkpt>
      <trkpt lat="44.16735" lon="4.99386">
        <ele>184.9</ele>
      </trkpt>
      <trkpt lat="44.16128" lon="4.98864">
        <ele>161.8</ele>
      </trkpt>
      <trkpt lat="44.16059" lon="4.98818">
        <ele>158.5</ele>
      </trkpt>
      <trkpt lat="44.15934" lon="4.98785">
        <ele>154.9</ele>
      </trkpt>
      <trkpt lat="44.15864" lon="4.9876">
        <ele>153.6</ele>
      </trkpt>
      <trkpt lat="44.15082" lon="4.98427">
        <ele>131.4</ele>
      </trkpt>
      <trkpt lat="44.15054" lon="4.98411">
        <ele>131.1</ele>
      </trkpt>
      <trkpt lat="44.15041" lon="4.98392">
        <ele>131.1</ele>
      </trkpt>
      <trkpt lat="44.1501" lon="4.98403">
        <ele>130.7</ele>
      </trkpt>
      <trkpt lat="44.14905" lon="4.98399">
        <ele>129.3</ele>
      </trkpt>
      <trkpt lat="44.14853" lon="4.98404">
        <ele>128.5</ele>
      </trkpt>
      <trkpt lat="44.14808" lon="4.98416">
        <ele>127.2</ele>
      </trkpt>
      <trkpt lat="44.14748" lon="4.98445">
        <ele>126.0</ele>
      </trkpt>
      <trkpt lat="44.14536" lon="4.98566">
        <ele>123.0</ele>
      </trkpt>
      <trkpt lat="44.14289" lon="4.9866">
        <ele>122.4</ele>
      </trkpt>
      <trkpt lat="44.14217" lon="4.9868">
        <ele>122.1</ele>
      </trkpt>
      <trkpt lat="44.14161" lon="4.98675">
        <ele>121.8</ele>
      </trkpt>
      <trkpt lat="44.14119" lon="4.98657">
        <ele>121.4</ele>
      </trkpt>
      <trkpt lat="44.14011" lon="4.98567">
        <ele>120.9</ele>
      </trkpt>
      <trkpt lat="44.13922" lon="4.98525">
        <ele>120.8</ele>
      </trkpt>
      <trkpt lat="44.13853" lon="4.98507">
        <ele>120.4</ele>
      </trkpt>
      <trkpt lat="44.13823" lon="4.98505">
        <ele>119.9</ele>
      </trkpt>
      <trkpt lat="44.13381" lon="4.98746">
        <ele>105.6</ele>
      </trkpt>
      <trkpt lat="44.13338" lon="4.98777">
        <ele>105.0</ele>
      </trkpt>
      <trkpt lat="44.13282" lon="4.98851">
        <ele>104.8</ele>
      </trkpt>
      <trkpt lat="44.13216" lon="4.99013">
        <ele>103.3</ele>
      </trkpt>
      <trkpt lat="44.13041" lon="4.99387">
        <ele>102.4</ele>
      </trkpt>
      <trkpt lat="44.12985" lon="4.99483">
        <ele>103.6</ele>
      </trkpt>
      <trkpt lat="44.12904" lon="4.99597">
        <ele>105.0</ele>
      </trkpt>
      <trkpt lat="44.1283" lon="4.99691">
        <ele>105.6</ele>
      </trkpt>
      <trkpt lat="44.12772" lon="4.99747">
        <ele>105.0</ele>
      </trkpt>
      <trkpt lat="44.127" lon="4.99793">
        <ele>101.4</ele>
      </trkpt>
      <trkpt lat="44.12577" lon="4.99844">
        <ele>93.2</ele>
      </trkpt>
      <trkpt lat="44.12523" lon="4.99873">
        <ele>89.7</ele>
      </trkpt>
      <trkpt lat="44.12473" lon="4.99918">
        <ele>86.0</ele>
      </trkpt>
      <trkpt lat="44.12434" lon="4.99976">
        <ele>83.8</ele>
      </trkpt>
      <trkpt lat="44.12404" lon="5.00046">
        <ele>82.4</ele>
      </trkpt>
      <trkpt lat="44.12307" lon="5.00413">
        <ele>77.9</ele>
      </trkpt>
      <trkpt lat="44.12171" lon="5.00835">
        <ele>76.5</ele>
      </trkpt>
      <trkpt lat="44.12149" lon="5.00956">
        <ele>75.9</ele>
      </trkpt>
      <trkpt lat="44.12134" lon="5.01162">
        <ele>74.7</ele>
      </trkpt>
      <trkpt lat="44.12124" lon="5.01241">
        <ele>75.1</ele>
      </trkpt>
      <trkpt lat="44.12115" lon="5.01279">
        <ele>75.1</ele>
      </trkpt>
      <trkpt lat="44.1209" lon="5.01345">
        <ele>75.4</ele>
      </trkpt>
      <trkpt lat="44.12074" lon="5.01342">
        <ele>75.4</ele>
      </trkpt>
      <trkpt lat="44.12066" lon="5.01355">
        <ele>75.6</ele>
      </trkpt>
      <trkpt lat="44.12071" lon="5.01379">
        <ele>75.8</ele>
      </trkpt>
      <trkpt lat="44.12087" lon="5.01381">
        <ele>75.9</ele>
      </trkpt>
      <trkpt lat="44.12094" lon="5.01398">
        <ele>76.0</ele>
      </trkpt>
      <trkpt lat="44.12089" lon="5.01475">
        <ele>76.2</ele>
      </trkpt>
      <trkpt lat="44.12055" lon="5.0161">
        <ele>77.4</ele>
      </trkpt>
      <trkpt lat="44.12006" lon="5.01849">
        <ele>80.2</ele>
      </trkpt>
      <trkpt lat="44.11999" lon="5.01921">
        <ele>81.3</ele>
      </trkpt>
      <trkpt lat="44.12015" lon="5.02071">
        <ele>83.7</ele>
      </trkpt>
      <trkpt lat="44.12012" lon="5.02139">
        <ele>83.5</ele>
      </trkpt>
      <trkpt lat="44.12003" lon="5.02171">
        <ele>83.4</ele>
      </trkpt>
      <trkpt lat="44.12026" lon="5.02224">
        <ele>84.4</ele>
      </trkpt>
      <trkpt lat="44.12103" lon="5.0253">
        <ele>89.2</ele>
      </trkpt>
      <trkpt lat="44.12113" lon="5.02587">
        <ele>90.1</ele>
      </trkpt>
      <trkpt lat="44.12111" lon="5.02593">
        <ele>90.2</ele>
      </trkpt>
      <trkpt lat="44.121480097885" lon="5.02711">
        <ele>93.9</ele>
      </trkpt>
      <trkpt lat="44.12169" lon="5.028">
        <ele>97.6</ele>
      </trkpt>
      <trkpt lat="44.12169" lon="5.0285">
        <ele>99.4</ele>
      </trkpt>
      <trkpt lat="44.12161" lon="5.02852">
        <ele>99.4</ele>
      </trkpt>
      <trkpt lat="44.12146" lon="5.02892">
        <ele>98.6</ele>
      </trkpt>
      <trkpt lat="44.12155" lon="5.02953">
        <ele>97.5</ele>
      </trkpt>
      <trkpt lat="44.12153" lon="5.02975">
        <ele>97.3</ele>
      </trkpt>
      <trkpt lat="44.12165" lon="5.03">
        <ele>97.5</ele>
      </trkpt>
      <trkpt lat="44.12177" lon="5.03106">
        <ele>98.6</ele>
      </trkpt>
      <trkpt lat="44.12184" lon="5.03135">
        <ele>98.9</ele>
      </trkpt>
      <trkpt lat="44.12247" lon="5.03223">
        <ele>101.4</ele>
      </trkpt>
      <trkpt lat="44.12288" lon="5.03292">
        <ele>105.5</ele>
      </trkpt>
      <trkpt lat="44.12307" lon="5.03302">
        <ele>106.5</ele>
      </trkpt>
      <trkpt lat="44.12333" lon="5.03305">
        <ele>109.3</ele>
      </trkpt>
      <trkpt lat="44.12343" lon="5.03315">
        <ele>109.4</ele>
      </trkpt>
      <trkpt lat="44.12359" lon="5.03393">
        <ele>113.2</ele>
      </trkpt>
      <trkpt lat="44.12424" lon="5.0357">
        <ele>117.9</ele>
      </trkpt>
      <trkpt lat="44.1246" lon="5.03711">
        <ele>118.5</ele>
      </trkpt>
      <trkpt lat="44.12483" lon="5.03762">
        <ele>119.5</ele>
      </trkpt>
      <trkpt lat="44.12511" lon="5.03809">
        <ele>120.4</ele>
      </trkpt>
      <trkpt lat="44.12545" lon="5.03836">
        <ele>120.7</ele>
      </trkpt>
      <trkpt lat="44.12631" lon="5.03927">
        <ele>121.1</ele>
      </trkpt>
      <trkpt lat="44.12956" lon="5.04153">
        <ele>126.4</ele>
      </trkpt>
      <trkpt lat="44.12997" lon="5.04164">
        <ele>127.4</ele>
      </trkpt>
      <trkpt lat="44.13042" lon="5.04157">
        <ele>127.3</ele>
      </trkpt>
      <trkpt lat="44.13093" lon="5.04159">
        <ele>126.2</ele>
      </trkpt>
      <trkpt lat="44.13141" lon="5.04179">
        <ele>125.6</ele>
      </trkpt>
      <trkpt lat="44.13291" lon="5.0432">
        <ele>126.6</ele>
      </trkpt>
      <trkpt lat="44.13317" lon="5.0435">
        <ele>127.0</ele>
      </trkpt>
      <trkpt lat="44.13363" lon="5.04423">
        <ele>127.9</ele>
      </trkpt>
      <trkpt lat="44.1341" lon="5.0446">
        <ele>128.9</ele>
      </trkpt>
      <trkpt lat="44.1345" lon="5.04472">
        <ele>129.8</ele>
      </trkpt>
      <trkpt lat="44.13503" lon="5.04466">
        <ele>130.8</ele>
      </trkpt>
      <trkpt lat="44.13536" lon="5.04471">
        <ele>131.5</ele>
      </trkpt>
      <trkpt lat="44.13615" lon="5.04508">
        <ele>133.0</ele>
      </trkpt>
      <trkpt lat="44.13708" lon="5.04565">
        <ele>133.5</ele>
      </trkpt>
      <trkpt lat="44.13772" lon="5.04645">
        <ele>135.5</ele>
      </trkpt>
      <trkpt lat="44.13791" lon="5.04657">
        <ele>135.8</ele>
      </trkpt>
      <trkpt lat="44.13968" lon="5.04658">
        <ele>139.6</ele>
      </trkpt>
      <trkpt lat="44.14019" lon="5.04671">
        <ele>140.9</ele>
      </trkpt>
      <trkpt lat="44.1405" lon="5.04698">
        <ele>141.8</ele>
      </trkpt>
      <trkpt lat="44.14151" lon="5.04842">
        <ele>148.1</ele>
      </trkpt>
      <trkpt lat="44.14174" lon="5.04854">
        <ele>149.0</ele>
      </trkpt>
      <trkpt lat="44.14227" lon="5.04861">
        <ele>152.2</ele>
      </trkpt>
      <trkpt lat="44.14261" lon="5.0492">
        <ele>155.4</ele>
      </trkpt>
      <trkpt lat="44.14291" lon="5.04943">
        <ele>157.2</ele>
      </trkpt>
      <trkpt lat="44.14391" lon="5.04947">
        <ele>156.2</ele>
      </trkpt>
      <trkpt lat="44.14403" lon="5.04963">
        <ele>155.6</ele>
      </trkpt>
      <trkpt lat="44.14419" lon="5.05018">
        <ele>153.9</ele>
      </trkpt>
      <trkpt lat="44.14433" lon="5.05035">
        <ele>153.5</ele>
      </trkpt>
      <trkpt lat="44.14653" lon="5.05118">
        <ele>164.8</ele>
      </trkpt>
      <trkpt lat="44.14713" lon="5.05123">
        <ele>169.1</ele>
      </trkpt>
      <trkpt lat="44.14847" lon="5.05192">
        <ele>178.0</ele>
      </trkpt>
      <trkpt lat="44.1492" lon="5.0522">
        <ele>181.6</ele>
      </trkpt>
      <trkpt lat="44.14943" lon="5.05244">
        <ele>183.8</ele>
      </trkpt>
      <trkpt lat="44.15016" lon="5.05359">
        <ele>192.1</ele>
      </trkpt>
      <trkpt lat="44.15026" lon="5.05365">
        <ele>192.4</ele>
      </trkpt>
      <trkpt lat="44.15067" lon="5.0537">
        <ele>194.0</ele>
      </trkpt>
      <trkpt lat="44.15086" lon="5.0538">
        <ele>194.7</ele>
      </trkpt>
      <trkpt lat="44.15229" lon="5.0553">
        <ele>207.2</ele>
      </trkpt>
      <trkpt lat="44.15246" lon="5.05559">
        <ele>208.7</ele>
      </trkpt>
      <trkpt lat="44.15277" lon="5.05636">
        <ele>213.6</ele>
      </trkpt>
      <trkpt lat="44.1535" lon="5.05741">
        <ele>221.7</ele>
      </trkpt>
      <trkpt lat="44.15393" lon="5.05826">
        <ele>228.1</ele>
      </trkpt>
      <trkpt lat="44.15408" lon="5.05835">
        <ele>229.2</ele>
      </trkpt>
      <trkpt lat="44.15443" lon="5.05835">
        <ele>232.7</ele>
      </trkpt>
      <trkpt lat="44.15457" lon="5.05843">
        <ele>233.2</ele>
      </trkpt>
      <trkpt lat="44.15494" lon="5.05899">
        <ele>237.8</ele>
      </trkpt>
      <trkpt lat="44.15536" lon="5.05995">
        <ele>243.4</ele>
      </trkpt>
      <trkpt lat="44.15616" lon="5.06072">
        <ele>251.2</ele>
      </trkpt>
      <trkpt lat="44.15691" lon="5.06174">
        <ele>260.2</ele>
      </trkpt>
      <trkpt lat="44.15725" lon="5.06195">
        <ele>262.7</ele>
      </trkpt>
      <trkpt lat="44.1579" lon="5.06213">
        <ele>267.4</ele>
      </trkpt>
      <trkpt lat="44.15818" lon="5.0623">
        <ele>269.2</ele>
      </trkpt>
      <trkpt lat="44.15833" lon="5.06245">
        <ele>270.5</ele>
      </trkpt>
      <trkpt lat="44.15872" lon="5.06304">
        <ele>274.5</ele>
      </trkpt>
      <trkpt lat="44.15968" lon="5.06361">
        <ele>282.5</ele>
      </trkpt>
      <trkpt lat="44.16018" lon="5.06414">
        <ele>286.8</ele>
      </trkpt>
      <trkpt lat="44.16076" lon="5.06453">
        <ele>291.4</ele>
      </trkpt>
      <trkpt lat="44.16125" lon="5.06514">
        <ele>297.1</ele>
      </trkpt>
      <trkpt lat="44.1614" lon="5.06521">
        <ele>298.0</ele>
      </trkpt>
      <trkpt lat="44.16226" lon="5.0653">
        <ele>304.9</ele>
      </trkpt>
      <trkpt lat="44.16373" lon="5.0652">
        <ele>316.6</ele>
      </trkpt>
      <trkpt lat="44.16426" lon="5.06499">
        <ele>321.1</ele>
      </trkpt>
      <trkpt lat="44.1644" lon="5.06501">
        <ele>322.4</ele>
      </trkpt>
      <trkpt lat="44.16452" lon="5.06511">
        <ele>323.8</ele>
      </trkpt>
      <trkpt lat="44.16462" lon="5.06537">
        <ele>325.8</ele>
      </trkpt>
      <trkpt lat="44.16461" lon="5.06567">
        <ele>327.4</ele>
      </trkpt>
      <trkpt lat="44.16448" lon="5.06614">
        <ele>331.7</ele>
      </trkpt>
      <trkpt lat="44.16454" lon="5.06628">
        <ele>332.7</ele>
      </trkpt>
      <trkpt lat="44.16466" lon="5.06633">
        <ele>334.3</ele>
      </trkpt>
      <trkpt lat="44.1652" lon="5.06591">
        <ele>338.4</ele>
      </trkpt>
      <trkpt lat="44.16602" lon="5.06573">
        <ele>345.0</ele>
      </trkpt>
      <trkpt lat="44.16615" lon="5.06555">
        <ele>346.5</ele>
      </trkpt>
      <trkpt lat="44.16629" lon="5.06504">
        <ele>349.6</ele>
      </trkpt>
      <trkpt lat="44.16656" lon="5.06481">
        <ele>352.9</ele>
      </trkpt>
      <trkpt lat="44.16673" lon="5.06484">
        <ele>354.5</ele>
      </trkpt>
      <trkpt lat="44.16679" lon="5.06494">
        <ele>355.2</ele>
      </trkpt>
      <trkpt lat="44.16679" lon="5.06512">
        <ele>356.2</ele>
      </trkpt>
      <trkpt lat="44.16662" lon="5.06545">
        <ele>359.3</ele>
      </trkpt>
      <trkpt lat="44.16665" lon="5.06558">
        <ele>360.1</ele>
      </trkpt>
      <trkpt lat="44.16673" lon="5.06565">
        <ele>360.5</ele>
      </trkpt>
      <trkpt lat="44.16732" lon="5.06527">
        <ele>365.3</ele>
      </trkpt>
      <trkpt lat="44.16789" lon="5.06525">
        <ele>369.5</ele>
      </trkpt>
      <trkpt lat="44.16803" lon="5.06518">
        <ele>370.0</ele>
      </trkpt>
      <trkpt lat="44.16823" lon="5.06496">
        <ele>371.0</ele>
      </trkpt>
      <trkpt lat="44.16841" lon="5.065">
        <ele>371.9</ele>
      </trkpt>
      <trkpt lat="44.16847" lon="5.06514">
        <ele>372.6</ele>
      </trkpt>
      <trkpt lat="44.16845" lon="5.06529">
        <ele>373.2</ele>
      </trkpt>
      <trkpt lat="44.16809" lon="5.06596">
        <ele>377.1</ele>
      </trkpt>
      <trkpt lat="44.16802" lon="5.06619">
        <ele>378.1</ele>
      </trkpt>
      <trkpt lat="44.16801" lon="5.06641">
        <ele>379.0</ele>
      </trkpt>
      <trkpt lat="44.16817" lon="5.0673">
        <ele>385.1</ele>
      </trkpt>
      <trkpt lat="44.16858" lon="5.06836">
        <ele>391.2</ele>
      </trkpt>
      <trkpt lat="44.16878" lon="5.06837">
        <ele>391.7</ele>
      </trkpt>
      <trkpt lat="44.16913" lon="5.06851">
        <ele>392.3</ele>
      </trkpt>
      <trkpt lat="44.16971" lon="5.06888">
        <ele>394.6</ele>
      </trkpt>
      <trkpt lat="44.1701" lon="5.06957">
        <ele>399.2</ele>
      </trkpt>
      <trkpt lat="44.17037" lon="5.07038">
        <ele>404.2</ele>
      </trkpt>
      <trkpt lat="44.17061" lon="5.0707">
        <ele>404.4</ele>
      </trkpt>
      <trkpt lat="44.17083" lon="5.07077">
        <ele>403.5</ele>
      </trkpt>
      <trkpt lat="44.17132" lon="5.07058">
        <ele>399.7</ele>
      </trkpt>
      <trkpt lat="44.17153" lon="5.07064">
        <ele>399.2</ele>
      </trkpt>
      <trkpt lat="44.17162" lon="5.07082">
        <ele>399.0</ele>
      </trkpt>
      <trkpt lat="44.17195" lon="5.07198">
        <ele>401.5</ele>
      </trkpt>
      <trkpt lat="44.17223" lon="5.0727">
        <ele>402.3</ele>
      </trkpt>
      <trkpt lat="44.17239" lon="5.07294">
        <ele>401.8</ele>
      </trkpt>
      <trkpt lat="44.1729" lon="5.07349">
        <ele>399.4</ele>
      </trkpt>
      <trkpt lat="44.17342" lon="5.07428">
        <ele>400.0</ele>
      </trkpt>
      <trkpt lat="44.174" lon="5.07462">
        <ele>397.0</ele>
      </trkpt>
      <trkpt lat="44.17438" lon="5.0754">
        <ele>394.4</ele>
      </trkpt>
      <trkpt lat="44.17453" lon="5.07546">
        <ele>394.1</ele>
      </trkpt>
      <trkpt lat="44.1751" lon="5.07535">
        <ele>391.6</ele>
      </trkpt>
      <trkpt lat="44.17531" lon="5.07541">
        <ele>390.8</ele>
      </trkpt>
      <trkpt lat="44.17581" lon="5.07608">
        <ele>386.5</ele>
      </trkpt>
      <trkpt lat="44.17619" lon="5.07646">
        <ele>383.4</ele>
      </trkpt>
      <trkpt lat="44.17637" lon="5.07656">
        <ele>382.3</ele>
      </trkpt>
      <trkpt lat="44.17654" lon="5.07651">
        <ele>381.5</ele>
      </trkpt>
      <trkpt lat="44.17665" lon="5.07633">
        <ele>380.7</ele>
      </trkpt>
      <trkpt lat="44.17674" lon="5.07601">
        <ele>379.1</ele>
      </trkpt>
      <trkpt lat="44.17685" lon="5.07596">
        <ele>378.8</ele>
      </trkpt>
      <trkpt lat="44.1772" lon="5.07614">
        <ele>375.6</ele>
      </trkpt>
      <trkpt lat="44.17792" lon="5.07612">
        <ele>370.1</ele>
      </trkpt>
      <trkpt lat="44.17872" lon="5.07669">
        <ele>367.7</ele>
      </trkpt>
      <trkpt lat="44.17872" lon="5.0768">
        <ele>367.6</ele>
      </trkpt>
      <trkpt lat="44.17859" lon="5.07712">
        <ele>367.1</ele>
      </trkpt>
      <trkpt lat="44.17855" lon="5.07769">
        <ele>368.2</ele>
      </trkpt>
      <trkpt lat="44.17837" lon="5.07853">
        <ele>373.7</ele>
      </trkpt>
      <trkpt lat="44.17834" lon="5.07894">
        <ele>376.6</ele>
      </trkpt>
      <trkpt lat="44.17861" lon="5.08051">
        <ele>384.2</ele>
      </trkpt>
      <trkpt lat="44.17882" lon="5.08123">
        <ele>389.4</ele>
      </trkpt>
      <trkpt lat="44.17884" lon="5.0815">
        <ele>391.5</ele>
      </trkpt>
      <trkpt lat="44.1787" lon="5.08177">
        <ele>393.2</ele>
      </trkpt>
      <trkpt lat="44.17821" lon="5.08211">
        <ele>398.7</ele>
      </trkpt>
      <trkpt lat="44.17801" lon="5.08235">
        <ele>400.6</ele>
      </trkpt>
      <trkpt lat="44.17787" lon="5.08313">
        <ele>403.8</ele>
      </trkpt>
      <trkpt lat="44.17753" lon="5.08376">
        <ele>406.5</ele>
      </trkpt>
      <trkpt lat="44.17753" lon="5.08399">
        <ele>407.1</ele>
      </trkpt>
      <trkpt lat="44.1776" lon="5.08431">
        <ele>408.7</ele>
      </trkpt>
      <trkpt lat="44.17757" lon="5.0845">
        <ele>409.2</ele>
      </trkpt>
      <trkpt lat="44.17735" lon="5.08477">
        <ele>410.6</ele>
      </trkpt>
      <trkpt lat="44.17721" lon="5.0851">
        <ele>412.4</ele>
      </trkpt>
      <trkpt lat="44.17698" lon="5.08523">
        <ele>413.9</ele>
      </trkpt>
      <trkpt lat="44.17688" lon="5.08539">
        <ele>414.9</ele>
      </trkpt>
      <trkpt lat="44.17676" lon="5.08631">
        <ele>421.3</ele>
      </trkpt>
      <trkpt lat="44.17678" lon="5.08685">
        <ele>424.6</ele>
      </trkpt>
      <trkpt lat="44.17702" lon="5.08738">
        <ele>428.1</ele>
      </trkpt>
      <trkpt lat="44.17714" lon="5.08753">
        <ele>429.7</ele>
      </trkpt>
      <trkpt lat="44.17726" lon="5.08759">
        <ele>431.0</ele>
      </trkpt>
      <trkpt lat="44.17801" lon="5.08718">
        <ele>438.6</ele>
      </trkpt>
      <trkpt lat="44.17825" lon="5.08712">
        <ele>440.9</ele>
      </trkpt>
      <trkpt lat="44.17845" lon="5.08718">
        <ele>442.9</ele>
      </trkpt>
      <trkpt lat="44.17851" lon="5.08733">
        <ele>443.6</ele>
      </trkpt>
      <trkpt lat="44.1785" lon="5.08779">
        <ele>446.2</ele>
      </trkpt>
      <trkpt lat="44.17867" lon="5.08836">
        <ele>448.7</ele>
      </trkpt>
      <trkpt lat="44.17861" lon="5.08903">
        <ele>452.3</ele>
      </trkpt>
      <trkpt lat="44.17871" lon="5.08934">
        <ele>453.9</ele>
      </trkpt>
      <trkpt lat="44.17888" lon="5.08949">
        <ele>454.3</ele>
      </trkpt>
      <trkpt lat="44.17914" lon="5.08952">
        <ele>453.7</ele>
      </trkpt>
      <trkpt lat="44.17941" lon="5.08966">
        <ele>452.5</ele>
      </trkpt>
      <trkpt lat="44.18" lon="5.08953">
        <ele>448.9</ele>
      </trkpt>
      <trkpt lat="44.18088" lon="5.08961">
        <ele>446.4</ele>
      </trkpt>
      <trkpt lat="44.18115" lon="5.0897">
        <ele>447.3</ele>
      </trkpt>
      <trkpt lat="44.18129" lon="5.08992">
        <ele>448.3</ele>
      </trkpt>
      <trkpt lat="44.18133" lon="5.09095">
        <ele>452.9</ele>
      </trkpt>
      <trkpt lat="44.18128" lon="5.09125">
        <ele>454.3</ele>
      </trkpt>
      <trkpt lat="44.18113" lon="5.09152">
        <ele>455.8</ele>
      </trkpt>
      <trkpt lat="44.181" lon="5.09161">
        <ele>456.3</ele>
      </trkpt>
      <trkpt lat="44.18069" lon="5.09161">
        <ele>457.9</ele>
      </trkpt>
      <trkpt lat="44.1805" lon="5.0917">
        <ele>458.4</ele>
      </trkpt>
      <trkpt lat="44.17973" lon="5.09268">
        <ele>466.5</ele>
      </trkpt>
      <trkpt lat="44.1797" lon="5.09279">
        <ele>467.0</ele>
      </trkpt>
      <trkpt lat="44.17973" lon="5.09295">
        <ele>467.5</ele>
      </trkpt>
      <trkpt lat="44.18039" lon="5.09423">
        <ele>474.8</ele>
      </trkpt>
      <trkpt lat="44.18043" lon="5.09446">
        <ele>475.3</ele>
      </trkpt>
      <trkpt lat="44.1804" lon="5.0948">
        <ele>476.1</ele>
      </trkpt>
      <trkpt lat="44.18031" lon="5.09512">
        <ele>476.1</ele>
      </trkpt>
      <trkpt lat="44.18015" lon="5.09544">
        <ele>475.3</ele>
      </trkpt>
      <trkpt lat="44.17936" lon="5.09654">
        <ele>469.6</ele>
      </trkpt>
      <trkpt lat="44.17916" lon="5.09736">
        <ele>466.8</ele>
      </trkpt>
      <trkpt lat="44.179" lon="5.09771">
        <ele>464.9</ele>
      </trkpt>
      <trkpt lat="44.17865" lon="5.09807">
        <ele>461.2</ele>
      </trkpt>
      <trkpt lat="44.17822" lon="5.09833">
        <ele>457.6</ele>
      </trkpt>
      <trkpt lat="44.17788" lon="5.09836">
        <ele>455.0</ele>
      </trkpt>
      <trkpt lat="44.17752" lon="5.09818">
        <ele>452.2</ele>
      </trkpt>
      <trkpt lat="44.17714" lon="5.09813">
        <ele>449.1</ele>
      </trkpt>
      <trkpt lat="44.17671" lon="5.09826">
        <ele>446.2</ele>
      </trkpt>
      <trkpt lat="44.17572" lon="5.09877">
        <ele>438.3</ele>
      </trkpt>
      <trkpt lat="44.17468" lon="5.0996">
        <ele>430.0</ele>
      </trkpt>
      <trkpt lat="44.17358" lon="5.10091">
        <ele>420.3</ele>
      </trkpt>
      <trkpt lat="44.17296" lon="5.10141">
        <ele>416.2</ele>
      </trkpt>
      <trkpt lat="44.17283" lon="5.10166">
        <ele>414.8</ele>
      </trkpt>
      <trkpt lat="44.17286" lon="5.10194">
        <ele>413.6</ele>
      </trkpt>
      <trkpt lat="44.17343" lon="5.10318">
        <ele>404.7</ele>
      </trkpt>
      <trkpt lat="44.17346" lon="5.10355">
        <ele>402.3</ele>
      </trkpt>
      <trkpt lat="44.17333" lon="5.10386">
        <ele>400.1</ele>
      </trkpt>
      <trkpt lat="44.17311" lon="5.10404">
        <ele>398.2</ele>
      </trkpt>
      <trkpt lat="44.17295" lon="5.10405">
        <ele>397.1</ele>
      </trkpt>
      <trkpt lat="44.17261" lon="5.10391">
        <ele>394.5</ele>
      </trkpt>
      <trkpt lat="44.17249" lon="5.104">
        <ele>393.5</ele>
      </trkpt>
      <trkpt lat="44.17249" lon="5.10422">
        <ele>392.6</ele>
      </trkpt>
      <trkpt lat="44.17277" lon="5.10467">
        <ele>388.9</ele>
      </trkpt>
      <trkpt lat="44.17283" lon="5.10491">
        <ele>387.4</ele>
      </trkpt>
      <trkpt lat="44.17275" lon="5.10523">
        <ele>385.2</ele>
      </trkpt>
      <trkpt lat="44.17229" lon="5.10614">
        <ele>378.9</ele>
      </trkpt>
      <trkpt lat="44.17224" lon="5.10647">
        <ele>376.8</ele>
      </trkpt>
      <trkpt lat="44.17231" lon="5.10657">
        <ele>376.2</ele>
      </trkpt>
      <trkpt lat="44.17246" lon="5.10658">
        <ele>375.1</ele>
      </trkpt>
      <trkpt lat="44.17298" lon="5.10623">
        <ele>370.5</ele>
      </trkpt>
      <trkpt lat="44.17321" lon="5.10621">
        <ele>369.2</ele>
      </trkpt>
      <trkpt lat="44.17443" lon="5.10722">
        <ele>356.4</ele>
      </trkpt>
      <trkpt lat="44.17477" lon="5.10765">
        <ele>352.2</ele>
      </trkpt>
      <trkpt lat="44.17579" lon="5.11001">
        <ele>334.0</ele>
      </trkpt>
      <trkpt lat="44.17602" lon="5.11069">
        <ele>330.5</ele>
      </trkpt>
      <trkpt lat="44.17632" lon="5.1119">
        <ele>325.0</ele>
      </trkpt>
      <trkpt lat="44.17675" lon="5.11438">
        <ele>314.9</ele>
      </trkpt>
      <trkpt lat="44.17721" lon="5.11976">
        <ele>301.5</ele>
      </trkpt>
      <trkpt lat="44.17727" lon="5.1207">
        <ele>302.8</ele>
      </trkpt>
      <trkpt lat="44.17725" lon="5.121">
        <ele>303.5</ele>
      </trkpt>
      <trkpt lat="44.17702" lon="5.12147">
        <ele>306.0</ele>
      </trkpt>
      <trkpt lat="44.17681" lon="5.12164">
        <ele>308.2</ele>
      </trkpt>
      <trkpt lat="44.17656" lon="5.1217">
        <ele>310.5</ele>
      </trkpt>
      <trkpt lat="44.17571" lon="5.12152">
        <ele>316.4</ele>
      </trkpt>
      <trkpt lat="44.17556" lon="5.12164">
        <ele>317.3</ele>
      </trkpt>
      <trkpt lat="44.17554" lon="5.12184">
        <ele>318.3</ele>
      </trkpt>
      <trkpt lat="44.17567" lon="5.122">
        <ele>318.9</ele>
      </trkpt>
      <trkpt lat="44.1763" lon="5.12228">
        <ele>322.2</ele>
      </trkpt>
      <trkpt lat="44.17656" lon="5.12253">
        <ele>324.1</ele>
      </trkpt>
      <trkpt lat="44.17729" lon="5.12377">
        <ele>332.6</ele>
      </trkpt>
      <trkpt lat="44.17778" lon="5.12442">
        <ele>337.0</ele>
      </trkpt>
      <trkpt lat="44.17788" lon="5.12482">
        <ele>337.3</ele>
      </trkpt>
      <trkpt lat="44.17782" lon="5.12518">
        <ele>336.5</ele>
      </trkpt>
      <trkpt lat="44.1777" lon="5.12539">
        <ele>335.5</ele>
      </trkpt>
      <trkpt lat="44.1772" lon="5.12582">
        <ele>331.4</ele>
      </trkpt>
      <trkpt lat="44.17667" lon="5.12603">
        <ele>328.2</ele>
      </trkpt>
      <trkpt lat="44.17648" lon="5.12625">
        <ele>326.8</ele>
      </trkpt>
      <trkpt lat="44.17633" lon="5.12656">
        <ele>325.4</ele>
      </trkpt>
      <trkpt lat="44.17574" lon="5.12901">
        <ele>318.9</ele>
      </trkpt>
      <trkpt lat="44.17571" lon="5.12937">
        <ele>319.2</ele>
      </trkpt>
      <trkpt lat="44.17554" lon="5.12953">
        <ele>319.9</ele>
      </trkpt>
      <trkpt lat="44.17557" lon="5.12963">
        <ele>320.0</ele>
      </trkpt>
      <trkpt lat="44.17552" lon="5.12976">
        <ele>320.3</ele>
      </trkpt>
      <trkpt lat="44.17567" lon="5.13055">
        <ele>321.3</ele>
      </trkpt>
      <trkpt lat="44.17567" lon="5.13074">
        <ele>321.4</ele>
      </trkpt>
      <trkpt lat="44.17552" lon="5.1316">
        <ele>322.7</ele>
      </trkpt>
      <trkpt lat="44.17539" lon="5.13178">
        <ele>323.3</ele>
      </trkpt>
      <trkpt lat="44.1735" lon="5.13364">
        <ele>330.3</ele>
      </trkpt>
      <trkpt lat="44.17319" lon="5.1337">
        <ele>332.1</ele>
      </trkpt>
      <trkpt lat="44.1727053" lon="5.1336051">
        <ele>333.7</ele>
      </trkpt>
      <trkpt lat="44.17235" lon="5.13341">
        <ele>335.6</ele>
      </trkpt>
      <trkpt lat="44.17213" lon="5.13309">
        <ele>337.1</ele>
      </trkpt>
      <trkpt lat="44.17196" lon="5.13251">
        <ele>339.0</ele>
      </trkpt>
      <trkpt lat="44.17175" lon="5.13218">
        <ele>339.5</ele>
      </trkpt>
      <trkpt lat="44.17177" lon="5.13207">
        <ele>339.6</ele>
      </trkpt>
      <trkpt lat="44.17173" lon="5.13196">
        <ele>339.6</ele>
      </trkpt>
      <trkpt lat="44.17161" lon="5.13194">
        <ele>339.7</ele>
      </trkpt>
      <trkpt lat="44.17153" lon="5.13209">
        <ele>339.9</ele>
      </trkpt>
      <trkpt lat="44.1711" lon="5.13198">
        <ele>341.5</ele>
      </trkpt>
      <trkpt lat="44.16903" lon="5.13109">
        <ele>350.8</ele>
      </trkpt>
      <trkpt lat="44.16891" lon="5.13101">
        <ele>351.5</ele>
      </trkpt>
      <trkpt lat="44.16878" lon="5.13078">
        <ele>352.6</ele>
      </trkpt>
      <trkpt lat="44.16875" lon="5.13046">
        <ele>353.7</ele>
      </trkpt>
      <trkpt lat="44.16878" lon="5.13031">
        <ele>354.2</ele>
      </trkpt>
      <trkpt lat="44.16919" lon="5.12857">
        <ele>359.6</ele>
      </trkpt>
      <trkpt lat="44.16948" lon="5.12763">
        <ele>362.8</ele>
      </trkpt>
      <trkpt lat="44.16972" lon="5.12735">
        <ele>364.5</ele>
      </trkpt>
      <trkpt lat="44.17108" lon="5.12629">
        <ele>370.6</ele>
      </trkpt>
      <trkpt lat="44.17125" lon="5.12603">
        <ele>371.4</ele>
      </trkpt>
      <trkpt lat="44.17129" lon="5.12579">
        <ele>372.1</ele>
      </trkpt>
      <trkpt lat="44.17125" lon="5.12555">
        <ele>372.6</ele>
      </trkpt>
      <trkpt lat="44.17103" lon="5.12526">
        <ele>373.2</ele>
      </trkpt>
      <trkpt lat="44.17083" lon="5.1252">
        <ele>373.8</ele>
      </trkpt>
      <trkpt lat="44.16979" lon="5.12535">
        <ele>376.9</ele>
      </trkpt>
      <trkpt lat="44.1683" lon="5.12573">
        <ele>381.3</ele>
      </trkpt>
      <trkpt lat="44.16581" lon="5.12645">
        <ele>388.7</ele>
      </trkpt>
      <trkpt lat="44.16531" lon="5.1267">
        <ele>390.2</ele>
      </trkpt>
      <trkpt lat="44.16474" lon="5.12723">
        <ele>392.2</ele>
      </trkpt>
      <trkpt lat="44.16446" lon="5.12762">
        <ele>393.4</ele>
      </trkpt>
      <trkpt lat="44.1642" lon="5.12813">
        <ele>394.5</ele>
      </trkpt>
      <trkpt lat="44.16358" lon="5.12961">
        <ele>397.9</ele>
      </trkpt>
      <trkpt lat="44.16336" lon="5.12982">
        <ele>398.6</ele>
      </trkpt>
      <trkpt lat="44.16315" lon="5.12989">
        <ele>399.3</ele>
      </trkpt>
      <trkpt lat="44.16297" lon="5.12984">
        <ele>399.5</ele>
      </trkpt>
      <trkpt lat="44.16267" lon="5.12961">
        <ele>399.8</ele>
      </trkpt>
      <trkpt lat="44.16177" lon="5.12871">
        <ele>400.8</ele>
      </trkpt>
      <trkpt lat="44.16149" lon="5.12825">
        <ele>401.8</ele>
      </trkpt>
      <trkpt lat="44.16118" lon="5.12735">
        <ele>403.6</ele>
      </trkpt>
      <trkpt lat="44.16097" lon="5.12689">
        <ele>404.7</ele>
      </trkpt>
      <trkpt lat="44.16062" lon="5.1264">
        <ele>405.3</ele>
      </trkpt>
      <trkpt lat="44.15988" lon="5.12575">
        <ele>402.8</ele>
      </trkpt>
      <trkpt lat="44.15949" lon="5.12575">
        <ele>401.9</ele>
      </trkpt>
      <trkpt lat="44.15927" lon="5.12592">
        <ele>401.2</ele>
      </trkpt>
      <trkpt lat="44.15752" lon="5.12815">
        <ele>389.5</ele>
      </trkpt>
      <trkpt lat="44.15722" lon="5.12841">
        <ele>388.1</ele>
      </trkpt>
      <trkpt lat="44.15513" lon="5.12958">
        <ele>381.0</ele>
      </trkpt>
      <trkpt lat="44.15493" lon="5.12963">
        <ele>380.6</ele>
      </trkpt>
      <trkpt lat="44.1548" lon="5.12957">
        <ele>380.4</ele>
      </trkpt>
      <trkpt lat="44.15452" lon="5.12984">
        <ele>381.2</ele>
      </trkpt>
      <trkpt lat="44.15392" lon="5.12987">
        <ele>382.2</ele>
      </trkpt>
      <trkpt lat="44.15356" lon="5.13006">
        <ele>381.7</ele>
      </trkpt>
      <trkpt lat="44.15179" lon="5.13198">
        <ele>377.2</ele>
      </trkpt>
      <trkpt lat="44.15055" lon="5.13388">
        <ele>384.4</ele>
      </trkpt>
      <trkpt lat="44.1503" lon="5.13404">
        <ele>386.2</ele>
      </trkpt>
      <trkpt lat="44.15011" lon="5.13402">
        <ele>387.7</ele>
      </trkpt>
      <trkpt lat="44.14998" lon="5.13382">
        <ele>389.2</ele>
      </trkpt>
      <trkpt lat="44.15001" lon="5.13307">
        <ele>392.1</ele>
      </trkpt>
      <trkpt lat="44.14992" lon="5.13147">
        <ele>398.8</ele>
      </trkpt>
      <trkpt lat="44.14984" lon="5.13109">
        <ele>399.9</ele>
      </trkpt>
      <trkpt lat="44.14959" lon="5.13061">
        <ele>402.8</ele>
      </trkpt>
      <trkpt lat="44.14918" lon="5.12998">
        <ele>406.5</ele>
      </trkpt>
      <trkpt lat="44.14844" lon="5.12937">
        <ele>412.6</ele>
      </trkpt>
      <trkpt lat="44.14778" lon="5.12916">
        <ele>415.9</ele>
      </trkpt>
      <trkpt lat="44.14755" lon="5.12917">
        <ele>417.0</ele>
      </trkpt>
      <trkpt lat="44.14726" lon="5.12933">
        <ele>418.5</ele>
      </trkpt>
      <trkpt lat="44.14707" lon="5.12958">
        <ele>419.8</ele>
      </trkpt>
      <trkpt lat="44.14665" lon="5.13066">
        <ele>423.0</ele>
      </trkpt>
      <trkpt lat="44.14595" lon="5.13183">
        <ele>424.9</ele>
      </trkpt>
      <trkpt lat="44.14584" lon="5.1322">
        <ele>425.9</ele>
      </trkpt>
      <trkpt lat="44.14579" lon="5.13256">
        <ele>427.1</ele>
      </trkpt>
      <trkpt lat="44.14578" lon="5.13348">
        <ele>430.2</ele>
      </trkpt>
      <trkpt lat="44.14571" lon="5.13361">
        <ele>430.4</ele>
      </trkpt>
      <trkpt lat="44.1456" lon="5.13366">
        <ele>430.7</ele>
      </trkpt>
      <trkpt lat="44.14488" lon="5.13346">
        <ele>433.5</ele>
      </trkpt>
      <trkpt lat="44.14418" lon="5.13354">
        <ele>436.0</ele>
      </trkpt>
      <trkpt lat="44.14372" lon="5.13324">
        <ele>438.1</ele>
      </trkpt>
      <trkpt lat="44.1434" lon="5.13254">
        <ele>441.4</ele>
      </trkpt>
      <trkpt lat="44.14323" lon="5.13237">
        <ele>442.4</ele>
      </trkpt>
      <trkpt lat="44.1429" lon="5.13222">
        <ele>444.2</ele>
      </trkpt>
      <trkpt lat="44.14244" lon="5.13142">
        <ele>447.7</ele>
      </trkpt>
      <trkpt lat="44.14176" lon="5.13066">
        <ele>452.1</ele>
      </trkpt>
      <trkpt lat="44.14153" lon="5.13031">
        <ele>454.0</ele>
      </trkpt>
      <trkpt lat="44.14144" lon="5.13009">
        <ele>454.9</ele>
      </trkpt>
      <trkpt lat="44.14141" lon="5.12966">
        <ele>456.6</ele>
      </trkpt>
      <trkpt lat="44.14136" lon="5.1295">
        <ele>456.9</ele>
      </trkpt>
      <trkpt lat="44.14118" lon="5.12945">
        <ele>457.0</ele>
      </trkpt>
      <trkpt lat="44.14107" lon="5.12957">
        <ele>456.8</ele>
      </trkpt>
      <trkpt lat="44.14099" lon="5.12986">
        <ele>456.4</ele>
      </trkpt>
      <trkpt lat="44.14109" lon="5.13044">
        <ele>454.8</ele>
      </trkpt>
      <trkpt lat="44.141" lon="5.13139">
        <ele>452.3</ele>
      </trkpt>
      <trkpt lat="44.14089" lon="5.13188">
        <ele>450.6</ele>
      </trkpt>
      <trkpt lat="44.14057" lon="5.13257">
        <ele>448.2</ele>
      </trkpt>
      <trkpt lat="44.1406" lon="5.13277">
        <ele>447.7</ele>
      </trkpt>
      <trkpt lat="44.14091" lon="5.1333">
        <ele>445.7</ele>
      </trkpt>
      <trkpt lat="44.14099" lon="5.13361">
        <ele>444.5</ele>
      </trkpt>
      <trkpt lat="44.14097" lon="5.13387">
        <ele>443.3</ele>
      </trkpt>
      <trkpt lat="44.14079" lon="5.13441">
        <ele>441.0</ele>
      </trkpt>
      <trkpt lat="44.1408" lon="5.13487">
        <ele>439.4</ele>
      </trkpt>
      <trkpt lat="44.14091" lon="5.13519">
        <ele>438.7</ele>
      </trkpt>
      <trkpt lat="44.14105" lon="5.13542">
        <ele>437.6</ele>
      </trkpt>
      <trkpt lat="44.14144" lon="5.13587">
        <ele>436.3</ele>
      </trkpt>
      <trkpt lat="44.14164" lon="5.13601">
        <ele>435.9</ele>
      </trkpt>
      <trkpt lat="44.14206" lon="5.13613">
        <ele>435.9</ele>
      </trkpt>
      <trkpt lat="44.14216" lon="5.13624">
        <ele>435.9</ele>
      </trkpt>
      <trkpt lat="44.14218" lon="5.13638">
        <ele>435.9</ele>
      </trkpt>
      <trkpt lat="44.14214" lon="5.13653">
        <ele>435.8</ele>
      </trkpt>
      <trkpt lat="44.14157" lon="5.13758">
        <ele>435.3</ele>
      </trkpt>
      <trkpt lat="44.14144" lon="5.13794">
        <ele>435.2</ele>
      </trkpt>
      <trkpt lat="44.14142" lon="5.13819">
        <ele>435.0</ele>
      </trkpt>
      <trkpt lat="44.1415" lon="5.13846">
        <ele>434.5</ele>
      </trkpt>
      <trkpt lat="44.14163" lon="5.13856">
        <ele>434.1</ele>
      </trkpt>
      <trkpt lat="44.14215" lon="5.13841">
        <ele>430.9</ele>
      </trkpt>
      <trkpt lat="44.14234" lon="5.13849">
        <ele>429.6</ele>
      </trkpt>
      <trkpt lat="44.14258" lon="5.13911">
        <ele>426.7</ele>
      </trkpt>
      <trkpt lat="44.14289" lon="5.13939">
        <ele>425.7</ele>
      </trkpt>
      <trkpt lat="44.1429" lon="5.13961">
        <ele>425.4</ele>
      </trkpt>
      <trkpt lat="44.14268" lon="5.13996">
        <ele>422.6</ele>
      </trkpt>
      <trkpt lat="44.14253" lon="5.14049">
        <ele>419.4</ele>
      </trkpt>
      <trkpt lat="44.14256" lon="5.14078">
        <ele>418.2</ele>
      </trkpt>
      <trkpt lat="44.14266" lon="5.14095">
        <ele>417.7</ele>
      </trkpt>
      <trkpt lat="44.14289" lon="5.14116">
        <ele>417.0</ele>
      </trkpt>
      <trkpt lat="44.14289" lon="5.14135">
        <ele>416.8</ele>
      </trkpt>
      <trkpt lat="44.14277" lon="5.14148">
        <ele>416.7</ele>
      </trkpt>
      <trkpt lat="44.14231" lon="5.14152">
        <ele>417.6</ele>
      </trkpt>
      <trkpt lat="44.14215" lon="5.14191">
        <ele>418.6</ele>
      </trkpt>
      <trkpt lat="44.14206" lon="5.14201">
        <ele>418.8</ele>
      </trkpt>
      <trkpt lat="44.14139" lon="5.14199">
        <ele>420.5</ele>
      </trkpt>
      <trkpt lat="44.14088" lon="5.14222">
        <ele>422.2</ele>
      </trkpt>
      <trkpt lat="44.14054" lon="5.14189">
        <ele>423.4</ele>
      </trkpt>
      <trkpt lat="44.13992" lon="5.14173">
        <ele>425.3</ele>
      </trkpt>
      <trkpt lat="44.13965" lon="5.14144">
        <ele>426.4</ele>
      </trkpt>
      <trkpt lat="44.13944" lon="5.14131">
        <ele>427.2</ele>
      </trkpt>
      <trkpt lat="44.13888" lon="5.14115">
        <ele>428.9</ele>
      </trkpt>
      <trkpt lat="44.13861" lon="5.14121">
        <ele>429.8</ele>
      </trkpt>
      <trkpt lat="44.13838" lon="5.14142">
        <ele>430.3</ele>
      </trkpt>
      <trkpt lat="44.13823" lon="5.14172">
        <ele>430.6</ele>
      </trkpt>
      <trkpt lat="44.13778" lon="5.14379">
        <ele>430.5</ele>
      </trkpt>
      <trkpt lat="44.13766" lon="5.14409">
        <ele>430.9</ele>
      </trkpt>
      <trkpt lat="44.13743" lon="5.14426">
        <ele>431.4</ele>
      </trkpt>
      <trkpt lat="44.13639" lon="5.14456">
        <ele>433.6</ele>
      </trkpt>
      <trkpt lat="44.13523" lon="5.14527">
        <ele>434.0</ele>
      </trkpt>
      <trkpt lat="44.13502" lon="5.14558">
        <ele>433.6</ele>
      </trkpt>
      <trkpt lat="44.13491" lon="5.14613">
        <ele>432.5</ele>
      </trkpt>
      <trkpt lat="44.13494" lon="5.14627">
        <ele>432.0</ele>
      </trkpt>
      <trkpt lat="44.13506" lon="5.1464">
        <ele>431.7</ele>
      </trkpt>
      <trkpt lat="44.13562" lon="5.14645">
        <ele>427.9</ele>
      </trkpt>
      <trkpt lat="44.13613" lon="5.14675">
        <ele>424.0</ele>
      </trkpt>
      <trkpt lat="44.13654" lon="5.14679">
        <ele>420.9</ele>
      </trkpt>
      <trkpt lat="44.13677" lon="5.14689">
        <ele>419.5</ele>
      </trkpt>
      <trkpt lat="44.13689" lon="5.14714">
        <ele>418.2</ele>
      </trkpt>
      <trkpt lat="44.13708" lon="5.14778">
        <ele>414.6</ele>
      </trkpt>
      <trkpt lat="44.13735" lon="5.14828">
        <ele>411.4</ele>
      </trkpt>
      <trkpt lat="44.1376" lon="5.14861">
        <ele>408.9</ele>
      </trkpt>
      <trkpt lat="44.1387" lon="5.14974">
        <ele>399.9</ele>
      </trkpt>
      <trkpt lat="44.13977" lon="5.15162">
        <ele>390.5</ele>
      </trkpt>
      <trkpt lat="44.14005" lon="5.15194">
        <ele>388.6</ele>
      </trkpt>
      <trkpt lat="44.14065" lon="5.15243">
        <ele>384.9</ele>
      </trkpt>
      <trkpt lat="44.14079" lon="5.15268">
        <ele>383.7</ele>
      </trkpt>
      <trkpt lat="44.14088" lon="5.15323">
        <ele>381.2</ele>
      </trkpt>
      <trkpt lat="44.14068" lon="5.15407">
        <ele>377.9</ele>
      </trkpt>
      <trkpt lat="44.14079" lon="5.15508">
        <ele>373.1</ele>
      </trkpt>
      <trkpt lat="44.14097" lon="5.15541">
        <ele>371.4</ele>
      </trkpt>
      <trkpt lat="44.14123" lon="5.1556">
        <ele>369.5</ele>
      </trkpt>
      <trkpt lat="44.14153" lon="5.15595">
        <ele>367.3</ele>
      </trkpt>
      <trkpt lat="44.14185" lon="5.15642">
        <ele>365.3</ele>
      </trkpt>
      <trkpt lat="44.14189" lon="5.15657">
        <ele>365.0</ele>
      </trkpt>
      <trkpt lat="44.14186" lon="5.15671">
        <ele>364.5</ele>
      </trkpt>
      <trkpt lat="44.14129" lon="5.15784">
        <ele>357.3</ele>
      </trkpt>
      <trkpt lat="44.14127" lon="5.15836">
        <ele>355.3</ele>
      </trkpt>
      <trkpt lat="44.14133" lon="5.15904">
        <ele>354.5</ele>
      </trkpt>
      <trkpt lat="44.1413" lon="5.15982">
        <ele>355.5</ele>
      </trkpt>
      <trkpt lat="44.1412" lon="5.16027">
        <ele>357.0</ele>
      </trkpt>
      <trkpt lat="44.14077" lon="5.16139">
        <ele>363.9</ele>
      </trkpt>
      <trkpt lat="44.1407" lon="5.16175">
        <ele>366.2</ele>
      </trkpt>
      <trkpt lat="44.14064" lon="5.16275">
        <ele>368.3</ele>
      </trkpt>
      <trkpt lat="44.14035" lon="5.1635">
        <ele>364.9</ele>
      </trkpt>
      <trkpt lat="44.13997" lon="5.16418">
        <ele>359.5</ele>
      </trkpt>
      <trkpt lat="44.13973" lon="5.16448">
        <ele>357.4</ele>
      </trkpt>
      <trkpt lat="44.1394" lon="5.16477">
        <ele>354.6</ele>
      </trkpt>
      <trkpt lat="44.13886" lon="5.16504">
        <ele>351.6</ele>
      </trkpt>
      <trkpt lat="44.13744" lon="5.16546">
        <ele>349.9</ele>
      </trkpt>
      <trkpt lat="44.1369" lon="5.16583">
        <ele>350.9</ele>
      </trkpt>
      <trkpt lat="44.13449" lon="5.16714">
        <ele>358.7</ele>
      </trkpt>
      <trkpt lat="44.13398" lon="5.16756">
        <ele>356.6</ele>
      </trkpt>
      <trkpt lat="44.13353" lon="5.16826">
        <ele>353.3</ele>
      </trkpt>
      <trkpt lat="44.13256" lon="5.17007">
        <ele>350.1</ele>
      </trkpt>
      <trkpt lat="44.1306" lon="5.17251">
        <ele>343.2</ele>
      </trkpt>
      <trkpt lat="44.13048" lon="5.17273">
        <ele>343.0</ele>
      </trkpt>
      <trkpt lat="44.13035" lon="5.17313">
        <ele>342.5</ele>
      </trkpt>
      <trkpt lat="44.12992" lon="5.17562">
        <ele>335.2</ele>
      </trkpt>
      <trkpt lat="44.12982" lon="5.17593">
        <ele>334.8</ele>
      </trkpt>
      <trkpt lat="44.12957" lon="5.17641">
        <ele>333.7</ele>
      </trkpt>
      <trkpt lat="44.12935" lon="5.17668">
        <ele>333.1</ele>
      </trkpt>
      <trkpt lat="44.1285" lon="5.17747">
        <ele>330.2</ele>
      </trkpt>
      <trkpt lat="44.12803" lon="5.1778">
        <ele>329.0</ele>
      </trkpt>
      <trkpt lat="44.12568" lon="5.17978">
        <ele>316.9</ele>
      </trkpt>
      <trkpt lat="44.12527" lon="5.18021">
        <ele>315.1</ele>
      </trkpt>
      <trkpt lat="44.12529" lon="5.18062">
        <ele>314.7</ele>
      </trkpt>
      <trkpt lat="44.12496" lon="5.1822">
        <ele>313.8</ele>
      </trkpt>
      <trkpt lat="44.12346" lon="5.18878">
        <ele>325.7</ele>
      </trkpt>
      <trkpt lat="44.12319" lon="5.18923">
        <ele>328.4</ele>
      </trkpt>
      <trkpt lat="44.12246" lon="5.18984">
        <ele>331.6</ele>
      </trkpt>
      <trkpt lat="44.12212" lon="5.19028">
        <ele>333.4</ele>
      </trkpt>
      <trkpt lat="44.12152" lon="5.19176">
        <ele>335.7</ele>
      </trkpt>
      <trkpt lat="44.12038" lon="5.19558">
        <ele>343.6</ele>
      </trkpt>
      <trkpt lat="44.11986" lon="5.19687">
        <ele>347.7</ele>
      </trkpt>
      <trkpt lat="44.11878" lon="5.19904">
        <ele>353.3</ele>
      </trkpt>
      <trkpt lat="44.11845" lon="5.20011">
        <ele>357.6</ele>
      </trkpt>
      <trkpt lat="44.11852" lon="5.20038">
        <ele>358.8</ele>
      </trkpt>
      <trkpt lat="44.1192" lon="5.20081">
        <ele>363.3</ele>
      </trkpt>
      <trkpt lat="44.11946" lon="5.20106">
        <ele>365.1</ele>
      </trkpt>
      <trkpt lat="44.11973" lon="5.20146">
        <ele>366.1</ele>
      </trkpt>
      <trkpt lat="44.11986" lon="5.20182">
        <ele>367.0</ele>
      </trkpt>
      <trkpt lat="44.12011" lon="5.20459">
        <ele>378.0</ele>
      </trkpt>
      <trkpt lat="44.12015" lon="5.20567">
        <ele>380.0</ele>
      </trkpt>
      <trkpt lat="44.11989" lon="5.20868">
        <ele>389.9</ele>
      </trkpt>
      <trkpt lat="44.11995" lon="5.20948">
        <ele>391.7</ele>
      </trkpt>
      <trkpt lat="44.12038" lon="5.21174">
        <ele>402.5</ele>
      </trkpt>
      <trkpt lat="44.12182" lon="5.21456">
        <ele>416.2</ele>
      </trkpt>
      <trkpt lat="44.12214" lon="5.21555">
        <ele>420.7</ele>
      </trkpt>
      <trkpt lat="44.12221" lon="5.2159">
        <ele>422.9</ele>
      </trkpt>
      <trkpt lat="44.12217" lon="5.21636">
        <ele>425.4</ele>
      </trkpt>
      <trkpt lat="44.12137" lon="5.21915">
        <ele>442.0</ele>
      </trkpt>
      <trkpt lat="44.12054" lon="5.22146">
        <ele>453.7</ele>
      </trkpt>
      <trkpt lat="44.12026" lon="5.22255">
        <ele>457.0</ele>
      </trkpt>
      <trkpt lat="44.12053" lon="5.22436">
        <ele>465.2</ele>
      </trkpt>
      <trkpt lat="44.12021" lon="5.22731">
        <ele>477.6</ele>
      </trkpt>
      <trkpt lat="44.12022" lon="5.22777">
        <ele>479.8</ele>
      </trkpt>
      <trkpt lat="44.12052" lon="5.22995">
        <ele>492.5</ele>
      </trkpt>
      <trkpt lat="44.1205" lon="5.23038">
        <ele>494.8</ele>
      </trkpt>
      <trkpt lat="44.12036" lon="5.23071">
        <ele>496.0</ele>
      </trkpt>
      <trkpt lat="44.11834" lon="5.23341">
        <ele>514.5</ele>
      </trkpt>
      <trkpt lat="44.11803" lon="5.23391">
        <ele>517.6</ele>
      </trkpt>
      <trkpt lat="44.11783" lon="5.23466">
        <ele>521.0</ele>
      </trkpt>
      <trkpt lat="44.11754" lon="5.23513">
        <ele>522.6</ele>
      </trkpt>
      <trkpt lat="44.11745" lon="5.23537">
        <ele>523.0</ele>
      </trkpt>
      <trkpt lat="44.11744" lon="5.23559">
        <ele>523.5</ele>
      </trkpt>
      <trkpt lat="44.11755" lon="5.23649">
        <ele>525.0</ele>
      </trkpt>
      <trkpt lat="44.11752" lon="5.23693">
        <ele>525.6</ele>
      </trkpt>
      <trkpt lat="44.11732" lon="5.23811">
        <ele>530.0</ele>
      </trkpt>
      <trkpt lat="44.11721" lon="5.23838">
        <ele>531.2</ele>
      </trkpt>
      <trkpt lat="44.11701" lon="5.23868">
        <ele>532.1</ele>
      </trkpt>
      <trkpt lat="44.11597" lon="5.24">
        <ele>534.2</ele>
      </trkpt>
      <trkpt lat="44.11568" lon="5.2402">
        <ele>534.0</ele>
      </trkpt>
      <trkpt lat="44.11492" lon="5.24029">
        <ele>535.1</ele>
      </trkpt>
      <trkpt lat="44.1141" lon="5.23975">
        <ele>537.7</ele>
      </trkpt>
      <trkpt lat="44.11363" lon="5.23967">
        <ele>540.7</ele>
      </trkpt>
      <trkpt lat="44.11351" lon="5.23975">
        <ele>541.9</ele>
      </trkpt>
      <trkpt lat="44.1135" lon="5.23984">
        <ele>542.4</ele>
      </trkpt>
      <trkpt lat="44.11355" lon="5.23992">
        <ele>543.2</ele>
      </trkpt>
      <trkpt lat="44.11408" lon="5.24026">
        <ele>549.0</ele>
      </trkpt>
      <trkpt lat="44.11498" lon="5.24152">
        <ele>560.3</ele>
      </trkpt>
      <trkpt lat="44.11583" lon="5.24218">
        <ele>569.5</ele>
      </trkpt>
      <trkpt lat="44.11611" lon="5.24252">
        <ele>574.6</ele>
      </trkpt>
      <trkpt lat="44.11614" lon="5.24266">
        <ele>575.5</ele>
      </trkpt>
      <trkpt lat="44.11611" lon="5.24278">
        <ele>575.7</ele>
      </trkpt>
      <trkpt lat="44.11554" lon="5.24373">
        <ele>586.1</ele>
      </trkpt>
      <trkpt lat="44.11545" lon="5.24396">
        <ele>588.0</ele>
      </trkpt>
      <trkpt lat="44.11547" lon="5.24425">
        <ele>590.1</ele>
      </trkpt>
      <trkpt lat="44.11569" lon="5.24459">
        <ele>594.1</ele>
      </trkpt>
      <trkpt lat="44.11769" lon="5.2469">
        <ele>619.1</ele>
      </trkpt>
      <trkpt lat="44.11839" lon="5.24743">
        <ele>627.7</ele>
      </trkpt>
      <trkpt lat="44.11884" lon="5.2479">
        <ele>634.8</ele>
      </trkpt>
      <trkpt lat="44.11941" lon="5.24808">
        <ele>641.5</ele>
      </trkpt>
      <trkpt lat="44.11989" lon="5.24847">
        <ele>647.8</ele>
      </trkpt>
      <trkpt lat="44.12016" lon="5.2486">
        <ele>652.0</ele>
      </trkpt>
      <trkpt lat="44.12052" lon="5.24862">
        <ele>655.5</ele>
      </trkpt>
      <trkpt lat="44.12074" lon="5.24873">
        <ele>658.3</ele>
      </trkpt>
      <trkpt lat="44.12103" lon="5.24878">
        <ele>661.7</ele>
      </trkpt>
      <trkpt lat="44.12117" lon="5.2489">
        <ele>662.9</ele>
      </trkpt>
      <trkpt lat="44.12132" lon="5.24928">
        <ele>667.8</ele>
      </trkpt>
      <trkpt lat="44.12142" lon="5.24938">
        <ele>668.3</ele>
      </trkpt>
      <trkpt lat="44.12191" lon="5.24915">
        <ele>675.0</ele>
      </trkpt>
      <trkpt lat="44.12216" lon="5.2492">
        <ele>677.0</ele>
      </trkpt>
      <trkpt lat="44.12433" lon="5.25283">
        <ele>709.3</ele>
      </trkpt>
      <trkpt lat="44.12466" lon="5.25347">
        <ele>714.8</ele>
      </trkpt>
      <trkpt lat="44.1247" lon="5.25388">
        <ele>717.7</ele>
      </trkpt>
      <trkpt lat="44.12464" lon="5.25527">
        <ele>729.5</ele>
      </trkpt>
      <trkpt lat="44.12471" lon="5.25581">
        <ele>734.3</ele>
      </trkpt>
      <trkpt lat="44.1251" lon="5.25749">
        <ele>748.1</ele>
      </trkpt>
      <trkpt lat="44.12514" lon="5.25784">
        <ele>751.8</ele>
      </trkpt>
      <trkpt lat="44.12508" lon="5.25816">
        <ele>754.6</ele>
      </trkpt>
      <trkpt lat="44.12446" lon="5.25905">
        <ele>763.3</ele>
      </trkpt>
      <trkpt lat="44.12435" lon="5.25939">
        <ele>766.7</ele>
      </trkpt>
      <trkpt lat="44.12429" lon="5.26046">
        <ele>776.9</ele>
      </trkpt>
      <trkpt lat="44.12431" lon="5.2607">
        <ele>778.1</ele>
      </trkpt>
      <trkpt lat="44.12455" lon="5.26149">
        <ele>786.3</ele>
      </trkpt>
      <trkpt lat="44.12456" lon="5.26186">
        <ele>789.4</ele>
      </trkpt>
      <trkpt lat="44.12436" lon="5.26279">
        <ele>797.3</ele>
      </trkpt>
      <trkpt lat="44.12421" lon="5.26386">
        <ele>807.6</ele>
      </trkpt>
      <trkpt lat="44.12397" lon="5.26456">
        <ele>814.5</ele>
      </trkpt>
      <trkpt lat="44.12395" lon="5.26476">
        <ele>815.2</ele>
      </trkpt>
      <trkpt lat="44.12402" lon="5.26509">
        <ele>817.9</ele>
      </trkpt>
      <trkpt lat="44.12428" lon="5.26574">
        <ele>825.9</ele>
      </trkpt>
      <trkpt lat="44.1248" lon="5.26645">
        <ele>835.1</ele>
      </trkpt>
      <trkpt lat="44.1253" lon="5.26776">
        <ele>847.9</ele>
      </trkpt>
      <trkpt lat="44.12571" lon="5.26848">
        <ele>856.8</ele>
      </trkpt>
      <trkpt lat="44.12609" lon="5.26963">
        <ele>869.2</ele>
      </trkpt>
      <trkpt lat="44.12621" lon="5.27026">
        <ele>873.4</ele>
      </trkpt>
      <trkpt lat="44.12647" lon="5.27101">
        <ele>878.5</ele>
      </trkpt>
      <trkpt lat="44.12655" lon="5.27137">
        <ele>881.3</ele>
      </trkpt>
      <trkpt lat="44.12665" lon="5.27304">
        <ele>892.9</ele>
      </trkpt>
      <trkpt lat="44.12662" lon="5.27345">
        <ele>896.2</ele>
      </trkpt>
      <trkpt lat="44.12577" lon="5.27565">
        <ele>914.6</ele>
      </trkpt>
      <trkpt lat="44.12571" lon="5.27609">
        <ele>917.2</ele>
      </trkpt>
      <trkpt lat="44.12612" lon="5.27806">
        <ele>932.2</ele>
      </trkpt>
      <trkpt lat="44.12622" lon="5.27829">
        <ele>934.1</ele>
      </trkpt>
      <trkpt lat="44.12648" lon="5.27861">
        <ele>936.8</ele>
      </trkpt>
      <trkpt lat="44.12653" lon="5.27876">
        <ele>938.5</ele>
      </trkpt>
      <trkpt lat="44.1266" lon="5.28045">
        <ele>948.6</ele>
      </trkpt>
      <trkpt lat="44.12702" lon="5.28178">
        <ele>958.8</ele>
      </trkpt>
      <trkpt lat="44.12705" lon="5.28199">
        <ele>960.3</ele>
      </trkpt>
      <trkpt lat="44.12694" lon="5.28336">
        <ele>971.0</ele>
      </trkpt>
      <trkpt lat="44.12708" lon="5.28362">
        <ele>974.6</ele>
      </trkpt>
      <trkpt lat="44.12733" lon="5.28376">
        <ele>977.8</ele>
      </trkpt>
      <trkpt lat="44.12794" lon="5.28365">
        <ele>985.3</ele>
      </trkpt>
      <trkpt lat="44.12837" lon="5.28374">
        <ele>990.0</ele>
      </trkpt>
      <trkpt lat="44.12868" lon="5.28373">
        <ele>993.6</ele>
      </trkpt>
      <trkpt lat="44.12875" lon="5.2838">
        <ele>994.2</ele>
      </trkpt>
      <trkpt lat="44.12873" lon="5.28394">
        <ele>994.9</ele>
      </trkpt>
      <trkpt lat="44.12848" lon="5.28412">
        <ele>997.4</ele>
      </trkpt>
      <trkpt lat="44.12846" lon="5.28434">
        <ele>998.4</ele>
      </trkpt>
      <trkpt lat="44.12885" lon="5.28513">
        <ele>1005.6</ele>
      </trkpt>
      <trkpt lat="44.12893" lon="5.28601">
        <ele>1012.4</ele>
      </trkpt>
      <trkpt lat="44.12898" lon="5.28619">
        <ele>1013.4</ele>
      </trkpt>
      <trkpt lat="44.1293" lon="5.28673">
        <ele>1019.2</ele>
      </trkpt>
      <trkpt lat="44.12956" lon="5.28732">
        <ele>1024.5</ele>
      </trkpt>
      <trkpt lat="44.1296" lon="5.28815">
        <ele>1031.6</ele>
      </trkpt>
      <trkpt lat="44.12975" lon="5.28835">
        <ele>1034.2</ele>
      </trkpt>
      <trkpt lat="44.13042" lon="5.28885">
        <ele>1041.6</ele>
      </trkpt>
      <trkpt lat="44.13059" lon="5.28905">
        <ele>1044.0</ele>
      </trkpt>
      <trkpt lat="44.13101" lon="5.29035">
        <ele>1056.5</ele>
      </trkpt>
      <trkpt lat="44.13157" lon="5.29133">
        <ele>1066.6</ele>
      </trkpt>
      <trkpt lat="44.13212" lon="5.29281">
        <ele>1082.3</ele>
      </trkpt>
      <trkpt lat="44.1327" lon="5.29403">
        <ele>1093.1</ele>
      </trkpt>
      <trkpt lat="44.13342" lon="5.29523">
        <ele>1103.3</ele>
      </trkpt>
      <trkpt lat="44.13443" lon="5.29744">
        <ele>1122.8</ele>
      </trkpt>
      <trkpt lat="44.13457" lon="5.29823">
        <ele>1129.0</ele>
      </trkpt>
      <trkpt lat="44.13476" lon="5.3004">
        <ele>1145.5</ele>
      </trkpt>
      <trkpt lat="44.13483" lon="5.30081">
        <ele>1148.8</ele>
      </trkpt>
      <trkpt lat="44.13504" lon="5.30132">
        <ele>1153.2</ele>
      </trkpt>
      <trkpt lat="44.1358" lon="5.3027">
        <ele>1165.8</ele>
      </trkpt>
      <trkpt lat="44.13589" lon="5.30297">
        <ele>1167.3</ele>
      </trkpt>
      <trkpt lat="44.13589" lon="5.30325">
        <ele>1169.1</ele>
      </trkpt>
      <trkpt lat="44.1356" lon="5.30467">
        <ele>1180.3</ele>
      </trkpt>
      <trkpt lat="44.13549" lon="5.30552">
        <ele>1186.0</ele>
      </trkpt>
      <trkpt lat="44.13553" lon="5.30614">
        <ele>1189.5</ele>
      </trkpt>
      <trkpt lat="44.13567" lon="5.30662">
        <ele>1192.7</ele>
      </trkpt>
      <trkpt lat="44.13609" lon="5.30737">
        <ele>1200.1</ele>
      </trkpt>
      <trkpt lat="44.1373" lon="5.30896">
        <ele>1215.6</ele>
      </trkpt>
      <trkpt lat="44.13768" lon="5.30964">
        <ele>1220.5</ele>
      </trkpt>
      <trkpt lat="44.13813" lon="5.31091">
        <ele>1230.3</ele>
      </trkpt>
      <trkpt lat="44.13816" lon="5.31111">
        <ele>1231.8</ele>
      </trkpt>
      <trkpt lat="44.13814" lon="5.31174">
        <ele>1237.3</ele>
      </trkpt>
      <trkpt lat="44.13838" lon="5.31268">
        <ele>1245.4</ele>
      </trkpt>
      <trkpt lat="44.1385" lon="5.31365">
        <ele>1253.9</ele>
      </trkpt>
      <trkpt lat="44.13892" lon="5.31466">
        <ele>1261.3</ele>
      </trkpt>
      <trkpt lat="44.13993" lon="5.31623">
        <ele>1276.9</ele>
      </trkpt>
      <trkpt lat="44.14048" lon="5.31695">
        <ele>1286.4</ele>
      </trkpt>
      <trkpt lat="44.14098" lon="5.31774">
        <ele>1295.0</ele>
      </trkpt>
      <trkpt lat="44.14165" lon="5.31843">
        <ele>1304.1</ele>
      </trkpt>
      <trkpt lat="44.14185" lon="5.31849">
        <ele>1306.1</ele>
      </trkpt>
      <trkpt lat="44.14223" lon="5.3184">
        <ele>1310.4</ele>
      </trkpt>
      <trkpt lat="44.14261" lon="5.31856">
        <ele>1314.6</ele>
      </trkpt>
      <trkpt lat="44.14277" lon="5.31856">
        <ele>1316.2</ele>
      </trkpt>
      <trkpt lat="44.1435" lon="5.31801">
        <ele>1325.1</ele>
      </trkpt>
      <trkpt lat="44.14394" lon="5.31758">
        <ele>1330.3</ele>
      </trkpt>
      <trkpt lat="44.14422" lon="5.31744">
        <ele>1333.8</ele>
      </trkpt>
      <trkpt lat="44.14471" lon="5.31742">
        <ele>1339.5</ele>
      </trkpt>
      <trkpt lat="44.14586" lon="5.3177">
        <ele>1351.9</ele>
      </trkpt>
      <trkpt lat="44.14591" lon="5.3176">
        <ele>1352.3</ele>
      </trkpt>
      <trkpt lat="44.1459" lon="5.3175">
        <ele>1352.7</ele>
      </trkpt>
      <trkpt lat="44.14552" lon="5.31681">
        <ele>1357.4</ele>
      </trkpt>
      <trkpt lat="44.14547" lon="5.31649">
        <ele>1359.1</ele>
      </trkpt>
      <trkpt lat="44.14554" lon="5.31628">
        <ele>1360.2</ele>
      </trkpt>
      <trkpt lat="44.14603" lon="5.3154">
        <ele>1363.9</ele>
      </trkpt>
      <trkpt lat="44.14617" lon="5.31527">
        <ele>1364.6</ele>
      </trkpt>
      <trkpt lat="44.14631" lon="5.31525">
        <ele>1366.4</ele>
      </trkpt>
      <trkpt lat="44.147" lon="5.31545">
        <ele>1374.2</ele>
      </trkpt>
      <trkpt lat="44.14747" lon="5.31596">
        <ele>1379.0</ele>
      </trkpt>
      <trkpt lat="44.14813" lon="5.31623">
        <ele>1386.7</ele>
      </trkpt>
      <trkpt lat="44.14999" lon="5.31744">
        <ele>1405.6</ele>
      </trkpt>
      <trkpt lat="44.15066" lon="5.31772">
        <ele>1409.8</ele>
      </trkpt>
      <trkpt lat="44.15192" lon="5.31882">
        <ele>1418.0</ele>
      </trkpt>
      <trkpt lat="44.15218" lon="5.31855">
        <ele>1420.4</ele>
      </trkpt>
      <trkpt lat="44.15222" lon="5.31839">
        <ele>1421.0</ele>
      </trkpt>
      <trkpt lat="44.1522" lon="5.31828">
        <ele>1421.6</ele>
      </trkpt>
      <trkpt lat="44.15189" lon="5.31727">
        <ele>1427.7</ele>
      </trkpt>
      <trkpt lat="44.15158" lon="5.31645">
        <ele>1432.2</ele>
      </trkpt>
      <trkpt lat="44.15123" lon="5.31514">
        <ele>1440.1</ele>
      </trkpt>
      <trkpt lat="44.15097" lon="5.31456">
        <ele>1443.5</ele>
      </trkpt>
      <trkpt lat="44.15091" lon="5.31432">
        <ele>1444.9</ele>
      </trkpt>
      <trkpt lat="44.15094" lon="5.31412">
        <ele>1446.3</ele>
      </trkpt>
      <trkpt lat="44.15126" lon="5.3137">
        <ele>1451.2</ele>
      </trkpt>
      <trkpt lat="44.1515" lon="5.31353">
        <ele>1452.5</ele>
      </trkpt>
      <trkpt lat="44.15169" lon="5.31349">
        <ele>1454.2</ele>
      </trkpt>
      <trkpt lat="44.15235" lon="5.31366">
        <ele>1461.5</ele>
      </trkpt>
      <trkpt lat="44.15258" lon="5.31382">
        <ele>1463.4</ele>
      </trkpt>
      <trkpt lat="44.15313" lon="5.31441">
        <ele>1469.7</ele>
      </trkpt>
      <trkpt lat="44.15387" lon="5.31481">
        <ele>1475.5</ele>
      </trkpt>
      <trkpt lat="44.15466" lon="5.31537">
        <ele>1482.7</ele>
      </trkpt>
      <trkpt lat="44.1549" lon="5.31546">
        <ele>1485.0</ele>
      </trkpt>
      <trkpt lat="44.15498" lon="5.31538">
        <ele>1485.4</ele>
      </trkpt>
      <trkpt lat="44.15499" lon="5.31526">
        <ele>1485.8</ele>
      </trkpt>
      <trkpt lat="44.15481" lon="5.31477">
        <ele>1488.0</ele>
      </trkpt>
      <trkpt lat="44.15478" lon="5.31436">
        <ele>1488.7</ele>
      </trkpt>
      <trkpt lat="44.15485" lon="5.31311">
        <ele>1494.0</ele>
      </trkpt>
      <trkpt lat="44.15493" lon="5.31258">
        <ele>1496.7</ele>
      </trkpt>
      <trkpt lat="44.15503" lon="5.31236">
        <ele>1498.1</ele>
      </trkpt>
      <trkpt lat="44.15515" lon="5.31224">
        <ele>1498.9</ele>
      </trkpt>
      <trkpt lat="44.15541" lon="5.31221">
        <ele>1500.8</ele>
      </trkpt>
      <trkpt lat="44.1562" lon="5.31273">
        <ele>1506.7</ele>
      </trkpt>
      <trkpt lat="44.15705" lon="5.31312">
        <ele>1510.7</ele>
      </trkpt>
      <trkpt lat="44.15751" lon="5.31344">
        <ele>1513.8</ele>
      </trkpt>
      <trkpt lat="44.15764" lon="5.31346">
        <ele>1514.4</ele>
      </trkpt>
      <trkpt lat="44.15774" lon="5.3134">
        <ele>1514.9</ele>
      </trkpt>
      <trkpt lat="44.15781" lon="5.31326">
        <ele>1515.7</ele>
      </trkpt>
      <trkpt lat="44.15783" lon="5.31309">
        <ele>1516.3</ele>
      </trkpt>
      <trkpt lat="44.15779" lon="5.31231">
        <ele>1520.4</ele>
      </trkpt>
      <trkpt lat="44.15773" lon="5.31201">
        <ele>1522.3</ele>
      </trkpt>
      <trkpt lat="44.15749" lon="5.31131">
        <ele>1527.0</ele>
      </trkpt>
      <trkpt lat="44.15742" lon="5.31072">
        <ele>1530.3</ele>
      </trkpt>
      <trkpt lat="44.15749" lon="5.30994">
        <ele>1535.5</ele>
      </trkpt>
      <trkpt lat="44.15772" lon="5.30915">
        <ele>1540.6</ele>
      </trkpt>
      <trkpt lat="44.158" lon="5.30867">
        <ele>1544.6</ele>
      </trkpt>
      <trkpt lat="44.15823" lon="5.30846">
        <ele>1546.8</ele>
      </trkpt>
      <trkpt lat="44.15861" lon="5.30823">
        <ele>1550.0</ele>
      </trkpt>
      <trkpt lat="44.15914" lon="5.30812">
        <ele>1554.3</ele>
      </trkpt>
      <trkpt lat="44.1601" lon="5.30822">
        <ele>1561.8</ele>
      </trkpt>
      <trkpt lat="44.16023" lon="5.30815">
        <ele>1563.0</ele>
      </trkpt>
      <trkpt lat="44.16028" lon="5.30801">
        <ele>1563.5</ele>
      </trkpt>
      <trkpt lat="44.16023" lon="5.30774">
        <ele>1564.3</ele>
      </trkpt>
      <trkpt lat="44.15998" lon="5.30719">
        <ele>1567.1</ele>
      </trkpt>
      <trkpt lat="44.15987" lon="5.30683">
        <ele>1568.9</ele>
      </trkpt>
      <trkpt lat="44.15964" lon="5.30568">
        <ele>1575.7</ele>
      </trkpt>
      <trkpt lat="44.15963" lon="5.3052">
        <ele>1578.5</ele>
      </trkpt>
      <trkpt lat="44.16006" lon="5.30316">
        <ele>1591.4</ele>
      </trkpt>
      <trkpt lat="44.16064" lon="5.30167">
        <ele>1601.4</ele>
      </trkpt>
      <trkpt lat="44.16107" lon="5.30111">
        <ele>1606.3</ele>
      </trkpt>
      <trkpt lat="44.16151" lon="5.3008">
        <ele>1610.9</ele>
      </trkpt>
      <trkpt lat="44.16175" lon="5.30075">
        <ele>1612.5</ele>
      </trkpt>
      <trkpt lat="44.162" lon="5.30095">
        <ele>1615.7</ele>
      </trkpt>
      <trkpt lat="44.16261" lon="5.3021">
        <ele>1626.1</ele>
      </trkpt>
      <trkpt lat="44.16291" lon="5.3025">
        <ele>1629.4</ele>
      </trkpt>
      <trkpt lat="44.16303" lon="5.30254">
        <ele>1629.7</ele>
      </trkpt>
      <trkpt lat="44.16325" lon="5.30246">
        <ele>1631.0</ele>
      </trkpt>
      <trkpt lat="44.16384" lon="5.30196">
        <ele>1633.6</ele>
      </trkpt>
      <trkpt lat="44.16398" lon="5.30171">
        <ele>1635.5</ele>
      </trkpt>
      <trkpt lat="44.16467" lon="5.2998">
        <ele>1648.7</ele>
      </trkpt>
      <trkpt lat="44.16504" lon="5.29898">
        <ele>1654.5</ele>
      </trkpt>
      <trkpt lat="44.16535" lon="5.29764">
        <ele>1663.0</ele>
      </trkpt>
      <trkpt lat="44.16552" lon="5.29718">
        <ele>1665.8</ele>
      </trkpt>
      <trkpt lat="44.16594" lon="5.29675">
        <ele>1671.3</ele>
      </trkpt>
      <trkpt lat="44.16703" lon="5.29605">
        <ele>1682.7</ele>
      </trkpt>
      <trkpt lat="44.16744" lon="5.29563">
        <ele>1687.9</ele>
      </trkpt>
      <trkpt lat="44.16763" lon="5.2953">
        <ele>1690.1</ele>
      </trkpt>
      <trkpt lat="44.16768" lon="5.29506">
        <ele>1691.6</ele>
      </trkpt>
      <trkpt lat="44.16767" lon="5.29485">
        <ele>1692.4</ele>
      </trkpt>
      <trkpt lat="44.16722" lon="5.29382">
        <ele>1697.4</ele>
      </trkpt>
      <trkpt lat="44.16709" lon="5.29342">
        <ele>1700.2</ele>
      </trkpt>
      <trkpt lat="44.16707" lon="5.29286">
        <ele>1704.1</ele>
      </trkpt>
      <trkpt lat="44.16719" lon="5.29246">
        <ele>1707.4</ele>
      </trkpt>
      <trkpt lat="44.16741" lon="5.2921">
        <ele>1710.5</ele>
      </trkpt>
      <trkpt lat="44.16758" lon="5.29194">
        <ele>1712.3</ele>
      </trkpt>
      <trkpt lat="44.1693" lon="5.29122">
        <ele>1731.1</ele>
      </trkpt>
      <trkpt lat="44.16946" lon="5.29102">
        <ele>1733.6</ele>
      </trkpt>
      <trkpt lat="44.16942" lon="5.29074">
        <ele>1735.4</ele>
      </trkpt>
      <trkpt lat="44.16885" lon="5.29009">
        <ele>1740.3</ele>
      </trkpt>
      <trkpt lat="44.16874" lon="5.2899">
        <ele>1741.2</ele>
      </trkpt>
      <trkpt lat="44.16865" lon="5.28966">
        <ele>1743.0</ele>
      </trkpt>
      <trkpt lat="44.16861" lon="5.28939">
        <ele>1744.7</ele>
      </trkpt>
      <trkpt lat="44.16865" lon="5.28868">
        <ele>1748.9</ele>
      </trkpt>
      <trkpt lat="44.16881" lon="5.28782">
        <ele>1754.7</ele>
      </trkpt>
      <trkpt lat="44.16901" lon="5.28719">
        <ele>1759.5</ele>
      </trkpt>
      <trkpt lat="44.16925" lon="5.28666">
        <ele>1763.5</ele>
      </trkpt>
      <trkpt lat="44.16972" lon="5.28596">
        <ele>1770.7</ele>
      </trkpt>
      <trkpt lat="44.17041" lon="5.28535">
        <ele>1779.9</ele>
      </trkpt>
      <trkpt lat="44.17099" lon="5.28462">
        <ele>1788.8</ele>
      </trkpt>
      <trkpt lat="44.17118" lon="5.28445">
        <ele>1791.0</ele>
      </trkpt>
      <trkpt lat="44.17162" lon="5.28428">
        <ele>1794.9</ele>
      </trkpt>
      <trkpt lat="44.17402" lon="5.28386">
        <ele>1822.8</ele>
      </trkpt>
      <trkpt lat="44.1742" lon="5.2837">
        <ele>1824.6</ele>
      </trkpt>
      <trkpt lat="44.17425" lon="5.28346">
        <ele>1826.5</ele>
      </trkpt>
      <trkpt lat="44.17422" lon="5.28307">
        <ele>1830.3</ele>
      </trkpt>
      <trkpt lat="44.17379" lon="5.28085">
        <ele>1849.1</ele>
      </trkpt>
      <trkpt lat="44.17355" lon="5.28024">
        <ele>1853.5</ele>
      </trkpt>
      <trkpt lat="44.17311" lon="5.27939">
        <ele>1861.6</ele>
      </trkpt>
      <trkpt lat="44.17299" lon="5.27903">
        <ele>1864.2</ele>
      </trkpt>
      <trkpt lat="44.17297" lon="5.27862">
        <ele>1868.0</ele>
      </trkpt>
      <trkpt lat="44.17301" lon="5.27809">
        <ele>1872.7</ele>
      </trkpt>
      <trkpt lat="44.17329" lon="5.27741">
        <ele>1876.4</ele>
      </trkpt>
      <trkpt lat="44.17338" lon="5.27708">
        <ele>1878.8</ele>
      </trkpt>
      <trkpt lat="44.1735" lon="5.27709">
        <ele>1879.7</ele>
      </trkpt>
      <trkpt lat="44.17356" lon="5.27728">
        <ele>1881.5</ele>
      </trkpt>
      <trkpt lat="44.17349" lon="5.27785">
        <ele>1887.6</ele>
      </trkpt>
      <trkpt lat="44.1734950146824" lon="5.278275">
        <ele>1890.8</ele>
      </trkpt>
    </trkseg>
  </trk>
</gpx>