<?xml version="1.0" encoding="UTF-8"?>
<gpx xmlns="http://www.topografix.com/GPX/1/1" xmlns:xsi="http://www.w3.org/2001/XMLSchema-instance" xsi:schemaLocation="http://www.topografix.com/GPX/1/1 http://www.topografix.com/GPX/1/1/gpx.xsd" version="1.1" creator="wattsfit-ingest">
  <metadata>
    <name>Tour de France Femmes avec Zwift 2026 — Stage 5</name>
  </metadata>
  <wpt lat="46.2966" lon="4.76162">
    <name>km 0</name>
    <cmt>km 0</cmt>
    <type>Generic</type>
  </wpt>
  <wpt lat="46.27899452935" lon="4.7397284">
    <name>9.6km @ 4.5%</name>
    <cmt>9.6km @ 4.5%</cmt>
    <type>Generic</type>
  </wpt>
  <wpt lat="46.269710012512" lon="4.67275">
    <name>KOM 2nd Côte de Cenves</name>
    <cmt>KOM 2nd Côte de Cenves</cmt>
    <type>2nd Category</type>
  </wpt>
  <wpt lat="46.264500026249" lon="4.58624">
    <name>2.1km @ 5.5%</name>
    <cmt>2.1km @ 5.5%</cmt>
    <type>Generic</type>
  </wpt>
  <wpt lat="46.276060028317" lon="4.57261">
    <name>KOM 2nd Col de la Croix de l&amp;apos;Orme</name>
    <cmt>KOM 2nd Col de la Croix de l&amp;apos;Orme</cmt>
    <type>2nd Category</type>
  </wpt>
  <wpt lat="46.280760030927" lon="4.5558">
    <name>2.7km @ 4.6%</name>
    <cmt>2.7km @ 4.6%</cmt>
    <type>Generic</type>
  </wpt>
  <wpt lat="46.26354003359" lon="4.54083">
    <name>KOM 4th Côte de Saint-Christophe</name>
    <cmt>KOM 4th Côte de Saint-Christophe</cmt>
    <type>4th Category</type>
  </wpt>
  <wpt lat="46.222860039426" lon="4.52087">
    <name>Sprint</name>
    <cmt>Sprint</cmt>
    <type>Sprint</type>
  </wpt>
  <wpt lat="46.214345040816" lon="4.524215">
    <name>Litter zone</name>
    <cmt>Litter zone</cmt>
    <type>Generic</type>
  </wpt>
  <wpt lat="46.212895041124" lon="4.527565">
    <name>Litter zone end</name>
    <cmt>Litter zone end</cmt>
    <type>Generic</type>
  </wpt>
  <wpt lat="46.212895041124" lon="4.527565">
    <name>Feed</name>
    <cmt>Feed</cmt>
    <type>Food</type>
  </wpt>
  <wpt lat="46.207909541921" lon="4.5345491">
    <name>Feed end</name>
    <cmt>Feed end</cmt>
    <type>Generic</type>
  </wpt>
  <wpt lat="46.230750050395" lon="4.596">
    <name>3.6km @ 5.8%</name>
    <cmt>3.6km @ 5.8%</cmt>
    <type>Generic</type>
  </wpt>
  <wpt lat="46.239690054031" lon="4.62239">
    <name>KOM 3rd Col de Fontmartin</name>
    <cmt>KOM 3rd Col de Fontmartin</cmt>
    <type>3rd Category</type>
  </wpt>
  <wpt lat="46.23699006404" lon="4.67727">
    <name>4.6km @ 6.6%</name>
    <cmt>4.6km @ 6.6%</cmt>
    <type>Generic</type>
  </wpt>
  <wpt lat="46.260480068644" lon="4.66031">
    <name>KOM 2nd Col de Gerbet (D68-D137)</name>
    <cmt>KOM 2nd Col de Gerbet (D68-D137)</cmt>
    <type>2nd Category</type>
  </wpt>
  <wpt lat="46.249182873559" lon="4.6888041">
    <name>1.6km @ 6.4%</name>
    <cmt>1.6km @ 6.4%</cmt>
    <type>Generic</type>
  </wpt>
  <wpt lat="46.257230075119" lon="4.69677">
    <name>KOM 4th Côte de Pruzilly</name>
    <cmt>KOM 4th Côte de Pruzilly</cmt>
    <type>4th Category</type>
  </wpt>
  <wpt lat="46.1798700100701" lon="4.69292">
    <name>Litter zone</name>
    <cmt>Litter zone</cmt>
    <type>Generic</type>
  </wpt>
  <wpt lat="46.1784600100857" lon="4.69269">
    <name>Litter zone end</name>
    <cmt>Litter zone end</cmt>
    <type>Generic</type>
  </wpt>
  <wpt lat="46.1784600100859" lon="4.69269">
    <name>Feed</name>
    <cmt>Feed</cmt>
    <type>Food</type>
  </wpt>
  <wpt lat="46.1740877101483" lon="4.6879899">
    <name>Feed end</name>
    <cmt>Feed end</cmt>
    <type>Generic</type>
  </wpt>
  <wpt lat="46.1778300105924" lon="4.66115">
    <name>3.6km @ 5.6%</name>
    <cmt>3.6km @ 5.6%</cmt>
    <type>Generic</type>
  </wpt>
  <wpt lat="46.1924700109536" lon="4.64839">
    <name>KOM 3rd Col de Durbize (D86-D26)</name>
    <cmt>KOM 3rd Col de Durbize (D86-D26)</cmt>
    <type>3rd Category</type>
  </wpt>
  <wpt lat="46.118770012389" lon="4.6543">
    <name>Litter zone</name>
    <cmt>Litter zone</cmt>
    <type>Generic</type>
  </wpt>
  <wpt lat="46.1189900124254" lon="4.65901">
    <name>Litter zone end</name>
    <cmt>Litter zone end</cmt>
    <type>Generic</type>
  </wpt>
  <wpt lat="46.1141500126259" lon="4.671015">
    <name>3.0km @ 7.8%</name>
    <cmt>3.0km @ 7.8%</cmt>
    <type>Generic</type>
  </wpt>
  <wpt lat="46.107440012927" lon="4.65509">
    <name>KOM 2nd Mont Brouilly</name>
    <cmt>KOM 2nd Mont Brouilly</cmt>
    <type>2nd Category</type>
  </wpt>
  <wpt lat="46.1153324139833" lon="4.7356729">
    <name>End VeloViewer</name>
    <cmt>End VeloViewer</cmt>
    <type>Sprint</type>
  </wpt>
  <trk>
    <name>Tour de France Femmes avec Zwift 2026 — Stage 5</name>
    <trkseg>
      <trkpt lat="46.30285" lon="4.83272">
        <ele>175.3</ele>
      </trkpt>
      <trkpt lat="46.30353" lon="4.83374">
        <ele>175.5</ele>
      </trkpt>
      <trkpt lat="46.30425" lon="4.83465">
        <ele>175.5</ele>
      </trkpt>
      <trkpt lat="46.3048" lon="4.8336">
        <ele>176.7</ele>
      </trkpt>
      <trkpt lat="46.30538" lon="4.83228">
        <ele>181.3</ele>
      </trkpt>
      <trkpt lat="46.30577" lon="4.83195">
        <ele>183.0</ele>
      </trkpt>
      <trkpt lat="46.3062" lon="4.82998">
        <ele>188.2</ele>
      </trkpt>
      <trkpt lat="46.3061" lon="4.82975">
        <ele>188.9</ele>
      </trkpt>
      <trkpt lat="46.30611" lon="4.82936">
        <ele>190.1</ele>
      </trkpt>
      <trkpt lat="46.30617" lon="4.82922">
        <ele>190.9</ele>
      </trkpt>
      <trkpt lat="46.30632" lon="4.82911">
        <ele>191.3</ele>
      </trkpt>
      <trkpt lat="46.30637" lon="4.82896">
        <ele>191.7</ele>
      </trkpt>
      <trkpt lat="46.30697" lon="4.82597">
        <ele>199.0</ele>
      </trkpt>
      <trkpt lat="46.30753" lon="4.82393">
        <ele>203.5</ele>
      </trkpt>
      <trkpt lat="46.30757" lon="4.82033">
        <ele>211.9</ele>
      </trkpt>
      <trkpt lat="46.30246" lon="4.81987">
        <ele>203.5</ele>
      </trkpt>
      <trkpt lat="46.3020162" lon="4.8197266">
        <ele>201.2</ele>
      </trkpt>
      <trkpt lat="46.3015" lon="4.81911">
        <ele>198.5</ele>
      </trkpt>
      <trkpt lat="46.30085" lon="4.81734">
        <ele>191.8</ele>
      </trkpt>
      <trkpt lat="46.30035" lon="4.81641">
        <ele>186.3</ele>
      </trkpt>
      <trkpt lat="46.30019" lon="4.81627">
        <ele>185.6</ele>
      </trkpt>
      <trkpt lat="46.30029" lon="4.81408">
        <ele>190.8</ele>
      </trkpt>
      <trkpt lat="46.30046" lon="4.81342">
        <ele>192.7</ele>
      </trkpt>
      <trkpt lat="46.30226" lon="4.80979">
        <ele>195.8</ele>
      </trkpt>
      <trkpt lat="46.30453" lon="4.80311">
        <ele>207.1</ele>
      </trkpt>
      <trkpt lat="46.30476" lon="4.802695">
        <ele>208.1</ele>
      </trkpt>
      <trkpt lat="46.30507" lon="4.80263">
        <ele>208.8</ele>
      </trkpt>
      <trkpt lat="46.30515" lon="4.80241">
        <ele>209.0</ele>
      </trkpt>
      <trkpt lat="46.30509" lon="4.80222">
        <ele>209.2</ele>
      </trkpt>
      <trkpt lat="46.30501" lon="4.80215">
        <ele>209.2</ele>
      </trkpt>
      <trkpt lat="46.30483" lon="4.80222">
        <ele>209.2</ele>
      </trkpt>
      <trkpt lat="46.3045" lon="4.801595">
        <ele>209.8</ele>
      </trkpt>
      <trkpt lat="46.3042701" lon="4.8010378">
        <ele>212.4</ele>
      </trkpt>
      <trkpt lat="46.30394" lon="4.79901">
        <ele>215.2</ele>
      </trkpt>
      <trkpt lat="46.30293" lon="4.79629">
        <ele>218.0</ele>
      </trkpt>
      <trkpt lat="46.30271" lon="4.79556">
        <ele>218.6</ele>
      </trkpt>
      <trkpt lat="46.30265" lon="4.79519">
        <ele>218.9</ele>
      </trkpt>
      <trkpt lat="46.30275" lon="4.79498">
        <ele>219.0</ele>
      </trkpt>
      <trkpt lat="46.30274" lon="4.79485">
        <ele>219.1</ele>
      </trkpt>
      <trkpt lat="46.30269" lon="4.79474">
        <ele>219.3</ele>
      </trkpt>
      <trkpt lat="46.3025" lon="4.79469">
        <ele>219.4</ele>
      </trkpt>
      <trkpt lat="46.30192" lon="4.79227">
        <ele>222.1</ele>
      </trkpt>
      <trkpt lat="46.30084" lon="4.78968">
        <ele>226.3</ele>
      </trkpt>
      <trkpt lat="46.30042" lon="4.78827">
        <ele>226.9</ele>
      </trkpt>
      <trkpt lat="46.29995" lon="4.78616">
        <ele>225.3</ele>
      </trkpt>
      <trkpt lat="46.2996" lon="4.78231">
        <ele>220.0</ele>
      </trkpt>
      <trkpt lat="46.2989" lon="4.7773">
        <ele>196.9</ele>
      </trkpt>
      <trkpt lat="46.29884" lon="4.77448">
        <ele>190.2</ele>
      </trkpt>
      <trkpt lat="46.29861" lon="4.77251">
        <ele>188.9</ele>
      </trkpt>
      <trkpt lat="46.29861" lon="4.77214">
        <ele>188.7</ele>
      </trkpt>
      <trkpt lat="46.29873" lon="4.7715">
        <ele>188.6</ele>
      </trkpt>
      <trkpt lat="46.29949" lon="4.7699">
        <ele>189.8</ele>
      </trkpt>
      <trkpt lat="46.29963" lon="4.76937">
        <ele>191.5</ele>
      </trkpt>
      <trkpt lat="46.29967" lon="4.76902">
        <ele>193.1</ele>
      </trkpt>
      <trkpt lat="46.29965" lon="4.76836">
        <ele>194.7</ele>
      </trkpt>
      <trkpt lat="46.29915" lon="4.76582">
        <ele>194.6</ele>
      </trkpt>
      <trkpt lat="46.29844" lon="4.76422">
        <ele>195.9</ele>
      </trkpt>
      <trkpt lat="46.29772" lon="4.76474">
        <ele>195.6</ele>
      </trkpt>
      <trkpt lat="46.29743" lon="4.76502">
        <ele>194.6</ele>
      </trkpt>
      <trkpt lat="46.29726" lon="4.76474">
        <ele>194.0</ele>
      </trkpt>
      <trkpt lat="46.29713" lon="4.76434">
        <ele>193.6</ele>
      </trkpt>
      <trkpt lat="46.29698" lon="4.76305">
        <ele>196.4</ele>
      </trkpt>
      <trkpt lat="46.2966" lon="4.76162">
        <ele>202.5</ele>
      </trkpt>
      <trkpt lat="46.29619" lon="4.76077">
        <ele>206.4</ele>
      </trkpt>
      <trkpt lat="46.29571" lon="4.76004">
        <ele>209.9</ele>
      </trkpt>
      <trkpt lat="46.29404" lon="4.7587">
        <ele>218.8</ele>
      </trkpt>
      <trkpt lat="46.29306" lon="4.75822">
        <ele>222.3</ele>
      </trkpt>
      <trkpt lat="46.29206" lon="4.75752">
        <ele>224.3</ele>
      </trkpt>
      <trkpt lat="46.29096" lon="4.75632">
        <ele>226.6</ele>
      </trkpt>
      <trkpt lat="46.2901" lon="4.75551">
        <ele>228.3</ele>
      </trkpt>
      <trkpt lat="46.28967" lon="4.75499">
        <ele>229.3</ele>
      </trkpt>
      <trkpt lat="46.28819" lon="4.75281">
        <ele>234.6</ele>
      </trkpt>
      <trkpt lat="46.2876882" lon="4.7518069">
        <ele>236.8</ele>
      </trkpt>
      <trkpt lat="46.28738" lon="4.75138">
        <ele>237.6</ele>
      </trkpt>
      <trkpt lat="46.28581" lon="4.75023">
        <ele>239.3</ele>
      </trkpt>
      <trkpt lat="46.28531" lon="4.74996">
        <ele>237.5</ele>
      </trkpt>
      <trkpt lat="46.28428" lon="4.74953">
        <ele>237.6</ele>
      </trkpt>
      <trkpt lat="46.28367" lon="4.74908">
        <ele>237.2</ele>
      </trkpt>
      <trkpt lat="46.28134" lon="4.74706">
        <ele>238.7</ele>
      </trkpt>
      <trkpt lat="46.28092" lon="4.7465">
        <ele>241.2</ele>
      </trkpt>
      <trkpt lat="46.28048" lon="4.74561">
        <ele>242.6</ele>
      </trkpt>
      <trkpt lat="46.28017" lon="4.74531">
        <ele>242.1</ele>
      </trkpt>
      <trkpt lat="46.27983" lon="4.74516">
        <ele>241.7</ele>
      </trkpt>
      <trkpt lat="46.27951" lon="4.74488">
        <ele>241.9</ele>
      </trkpt>
      <trkpt lat="46.27998" lon="4.74391">
        <ele>243.6</ele>
      </trkpt>
      <trkpt lat="46.28033" lon="4.74224">
        <ele>249.0</ele>
      </trkpt>
      <trkpt lat="46.28043" lon="4.74208">
        <ele>249.8</ele>
      </trkpt>
      <trkpt lat="46.28106" lon="4.74152">
        <ele>256.6</ele>
      </trkpt>
      <trkpt lat="46.28109" lon="4.7414">
        <ele>257.1</ele>
      </trkpt>
      <trkpt lat="46.2810375" lon="4.74133">
        <ele>257.1</ele>
      </trkpt>
      <trkpt lat="46.27939" lon="4.7403">
        <ele>262.8</ele>
      </trkpt>
      <trkpt lat="46.2791" lon="4.73995">
        <ele>263.2</ele>
      </trkpt>
      <trkpt lat="46.27875" lon="4.73919">
        <ele>265.1</ele>
      </trkpt>
      <trkpt lat="46.2785947" lon="4.7389627">
        <ele>266.3</ele>
      </trkpt>
      <trkpt lat="46.27838" lon="4.73878">
        <ele>267.4</ele>
      </trkpt>
      <trkpt lat="46.27822" lon="4.73872">
        <ele>268.8</ele>
      </trkpt>
      <trkpt lat="46.27805" lon="4.73874">
        <ele>269.8</ele>
      </trkpt>
      <trkpt lat="46.27794" lon="4.73882">
        <ele>270.7</ele>
      </trkpt>
      <trkpt lat="46.2778" lon="4.73904">
        <ele>272.6</ele>
      </trkpt>
      <trkpt lat="46.27751" lon="4.73991">
        <ele>277.0</ele>
      </trkpt>
      <trkpt lat="46.27737" lon="4.74083">
        <ele>281.7</ele>
      </trkpt>
      <trkpt lat="46.2773" lon="4.74166">
        <ele>286.2</ele>
      </trkpt>
      <trkpt lat="46.2773" lon="4.74208">
        <ele>288.3</ele>
      </trkpt>
      <trkpt lat="46.27738" lon="4.74241">
        <ele>289.9</ele>
      </trkpt>
      <trkpt lat="46.27737" lon="4.74254">
        <ele>290.9</ele>
      </trkpt>
      <trkpt lat="46.27729" lon="4.74257">
        <ele>291.2</ele>
      </trkpt>
      <trkpt lat="46.27713" lon="4.74165">
        <ele>295.6</ele>
      </trkpt>
      <trkpt lat="46.27683" lon="4.74048">
        <ele>301.6</ele>
      </trkpt>
      <trkpt lat="46.27659" lon="4.73976">
        <ele>305.2</ele>
      </trkpt>
      <trkpt lat="46.2764947" lon="4.7392476">
        <ele>308.1</ele>
      </trkpt>
      <trkpt lat="46.27619" lon="4.73673">
        <ele>321.5</ele>
      </trkpt>
      <trkpt lat="46.27621" lon="4.73488">
        <ele>330.8</ele>
      </trkpt>
      <trkpt lat="46.27627" lon="4.73472">
        <ele>331.1</ele>
      </trkpt>
      <trkpt lat="46.27658" lon="4.73446">
        <ele>333.9</ele>
      </trkpt>
      <trkpt lat="46.27689" lon="4.73407">
        <ele>336.7</ele>
      </trkpt>
      <trkpt lat="46.27702" lon="4.73402">
        <ele>337.3</ele>
      </trkpt>
      <trkpt lat="46.27744" lon="4.73404">
        <ele>340.1</ele>
      </trkpt>
      <trkpt lat="46.27886" lon="4.73349">
        <ele>349.9</ele>
      </trkpt>
      <trkpt lat="46.27902" lon="4.73339">
        <ele>350.6</ele>
      </trkpt>
      <trkpt lat="46.27909" lon="4.73328">
        <ele>351.2</ele>
      </trkpt>
      <trkpt lat="46.2791" lon="4.73315">
        <ele>352.1</ele>
      </trkpt>
      <trkpt lat="46.27895" lon="4.73297">
        <ele>353.3</ele>
      </trkpt>
      <trkpt lat="46.2768875" lon="4.7321283">
        <ele>366.2</ele>
      </trkpt>
      <trkpt lat="46.27385" lon="4.73111">
        <ele>386.8</ele>
      </trkpt>
      <trkpt lat="46.27368" lon="4.73096">
        <ele>386.0</ele>
      </trkpt>
      <trkpt lat="46.2736" lon="4.73074">
        <ele>385.2</ele>
      </trkpt>
      <trkpt lat="46.27359" lon="4.73059">
        <ele>384.6</ele>
      </trkpt>
      <trkpt lat="46.2736443" lon="4.7303778">
        <ele>383.4</ele>
      </trkpt>
      <trkpt lat="46.2743753" lon="4.7290322">
        <ele>375.1</ele>
      </trkpt>
      <trkpt lat="46.27621" lon="4.72667">
        <ele>360.2</ele>
      </trkpt>
      <trkpt lat="46.27681" lon="4.72606">
        <ele>356.5</ele>
      </trkpt>
      <trkpt lat="46.27696" lon="4.72583">
        <ele>355.4</ele>
      </trkpt>
      <trkpt lat="46.27697" lon="4.72568">
        <ele>355.4</ele>
      </trkpt>
      <trkpt lat="46.27745" lon="4.72567">
        <ele>357.1</ele>
      </trkpt>
      <trkpt lat="46.27936" lon="4.72611">
        <ele>366.9</ele>
      </trkpt>
      <trkpt lat="46.27976" lon="4.72599">
        <ele>369.3</ele>
      </trkpt>
      <trkpt lat="46.28082" lon="4.72538">
        <ele>376.0</ele>
      </trkpt>
      <trkpt lat="46.28108" lon="4.72519">
        <ele>377.4</ele>
      </trkpt>
      <trkpt lat="46.28139" lon="4.72481">
        <ele>379.9</ele>
      </trkpt>
      <trkpt lat="46.28224" lon="4.72303">
        <ele>388.1</ele>
      </trkpt>
      <trkpt lat="46.2832981" lon="4.7222187">
        <ele>394.2</ele>
      </trkpt>
      <trkpt lat="46.28406" lon="4.72109">
        <ele>399.7</ele>
      </trkpt>
      <trkpt lat="46.28435" lon="4.72034">
        <ele>403.5</ele>
      </trkpt>
      <trkpt lat="46.28534" lon="4.71653">
        <ele>418.2</ele>
      </trkpt>
      <trkpt lat="46.2855" lon="4.71532">
        <ele>423.3</ele>
      </trkpt>
      <trkpt lat="46.28558" lon="4.71504">
        <ele>424.8</ele>
      </trkpt>
      <trkpt lat="46.2858107" lon="4.7146591">
        <ele>427.0</ele>
      </trkpt>
      <trkpt lat="46.28668" lon="4.71371">
        <ele>433.6</ele>
      </trkpt>
      <trkpt lat="46.28693" lon="4.71351">
        <ele>435.2</ele>
      </trkpt>
      <trkpt lat="46.28747" lon="4.71326">
        <ele>438.3</ele>
      </trkpt>
      <trkpt lat="46.28774" lon="4.71303">
        <ele>440.1</ele>
      </trkpt>
      <trkpt lat="46.28795" lon="4.71272">
        <ele>441.7</ele>
      </trkpt>
      <trkpt lat="46.2880726" lon="4.7123946">
        <ele>443.0</ele>
      </trkpt>
      <trkpt lat="46.28814" lon="4.71207">
        <ele>444.5</ele>
      </trkpt>
      <trkpt lat="46.28812" lon="4.71157">
        <ele>446.5</ele>
      </trkpt>
      <trkpt lat="46.28794" lon="4.71094">
        <ele>448.7</ele>
      </trkpt>
      <trkpt lat="46.28752" lon="4.70991">
        <ele>452.4</ele>
      </trkpt>
      <trkpt lat="46.28744" lon="4.70952">
        <ele>453.7</ele>
      </trkpt>
      <trkpt lat="46.28745" lon="4.70895">
        <ele>455.4</ele>
      </trkpt>
      <trkpt lat="46.28768" lon="4.70718">
        <ele>462.8</ele>
      </trkpt>
      <trkpt lat="46.28896" lon="4.70259">
        <ele>485.2</ele>
      </trkpt>
      <trkpt lat="46.2891275" lon="4.7021142">
        <ele>487.9</ele>
      </trkpt>
      <trkpt lat="46.29046" lon="4.69971">
        <ele>499.6</ele>
      </trkpt>
      <trkpt lat="46.2911638" lon="4.6986358">
        <ele>504.2</ele>
      </trkpt>
      <trkpt lat="46.2914" lon="4.69843">
        <ele>505.2</ele>
      </trkpt>
      <trkpt lat="46.29191" lon="4.69815">
        <ele>506.6</ele>
      </trkpt>
      <trkpt lat="46.29208" lon="4.69785">
        <ele>508.3</ele>
      </trkpt>
      <trkpt lat="46.29214" lon="4.69733">
        <ele>510.4</ele>
      </trkpt>
      <trkpt lat="46.29201" lon="4.695895">
        <ele>516.7</ele>
      </trkpt>
      <trkpt lat="46.29203" lon="4.69477">
        <ele>521.6</ele>
      </trkpt>
      <trkpt lat="46.29193" lon="4.69478">
        <ele>522.2</ele>
      </trkpt>
      <trkpt lat="46.29182" lon="4.69488">
        <ele>522.9</ele>
      </trkpt>
      <trkpt lat="46.29145" lon="4.69563">
        <ele>528.2</ele>
      </trkpt>
      <trkpt lat="46.2912901" lon="4.6958376">
        <ele>530.1</ele>
      </trkpt>
      <trkpt lat="46.29113" lon="4.69596">
        <ele>531.9</ele>
      </trkpt>
      <trkpt lat="46.29092" lon="4.696">
        <ele>533.8</ele>
      </trkpt>
      <trkpt lat="46.29063" lon="4.69596">
        <ele>536.0</ele>
      </trkpt>
      <trkpt lat="46.29" lon="4.69572">
        <ele>540.5</ele>
      </trkpt>
      <trkpt lat="46.28909" lon="4.69574">
        <ele>547.2</ele>
      </trkpt>
      <trkpt lat="46.28815" lon="4.69554">
        <ele>554.8</ele>
      </trkpt>
      <trkpt lat="46.28738" lon="4.69505">
        <ele>560.2</ele>
      </trkpt>
      <trkpt lat="46.28624" lon="4.69459">
        <ele>569.2</ele>
      </trkpt>
      <trkpt lat="46.28556" lon="4.69442">
        <ele>574.4</ele>
      </trkpt>
      <trkpt lat="46.28521" lon="4.69419">
        <ele>577.5</ele>
      </trkpt>
      <trkpt lat="46.28416" lon="4.69388">
        <ele>586.2</ele>
      </trkpt>
      <trkpt lat="46.28392" lon="4.6937">
        <ele>588.1</ele>
      </trkpt>
      <trkpt lat="46.28354" lon="4.69312">
        <ele>591.8</ele>
      </trkpt>
      <trkpt lat="46.2834" lon="4.6926">
        <ele>595.1</ele>
      </trkpt>
      <trkpt lat="46.28331" lon="4.69203">
        <ele>598.4</ele>
      </trkpt>
      <trkpt lat="46.28335" lon="4.69165">
        <ele>600.1</ele>
      </trkpt>
      <trkpt lat="46.2838" lon="4.68979">
        <ele>610.5</ele>
      </trkpt>
      <trkpt lat="46.28378" lon="4.68939">
        <ele>612.9</ele>
      </trkpt>
      <trkpt lat="46.28368" lon="4.68895">
        <ele>614.8</ele>
      </trkpt>
      <trkpt lat="46.28316" lon="4.68795">
        <ele>622.4</ele>
      </trkpt>
      <trkpt lat="46.28242" lon="4.68716">
        <ele>629.3</ele>
      </trkpt>
      <trkpt lat="46.28227" lon="4.68689">
        <ele>631.2</ele>
      </trkpt>
      <trkpt lat="46.28212" lon="4.6865">
        <ele>632.5</ele>
      </trkpt>
      <trkpt lat="46.2818" lon="4.68533">
        <ele>635.2</ele>
      </trkpt>
      <trkpt lat="46.28165" lon="4.68504">
        <ele>636.0</ele>
      </trkpt>
      <trkpt lat="46.28123" lon="4.6845">
        <ele>639.7</ele>
      </trkpt>
      <trkpt lat="46.28103" lon="4.68432">
        <ele>641.1</ele>
      </trkpt>
      <trkpt lat="46.28079" lon="4.68422">
        <ele>642.5</ele>
      </trkpt>
      <trkpt lat="46.2803" lon="4.68433">
        <ele>645.2</ele>
      </trkpt>
      <trkpt lat="46.27993" lon="4.68434">
        <ele>647.0</ele>
      </trkpt>
      <trkpt lat="46.27974" lon="4.68429">
        <ele>648.6</ele>
      </trkpt>
      <trkpt lat="46.27947" lon="4.68409">
        <ele>650.2</ele>
      </trkpt>
      <trkpt lat="46.2793583" lon="4.68372">
        <ele>651.6</ele>
      </trkpt>
      <trkpt lat="46.27932" lon="4.68219">
        <ele>657.5</ele>
      </trkpt>
      <trkpt lat="46.27927" lon="4.68174">
        <ele>659.3</ele>
      </trkpt>
      <trkpt lat="46.27887" lon="4.68086">
        <ele>663.8</ele>
      </trkpt>
      <trkpt lat="46.27842" lon="4.6804">
        <ele>667.0</ele>
      </trkpt>
      <trkpt lat="46.277695" lon="4.68">
        <ele>671.1</ele>
      </trkpt>
      <trkpt lat="46.27723" lon="4.67957">
        <ele>675.2</ele>
      </trkpt>
      <trkpt lat="46.2771" lon="4.6794">
        <ele>675.8</ele>
      </trkpt>
      <trkpt lat="46.2767838" lon="4.6786277">
        <ele>679.3</ele>
      </trkpt>
      <trkpt lat="46.27656" lon="4.67841">
        <ele>680.0</ele>
      </trkpt>
      <trkpt lat="46.2764" lon="4.67832">
        <ele>680.0</ele>
      </trkpt>
      <trkpt lat="46.27568" lon="4.67843">
        <ele>679.3</ele>
      </trkpt>
      <trkpt lat="46.27532" lon="4.67839">
        <ele>678.6</ele>
      </trkpt>
      <trkpt lat="46.27508" lon="4.67829">
        <ele>678.2</ele>
      </trkpt>
      <trkpt lat="46.27478" lon="4.67803">
        <ele>677.8</ele>
      </trkpt>
      <trkpt lat="46.27466" lon="4.67778">
        <ele>677.5</ele>
      </trkpt>
      <trkpt lat="46.27446" lon="4.67693">
        <ele>676.7</ele>
      </trkpt>
      <trkpt lat="46.27394" lon="4.67528">
        <ele>674.9</ele>
      </trkpt>
      <trkpt lat="46.2736" lon="4.67484">
        <ele>674.0</ele>
      </trkpt>
      <trkpt lat="46.27288" lon="4.67491">
        <ele>677.4</ele>
      </trkpt>
      <trkpt lat="46.2727" lon="4.67487">
        <ele>678.9</ele>
      </trkpt>
      <trkpt lat="46.27124" lon="4.67354">
        <ele>688.1</ele>
      </trkpt>
      <trkpt lat="46.27" lon="4.67287">
        <ele>693.7</ele>
      </trkpt>
      <trkpt lat="46.2691183" lon="4.6725564">
        <ele>691.1</ele>
      </trkpt>
      <trkpt lat="46.267485" lon="4.67145">
        <ele>679.4</ele>
      </trkpt>
      <trkpt lat="46.26629" lon="4.6712">
        <ele>670.5</ele>
      </trkpt>
      <trkpt lat="46.265998" lon="4.6710324">
        <ele>668.5</ele>
      </trkpt>
      <trkpt lat="46.26588" lon="4.67086">
        <ele>667.6</ele>
      </trkpt>
      <trkpt lat="46.26553" lon="4.66987">
        <ele>661.6</ele>
      </trkpt>
      <trkpt lat="46.26484" lon="4.66863">
        <ele>656.0</ele>
      </trkpt>
      <trkpt lat="46.26471" lon="4.66851">
        <ele>655.8</ele>
      </trkpt>
      <trkpt lat="46.26457" lon="4.66789">
        <ele>653.5</ele>
      </trkpt>
      <trkpt lat="46.26441" lon="4.66685">
        <ele>647.6</ele>
      </trkpt>
      <trkpt lat="46.26413" lon="4.66648">
        <ele>644.8</ele>
      </trkpt>
      <trkpt lat="46.26349" lon="4.66594">
        <ele>639.6</ele>
      </trkpt>
      <trkpt lat="46.26324" lon="4.66565">
        <ele>636.9</ele>
      </trkpt>
      <trkpt lat="46.26267" lon="4.66447">
        <ele>629.3</ele>
      </trkpt>
      <trkpt lat="46.26236" lon="4.66364">
        <ele>625.3</ele>
      </trkpt>
      <trkpt lat="46.26188" lon="4.66276">
        <ele>619.8</ele>
      </trkpt>
      <trkpt lat="46.26178" lon="4.66228">
        <ele>618.0</ele>
      </trkpt>
      <trkpt lat="46.26174" lon="4.66128">
        <ele>615.0</ele>
      </trkpt>
      <trkpt lat="46.26164" lon="4.66104">
        <ele>614.0</ele>
      </trkpt>
      <trkpt lat="46.26117" lon="4.66042">
        <ele>612.0</ele>
      </trkpt>
      <trkpt lat="46.2611" lon="4.66025">
        <ele>611.5</ele>
      </trkpt>
      <trkpt lat="46.26127" lon="4.66028">
        <ele>610.7</ele>
      </trkpt>
      <trkpt lat="46.26153" lon="4.66043">
        <ele>607.5</ele>
      </trkpt>
      <trkpt lat="46.26192" lon="4.66078">
        <ele>604.1</ele>
      </trkpt>
      <trkpt lat="46.26203" lon="4.66099">
        <ele>602.4</ele>
      </trkpt>
      <trkpt lat="46.26235" lon="4.66194">
        <ele>597.8</ele>
      </trkpt>
      <trkpt lat="46.26247" lon="4.66214">
        <ele>596.7</ele>
      </trkpt>
      <trkpt lat="46.26267" lon="4.66232">
        <ele>595.2</ele>
      </trkpt>
      <trkpt lat="46.26315" lon="4.66258">
        <ele>591.4</ele>
      </trkpt>
      <trkpt lat="46.26366" lon="4.66273">
        <ele>588.2</ele>
      </trkpt>
      <trkpt lat="46.26383" lon="4.66273">
        <ele>587.5</ele>
      </trkpt>
      <trkpt lat="46.26393" lon="4.66263">
        <ele>586.2</ele>
      </trkpt>
      <trkpt lat="46.26394" lon="4.66254">
        <ele>585.6</ele>
      </trkpt>
      <trkpt lat="46.26388" lon="4.66242">
        <ele>585.2</ele>
      </trkpt>
      <trkpt lat="46.26347" lon="4.66201">
        <ele>581.9</ele>
      </trkpt>
      <trkpt lat="46.2632915" lon="4.6616679">
        <ele>579.8</ele>
      </trkpt>
      <trkpt lat="46.26308" lon="4.66101">
        <ele>576.4</ele>
      </trkpt>
      <trkpt lat="46.2628622" lon="4.6600785">
        <ele>571.8</ele>
      </trkpt>
      <trkpt lat="46.26256" lon="4.65938">
        <ele>568.5</ele>
      </trkpt>
      <trkpt lat="46.2625533" lon="4.6591868">
        <ele>567.7</ele>
      </trkpt>
      <trkpt lat="46.26276" lon="4.65847">
        <ele>563.6</ele>
      </trkpt>
      <trkpt lat="46.26268" lon="4.65745">
        <ele>558.4</ele>
      </trkpt>
      <trkpt lat="46.26268" lon="4.65646">
        <ele>553.6</ele>
      </trkpt>
      <trkpt lat="46.26275" lon="4.65494">
        <ele>546.1</ele>
      </trkpt>
      <trkpt lat="46.26266" lon="4.65455">
        <ele>544.4</ele>
      </trkpt>
      <trkpt lat="46.2624283" lon="4.653945">
        <ele>540.5</ele>
      </trkpt>
      <trkpt lat="46.26243" lon="4.65368">
        <ele>539.2</ele>
      </trkpt>
      <trkpt lat="46.26256" lon="4.65283">
        <ele>534.7</ele>
      </trkpt>
      <trkpt lat="46.26252" lon="4.65203">
        <ele>531.0</ele>
      </trkpt>
      <trkpt lat="46.26244" lon="4.6517">
        <ele>529.2</ele>
      </trkpt>
      <trkpt lat="46.2619188" lon="4.6504557">
        <ele>523.2</ele>
      </trkpt>
      <trkpt lat="46.26187" lon="4.64997">
        <ele>522.1</ele>
      </trkpt>
      <trkpt lat="46.26194" lon="4.64985">
        <ele>521.9</ele>
      </trkpt>
      <trkpt lat="46.2621" lon="4.6498">
        <ele>521.7</ele>
      </trkpt>
      <trkpt lat="46.26274" lon="4.65013">
        <ele>523.9</ele>
      </trkpt>
      <trkpt lat="46.26298" lon="4.65013">
        <ele>525.7</ele>
      </trkpt>
      <trkpt lat="46.26314" lon="4.65002">
        <ele>526.4</ele>
      </trkpt>
      <trkpt lat="46.26327" lon="4.6498">
        <ele>528.2</ele>
      </trkpt>
      <trkpt lat="46.26352" lon="4.64896">
        <ele>532.0</ele>
      </trkpt>
      <trkpt lat="46.26377" lon="4.64834">
        <ele>535.2</ele>
      </trkpt>
      <trkpt lat="46.26418" lon="4.64755">
        <ele>539.3</ele>
      </trkpt>
      <trkpt lat="46.26438" lon="4.64734">
        <ele>540.8</ele>
      </trkpt>
      <trkpt lat="46.26453" lon="4.6473">
        <ele>541.6</ele>
      </trkpt>
      <trkpt lat="46.26467" lon="4.64736">
        <ele>542.4</ele>
      </trkpt>
      <trkpt lat="46.26478" lon="4.64749">
        <ele>543.7</ele>
      </trkpt>
      <trkpt lat="46.26495" lon="4.64793">
        <ele>546.0</ele>
      </trkpt>
      <trkpt lat="46.26508" lon="4.64806">
        <ele>546.8</ele>
      </trkpt>
      <trkpt lat="46.26529" lon="4.64813">
        <ele>548.4</ele>
      </trkpt>
      <trkpt lat="46.26564" lon="4.64795">
        <ele>550.8</ele>
      </trkpt>
      <trkpt lat="46.26615" lon="4.64736">
        <ele>555.6</ele>
      </trkpt>
      <trkpt lat="46.2664" lon="4.64727">
        <ele>557.4</ele>
      </trkpt>
      <trkpt lat="46.26675" lon="4.64756">
        <ele>560.6</ele>
      </trkpt>
      <trkpt lat="46.26762" lon="4.64783">
        <ele>566.3</ele>
      </trkpt>
      <trkpt lat="46.26778" lon="4.64797">
        <ele>567.8</ele>
      </trkpt>
      <trkpt lat="46.26794" lon="4.64827">
        <ele>569.1</ele>
      </trkpt>
      <trkpt lat="46.26797" lon="4.64851">
        <ele>569.8</ele>
      </trkpt>
      <trkpt lat="46.26791" lon="4.64891">
        <ele>571.9</ele>
      </trkpt>
      <trkpt lat="46.26741" lon="4.65071">
        <ele>580.1</ele>
      </trkpt>
      <trkpt lat="46.26743" lon="4.65096">
        <ele>581.4</ele>
      </trkpt>
      <trkpt lat="46.26749" lon="4.65103">
        <ele>582.2</ele>
      </trkpt>
      <trkpt lat="46.26759" lon="4.65102">
        <ele>582.6</ele>
      </trkpt>
      <trkpt lat="46.2686" lon="4.64971">
        <ele>593.8</ele>
      </trkpt>
      <trkpt lat="46.26934" lon="4.64837">
        <ele>603.7</ele>
      </trkpt>
      <trkpt lat="46.2692" lon="4.64798">
        <ele>604.4</ele>
      </trkpt>
      <trkpt lat="46.26897" lon="4.64756">
        <ele>604.7</ele>
      </trkpt>
      <trkpt lat="46.26831" lon="4.64682">
        <ele>604.7</ele>
      </trkpt>
      <trkpt lat="46.26748" lon="4.64609">
        <ele>604.2</ele>
      </trkpt>
      <trkpt lat="46.26732" lon="4.64588">
        <ele>604.1</ele>
      </trkpt>
      <trkpt lat="46.26716" lon="4.64546">
        <ele>604.0</ele>
      </trkpt>
      <trkpt lat="46.26692" lon="4.64435">
        <ele>604.0</ele>
      </trkpt>
      <trkpt lat="46.26679" lon="4.64332">
        <ele>603.8</ele>
      </trkpt>
      <trkpt lat="46.26663" lon="4.64307">
        <ele>603.9</ele>
      </trkpt>
      <trkpt lat="46.26628" lon="4.64299">
        <ele>604.3</ele>
      </trkpt>
      <trkpt lat="46.26525" lon="4.64298">
        <ele>605.6</ele>
      </trkpt>
      <trkpt lat="46.26408" lon="4.64344">
        <ele>607.5</ele>
      </trkpt>
      <trkpt lat="46.26256" lon="4.64365">
        <ele>609.7</ele>
      </trkpt>
      <trkpt lat="46.26237" lon="4.64362">
        <ele>609.7</ele>
      </trkpt>
      <trkpt lat="46.26222" lon="4.64352">
        <ele>609.7</ele>
      </trkpt>
      <trkpt lat="46.26189" lon="4.64314">
        <ele>608.8</ele>
      </trkpt>
      <trkpt lat="46.26168" lon="4.6428">
        <ele>608.4</ele>
      </trkpt>
      <trkpt lat="46.26149" lon="4.64199">
        <ele>607.5</ele>
      </trkpt>
      <trkpt lat="46.26126" lon="4.64134">
        <ele>606.7</ele>
      </trkpt>
      <trkpt lat="46.26095" lon="4.64062">
        <ele>605.7</ele>
      </trkpt>
      <trkpt lat="46.26047" lon="4.63972">
        <ele>604.6</ele>
      </trkpt>
      <trkpt lat="46.26015" lon="4.63882">
        <ele>605.8</ele>
      </trkpt>
      <trkpt lat="46.26013" lon="4.6384">
        <ele>606.3</ele>
      </trkpt>
      <trkpt lat="46.26032" lon="4.63735">
        <ele>608.6</ele>
      </trkpt>
      <trkpt lat="46.26038" lon="4.63668">
        <ele>610.4</ele>
      </trkpt>
      <trkpt lat="46.26035" lon="4.63604">
        <ele>611.8</ele>
      </trkpt>
      <trkpt lat="46.26026" lon="4.63567">
        <ele>613.1</ele>
      </trkpt>
      <trkpt lat="46.26017" lon="4.63552">
        <ele>613.8</ele>
      </trkpt>
      <trkpt lat="46.26004" lon="4.63543">
        <ele>614.4</ele>
      </trkpt>
      <trkpt lat="46.25938" lon="4.63548">
        <ele>617.0</ele>
      </trkpt>
      <trkpt lat="46.25927" lon="4.63542">
        <ele>617.6</ele>
      </trkpt>
      <trkpt lat="46.25918" lon="4.63524">
        <ele>618.0</ele>
      </trkpt>
      <trkpt lat="46.2591" lon="4.63257">
        <ele>623.9</ele>
      </trkpt>
      <trkpt lat="46.25913" lon="4.63172">
        <ele>626.3</ele>
      </trkpt>
      <trkpt lat="46.2592" lon="4.6313">
        <ele>627.7</ele>
      </trkpt>
      <trkpt lat="46.25932" lon="4.63093">
        <ele>628.5</ele>
      </trkpt>
      <trkpt lat="46.25969" lon="4.63041">
        <ele>631.1</ele>
      </trkpt>
      <trkpt lat="46.25974" lon="4.63022">
        <ele>631.2</ele>
      </trkpt>
      <trkpt lat="46.25963" lon="4.62999">
        <ele>632.1</ele>
      </trkpt>
      <trkpt lat="46.25927" lon="4.6298">
        <ele>632.9</ele>
      </trkpt>
      <trkpt lat="46.25908" lon="4.62961">
        <ele>633.6</ele>
      </trkpt>
      <trkpt lat="46.25858" lon="4.62842">
        <ele>636.5</ele>
      </trkpt>
      <trkpt lat="46.25859" lon="4.6279">
        <ele>637.6</ele>
      </trkpt>
      <trkpt lat="46.25896" lon="4.62661">
        <ele>640.9</ele>
      </trkpt>
      <trkpt lat="46.25897" lon="4.62631">
        <ele>641.8</ele>
      </trkpt>
      <trkpt lat="46.2587946" lon="4.6258813">
        <ele>643.1</ele>
      </trkpt>
      <trkpt lat="46.258258" lon="4.6250757">
        <ele>646.1</ele>
      </trkpt>
      <trkpt lat="46.25803" lon="4.62441">
        <ele>646.8</ele>
      </trkpt>
      <trkpt lat="46.25784" lon="4.62345">
        <ele>646.1</ele>
      </trkpt>
      <trkpt lat="46.25794" lon="4.62268">
        <ele>645.1</ele>
      </trkpt>
      <trkpt lat="46.25804" lon="4.6223">
        <ele>644.4</ele>
      </trkpt>
      <trkpt lat="46.25858" lon="4.62248">
        <ele>641.4</ele>
      </trkpt>
      <trkpt lat="46.25874" lon="4.62242">
        <ele>640.1</ele>
      </trkpt>
      <trkpt lat="46.25884" lon="4.6223">
        <ele>638.8</ele>
      </trkpt>
      <trkpt lat="46.25892" lon="4.62206">
        <ele>636.8</ele>
      </trkpt>
      <trkpt lat="46.25891" lon="4.62148">
        <ele>633.2</ele>
      </trkpt>
      <trkpt lat="46.25895" lon="4.62113">
        <ele>631.5</ele>
      </trkpt>
      <trkpt lat="46.25911" lon="4.62051">
        <ele>628.1</ele>
      </trkpt>
      <trkpt lat="46.25924" lon="4.62029">
        <ele>626.3</ele>
      </trkpt>
      <trkpt lat="46.25945" lon="4.62019">
        <ele>625.1</ele>
      </trkpt>
      <trkpt lat="46.25999" lon="4.62017">
        <ele>621.1</ele>
      </trkpt>
      <trkpt lat="46.26117" lon="4.61978">
        <ele>612.3</ele>
      </trkpt>
      <trkpt lat="46.26133" lon="4.61961">
        <ele>611.1</ele>
      </trkpt>
      <trkpt lat="46.26165" lon="4.61905">
        <ele>606.9</ele>
      </trkpt>
      <trkpt lat="46.26222" lon="4.61879">
        <ele>603.0</ele>
      </trkpt>
      <trkpt lat="46.2625" lon="4.61827">
        <ele>599.8</ele>
      </trkpt>
      <trkpt lat="46.26251" lon="4.61816">
        <ele>599.5</ele>
      </trkpt>
      <trkpt lat="46.26245" lon="4.61783">
        <ele>598.0</ele>
      </trkpt>
      <trkpt lat="46.26217" lon="4.61696">
        <ele>594.3</ele>
      </trkpt>
      <trkpt lat="46.262" lon="4.6166">
        <ele>593.2</ele>
      </trkpt>
      <trkpt lat="46.26177" lon="4.61627">
        <ele>591.5</ele>
      </trkpt>
      <trkpt lat="46.26061" lon="4.61495">
        <ele>584.5</ele>
      </trkpt>
      <trkpt lat="46.26029" lon="4.61472">
        <ele>583.1</ele>
      </trkpt>
      <trkpt lat="46.25963" lon="4.6145">
        <ele>580.2</ele>
      </trkpt>
      <trkpt lat="46.25944" lon="4.6143">
        <ele>579.4</ele>
      </trkpt>
      <trkpt lat="46.25918" lon="4.61335">
        <ele>577.0</ele>
      </trkpt>
      <trkpt lat="46.25918" lon="4.61305">
        <ele>576.3</ele>
      </trkpt>
      <trkpt lat="46.25937" lon="4.61251">
        <ele>574.3</ele>
      </trkpt>
      <trkpt lat="46.25941" lon="4.61207">
        <ele>572.7</ele>
      </trkpt>
      <trkpt lat="46.25944" lon="4.61099">
        <ele>569.7</ele>
      </trkpt>
      <trkpt lat="46.2593986" lon="4.6107257">
        <ele>568.6</ele>
      </trkpt>
      <trkpt lat="46.25931" lon="4.61051">
        <ele>568.0</ele>
      </trkpt>
      <trkpt lat="46.25911" lon="4.6103">
        <ele>566.9</ele>
      </trkpt>
      <trkpt lat="46.25886" lon="4.61027">
        <ele>565.8</ele>
      </trkpt>
      <trkpt lat="46.25822" lon="4.61044">
        <ele>563.1</ele>
      </trkpt>
      <trkpt lat="46.2578" lon="4.61071">
        <ele>561.4</ele>
      </trkpt>
      <trkpt lat="46.25764" lon="4.61074">
        <ele>561.2</ele>
      </trkpt>
      <trkpt lat="46.25747" lon="4.61056">
        <ele>560.4</ele>
      </trkpt>
      <trkpt lat="46.2574" lon="4.60984">
        <ele>557.9</ele>
      </trkpt>
      <trkpt lat="46.25744" lon="4.60955">
        <ele>556.6</ele>
      </trkpt>
      <trkpt lat="46.25771" lon="4.60914">
        <ele>554.7</ele>
      </trkpt>
      <trkpt lat="46.25777" lon="4.60896">
        <ele>554.0</ele>
      </trkpt>
      <trkpt lat="46.25775" lon="4.60877">
        <ele>553.5</ele>
      </trkpt>
      <trkpt lat="46.25755" lon="4.60825">
        <ele>551.4</ele>
      </trkpt>
      <trkpt lat="46.25756" lon="4.60807">
        <ele>550.8</ele>
      </trkpt>
      <trkpt lat="46.25764" lon="4.60791">
        <ele>549.9</ele>
      </trkpt>
      <trkpt lat="46.25832" lon="4.60758">
        <ele>544.9</ele>
      </trkpt>
      <trkpt lat="46.25934" lon="4.60693">
        <ele>538.1</ele>
      </trkpt>
      <trkpt lat="46.25952" lon="4.60676">
        <ele>536.8</ele>
      </trkpt>
      <trkpt lat="46.25999" lon="4.6058">
        <ele>531.9</ele>
      </trkpt>
      <trkpt lat="46.26023" lon="4.60505">
        <ele>528.8</ele>
      </trkpt>
      <trkpt lat="46.26057" lon="4.60444">
        <ele>525.9</ele>
      </trkpt>
      <trkpt lat="46.26074" lon="4.60387">
        <ele>523.4</ele>
      </trkpt>
      <trkpt lat="46.26072" lon="4.60364">
        <ele>522.6</ele>
      </trkpt>
      <trkpt lat="46.26063" lon="4.60347">
        <ele>521.9</ele>
      </trkpt>
      <trkpt lat="46.25996" lon="4.6029">
        <ele>517.2</ele>
      </trkpt>
      <trkpt lat="46.25912" lon="4.60256">
        <ele>512.2</ele>
      </trkpt>
      <trkpt lat="46.25878" lon="4.60255">
        <ele>510.5</ele>
      </trkpt>
      <trkpt lat="46.25829" lon="4.6029">
        <ele>507.5</ele>
      </trkpt>
      <trkpt lat="46.25809" lon="4.60297">
        <ele>506.3</ele>
      </trkpt>
      <trkpt lat="46.25762" lon="4.60295">
        <ele>503.9</ele>
      </trkpt>
      <trkpt lat="46.25704" lon="4.60305">
        <ele>501.2</ele>
      </trkpt>
      <trkpt lat="46.25673" lon="4.60289">
        <ele>499.9</ele>
      </trkpt>
      <trkpt lat="46.25661" lon="4.60266">
        <ele>498.9</ele>
      </trkpt>
      <trkpt lat="46.25635" lon="4.60166">
        <ele>494.8</ele>
      </trkpt>
      <trkpt lat="46.25588" lon="4.60108">
        <ele>491.5</ele>
      </trkpt>
      <trkpt lat="46.25578" lon="4.60085">
        <ele>489.8</ele>
      </trkpt>
      <trkpt lat="46.25572" lon="4.60051">
        <ele>488.8</ele>
      </trkpt>
      <trkpt lat="46.25581" lon="4.59997">
        <ele>486.6</ele>
      </trkpt>
      <trkpt lat="46.25598" lon="4.59937">
        <ele>484.2</ele>
      </trkpt>
      <trkpt lat="46.2563947" lon="4.5987676">
        <ele>480.8</ele>
      </trkpt>
      <trkpt lat="46.2565" lon="4.59837">
        <ele>479.5</ele>
      </trkpt>
      <trkpt lat="46.25651" lon="4.59781">
        <ele>478.6</ele>
      </trkpt>
      <trkpt lat="46.25634" lon="4.59725">
        <ele>477.2</ele>
      </trkpt>
      <trkpt lat="46.25638" lon="4.59676">
        <ele>475.3</ele>
      </trkpt>
      <trkpt lat="46.25631" lon="4.59654">
        <ele>474.3</ele>
      </trkpt>
      <trkpt lat="46.25599" lon="4.59624">
        <ele>472.1</ele>
      </trkpt>
      <trkpt lat="46.25572" lon="4.5962">
        <ele>470.3</ele>
      </trkpt>
      <trkpt lat="46.25528" lon="4.59627">
        <ele>468.0</ele>
      </trkpt>
      <trkpt lat="46.25503" lon="4.59618">
        <ele>467.2</ele>
      </trkpt>
      <trkpt lat="46.25391" lon="4.59558">
        <ele>460.6</ele>
      </trkpt>
      <trkpt lat="46.25304" lon="4.59489">
        <ele>455.3</ele>
      </trkpt>
      <trkpt lat="46.25285" lon="4.59491">
        <ele>454.0</ele>
      </trkpt>
      <trkpt lat="46.2527161" lon="4.5950031">
        <ele>453.1</ele>
      </trkpt>
      <trkpt lat="46.25225" lon="4.59552">
        <ele>450.2</ele>
      </trkpt>
      <trkpt lat="46.2520436" lon="4.5955441">
        <ele>449.1</ele>
      </trkpt>
      <trkpt lat="46.25194" lon="4.59542">
        <ele>448.7</ele>
      </trkpt>
      <trkpt lat="46.2518" lon="4.59492">
        <ele>446.6</ele>
      </trkpt>
      <trkpt lat="46.25142" lon="4.59391">
        <ele>440.6</ele>
      </trkpt>
      <trkpt lat="46.25142" lon="4.59361">
        <ele>439.5</ele>
      </trkpt>
      <trkpt lat="46.25167" lon="4.59273">
        <ele>435.1</ele>
      </trkpt>
      <trkpt lat="46.25196" lon="4.5921">
        <ele>431.7</ele>
      </trkpt>
      <trkpt lat="46.25242" lon="4.59127">
        <ele>427.4</ele>
      </trkpt>
      <trkpt lat="46.25277" lon="4.59011">
        <ele>422.3</ele>
      </trkpt>
      <trkpt lat="46.2532" lon="4.58843">
        <ele>415.5</ele>
      </trkpt>
      <trkpt lat="46.25314" lon="4.58798">
        <ele>414.0</ele>
      </trkpt>
      <trkpt lat="46.25299" lon="4.58766">
        <ele>412.3</ele>
      </trkpt>
      <trkpt lat="46.2528" lon="4.5874">
        <ele>410.8</ele>
      </trkpt>
      <trkpt lat="46.2526015" lon="4.5872364">
        <ele>409.9</ele>
      </trkpt>
      <trkpt lat="46.25193" lon="4.587">
        <ele>405.8</ele>
      </trkpt>
      <trkpt lat="46.25176" lon="4.58673">
        <ele>404.9</ele>
      </trkpt>
      <trkpt lat="46.251721" lon="4.5864564">
        <ele>403.5</ele>
      </trkpt>
      <trkpt lat="46.25175" lon="4.58621">
        <ele>403.0</ele>
      </trkpt>
      <trkpt lat="46.25201" lon="4.58532">
        <ele>400.5</ele>
      </trkpt>
      <trkpt lat="46.25236" lon="4.58565">
        <ele>400.0</ele>
      </trkpt>
      <trkpt lat="46.2525996" lon="4.5857858">
        <ele>399.7</ele>
      </trkpt>
      <trkpt lat="46.25414" lon="4.58621">
        <ele>397.7</ele>
      </trkpt>
      <trkpt lat="46.25467" lon="4.58621">
        <ele>397.0</ele>
      </trkpt>
      <trkpt lat="46.25597" lon="4.5859">
        <ele>394.6</ele>
      </trkpt>
      <trkpt lat="46.25658" lon="4.58589">
        <ele>393.0</ele>
      </trkpt>
      <trkpt lat="46.25941" lon="4.58663">
        <ele>388.5</ele>
      </trkpt>
      <trkpt lat="46.26073" lon="4.58676">
        <ele>386.2</ele>
      </trkpt>
      <trkpt lat="46.26157" lon="4.58714">
        <ele>385.2</ele>
      </trkpt>
      <trkpt lat="46.26247" lon="4.58729">
        <ele>384.2</ele>
      </trkpt>
      <trkpt lat="46.26315" lon="4.58752">
        <ele>382.9</ele>
      </trkpt>
      <trkpt lat="46.26351" lon="4.58755">
        <ele>382.6</ele>
      </trkpt>
      <trkpt lat="46.26415" lon="4.5874">
        <ele>381.5</ele>
      </trkpt>
      <trkpt lat="46.26418" lon="4.58708">
        <ele>380.7</ele>
      </trkpt>
      <trkpt lat="46.26463" lon="4.58595">
        <ele>379.7</ele>
      </trkpt>
      <trkpt lat="46.26469" lon="4.58556">
        <ele>382.3</ele>
      </trkpt>
      <trkpt lat="46.26461" lon="4.58531">
        <ele>384.5</ele>
      </trkpt>
      <trkpt lat="46.26413" lon="4.58486">
        <ele>389.3</ele>
      </trkpt>
      <trkpt lat="46.264" lon="4.58463">
        <ele>391.1</ele>
      </trkpt>
      <trkpt lat="46.26395" lon="4.58413">
        <ele>393.8</ele>
      </trkpt>
      <trkpt lat="46.2641" lon="4.58366">
        <ele>396.7</ele>
      </trkpt>
      <trkpt lat="46.2643138" lon="4.5833407">
        <ele>399.7</ele>
      </trkpt>
      <trkpt lat="46.26447" lon="4.58322">
        <ele>401.1</ele>
      </trkpt>
      <trkpt lat="46.26512" lon="4.58343">
        <ele>407.1</ele>
      </trkpt>
      <trkpt lat="46.26585" lon="4.58324">
        <ele>411.8</ele>
      </trkpt>
      <trkpt lat="46.26616" lon="4.58305">
        <ele>413.2</ele>
      </trkpt>
      <trkpt lat="46.26703" lon="4.58074">
        <ele>423.1</ele>
      </trkpt>
      <trkpt lat="46.26756" lon="4.57969">
        <ele>426.2</ele>
      </trkpt>
      <trkpt lat="46.26792" lon="4.57879">
        <ele>426.3</ele>
      </trkpt>
      <trkpt lat="46.2681" lon="4.57864">
        <ele>426.4</ele>
      </trkpt>
      <trkpt lat="46.26833" lon="4.57856">
        <ele>427.0</ele>
      </trkpt>
      <trkpt lat="46.269" lon="4.57851">
        <ele>431.0</ele>
      </trkpt>
      <trkpt lat="46.26926" lon="4.57835">
        <ele>433.7</ele>
      </trkpt>
      <trkpt lat="46.2696327" lon="4.5779659">
        <ele>435.9</ele>
      </trkpt>
      <trkpt lat="46.26978" lon="4.57764">
        <ele>437.3</ele>
      </trkpt>
      <trkpt lat="46.26987" lon="4.57706">
        <ele>439.3</ele>
      </trkpt>
      <trkpt lat="46.26987" lon="4.5766">
        <ele>441.0</ele>
      </trkpt>
      <trkpt lat="46.26973" lon="4.576">
        <ele>443.8</ele>
      </trkpt>
      <trkpt lat="46.26974" lon="4.57571">
        <ele>445.2</ele>
      </trkpt>
      <trkpt lat="46.26993" lon="4.57516">
        <ele>447.9</ele>
      </trkpt>
      <trkpt lat="46.2701" lon="4.57486">
        <ele>449.4</ele>
      </trkpt>
      <trkpt lat="46.27033" lon="4.57469">
        <ele>451.4</ele>
      </trkpt>
      <trkpt lat="46.27071" lon="4.57467">
        <ele>453.6</ele>
      </trkpt>
      <trkpt lat="46.27091" lon="4.57459">
        <ele>455.0</ele>
      </trkpt>
      <trkpt lat="46.2713" lon="4.57421">
        <ele>457.9</ele>
      </trkpt>
      <trkpt lat="46.27144" lon="4.57415">
        <ele>458.8</ele>
      </trkpt>
      <trkpt lat="46.27196" lon="4.57416">
        <ele>462.9</ele>
      </trkpt>
      <trkpt lat="46.27234" lon="4.57386">
        <ele>465.7</ele>
      </trkpt>
      <trkpt lat="46.27379" lon="4.57298">
        <ele>476.0</ele>
      </trkpt>
      <trkpt lat="46.27413" lon="4.57298">
        <ele>477.8</ele>
      </trkpt>
      <trkpt lat="46.27512" lon="4.57329">
        <ele>483.2</ele>
      </trkpt>
      <trkpt lat="46.27551" lon="4.57325">
        <ele>486.9</ele>
      </trkpt>
      <trkpt lat="46.27583" lon="4.57308">
        <ele>490.6</ele>
      </trkpt>
      <trkpt lat="46.2759822" lon="4.5728087">
        <ele>492.2</ele>
      </trkpt>
      <trkpt lat="46.27666" lon="4.57101">
        <ele>480.0</ele>
      </trkpt>
      <trkpt lat="46.2774" lon="4.56925">
        <ele>464.0</ele>
      </trkpt>
      <trkpt lat="46.27802" lon="4.56811">
        <ele>454.2</ele>
      </trkpt>
      <trkpt lat="46.27838" lon="4.56767">
        <ele>449.2</ele>
      </trkpt>
      <trkpt lat="46.27895" lon="4.56714">
        <ele>442.6</ele>
      </trkpt>
      <trkpt lat="46.27901" lon="4.56698">
        <ele>441.0</ele>
      </trkpt>
      <trkpt lat="46.279" lon="4.56688">
        <ele>439.8</ele>
      </trkpt>
      <trkpt lat="46.27888" lon="4.56672">
        <ele>438.5</ele>
      </trkpt>
      <trkpt lat="46.2787711" lon="4.5667148">
        <ele>437.3</ele>
      </trkpt>
      <trkpt lat="46.2781509" lon="4.5668832">
        <ele>430.8</ele>
      </trkpt>
      <trkpt lat="46.27798" lon="4.56686">
        <ele>430.0</ele>
      </trkpt>
      <trkpt lat="46.27784" lon="4.56667">
        <ele>427.6</ele>
      </trkpt>
      <trkpt lat="46.27755" lon="4.56573">
        <ele>421.7</ele>
      </trkpt>
      <trkpt lat="46.27747" lon="4.56383">
        <ele>415.4</ele>
      </trkpt>
      <trkpt lat="46.27752" lon="4.56354">
        <ele>414.7</ele>
      </trkpt>
      <trkpt lat="46.2778125" lon="4.5625956">
        <ele>410.7</ele>
      </trkpt>
      <trkpt lat="46.27786" lon="4.56226">
        <ele>408.5</ele>
      </trkpt>
      <trkpt lat="46.27776" lon="4.56177">
        <ele>406.4</ele>
      </trkpt>
      <trkpt lat="46.27752" lon="4.5612">
        <ele>401.6</ele>
      </trkpt>
      <trkpt lat="46.27713" lon="4.56074">
        <ele>398.0</ele>
      </trkpt>
      <trkpt lat="46.2765" lon="4.56023">
        <ele>391.8</ele>
      </trkpt>
      <trkpt lat="46.27595" lon="4.55946">
        <ele>386.9</ele>
      </trkpt>
      <trkpt lat="46.27574" lon="4.55926">
        <ele>384.8</ele>
      </trkpt>
      <trkpt lat="46.27433" lon="4.55875">
        <ele>374.9</ele>
      </trkpt>
      <trkpt lat="46.27416" lon="4.55863">
        <ele>373.0</ele>
      </trkpt>
      <trkpt lat="46.27406" lon="4.55845">
        <ele>372.8</ele>
      </trkpt>
      <trkpt lat="46.27404" lon="4.55814">
        <ele>372.3</ele>
      </trkpt>
      <trkpt lat="46.27411" lon="4.55794">
        <ele>372.0</ele>
      </trkpt>
      <trkpt lat="46.27435" lon="4.55757">
        <ele>371.1</ele>
      </trkpt>
      <trkpt lat="46.2745902" lon="4.55745">
        <ele>370.2</ele>
      </trkpt>
      <trkpt lat="46.27727" lon="4.55794">
        <ele>367.4</ele>
      </trkpt>
      <trkpt lat="46.2776" lon="4.5579">
        <ele>367.0</ele>
      </trkpt>
      <trkpt lat="46.2782" lon="4.55769">
        <ele>367.9</ele>
      </trkpt>
      <trkpt lat="46.27848" lon="4.55768">
        <ele>369.2</ele>
      </trkpt>
      <trkpt lat="46.2797" lon="4.55818">
        <ele>375.8</ele>
      </trkpt>
      <trkpt lat="46.28005" lon="4.55816">
        <ele>377.4</ele>
      </trkpt>
      <trkpt lat="46.2804" lon="4.55796">
        <ele>378.6</ele>
      </trkpt>
      <trkpt lat="46.28054" lon="4.55774">
        <ele>379.4</ele>
      </trkpt>
      <trkpt lat="46.28114" lon="4.55567">
        <ele>382.4</ele>
      </trkpt>
      <trkpt lat="46.28085" lon="4.55574">
        <ele>383.5</ele>
      </trkpt>
      <trkpt lat="46.28057" lon="4.55602">
        <ele>385.1</ele>
      </trkpt>
      <trkpt lat="46.28028" lon="4.55684">
        <ele>388.8</ele>
      </trkpt>
      <trkpt lat="46.2801661" lon="4.5570339">
        <ele>389.8</ele>
      </trkpt>
      <trkpt lat="46.28004" lon="4.55714">
        <ele>390.6</ele>
      </trkpt>
      <trkpt lat="46.27974" lon="4.55717">
        <ele>393.0</ele>
      </trkpt>
      <trkpt lat="46.27924" lon="4.55695">
        <ele>396.3</ele>
      </trkpt>
      <trkpt lat="46.27777" lon="4.55563">
        <ele>406.2</ele>
      </trkpt>
      <trkpt lat="46.27755" lon="4.55528">
        <ele>407.7</ele>
      </trkpt>
      <trkpt lat="46.27731" lon="4.55452">
        <ele>410.2</ele>
      </trkpt>
      <trkpt lat="46.27715" lon="4.55436">
        <ele>411.0</ele>
      </trkpt>
      <trkpt lat="46.27673" lon="4.5541">
        <ele>413.3</ele>
      </trkpt>
      <trkpt lat="46.2765611" lon="4.553883">
        <ele>414.3</ele>
      </trkpt>
      <trkpt lat="46.2763467" lon="4.553523">
        <ele>416.0</ele>
      </trkpt>
      <trkpt lat="46.27621" lon="4.55314">
        <ele>417.4</ele>
      </trkpt>
      <trkpt lat="46.27618" lon="4.55214">
        <ele>420.6</ele>
      </trkpt>
      <trkpt lat="46.27609" lon="4.55181">
        <ele>421.9</ele>
      </trkpt>
      <trkpt lat="46.2758" lon="4.55149">
        <ele>423.4</ele>
      </trkpt>
      <trkpt lat="46.27553" lon="4.55132">
        <ele>424.9</ele>
      </trkpt>
      <trkpt lat="46.27531" lon="4.55131">
        <ele>426.1</ele>
      </trkpt>
      <trkpt lat="46.27519" lon="4.5514">
        <ele>426.6</ele>
      </trkpt>
      <trkpt lat="46.27444" lon="4.55274">
        <ele>433.8</ele>
      </trkpt>
      <trkpt lat="46.27402" lon="4.5532">
        <ele>437.2</ele>
      </trkpt>
      <trkpt lat="46.27382" lon="4.55328">
        <ele>438.6</ele>
      </trkpt>
      <trkpt lat="46.2735" lon="4.55325">
        <ele>440.7</ele>
      </trkpt>
      <trkpt lat="46.27285" lon="4.55278">
        <ele>444.9</ele>
      </trkpt>
      <trkpt lat="46.27257" lon="4.55252">
        <ele>446.8</ele>
      </trkpt>
      <trkpt lat="46.27226" lon="4.55206">
        <ele>449.4</ele>
      </trkpt>
      <trkpt lat="46.27203" lon="4.55152">
        <ele>452.5</ele>
      </trkpt>
      <trkpt lat="46.27178" lon="4.55061">
        <ele>455.9</ele>
      </trkpt>
      <trkpt lat="46.27143" lon="4.54986">
        <ele>460.5</ele>
      </trkpt>
      <trkpt lat="46.27008" lon="4.54852">
        <ele>470.7</ele>
      </trkpt>
      <trkpt lat="46.26987" lon="4.54809">
        <ele>473.0</ele>
      </trkpt>
      <trkpt lat="46.26963" lon="4.54711">
        <ele>477.5</ele>
      </trkpt>
      <trkpt lat="46.26952" lon="4.54696">
        <ele>478.3</ele>
      </trkpt>
      <trkpt lat="46.26913" lon="4.54678">
        <ele>481.2</ele>
      </trkpt>
      <trkpt lat="46.268962" lon="4.5466111">
        <ele>483.2</ele>
      </trkpt>
      <trkpt lat="46.26873" lon="4.54593">
        <ele>486.5</ele>
      </trkpt>
      <trkpt lat="46.26853" lon="4.5456">
        <ele>487.7</ele>
      </trkpt>
      <trkpt lat="46.26791" lon="4.54488">
        <ele>490.3</ele>
      </trkpt>
      <trkpt lat="46.26696" lon="4.54421">
        <ele>494.4</ele>
      </trkpt>
      <trkpt lat="46.26671" lon="4.54395">
        <ele>495.1</ele>
      </trkpt>
      <trkpt lat="46.26594" lon="4.5428">
        <ele>498.1</ele>
      </trkpt>
      <trkpt lat="46.26558" lon="4.5424">
        <ele>499.4</ele>
      </trkpt>
      <trkpt lat="46.26367" lon="4.5409">
        <ele>505.8</ele>
      </trkpt>
      <trkpt lat="46.2632784" lon="4.5407509">
        <ele>507.3</ele>
      </trkpt>
      <trkpt lat="46.26311" lon="4.54078">
        <ele>507.6</ele>
      </trkpt>
      <trkpt lat="46.2629" lon="4.54094">
        <ele>507.9</ele>
      </trkpt>
      <trkpt lat="46.26277" lon="4.54121">
        <ele>508.2</ele>
      </trkpt>
      <trkpt lat="46.26252" lon="4.54226">
        <ele>509.8</ele>
      </trkpt>
      <trkpt lat="46.26244" lon="4.54233">
        <ele>510.1</ele>
      </trkpt>
      <trkpt lat="46.26237" lon="4.54231">
        <ele>510.1</ele>
      </trkpt>
      <trkpt lat="46.26229" lon="4.54255">
        <ele>510.3</ele>
      </trkpt>
      <trkpt lat="46.26206" lon="4.54279">
        <ele>510.3</ele>
      </trkpt>
      <trkpt lat="46.26094" lon="4.54242">
        <ele>509.6</ele>
      </trkpt>
      <trkpt lat="46.26017" lon="4.54245">
        <ele>508.5</ele>
      </trkpt>
      <trkpt lat="46.25986" lon="4.54237">
        <ele>507.6</ele>
      </trkpt>
      <trkpt lat="46.2596" lon="4.54206">
        <ele>506.7</ele>
      </trkpt>
      <trkpt lat="46.25939" lon="4.54152">
        <ele>504.7</ele>
      </trkpt>
      <trkpt lat="46.25882" lon="4.53894">
        <ele>496.7</ele>
      </trkpt>
      <trkpt lat="46.25853" lon="4.5381">
        <ele>493.9</ele>
      </trkpt>
      <trkpt lat="46.25825" lon="4.53755">
        <ele>491.3</ele>
      </trkpt>
      <trkpt lat="46.25799" lon="4.53718">
        <ele>489.7</ele>
      </trkpt>
      <trkpt lat="46.25759" lon="4.53673">
        <ele>487.6</ele>
      </trkpt>
      <trkpt lat="46.2571332" lon="4.536386">
        <ele>485.2</ele>
      </trkpt>
      <trkpt lat="46.25674" lon="4.53619">
        <ele>483.1</ele>
      </trkpt>
      <trkpt lat="46.25573" lon="4.53617">
        <ele>479.3</ele>
      </trkpt>
      <trkpt lat="46.25472" lon="4.5359">
        <ele>475.0</ele>
      </trkpt>
      <trkpt lat="46.25442" lon="4.53571">
        <ele>473.9</ele>
      </trkpt>
      <trkpt lat="46.25383" lon="4.53514">
        <ele>471.1</ele>
      </trkpt>
      <trkpt lat="46.25348" lon="4.53501">
        <ele>469.4</ele>
      </trkpt>
      <trkpt lat="46.25323" lon="4.5351">
        <ele>468.2</ele>
      </trkpt>
      <trkpt lat="46.25312" lon="4.53523">
        <ele>467.8</ele>
      </trkpt>
      <trkpt lat="46.25292" lon="4.53574">
        <ele>466.6</ele>
      </trkpt>
      <trkpt lat="46.2527398" lon="4.5360002">
        <ele>465.7</ele>
      </trkpt>
      <trkpt lat="46.25239" lon="4.53618">
        <ele>464.5</ele>
      </trkpt>
      <trkpt lat="46.252" lon="4.53604">
        <ele>462.9</ele>
      </trkpt>
      <trkpt lat="46.25124" lon="4.53521">
        <ele>458.9</ele>
      </trkpt>
      <trkpt lat="46.25085" lon="4.535">
        <ele>457.1</ele>
      </trkpt>
      <trkpt lat="46.25046" lon="4.53508">
        <ele>455.8</ele>
      </trkpt>
      <trkpt lat="46.25029" lon="4.53525">
        <ele>454.8</ele>
      </trkpt>
      <trkpt lat="46.24998" lon="4.53572">
        <ele>453.3</ele>
      </trkpt>
      <trkpt lat="46.24978" lon="4.5359">
        <ele>452.6</ele>
      </trkpt>
      <trkpt lat="46.24929" lon="4.53591">
        <ele>450.7</ele>
      </trkpt>
      <trkpt lat="46.24867" lon="4.53572">
        <ele>447.0</ele>
      </trkpt>
      <trkpt lat="46.24848" lon="4.53548">
        <ele>445.7</ele>
      </trkpt>
      <trkpt lat="46.24814" lon="4.53477">
        <ele>443.0</ele>
      </trkpt>
      <trkpt lat="46.24739" lon="4.53292">
        <ele>437.9</ele>
      </trkpt>
      <trkpt lat="46.24707" lon="4.53249">
        <ele>437.8</ele>
      </trkpt>
      <trkpt lat="46.24614" lon="4.53173">
        <ele>437.3</ele>
      </trkpt>
      <trkpt lat="46.24581" lon="4.53124">
        <ele>437.9</ele>
      </trkpt>
      <trkpt lat="46.24556" lon="4.53059">
        <ele>440.8</ele>
      </trkpt>
      <trkpt lat="46.2450742" lon="4.5285448">
        <ele>452.0</ele>
      </trkpt>
      <trkpt lat="46.24497" lon="4.52827">
        <ele>453.3</ele>
      </trkpt>
      <trkpt lat="46.24481" lon="4.52813">
        <ele>454.3</ele>
      </trkpt>
      <trkpt lat="46.24454" lon="4.52815">
        <ele>456.0</ele>
      </trkpt>
      <trkpt lat="46.24361" lon="4.52851">
        <ele>461.3</ele>
      </trkpt>
      <trkpt lat="46.24331" lon="4.52869">
        <ele>463.0</ele>
      </trkpt>
      <trkpt lat="46.24264" lon="4.52933">
        <ele>468.2</ele>
      </trkpt>
      <trkpt lat="46.24221" lon="4.52935">
        <ele>471.1</ele>
      </trkpt>
      <trkpt lat="46.24175" lon="4.52914">
        <ele>475.0</ele>
      </trkpt>
      <trkpt lat="46.24149" lon="4.52889">
        <ele>476.8</ele>
      </trkpt>
      <trkpt lat="46.24137" lon="4.52867">
        <ele>478.4</ele>
      </trkpt>
      <trkpt lat="46.24106" lon="4.52782">
        <ele>479.5</ele>
      </trkpt>
      <trkpt lat="46.24047" lon="4.52712">
        <ele>474.9</ele>
      </trkpt>
      <trkpt lat="46.24023" lon="4.52644">
        <ele>472.6</ele>
      </trkpt>
      <trkpt lat="46.24004" lon="4.52627">
        <ele>472.0</ele>
      </trkpt>
      <trkpt lat="46.23991" lon="4.52627">
        <ele>471.5</ele>
      </trkpt>
      <trkpt lat="46.2397" lon="4.52641">
        <ele>471.2</ele>
      </trkpt>
      <trkpt lat="46.2388" lon="4.52753">
        <ele>467.9</ele>
      </trkpt>
      <trkpt lat="46.23857" lon="4.52765">
        <ele>467.1</ele>
      </trkpt>
      <trkpt lat="46.23827" lon="4.52767">
        <ele>465.7</ele>
      </trkpt>
      <trkpt lat="46.23693" lon="4.52731">
        <ele>463.9</ele>
      </trkpt>
      <trkpt lat="46.23593" lon="4.52682">
        <ele>465.6</ele>
      </trkpt>
      <trkpt lat="46.23429" lon="4.52665">
        <ele>463.7</ele>
      </trkpt>
      <trkpt lat="46.23321" lon="4.52702">
        <ele>463.4</ele>
      </trkpt>
      <trkpt lat="46.23257" lon="4.52679">
        <ele>463.3</ele>
      </trkpt>
      <trkpt lat="46.23191" lon="4.52674">
        <ele>463.6</ele>
      </trkpt>
      <trkpt lat="46.23165" lon="4.52663">
        <ele>464.2</ele>
      </trkpt>
      <trkpt lat="46.23093" lon="4.52611">
        <ele>465.4</ele>
      </trkpt>
      <trkpt lat="46.23011" lon="4.52589">
        <ele>466.7</ele>
      </trkpt>
      <trkpt lat="46.2292" lon="4.52505">
        <ele>471.7</ele>
      </trkpt>
      <trkpt lat="46.22842" lon="4.52456">
        <ele>474.5</ele>
      </trkpt>
      <trkpt lat="46.22789" lon="4.52395">
        <ele>476.6</ele>
      </trkpt>
      <trkpt lat="46.2268" lon="4.52338">
        <ele>480.5</ele>
      </trkpt>
      <trkpt lat="46.22645" lon="4.52338">
        <ele>481.2</ele>
      </trkpt>
      <trkpt lat="46.22596" lon="4.52357">
        <ele>481.7</ele>
      </trkpt>
      <trkpt lat="46.22572" lon="4.52373">
        <ele>482.1</ele>
      </trkpt>
      <trkpt lat="46.22527" lon="4.52424">
        <ele>482.9</ele>
      </trkpt>
      <trkpt lat="46.22493" lon="4.52454">
        <ele>484.0</ele>
      </trkpt>
      <trkpt lat="46.2244197" lon="4.5246376">
        <ele>487.2</ele>
      </trkpt>
      <trkpt lat="46.22384" lon="4.52453">
        <ele>490.0</ele>
      </trkpt>
      <trkpt lat="46.22355" lon="4.52434">
        <ele>491.7</ele>
      </trkpt>
      <trkpt lat="46.22332" lon="4.52402">
        <ele>493.4</ele>
      </trkpt>
      <trkpt lat="46.2228512" lon="4.5226384">
        <ele>500.2</ele>
      </trkpt>
      <trkpt lat="46.22278" lon="4.5223">
        <ele>501.9</ele>
      </trkpt>
      <trkpt lat="46.2227319" lon="4.5216292">
        <ele>505.0</ele>
      </trkpt>
      <trkpt lat="46.22292" lon="4.52058">
        <ele>510.9</ele>
      </trkpt>
      <trkpt lat="46.22292" lon="4.52038">
        <ele>511.8</ele>
      </trkpt>
      <trkpt lat="46.22286" lon="4.52017">
        <ele>512.7</ele>
      </trkpt>
      <trkpt lat="46.22273" lon="4.52005">
        <ele>513.5</ele>
      </trkpt>
      <trkpt lat="46.22164" lon="4.51963">
        <ele>522.4</ele>
      </trkpt>
      <trkpt lat="46.2213762" lon="4.5196361">
        <ele>524.0</ele>
      </trkpt>
      <trkpt lat="46.22116" lon="4.51978">
        <ele>526.0</ele>
      </trkpt>
      <trkpt lat="46.22066" lon="4.51957">
        <ele>533.0</ele>
      </trkpt>
      <trkpt lat="46.22043" lon="4.51956">
        <ele>535.4</ele>
      </trkpt>
      <trkpt lat="46.22034" lon="4.52029">
        <ele>535.9</ele>
      </trkpt>
      <trkpt lat="46.22029" lon="4.52041">
        <ele>536.0</ele>
      </trkpt>
      <trkpt lat="46.22002" lon="4.52071">
        <ele>536.3</ele>
      </trkpt>
      <trkpt lat="46.21967" lon="4.52095">
        <ele>536.8</ele>
      </trkpt>
      <trkpt lat="46.2189" lon="4.52116">
        <ele>539.2</ele>
      </trkpt>
      <trkpt lat="46.21858" lon="4.52119">
        <ele>540.7</ele>
      </trkpt>
      <trkpt lat="46.21827" lon="4.52101">
        <ele>542.0</ele>
      </trkpt>
      <trkpt lat="46.21745" lon="4.52026">
        <ele>544.2</ele>
      </trkpt>
      <trkpt lat="46.21706" lon="4.51952">
        <ele>544.9</ele>
      </trkpt>
      <trkpt lat="46.2168" lon="4.5192">
        <ele>545.3</ele>
      </trkpt>
      <trkpt lat="46.21664" lon="4.51909">
        <ele>545.6</ele>
      </trkpt>
      <trkpt lat="46.21642" lon="4.51908">
        <ele>546.7</ele>
      </trkpt>
      <trkpt lat="46.2161" lon="4.51924">
        <ele>548.5</ele>
      </trkpt>
      <trkpt lat="46.2159" lon="4.51947">
        <ele>549.4</ele>
      </trkpt>
      <trkpt lat="46.21474" lon="4.5219">
        <ele>559.3</ele>
      </trkpt>
      <trkpt lat="46.21459" lon="4.52243">
        <ele>561.5</ele>
      </trkpt>
      <trkpt lat="46.21437" lon="4.52408">
        <ele>567.6</ele>
      </trkpt>
      <trkpt lat="46.21413" lon="4.52514">
        <ele>571.9</ele>
      </trkpt>
      <trkpt lat="46.21378" lon="4.52597">
        <ele>575.4</ele>
      </trkpt>
      <trkpt lat="46.21269" lon="4.52795">
        <ele>584.0</ele>
      </trkpt>
      <trkpt lat="46.21227" lon="4.5295">
        <ele>589.2</ele>
      </trkpt>
      <trkpt lat="46.21182" lon="4.53047">
        <ele>593.1</ele>
      </trkpt>
      <trkpt lat="46.21143" lon="4.53102">
        <ele>596.2</ele>
      </trkpt>
      <trkpt lat="46.21096" lon="4.53148">
        <ele>598.6</ele>
      </trkpt>
      <trkpt lat="46.20958" lon="4.53235">
        <ele>604.7</ele>
      </trkpt>
      <trkpt lat="46.20895" lon="4.53297">
        <ele>609.1</ele>
      </trkpt>
      <trkpt lat="46.207909541921" lon="4.5345491">
        <ele>617.9</ele>
      </trkpt>
      <trkpt lat="46.20678" lon="4.53698">
        <ele>624.5</ele>
      </trkpt>
      <trkpt lat="46.20683" lon="4.53707">
        <ele>624.4</ele>
      </trkpt>
      <trkpt lat="46.20683" lon="4.53722">
        <ele>624.4</ele>
      </trkpt>
      <trkpt lat="46.2070618" lon="4.537508">
        <ele>624.5</ele>
      </trkpt>
      <trkpt lat="46.20709" lon="4.53769">
        <ele>624.6</ele>
      </trkpt>
      <trkpt lat="46.20705" lon="4.53849">
        <ele>625.1</ele>
      </trkpt>
      <trkpt lat="46.20715" lon="4.53896">
        <ele>625.8</ele>
      </trkpt>
      <trkpt lat="46.20736" lon="4.53946">
        <ele>626.6</ele>
      </trkpt>
      <trkpt lat="46.20773" lon="4.53989">
        <ele>627.6</ele>
      </trkpt>
      <trkpt lat="46.2081" lon="4.54011">
        <ele>628.4</ele>
      </trkpt>
      <trkpt lat="46.20967" lon="4.54079">
        <ele>633.4</ele>
      </trkpt>
      <trkpt lat="46.21065" lon="4.54129">
        <ele>638.3</ele>
      </trkpt>
      <trkpt lat="46.21178" lon="4.54122">
        <ele>644.9</ele>
      </trkpt>
      <trkpt lat="46.21225" lon="4.54135">
        <ele>646.5</ele>
      </trkpt>
      <trkpt lat="46.21253" lon="4.5415">
        <ele>647.0</ele>
      </trkpt>
      <trkpt lat="46.2134" lon="4.54218">
        <ele>648.2</ele>
      </trkpt>
      <trkpt lat="46.21403" lon="4.54252">
        <ele>649.9</ele>
      </trkpt>
      <trkpt lat="46.21454" lon="4.54294">
        <ele>651.8</ele>
      </trkpt>
      <trkpt lat="46.21484" lon="4.54334">
        <ele>653.2</ele>
      </trkpt>
      <trkpt lat="46.21502" lon="4.54382">
        <ele>654.6</ele>
      </trkpt>
      <trkpt lat="46.21506" lon="4.54414">
        <ele>655.2</ele>
      </trkpt>
      <trkpt lat="46.21501" lon="4.54478">
        <ele>656.1</ele>
      </trkpt>
      <trkpt lat="46.21503" lon="4.54512">
        <ele>656.5</ele>
      </trkpt>
      <trkpt lat="46.21528" lon="4.54593">
        <ele>656.9</ele>
      </trkpt>
      <trkpt lat="46.2155" lon="4.54645">
        <ele>657.2</ele>
      </trkpt>
      <trkpt lat="46.215735" lon="4.546755">
        <ele>657.1</ele>
      </trkpt>
      <trkpt lat="46.21653" lon="4.54744">
        <ele>657.9</ele>
      </trkpt>
      <trkpt lat="46.21731" lon="4.54823">
        <ele>657.6</ele>
      </trkpt>
      <trkpt lat="46.21772" lon="4.54835">
        <ele>655.3</ele>
      </trkpt>
      <trkpt lat="46.218" lon="4.54834">
        <ele>653.9</ele>
      </trkpt>
      <trkpt lat="46.2184" lon="4.54823">
        <ele>651.5</ele>
      </trkpt>
      <trkpt lat="46.21966" lon="4.5473">
        <ele>643.8</ele>
      </trkpt>
      <trkpt lat="46.21994" lon="4.54733">
        <ele>641.9</ele>
      </trkpt>
      <trkpt lat="46.22042" lon="4.54768">
        <ele>638.8</ele>
      </trkpt>
      <trkpt lat="46.22068" lon="4.54776">
        <ele>637.7</ele>
      </trkpt>
      <trkpt lat="46.22123" lon="4.54764">
        <ele>634.2</ele>
      </trkpt>
      <trkpt lat="46.2217" lon="4.54763">
        <ele>631.6</ele>
      </trkpt>
      <trkpt lat="46.22212" lon="4.54744">
        <ele>629.4</ele>
      </trkpt>
      <trkpt lat="46.22231" lon="4.54743">
        <ele>628.0</ele>
      </trkpt>
      <trkpt lat="46.22323" lon="4.54819">
        <ele>622.9</ele>
      </trkpt>
      <trkpt lat="46.2235" lon="4.54874">
        <ele>620.2</ele>
      </trkpt>
      <trkpt lat="46.22372" lon="4.54896">
        <ele>618.9</ele>
      </trkpt>
      <trkpt lat="46.2239565" lon="4.5490086">
        <ele>617.7</ele>
      </trkpt>
      <trkpt lat="46.22493" lon="4.54895">
        <ele>612.6</ele>
      </trkpt>
      <trkpt lat="46.22576" lon="4.54941">
        <ele>608.4</ele>
      </trkpt>
      <trkpt lat="46.22687" lon="4.54966">
        <ele>602.6</ele>
      </trkpt>
      <trkpt lat="46.22716" lon="4.54986">
        <ele>600.8</ele>
      </trkpt>
      <trkpt lat="46.2275" lon="4.550375">
        <ele>598.1</ele>
      </trkpt>
      <trkpt lat="46.22782" lon="4.55069">
        <ele>595.5</ele>
      </trkpt>
      <trkpt lat="46.22823" lon="4.55087">
        <ele>592.7</ele>
      </trkpt>
      <trkpt lat="46.22881" lon="4.55089">
        <ele>589.9</ele>
      </trkpt>
      <trkpt lat="46.22909" lon="4.55098">
        <ele>588.5</ele>
      </trkpt>
      <trkpt lat="46.22926" lon="4.55132">
        <ele>586.5</ele>
      </trkpt>
      <trkpt lat="46.22948" lon="4.55227">
        <ele>583.3</ele>
      </trkpt>
      <trkpt lat="46.2296" lon="4.55245">
        <ele>582.8</ele>
      </trkpt>
      <trkpt lat="46.22979" lon="4.55257">
        <ele>581.5</ele>
      </trkpt>
      <trkpt lat="46.23018" lon="4.55264">
        <ele>579.5</ele>
      </trkpt>
      <trkpt lat="46.23048" lon="4.55257">
        <ele>577.9</ele>
      </trkpt>
      <trkpt lat="46.23073" lon="4.55237">
        <ele>576.2</ele>
      </trkpt>
      <trkpt lat="46.23122" lon="4.55183">
        <ele>572.9</ele>
      </trkpt>
      <trkpt lat="46.23152" lon="4.55162">
        <ele>571.0</ele>
      </trkpt>
      <trkpt lat="46.23168" lon="4.5516">
        <ele>570.3</ele>
      </trkpt>
      <trkpt lat="46.23191" lon="4.55175">
        <ele>569.2</ele>
      </trkpt>
      <trkpt lat="46.23209" lon="4.55205">
        <ele>567.4</ele>
      </trkpt>
      <trkpt lat="46.23227" lon="4.55295">
        <ele>563.5</ele>
      </trkpt>
      <trkpt lat="46.23236" lon="4.55317">
        <ele>562.9</ele>
      </trkpt>
      <trkpt lat="46.23259" lon="4.55342">
        <ele>561.7</ele>
      </trkpt>
      <trkpt lat="46.23323" lon="4.55375">
        <ele>558.9</ele>
      </trkpt>
      <trkpt lat="46.23345" lon="4.55394">
        <ele>557.4</ele>
      </trkpt>
      <trkpt lat="46.23369" lon="4.55436">
        <ele>555.1</ele>
      </trkpt>
      <trkpt lat="46.23382" lon="4.55485">
        <ele>552.3</ele>
      </trkpt>
      <trkpt lat="46.23385" lon="4.55521">
        <ele>550.5</ele>
      </trkpt>
      <trkpt lat="46.23382" lon="4.5556">
        <ele>548.8</ele>
      </trkpt>
      <trkpt lat="46.23319" lon="4.55735">
        <ele>541.0</ele>
      </trkpt>
      <trkpt lat="46.23311" lon="4.55785">
        <ele>539.0</ele>
      </trkpt>
      <trkpt lat="46.23312" lon="4.55823">
        <ele>537.7</ele>
      </trkpt>
      <trkpt lat="46.23319" lon="4.55864">
        <ele>536.5</ele>
      </trkpt>
      <trkpt lat="46.2337528" lon="4.560445">
        <ele>528.9</ele>
      </trkpt>
      <trkpt lat="46.23401" lon="4.56087">
        <ele>526.1</ele>
      </trkpt>
      <trkpt lat="46.23422" lon="4.56103">
        <ele>524.8</ele>
      </trkpt>
      <trkpt lat="46.23479" lon="4.56125">
        <ele>521.7</ele>
      </trkpt>
      <trkpt lat="46.23544" lon="4.562">
        <ele>517.0</ele>
      </trkpt>
      <trkpt lat="46.23618" lon="4.56229">
        <ele>513.1</ele>
      </trkpt>
      <trkpt lat="46.23636" lon="4.56248">
        <ele>511.8</ele>
      </trkpt>
      <trkpt lat="46.23646" lon="4.56276">
        <ele>510.5</ele>
      </trkpt>
      <trkpt lat="46.23663" lon="4.56412">
        <ele>505.6</ele>
      </trkpt>
      <trkpt lat="46.23678" lon="4.56465">
        <ele>503.8</ele>
      </trkpt>
      <trkpt lat="46.23718" lon="4.56541">
        <ele>500.2</ele>
      </trkpt>
      <trkpt lat="46.23803" lon="4.56633">
        <ele>492.9</ele>
      </trkpt>
      <trkpt lat="46.2383" lon="4.56679">
        <ele>489.8</ele>
      </trkpt>
      <trkpt lat="46.23836" lon="4.56709">
        <ele>487.9</ele>
      </trkpt>
      <trkpt lat="46.23837" lon="4.56746">
        <ele>486.1</ele>
      </trkpt>
      <trkpt lat="46.23827" lon="4.56907">
        <ele>479.2</ele>
      </trkpt>
      <trkpt lat="46.23837" lon="4.56952">
        <ele>477.6</ele>
      </trkpt>
      <trkpt lat="46.2385982" lon="4.5698682">
        <ele>475.7</ele>
      </trkpt>
      <trkpt lat="46.23926" lon="4.57043">
        <ele>471.6</ele>
      </trkpt>
      <trkpt lat="46.23975" lon="4.571">
        <ele>468.1</ele>
      </trkpt>
      <trkpt lat="46.24041" lon="4.57139">
        <ele>464.0</ele>
      </trkpt>
      <trkpt lat="46.24064" lon="4.57177">
        <ele>462.6</ele>
      </trkpt>
      <trkpt lat="46.24097" lon="4.57299">
        <ele>458.2</ele>
      </trkpt>
      <trkpt lat="46.24117" lon="4.57423">
        <ele>453.0</ele>
      </trkpt>
      <trkpt lat="46.24118" lon="4.57474">
        <ele>451.2</ele>
      </trkpt>
      <trkpt lat="46.24108" lon="4.57512">
        <ele>449.5</ele>
      </trkpt>
      <trkpt lat="46.2407689" lon="4.5758887">
        <ele>446.7</ele>
      </trkpt>
      <trkpt lat="46.24072" lon="4.57629">
        <ele>445.2</ele>
      </trkpt>
      <trkpt lat="46.24077" lon="4.57661">
        <ele>444.4</ele>
      </trkpt>
      <trkpt lat="46.24141" lon="4.57847">
        <ele>436.7</ele>
      </trkpt>
      <trkpt lat="46.24143" lon="4.57907">
        <ele>434.6</ele>
      </trkpt>
      <trkpt lat="46.24129" lon="4.57994">
        <ele>431.3</ele>
      </trkpt>
      <trkpt lat="46.24131" lon="4.58027">
        <ele>429.9</ele>
      </trkpt>
      <trkpt lat="46.24152" lon="4.58128">
        <ele>426.0</ele>
      </trkpt>
      <trkpt lat="46.24163" lon="4.58161">
        <ele>424.6</ele>
      </trkpt>
      <trkpt lat="46.24229" lon="4.58236">
        <ele>420.9</ele>
      </trkpt>
      <trkpt lat="46.24243" lon="4.5826">
        <ele>420.5</ele>
      </trkpt>
      <trkpt lat="46.24217" lon="4.58253">
        <ele>420.4</ele>
      </trkpt>
      <trkpt lat="46.24179" lon="4.58256">
        <ele>420.7</ele>
      </trkpt>
      <trkpt lat="46.24061" lon="4.58295">
        <ele>422.9</ele>
      </trkpt>
      <trkpt lat="46.23998" lon="4.58336">
        <ele>423.9</ele>
      </trkpt>
      <trkpt lat="46.2391" lon="4.58407">
        <ele>425.2</ele>
      </trkpt>
      <trkpt lat="46.2387" lon="4.58456">
        <ele>425.8</ele>
      </trkpt>
      <trkpt lat="46.23754" lon="4.58665">
        <ele>429.0</ele>
      </trkpt>
      <trkpt lat="46.23681" lon="4.58752">
        <ele>431.2</ele>
      </trkpt>
      <trkpt lat="46.23587" lon="4.58888">
        <ele>434.7</ele>
      </trkpt>
      <trkpt lat="46.23283" lon="4.59192">
        <ele>446.1</ele>
      </trkpt>
      <trkpt lat="46.23097" lon="4.5936">
        <ele>449.8</ele>
      </trkpt>
      <trkpt lat="46.23098" lon="4.59405">
        <ele>448.0</ele>
      </trkpt>
      <trkpt lat="46.2309" lon="4.59483">
        <ele>446.6</ele>
      </trkpt>
      <trkpt lat="46.23104" lon="4.59528">
        <ele>446.6</ele>
      </trkpt>
      <trkpt lat="46.23102" lon="4.59553">
        <ele>446.9</ele>
      </trkpt>
      <trkpt lat="46.23006" lon="4.59713">
        <ele>455.6</ele>
      </trkpt>
      <trkpt lat="46.22956" lon="4.59766">
        <ele>459.7</ele>
      </trkpt>
      <trkpt lat="46.22882" lon="4.59826">
        <ele>465.7</ele>
      </trkpt>
      <trkpt lat="46.22791" lon="4.59863">
        <ele>471.9</ele>
      </trkpt>
      <trkpt lat="46.22695" lon="4.59882">
        <ele>478.0</ele>
      </trkpt>
      <trkpt lat="46.22658" lon="4.59896">
        <ele>480.6</ele>
      </trkpt>
      <trkpt lat="46.2262432" lon="4.5993508">
        <ele>483.7</ele>
      </trkpt>
      <trkpt lat="46.22613" lon="4.59965">
        <ele>484.9</ele>
      </trkpt>
      <trkpt lat="46.22613" lon="4.59991">
        <ele>486.2</ele>
      </trkpt>
      <trkpt lat="46.22622" lon="4.60046">
        <ele>488.3</ele>
      </trkpt>
      <trkpt lat="46.22624" lon="4.60135">
        <ele>492.2</ele>
      </trkpt>
      <trkpt lat="46.22645" lon="4.60206">
        <ele>495.6</ele>
      </trkpt>
      <trkpt lat="46.22681" lon="4.60257">
        <ele>499.0</ele>
      </trkpt>
      <trkpt lat="46.22766" lon="4.60315">
        <ele>505.6</ele>
      </trkpt>
      <trkpt lat="46.22803" lon="4.60351">
        <ele>508.6</ele>
      </trkpt>
      <trkpt lat="46.22817" lon="4.60378">
        <ele>509.9</ele>
      </trkpt>
      <trkpt lat="46.2284" lon="4.60458">
        <ele>514.1</ele>
      </trkpt>
      <trkpt lat="46.22883" lon="4.60528">
        <ele>518.8</ele>
      </trkpt>
      <trkpt lat="46.22884" lon="4.60554">
        <ele>520.1</ele>
      </trkpt>
      <trkpt lat="46.22859" lon="4.60612">
        <ele>522.9</ele>
      </trkpt>
      <trkpt lat="46.22828" lon="4.60742">
        <ele>529.2</ele>
      </trkpt>
      <trkpt lat="46.22825" lon="4.60771">
        <ele>530.7</ele>
      </trkpt>
      <trkpt lat="46.22832" lon="4.60799">
        <ele>532.4</ele>
      </trkpt>
      <trkpt lat="46.22854" lon="4.60833">
        <ele>534.5</ele>
      </trkpt>
      <trkpt lat="46.22876" lon="4.60856">
        <ele>536.8</ele>
      </trkpt>
      <trkpt lat="46.22893" lon="4.60864">
        <ele>537.8</ele>
      </trkpt>
      <trkpt lat="46.22932" lon="4.60867">
        <ele>539.9</ele>
      </trkpt>
      <trkpt lat="46.22943" lon="4.60879">
        <ele>540.0</ele>
      </trkpt>
      <trkpt lat="46.2302" lon="4.61034">
        <ele>545.9</ele>
      </trkpt>
      <trkpt lat="46.23115" lon="4.61159">
        <ele>554.3</ele>
      </trkpt>
      <trkpt lat="46.23148" lon="4.61263">
        <ele>559.7</ele>
      </trkpt>
      <trkpt lat="46.23168" lon="4.61277">
        <ele>561.4</ele>
      </trkpt>
      <trkpt lat="46.2324495" lon="4.6128673">
        <ele>566.1</ele>
      </trkpt>
      <trkpt lat="46.2329" lon="4.6131">
        <ele>568.8</ele>
      </trkpt>
      <trkpt lat="46.23315" lon="4.61336">
        <ele>570.6</ele>
      </trkpt>
      <trkpt lat="46.2335" lon="4.61396">
        <ele>574.1</ele>
      </trkpt>
      <trkpt lat="46.23438" lon="4.6146">
        <ele>580.6</ele>
      </trkpt>
      <trkpt lat="46.2352058" lon="4.615625">
        <ele>587.8</ele>
      </trkpt>
      <trkpt lat="46.23543" lon="4.61577">
        <ele>589.4</ele>
      </trkpt>
      <trkpt lat="46.23609" lon="4.61595">
        <ele>594.1</ele>
      </trkpt>
      <trkpt lat="46.2364" lon="4.61617">
        <ele>596.2</ele>
      </trkpt>
      <trkpt lat="46.23663" lon="4.61656">
        <ele>599.1</ele>
      </trkpt>
      <trkpt lat="46.23671" lon="4.61688">
        <ele>600.4</ele>
      </trkpt>
      <trkpt lat="46.23673" lon="4.61717">
        <ele>602.1</ele>
      </trkpt>
      <trkpt lat="46.23661" lon="4.61814">
        <ele>607.1</ele>
      </trkpt>
      <trkpt lat="46.23659" lon="4.61864">
        <ele>609.3</ele>
      </trkpt>
      <trkpt lat="46.2366321" lon="4.6188542">
        <ele>610.2</ele>
      </trkpt>
      <trkpt lat="46.23679" lon="4.61905">
        <ele>611.4</ele>
      </trkpt>
      <trkpt lat="46.23803" lon="4.61896">
        <ele>618.7</ele>
      </trkpt>
      <trkpt lat="46.23875" lon="4.61901">
        <ele>623.5</ele>
      </trkpt>
      <trkpt lat="46.24" lon="4.61824">
        <ele>633.2</ele>
      </trkpt>
      <trkpt lat="46.24044" lon="4.61771">
        <ele>637.7</ele>
      </trkpt>
      <trkpt lat="46.24054" lon="4.61768">
        <ele>638.3</ele>
      </trkpt>
      <trkpt lat="46.24063" lon="4.61775">
        <ele>639.2</ele>
      </trkpt>
      <trkpt lat="46.24064" lon="4.618">
        <ele>639.6</ele>
      </trkpt>
      <trkpt lat="46.24017" lon="4.61918">
        <ele>645.0</ele>
      </trkpt>
      <trkpt lat="46.23991" lon="4.6202">
        <ele>650.2</ele>
      </trkpt>
      <trkpt lat="46.23966" lon="4.62173">
        <ele>658.7</ele>
      </trkpt>
      <trkpt lat="46.23972" lon="4.62281">
        <ele>659.5</ele>
      </trkpt>
      <trkpt lat="46.23964" lon="4.62324">
        <ele>657.2</ele>
      </trkpt>
      <trkpt lat="46.239" lon="4.62413">
        <ele>650.4</ele>
      </trkpt>
      <trkpt lat="46.23862" lon="4.62524">
        <ele>644.0</ele>
      </trkpt>
      <trkpt lat="46.23841" lon="4.62569">
        <ele>641.5</ele>
      </trkpt>
      <trkpt lat="46.2377" lon="4.62669">
        <ele>636.6</ele>
      </trkpt>
      <trkpt lat="46.23732" lon="4.62701">
        <ele>634.2</ele>
      </trkpt>
      <trkpt lat="46.2367" lon="4.62707">
        <ele>630.9</ele>
      </trkpt>
      <trkpt lat="46.23657" lon="4.62719">
        <ele>630.5</ele>
      </trkpt>
      <trkpt lat="46.23652" lon="4.62732">
        <ele>629.8</ele>
      </trkpt>
      <trkpt lat="46.23649" lon="4.62773">
        <ele>628.7</ele>
      </trkpt>
      <trkpt lat="46.2366" lon="4.62858">
        <ele>625.8</ele>
      </trkpt>
      <trkpt lat="46.2366" lon="4.62886">
        <ele>624.9</ele>
      </trkpt>
      <trkpt lat="46.2363886" lon="4.6294409">
        <ele>622.7</ele>
      </trkpt>
      <trkpt lat="46.23608" lon="4.62984">
        <ele>620.4</ele>
      </trkpt>
      <trkpt lat="46.23595" lon="4.63011">
        <ele>619.2</ele>
      </trkpt>
      <trkpt lat="46.2359" lon="4.63051">
        <ele>617.7</ele>
      </trkpt>
      <trkpt lat="46.23593" lon="4.63127">
        <ele>615.0</ele>
      </trkpt>
      <trkpt lat="46.23576" lon="4.63262">
        <ele>610.9</ele>
      </trkpt>
      <trkpt lat="46.23561" lon="4.63305">
        <ele>608.8</ele>
      </trkpt>
      <trkpt lat="46.2354" lon="4.63327">
        <ele>607.4</ele>
      </trkpt>
      <trkpt lat="46.235075" lon="4.63344">
        <ele>605.8</ele>
      </trkpt>
      <trkpt lat="46.2346" lon="4.63352">
        <ele>603.6</ele>
      </trkpt>
      <trkpt lat="46.2337" lon="4.6334">
        <ele>599.1</ele>
      </trkpt>
      <trkpt lat="46.2333277" lon="4.6331953">
        <ele>597.3</ele>
      </trkpt>
      <trkpt lat="46.2331" lon="4.63289">
        <ele>595.6</ele>
      </trkpt>
      <trkpt lat="46.23293" lon="4.63253">
        <ele>594.4</ele>
      </trkpt>
      <trkpt lat="46.23237" lon="4.63103">
        <ele>588.4</ele>
      </trkpt>
      <trkpt lat="46.23223" lon="4.63088">
        <ele>588.0</ele>
      </trkpt>
      <trkpt lat="46.23189" lon="4.63073">
        <ele>586.5</ele>
      </trkpt>
      <trkpt lat="46.23175" lon="4.6305">
        <ele>585.4</ele>
      </trkpt>
      <trkpt lat="46.23153" lon="4.62979">
        <ele>584.1</ele>
      </trkpt>
      <trkpt lat="46.2313" lon="4.62971">
        <ele>583.2</ele>
      </trkpt>
      <trkpt lat="46.23104" lon="4.62998">
        <ele>581.7</ele>
      </trkpt>
      <trkpt lat="46.23085" lon="4.63035">
        <ele>579.9</ele>
      </trkpt>
      <trkpt lat="46.23076" lon="4.63067">
        <ele>578.4</ele>
      </trkpt>
      <trkpt lat="46.230735" lon="4.631135">
        <ele>576.9</ele>
      </trkpt>
      <trkpt lat="46.2308" lon="4.63276">
        <ele>570.0</ele>
      </trkpt>
      <trkpt lat="46.23068" lon="4.63381">
        <ele>565.4</ele>
      </trkpt>
      <trkpt lat="46.2301911" lon="4.6352121">
        <ele>559.0</ele>
      </trkpt>
      <trkpt lat="46.22967" lon="4.63608">
        <ele>553.9</ele>
      </trkpt>
      <trkpt lat="46.22955" lon="4.63618">
        <ele>553.4</ele>
      </trkpt>
      <trkpt lat="46.2294" lon="4.63621">
        <ele>552.3</ele>
      </trkpt>
      <trkpt lat="46.22926" lon="4.63614">
        <ele>551.6</ele>
      </trkpt>
      <trkpt lat="46.2287" lon="4.63538">
        <ele>547.2</ele>
      </trkpt>
      <trkpt lat="46.2283" lon="4.63465">
        <ele>544.8</ele>
      </trkpt>
      <trkpt lat="46.22803" lon="4.63444">
        <ele>544.0</ele>
      </trkpt>
      <trkpt lat="46.22759" lon="4.6344">
        <ele>542.9</ele>
      </trkpt>
      <trkpt lat="46.22677" lon="4.63472">
        <ele>540.5</ele>
      </trkpt>
      <trkpt lat="46.22647" lon="4.63492">
        <ele>539.4</ele>
      </trkpt>
      <trkpt lat="46.22631" lon="4.63515">
        <ele>538.4</ele>
      </trkpt>
      <trkpt lat="46.22579" lon="4.63629">
        <ele>535.0</ele>
      </trkpt>
      <trkpt lat="46.22555" lon="4.63665">
        <ele>533.7</ele>
      </trkpt>
      <trkpt lat="46.22535" lon="4.63677">
        <ele>532.6</ele>
      </trkpt>
      <trkpt lat="46.22466" lon="4.63699">
        <ele>530.2</ele>
      </trkpt>
      <trkpt lat="46.22425" lon="4.63705">
        <ele>528.8</ele>
      </trkpt>
      <trkpt lat="46.2240435" lon="4.6372383">
        <ele>528.0</ele>
      </trkpt>
      <trkpt lat="46.22294" lon="4.63887">
        <ele>521.0</ele>
      </trkpt>
      <trkpt lat="46.22268" lon="4.6394">
        <ele>518.6</ele>
      </trkpt>
      <trkpt lat="46.2221" lon="4.63985">
        <ele>513.9</ele>
      </trkpt>
      <trkpt lat="46.22149" lon="4.6409">
        <ele>506.6</ele>
      </trkpt>
      <trkpt lat="46.22082" lon="4.64162">
        <ele>501.1</ele>
      </trkpt>
      <trkpt lat="46.21991" lon="4.64342">
        <ele>491.7</ele>
      </trkpt>
      <trkpt lat="46.21972" lon="4.6437">
        <ele>490.3</ele>
      </trkpt>
      <trkpt lat="46.21956" lon="4.64375">
        <ele>489.7</ele>
      </trkpt>
      <trkpt lat="46.21937" lon="4.64368">
        <ele>488.1</ele>
      </trkpt>
      <trkpt lat="46.2191275" lon="4.6434504">
        <ele>486.6</ele>
      </trkpt>
      <trkpt lat="46.21881" lon="4.64297">
        <ele>483.9</ele>
      </trkpt>
      <trkpt lat="46.21819" lon="4.64268">
        <ele>480.6</ele>
      </trkpt>
      <trkpt lat="46.21773" lon="4.6422">
        <ele>478.4</ele>
      </trkpt>
      <trkpt lat="46.21763" lon="4.6422">
        <ele>477.6</ele>
      </trkpt>
      <trkpt lat="46.21756" lon="4.64228">
        <ele>476.8</ele>
      </trkpt>
      <trkpt lat="46.21741" lon="4.6448">
        <ele>465.5</ele>
      </trkpt>
      <trkpt lat="46.21743" lon="4.64723">
        <ele>455.1</ele>
      </trkpt>
      <trkpt lat="46.21752" lon="4.64777">
        <ele>452.8</ele>
      </trkpt>
      <trkpt lat="46.21782" lon="4.64855">
        <ele>450.1</ele>
      </trkpt>
      <trkpt lat="46.21781" lon="4.64877">
        <ele>449.4</ele>
      </trkpt>
      <trkpt lat="46.21767" lon="4.64899">
        <ele>448.3</ele>
      </trkpt>
      <trkpt lat="46.21733" lon="4.64909">
        <ele>445.9</ele>
      </trkpt>
      <trkpt lat="46.2170807" lon="4.6493238">
        <ele>444.8</ele>
      </trkpt>
      <trkpt lat="46.2167" lon="4.65052">
        <ele>439.6</ele>
      </trkpt>
      <trkpt lat="46.21655" lon="4.6508">
        <ele>438.8</ele>
      </trkpt>
      <trkpt lat="46.21636" lon="4.65089">
        <ele>437.2</ele>
      </trkpt>
      <trkpt lat="46.21599" lon="4.65092">
        <ele>435.2</ele>
      </trkpt>
      <trkpt lat="46.2158" lon="4.65113">
        <ele>434.3</ele>
      </trkpt>
      <trkpt lat="46.21557" lon="4.65234">
        <ele>429.5</ele>
      </trkpt>
      <trkpt lat="46.21516" lon="4.65302">
        <ele>426.6</ele>
      </trkpt>
      <trkpt lat="46.21517" lon="4.65327">
        <ele>425.8</ele>
      </trkpt>
      <trkpt lat="46.21551" lon="4.65394">
        <ele>422.2</ele>
      </trkpt>
      <trkpt lat="46.21559" lon="4.6544">
        <ele>420.6</ele>
      </trkpt>
      <trkpt lat="46.21542" lon="4.65527">
        <ele>417.2</ele>
      </trkpt>
      <trkpt lat="46.2153" lon="4.65562">
        <ele>415.8</ele>
      </trkpt>
      <trkpt lat="46.2151" lon="4.65583">
        <ele>414.7</ele>
      </trkpt>
      <trkpt lat="46.2149" lon="4.65588">
        <ele>413.1</ele>
      </trkpt>
      <trkpt lat="46.21476" lon="4.65579">
        <ele>412.5</ele>
      </trkpt>
      <trkpt lat="46.21418" lon="4.65517">
        <ele>408.0</ele>
      </trkpt>
      <trkpt lat="46.21402" lon="4.65511">
        <ele>407.2</ele>
      </trkpt>
      <trkpt lat="46.21386" lon="4.65513">
        <ele>406.2</ele>
      </trkpt>
      <trkpt lat="46.21376" lon="4.65527">
        <ele>405.6</ele>
      </trkpt>
      <trkpt lat="46.21378" lon="4.65602">
        <ele>402.5</ele>
      </trkpt>
      <trkpt lat="46.21368" lon="4.65648">
        <ele>400.7</ele>
      </trkpt>
      <trkpt lat="46.21364" lon="4.65732">
        <ele>397.5</ele>
      </trkpt>
      <trkpt lat="46.21352" lon="4.65776">
        <ele>395.8</ele>
      </trkpt>
      <trkpt lat="46.21317" lon="4.65833">
        <ele>393.2</ele>
      </trkpt>
      <trkpt lat="46.21281" lon="4.65906">
        <ele>390.6</ele>
      </trkpt>
      <trkpt lat="46.21264" lon="4.65922">
        <ele>389.4</ele>
      </trkpt>
      <trkpt lat="46.21178" lon="4.65975">
        <ele>384.5</ele>
      </trkpt>
      <trkpt lat="46.21164" lon="4.65994">
        <ele>383.5</ele>
      </trkpt>
      <trkpt lat="46.21156" lon="4.66017">
        <ele>382.8</ele>
      </trkpt>
      <trkpt lat="46.21155" lon="4.66061">
        <ele>381.9</ele>
      </trkpt>
      <trkpt lat="46.21172" lon="4.66168">
        <ele>378.8</ele>
      </trkpt>
      <trkpt lat="46.2119" lon="4.66158">
        <ele>378.1</ele>
      </trkpt>
      <trkpt lat="46.21226" lon="4.66122">
        <ele>376.2</ele>
      </trkpt>
      <trkpt lat="46.21241" lon="4.66123">
        <ele>375.3</ele>
      </trkpt>
      <trkpt lat="46.21268" lon="4.66139">
        <ele>372.8</ele>
      </trkpt>
      <trkpt lat="46.21311" lon="4.66136">
        <ele>369.4</ele>
      </trkpt>
      <trkpt lat="46.21331" lon="4.66142">
        <ele>367.4</ele>
      </trkpt>
      <trkpt lat="46.21354" lon="4.66159">
        <ele>365.3</ele>
      </trkpt>
      <trkpt lat="46.21394" lon="4.66212">
        <ele>360.8</ele>
      </trkpt>
      <trkpt lat="46.21455" lon="4.66261">
        <ele>355.3</ele>
      </trkpt>
      <trkpt lat="46.21497" lon="4.66317">
        <ele>351.3</ele>
      </trkpt>
      <trkpt lat="46.21606" lon="4.6639">
        <ele>342.9</ele>
      </trkpt>
      <trkpt lat="46.21677" lon="4.66495">
        <ele>335.4</ele>
      </trkpt>
      <trkpt lat="46.21722" lon="4.66539">
        <ele>331.8</ele>
      </trkpt>
      <trkpt lat="46.21742" lon="4.66581">
        <ele>329.4</ele>
      </trkpt>
      <trkpt lat="46.21762" lon="4.6664">
        <ele>326.1</ele>
      </trkpt>
      <trkpt lat="46.21769" lon="4.66713">
        <ele>321.8</ele>
      </trkpt>
      <trkpt lat="46.21766" lon="4.66854">
        <ele>313.5</ele>
      </trkpt>
      <trkpt lat="46.21737" lon="4.66981">
        <ele>305.2</ele>
      </trkpt>
      <trkpt lat="46.21735" lon="4.67022">
        <ele>303.6</ele>
      </trkpt>
      <trkpt lat="46.21755" lon="4.67055">
        <ele>302.7</ele>
      </trkpt>
      <trkpt lat="46.21766" lon="4.67085">
        <ele>302.5</ele>
      </trkpt>
      <trkpt lat="46.21772" lon="4.67136">
        <ele>304.2</ele>
      </trkpt>
      <trkpt lat="46.21775" lon="4.67233">
        <ele>310.8</ele>
      </trkpt>
      <trkpt lat="46.2179" lon="4.67235">
        <ele>311.7</ele>
      </trkpt>
      <trkpt lat="46.21803" lon="4.67245">
        <ele>313.1</ele>
      </trkpt>
      <trkpt lat="46.2181659" lon="4.6732178">
        <ele>317.8</ele>
      </trkpt>
      <trkpt lat="46.21825" lon="4.67337">
        <ele>318.6</ele>
      </trkpt>
      <trkpt lat="46.21835" lon="4.6734">
        <ele>319.3</ele>
      </trkpt>
      <trkpt lat="46.21844" lon="4.67335">
        <ele>320.8</ele>
      </trkpt>
      <trkpt lat="46.21849" lon="4.67322">
        <ele>321.4</ele>
      </trkpt>
      <trkpt lat="46.21842" lon="4.67244">
        <ele>326.4</ele>
      </trkpt>
      <trkpt lat="46.21848" lon="4.67214">
        <ele>328.2</ele>
      </trkpt>
      <trkpt lat="46.21857" lon="4.67202">
        <ele>329.5</ele>
      </trkpt>
      <trkpt lat="46.21879" lon="4.67201">
        <ele>331.5</ele>
      </trkpt>
      <trkpt lat="46.21933" lon="4.67222">
        <ele>336.2</ele>
      </trkpt>
      <trkpt lat="46.2196" lon="4.67215">
        <ele>339.0</ele>
      </trkpt>
      <trkpt lat="46.21986" lon="4.67196">
        <ele>342.0</ele>
      </trkpt>
      <trkpt lat="46.22034" lon="4.67143">
        <ele>346.5</ele>
      </trkpt>
      <trkpt lat="46.22065" lon="4.67118">
        <ele>349.0</ele>
      </trkpt>
      <trkpt lat="46.22097" lon="4.6707">
        <ele>351.1</ele>
      </trkpt>
      <trkpt lat="46.22115" lon="4.67069">
        <ele>351.6</ele>
      </trkpt>
      <trkpt lat="46.2227479" lon="4.6726279">
        <ele>349.6</ele>
      </trkpt>
      <trkpt lat="46.22328" lon="4.67298">
        <ele>351.0</ele>
      </trkpt>
      <trkpt lat="46.22338" lon="4.67315">
        <ele>350.5</ele>
      </trkpt>
      <trkpt lat="46.2238" lon="4.67437">
        <ele>344.2</ele>
      </trkpt>
      <trkpt lat="46.22398" lon="4.67462">
        <ele>343.6</ele>
      </trkpt>
      <trkpt lat="46.22461" lon="4.67516">
        <ele>343.1</ele>
      </trkpt>
      <trkpt lat="46.22563" lon="4.67549">
        <ele>342.1</ele>
      </trkpt>
      <trkpt lat="46.22713" lon="4.67562">
        <ele>338.4</ele>
      </trkpt>
      <trkpt lat="46.22775" lon="4.67573">
        <ele>336.4</ele>
      </trkpt>
      <trkpt lat="46.22803" lon="4.67569">
        <ele>335.6</ele>
      </trkpt>
      <trkpt lat="46.22843" lon="4.67552">
        <ele>334.6</ele>
      </trkpt>
      <trkpt lat="46.22924" lon="4.67498">
        <ele>333.9</ele>
      </trkpt>
      <trkpt lat="46.22952" lon="4.67506">
        <ele>334.4</ele>
      </trkpt>
      <trkpt lat="46.22978" lon="4.67546">
        <ele>334.7</ele>
      </trkpt>
      <trkpt lat="46.23132" lon="4.67855">
        <ele>328.4</ele>
      </trkpt>
      <trkpt lat="46.23172" lon="4.67894">
        <ele>326.2</ele>
      </trkpt>
      <trkpt lat="46.23202" lon="4.67903">
        <ele>325.0</ele>
      </trkpt>
      <trkpt lat="46.23232" lon="4.67904">
        <ele>323.9</ele>
      </trkpt>
      <trkpt lat="46.23331" lon="4.67892">
        <ele>320.5</ele>
      </trkpt>
      <trkpt lat="46.23375" lon="4.67879">
        <ele>318.4</ele>
      </trkpt>
      <trkpt lat="46.23406" lon="4.67848">
        <ele>316.2</ele>
      </trkpt>
      <trkpt lat="46.23437" lon="4.67779">
        <ele>312.8</ele>
      </trkpt>
      <trkpt lat="46.23455" lon="4.67759">
        <ele>311.5</ele>
      </trkpt>
      <trkpt lat="46.23477" lon="4.67752">
        <ele>310.4</ele>
      </trkpt>
      <trkpt lat="46.23519" lon="4.67752">
        <ele>308.0</ele>
      </trkpt>
      <trkpt lat="46.23557" lon="4.67741">
        <ele>306.2</ele>
      </trkpt>
      <trkpt lat="46.2361" lon="4.67711">
        <ele>305.5</ele>
      </trkpt>
      <trkpt lat="46.23621" lon="4.67692">
        <ele>305.7</ele>
      </trkpt>
      <trkpt lat="46.236825" lon="4.677265">
        <ele>307.4</ele>
      </trkpt>
      <trkpt lat="46.23699006404" lon="4.67727">
        <ele>308.1</ele>
      </trkpt>
      <trkpt lat="46.23749" lon="4.67704">
        <ele>312.2</ele>
      </trkpt>
      <trkpt lat="46.23838" lon="4.67689">
        <ele>320.5</ele>
      </trkpt>
      <trkpt lat="46.23898" lon="4.67738">
        <ele>326.1</ele>
      </trkpt>
      <trkpt lat="46.23946" lon="4.67747">
        <ele>330.9</ele>
      </trkpt>
      <trkpt lat="46.24054" lon="4.67791">
        <ele>342.9</ele>
      </trkpt>
      <trkpt lat="46.24099" lon="4.67791">
        <ele>347.3</ele>
      </trkpt>
      <trkpt lat="46.24178" lon="4.67776">
        <ele>353.2</ele>
      </trkpt>
      <trkpt lat="46.24195" lon="4.67766">
        <ele>354.6</ele>
      </trkpt>
      <trkpt lat="46.24212" lon="4.67739">
        <ele>355.3</ele>
      </trkpt>
      <trkpt lat="46.24296" lon="4.67694">
        <ele>360.3</ele>
      </trkpt>
      <trkpt lat="46.2438624" lon="4.6761836">
        <ele>367.8</ele>
      </trkpt>
      <trkpt lat="46.246398" lon="4.674288">
        <ele>388.6</ele>
      </trkpt>
      <trkpt lat="46.24682" lon="4.67394">
        <ele>393.0</ele>
      </trkpt>
      <trkpt lat="46.24724" lon="4.6734">
        <ele>397.9</ele>
      </trkpt>
      <trkpt lat="46.24737" lon="4.67333">
        <ele>399.3</ele>
      </trkpt>
      <trkpt lat="46.2475037" lon="4.6733524">
        <ele>400.2</ele>
      </trkpt>
      <trkpt lat="46.2476" lon="4.67345">
        <ele>401.4</ele>
      </trkpt>
      <trkpt lat="46.24764" lon="4.67361">
        <ele>402.3</ele>
      </trkpt>
      <trkpt lat="46.2476" lon="4.67381">
        <ele>402.8</ele>
      </trkpt>
      <trkpt lat="46.2468" lon="4.67494">
        <ele>410.6</ele>
      </trkpt>
      <trkpt lat="46.24547" lon="4.67727">
        <ele>423.7</ele>
      </trkpt>
      <trkpt lat="46.24517" lon="4.67793">
        <ele>427.5</ele>
      </trkpt>
      <trkpt lat="46.24517" lon="4.67809">
        <ele>428.3</ele>
      </trkpt>
      <trkpt lat="46.24524" lon="4.67821">
        <ele>429.5</ele>
      </trkpt>
      <trkpt lat="46.24541" lon="4.67817">
        <ele>430.4</ele>
      </trkpt>
      <trkpt lat="46.24584" lon="4.67739">
        <ele>434.8</ele>
      </trkpt>
      <trkpt lat="46.2465" lon="4.67685">
        <ele>440.5</ele>
      </trkpt>
      <trkpt lat="46.24738" lon="4.67639">
        <ele>446.8</ele>
      </trkpt>
      <trkpt lat="46.24811" lon="4.67588">
        <ele>452.5</ele>
      </trkpt>
      <trkpt lat="46.24951" lon="4.67537">
        <ele>461.9</ele>
      </trkpt>
      <trkpt lat="46.24982" lon="4.67519">
        <ele>464.7</ele>
      </trkpt>
      <trkpt lat="46.25062" lon="4.67443">
        <ele>470.9</ele>
      </trkpt>
      <trkpt lat="46.25171" lon="4.67325">
        <ele>480.8</ele>
      </trkpt>
      <trkpt lat="46.25243" lon="4.67275">
        <ele>486.6</ele>
      </trkpt>
      <trkpt lat="46.2535" lon="4.67222">
        <ele>494.7</ele>
      </trkpt>
      <trkpt lat="46.25377" lon="4.67194">
        <ele>497.5</ele>
      </trkpt>
      <trkpt lat="46.2538619" lon="4.6717287">
        <ele>498.2</ele>
      </trkpt>
      <trkpt lat="46.25388" lon="4.67153">
        <ele>499.5</ele>
      </trkpt>
      <trkpt lat="46.25374" lon="4.67118">
        <ele>501.4</ele>
      </trkpt>
      <trkpt lat="46.25375" lon="4.67091">
        <ele>502.6</ele>
      </trkpt>
      <trkpt lat="46.25401" lon="4.66993">
        <ele>508.2</ele>
      </trkpt>
      <trkpt lat="46.25439" lon="4.66889">
        <ele>513.6</ele>
      </trkpt>
      <trkpt lat="46.25464" lon="4.66831">
        <ele>516.5</ele>
      </trkpt>
      <trkpt lat="46.25541" lon="4.66727">
        <ele>524.9</ele>
      </trkpt>
      <trkpt lat="46.2556739" lon="4.6668089">
        <ele>527.7</ele>
      </trkpt>
      <trkpt lat="46.25638" lon="4.66514">
        <ele>537.0</ele>
      </trkpt>
      <trkpt lat="46.25698" lon="4.66387">
        <ele>544.5</ele>
      </trkpt>
      <trkpt lat="46.25712" lon="4.66349">
        <ele>547.2</ele>
      </trkpt>
      <trkpt lat="46.25767" lon="4.66146">
        <ele>557.5</ele>
      </trkpt>
      <trkpt lat="46.25765" lon="4.6612">
        <ele>559.8</ele>
      </trkpt>
      <trkpt lat="46.25749" lon="4.66099">
        <ele>560.6</ele>
      </trkpt>
      <trkpt lat="46.25731" lon="4.66099">
        <ele>562.0</ele>
      </trkpt>
      <trkpt lat="46.25692" lon="4.66112">
        <ele>564.9</ele>
      </trkpt>
      <trkpt lat="46.25677" lon="4.66107">
        <ele>565.7</ele>
      </trkpt>
      <trkpt lat="46.25667" lon="4.66091">
        <ele>566.4</ele>
      </trkpt>
      <trkpt lat="46.25644" lon="4.65933">
        <ele>574.3</ele>
      </trkpt>
      <trkpt lat="46.25644" lon="4.65897">
        <ele>576.7</ele>
      </trkpt>
      <trkpt lat="46.25651" lon="4.65887">
        <ele>577.3</ele>
      </trkpt>
      <trkpt lat="46.25659" lon="4.65887">
        <ele>577.9</ele>
      </trkpt>
      <trkpt lat="46.25671" lon="4.65902">
        <ele>578.7</ele>
      </trkpt>
      <trkpt lat="46.25693" lon="4.65961">
        <ele>582.0</ele>
      </trkpt>
      <trkpt lat="46.25708" lon="4.65987">
        <ele>583.9</ele>
      </trkpt>
      <trkpt lat="46.25729" lon="4.66001">
        <ele>586.3</ele>
      </trkpt>
      <trkpt lat="46.25793" lon="4.65971">
        <ele>590.1</ele>
      </trkpt>
      <trkpt lat="46.25928" lon="4.65967">
        <ele>600.0</ele>
      </trkpt>
      <trkpt lat="46.25971" lon="4.65978">
        <ele>603.5</ele>
      </trkpt>
      <trkpt lat="46.260480068644" lon="4.66031">
        <ele>609.7</ele>
      </trkpt>
      <trkpt lat="46.26019" lon="4.66071">
        <ele>607.7</ele>
      </trkpt>
      <trkpt lat="46.25947" lon="4.66205">
        <ele>599.6</ele>
      </trkpt>
      <trkpt lat="46.25901" lon="4.66312">
        <ele>592.9</ele>
      </trkpt>
      <trkpt lat="46.25794" lon="4.66452">
        <ele>583.4</ele>
      </trkpt>
      <trkpt lat="46.25748" lon="4.66541">
        <ele>580.3</ele>
      </trkpt>
      <trkpt lat="46.25731" lon="4.66597">
        <ele>579.0</ele>
      </trkpt>
      <trkpt lat="46.25692" lon="4.66786">
        <ele>575.4</ele>
      </trkpt>
      <trkpt lat="46.25666" lon="4.66931">
        <ele>570.8</ele>
      </trkpt>
      <trkpt lat="46.25656" lon="4.67024">
        <ele>566.9</ele>
      </trkpt>
      <trkpt lat="46.25645" lon="4.67083">
        <ele>564.8</ele>
      </trkpt>
      <trkpt lat="46.2562974" lon="4.6713682">
        <ele>562.7</ele>
      </trkpt>
      <trkpt lat="46.25616" lon="4.67165">
        <ele>561.6</ele>
      </trkpt>
      <trkpt lat="46.25512" lon="4.67323">
        <ele>552.0</ele>
      </trkpt>
      <trkpt lat="46.25448" lon="4.67395">
        <ele>546.8</ele>
      </trkpt>
      <trkpt lat="46.25417" lon="4.67418">
        <ele>544.3</ele>
      </trkpt>
      <trkpt lat="46.25301" lon="4.67445">
        <ele>536.1</ele>
      </trkpt>
      <trkpt lat="46.25233" lon="4.67481">
        <ele>530.9</ele>
      </trkpt>
      <trkpt lat="46.2518399" lon="4.6752717">
        <ele>526.5</ele>
      </trkpt>
      <trkpt lat="46.25127" lon="4.67603">
        <ele>521.7</ele>
      </trkpt>
      <trkpt lat="46.25047" lon="4.6769">
        <ele>516.1</ele>
      </trkpt>
      <trkpt lat="46.25044" lon="4.67714">
        <ele>515.4</ele>
      </trkpt>
      <trkpt lat="46.2505" lon="4.67728">
        <ele>514.9</ele>
      </trkpt>
      <trkpt lat="46.2506" lon="4.67734">
        <ele>513.7</ele>
      </trkpt>
      <trkpt lat="46.25133" lon="4.67739">
        <ele>508.7</ele>
      </trkpt>
      <trkpt lat="46.25206" lon="4.67733">
        <ele>503.8</ele>
      </trkpt>
      <trkpt lat="46.25237" lon="4.67744">
        <ele>501.0</ele>
      </trkpt>
      <trkpt lat="46.25284" lon="4.67783">
        <ele>497.7</ele>
      </trkpt>
      <trkpt lat="46.25311" lon="4.67795">
        <ele>495.5</ele>
      </trkpt>
      <trkpt lat="46.25348" lon="4.67795">
        <ele>493.0</ele>
      </trkpt>
      <trkpt lat="46.25409" lon="4.67773">
        <ele>488.7</ele>
      </trkpt>
      <trkpt lat="46.25444" lon="4.67752">
        <ele>486.9</ele>
      </trkpt>
      <trkpt lat="46.25483" lon="4.6771">
        <ele>483.9</ele>
      </trkpt>
      <trkpt lat="46.2549" lon="4.67715">
        <ele>483.2</ele>
      </trkpt>
      <trkpt lat="46.25486" lon="4.67736">
        <ele>482.5</ele>
      </trkpt>
      <trkpt lat="46.25441" lon="4.67798">
        <ele>477.3</ele>
      </trkpt>
      <trkpt lat="46.2533" lon="4.67897">
        <ele>468.0</ele>
      </trkpt>
      <trkpt lat="46.25277" lon="4.67912">
        <ele>464.1</ele>
      </trkpt>
      <trkpt lat="46.25153" lon="4.67884">
        <ele>455.7</ele>
      </trkpt>
      <trkpt lat="46.25119" lon="4.67896">
        <ele>453.2</ele>
      </trkpt>
      <trkpt lat="46.25036" lon="4.67992">
        <ele>445.8</ele>
      </trkpt>
      <trkpt lat="46.2498919" lon="4.6807161">
        <ele>441.5</ele>
      </trkpt>
      <trkpt lat="46.24949" lon="4.68159">
        <ele>436.7</ele>
      </trkpt>
      <trkpt lat="46.24931" lon="4.68183">
        <ele>434.9</ele>
      </trkpt>
      <trkpt lat="46.24874" lon="4.68242">
        <ele>430.3</ele>
      </trkpt>
      <trkpt lat="46.24849" lon="4.68254">
        <ele>428.8</ele>
      </trkpt>
      <trkpt lat="46.24808" lon="4.68248">
        <ele>426.1</ele>
      </trkpt>
      <trkpt lat="46.24799" lon="4.68254">
        <ele>425.4</ele>
      </trkpt>
      <trkpt lat="46.24793" lon="4.68271">
        <ele>424.9</ele>
      </trkpt>
      <trkpt lat="46.24796" lon="4.68283">
        <ele>424.3</ele>
      </trkpt>
      <trkpt lat="46.2481417" lon="4.6829572">
        <ele>422.5</ele>
      </trkpt>
      <trkpt lat="46.24897" lon="4.68311">
        <ele>417.3</ele>
      </trkpt>
      <trkpt lat="46.24966" lon="4.68293">
        <ele>412.8</ele>
      </trkpt>
      <trkpt lat="46.25055" lon="4.68249">
        <ele>407.3</ele>
      </trkpt>
      <trkpt lat="46.25104" lon="4.6824">
        <ele>404.0</ele>
      </trkpt>
      <trkpt lat="46.25156" lon="4.68222">
        <ele>400.6</ele>
      </trkpt>
      <trkpt lat="46.25247" lon="4.68221">
        <ele>394.9</ele>
      </trkpt>
      <trkpt lat="46.25263" lon="4.68229">
        <ele>393.9</ele>
      </trkpt>
      <trkpt lat="46.2526" lon="4.68248">
        <ele>392.9</ele>
      </trkpt>
      <trkpt lat="46.2521" lon="4.68336">
        <ele>386.8</ele>
      </trkpt>
      <trkpt lat="46.25192" lon="4.68359">
        <ele>384.8</ele>
      </trkpt>
      <trkpt lat="46.25164" lon="4.68384">
        <ele>382.8</ele>
      </trkpt>
      <trkpt lat="46.25107" lon="4.68419">
        <ele>378.1</ele>
      </trkpt>
      <trkpt lat="46.2504" lon="4.68477">
        <ele>374.2</ele>
      </trkpt>
      <trkpt lat="46.2501" lon="4.68508">
        <ele>372.8</ele>
      </trkpt>
      <trkpt lat="46.24928" lon="4.68614">
        <ele>366.9</ele>
      </trkpt>
      <trkpt lat="46.24898" lon="4.68626">
        <ele>364.6</ele>
      </trkpt>
      <trkpt lat="46.24851" lon="4.68632">
        <ele>360.7</ele>
      </trkpt>
      <trkpt lat="46.24827" lon="4.68654">
        <ele>357.8</ele>
      </trkpt>
      <trkpt lat="46.24766" lon="4.68789">
        <ele>348.7</ele>
      </trkpt>
      <trkpt lat="46.24738" lon="4.68829">
        <ele>346.3</ele>
      </trkpt>
      <trkpt lat="46.24731" lon="4.68845">
        <ele>345.0</ele>
      </trkpt>
      <trkpt lat="46.24733" lon="4.68859">
        <ele>344.3</ele>
      </trkpt>
      <trkpt lat="46.24751" lon="4.68875">
        <ele>342.9</ele>
      </trkpt>
      <trkpt lat="46.24806" lon="4.68881">
        <ele>339.2</ele>
      </trkpt>
      <trkpt lat="46.24881" lon="4.68963">
        <ele>335.1</ele>
      </trkpt>
      <trkpt lat="46.24893" lon="4.68925">
        <ele>337.0</ele>
      </trkpt>
      <trkpt lat="46.249182873559" lon="4.6888041">
        <ele>340.7</ele>
      </trkpt>
      <trkpt lat="46.2496194" lon="4.6885048">
        <ele>343.2</ele>
      </trkpt>
      <trkpt lat="46.2500028" lon="4.6877735">
        <ele>346.8</ele>
      </trkpt>
      <trkpt lat="46.25017" lon="4.68758">
        <ele>347.6</ele>
      </trkpt>
      <trkpt lat="46.25029" lon="4.68756">
        <ele>347.9</ele>
      </trkpt>
      <trkpt lat="46.2505" lon="4.68782">
        <ele>348.8</ele>
      </trkpt>
      <trkpt lat="46.25065" lon="4.68861">
        <ele>351.1</ele>
      </trkpt>
      <trkpt lat="46.25122" lon="4.6891">
        <ele>354.8</ele>
      </trkpt>
      <trkpt lat="46.25126" lon="4.68935">
        <ele>355.2</ele>
      </trkpt>
      <trkpt lat="46.25123" lon="4.68988">
        <ele>357.9</ele>
      </trkpt>
      <trkpt lat="46.25131" lon="4.69017">
        <ele>359.5</ele>
      </trkpt>
      <trkpt lat="46.25139" lon="4.69026">
        <ele>360.2</ele>
      </trkpt>
      <trkpt lat="46.25192" lon="4.6904">
        <ele>364.1</ele>
      </trkpt>
      <trkpt lat="46.25277" lon="4.69038">
        <ele>371.2</ele>
      </trkpt>
      <trkpt lat="46.25437" lon="4.68966">
        <ele>386.1</ele>
      </trkpt>
      <trkpt lat="46.25454" lon="4.68975">
        <ele>387.5</ele>
      </trkpt>
      <trkpt lat="46.25459" lon="4.68993">
        <ele>388.3</ele>
      </trkpt>
      <trkpt lat="46.25464" lon="4.69057">
        <ele>391.2</ele>
      </trkpt>
      <trkpt lat="46.25462" lon="4.69086">
        <ele>392.7</ele>
      </trkpt>
      <trkpt lat="46.25428" lon="4.6916">
        <ele>397.7</ele>
      </trkpt>
      <trkpt lat="46.25425" lon="4.69186">
        <ele>399.3</ele>
      </trkpt>
      <trkpt lat="46.25441" lon="4.69207">
        <ele>401.0</ele>
      </trkpt>
      <trkpt lat="46.25464" lon="4.69214">
        <ele>402.4</ele>
      </trkpt>
      <trkpt lat="46.25543" lon="4.69182">
        <ele>408.5</ele>
      </trkpt>
      <trkpt lat="46.25567" lon="4.69196">
        <ele>409.8</ele>
      </trkpt>
      <trkpt lat="46.25605" lon="4.69244">
        <ele>413.4</ele>
      </trkpt>
      <trkpt lat="46.25635" lon="4.69311">
        <ele>417.7</ele>
      </trkpt>
      <trkpt lat="46.25678" lon="4.69543">
        <ele>431.7</ele>
      </trkpt>
      <trkpt lat="46.25717" lon="4.69671">
        <ele>441.7</ele>
      </trkpt>
      <trkpt lat="46.25752" lon="4.6973">
        <ele>436.3</ele>
      </trkpt>
      <trkpt lat="46.25775" lon="4.69757">
        <ele>433.3</ele>
      </trkpt>
      <trkpt lat="46.25869" lon="4.6982">
        <ele>426.2</ele>
      </trkpt>
      <trkpt lat="46.25896" lon="4.69848">
        <ele>424.8</ele>
      </trkpt>
      <trkpt lat="46.25905" lon="4.69919">
        <ele>421.0</ele>
      </trkpt>
      <trkpt lat="46.25905" lon="4.6995">
        <ele>419.3</ele>
      </trkpt>
      <trkpt lat="46.25897" lon="4.6996">
        <ele>419.0</ele>
      </trkpt>
      <trkpt lat="46.25889" lon="4.69956">
        <ele>418.0</ele>
      </trkpt>
      <trkpt lat="46.25872" lon="4.69914">
        <ele>416.3</ele>
      </trkpt>
      <trkpt lat="46.25863" lon="4.69905">
        <ele>416.1</ele>
      </trkpt>
      <trkpt lat="46.25844" lon="4.69907">
        <ele>414.5</ele>
      </trkpt>
      <trkpt lat="46.25834" lon="4.69934">
        <ele>413.1</ele>
      </trkpt>
      <trkpt lat="46.25858" lon="4.69996">
        <ele>408.6</ele>
      </trkpt>
      <trkpt lat="46.25863" lon="4.70034">
        <ele>406.4</ele>
      </trkpt>
      <trkpt lat="46.25854" lon="4.70149">
        <ele>398.9</ele>
      </trkpt>
      <trkpt lat="46.25861" lon="4.70292">
        <ele>390.8</ele>
      </trkpt>
      <trkpt lat="46.2591" lon="4.70484">
        <ele>379.4</ele>
      </trkpt>
      <trkpt lat="46.25914" lon="4.70511">
        <ele>377.5</ele>
      </trkpt>
      <trkpt lat="46.25913" lon="4.70548">
        <ele>375.4</ele>
      </trkpt>
      <trkpt lat="46.25876" lon="4.70982">
        <ele>355.2</ele>
      </trkpt>
      <trkpt lat="46.2585789" lon="4.7106995">
        <ele>350.8</ele>
      </trkpt>
      <trkpt lat="46.25817" lon="4.71198">
        <ele>343.9</ele>
      </trkpt>
      <trkpt lat="46.25808" lon="4.7121">
        <ele>342.6</ele>
      </trkpt>
      <trkpt lat="46.25798" lon="4.7121">
        <ele>341.6</ele>
      </trkpt>
      <trkpt lat="46.25786" lon="4.71195">
        <ele>340.5</ele>
      </trkpt>
      <trkpt lat="46.2574" lon="4.71057">
        <ele>331.9</ele>
      </trkpt>
      <trkpt lat="46.25719" lon="4.71026">
        <ele>330.3</ele>
      </trkpt>
      <trkpt lat="46.25696" lon="4.71027">
        <ele>329.7</ele>
      </trkpt>
      <trkpt lat="46.25679" lon="4.71061">
        <ele>328.3</ele>
      </trkpt>
      <trkpt lat="46.2568609" lon="4.7117705">
        <ele>324.6</ele>
      </trkpt>
      <trkpt lat="46.25701" lon="4.71228">
        <ele>322.6</ele>
      </trkpt>
      <trkpt lat="46.25703" lon="4.71251">
        <ele>321.6</ele>
      </trkpt>
      <trkpt lat="46.25667" lon="4.7145">
        <ele>315.0</ele>
      </trkpt>
      <trkpt lat="46.25665" lon="4.71481">
        <ele>312.5</ele>
      </trkpt>
      <trkpt lat="46.25677" lon="4.71557">
        <ele>308.5</ele>
      </trkpt>
      <trkpt lat="46.25676" lon="4.71589">
        <ele>306.7</ele>
      </trkpt>
      <trkpt lat="46.2565761" lon="4.7168823">
        <ele>301.2</ele>
      </trkpt>
      <trkpt lat="46.25637" lon="4.71854">
        <ele>292.9</ele>
      </trkpt>
      <trkpt lat="46.25626" lon="4.71879">
        <ele>292.0</ele>
      </trkpt>
      <trkpt lat="46.25539" lon="4.71965">
        <ele>290.4</ele>
      </trkpt>
      <trkpt lat="46.25507" lon="4.72005">
        <ele>289.5</ele>
      </trkpt>
      <trkpt lat="46.25487" lon="4.72056">
        <ele>288.4</ele>
      </trkpt>
      <trkpt lat="46.25475" lon="4.72125">
        <ele>286.1</ele>
      </trkpt>
      <trkpt lat="46.25414" lon="4.72277">
        <ele>277.7</ele>
      </trkpt>
      <trkpt lat="46.25372" lon="4.72407">
        <ele>274.1</ele>
      </trkpt>
      <trkpt lat="46.25344" lon="4.72453">
        <ele>273.7</ele>
      </trkpt>
      <trkpt lat="46.2527414" lon="4.7252635">
        <ele>273.0</ele>
      </trkpt>
      <trkpt lat="46.25254" lon="4.72573">
        <ele>272.6</ele>
      </trkpt>
      <trkpt lat="46.25219" lon="4.72725">
        <ele>268.6</ele>
      </trkpt>
      <trkpt lat="46.25215" lon="4.72852">
        <ele>269.1</ele>
      </trkpt>
      <trkpt lat="46.25184" lon="4.73129">
        <ele>267.2</ele>
      </trkpt>
      <trkpt lat="46.25179" lon="4.73282">
        <ele>265.3</ele>
      </trkpt>
      <trkpt lat="46.25171" lon="4.73363">
        <ele>264.3</ele>
      </trkpt>
      <trkpt lat="46.25165" lon="4.73378">
        <ele>264.4</ele>
      </trkpt>
      <trkpt lat="46.25129" lon="4.73301">
        <ele>267.6</ele>
      </trkpt>
      <trkpt lat="46.25124" lon="4.73276">
        <ele>268.8</ele>
      </trkpt>
      <trkpt lat="46.25126" lon="4.73215">
        <ele>271.5</ele>
      </trkpt>
      <trkpt lat="46.2511221" lon="4.7312565">
        <ele>275.6</ele>
      </trkpt>
      <trkpt lat="46.2509633" lon="4.7308328">
        <ele>277.9</ele>
      </trkpt>
      <trkpt lat="46.25078" lon="4.73067">
        <ele>279.0</ele>
      </trkpt>
      <trkpt lat="46.25037" lon="4.73053">
        <ele>281.8</ele>
      </trkpt>
      <trkpt lat="46.24999" lon="4.73048">
        <ele>283.5</ele>
      </trkpt>
      <trkpt lat="46.24922" lon="4.73068">
        <ele>287.9</ele>
      </trkpt>
      <trkpt lat="46.24904" lon="4.73078">
        <ele>289.3</ele>
      </trkpt>
      <trkpt lat="46.24891" lon="4.73096">
        <ele>290.6</ele>
      </trkpt>
      <trkpt lat="46.24865" lon="4.73188">
        <ele>294.9</ele>
      </trkpt>
      <trkpt lat="46.24856" lon="4.73206">
        <ele>295.7</ele>
      </trkpt>
      <trkpt lat="46.24843" lon="4.73213">
        <ele>296.9</ele>
      </trkpt>
      <trkpt lat="46.2482818" lon="4.732087">
        <ele>297.9</ele>
      </trkpt>
      <trkpt lat="46.24793" lon="4.73175">
        <ele>300.5</ele>
      </trkpt>
      <trkpt lat="46.24757" lon="4.73935">
        <ele>302.8</ele>
      </trkpt>
      <trkpt lat="46.24751" lon="4.73967">
        <ele>303.9</ele>
      </trkpt>
      <trkpt lat="46.24644" lon="4.74187">
        <ele>308.7</ele>
      </trkpt>
      <trkpt lat="46.24611" lon="4.74241">
        <ele>308.9</ele>
      </trkpt>
      <trkpt lat="46.2459153" lon="4.7426278">
        <ele>309.0</ele>
      </trkpt>
      <trkpt lat="46.24559" lon="4.74282">
        <ele>309.3</ele>
      </trkpt>
      <trkpt lat="46.24511" lon="4.74281">
        <ele>309.5</ele>
      </trkpt>
      <trkpt lat="46.24506" lon="4.74386">
        <ele>307.4</ele>
      </trkpt>
      <trkpt lat="46.2450072" lon="4.7440921">
        <ele>306.7</ele>
      </trkpt>
      <trkpt lat="46.24485" lon="4.74444">
        <ele>304.5</ele>
      </trkpt>
      <trkpt lat="46.244" lon="4.74554">
        <ele>296.6</ele>
      </trkpt>
      <trkpt lat="46.24393" lon="4.74596">
        <ele>294.4</ele>
      </trkpt>
      <trkpt lat="46.24397" lon="4.7465">
        <ele>292.3</ele>
      </trkpt>
      <trkpt lat="46.24394" lon="4.74692">
        <ele>290.2</ele>
      </trkpt>
      <trkpt lat="46.24331" lon="4.74821">
        <ele>282.6</ele>
      </trkpt>
      <trkpt lat="46.24237" lon="4.74913">
        <ele>275.6</ele>
      </trkpt>
      <trkpt lat="46.24209" lon="4.7493">
        <ele>274.7</ele>
      </trkpt>
      <trkpt lat="46.24215" lon="4.74862">
        <ele>274.8</ele>
      </trkpt>
      <trkpt lat="46.24204" lon="4.74765">
        <ele>274.9</ele>
      </trkpt>
      <trkpt lat="46.24217" lon="4.74406">
        <ele>280.3</ele>
      </trkpt>
      <trkpt lat="46.24252" lon="4.74086">
        <ele>279.6</ele>
      </trkpt>
      <trkpt lat="46.24265" lon="4.74011">
        <ele>279.2</ele>
      </trkpt>
      <trkpt lat="46.2432" lon="4.73825">
        <ele>276.9</ele>
      </trkpt>
      <trkpt lat="46.24324" lon="4.73591">
        <ele>272.9</ele>
      </trkpt>
      <trkpt lat="46.24359" lon="4.73485">
        <ele>273.2</ele>
      </trkpt>
      <trkpt lat="46.24379" lon="4.73362">
        <ele>273.3</ele>
      </trkpt>
      <trkpt lat="46.24371" lon="4.73266">
        <ele>273.1</ele>
      </trkpt>
      <trkpt lat="46.24353" lon="4.73179">
        <ele>273.1</ele>
      </trkpt>
      <trkpt lat="46.2431" lon="4.73092">
        <ele>273.4</ele>
      </trkpt>
      <trkpt lat="46.24301" lon="4.73062">
        <ele>273.7</ele>
      </trkpt>
      <trkpt lat="46.24307" lon="4.72958">
        <ele>276.2</ele>
      </trkpt>
      <trkpt lat="46.2429" lon="4.72707">
        <ele>281.4</ele>
      </trkpt>
      <trkpt lat="46.24248" lon="4.72625">
        <ele>282.3</ele>
      </trkpt>
      <trkpt lat="46.24219" lon="4.72501">
        <ele>284.5</ele>
      </trkpt>
      <trkpt lat="46.24207" lon="4.72466">
        <ele>285.4</ele>
      </trkpt>
      <trkpt lat="46.24111" lon="4.72298">
        <ele>290.1</ele>
      </trkpt>
      <trkpt lat="46.24066" lon="4.72203">
        <ele>294.6</ele>
      </trkpt>
      <trkpt lat="46.23974" lon="4.71897">
        <ele>298.4</ele>
      </trkpt>
      <trkpt lat="46.2393" lon="4.71831">
        <ele>295.2</ele>
      </trkpt>
      <trkpt lat="46.23914" lon="4.71797">
        <ele>293.1</ele>
      </trkpt>
      <trkpt lat="46.23883" lon="4.71607">
        <ele>293.0</ele>
      </trkpt>
      <trkpt lat="46.23873" lon="4.71571">
        <ele>294.0</ele>
      </trkpt>
      <trkpt lat="46.23847" lon="4.71521">
        <ele>293.9</ele>
      </trkpt>
      <trkpt lat="46.237978" lon="4.7144474">
        <ele>292.7</ele>
      </trkpt>
      <trkpt lat="46.23673" lon="4.71295">
        <ele>289.2</ele>
      </trkpt>
      <trkpt lat="46.23624" lon="4.7122">
        <ele>284.2</ele>
      </trkpt>
      <trkpt lat="46.2361" lon="4.71178">
        <ele>282.0</ele>
      </trkpt>
      <trkpt lat="46.23599" lon="4.71121">
        <ele>279.2</ele>
      </trkpt>
      <trkpt lat="46.23588" lon="4.71023">
        <ele>274.3</ele>
      </trkpt>
      <trkpt lat="46.23576" lon="4.71005">
        <ele>273.2</ele>
      </trkpt>
      <trkpt lat="46.23551" lon="4.71013">
        <ele>271.2</ele>
      </trkpt>
      <trkpt lat="46.23469" lon="4.71089">
        <ele>268.1</ele>
      </trkpt>
      <trkpt lat="46.2346" lon="4.71217">
        <ele>267.6</ele>
      </trkpt>
      <trkpt lat="46.23453" lon="4.71244">
        <ele>267.1</ele>
      </trkpt>
      <trkpt lat="46.23429" lon="4.71296">
        <ele>265.6</ele>
      </trkpt>
      <trkpt lat="46.23341" lon="4.71455">
        <ele>258.5</ele>
      </trkpt>
      <trkpt lat="46.23291" lon="4.71408">
        <ele>256.2</ele>
      </trkpt>
      <trkpt lat="46.23263" lon="4.71368">
        <ele>255.6</ele>
      </trkpt>
      <trkpt lat="46.23243" lon="4.71319">
        <ele>255.0</ele>
      </trkpt>
      <trkpt lat="46.23233" lon="4.71262">
        <ele>254.0</ele>
      </trkpt>
      <trkpt lat="46.23233" lon="4.71195">
        <ele>252.0</ele>
      </trkpt>
      <trkpt lat="46.23247" lon="4.71044">
        <ele>245.4</ele>
      </trkpt>
      <trkpt lat="46.23241" lon="4.71013">
        <ele>244.8</ele>
      </trkpt>
      <trkpt lat="46.23226" lon="4.70992">
        <ele>244.8</ele>
      </trkpt>
      <trkpt lat="46.23194" lon="4.70577">
        <ele>250.3</ele>
      </trkpt>
      <trkpt lat="46.230454" lon="4.7002727">
        <ele>248.5</ele>
      </trkpt>
      <trkpt lat="46.23028" lon="4.69993">
        <ele>248.8</ele>
      </trkpt>
      <trkpt lat="46.22976" lon="4.69948">
        <ele>249.3</ele>
      </trkpt>
      <trkpt lat="46.22956" lon="4.69924">
        <ele>249.8</ele>
      </trkpt>
      <trkpt lat="46.22942" lon="4.69921">
        <ele>250.1</ele>
      </trkpt>
      <trkpt lat="46.22933" lon="4.69931">
        <ele>250.3</ele>
      </trkpt>
      <trkpt lat="46.22912" lon="4.69965">
        <ele>250.9</ele>
      </trkpt>
      <trkpt lat="46.22908" lon="4.69987">
        <ele>251.2</ele>
      </trkpt>
      <trkpt lat="46.2292" lon="4.70089">
        <ele>252.4</ele>
      </trkpt>
      <trkpt lat="46.22959" lon="4.70222">
        <ele>252.4</ele>
      </trkpt>
      <trkpt lat="46.22957" lon="4.70316">
        <ele>250.7</ele>
      </trkpt>
      <trkpt lat="46.22966" lon="4.70376">
        <ele>249.5</ele>
      </trkpt>
      <trkpt lat="46.2296573" lon="4.7042069">
        <ele>248.4</ele>
      </trkpt>
      <trkpt lat="46.22934" lon="4.70585">
        <ele>248.4</ele>
      </trkpt>
      <trkpt lat="46.22917" lon="4.70701">
        <ele>252.1</ele>
      </trkpt>
      <trkpt lat="46.22903" lon="4.70739">
        <ele>253.5</ele>
      </trkpt>
      <trkpt lat="46.22882" lon="4.70769">
        <ele>255.7</ele>
      </trkpt>
      <trkpt lat="46.22876" lon="4.70792">
        <ele>256.3</ele>
      </trkpt>
      <trkpt lat="46.22877" lon="4.70815">
        <ele>257.0</ele>
      </trkpt>
      <trkpt lat="46.22884" lon="4.70835">
        <ele>257.9</ele>
      </trkpt>
      <trkpt lat="46.2292" lon="4.70901">
        <ele>260.7</ele>
      </trkpt>
      <trkpt lat="46.22927" lon="4.70923">
        <ele>261.3</ele>
      </trkpt>
      <trkpt lat="46.22929" lon="4.70961">
        <ele>262.6</ele>
      </trkpt>
      <trkpt lat="46.2292" lon="4.710065">
        <ele>264.8</ele>
      </trkpt>
      <trkpt lat="46.22853" lon="4.71222">
        <ele>272.9</ele>
      </trkpt>
      <trkpt lat="46.22819" lon="4.7131">
        <ele>272.8</ele>
      </trkpt>
      <trkpt lat="46.22806" lon="4.71327">
        <ele>272.7</ele>
      </trkpt>
      <trkpt lat="46.22783" lon="4.71338">
        <ele>272.9</ele>
      </trkpt>
      <trkpt lat="46.22753" lon="4.71332">
        <ele>274.7</ele>
      </trkpt>
      <trkpt lat="46.22722" lon="4.71317">
        <ele>276.5</ele>
      </trkpt>
      <trkpt lat="46.22698" lon="4.71326">
        <ele>278.5</ele>
      </trkpt>
      <trkpt lat="46.2263859" lon="4.7151381">
        <ele>286.4</ele>
      </trkpt>
      <trkpt lat="46.22591" lon="4.71596">
        <ele>289.9</ele>
      </trkpt>
      <trkpt lat="46.22558" lon="4.71643">
        <ele>289.8</ele>
      </trkpt>
      <trkpt lat="46.22529" lon="4.71659">
        <ele>289.1</ele>
      </trkpt>
      <trkpt lat="46.22493" lon="4.7165">
        <ele>288.2</ele>
      </trkpt>
      <trkpt lat="46.22475" lon="4.71635">
        <ele>287.8</ele>
      </trkpt>
      <trkpt lat="46.22432" lon="4.71576">
        <ele>287.9</ele>
      </trkpt>
      <trkpt lat="46.22412" lon="4.71565">
        <ele>288.2</ele>
      </trkpt>
      <trkpt lat="46.22398" lon="4.71568">
        <ele>288.4</ele>
      </trkpt>
      <trkpt lat="46.22386" lon="4.71588">
        <ele>289.2</ele>
      </trkpt>
      <trkpt lat="46.2238" lon="4.71643">
        <ele>291.2</ele>
      </trkpt>
      <trkpt lat="46.22364" lon="4.71676">
        <ele>292.2</ele>
      </trkpt>
      <trkpt lat="46.22295" lon="4.71731">
        <ele>295.7</ele>
      </trkpt>
      <trkpt lat="46.22238" lon="4.71787">
        <ele>296.1</ele>
      </trkpt>
      <trkpt lat="46.22216" lon="4.71832">
        <ele>296.1</ele>
      </trkpt>
      <trkpt lat="46.2217" lon="4.71893">
        <ele>297.6</ele>
      </trkpt>
      <trkpt lat="46.22115" lon="4.71932">
        <ele>301.6</ele>
      </trkpt>
      <trkpt lat="46.22039" lon="4.71953">
        <ele>306.4</ele>
      </trkpt>
      <trkpt lat="46.21961" lon="4.71919">
        <ele>310.0</ele>
      </trkpt>
      <trkpt lat="46.21909" lon="4.71875">
        <ele>311.4</ele>
      </trkpt>
      <trkpt lat="46.21897" lon="4.71833">
        <ele>312.2</ele>
      </trkpt>
      <trkpt lat="46.21879" lon="4.71732">
        <ele>314.3</ele>
      </trkpt>
      <trkpt lat="46.21875" lon="4.71721">
        <ele>314.5</ele>
      </trkpt>
      <trkpt lat="46.21856" lon="4.717">
        <ele>314.3</ele>
      </trkpt>
      <trkpt lat="46.21864" lon="4.71788">
        <ele>310.1</ele>
      </trkpt>
      <trkpt lat="46.2188" lon="4.7188">
        <ele>305.4</ele>
      </trkpt>
      <trkpt lat="46.2189" lon="4.71922">
        <ele>303.5</ele>
      </trkpt>
      <trkpt lat="46.21914" lon="4.7199">
        <ele>299.8</ele>
      </trkpt>
      <trkpt lat="46.21915" lon="4.72006">
        <ele>298.9</ele>
      </trkpt>
      <trkpt lat="46.21908" lon="4.72016">
        <ele>297.9</ele>
      </trkpt>
      <trkpt lat="46.21896" lon="4.72019">
        <ele>296.9</ele>
      </trkpt>
      <trkpt lat="46.21859" lon="4.72002">
        <ele>293.6</ele>
      </trkpt>
      <trkpt lat="46.21852" lon="4.72004">
        <ele>293.2</ele>
      </trkpt>
      <trkpt lat="46.21846" lon="4.72015">
        <ele>292.8</ele>
      </trkpt>
      <trkpt lat="46.21849" lon="4.72042">
        <ele>290.9</ele>
      </trkpt>
      <trkpt lat="46.21873" lon="4.72076">
        <ele>288.8</ele>
      </trkpt>
      <trkpt lat="46.21881" lon="4.72102">
        <ele>287.7</ele>
      </trkpt>
      <trkpt lat="46.21708" lon="4.71998">
        <ele>278.2</ele>
      </trkpt>
      <trkpt lat="46.21642" lon="4.71972">
        <ele>273.7</ele>
      </trkpt>
      <trkpt lat="46.21618" lon="4.71933">
        <ele>271.9</ele>
      </trkpt>
      <trkpt lat="46.21487" lon="4.71893">
        <ele>262.0</ele>
      </trkpt>
      <trkpt lat="46.21469" lon="4.71892">
        <ele>261.0</ele>
      </trkpt>
      <trkpt lat="46.21456" lon="4.72001">
        <ele>258.5</ele>
      </trkpt>
      <trkpt lat="46.21445" lon="4.72053">
        <ele>258.7</ele>
      </trkpt>
      <trkpt lat="46.21405" lon="4.72035">
        <ele>258.5</ele>
      </trkpt>
      <trkpt lat="46.21305" lon="4.72023">
        <ele>261.4</ele>
      </trkpt>
      <trkpt lat="46.21189" lon="4.71963">
        <ele>264.9</ele>
      </trkpt>
      <trkpt lat="46.21147" lon="4.71949">
        <ele>264.2</ele>
      </trkpt>
      <trkpt lat="46.21124" lon="4.71955">
        <ele>264.1</ele>
      </trkpt>
      <trkpt lat="46.21084" lon="4.71986">
        <ele>265.0</ele>
      </trkpt>
      <trkpt lat="46.21056" lon="4.71997">
        <ele>266.7</ele>
      </trkpt>
      <trkpt lat="46.21037" lon="4.71994">
        <ele>268.1</ele>
      </trkpt>
      <trkpt lat="46.20981" lon="4.71964">
        <ele>272.2</ele>
      </trkpt>
      <trkpt lat="46.20957" lon="4.71964">
        <ele>273.4</ele>
      </trkpt>
      <trkpt lat="46.20935" lon="4.71973">
        <ele>275.1</ele>
      </trkpt>
      <trkpt lat="46.20897" lon="4.72004">
        <ele>277.5</ele>
      </trkpt>
      <trkpt lat="46.20867" lon="4.72015">
        <ele>279.2</ele>
      </trkpt>
      <trkpt lat="46.20856" lon="4.72027">
        <ele>279.5</ele>
      </trkpt>
      <trkpt lat="46.20725" lon="4.72107">
        <ele>282.5</ele>
      </trkpt>
      <trkpt lat="46.20683" lon="4.72144">
        <ele>279.9</ele>
      </trkpt>
      <trkpt lat="46.20547" lon="4.72382">
        <ele>263.4</ele>
      </trkpt>
      <trkpt lat="46.20411" lon="4.72593">
        <ele>263.6</ele>
      </trkpt>
      <trkpt lat="46.20395" lon="4.72608">
        <ele>263.1</ele>
      </trkpt>
      <trkpt lat="46.20306" lon="4.72653">
        <ele>258.1</ele>
      </trkpt>
      <trkpt lat="46.2025549" lon="4.7270201">
        <ele>255.6</ele>
      </trkpt>
      <trkpt lat="46.20205" lon="4.72822">
        <ele>248.8</ele>
      </trkpt>
      <trkpt lat="46.20183" lon="4.72863">
        <ele>247.1</ele>
      </trkpt>
      <trkpt lat="46.2007" lon="4.73044">
        <ele>236.8</ele>
      </trkpt>
      <trkpt lat="46.20011" lon="4.73122">
        <ele>230.4</ele>
      </trkpt>
      <trkpt lat="46.19978" lon="4.73129">
        <ele>228.0</ele>
      </trkpt>
      <trkpt lat="46.19741" lon="4.73079">
        <ele>213.1</ele>
      </trkpt>
      <trkpt lat="46.19705" lon="4.73078">
        <ele>211.3</ele>
      </trkpt>
      <trkpt lat="46.19588" lon="4.73151">
        <ele>205.7</ele>
      </trkpt>
      <trkpt lat="46.19502" lon="4.73217">
        <ele>201.2</ele>
      </trkpt>
      <trkpt lat="46.19147" lon="4.73443">
        <ele>202.2</ele>
      </trkpt>
      <trkpt lat="46.19065" lon="4.73479">
        <ele>204.5</ele>
      </trkpt>
      <trkpt lat="46.18997" lon="4.73473">
        <ele>206.3</ele>
      </trkpt>
      <trkpt lat="46.18968" lon="4.73493">
        <ele>206.6</ele>
      </trkpt>
      <trkpt lat="46.1894469" lon="4.7346754">
        <ele>206.8</ele>
      </trkpt>
      <trkpt lat="46.18918" lon="4.7342">
        <ele>206.4</ele>
      </trkpt>
      <trkpt lat="46.18876" lon="4.73378">
        <ele>205.7</ele>
      </trkpt>
      <trkpt lat="46.1887" lon="4.73365">
        <ele>205.6</ele>
      </trkpt>
      <trkpt lat="46.18864" lon="4.73327">
        <ele>205.7</ele>
      </trkpt>
      <trkpt lat="46.18854" lon="4.73304">
        <ele>206.0</ele>
      </trkpt>
      <trkpt lat="46.18788" lon="4.73236">
        <ele>208.5</ele>
      </trkpt>
      <trkpt lat="46.1875" lon="4.73213">
        <ele>209.1</ele>
      </trkpt>
      <trkpt lat="46.1854" lon="4.73129">
        <ele>206.8</ele>
      </trkpt>
      <trkpt lat="46.18118" lon="4.7286">
        <ele>215.0</ele>
      </trkpt>
      <trkpt lat="46.17987" lon="4.72685">
        <ele>214.0</ele>
      </trkpt>
      <trkpt lat="46.1795" lon="4.72628">
        <ele>214.3</ele>
      </trkpt>
      <trkpt lat="46.18002" lon="4.72503">
        <ele>215.1</ele>
      </trkpt>
      <trkpt lat="46.179806" lon="4.7246526">
        <ele>214.9</ele>
      </trkpt>
      <trkpt lat="46.1784694" lon="4.7215691">
        <ele>206.5</ele>
      </trkpt>
      <trkpt lat="46.17802" lon="4.72109">
        <ele>202.9</ele>
      </trkpt>
      <trkpt lat="46.17646" lon="4.72001">
        <ele>201.2</ele>
      </trkpt>
      <trkpt lat="46.17622" lon="4.71977">
        <ele>201.1</ele>
      </trkpt>
      <trkpt lat="46.17502" lon="4.71821">
        <ele>203.0</ele>
      </trkpt>
      <trkpt lat="46.17471" lon="4.71731">
        <ele>205.3</ele>
      </trkpt>
      <trkpt lat="46.17385" lon="4.71641">
        <ele>211.4</ele>
      </trkpt>
      <trkpt lat="46.17361" lon="4.71622">
        <ele>212.5</ele>
      </trkpt>
      <trkpt lat="46.17323" lon="4.71604">
        <ele>213.9</ele>
      </trkpt>
      <trkpt lat="46.17275" lon="4.71596">
        <ele>215.4</ele>
      </trkpt>
      <trkpt lat="46.17119" lon="4.71669">
        <ele>216.9</ele>
      </trkpt>
      <trkpt lat="46.17098" lon="4.71676">
        <ele>217.2</ele>
      </trkpt>
      <trkpt lat="46.17089" lon="4.71671">
        <ele>217.7</ele>
      </trkpt>
      <trkpt lat="46.1704776" lon="4.7138199">
        <ele>231.0</ele>
      </trkpt>
      <trkpt lat="46.17043" lon="4.7132">
        <ele>233.9</ele>
      </trkpt>
      <trkpt lat="46.17119" lon="4.71304">
        <ele>233.8</ele>
      </trkpt>
      <trkpt lat="46.17275" lon="4.71167">
        <ele>235.5</ele>
      </trkpt>
      <trkpt lat="46.17296" lon="4.71154">
        <ele>235.0</ele>
      </trkpt>
      <trkpt lat="46.17374" lon="4.71154">
        <ele>231.8</ele>
      </trkpt>
      <trkpt lat="46.17419" lon="4.71169">
        <ele>228.0</ele>
      </trkpt>
      <trkpt lat="46.17425" lon="4.71176">
        <ele>227.8</ele>
      </trkpt>
      <trkpt lat="46.17437" lon="4.71167">
        <ele>227.4</ele>
      </trkpt>
      <trkpt lat="46.17563" lon="4.71166">
        <ele>220.8</ele>
      </trkpt>
      <trkpt lat="46.17591" lon="4.71143">
        <ele>220.3</ele>
      </trkpt>
      <trkpt lat="46.17633" lon="4.71075">
        <ele>218.2</ele>
      </trkpt>
      <trkpt lat="46.17659" lon="4.71054">
        <ele>217.2</ele>
      </trkpt>
      <trkpt lat="46.17737" lon="4.71042">
        <ele>215.7</ele>
      </trkpt>
      <trkpt lat="46.17805" lon="4.7102">
        <ele>215.1</ele>
      </trkpt>
      <trkpt lat="46.17899" lon="4.71001">
        <ele>216.4</ele>
      </trkpt>
      <trkpt lat="46.17917" lon="4.70982">
        <ele>217.6</ele>
      </trkpt>
      <trkpt lat="46.17941" lon="4.70943">
        <ele>219.5</ele>
      </trkpt>
      <trkpt lat="46.180385" lon="4.707565">
        <ele>228.3</ele>
      </trkpt>
      <trkpt lat="46.18119" lon="4.70655">
        <ele>232.5</ele>
      </trkpt>
      <trkpt lat="46.18225" lon="4.70572">
        <ele>237.9</ele>
      </trkpt>
      <trkpt lat="46.18272" lon="4.70542">
        <ele>240.9</ele>
      </trkpt>
      <trkpt lat="46.18342" lon="4.70508">
        <ele>245.2</ele>
      </trkpt>
      <trkpt lat="46.18512" lon="4.7044">
        <ele>251.8</ele>
      </trkpt>
      <trkpt lat="46.18707" lon="4.70289">
        <ele>263.1</ele>
      </trkpt>
      <trkpt lat="46.18812" lon="4.70179">
        <ele>273.0</ele>
      </trkpt>
      <trkpt lat="46.1885" lon="4.70106">
        <ele>279.1</ele>
      </trkpt>
      <trkpt lat="46.18889" lon="4.70049">
        <ele>283.8</ele>
      </trkpt>
      <trkpt lat="46.18909" lon="4.69999">
        <ele>286.7</ele>
      </trkpt>
      <trkpt lat="46.1892819" lon="4.6996723">
        <ele>288.7</ele>
      </trkpt>
      <trkpt lat="46.18963" lon="4.69938">
        <ele>290.5</ele>
      </trkpt>
      <trkpt lat="46.19055" lon="4.69888">
        <ele>293.1</ele>
      </trkpt>
      <trkpt lat="46.19112" lon="4.69839">
        <ele>295.3</ele>
      </trkpt>
      <trkpt lat="46.191674" lon="4.6977442">
        <ele>298.4</ele>
      </trkpt>
      <trkpt lat="46.19209" lon="4.69706">
        <ele>300.0</ele>
      </trkpt>
      <trkpt lat="46.19088" lon="4.69618">
        <ele>296.7</ele>
      </trkpt>
      <trkpt lat="46.19009" lon="4.69499">
        <ele>298.3</ele>
      </trkpt>
      <trkpt lat="46.18803" lon="4.69328">
        <ele>305.8</ele>
      </trkpt>
      <trkpt lat="46.18728" lon="4.69234">
        <ele>306.9</ele>
      </trkpt>
      <trkpt lat="46.18702" lon="4.69215">
        <ele>307.3</ele>
      </trkpt>
      <trkpt lat="46.18645" lon="4.69187">
        <ele>308.1</ele>
      </trkpt>
      <trkpt lat="46.18514" lon="4.69225">
        <ele>305.7</ele>
      </trkpt>
      <trkpt lat="46.18289" lon="4.69303">
        <ele>292.9</ele>
      </trkpt>
      <trkpt lat="46.18264" lon="4.69339">
        <ele>290.8</ele>
      </trkpt>
      <trkpt lat="46.18211" lon="4.6947">
        <ele>283.6</ele>
      </trkpt>
      <trkpt lat="46.18193" lon="4.69491">
        <ele>281.9</ele>
      </trkpt>
      <trkpt lat="46.1817" lon="4.69502">
        <ele>280.2</ele>
      </trkpt>
      <trkpt lat="46.18141" lon="4.69494">
        <ele>277.6</ele>
      </trkpt>
      <trkpt lat="46.18127" lon="4.69479">
        <ele>276.8</ele>
      </trkpt>
      <trkpt lat="46.18077" lon="4.69361">
        <ele>268.6</ele>
      </trkpt>
      <trkpt lat="46.18059" lon="4.69327">
        <ele>267.0</ele>
      </trkpt>
      <trkpt lat="46.18041" lon="4.69307">
        <ele>264.7</ele>
      </trkpt>
      <trkpt lat="46.18003" lon="4.69294">
        <ele>263.1</ele>
      </trkpt>
      <trkpt lat="46.1784600100857" lon="4.69269">
        <ele>269.2</ele>
      </trkpt>
      <trkpt lat="46.17756" lon="4.69229">
        <ele>277.1</ele>
      </trkpt>
      <trkpt lat="46.17721" lon="4.69189">
        <ele>279.8</ele>
      </trkpt>
      <trkpt lat="46.17684" lon="4.69105">
        <ele>281.4</ele>
      </trkpt>
      <trkpt lat="46.17661" lon="4.69071">
        <ele>282.0</ele>
      </trkpt>
      <trkpt lat="46.175" lon="4.68944">
        <ele>285.3</ele>
      </trkpt>
      <trkpt lat="46.17463" lon="4.68892">
        <ele>286.9</ele>
      </trkpt>
      <trkpt lat="46.17393" lon="4.68775">
        <ele>288.2</ele>
      </trkpt>
      <trkpt lat="46.17333" lon="4.68703">
        <ele>287.5</ele>
      </trkpt>
      <trkpt lat="46.17287" lon="4.68679">
        <ele>286.4</ele>
      </trkpt>
      <trkpt lat="46.17198" lon="4.68674">
        <ele>281.9</ele>
      </trkpt>
      <trkpt lat="46.17182" lon="4.68665">
        <ele>281.3</ele>
      </trkpt>
      <trkpt lat="46.1716" lon="4.68636">
        <ele>279.2</ele>
      </trkpt>
      <trkpt lat="46.1713184" lon="4.6855162">
        <ele>275.4</ele>
      </trkpt>
      <trkpt lat="46.17094" lon="4.68463">
        <ele>270.8</ele>
      </trkpt>
      <trkpt lat="46.17082" lon="4.68363">
        <ele>266.8</ele>
      </trkpt>
      <trkpt lat="46.17085" lon="4.68264">
        <ele>262.3</ele>
      </trkpt>
      <trkpt lat="46.17093" lon="4.68233">
        <ele>260.8</ele>
      </trkpt>
      <trkpt lat="46.17134" lon="4.68136">
        <ele>256.6</ele>
      </trkpt>
      <trkpt lat="46.17132" lon="4.68111">
        <ele>256.1</ele>
      </trkpt>
      <trkpt lat="46.17128" lon="4.68106">
        <ele>255.8</ele>
      </trkpt>
      <trkpt lat="46.17117" lon="4.681">
        <ele>255.5</ele>
      </trkpt>
      <trkpt lat="46.17104" lon="4.68102">
        <ele>255.1</ele>
      </trkpt>
      <trkpt lat="46.17015" lon="4.68143">
        <ele>255.7</ele>
      </trkpt>
      <trkpt lat="46.16991" lon="4.68176">
        <ele>257.0</ele>
      </trkpt>
      <trkpt lat="46.16954" lon="4.68257">
        <ele>260.8</ele>
      </trkpt>
      <trkpt lat="46.16928" lon="4.68294">
        <ele>263.5</ele>
      </trkpt>
      <trkpt lat="46.16873" lon="4.68325">
        <ele>267.6</ele>
      </trkpt>
      <trkpt lat="46.16843" lon="4.68331">
        <ele>269.4</ele>
      </trkpt>
      <trkpt lat="46.16819" lon="4.6832">
        <ele>271.0</ele>
      </trkpt>
      <trkpt lat="46.16719" lon="4.68238">
        <ele>278.7</ele>
      </trkpt>
      <trkpt lat="46.16559" lon="4.68057">
        <ele>283.8</ele>
      </trkpt>
      <trkpt lat="46.16536" lon="4.68041">
        <ele>284.2</ele>
      </trkpt>
      <trkpt lat="46.16505" lon="4.68034">
        <ele>284.6</ele>
      </trkpt>
      <trkpt lat="46.16194" lon="4.68019">
        <ele>289.0</ele>
      </trkpt>
      <trkpt lat="46.16169" lon="4.68004">
        <ele>290.3</ele>
      </trkpt>
      <trkpt lat="46.16197" lon="4.67967">
        <ele>292.0</ele>
      </trkpt>
      <trkpt lat="46.16269" lon="4.67809">
        <ele>300.1</ele>
      </trkpt>
      <trkpt lat="46.16385" lon="4.67719">
        <ele>309.6</ele>
      </trkpt>
      <trkpt lat="46.1641" lon="4.67683">
        <ele>311.4</ele>
      </trkpt>
      <trkpt lat="46.16443" lon="4.67616">
        <ele>313.0</ele>
      </trkpt>
      <trkpt lat="46.16479" lon="4.67616">
        <ele>313.2</ele>
      </trkpt>
      <trkpt lat="46.1654796" lon="4.6763301">
        <ele>314.0</ele>
      </trkpt>
      <trkpt lat="46.16595" lon="4.67612">
        <ele>314.1</ele>
      </trkpt>
      <trkpt lat="46.16655" lon="4.67557">
        <ele>313.6</ele>
      </trkpt>
      <trkpt lat="46.1667607" lon="4.6752362">
        <ele>313.0</ele>
      </trkpt>
      <trkpt lat="46.16703" lon="4.67463">
        <ele>312.2</ele>
      </trkpt>
      <trkpt lat="46.1672423" lon="4.6743073">
        <ele>311.7</ele>
      </trkpt>
      <trkpt lat="46.16832" lon="4.67308">
        <ele>310.5</ele>
      </trkpt>
      <trkpt lat="46.16853" lon="4.67293">
        <ele>310.4</ele>
      </trkpt>
      <trkpt lat="46.1693423" lon="4.6726266">
        <ele>310.2</ele>
      </trkpt>
      <trkpt lat="46.16952" lon="4.67245">
        <ele>310.4</ele>
      </trkpt>
      <trkpt lat="46.16986" lon="4.67177">
        <ele>310.4</ele>
      </trkpt>
      <trkpt lat="46.1704534" lon="4.6710637">
        <ele>309.1</ele>
      </trkpt>
      <trkpt lat="46.17121" lon="4.66945">
        <ele>308.9</ele>
      </trkpt>
      <trkpt lat="46.17165" lon="4.66791">
        <ele>315.2</ele>
      </trkpt>
      <trkpt lat="46.1721668" lon="4.6668562">
        <ele>317.5</ele>
      </trkpt>
      <trkpt lat="46.17237" lon="4.66548">
        <ele>317.6</ele>
      </trkpt>
      <trkpt lat="46.17252" lon="4.66527">
        <ele>317.3</ele>
      </trkpt>
      <trkpt lat="46.17299" lon="4.6651">
        <ele>317.3</ele>
      </trkpt>
      <trkpt lat="46.1733" lon="4.66481">
        <ele>317.1</ele>
      </trkpt>
      <trkpt lat="46.17373" lon="4.66411">
        <ele>316.8</ele>
      </trkpt>
      <trkpt lat="46.17444" lon="4.66315">
        <ele>318.9</ele>
      </trkpt>
      <trkpt lat="46.17528" lon="4.66219">
        <ele>320.7</ele>
      </trkpt>
      <trkpt lat="46.17556" lon="4.66203">
        <ele>321.6</ele>
      </trkpt>
      <trkpt lat="46.17614" lon="4.66193">
        <ele>324.6</ele>
      </trkpt>
      <trkpt lat="46.17688" lon="4.66148">
        <ele>331.8</ele>
      </trkpt>
      <trkpt lat="46.17764" lon="4.66118">
        <ele>338.1</ele>
      </trkpt>
      <trkpt lat="46.17798" lon="4.66118">
        <ele>340.8</ele>
      </trkpt>
      <trkpt lat="46.17807" lon="4.66126">
        <ele>341.7</ele>
      </trkpt>
      <trkpt lat="46.17811" lon="4.66139">
        <ele>343.3</ele>
      </trkpt>
      <trkpt lat="46.17805" lon="4.66158">
        <ele>344.1</ele>
      </trkpt>
      <trkpt lat="46.17771" lon="4.66183">
        <ele>347.7</ele>
      </trkpt>
      <trkpt lat="46.1775" lon="4.66209">
        <ele>349.7</ele>
      </trkpt>
      <trkpt lat="46.17712" lon="4.66308">
        <ele>356.4</ele>
      </trkpt>
      <trkpt lat="46.17696" lon="4.6632">
        <ele>357.8</ele>
      </trkpt>
      <trkpt lat="46.17666" lon="4.66326">
        <ele>360.5</ele>
      </trkpt>
      <trkpt lat="46.17645" lon="4.66345">
        <ele>362.0</ele>
      </trkpt>
      <trkpt lat="46.17629" lon="4.66385">
        <ele>364.9</ele>
      </trkpt>
      <trkpt lat="46.17614" lon="4.66445">
        <ele>368.6</ele>
      </trkpt>
      <trkpt lat="46.176" lon="4.66535">
        <ele>373.4</ele>
      </trkpt>
      <trkpt lat="46.17599" lon="4.6659">
        <ele>376.5</ele>
      </trkpt>
      <trkpt lat="46.1760352" lon="4.6662861">
        <ele>378.4</ele>
      </trkpt>
      <trkpt lat="46.1761499" lon="4.6667378">
        <ele>381.1</ele>
      </trkpt>
      <trkpt lat="46.17632" lon="4.66709">
        <ele>384.0</ele>
      </trkpt>
      <trkpt lat="46.1767309" lon="4.6674605">
        <ele>387.2</ele>
      </trkpt>
      <trkpt lat="46.17698" lon="4.66758">
        <ele>389.2</ele>
      </trkpt>
      <trkpt lat="46.17731" lon="4.66763">
        <ele>391.7</ele>
      </trkpt>
      <trkpt lat="46.17768" lon="4.667575">
        <ele>395.3</ele>
      </trkpt>
      <trkpt lat="46.17809" lon="4.66739">
        <ele>398.0</ele>
      </trkpt>
      <trkpt lat="46.17858" lon="4.66702">
        <ele>402.2</ele>
      </trkpt>
      <trkpt lat="46.17935" lon="4.6662">
        <ele>409.4</ele>
      </trkpt>
      <trkpt lat="46.17962" lon="4.66584">
        <ele>412.4</ele>
      </trkpt>
      <trkpt lat="46.17979" lon="4.66534">
        <ele>414.7</ele>
      </trkpt>
      <trkpt lat="46.18002" lon="4.66523">
        <ele>415.3</ele>
      </trkpt>
      <trkpt lat="46.18061" lon="4.66515">
        <ele>416.7</ele>
      </trkpt>
      <trkpt lat="46.18062" lon="4.66454">
        <ele>418.6</ele>
      </trkpt>
      <trkpt lat="46.18069" lon="4.66403">
        <ele>419.6</ele>
      </trkpt>
      <trkpt lat="46.18125" lon="4.66284">
        <ele>420.1</ele>
      </trkpt>
      <trkpt lat="46.18136" lon="4.66239">
        <ele>419.4</ele>
      </trkpt>
      <trkpt lat="46.18123" lon="4.66176">
        <ele>418.6</ele>
      </trkpt>
      <trkpt lat="46.18124" lon="4.66142">
        <ele>418.5</ele>
      </trkpt>
      <trkpt lat="46.18187" lon="4.6594">
        <ele>416.0</ele>
      </trkpt>
      <trkpt lat="46.18204" lon="4.65916">
        <ele>414.9</ele>
      </trkpt>
      <trkpt lat="46.18232" lon="4.6589">
        <ele>413.2</ele>
      </trkpt>
      <trkpt lat="46.1827" lon="4.65867">
        <ele>411.4</ele>
      </trkpt>
      <trkpt lat="46.1831" lon="4.65854">
        <ele>410.3</ele>
      </trkpt>
      <trkpt lat="46.18331" lon="4.65836">
        <ele>409.7</ele>
      </trkpt>
      <trkpt lat="46.18391" lon="4.65739">
        <ele>408.2</ele>
      </trkpt>
      <trkpt lat="46.18427" lon="4.65659">
        <ele>408.1</ele>
      </trkpt>
      <trkpt lat="46.18511" lon="4.65574">
        <ele>410.6</ele>
      </trkpt>
      <trkpt lat="46.18521" lon="4.65552">
        <ele>412.0</ele>
      </trkpt>
      <trkpt lat="46.18515" lon="4.65532">
        <ele>412.7</ele>
      </trkpt>
      <trkpt lat="46.18504" lon="4.65527">
        <ele>413.7</ele>
      </trkpt>
      <trkpt lat="46.18468" lon="4.65532">
        <ele>416.7</ele>
      </trkpt>
      <trkpt lat="46.18446" lon="4.65524">
        <ele>417.9</ele>
      </trkpt>
      <trkpt lat="46.18419" lon="4.65477">
        <ele>421.0</ele>
      </trkpt>
      <trkpt lat="46.1832" lon="4.65407">
        <ele>428.9</ele>
      </trkpt>
      <trkpt lat="46.18311" lon="4.65398">
        <ele>429.9</ele>
      </trkpt>
      <trkpt lat="46.18309" lon="4.65381">
        <ele>431.0</ele>
      </trkpt>
      <trkpt lat="46.18405" lon="4.65367">
        <ele>440.8</ele>
      </trkpt>
      <trkpt lat="46.18496" lon="4.65314">
        <ele>455.5</ele>
      </trkpt>
      <trkpt lat="46.18516" lon="4.65294">
        <ele>459.3</ele>
      </trkpt>
      <trkpt lat="46.18541" lon="4.65254">
        <ele>463.5</ele>
      </trkpt>
      <trkpt lat="46.18554" lon="4.65216">
        <ele>464.9</ele>
      </trkpt>
      <trkpt lat="46.18556" lon="4.65184">
        <ele>465.4</ele>
      </trkpt>
      <trkpt lat="46.18582" lon="4.65169">
        <ele>467.6</ele>
      </trkpt>
      <trkpt lat="46.18719" lon="4.65122">
        <ele>485.5</ele>
      </trkpt>
      <trkpt lat="46.18737" lon="4.65121">
        <ele>488.7</ele>
      </trkpt>
      <trkpt lat="46.18759" lon="4.65132">
        <ele>492.7</ele>
      </trkpt>
      <trkpt lat="46.18831" lon="4.65137">
        <ele>505.3</ele>
      </trkpt>
      <trkpt lat="46.1883924" lon="4.6513534">
        <ele>506.3</ele>
      </trkpt>
      <trkpt lat="46.1885" lon="4.65103">
        <ele>509.5</ele>
      </trkpt>
      <trkpt lat="46.18868" lon="4.651">
        <ele>511.8</ele>
      </trkpt>
      <trkpt lat="46.18905" lon="4.65106">
        <ele>514.9</ele>
      </trkpt>
      <trkpt lat="46.18916" lon="4.65091">
        <ele>515.3</ele>
      </trkpt>
      <trkpt lat="46.1903127" lon="4.6501681">
        <ele>524.1</ele>
      </trkpt>
      <trkpt lat="46.19121" lon="4.64922">
        <ele>528.8</ele>
      </trkpt>
      <trkpt lat="46.19167" lon="4.64896">
        <ele>533.9</ele>
      </trkpt>
      <trkpt lat="46.19254" lon="4.64834">
        <ele>540.5</ele>
      </trkpt>
      <trkpt lat="46.19221" lon="4.64749">
        <ele>540.2</ele>
      </trkpt>
      <trkpt lat="46.1918" lon="4.64679">
        <ele>538.5</ele>
      </trkpt>
      <trkpt lat="46.19167" lon="4.64594">
        <ele>536.4</ele>
      </trkpt>
      <trkpt lat="46.19141" lon="4.64555">
        <ele>534.7</ele>
      </trkpt>
      <trkpt lat="46.19106" lon="4.64535">
        <ele>532.8</ele>
      </trkpt>
      <trkpt lat="46.19055" lon="4.6455">
        <ele>530.1</ele>
      </trkpt>
      <trkpt lat="46.19024" lon="4.64551">
        <ele>529.1</ele>
      </trkpt>
      <trkpt lat="46.18994" lon="4.64536">
        <ele>527.5</ele>
      </trkpt>
      <trkpt lat="46.18969" lon="4.6451">
        <ele>526.3</ele>
      </trkpt>
      <trkpt lat="46.18946" lon="4.64446">
        <ele>524.8</ele>
      </trkpt>
      <trkpt lat="46.18945" lon="4.64401">
        <ele>524.0</ele>
      </trkpt>
      <trkpt lat="46.18958" lon="4.64312">
        <ele>522.0</ele>
      </trkpt>
      <trkpt lat="46.18956" lon="4.6429">
        <ele>521.4</ele>
      </trkpt>
      <trkpt lat="46.18948" lon="4.64274">
        <ele>520.7</ele>
      </trkpt>
      <trkpt lat="46.1893242" lon="4.6426214">
        <ele>519.8</ele>
      </trkpt>
      <trkpt lat="46.18909" lon="4.64261">
        <ele>518.3</ele>
      </trkpt>
      <trkpt lat="46.18831" lon="4.64301">
        <ele>513.5</ele>
      </trkpt>
      <trkpt lat="46.18808" lon="4.64307">
        <ele>512.5</ele>
      </trkpt>
      <trkpt lat="46.18785" lon="4.64301">
        <ele>512.1</ele>
      </trkpt>
      <trkpt lat="46.18757" lon="4.64275">
        <ele>511.8</ele>
      </trkpt>
      <trkpt lat="46.18746" lon="4.64247">
        <ele>511.7</ele>
      </trkpt>
      <trkpt lat="46.18758" lon="4.64163">
        <ele>511.3</ele>
      </trkpt>
      <trkpt lat="46.18755" lon="4.64134">
        <ele>511.1</ele>
      </trkpt>
      <trkpt lat="46.18748" lon="4.64124">
        <ele>511.0</ele>
      </trkpt>
      <trkpt lat="46.18716" lon="4.64105">
        <ele>510.7</ele>
      </trkpt>
      <trkpt lat="46.18704" lon="4.64083">
        <ele>510.6</ele>
      </trkpt>
      <trkpt lat="46.18699" lon="4.64053">
        <ele>510.4</ele>
      </trkpt>
      <trkpt lat="46.1869722" lon="4.639691">
        <ele>509.6</ele>
      </trkpt>
      <trkpt lat="46.1866099" lon="4.6386248">
        <ele>508.5</ele>
      </trkpt>
      <trkpt lat="46.18649" lon="4.63846">
        <ele>508.2</ele>
      </trkpt>
      <trkpt lat="46.18641" lon="4.63845">
        <ele>508.1</ele>
      </trkpt>
      <trkpt lat="46.18607" lon="4.63856">
        <ele>507.4</ele>
      </trkpt>
      <trkpt lat="46.18565" lon="4.63824">
        <ele>506.5</ele>
      </trkpt>
      <trkpt lat="46.1855" lon="4.63821">
        <ele>506.2</ele>
      </trkpt>
      <trkpt lat="46.18536" lon="4.63832">
        <ele>505.8</ele>
      </trkpt>
      <trkpt lat="46.18529" lon="4.63848">
        <ele>505.3</ele>
      </trkpt>
      <trkpt lat="46.18522" lon="4.63894">
        <ele>504.0</ele>
      </trkpt>
      <trkpt lat="46.1851275" lon="4.639184">
        <ele>503.2</ele>
      </trkpt>
      <trkpt lat="46.18464" lon="4.63982">
        <ele>500.6</ele>
      </trkpt>
      <trkpt lat="46.18433" lon="4.64008">
        <ele>499.5</ele>
      </trkpt>
      <trkpt lat="46.18356" lon="4.64018">
        <ele>496.9</ele>
      </trkpt>
      <trkpt lat="46.18331" lon="4.64029">
        <ele>496.0</ele>
      </trkpt>
      <trkpt lat="46.18316" lon="4.6405">
        <ele>495.2</ele>
      </trkpt>
      <trkpt lat="46.18267" lon="4.64153">
        <ele>492.7</ele>
      </trkpt>
      <trkpt lat="46.18245" lon="4.64175">
        <ele>491.6</ele>
      </trkpt>
      <trkpt lat="46.18218" lon="4.64177">
        <ele>490.6</ele>
      </trkpt>
      <trkpt lat="46.1814" lon="4.64155">
        <ele>487.6</ele>
      </trkpt>
      <trkpt lat="46.17995" lon="4.64178">
        <ele>481.9</ele>
      </trkpt>
      <trkpt lat="46.17967" lon="4.64178">
        <ele>480.9</ele>
      </trkpt>
      <trkpt lat="46.17959" lon="4.64172">
        <ele>480.6</ele>
      </trkpt>
      <trkpt lat="46.17943" lon="4.64215">
        <ele>478.6</ele>
      </trkpt>
      <trkpt lat="46.17918" lon="4.64237">
        <ele>476.7</ele>
      </trkpt>
      <trkpt lat="46.17715" lon="4.64261">
        <ele>465.4</ele>
      </trkpt>
      <trkpt lat="46.17683" lon="4.64279">
        <ele>463.5</ele>
      </trkpt>
      <trkpt lat="46.17612" lon="4.64433">
        <ele>457.3</ele>
      </trkpt>
      <trkpt lat="46.17603" lon="4.64479">
        <ele>455.5</ele>
      </trkpt>
      <trkpt lat="46.17614" lon="4.64541">
        <ele>453.4</ele>
      </trkpt>
      <trkpt lat="46.17627" lon="4.64564">
        <ele>452.4</ele>
      </trkpt>
      <trkpt lat="46.17661" lon="4.64604">
        <ele>451.4</ele>
      </trkpt>
      <trkpt lat="46.17667" lon="4.64623">
        <ele>451.0</ele>
      </trkpt>
      <trkpt lat="46.17665" lon="4.64642">
        <ele>450.5</ele>
      </trkpt>
      <trkpt lat="46.17649" lon="4.64663">
        <ele>449.8</ele>
      </trkpt>
      <trkpt lat="46.175521" lon="4.6471583">
        <ele>444.0</ele>
      </trkpt>
      <trkpt lat="46.17508" lon="4.64766">
        <ele>440.4</ele>
      </trkpt>
      <trkpt lat="46.17491" lon="4.64818">
        <ele>438.2</ele>
      </trkpt>
      <trkpt lat="46.17487" lon="4.64902">
        <ele>434.8</ele>
      </trkpt>
      <trkpt lat="46.1747896" lon="4.649436">
        <ele>433.0</ele>
      </trkpt>
      <trkpt lat="46.17391" lon="4.65101">
        <ele>424.3</ele>
      </trkpt>
      <trkpt lat="46.17369" lon="4.65126">
        <ele>422.9</ele>
      </trkpt>
      <trkpt lat="46.17341" lon="4.65146">
        <ele>421.6</ele>
      </trkpt>
      <trkpt lat="46.17035" lon="4.65307">
        <ele>408.6</ele>
      </trkpt>
      <trkpt lat="46.16944" lon="4.65385">
        <ele>404.0</ele>
      </trkpt>
      <trkpt lat="46.16905" lon="4.65452">
        <ele>401.7</ele>
      </trkpt>
      <trkpt lat="46.16887" lon="4.65473">
        <ele>400.8</ele>
      </trkpt>
      <trkpt lat="46.16842" lon="4.65504">
        <ele>398.9</ele>
      </trkpt>
      <trkpt lat="46.16802" lon="4.65511">
        <ele>397.1</ele>
      </trkpt>
      <trkpt lat="46.1677239" lon="4.6552313">
        <ele>395.8</ele>
      </trkpt>
      <trkpt lat="46.167" lon="4.65595">
        <ele>391.8</ele>
      </trkpt>
      <trkpt lat="46.1667072" lon="4.6563577">
        <ele>389.5</ele>
      </trkpt>
      <trkpt lat="46.16664" lon="4.65658">
        <ele>388.9</ele>
      </trkpt>
      <trkpt lat="46.16663" lon="4.65682">
        <ele>388.3</ele>
      </trkpt>
      <trkpt lat="46.16673" lon="4.65766">
        <ele>385.6</ele>
      </trkpt>
      <trkpt lat="46.16638" lon="4.6597">
        <ele>379.0</ele>
      </trkpt>
      <trkpt lat="46.16622" lon="4.66026">
        <ele>377.4</ele>
      </trkpt>
      <trkpt lat="46.16603" lon="4.66057">
        <ele>376.4</ele>
      </trkpt>
      <trkpt lat="46.16566" lon="4.66094">
        <ele>373.9</ele>
      </trkpt>
      <trkpt lat="46.1644" lon="4.66173">
        <ele>366.0</ele>
      </trkpt>
      <trkpt lat="46.16429" lon="4.6619">
        <ele>365.5</ele>
      </trkpt>
      <trkpt lat="46.16422" lon="4.66214">
        <ele>363.9</ele>
      </trkpt>
      <trkpt lat="46.16422" lon="4.66772">
        <ele>340.4</ele>
      </trkpt>
      <trkpt lat="46.16414" lon="4.66834">
        <ele>338.4</ele>
      </trkpt>
      <trkpt lat="46.16393" lon="4.66922">
        <ele>335.3</ele>
      </trkpt>
      <trkpt lat="46.1639" lon="4.66972">
        <ele>334.3</ele>
      </trkpt>
      <trkpt lat="46.1617745" lon="4.6716607">
        <ele>330.1</ele>
      </trkpt>
      <trkpt lat="46.1606363" lon="4.6721112">
        <ele>327.5</ele>
      </trkpt>
      <trkpt lat="46.1599133" lon="4.6727152">
        <ele>325.8</ele>
      </trkpt>
      <trkpt lat="46.15891" lon="4.67342">
        <ele>322.9</ele>
      </trkpt>
      <trkpt lat="46.15851" lon="4.6738">
        <ele>322.6</ele>
      </trkpt>
      <trkpt lat="46.15737" lon="4.67393">
        <ele>323.5</ele>
      </trkpt>
      <trkpt lat="46.15606" lon="4.67382">
        <ele>322.0</ele>
      </trkpt>
      <trkpt lat="46.15578" lon="4.67369">
        <ele>321.2</ele>
      </trkpt>
      <trkpt lat="46.15473" lon="4.67295">
        <ele>314.7</ele>
      </trkpt>
      <trkpt lat="46.1542" lon="4.67246">
        <ele>311.0</ele>
      </trkpt>
      <trkpt lat="46.15392" lon="4.67229">
        <ele>309.1</ele>
      </trkpt>
      <trkpt lat="46.15338" lon="4.6723">
        <ele>306.1</ele>
      </trkpt>
      <trkpt lat="46.15274" lon="4.67258">
        <ele>302.9</ele>
      </trkpt>
      <trkpt lat="46.15251" lon="4.67252">
        <ele>301.4</ele>
      </trkpt>
      <trkpt lat="46.15178" lon="4.67176">
        <ele>294.6</ele>
      </trkpt>
      <trkpt lat="46.15159" lon="4.67149">
        <ele>293.1</ele>
      </trkpt>
      <trkpt lat="46.15153" lon="4.67121">
        <ele>291.9</ele>
      </trkpt>
      <trkpt lat="46.15158" lon="4.66984">
        <ele>291.0</ele>
      </trkpt>
      <trkpt lat="46.15153" lon="4.6696">
        <ele>290.8</ele>
      </trkpt>
      <trkpt lat="46.15142" lon="4.6694">
        <ele>290.7</ele>
      </trkpt>
      <trkpt lat="46.15099" lon="4.6691">
        <ele>290.9</ele>
      </trkpt>
      <trkpt lat="46.15061" lon="4.669">
        <ele>291.6</ele>
      </trkpt>
      <trkpt lat="46.14979" lon="4.66936">
        <ele>294.8</ele>
      </trkpt>
      <trkpt lat="46.1496" lon="4.66939">
        <ele>295.5</ele>
      </trkpt>
      <trkpt lat="46.14941" lon="4.66932">
        <ele>296.2</ele>
      </trkpt>
      <trkpt lat="46.14919" lon="4.669">
        <ele>297.2</ele>
      </trkpt>
      <trkpt lat="46.1483" lon="4.66678">
        <ele>305.3</ele>
      </trkpt>
      <trkpt lat="46.14783" lon="4.66463">
        <ele>305.4</ele>
      </trkpt>
      <trkpt lat="46.14696" lon="4.66177">
        <ele>302.1</ele>
      </trkpt>
      <trkpt lat="46.14695" lon="4.66119">
        <ele>301.5</ele>
      </trkpt>
      <trkpt lat="46.14702" lon="4.66077">
        <ele>300.9</ele>
      </trkpt>
      <trkpt lat="46.14724" lon="4.66006">
        <ele>299.8</ele>
      </trkpt>
      <trkpt lat="46.14729" lon="4.65968">
        <ele>299.0</ele>
      </trkpt>
      <trkpt lat="46.1472729" lon="4.6592797">
        <ele>298.6</ele>
      </trkpt>
      <trkpt lat="46.14718" lon="4.65882">
        <ele>298.6</ele>
      </trkpt>
      <trkpt lat="46.14694" lon="4.65813">
        <ele>299.8</ele>
      </trkpt>
      <trkpt lat="46.14684" lon="4.65678">
        <ele>301.2</ele>
      </trkpt>
      <trkpt lat="46.14677" lon="4.65652">
        <ele>301.0</ele>
      </trkpt>
      <trkpt lat="46.14632" lon="4.6555">
        <ele>299.7</ele>
      </trkpt>
      <trkpt lat="46.14622" lon="4.65459">
        <ele>299.0</ele>
      </trkpt>
      <trkpt lat="46.14621" lon="4.65423">
        <ele>299.0</ele>
      </trkpt>
      <trkpt lat="46.1463201" lon="4.653427">
        <ele>298.5</ele>
      </trkpt>
      <trkpt lat="46.14633" lon="4.65242">
        <ele>296.8</ele>
      </trkpt>
      <trkpt lat="46.14643" lon="4.65195">
        <ele>294.5</ele>
      </trkpt>
      <trkpt lat="46.1467" lon="4.6513">
        <ele>290.5</ele>
      </trkpt>
      <trkpt lat="46.14674" lon="4.65104">
        <ele>289.9</ele>
      </trkpt>
      <trkpt lat="46.1467" lon="4.65078">
        <ele>289.7</ele>
      </trkpt>
      <trkpt lat="46.14647" lon="4.65008">
        <ele>291.2</ele>
      </trkpt>
      <trkpt lat="46.14633" lon="4.64897">
        <ele>294.3</ele>
      </trkpt>
      <trkpt lat="46.14613" lon="4.64799">
        <ele>295.6</ele>
      </trkpt>
      <trkpt lat="46.14613" lon="4.64757">
        <ele>295.8</ele>
      </trkpt>
      <trkpt lat="46.14624" lon="4.64695">
        <ele>295.5</ele>
      </trkpt>
      <trkpt lat="46.14635" lon="4.64659">
        <ele>295.1</ele>
      </trkpt>
      <trkpt lat="46.14667" lon="4.64595">
        <ele>294.4</ele>
      </trkpt>
      <trkpt lat="46.14722" lon="4.64513">
        <ele>293.4</ele>
      </trkpt>
      <trkpt lat="46.14726" lon="4.64492">
        <ele>293.5</ele>
      </trkpt>
      <trkpt lat="46.1472" lon="4.6447">
        <ele>293.6</ele>
      </trkpt>
      <trkpt lat="46.14692" lon="4.64424">
        <ele>294.1</ele>
      </trkpt>
      <trkpt lat="46.1468533" lon="4.6439662">
        <ele>294.5</ele>
      </trkpt>
      <trkpt lat="46.14687" lon="4.64364">
        <ele>294.9</ele>
      </trkpt>
      <trkpt lat="46.14711" lon="4.64231">
        <ele>297.5</ele>
      </trkpt>
      <trkpt lat="46.14706" lon="4.64209">
        <ele>297.9</ele>
      </trkpt>
      <trkpt lat="46.14692" lon="4.64198">
        <ele>298.1</ele>
      </trkpt>
      <trkpt lat="46.14675" lon="4.64201">
        <ele>298.4</ele>
      </trkpt>
      <trkpt lat="46.1466" lon="4.64212">
        <ele>298.6</ele>
      </trkpt>
      <trkpt lat="46.14563" lon="4.6432">
        <ele>302.9</ele>
      </trkpt>
      <trkpt lat="46.145205" lon="4.64343">
        <ele>305.4</ele>
      </trkpt>
      <trkpt lat="46.14481" lon="4.64352">
        <ele>307.4</ele>
      </trkpt>
      <trkpt lat="46.14434" lon="4.64339">
        <ele>310.3</ele>
      </trkpt>
      <trkpt lat="46.14416" lon="4.64322">
        <ele>311.8</ele>
      </trkpt>
      <trkpt lat="46.14406" lon="4.64303">
        <ele>312.4</ele>
      </trkpt>
      <trkpt lat="46.14286" lon="4.64271">
        <ele>312.6</ele>
      </trkpt>
      <trkpt lat="46.1425" lon="4.64255">
        <ele>312.3</ele>
      </trkpt>
      <trkpt lat="46.14198" lon="4.64218">
        <ele>312.3</ele>
      </trkpt>
      <trkpt lat="46.14139" lon="4.64156">
        <ele>313.1</ele>
      </trkpt>
      <trkpt lat="46.14134" lon="4.6416">
        <ele>313.2</ele>
      </trkpt>
      <trkpt lat="46.13889" lon="4.64132">
        <ele>322.2</ele>
      </trkpt>
      <trkpt lat="46.13823" lon="4.64117">
        <ele>320.7</ele>
      </trkpt>
      <trkpt lat="46.13724" lon="4.64083">
        <ele>314.8</ele>
      </trkpt>
      <trkpt lat="46.13603" lon="4.64108">
        <ele>306.3</ele>
      </trkpt>
      <trkpt lat="46.13577" lon="4.64132">
        <ele>303.8</ele>
      </trkpt>
      <trkpt lat="46.13541" lon="4.6419">
        <ele>301.0</ele>
      </trkpt>
      <trkpt lat="46.1351911" lon="4.6416186">
        <ele>299.5</ele>
      </trkpt>
      <trkpt lat="46.13461" lon="4.64057">
        <ele>294.5</ele>
      </trkpt>
      <trkpt lat="46.13381" lon="4.6395">
        <ele>288.2</ele>
      </trkpt>
      <trkpt lat="46.13354" lon="4.63921">
        <ele>286.0</ele>
      </trkpt>
      <trkpt lat="46.132475" lon="4.63847">
        <ele>279.1</ele>
      </trkpt>
      <trkpt lat="46.13047" lon="4.63785">
        <ele>267.5</ele>
      </trkpt>
      <trkpt lat="46.12994" lon="4.63739">
        <ele>263.9</ele>
      </trkpt>
      <trkpt lat="46.12943" lon="4.63671">
        <ele>259.8</ele>
      </trkpt>
      <trkpt lat="46.12929" lon="4.63659">
        <ele>259.0</ele>
      </trkpt>
      <trkpt lat="46.12913" lon="4.63656">
        <ele>257.9</ele>
      </trkpt>
      <trkpt lat="46.12896" lon="4.63663">
        <ele>257.2</ele>
      </trkpt>
      <trkpt lat="46.12818" lon="4.63745">
        <ele>250.8</ele>
      </trkpt>
      <trkpt lat="46.1279433" lon="4.63755">
        <ele>249.4</ele>
      </trkpt>
      <trkpt lat="46.12637" lon="4.63707">
        <ele>244.1</ele>
      </trkpt>
      <trkpt lat="46.12594" lon="4.63646">
        <ele>244.2</ele>
      </trkpt>
      <trkpt lat="46.12525" lon="4.63519">
        <ele>245.6</ele>
      </trkpt>
      <trkpt lat="46.12457" lon="4.63423">
        <ele>251.4</ele>
      </trkpt>
      <trkpt lat="46.1243" lon="4.63394">
        <ele>253.0</ele>
      </trkpt>
      <trkpt lat="46.11943" lon="4.64387">
        <ele>239.6</ele>
      </trkpt>
      <trkpt lat="46.11859" lon="4.64548">
        <ele>239.1</ele>
      </trkpt>
      <trkpt lat="46.11856" lon="4.64579">
        <ele>239.1</ele>
      </trkpt>
      <trkpt lat="46.11842" lon="4.64585">
        <ele>239.0</ele>
      </trkpt>
      <trkpt lat="46.11954" lon="4.6715">
        <ele>230.2</ele>
      </trkpt>
      <trkpt lat="46.11907" lon="4.6716">
        <ele>230.5</ele>
      </trkpt>
      <trkpt lat="46.11874" lon="4.67186">
        <ele>231.0</ele>
      </trkpt>
      <trkpt lat="46.11853" lon="4.67214">
        <ele>232.2</ele>
      </trkpt>
      <trkpt lat="46.11805" lon="4.67303">
        <ele>237.9</ele>
      </trkpt>
      <trkpt lat="46.1177205" lon="4.6733802">
        <ele>240.9</ele>
      </trkpt>
      <trkpt lat="46.11726" lon="4.67365">
        <ele>243.9</ele>
      </trkpt>
      <trkpt lat="46.11671" lon="4.67382">
        <ele>247.3</ele>
      </trkpt>
      <trkpt lat="46.11514" lon="4.67404">
        <ele>243.5</ele>
      </trkpt>
      <trkpt lat="46.11366" lon="4.67385">
        <ele>236.8</ele>
      </trkpt>
      <trkpt lat="46.11299" lon="4.67277">
        <ele>237.2</ele>
      </trkpt>
      <trkpt lat="46.1132641" lon="4.6725401">
        <ele>237.5</ele>
      </trkpt>
      <trkpt lat="46.11368" lon="4.67118">
        <ele>241.5</ele>
      </trkpt>
      <trkpt lat="46.1138001" lon="4.6710823">
        <ele>242.2</ele>
      </trkpt>
      <trkpt lat="46.11428" lon="4.67099">
        <ele>245.1</ele>
      </trkpt>
      <trkpt lat="46.11472" lon="4.67101">
        <ele>247.5</ele>
      </trkpt>
      <trkpt lat="46.11537" lon="4.66946">
        <ele>253.4</ele>
      </trkpt>
      <trkpt lat="46.11567" lon="4.66848">
        <ele>256.9</ele>
      </trkpt>
      <trkpt lat="46.11561" lon="4.66806">
        <ele>258.6</ele>
      </trkpt>
      <trkpt lat="46.11559" lon="4.66736">
        <ele>261.9</ele>
      </trkpt>
      <trkpt lat="46.11572" lon="4.66638">
        <ele>268.0</ele>
      </trkpt>
      <trkpt lat="46.11485" lon="4.66635">
        <ele>276.4</ele>
      </trkpt>
      <trkpt lat="46.11461" lon="4.66599">
        <ele>279.7</ele>
      </trkpt>
      <trkpt lat="46.11386" lon="4.66554">
        <ele>285.0</ele>
      </trkpt>
      <trkpt lat="46.11382" lon="4.66537">
        <ele>286.2</ele>
      </trkpt>
      <trkpt lat="46.11434" lon="4.66469">
        <ele>289.6</ele>
      </trkpt>
      <trkpt lat="46.11485" lon="4.66429">
        <ele>292.1</ele>
      </trkpt>
      <trkpt lat="46.11531" lon="4.66381">
        <ele>297.0</ele>
      </trkpt>
      <trkpt lat="46.1152045" lon="4.6637203">
        <ele>298.2</ele>
      </trkpt>
      <trkpt lat="46.11443" lon="4.66374">
        <ele>303.9</ele>
      </trkpt>
      <trkpt lat="46.11413" lon="4.66362">
        <ele>306.4</ele>
      </trkpt>
      <trkpt lat="46.11388" lon="4.66361">
        <ele>308.6</ele>
      </trkpt>
      <trkpt lat="46.11233" lon="4.6646">
        <ele>322.9</ele>
      </trkpt>
      <trkpt lat="46.11155" lon="4.66481">
        <ele>327.2</ele>
      </trkpt>
      <trkpt lat="46.1113" lon="4.66477">
        <ele>328.2</ele>
      </trkpt>
      <trkpt lat="46.11099" lon="4.66438">
        <ele>330.3</ele>
      </trkpt>
      <trkpt lat="46.11066" lon="4.66368">
        <ele>335.2</ele>
      </trkpt>
      <trkpt lat="46.11022" lon="4.66243">
        <ele>343.5</ele>
      </trkpt>
      <trkpt lat="46.11004" lon="4.6609">
        <ele>359.0</ele>
      </trkpt>
      <trkpt lat="46.11007" lon="4.66072">
        <ele>361.3</ele>
      </trkpt>
      <trkpt lat="46.11018" lon="4.66078">
        <ele>362.5</ele>
      </trkpt>
      <trkpt lat="46.11093" lon="4.66202">
        <ele>372.5</ele>
      </trkpt>
      <trkpt lat="46.11127" lon="4.66217">
        <ele>376.6</ele>
      </trkpt>
      <trkpt lat="46.11141" lon="4.66214">
        <ele>378.7</ele>
      </trkpt>
      <trkpt lat="46.11144" lon="4.66193">
        <ele>380.3</ele>
      </trkpt>
      <trkpt lat="46.1113908" lon="4.6615585">
        <ele>384.7</ele>
      </trkpt>
      <trkpt lat="46.11145" lon="4.66102">
        <ele>391.4</ele>
      </trkpt>
      <trkpt lat="46.11154" lon="4.66066">
        <ele>394.5</ele>
      </trkpt>
      <trkpt lat="46.11153" lon="4.66049">
        <ele>396.6</ele>
      </trkpt>
      <trkpt lat="46.11124" lon="4.65982">
        <ele>401.3</ele>
      </trkpt>
      <trkpt lat="46.11113" lon="4.65907">
        <ele>404.0</ele>
      </trkpt>
      <trkpt lat="46.11105" lon="4.65892">
        <ele>404.7</ele>
      </trkpt>
      <trkpt lat="46.11057" lon="4.65849">
        <ele>407.3</ele>
      </trkpt>
      <trkpt lat="46.11019" lon="4.65797">
        <ele>411.9</ele>
      </trkpt>
      <trkpt lat="46.11018" lon="4.65782">
        <ele>413.7</ele>
      </trkpt>
      <trkpt lat="46.11036" lon="4.65721">
        <ele>422.4</ele>
      </trkpt>
      <trkpt lat="46.11036" lon="4.65707">
        <ele>423.1</ele>
      </trkpt>
      <trkpt lat="46.10966" lon="4.65701">
        <ele>430.4</ele>
      </trkpt>
      <trkpt lat="46.10942" lon="4.65682">
        <ele>434.6</ele>
      </trkpt>
      <trkpt lat="46.1095" lon="4.65667">
        <ele>435.9</ele>
      </trkpt>
      <trkpt lat="46.10987" lon="4.65643">
        <ele>440.0</ele>
      </trkpt>
      <trkpt lat="46.11" lon="4.65627">
        <ele>440.8</ele>
      </trkpt>
      <trkpt lat="46.10998" lon="4.65617">
        <ele>441.5</ele>
      </trkpt>
      <trkpt lat="46.10987" lon="4.65611">
        <ele>442.4</ele>
      </trkpt>
      <trkpt lat="46.10892" lon="4.6561">
        <ele>448.9</ele>
      </trkpt>
      <trkpt lat="46.10874" lon="4.656">
        <ele>450.8</ele>
      </trkpt>
      <trkpt lat="46.1087503" lon="4.6557834">
        <ele>451.6</ele>
      </trkpt>
      <trkpt lat="46.10907" lon="4.65528">
        <ele>458.5</ele>
      </trkpt>
      <trkpt lat="46.10913" lon="4.65507">
        <ele>459.6</ele>
      </trkpt>
      <trkpt lat="46.10843" lon="4.65494">
        <ele>469.0</ele>
      </trkpt>
      <trkpt lat="46.10818" lon="4.65469">
        <ele>472.2</ele>
      </trkpt>
      <trkpt lat="46.10797" lon="4.65461">
        <ele>474.8</ele>
      </trkpt>
      <trkpt lat="46.10776" lon="4.65473">
        <ele>477.0</ele>
      </trkpt>
      <trkpt lat="46.10754" lon="4.65506">
        <ele>478.6</ele>
      </trkpt>
      <trkpt lat="46.107440012927" lon="4.65509">
        <ele>479.1</ele>
      </trkpt>
      <trkpt lat="46.10706" lon="4.655">
        <ele>478.7</ele>
      </trkpt>
      <trkpt lat="46.1066" lon="4.655">
        <ele>476.0</ele>
      </trkpt>
      <trkpt lat="46.10648" lon="4.65486">
        <ele>475.6</ele>
      </trkpt>
      <trkpt lat="46.10645" lon="4.65458">
        <ele>474.2</ele>
      </trkpt>
      <trkpt lat="46.106545" lon="4.654335">
        <ele>472.3</ele>
      </trkpt>
      <trkpt lat="46.10719" lon="4.65337">
        <ele>462.4</ele>
      </trkpt>
      <trkpt lat="46.10753" lon="4.65307">
        <ele>458.6</ele>
      </trkpt>
      <trkpt lat="46.10761" lon="4.6529133">
        <ele>457.4</ele>
      </trkpt>
      <trkpt lat="46.10751" lon="4.6526">
        <ele>455.3</ele>
      </trkpt>
      <trkpt lat="46.10736" lon="4.65259">
        <ele>454.1</ele>
      </trkpt>
      <trkpt lat="46.10687" lon="4.65275">
        <ele>448.5</ele>
      </trkpt>
      <trkpt lat="46.10618" lon="4.65271">
        <ele>442.4</ele>
      </trkpt>
      <trkpt lat="46.10538" lon="4.65317">
        <ele>436.7</ele>
      </trkpt>
      <trkpt lat="46.10505" lon="4.65355">
        <ele>432.8</ele>
      </trkpt>
      <trkpt lat="46.10497" lon="4.6538">
        <ele>429.9</ele>
      </trkpt>
      <trkpt lat="46.104945" lon="4.6541907">
        <ele>428.0</ele>
      </trkpt>
      <trkpt lat="46.10504" lon="4.65465">
        <ele>424.9</ele>
      </trkpt>
      <trkpt lat="46.10502" lon="4.65492">
        <ele>423.0</ele>
      </trkpt>
      <trkpt lat="46.10491" lon="4.65504">
        <ele>421.7</ele>
      </trkpt>
      <trkpt lat="46.1048261" lon="4.6549811">
        <ele>420.3</ele>
      </trkpt>
      <trkpt lat="46.10476" lon="4.65483">
        <ele>419.7</ele>
      </trkpt>
      <trkpt lat="46.10422" lon="4.65249">
        <ele>398.9</ele>
      </trkpt>
      <trkpt lat="46.10419" lon="4.65199">
        <ele>395.7</ele>
      </trkpt>
      <trkpt lat="46.10434" lon="4.65159">
        <ele>391.9</ele>
      </trkpt>
      <trkpt lat="46.10537" lon="4.65036">
        <ele>377.2</ele>
      </trkpt>
      <trkpt lat="46.10651" lon="4.64937">
        <ele>365.9</ele>
      </trkpt>
      <trkpt lat="46.10658" lon="4.64918">
        <ele>364.8</ele>
      </trkpt>
      <trkpt lat="46.10671" lon="4.64838">
        <ele>360.2</ele>
      </trkpt>
      <trkpt lat="46.10666" lon="4.64826">
        <ele>358.4</ele>
      </trkpt>
      <trkpt lat="46.10638" lon="4.64814">
        <ele>354.1</ele>
      </trkpt>
      <trkpt lat="46.1063" lon="4.64802">
        <ele>353.1</ele>
      </trkpt>
      <trkpt lat="46.1062" lon="4.64737">
        <ele>346.5</ele>
      </trkpt>
      <trkpt lat="46.10632" lon="4.64695">
        <ele>344.2</ele>
      </trkpt>
      <trkpt lat="46.10692" lon="4.64612">
        <ele>338.9</ele>
      </trkpt>
      <trkpt lat="46.10686" lon="4.64569">
        <ele>337.4</ele>
      </trkpt>
      <trkpt lat="46.10654" lon="4.64434">
        <ele>333.9</ele>
      </trkpt>
      <trkpt lat="46.10654" lon="4.64416">
        <ele>333.6</ele>
      </trkpt>
      <trkpt lat="46.10529" lon="4.64583">
        <ele>327.0</ele>
      </trkpt>
      <trkpt lat="46.10484" lon="4.64657">
        <ele>322.9</ele>
      </trkpt>
      <trkpt lat="46.10335" lon="4.64762">
        <ele>310.7</ele>
      </trkpt>
      <trkpt lat="46.10311" lon="4.64794">
        <ele>309.9</ele>
      </trkpt>
      <trkpt lat="46.10285" lon="4.64857">
        <ele>310.5</ele>
      </trkpt>
      <trkpt lat="46.10266" lon="4.64882">
        <ele>310.9</ele>
      </trkpt>
      <trkpt lat="46.1018" lon="4.64948">
        <ele>311.7</ele>
      </trkpt>
      <trkpt lat="46.1014" lon="4.64987">
        <ele>309.3</ele>
      </trkpt>
      <trkpt lat="46.10119" lon="4.65028">
        <ele>308.9</ele>
      </trkpt>
      <trkpt lat="46.10088" lon="4.65119">
        <ele>309.0</ele>
      </trkpt>
      <trkpt lat="46.10047" lon="4.6519">
        <ele>306.6</ele>
      </trkpt>
      <trkpt lat="46.10031" lon="4.65244">
        <ele>304.6</ele>
      </trkpt>
      <trkpt lat="46.100293" lon="4.6527441">
        <ele>302.6</ele>
      </trkpt>
      <trkpt lat="46.10032" lon="4.65337">
        <ele>300.4</ele>
      </trkpt>
      <trkpt lat="46.10041" lon="4.65403">
        <ele>297.3</ele>
      </trkpt>
      <trkpt lat="46.10039" lon="4.65673">
        <ele>288.6</ele>
      </trkpt>
      <trkpt lat="46.10071" lon="4.65789">
        <ele>286.7</ele>
      </trkpt>
      <trkpt lat="46.1008525" lon="4.6587904">
        <ele>284.3</ele>
      </trkpt>
      <trkpt lat="46.10115" lon="4.65998">
        <ele>280.8</ele>
      </trkpt>
      <trkpt lat="46.10131" lon="4.66096">
        <ele>277.8</ele>
      </trkpt>
      <trkpt lat="46.10156" lon="4.66196">
        <ele>275.0</ele>
      </trkpt>
      <trkpt lat="46.10144" lon="4.66323">
        <ele>271.6</ele>
      </trkpt>
      <trkpt lat="46.1016982" lon="4.6642335">
        <ele>268.6</ele>
      </trkpt>
      <trkpt lat="46.1017" lon="4.66551">
        <ele>264.6</ele>
      </trkpt>
      <trkpt lat="46.10165" lon="4.66603">
        <ele>262.5</ele>
      </trkpt>
      <trkpt lat="46.10132" lon="4.66765">
        <ele>257.5</ele>
      </trkpt>
      <trkpt lat="46.10222" lon="4.66824">
        <ele>257.7</ele>
      </trkpt>
      <trkpt lat="46.10319" lon="4.66865">
        <ele>259.9</ele>
      </trkpt>
      <trkpt lat="46.10403" lon="4.66931">
        <ele>259.0</ele>
      </trkpt>
      <trkpt lat="46.10472" lon="4.66962">
        <ele>258.9</ele>
      </trkpt>
      <trkpt lat="46.10529" lon="4.67024">
        <ele>258.3</ele>
      </trkpt>
      <trkpt lat="46.10567" lon="4.67024">
        <ele>258.1</ele>
      </trkpt>
      <trkpt lat="46.10612" lon="4.67007">
        <ele>257.2</ele>
      </trkpt>
      <trkpt lat="46.10608" lon="4.67193">
        <ele>249.8</ele>
      </trkpt>
      <trkpt lat="46.10615" lon="4.67265">
        <ele>246.5</ele>
      </trkpt>
      <trkpt lat="46.10615" lon="4.67318">
        <ele>244.8</ele>
      </trkpt>
      <trkpt lat="46.10634" lon="4.67491">
        <ele>238.5</ele>
      </trkpt>
      <trkpt lat="46.10663" lon="4.67582">
        <ele>233.5</ele>
      </trkpt>
      <trkpt lat="46.10672" lon="4.67633">
        <ele>230.9</ele>
      </trkpt>
      <trkpt lat="46.10683" lon="4.67655">
        <ele>229.3</ele>
      </trkpt>
      <trkpt lat="46.10732" lon="4.67672">
        <ele>225.9</ele>
      </trkpt>
      <trkpt lat="46.1075" lon="4.67687">
        <ele>224.4</ele>
      </trkpt>
      <trkpt lat="46.10769" lon="4.67729">
        <ele>222.6</ele>
      </trkpt>
      <trkpt lat="46.10804" lon="4.67872">
        <ele>220.0</ele>
      </trkpt>
      <trkpt lat="46.10809" lon="4.67864">
        <ele>220.0</ele>
      </trkpt>
      <trkpt lat="46.1082973" lon="4.6788065">
        <ele>219.9</ele>
      </trkpt>
      <trkpt lat="46.10897" lon="4.67994">
        <ele>221.0</ele>
      </trkpt>
      <trkpt lat="46.10912" lon="4.6803">
        <ele>221.4</ele>
      </trkpt>
      <trkpt lat="46.1093" lon="4.68128">
        <ele>221.8</ele>
      </trkpt>
      <trkpt lat="46.11032" lon="4.68417">
        <ele>223.9</ele>
      </trkpt>
      <trkpt lat="46.111176" lon="4.6856335">
        <ele>225.6</ele>
      </trkpt>
      <trkpt lat="46.11137" lon="4.6862">
        <ele>226.3</ele>
      </trkpt>
      <trkpt lat="46.11147" lon="4.68713">
        <ele>227.6</ele>
      </trkpt>
      <trkpt lat="46.11191" lon="4.69335">
        <ele>228.9</ele>
      </trkpt>
      <trkpt lat="46.11182" lon="4.69443">
        <ele>224.0</ele>
      </trkpt>
      <trkpt lat="46.11168" lon="4.69494">
        <ele>222.7</ele>
      </trkpt>
      <trkpt lat="46.11168" lon="4.6953">
        <ele>222.0</ele>
      </trkpt>
      <trkpt lat="46.11185" lon="4.69632">
        <ele>221.8</ele>
      </trkpt>
      <trkpt lat="46.11221" lon="4.69762">
        <ele>221.2</ele>
      </trkpt>
      <trkpt lat="46.11229" lon="4.69819">
        <ele>219.9</ele>
      </trkpt>
      <trkpt lat="46.11245" lon="4.6998">
        <ele>218.1</ele>
      </trkpt>
      <trkpt lat="46.1124" lon="4.70202">
        <ele>217.2</ele>
      </trkpt>
      <trkpt lat="46.11243" lon="4.70244">
        <ele>217.2</ele>
      </trkpt>
      <trkpt lat="46.11311" lon="4.7039">
        <ele>218.9</ele>
      </trkpt>
      <trkpt lat="46.1133561" lon="4.7046063">
        <ele>219.4</ele>
      </trkpt>
      <trkpt lat="46.11366" lon="4.70593">
        <ele>217.9</ele>
      </trkpt>
      <trkpt lat="46.114311" lon="4.7090954">
        <ele>216.6</ele>
      </trkpt>
      <trkpt lat="46.11431" lon="4.71089">
        <ele>216.0</ele>
      </trkpt>
      <trkpt lat="46.11434" lon="4.71104">
        <ele>216.1</ele>
      </trkpt>
      <trkpt lat="46.11438" lon="4.71112">
        <ele>216.1</ele>
      </trkpt>
      <trkpt lat="46.1146" lon="4.71121">
        <ele>216.3</ele>
      </trkpt>
      <trkpt lat="46.1153" lon="4.71129">
        <ele>219.1</ele>
      </trkpt>
      <trkpt lat="46.11563" lon="4.7114">
        <ele>220.3</ele>
      </trkpt>
      <trkpt lat="46.11583" lon="4.71164">
        <ele>220.6</ele>
      </trkpt>
      <trkpt lat="46.11569" lon="4.71234">
        <ele>220.4</ele>
      </trkpt>
      <trkpt lat="46.1154587" lon="4.7146785">
        <ele>217.8</ele>
      </trkpt>
      <trkpt lat="46.11335" lon="4.7258">
        <ele>196.9</ele>
      </trkpt>
      <trkpt lat="46.11333" lon="4.72613">
        <ele>196.2</ele>
      </trkpt>
      <trkpt lat="46.11338" lon="4.72651">
        <ele>195.3</ele>
      </trkpt>
      <trkpt lat="46.1138" lon="4.72758">
        <ele>193.7</ele>
      </trkpt>
      <trkpt lat="46.11385" lon="4.72779">
        <ele>193.5</ele>
      </trkpt>
      <trkpt lat="46.11379" lon="4.72787">
        <ele>193.4</ele>
      </trkpt>
      <trkpt lat="46.11378" lon="4.72799">
        <ele>193.4</ele>
      </trkpt>
      <trkpt lat="46.1138333" lon="4.728118">
        <ele>193.6</ele>
      </trkpt>
      <trkpt lat="46.11392" lon="4.72814">
        <ele>193.8</ele>
      </trkpt>
      <trkpt lat="46.11394" lon="4.72831">
        <ele>194.1</ele>
      </trkpt>
      <trkpt lat="46.1137228" lon="4.7301087">
        <ele>194.1</ele>
      </trkpt>
      <trkpt lat="46.11348" lon="4.73084">
        <ele>191.9</ele>
      </trkpt>
      <trkpt lat="46.11318" lon="4.73134">
        <ele>190.0</ele>
      </trkpt>
      <trkpt lat="46.11258" lon="4.7319">
        <ele>189.0</ele>
      </trkpt>
      <trkpt lat="46.11237" lon="4.73203">
        <ele>189.0</ele>
      </trkpt>
      <trkpt lat="46.11219" lon="4.73205">
        <ele>189.1</ele>
      </trkpt>
      <trkpt lat="46.11168" lon="4.73463">
        <ele>189.3</ele>
      </trkpt>
      <trkpt lat="46.11429" lon="4.73533">
        <ele>187.6</ele>
      </trkpt>
      <trkpt lat="46.11437" lon="4.73541">
        <ele>187.6</ele>
      </trkpt>
      <trkpt lat="46.1153324139833" lon="4.7356729">
        <ele>187.4</ele>
      </trkpt>
    </trkseg>
  </trk>
</gpx>