<?xml version="1.0" encoding="UTF-8"?>
<gpx xmlns="http://www.topografix.com/GPX/1/0" xmlns:xsi="http://www.w3.org/2001/XMLSchema-instance" xsi:schemaLocation="http://www.topografix.com/GPX/1/0 http://www.topografix.com/GPX/1/0/gpx.xsd" version="1.0" creator="GPSBabel - https://www.gpsbabel.org">
  <time>2025-12-19T08:12:33.504000Z</time>
  <bounds minlat="39.9748" maxlat="40.3575" minlon="-0.04726" maxlon="0.24824" />
  <trk>
    <trkseg>
      <trkpt lat="40.24977" lon="0.24824">
        <ele>63.0</ele>
      </trkpt>
      <trkpt lat="40.25164" lon="0.24667">
        <ele>63.0</ele>
      </trkpt>
      <trkpt lat="40.25254" lon="0.24618">
        <ele>63.0</ele>
      </trkpt>
      <trkpt lat="40.25462" lon="0.24565">
        <ele>63.0</ele>
      </trkpt>
      <trkpt lat="40.25761" lon="0.24435">
        <ele>67.0</ele>
      </trkpt>
      <trkpt lat="40.26098" lon="0.24354">
        <ele>70.0</ele>
      </trkpt>
      <trkpt lat="40.26527" lon="0.24208">
        <ele>74.0</ele>
      </trkpt>
      <trkpt lat="40.26711" lon="0.24162">
        <ele>77.0</ele>
      </trkpt>
      <trkpt lat="40.26815" lon="0.24077">
        <ele>83.0</ele>
      </trkpt>
      <trkpt lat="40.27007" lon="0.24079">
        <ele>89.0</ele>
      </trkpt>
      <trkpt lat="40.2712" lon="0.24037">
        <ele>94.0</ele>
      </trkpt>
      <trkpt lat="40.27192" lon="0.2399">
        <ele>97.0</ele>
      </trkpt>
      <trkpt lat="40.27274" lon="0.23906">
        <ele>102.0</ele>
      </trkpt>
      <trkpt lat="40.27339" lon="0.23797">
        <ele>106.0</ele>
      </trkpt>
      <trkpt lat="40.2749" lon="0.23324">
        <ele>116.0</ele>
      </trkpt>
      <trkpt lat="40.27555" lon="0.23197">
        <ele>126.0</ele>
      </trkpt>
      <trkpt lat="40.27969" lon="0.22667">
        <ele>144.0</ele>
      </trkpt>
      <trkpt lat="40.28104" lon="0.22555">
        <ele>154.0</ele>
      </trkpt>
      <trkpt lat="40.28231" lon="0.22492">
        <ele>157.0</ele>
      </trkpt>
      <trkpt lat="40.28367" lon="0.22462">
        <ele>158.0</ele>
      </trkpt>
      <trkpt lat="40.28466" lon="0.2246">
        <ele>158.0</ele>
      </trkpt>
      <trkpt lat="40.28781" lon="0.22508">
        <ele>159.0</ele>
      </trkpt>
      <trkpt lat="40.29705" lon="0.22675">
        <ele>150.0</ele>
      </trkpt>
      <trkpt lat="40.29757" lon="0.22697">
        <ele>149.0</ele>
      </trkpt>
      <trkpt lat="40.29804" lon="0.22742">
        <ele>150.0</ele>
      </trkpt>
      <trkpt lat="40.29893" lon="0.22777">
        <ele>151.0</ele>
      </trkpt>
      <trkpt lat="40.29911" lon="0.22766">
        <ele>152.0</ele>
      </trkpt>
      <trkpt lat="40.29969" lon="0.22644">
        <ele>152.0</ele>
      </trkpt>
      <trkpt lat="40.30013" lon="0.22589">
        <ele>152.0</ele>
      </trkpt>
      <trkpt lat="40.30072" lon="0.22554">
        <ele>152.0</ele>
      </trkpt>
      <trkpt lat="40.30107" lon="0.22559">
        <ele>152.0</ele>
      </trkpt>
      <trkpt lat="40.30134" lon="0.22524">
        <ele>153.0</ele>
      </trkpt>
      <trkpt lat="40.3033" lon="0.22429">
        <ele>156.0</ele>
      </trkpt>
      <trkpt lat="40.30358" lon="0.22548">
        <ele>159.0</ele>
      </trkpt>
      <trkpt lat="40.30389" lon="0.22581">
        <ele>159.0</ele>
      </trkpt>
      <trkpt lat="40.30438" lon="0.22609">
        <ele>159.0</ele>
      </trkpt>
      <trkpt lat="40.30454" lon="0.22635">
        <ele>159.0</ele>
      </trkpt>
      <trkpt lat="40.30472" lon="0.22631">
        <ele>159.0</ele>
      </trkpt>
      <trkpt lat="40.30561" lon="0.22673">
        <ele>159.0</ele>
      </trkpt>
      <trkpt lat="40.30608" lon="0.22673">
        <ele>159.0</ele>
      </trkpt>
      <trkpt lat="40.30612" lon="0.22653">
        <ele>159.0</ele>
      </trkpt>
      <trkpt lat="40.30581" lon="0.22574">
        <ele>160.0</ele>
      </trkpt>
      <trkpt lat="40.30577" lon="0.22525">
        <ele>160.0</ele>
      </trkpt>
      <trkpt lat="40.30492" lon="0.2234">
        <ele>162.0</ele>
      </trkpt>
      <trkpt lat="40.3051" lon="0.22306">
        <ele>163.0</ele>
      </trkpt>
      <trkpt lat="40.30483" lon="0.22194">
        <ele>164.0</ele>
      </trkpt>
      <trkpt lat="40.30387" lon="0.22016">
        <ele>166.0</ele>
      </trkpt>
      <trkpt lat="40.30292" lon="0.21787">
        <ele>167.0</ele>
      </trkpt>
      <trkpt lat="40.30208" lon="0.19151">
        <ele>230.0</ele>
      </trkpt>
      <trkpt lat="40.30182" lon="0.18964">
        <ele>250.0</ele>
      </trkpt>
      <trkpt lat="40.29858" lon="0.18712">
        <ele>261.0</ele>
      </trkpt>
      <trkpt lat="40.29823" lon="0.18642">
        <ele>263.0</ele>
      </trkpt>
      <trkpt lat="40.29802" lon="0.18638">
        <ele>263.0</ele>
      </trkpt>
      <trkpt lat="40.29746" lon="0.18673">
        <ele>265.0</ele>
      </trkpt>
      <trkpt lat="40.29701" lon="0.18649">
        <ele>266.0</ele>
      </trkpt>
      <trkpt lat="40.2966" lon="0.1866">
        <ele>266.0</ele>
      </trkpt>
      <trkpt lat="40.29614" lon="0.18643">
        <ele>267.0</ele>
      </trkpt>
      <trkpt lat="40.29536" lon="0.18584">
        <ele>268.0</ele>
      </trkpt>
      <trkpt lat="40.29468" lon="0.18511">
        <ele>274.0</ele>
      </trkpt>
      <trkpt lat="40.29432" lon="0.18396">
        <ele>285.0</ele>
      </trkpt>
      <trkpt lat="40.29345" lon="0.18358">
        <ele>289.0</ele>
      </trkpt>
      <trkpt lat="40.2931" lon="0.18327">
        <ele>290.0</ele>
      </trkpt>
      <trkpt lat="40.29239" lon="0.18183">
        <ele>294.0</ele>
      </trkpt>
      <trkpt lat="40.29373" lon="0.18081">
        <ele>297.0</ele>
      </trkpt>
      <trkpt lat="40.29427" lon="0.18074">
        <ele>299.0</ele>
      </trkpt>
      <trkpt lat="40.29441" lon="0.18004">
        <ele>299.0</ele>
      </trkpt>
      <trkpt lat="40.29456" lon="0.17985">
        <ele>299.0</ele>
      </trkpt>
      <trkpt lat="40.29571" lon="0.17963">
        <ele>298.0</ele>
      </trkpt>
      <trkpt lat="40.29566" lon="0.17905">
        <ele>296.0</ele>
      </trkpt>
      <trkpt lat="40.29504" lon="0.179">
        <ele>293.0</ele>
      </trkpt>
      <trkpt lat="40.29484" lon="0.17832">
        <ele>291.0</ele>
      </trkpt>
      <trkpt lat="40.29494" lon="0.17731">
        <ele>288.0</ele>
      </trkpt>
      <trkpt lat="40.29531" lon="0.17664">
        <ele>284.0</ele>
      </trkpt>
      <trkpt lat="40.29543" lon="0.17467">
        <ele>281.0</ele>
      </trkpt>
      <trkpt lat="40.29511" lon="0.17349">
        <ele>274.0</ele>
      </trkpt>
      <trkpt lat="40.29544" lon="0.17318">
        <ele>272.0</ele>
      </trkpt>
      <trkpt lat="40.29599" lon="0.17408">
        <ele>271.0</ele>
      </trkpt>
      <trkpt lat="40.29618" lon="0.17416">
        <ele>268.0</ele>
      </trkpt>
      <trkpt lat="40.29657" lon="0.17335">
        <ele>262.0</ele>
      </trkpt>
      <trkpt lat="40.29662" lon="0.17141">
        <ele>253.0</ele>
      </trkpt>
      <trkpt lat="40.29706" lon="0.17046">
        <ele>243.0</ele>
      </trkpt>
      <trkpt lat="40.29814" lon="0.17081">
        <ele>234.0</ele>
      </trkpt>
      <trkpt lat="40.29829" lon="0.17073">
        <ele>232.0</ele>
      </trkpt>
      <trkpt lat="40.29823" lon="0.17056">
        <ele>231.0</ele>
      </trkpt>
      <trkpt lat="40.29761" lon="0.17032">
        <ele>228.0</ele>
      </trkpt>
      <trkpt lat="40.29707" lon="0.16981">
        <ele>225.0</ele>
      </trkpt>
      <trkpt lat="40.29582" lon="0.17187">
        <ele>230.0</ele>
      </trkpt>
      <trkpt lat="40.29562" lon="0.17184">
        <ele>230.0</ele>
      </trkpt>
      <trkpt lat="40.29548" lon="0.17156">
        <ele>229.0</ele>
      </trkpt>
      <trkpt lat="40.29509" lon="0.17035">
        <ele>223.0</ele>
      </trkpt>
      <trkpt lat="40.29544" lon="0.16687">
        <ele>204.0</ele>
      </trkpt>
      <trkpt lat="40.29536" lon="0.16459">
        <ele>196.0</ele>
      </trkpt>
      <trkpt lat="40.29559" lon="0.16453">
        <ele>196.0</ele>
      </trkpt>
      <trkpt lat="40.29605" lon="0.16513">
        <ele>196.0</ele>
      </trkpt>
      <trkpt lat="40.29642" lon="0.16628">
        <ele>192.0</ele>
      </trkpt>
      <trkpt lat="40.29693" lon="0.16727">
        <ele>185.0</ele>
      </trkpt>
      <trkpt lat="40.29688" lon="0.16796">
        <ele>180.0</ele>
      </trkpt>
      <trkpt lat="40.29708" lon="0.16807">
        <ele>179.0</ele>
      </trkpt>
      <trkpt lat="40.29997" lon="0.16762">
        <ele>174.0</ele>
      </trkpt>
      <trkpt lat="40.3002" lon="0.16738">
        <ele>172.0</ele>
      </trkpt>
      <trkpt lat="40.30053" lon="0.16571">
        <ele>169.0</ele>
      </trkpt>
      <trkpt lat="40.30075" lon="0.16531">
        <ele>169.0</ele>
      </trkpt>
      <trkpt lat="40.30199" lon="0.16526">
        <ele>172.0</ele>
      </trkpt>
      <trkpt lat="40.30397" lon="0.16432">
        <ele>180.0</ele>
      </trkpt>
      <trkpt lat="40.30478" lon="0.16316">
        <ele>182.0</ele>
      </trkpt>
      <trkpt lat="40.30498" lon="0.16164">
        <ele>185.0</ele>
      </trkpt>
      <trkpt lat="40.30557" lon="0.15971">
        <ele>191.0</ele>
      </trkpt>
      <trkpt lat="40.30587" lon="0.1574">
        <ele>200.0</ele>
      </trkpt>
      <trkpt lat="40.30639" lon="0.15557">
        <ele>209.0</ele>
      </trkpt>
      <trkpt lat="40.30644" lon="0.1533">
        <ele>221.0</ele>
      </trkpt>
      <trkpt lat="40.30745" lon="0.15223">
        <ele>227.0</ele>
      </trkpt>
      <trkpt lat="40.3081" lon="0.15013">
        <ele>233.0</ele>
      </trkpt>
      <trkpt lat="40.30838" lon="0.14991">
        <ele>237.0</ele>
      </trkpt>
      <trkpt lat="40.30968" lon="0.14956">
        <ele>243.0</ele>
      </trkpt>
      <trkpt lat="40.31065" lon="0.14838">
        <ele>250.0</ele>
      </trkpt>
      <trkpt lat="40.31188" lon="0.14804">
        <ele>255.0</ele>
      </trkpt>
      <trkpt lat="40.31271" lon="0.14745">
        <ele>257.0</ele>
      </trkpt>
      <trkpt lat="40.31295" lon="0.14698">
        <ele>260.0</ele>
      </trkpt>
      <trkpt lat="40.313" lon="0.14492">
        <ele>265.0</ele>
      </trkpt>
      <trkpt lat="40.31317" lon="0.14436">
        <ele>268.0</ele>
      </trkpt>
      <trkpt lat="40.31407" lon="0.14343">
        <ele>273.0</ele>
      </trkpt>
      <trkpt lat="40.31523" lon="0.14328">
        <ele>279.0</ele>
      </trkpt>
      <trkpt lat="40.31539" lon="0.14306">
        <ele>282.0</ele>
      </trkpt>
      <trkpt lat="40.3153" lon="0.14148">
        <ele>288.0</ele>
      </trkpt>
      <trkpt lat="40.31635" lon="0.13771">
        <ele>284.0</ele>
      </trkpt>
      <trkpt lat="40.3161" lon="0.13719">
        <ele>282.0</ele>
      </trkpt>
      <trkpt lat="40.31545" lon="0.13686">
        <ele>279.0</ele>
      </trkpt>
      <trkpt lat="40.3152" lon="0.13633">
        <ele>277.0</ele>
      </trkpt>
      <trkpt lat="40.31441" lon="0.13551">
        <ele>273.0</ele>
      </trkpt>
      <trkpt lat="40.31442" lon="0.13525">
        <ele>271.0</ele>
      </trkpt>
      <trkpt lat="40.31487" lon="0.13417">
        <ele>268.0</ele>
      </trkpt>
      <trkpt lat="40.31748" lon="0.13436">
        <ele>258.0</ele>
      </trkpt>
      <trkpt lat="40.31993" lon="0.13362">
        <ele>246.0</ele>
      </trkpt>
      <trkpt lat="40.3204" lon="0.13297">
        <ele>235.0</ele>
      </trkpt>
      <trkpt lat="40.32037" lon="0.13239">
        <ele>233.0</ele>
      </trkpt>
      <trkpt lat="40.31987" lon="0.13151">
        <ele>229.0</ele>
      </trkpt>
      <trkpt lat="40.31913" lon="0.13114">
        <ele>225.0</ele>
      </trkpt>
      <trkpt lat="40.31804" lon="0.13028">
        <ele>222.0</ele>
      </trkpt>
      <trkpt lat="40.31782" lon="0.13027">
        <ele>217.0</ele>
      </trkpt>
      <trkpt lat="40.31722" lon="0.13085">
        <ele>214.0</ele>
      </trkpt>
      <trkpt lat="40.31707" lon="0.13078">
        <ele>213.0</ele>
      </trkpt>
      <trkpt lat="40.31708" lon="0.12968">
        <ele>210.0</ele>
      </trkpt>
      <trkpt lat="40.31616" lon="0.12911">
        <ele>209.0</ele>
      </trkpt>
      <trkpt lat="40.31569" lon="0.12898">
        <ele>207.0</ele>
      </trkpt>
      <trkpt lat="40.31545" lon="0.12806">
        <ele>204.0</ele>
      </trkpt>
      <trkpt lat="40.31402" lon="0.12538">
        <ele>197.0</ele>
      </trkpt>
      <trkpt lat="40.31395" lon="0.12496">
        <ele>190.0</ele>
      </trkpt>
      <trkpt lat="40.31409" lon="0.12463">
        <ele>188.0</ele>
      </trkpt>
      <trkpt lat="40.31543" lon="0.12322">
        <ele>182.0</ele>
      </trkpt>
      <trkpt lat="40.3158" lon="0.12266">
        <ele>181.0</ele>
      </trkpt>
      <trkpt lat="40.31483" lon="0.12197">
        <ele>180.0</ele>
      </trkpt>
      <trkpt lat="40.31194" lon="0.1213">
        <ele>181.0</ele>
      </trkpt>
      <trkpt lat="40.31075" lon="0.12136">
        <ele>187.0</ele>
      </trkpt>
      <trkpt lat="40.30983" lon="0.12181">
        <ele>190.0</ele>
      </trkpt>
      <trkpt lat="40.30945" lon="0.12173">
        <ele>190.0</ele>
      </trkpt>
      <trkpt lat="40.30687" lon="0.11405">
        <ele>183.0</ele>
      </trkpt>
      <trkpt lat="40.30696" lon="0.11321">
        <ele>184.0</ele>
      </trkpt>
      <trkpt lat="40.29706" lon="0.1051">
        <ele>197.0</ele>
      </trkpt>
      <trkpt lat="40.29362" lon="0.10143">
        <ele>215.0</ele>
      </trkpt>
      <trkpt lat="40.29246" lon="0.10045">
        <ele>220.0</ele>
      </trkpt>
      <trkpt lat="40.28821" lon="0.09778">
        <ele>224.0</ele>
      </trkpt>
      <trkpt lat="40.28479" lon="0.09612">
        <ele>224.0</ele>
      </trkpt>
      <trkpt lat="40.27945" lon="0.09427">
        <ele>232.0</ele>
      </trkpt>
      <trkpt lat="40.27506" lon="0.0924">
        <ele>239.0</ele>
      </trkpt>
      <trkpt lat="40.27401" lon="0.09171">
        <ele>241.0</ele>
      </trkpt>
      <trkpt lat="40.27299" lon="0.0905">
        <ele>243.0</ele>
      </trkpt>
      <trkpt lat="40.26587" lon="0.07982">
        <ele>244.0</ele>
      </trkpt>
      <trkpt lat="40.26575" lon="0.07929">
        <ele>246.0</ele>
      </trkpt>
      <trkpt lat="40.26532" lon="0.07848">
        <ele>249.0</ele>
      </trkpt>
      <trkpt lat="40.26425" lon="0.07714">
        <ele>254.0</ele>
      </trkpt>
      <trkpt lat="40.26293" lon="0.07488">
        <ele>269.0</ele>
      </trkpt>
      <trkpt lat="40.26252" lon="0.07306">
        <ele>282.0</ele>
      </trkpt>
      <trkpt lat="40.2625" lon="0.07253">
        <ele>286.0</ele>
      </trkpt>
      <trkpt lat="40.26267" lon="0.07201">
        <ele>291.0</ele>
      </trkpt>
      <trkpt lat="40.26295" lon="0.07174">
        <ele>295.0</ele>
      </trkpt>
      <trkpt lat="40.26304" lon="0.07105">
        <ele>298.0</ele>
      </trkpt>
      <trkpt lat="40.26353" lon="0.07009">
        <ele>305.0</ele>
      </trkpt>
      <trkpt lat="40.2633" lon="0.06995">
        <ele>306.0</ele>
      </trkpt>
      <trkpt lat="40.2635" lon="0.06822">
        <ele>313.0</ele>
      </trkpt>
      <trkpt lat="40.26566" lon="0.06574">
        <ele>316.0</ele>
      </trkpt>
      <trkpt lat="40.26797" lon="0.06378">
        <ele>326.0</ele>
      </trkpt>
      <trkpt lat="40.27107" lon="0.05823">
        <ele>345.0</ele>
      </trkpt>
      <trkpt lat="40.27137" lon="0.05736">
        <ele>354.0</ele>
      </trkpt>
      <trkpt lat="40.27153" lon="0.05402">
        <ele>361.0</ele>
      </trkpt>
      <trkpt lat="40.27177" lon="0.05294">
        <ele>369.0</ele>
      </trkpt>
      <trkpt lat="40.27264" lon="0.05171">
        <ele>374.0</ele>
      </trkpt>
      <trkpt lat="40.27271" lon="0.05141">
        <ele>378.0</ele>
      </trkpt>
      <trkpt lat="40.27258" lon="0.05127">
        <ele>380.0</ele>
      </trkpt>
      <trkpt lat="40.27152" lon="0.0514">
        <ele>383.0</ele>
      </trkpt>
      <trkpt lat="40.27121" lon="0.05057">
        <ele>386.0</ele>
      </trkpt>
      <trkpt lat="40.2716" lon="0.04951">
        <ele>387.0</ele>
      </trkpt>
      <trkpt lat="40.27263" lon="0.04831">
        <ele>390.0</ele>
      </trkpt>
      <trkpt lat="40.27189" lon="0.04518">
        <ele>401.0</ele>
      </trkpt>
      <trkpt lat="40.27231" lon="0.04418">
        <ele>411.0</ele>
      </trkpt>
      <trkpt lat="40.27231" lon="0.04376">
        <ele>413.0</ele>
      </trkpt>
      <trkpt lat="40.27139" lon="0.04141">
        <ele>424.0</ele>
      </trkpt>
      <trkpt lat="40.27155" lon="0.04006">
        <ele>429.0</ele>
      </trkpt>
      <trkpt lat="40.27127" lon="0.03935">
        <ele>433.0</ele>
      </trkpt>
      <trkpt lat="40.2713" lon="0.03884">
        <ele>435.0</ele>
      </trkpt>
      <trkpt lat="40.27211" lon="0.03843">
        <ele>434.0</ele>
      </trkpt>
      <trkpt lat="40.27256" lon="0.03878">
        <ele>432.0</ele>
      </trkpt>
      <trkpt lat="40.27332" lon="0.03795">
        <ele>435.0</ele>
      </trkpt>
      <trkpt lat="40.27377" lon="0.03648">
        <ele>445.0</ele>
      </trkpt>
      <trkpt lat="40.2752" lon="0.03572">
        <ele>455.0</ele>
      </trkpt>
      <trkpt lat="40.27578" lon="0.03523">
        <ele>461.0</ele>
      </trkpt>
      <trkpt lat="40.2759" lon="0.03523">
        <ele>465.0</ele>
      </trkpt>
      <trkpt lat="40.27601" lon="0.03547">
        <ele>470.0</ele>
      </trkpt>
      <trkpt lat="40.27572" lon="0.03628">
        <ele>475.0</ele>
      </trkpt>
      <trkpt lat="40.27578" lon="0.03662">
        <ele>478.0</ele>
      </trkpt>
      <trkpt lat="40.27608" lon="0.03674">
        <ele>482.0</ele>
      </trkpt>
      <trkpt lat="40.2767" lon="0.03631">
        <ele>485.0</ele>
      </trkpt>
      <trkpt lat="40.27708" lon="0.03514">
        <ele>490.0</ele>
      </trkpt>
      <trkpt lat="40.27692" lon="0.03414">
        <ele>497.0</ele>
      </trkpt>
      <trkpt lat="40.277" lon="0.034">
        <ele>502.0</ele>
      </trkpt>
      <trkpt lat="40.27775" lon="0.035">
        <ele>510.0</ele>
      </trkpt>
      <trkpt lat="40.27804" lon="0.03561">
        <ele>514.0</ele>
      </trkpt>
      <trkpt lat="40.27845" lon="0.03585">
        <ele>518.0</ele>
      </trkpt>
      <trkpt lat="40.27847" lon="0.03561">
        <ele>519.0</ele>
      </trkpt>
      <trkpt lat="40.2778" lon="0.03426">
        <ele>522.0</ele>
      </trkpt>
      <trkpt lat="40.27779" lon="0.03411">
        <ele>523.0</ele>
      </trkpt>
      <trkpt lat="40.27797" lon="0.034">
        <ele>526.0</ele>
      </trkpt>
      <trkpt lat="40.27859" lon="0.03508">
        <ele>530.0</ele>
      </trkpt>
      <trkpt lat="40.27909" lon="0.03545">
        <ele>535.0</ele>
      </trkpt>
      <trkpt lat="40.27981" lon="0.03506">
        <ele>542.0</ele>
      </trkpt>
      <trkpt lat="40.27997" lon="0.03561">
        <ele>544.0</ele>
      </trkpt>
      <trkpt lat="40.28044" lon="0.03624">
        <ele>549.0</ele>
      </trkpt>
      <trkpt lat="40.28084" lon="0.03778">
        <ele>553.0</ele>
      </trkpt>
      <trkpt lat="40.28109" lon="0.03804">
        <ele>553.0</ele>
      </trkpt>
      <trkpt lat="40.28158" lon="0.03807">
        <ele>555.0</ele>
      </trkpt>
      <trkpt lat="40.28202" lon="0.03782">
        <ele>559.0</ele>
      </trkpt>
      <trkpt lat="40.28249" lon="0.03701">
        <ele>568.0</ele>
      </trkpt>
      <trkpt lat="40.28298" lon="0.03652">
        <ele>573.0</ele>
      </trkpt>
      <trkpt lat="40.28351" lon="0.03691">
        <ele>578.0</ele>
      </trkpt>
      <trkpt lat="40.28409" lon="0.03677">
        <ele>580.0</ele>
      </trkpt>
      <trkpt lat="40.28456" lon="0.03776">
        <ele>584.0</ele>
      </trkpt>
      <trkpt lat="40.28443" lon="0.03882">
        <ele>588.0</ele>
      </trkpt>
      <trkpt lat="40.28459" lon="0.03918">
        <ele>591.0</ele>
      </trkpt>
      <trkpt lat="40.28552" lon="0.03929">
        <ele>595.0</ele>
      </trkpt>
      <trkpt lat="40.28609" lon="0.04018">
        <ele>599.0</ele>
      </trkpt>
      <trkpt lat="40.28657" lon="0.0405">
        <ele>601.0</ele>
      </trkpt>
      <trkpt lat="40.28743" lon="0.0405">
        <ele>606.0</ele>
      </trkpt>
      <trkpt lat="40.28764" lon="0.0403">
        <ele>607.0</ele>
      </trkpt>
      <trkpt lat="40.28773" lon="0.03991">
        <ele>609.0</ele>
      </trkpt>
      <trkpt lat="40.28747" lon="0.03846">
        <ele>612.0</ele>
      </trkpt>
      <trkpt lat="40.28706" lon="0.03711">
        <ele>619.0</ele>
      </trkpt>
      <trkpt lat="40.28713" lon="0.03656">
        <ele>622.0</ele>
      </trkpt>
      <trkpt lat="40.28751" lon="0.03574">
        <ele>625.0</ele>
      </trkpt>
      <trkpt lat="40.28761" lon="0.03499">
        <ele>630.0</ele>
      </trkpt>
      <trkpt lat="40.28801" lon="0.03477">
        <ele>632.0</ele>
      </trkpt>
      <trkpt lat="40.28843" lon="0.03553">
        <ele>635.0</ele>
      </trkpt>
      <trkpt lat="40.28894" lon="0.03599">
        <ele>639.0</ele>
      </trkpt>
      <trkpt lat="40.28902" lon="0.03582">
        <ele>642.0</ele>
      </trkpt>
      <trkpt lat="40.28893" lon="0.03383">
        <ele>651.0</ele>
      </trkpt>
      <trkpt lat="40.28905" lon="0.03317">
        <ele>656.0</ele>
      </trkpt>
      <trkpt lat="40.28953" lon="0.03286">
        <ele>660.0</ele>
      </trkpt>
      <trkpt lat="40.28983" lon="0.03292">
        <ele>662.0</ele>
      </trkpt>
      <trkpt lat="40.29013" lon="0.03317">
        <ele>664.0</ele>
      </trkpt>
      <trkpt lat="40.29046" lon="0.03379">
        <ele>667.0</ele>
      </trkpt>
      <trkpt lat="40.29099" lon="0.03329">
        <ele>674.0</ele>
      </trkpt>
      <trkpt lat="40.29091" lon="0.03296">
        <ele>678.0</ele>
      </trkpt>
      <trkpt lat="40.29044" lon="0.03263">
        <ele>683.0</ele>
      </trkpt>
      <trkpt lat="40.29003" lon="0.03204">
        <ele>688.0</ele>
      </trkpt>
      <trkpt lat="40.28939" lon="0.03164">
        <ele>692.0</ele>
      </trkpt>
      <trkpt lat="40.28808" lon="0.03123">
        <ele>702.0</ele>
      </trkpt>
      <trkpt lat="40.28798" lon="0.03099">
        <ele>705.0</ele>
      </trkpt>
      <trkpt lat="40.28801" lon="0.0306">
        <ele>712.0</ele>
      </trkpt>
      <trkpt lat="40.29109" lon="0.03139">
        <ele>737.0</ele>
      </trkpt>
      <trkpt lat="40.29252" lon="0.03124">
        <ele>747.0</ele>
      </trkpt>
      <trkpt lat="40.29333" lon="0.03068">
        <ele>752.0</ele>
      </trkpt>
      <trkpt lat="40.29391" lon="0.03051">
        <ele>752.0</ele>
      </trkpt>
      <trkpt lat="40.29555" lon="0.03098">
        <ele>753.0</ele>
      </trkpt>
      <trkpt lat="40.29604" lon="0.0307">
        <ele>755.0</ele>
      </trkpt>
      <trkpt lat="40.2963" lon="0.03019">
        <ele>757.0</ele>
      </trkpt>
      <trkpt lat="40.29667" lon="0.03008">
        <ele>759.0</ele>
      </trkpt>
      <trkpt lat="40.2968" lon="0.02983">
        <ele>761.0</ele>
      </trkpt>
      <trkpt lat="40.2968" lon="0.02896">
        <ele>761.0</ele>
      </trkpt>
      <trkpt lat="40.29606" lon="0.02735">
        <ele>763.0</ele>
      </trkpt>
      <trkpt lat="40.29612" lon="0.02706">
        <ele>765.0</ele>
      </trkpt>
      <trkpt lat="40.29647" lon="0.02698">
        <ele>766.0</ele>
      </trkpt>
      <trkpt lat="40.29913" lon="0.02968">
        <ele>783.0</ele>
      </trkpt>
      <trkpt lat="40.2993" lon="0.02965">
        <ele>789.0</ele>
      </trkpt>
      <trkpt lat="40.29982" lon="0.02866">
        <ele>793.0</ele>
      </trkpt>
      <trkpt lat="40.29997" lon="0.0286">
        <ele>794.0</ele>
      </trkpt>
      <trkpt lat="40.30054" lon="0.02894">
        <ele>795.0</ele>
      </trkpt>
      <trkpt lat="40.30212" lon="0.03036">
        <ele>798.0</ele>
      </trkpt>
      <trkpt lat="40.30293" lon="0.03036">
        <ele>801.0</ele>
      </trkpt>
      <trkpt lat="40.3037" lon="0.03122">
        <ele>800.0</ele>
      </trkpt>
      <trkpt lat="40.30474" lon="0.03092">
        <ele>804.0</ele>
      </trkpt>
      <trkpt lat="40.30492" lon="0.03037">
        <ele>807.0</ele>
      </trkpt>
      <trkpt lat="40.30514" lon="0.03019">
        <ele>810.0</ele>
      </trkpt>
      <trkpt lat="40.30563" lon="0.03064">
        <ele>811.0</ele>
      </trkpt>
      <trkpt lat="40.306" lon="0.03071">
        <ele>810.0</ele>
      </trkpt>
      <trkpt lat="40.30622" lon="0.03176">
        <ele>808.0</ele>
      </trkpt>
      <trkpt lat="40.3057" lon="0.03269">
        <ele>803.0</ele>
      </trkpt>
      <trkpt lat="40.30558" lon="0.03363">
        <ele>799.0</ele>
      </trkpt>
      <trkpt lat="40.30565" lon="0.03392">
        <ele>796.0</ele>
      </trkpt>
      <trkpt lat="40.30587" lon="0.03412">
        <ele>795.0</ele>
      </trkpt>
      <trkpt lat="40.3062" lon="0.03409">
        <ele>795.0</ele>
      </trkpt>
      <trkpt lat="40.30667" lon="0.03365">
        <ele>795.0</ele>
      </trkpt>
      <trkpt lat="40.30749" lon="0.03392">
        <ele>795.0</ele>
      </trkpt>
      <trkpt lat="40.3089" lon="0.03358">
        <ele>791.0</ele>
      </trkpt>
      <trkpt lat="40.31048" lon="0.03266">
        <ele>780.0</ele>
      </trkpt>
      <trkpt lat="40.31094" lon="0.03164">
        <ele>779.0</ele>
      </trkpt>
      <trkpt lat="40.3108" lon="0.03072">
        <ele>778.0</ele>
      </trkpt>
      <trkpt lat="40.31095" lon="0.03045">
        <ele>778.0</ele>
      </trkpt>
      <trkpt lat="40.31148" lon="0.03055">
        <ele>778.0</ele>
      </trkpt>
      <trkpt lat="40.31181" lon="0.03027">
        <ele>779.0</ele>
      </trkpt>
      <trkpt lat="40.31479" lon="0.02965">
        <ele>787.0</ele>
      </trkpt>
      <trkpt lat="40.31536" lon="0.02968">
        <ele>790.0</ele>
      </trkpt>
      <trkpt lat="40.31619" lon="0.03021">
        <ele>792.0</ele>
      </trkpt>
      <trkpt lat="40.31667" lon="0.03011">
        <ele>796.0</ele>
      </trkpt>
      <trkpt lat="40.31701" lon="0.02853">
        <ele>799.0</ele>
      </trkpt>
      <trkpt lat="40.31699" lon="0.02676">
        <ele>802.0</ele>
      </trkpt>
      <trkpt lat="40.31671" lon="0.02605">
        <ele>806.0</ele>
      </trkpt>
      <trkpt lat="40.31644" lon="0.02479">
        <ele>814.0</ele>
      </trkpt>
      <trkpt lat="40.31636" lon="0.02427">
        <ele>818.0</ele>
      </trkpt>
      <trkpt lat="40.31648" lon="0.02416">
        <ele>825.0</ele>
      </trkpt>
      <trkpt lat="40.31701" lon="0.02451">
        <ele>823.0</ele>
      </trkpt>
      <trkpt lat="40.31716" lon="0.02527">
        <ele>820.0</ele>
      </trkpt>
      <trkpt lat="40.31857" lon="0.02647">
        <ele>818.0</ele>
      </trkpt>
      <trkpt lat="40.31929" lon="0.02804">
        <ele>822.0</ele>
      </trkpt>
      <trkpt lat="40.32035" lon="0.0285">
        <ele>827.0</ele>
      </trkpt>
      <trkpt lat="40.32078" lon="0.02883">
        <ele>829.0</ele>
      </trkpt>
      <trkpt lat="40.32112" lon="0.03027">
        <ele>832.0</ele>
      </trkpt>
      <trkpt lat="40.32131" lon="0.0303">
        <ele>833.0</ele>
      </trkpt>
      <trkpt lat="40.32251" lon="0.02973">
        <ele>834.0</ele>
      </trkpt>
      <trkpt lat="40.32342" lon="0.0299">
        <ele>838.0</ele>
      </trkpt>
      <trkpt lat="40.32388" lon="0.02837">
        <ele>839.0</ele>
      </trkpt>
      <trkpt lat="40.32494" lon="0.02642">
        <ele>833.0</ele>
      </trkpt>
      <trkpt lat="40.32512" lon="0.02627">
        <ele>831.0</ele>
      </trkpt>
      <trkpt lat="40.3266" lon="0.02796">
        <ele>831.0</ele>
      </trkpt>
      <trkpt lat="40.32705" lon="0.02888">
        <ele>829.0</ele>
      </trkpt>
      <trkpt lat="40.32852" lon="0.03102">
        <ele>818.0</ele>
      </trkpt>
      <trkpt lat="40.3291" lon="0.03161">
        <ele>816.0</ele>
      </trkpt>
      <trkpt lat="40.32992" lon="0.03182">
        <ele>815.0</ele>
      </trkpt>
      <trkpt lat="40.33027" lon="0.03209">
        <ele>813.0</ele>
      </trkpt>
      <trkpt lat="40.33047" lon="0.03268">
        <ele>812.0</ele>
      </trkpt>
      <trkpt lat="40.33081" lon="0.03492">
        <ele>810.0</ele>
      </trkpt>
      <trkpt lat="40.33168" lon="0.03725">
        <ele>804.0</ele>
      </trkpt>
      <trkpt lat="40.33233" lon="0.0375">
        <ele>800.0</ele>
      </trkpt>
      <trkpt lat="40.33388" lon="0.03719">
        <ele>797.0</ele>
      </trkpt>
      <trkpt lat="40.33414" lon="0.03742">
        <ele>796.0</ele>
      </trkpt>
      <trkpt lat="40.33418" lon="0.03795">
        <ele>795.0</ele>
      </trkpt>
      <trkpt lat="40.33396" lon="0.03915">
        <ele>793.0</ele>
      </trkpt>
      <trkpt lat="40.33406" lon="0.04261">
        <ele>787.0</ele>
      </trkpt>
      <trkpt lat="40.33438" lon="0.04299">
        <ele>783.0</ele>
      </trkpt>
      <trkpt lat="40.33462" lon="0.04296">
        <ele>781.0</ele>
      </trkpt>
      <trkpt lat="40.33481" lon="0.04267">
        <ele>779.0</ele>
      </trkpt>
      <trkpt lat="40.33495" lon="0.04199">
        <ele>777.0</ele>
      </trkpt>
      <trkpt lat="40.33513" lon="0.04192">
        <ele>775.0</ele>
      </trkpt>
      <trkpt lat="40.33685" lon="0.04321">
        <ele>767.0</ele>
      </trkpt>
      <trkpt lat="40.3378" lon="0.04609">
        <ele>755.0</ele>
      </trkpt>
      <trkpt lat="40.33819" lon="0.0467">
        <ele>753.0</ele>
      </trkpt>
      <trkpt lat="40.33867" lon="0.04843">
        <ele>750.0</ele>
      </trkpt>
      <trkpt lat="40.33922" lon="0.05113">
        <ele>740.0</ele>
      </trkpt>
      <trkpt lat="40.3396" lon="0.05115">
        <ele>735.0</ele>
      </trkpt>
      <trkpt lat="40.34076" lon="0.05003">
        <ele>729.0</ele>
      </trkpt>
      <trkpt lat="40.34192" lon="0.04952">
        <ele>722.0</ele>
      </trkpt>
      <trkpt lat="40.34414" lon="0.04929">
        <ele>709.0</ele>
      </trkpt>
      <trkpt lat="40.34496" lon="0.04955">
        <ele>698.0</ele>
      </trkpt>
      <trkpt lat="40.3454" lon="0.04954">
        <ele>693.0</ele>
      </trkpt>
      <trkpt lat="40.34603" lon="0.04904">
        <ele>691.0</ele>
      </trkpt>
      <trkpt lat="40.34672" lon="0.04796">
        <ele>691.0</ele>
      </trkpt>
      <trkpt lat="40.34716" lon="0.04817">
        <ele>689.0</ele>
      </trkpt>
      <trkpt lat="40.34724" lon="0.04918">
        <ele>686.0</ele>
      </trkpt>
      <trkpt lat="40.34745" lon="0.04945">
        <ele>684.0</ele>
      </trkpt>
      <trkpt lat="40.3479" lon="0.04954">
        <ele>681.0</ele>
      </trkpt>
      <trkpt lat="40.34919" lon="0.04931">
        <ele>669.0</ele>
      </trkpt>
      <trkpt lat="40.34951" lon="0.04995">
        <ele>664.0</ele>
      </trkpt>
      <trkpt lat="40.34979" lon="0.05002">
        <ele>659.0</ele>
      </trkpt>
      <trkpt lat="40.3512" lon="0.04659">
        <ele>641.0</ele>
      </trkpt>
      <trkpt lat="40.35153" lon="0.04649">
        <ele>632.0</ele>
      </trkpt>
      <trkpt lat="40.35227" lon="0.04688">
        <ele>627.0</ele>
      </trkpt>
      <trkpt lat="40.35274" lon="0.04621">
        <ele>625.0</ele>
      </trkpt>
      <trkpt lat="40.35336" lon="0.04567">
        <ele>620.0</ele>
      </trkpt>
      <trkpt lat="40.35321" lon="0.04398">
        <ele>608.0</ele>
      </trkpt>
      <trkpt lat="40.35394" lon="0.04243">
        <ele>601.0</ele>
      </trkpt>
      <trkpt lat="40.35464" lon="0.04145">
        <ele>590.0</ele>
      </trkpt>
      <trkpt lat="40.35482" lon="0.04034">
        <ele>583.0</ele>
      </trkpt>
      <trkpt lat="40.35551" lon="0.0392">
        <ele>579.0</ele>
      </trkpt>
      <trkpt lat="40.3564" lon="0.03828">
        <ele>571.0</ele>
      </trkpt>
      <trkpt lat="40.3575" lon="0.03764">
        <ele>562.0</ele>
      </trkpt>
      <trkpt lat="40.35748" lon="0.02949">
        <ele>544.0</ele>
      </trkpt>
      <trkpt lat="40.35672" lon="0.02602">
        <ele>536.0</ele>
      </trkpt>
      <trkpt lat="40.35666" lon="0.02466">
        <ele>533.0</ele>
      </trkpt>
      <trkpt lat="40.35628" lon="0.02343">
        <ele>533.0</ele>
      </trkpt>
      <trkpt lat="40.35603" lon="0.0234">
        <ele>533.0</ele>
      </trkpt>
      <trkpt lat="40.35464" lon="0.02242">
        <ele>535.0</ele>
      </trkpt>
      <trkpt lat="40.35449" lon="0.02214">
        <ele>536.0</ele>
      </trkpt>
      <trkpt lat="40.34911" lon="0.00242">
        <ele>540.0</ele>
      </trkpt>
      <trkpt lat="40.34675" lon="-0.00257">
        <ele>539.0</ele>
      </trkpt>
      <trkpt lat="40.34612" lon="-0.00353">
        <ele>536.0</ele>
      </trkpt>
      <trkpt lat="40.34606" lon="-0.00411">
        <ele>534.0</ele>
      </trkpt>
      <trkpt lat="40.34548" lon="-0.00414">
        <ele>533.0</ele>
      </trkpt>
      <trkpt lat="40.34505" lon="-0.00445">
        <ele>533.0</ele>
      </trkpt>
      <trkpt lat="40.33513" lon="-0.01282">
        <ele>542.0</ele>
      </trkpt>
      <trkpt lat="40.33242" lon="-0.01402">
        <ele>537.0</ele>
      </trkpt>
      <trkpt lat="40.33084" lon="-0.01538">
        <ele>532.0</ele>
      </trkpt>
      <trkpt lat="40.32848" lon="-0.01632">
        <ele>532.0</ele>
      </trkpt>
      <trkpt lat="40.31958" lon="-0.02775">
        <ele>545.0</ele>
      </trkpt>
      <trkpt lat="40.31616" lon="-0.02986">
        <ele>547.0</ele>
      </trkpt>
      <trkpt lat="40.31529" lon="-0.03067">
        <ele>543.0</ele>
      </trkpt>
      <trkpt lat="40.31433" lon="-0.03238">
        <ele>537.0</ele>
      </trkpt>
      <trkpt lat="40.31321" lon="-0.03334">
        <ele>533.0</ele>
      </trkpt>
      <trkpt lat="40.31281" lon="-0.03398">
        <ele>528.0</ele>
      </trkpt>
      <trkpt lat="40.31266" lon="-0.03442">
        <ele>525.0</ele>
      </trkpt>
      <trkpt lat="40.31244" lon="-0.03635">
        <ele>514.0</ele>
      </trkpt>
      <trkpt lat="40.31184" lon="-0.03747">
        <ele>510.0</ele>
      </trkpt>
      <trkpt lat="40.31115" lon="-0.03794">
        <ele>507.0</ele>
      </trkpt>
      <trkpt lat="40.31" lon="-0.03772">
        <ele>502.0</ele>
      </trkpt>
      <trkpt lat="40.30947" lon="-0.03785">
        <ele>495.0</ele>
      </trkpt>
      <trkpt lat="40.30685" lon="-0.04089">
        <ele>482.0</ele>
      </trkpt>
      <trkpt lat="40.30638" lon="-0.0412">
        <ele>479.0</ele>
      </trkpt>
      <trkpt lat="40.30472" lon="-0.04183">
        <ele>474.0</ele>
      </trkpt>
      <trkpt lat="40.2984" lon="-0.04726">
        <ele>476.0</ele>
      </trkpt>
      <trkpt lat="40.29652" lon="-0.04385">
        <ele>493.0</ele>
      </trkpt>
      <trkpt lat="40.29636" lon="-0.0426">
        <ele>501.0</ele>
      </trkpt>
      <trkpt lat="40.29603" lon="-0.04203">
        <ele>506.0</ele>
      </trkpt>
      <trkpt lat="40.29568" lon="-0.0409">
        <ele>514.0</ele>
      </trkpt>
      <trkpt lat="40.29542" lon="-0.04072">
        <ele>518.0</ele>
      </trkpt>
      <trkpt lat="40.29457" lon="-0.04148">
        <ele>525.0</ele>
      </trkpt>
      <trkpt lat="40.29407" lon="-0.04152">
        <ele>531.0</ele>
      </trkpt>
      <trkpt lat="40.29371" lon="-0.04129">
        <ele>537.0</ele>
      </trkpt>
      <trkpt lat="40.29335" lon="-0.04065">
        <ele>541.0</ele>
      </trkpt>
      <trkpt lat="40.29333" lon="-0.04005">
        <ele>544.0</ele>
      </trkpt>
      <trkpt lat="40.29315" lon="-0.03946">
        <ele>552.0</ele>
      </trkpt>
      <trkpt lat="40.2939" lon="-0.03947">
        <ele>558.0</ele>
      </trkpt>
      <trkpt lat="40.2941" lon="-0.03934">
        <ele>560.0</ele>
      </trkpt>
      <trkpt lat="40.29471" lon="-0.03705">
        <ele>567.0</ele>
      </trkpt>
      <trkpt lat="40.29466" lon="-0.03649">
        <ele>574.0</ele>
      </trkpt>
      <trkpt lat="40.29453" lon="-0.03632">
        <ele>576.0</ele>
      </trkpt>
      <trkpt lat="40.2939" lon="-0.03622">
        <ele>585.0</ele>
      </trkpt>
      <trkpt lat="40.29214" lon="-0.03694">
        <ele>598.0</ele>
      </trkpt>
      <trkpt lat="40.2917" lon="-0.03698">
        <ele>601.0</ele>
      </trkpt>
      <trkpt lat="40.29067" lon="-0.03668">
        <ele>613.0</ele>
      </trkpt>
      <trkpt lat="40.29002" lon="-0.0369">
        <ele>623.0</ele>
      </trkpt>
      <trkpt lat="40.28927" lon="-0.03628">
        <ele>632.0</ele>
      </trkpt>
      <trkpt lat="40.28845" lon="-0.03535">
        <ele>635.0</ele>
      </trkpt>
      <trkpt lat="40.28759" lon="-0.03478">
        <ele>638.0</ele>
      </trkpt>
      <trkpt lat="40.28731" lon="-0.03573">
        <ele>638.0</ele>
      </trkpt>
      <trkpt lat="40.28706" lon="-0.03596">
        <ele>637.0</ele>
      </trkpt>
      <trkpt lat="40.28679" lon="-0.03593">
        <ele>636.0</ele>
      </trkpt>
      <trkpt lat="40.28615" lon="-0.03534">
        <ele>637.0</ele>
      </trkpt>
      <trkpt lat="40.28578" lon="-0.03607">
        <ele>640.0</ele>
      </trkpt>
      <trkpt lat="40.28522" lon="-0.03612">
        <ele>642.0</ele>
      </trkpt>
      <trkpt lat="40.28406" lon="-0.03436">
        <ele>654.0</ele>
      </trkpt>
      <trkpt lat="40.28379" lon="-0.03335">
        <ele>665.0</ele>
      </trkpt>
      <trkpt lat="40.28288" lon="-0.03245">
        <ele>679.0</ele>
      </trkpt>
      <trkpt lat="40.28259" lon="-0.03161">
        <ele>688.0</ele>
      </trkpt>
      <trkpt lat="40.28231" lon="-0.03138">
        <ele>693.0</ele>
      </trkpt>
      <trkpt lat="40.28128" lon="-0.03171">
        <ele>702.0</ele>
      </trkpt>
      <trkpt lat="40.27994" lon="-0.03317">
        <ele>712.0</ele>
      </trkpt>
      <trkpt lat="40.27929" lon="-0.03352">
        <ele>720.0</ele>
      </trkpt>
      <trkpt lat="40.27889" lon="-0.03286">
        <ele>724.0</ele>
      </trkpt>
      <trkpt lat="40.27872" lon="-0.03131">
        <ele>733.0</ele>
      </trkpt>
      <trkpt lat="40.27883" lon="-0.03033">
        <ele>746.0</ele>
      </trkpt>
      <trkpt lat="40.27863" lon="-0.02847">
        <ele>756.0</ele>
      </trkpt>
      <trkpt lat="40.27789" lon="-0.03012">
        <ele>760.0</ele>
      </trkpt>
      <trkpt lat="40.27745" lon="-0.03073">
        <ele>766.0</ele>
      </trkpt>
      <trkpt lat="40.27662" lon="-0.03265">
        <ele>776.0</ele>
      </trkpt>
      <trkpt lat="40.27626" lon="-0.0329">
        <ele>779.0</ele>
      </trkpt>
      <trkpt lat="40.2759" lon="-0.03276">
        <ele>780.0</ele>
      </trkpt>
      <trkpt lat="40.27576" lon="-0.03242">
        <ele>781.0</ele>
      </trkpt>
      <trkpt lat="40.27541" lon="-0.02664">
        <ele>769.0</ele>
      </trkpt>
      <trkpt lat="40.27501" lon="-0.02428">
        <ele>751.0</ele>
      </trkpt>
      <trkpt lat="40.27526" lon="-0.02236">
        <ele>746.0</ele>
      </trkpt>
      <trkpt lat="40.27571" lon="-0.02146">
        <ele>741.0</ele>
      </trkpt>
      <trkpt lat="40.27573" lon="-0.02121">
        <ele>739.0</ele>
      </trkpt>
      <trkpt lat="40.27553" lon="-0.02089">
        <ele>738.0</ele>
      </trkpt>
      <trkpt lat="40.27441" lon="-0.02061">
        <ele>735.0</ele>
      </trkpt>
      <trkpt lat="40.27374" lon="-0.01988">
        <ele>731.0</ele>
      </trkpt>
      <trkpt lat="40.27316" lon="-0.01866">
        <ele>726.0</ele>
      </trkpt>
      <trkpt lat="40.27296" lon="-0.01748">
        <ele>724.0</ele>
      </trkpt>
      <trkpt lat="40.27207" lon="-0.01465">
        <ele>724.0</ele>
      </trkpt>
      <trkpt lat="40.2722" lon="-0.01356">
        <ele>725.0</ele>
      </trkpt>
      <trkpt lat="40.2728" lon="-0.01234">
        <ele>723.0</ele>
      </trkpt>
      <trkpt lat="40.27271" lon="-0.01195">
        <ele>721.0</ele>
      </trkpt>
      <trkpt lat="40.27254" lon="-0.01183">
        <ele>721.0</ele>
      </trkpt>
      <trkpt lat="40.27214" lon="-0.01187">
        <ele>722.0</ele>
      </trkpt>
      <trkpt lat="40.27101" lon="-0.01318">
        <ele>726.0</ele>
      </trkpt>
      <trkpt lat="40.27025" lon="-0.0144">
        <ele>733.0</ele>
      </trkpt>
      <trkpt lat="40.26957" lon="-0.01759">
        <ele>744.0</ele>
      </trkpt>
      <trkpt lat="40.26952" lon="-0.01805">
        <ele>749.0</ele>
      </trkpt>
      <trkpt lat="40.26969" lon="-0.01904">
        <ele>751.0</ele>
      </trkpt>
      <trkpt lat="40.2685" lon="-0.01933">
        <ele>749.0</ele>
      </trkpt>
      <trkpt lat="40.26805" lon="-0.01975">
        <ele>745.0</ele>
      </trkpt>
      <trkpt lat="40.26739" lon="-0.01997">
        <ele>740.0</ele>
      </trkpt>
      <trkpt lat="40.26714" lon="-0.01997">
        <ele>738.0</ele>
      </trkpt>
      <trkpt lat="40.26683" lon="-0.01973">
        <ele>735.0</ele>
      </trkpt>
      <trkpt lat="40.26673" lon="-0.01889">
        <ele>733.0</ele>
      </trkpt>
      <trkpt lat="40.26608" lon="-0.01782">
        <ele>733.0</ele>
      </trkpt>
      <trkpt lat="40.26613" lon="-0.01732">
        <ele>733.0</ele>
      </trkpt>
      <trkpt lat="40.26603" lon="-0.01687">
        <ele>733.0</ele>
      </trkpt>
      <trkpt lat="40.26555" lon="-0.01654">
        <ele>732.0</ele>
      </trkpt>
      <trkpt lat="40.26498" lon="-0.01646">
        <ele>731.0</ele>
      </trkpt>
      <trkpt lat="40.26463" lon="-0.01603">
        <ele>730.0</ele>
      </trkpt>
      <trkpt lat="40.26471" lon="-0.01459">
        <ele>729.0</ele>
      </trkpt>
      <trkpt lat="40.26459" lon="-0.0142">
        <ele>728.0</ele>
      </trkpt>
      <trkpt lat="40.26334" lon="-0.01285">
        <ele>724.0</ele>
      </trkpt>
      <trkpt lat="40.26239" lon="-0.01111">
        <ele>718.0</ele>
      </trkpt>
      <trkpt lat="40.26212" lon="-0.01103">
        <ele>716.0</ele>
      </trkpt>
      <trkpt lat="40.26169" lon="-0.0113">
        <ele>713.0</ele>
      </trkpt>
      <trkpt lat="40.26137" lon="-0.01129">
        <ele>711.0</ele>
      </trkpt>
      <trkpt lat="40.26009" lon="-0.00974">
        <ele>703.0</ele>
      </trkpt>
      <trkpt lat="40.26007" lon="-0.00855">
        <ele>690.0</ele>
      </trkpt>
      <trkpt lat="40.25941" lon="-0.00804">
        <ele>684.0</ele>
      </trkpt>
      <trkpt lat="40.25886" lon="-0.00712">
        <ele>681.0</ele>
      </trkpt>
      <trkpt lat="40.25882" lon="-0.00657">
        <ele>678.0</ele>
      </trkpt>
      <trkpt lat="40.2586" lon="-0.00636">
        <ele>676.0</ele>
      </trkpt>
      <trkpt lat="40.25837" lon="-0.00642">
        <ele>674.0</ele>
      </trkpt>
      <trkpt lat="40.25785" lon="-0.00699">
        <ele>672.0</ele>
      </trkpt>
      <trkpt lat="40.25786" lon="-0.0074">
        <ele>669.0</ele>
      </trkpt>
      <trkpt lat="40.25817" lon="-0.00813">
        <ele>667.0</ele>
      </trkpt>
      <trkpt lat="40.25819" lon="-0.00864">
        <ele>665.0</ele>
      </trkpt>
      <trkpt lat="40.25794" lon="-0.00992">
        <ele>661.0</ele>
      </trkpt>
      <trkpt lat="40.25738" lon="-0.0104">
        <ele>657.0</ele>
      </trkpt>
      <trkpt lat="40.25698" lon="-0.0104">
        <ele>655.0</ele>
      </trkpt>
      <trkpt lat="40.25623" lon="-0.0099">
        <ele>651.0</ele>
      </trkpt>
      <trkpt lat="40.25505" lon="-0.01029">
        <ele>643.0</ele>
      </trkpt>
      <trkpt lat="40.25394" lon="-0.01">
        <ele>640.0</ele>
      </trkpt>
      <trkpt lat="40.25282" lon="-0.00933">
        <ele>630.0</ele>
      </trkpt>
      <trkpt lat="40.25177" lon="-0.00979">
        <ele>621.0</ele>
      </trkpt>
      <trkpt lat="40.2513" lon="-0.00953">
        <ele>618.0</ele>
      </trkpt>
      <trkpt lat="40.25065" lon="-0.00875">
        <ele>613.0</ele>
      </trkpt>
      <trkpt lat="40.25034" lon="-0.00872">
        <ele>609.0</ele>
      </trkpt>
      <trkpt lat="40.24858" lon="-0.01062">
        <ele>601.0</ele>
      </trkpt>
      <trkpt lat="40.24808" lon="-0.01186">
        <ele>597.0</ele>
      </trkpt>
      <trkpt lat="40.24782" lon="-0.01207">
        <ele>595.0</ele>
      </trkpt>
      <trkpt lat="40.24657" lon="-0.01156">
        <ele>588.0</ele>
      </trkpt>
      <trkpt lat="40.24521" lon="-0.01187">
        <ele>580.0</ele>
      </trkpt>
      <trkpt lat="40.24393" lon="-0.01052">
        <ele>571.0</ele>
      </trkpt>
      <trkpt lat="40.24368" lon="-0.01044">
        <ele>567.0</ele>
      </trkpt>
      <trkpt lat="40.24351" lon="-0.0105">
        <ele>565.0</ele>
      </trkpt>
      <trkpt lat="40.2429" lon="-0.01141">
        <ele>561.0</ele>
      </trkpt>
      <trkpt lat="40.24203" lon="-0.01225">
        <ele>557.0</ele>
      </trkpt>
      <trkpt lat="40.24171" lon="-0.01236">
        <ele>551.0</ele>
      </trkpt>
      <trkpt lat="40.24116" lon="-0.01212">
        <ele>545.0</ele>
      </trkpt>
      <trkpt lat="40.24088" lon="-0.01225">
        <ele>542.0</ele>
      </trkpt>
      <trkpt lat="40.24016" lon="-0.01367">
        <ele>536.0</ele>
      </trkpt>
      <trkpt lat="40.23986" lon="-0.01402">
        <ele>531.0</ele>
      </trkpt>
      <trkpt lat="40.23937" lon="-0.01418">
        <ele>526.0</ele>
      </trkpt>
      <trkpt lat="40.23896" lon="-0.01397">
        <ele>522.0</ele>
      </trkpt>
      <trkpt lat="40.2385" lon="-0.01286">
        <ele>516.0</ele>
      </trkpt>
      <trkpt lat="40.23838" lon="-0.01148">
        <ele>511.0</ele>
      </trkpt>
      <trkpt lat="40.23824" lon="-0.01109">
        <ele>508.0</ele>
      </trkpt>
      <trkpt lat="40.2378" lon="-0.01083">
        <ele>505.0</ele>
      </trkpt>
      <trkpt lat="40.23659" lon="-0.01071">
        <ele>498.0</ele>
      </trkpt>
      <trkpt lat="40.2361" lon="-0.01018">
        <ele>490.0</ele>
      </trkpt>
      <trkpt lat="40.232" lon="-0.00161">
        <ele>470.0</ele>
      </trkpt>
      <trkpt lat="40.23145" lon="0.00139">
        <ele>455.0</ele>
      </trkpt>
      <trkpt lat="40.22964" lon="0.00352">
        <ele>442.0</ele>
      </trkpt>
      <trkpt lat="40.22857" lon="0.0043">
        <ele>433.0</ele>
      </trkpt>
      <trkpt lat="40.22803" lon="0.00516">
        <ele>429.0</ele>
      </trkpt>
      <trkpt lat="40.22796" lon="0.00541">
        <ele>424.0</ele>
      </trkpt>
      <trkpt lat="40.22816" lon="0.00563">
        <ele>423.0</ele>
      </trkpt>
      <trkpt lat="40.22885" lon="0.00561">
        <ele>423.0</ele>
      </trkpt>
      <trkpt lat="40.2297" lon="0.00535">
        <ele>422.0</ele>
      </trkpt>
      <trkpt lat="40.22991" lon="0.00561">
        <ele>420.0</ele>
      </trkpt>
      <trkpt lat="40.22961" lon="0.00632">
        <ele>418.0</ele>
      </trkpt>
      <trkpt lat="40.22887" lon="0.00697">
        <ele>413.0</ele>
      </trkpt>
      <trkpt lat="40.22816" lon="0.00942">
        <ele>401.0</ele>
      </trkpt>
      <trkpt lat="40.22776" lon="0.00957">
        <ele>395.0</ele>
      </trkpt>
      <trkpt lat="40.2271" lon="0.00906">
        <ele>391.0</ele>
      </trkpt>
      <trkpt lat="40.22632" lon="0.00956">
        <ele>386.0</ele>
      </trkpt>
      <trkpt lat="40.22571" lon="0.00973">
        <ele>383.0</ele>
      </trkpt>
      <trkpt lat="40.22548" lon="0.01048">
        <ele>378.0</ele>
      </trkpt>
      <trkpt lat="40.22509" lon="0.0109">
        <ele>375.0</ele>
      </trkpt>
      <trkpt lat="40.22399" lon="0.01141">
        <ele>368.0</ele>
      </trkpt>
      <trkpt lat="40.22343" lon="0.01207">
        <ele>365.0</ele>
      </trkpt>
      <trkpt lat="40.22131" lon="0.01398">
        <ele>355.0</ele>
      </trkpt>
      <trkpt lat="40.22" lon="0.01482">
        <ele>344.0</ele>
      </trkpt>
      <trkpt lat="40.21361" lon="0.02165">
        <ele>319.0</ele>
      </trkpt>
      <trkpt lat="40.21162" lon="0.02334">
        <ele>315.0</ele>
      </trkpt>
      <trkpt lat="40.21012" lon="0.02595">
        <ele>311.0</ele>
      </trkpt>
      <trkpt lat="40.20972" lon="0.02566">
        <ele>310.0</ele>
      </trkpt>
      <trkpt lat="40.20987" lon="0.02483">
        <ele>310.0</ele>
      </trkpt>
      <trkpt lat="40.20926" lon="0.0239">
        <ele>312.0</ele>
      </trkpt>
      <trkpt lat="40.20894" lon="0.02003">
        <ele>316.0</ele>
      </trkpt>
      <trkpt lat="40.20812" lon="0.01611">
        <ele>322.0</ele>
      </trkpt>
      <trkpt lat="40.20606" lon="0.01003">
        <ele>333.0</ele>
      </trkpt>
      <trkpt lat="40.20469" lon="0.00858">
        <ele>341.0</ele>
      </trkpt>
      <trkpt lat="40.20274" lon="0.00526">
        <ele>344.0</ele>
      </trkpt>
      <trkpt lat="40.20266" lon="0.00448">
        <ele>347.0</ele>
      </trkpt>
      <trkpt lat="40.20315" lon="0.00109">
        <ele>350.0</ele>
      </trkpt>
      <trkpt lat="40.20314" lon="0.00022">
        <ele>354.0</ele>
      </trkpt>
      <trkpt lat="40.19976" lon="-0.01036">
        <ele>364.0</ele>
      </trkpt>
      <trkpt lat="40.19927" lon="-0.0111">
        <ele>363.0</ele>
      </trkpt>
      <trkpt lat="40.19253" lon="-0.01707">
        <ele>342.0</ele>
      </trkpt>
      <trkpt lat="40.18781" lon="-0.02181">
        <ele>315.0</ele>
      </trkpt>
      <trkpt lat="40.1872" lon="-0.02275">
        <ele>314.0</ele>
      </trkpt>
      <trkpt lat="40.18576" lon="-0.02588">
        <ele>311.0</ele>
      </trkpt>
      <trkpt lat="40.18396" lon="-0.02864">
        <ele>309.0</ele>
      </trkpt>
      <trkpt lat="40.18065" lon="-0.0229">
        <ele>301.0</ele>
      </trkpt>
      <trkpt lat="40.17969" lon="-0.02085">
        <ele>305.0</ele>
      </trkpt>
      <trkpt lat="40.17616" lon="-0.01596">
        <ele>304.0</ele>
      </trkpt>
      <trkpt lat="40.17458" lon="-0.01409">
        <ele>298.0</ele>
      </trkpt>
      <trkpt lat="40.1739" lon="-0.01299">
        <ele>295.0</ele>
      </trkpt>
      <trkpt lat="40.17349" lon="-0.01261">
        <ele>292.0</ele>
      </trkpt>
      <trkpt lat="40.17334" lon="-0.01198">
        <ele>291.0</ele>
      </trkpt>
      <trkpt lat="40.17213" lon="-0.00976">
        <ele>289.0</ele>
      </trkpt>
      <trkpt lat="40.17119" lon="-0.00558">
        <ele>284.0</ele>
      </trkpt>
      <trkpt lat="40.17114" lon="-0.00347">
        <ele>279.0</ele>
      </trkpt>
      <trkpt lat="40.17097" lon="-0.00273">
        <ele>278.0</ele>
      </trkpt>
      <trkpt lat="40.16995" lon="-0.00053">
        <ele>280.0</ele>
      </trkpt>
      <trkpt lat="40.16875" lon="0.00155">
        <ele>281.0</ele>
      </trkpt>
      <trkpt lat="40.16774" lon="0.00369">
        <ele>281.0</ele>
      </trkpt>
      <trkpt lat="40.16675" lon="0.00664">
        <ele>279.0</ele>
      </trkpt>
      <trkpt lat="40.16601" lon="0.00935">
        <ele>278.0</ele>
      </trkpt>
      <trkpt lat="40.16578" lon="0.01077">
        <ele>275.0</ele>
      </trkpt>
      <trkpt lat="40.16581" lon="0.01313">
        <ele>272.0</ele>
      </trkpt>
      <trkpt lat="40.16566" lon="0.01435">
        <ele>271.0</ele>
      </trkpt>
      <trkpt lat="40.16535" lon="0.01473">
        <ele>270.0</ele>
      </trkpt>
      <trkpt lat="40.16536" lon="0.01535">
        <ele>270.0</ele>
      </trkpt>
      <trkpt lat="40.15641" lon="0.04053">
        <ele>261.0</ele>
      </trkpt>
      <trkpt lat="40.15642" lon="0.04081">
        <ele>262.0</ele>
      </trkpt>
      <trkpt lat="40.1563" lon="0.04086">
        <ele>263.0</ele>
      </trkpt>
      <trkpt lat="40.15618" lon="0.04068">
        <ele>263.0</ele>
      </trkpt>
      <trkpt lat="40.15442" lon="0.03973">
        <ele>264.0</ele>
      </trkpt>
      <trkpt lat="40.15444" lon="0.0408">
        <ele>265.0</ele>
      </trkpt>
      <trkpt lat="40.15431" lon="0.04175">
        <ele>266.0</ele>
      </trkpt>
      <trkpt lat="40.15449" lon="0.04331">
        <ele>270.0</ele>
      </trkpt>
      <trkpt lat="40.15447" lon="0.04469">
        <ele>272.0</ele>
      </trkpt>
      <trkpt lat="40.15417" lon="0.04758">
        <ele>277.0</ele>
      </trkpt>
      <trkpt lat="40.15458" lon="0.04754">
        <ele>282.0</ele>
      </trkpt>
      <trkpt lat="40.1546" lon="0.04765">
        <ele>283.0</ele>
      </trkpt>
      <trkpt lat="40.15375" lon="0.04965">
        <ele>292.0</ele>
      </trkpt>
      <trkpt lat="40.1535" lon="0.05185">
        <ele>301.0</ele>
      </trkpt>
      <trkpt lat="40.1527" lon="0.05195">
        <ele>304.0</ele>
      </trkpt>
      <trkpt lat="40.15243" lon="0.05231">
        <ele>308.0</ele>
      </trkpt>
      <trkpt lat="40.15255" lon="0.05248">
        <ele>310.0</ele>
      </trkpt>
      <trkpt lat="40.15398" lon="0.05313">
        <ele>314.0</ele>
      </trkpt>
      <trkpt lat="40.1542" lon="0.05346">
        <ele>317.0</ele>
      </trkpt>
      <trkpt lat="40.1546" lon="0.05523">
        <ele>320.0</ele>
      </trkpt>
      <trkpt lat="40.15443" lon="0.05644">
        <ele>324.0</ele>
      </trkpt>
      <trkpt lat="40.1547" lon="0.05783">
        <ele>327.0</ele>
      </trkpt>
      <trkpt lat="40.15621" lon="0.06073">
        <ele>333.0</ele>
      </trkpt>
      <trkpt lat="40.15629" lon="0.06291">
        <ele>341.0</ele>
      </trkpt>
      <trkpt lat="40.15814" lon="0.06549">
        <ele>346.0</ele>
      </trkpt>
      <trkpt lat="40.15837" lon="0.066">
        <ele>347.0</ele>
      </trkpt>
      <trkpt lat="40.16055" lon="0.07534">
        <ele>357.0</ele>
      </trkpt>
      <trkpt lat="40.16055" lon="0.07635">
        <ele>358.0</ele>
      </trkpt>
      <trkpt lat="40.16016" lon="0.0773">
        <ele>356.0</ele>
      </trkpt>
      <trkpt lat="40.16003" lon="0.07808">
        <ele>353.0</ele>
      </trkpt>
      <trkpt lat="40.15962" lon="0.07893">
        <ele>350.0</ele>
      </trkpt>
      <trkpt lat="40.15943" lon="0.07997">
        <ele>347.0</ele>
      </trkpt>
      <trkpt lat="40.15939" lon="0.08106">
        <ele>341.0</ele>
      </trkpt>
      <trkpt lat="40.15889" lon="0.083">
        <ele>332.0</ele>
      </trkpt>
      <trkpt lat="40.15825" lon="0.08346">
        <ele>328.0</ele>
      </trkpt>
      <trkpt lat="40.15733" lon="0.08323">
        <ele>321.0</ele>
      </trkpt>
      <trkpt lat="40.15657" lon="0.08337">
        <ele>316.0</ele>
      </trkpt>
      <trkpt lat="40.15638" lon="0.08357">
        <ele>313.0</ele>
      </trkpt>
      <trkpt lat="40.1564" lon="0.08377">
        <ele>311.0</ele>
      </trkpt>
      <trkpt lat="40.15682" lon="0.08418">
        <ele>308.0</ele>
      </trkpt>
      <trkpt lat="40.15797" lon="0.08678">
        <ele>298.0</ele>
      </trkpt>
      <trkpt lat="40.15803" lon="0.08814">
        <ele>293.0</ele>
      </trkpt>
      <trkpt lat="40.15785" lon="0.08846">
        <ele>288.0</ele>
      </trkpt>
      <trkpt lat="40.15604" lon="0.08974">
        <ele>280.0</ele>
      </trkpt>
      <trkpt lat="40.15442" lon="0.09">
        <ele>275.0</ele>
      </trkpt>
      <trkpt lat="40.15193" lon="0.09177">
        <ele>269.0</ele>
      </trkpt>
      <trkpt lat="40.15099" lon="0.09115">
        <ele>266.0</ele>
      </trkpt>
      <trkpt lat="40.14994" lon="0.0889">
        <ele>264.0</ele>
      </trkpt>
      <trkpt lat="40.1495" lon="0.08832">
        <ele>260.0</ele>
      </trkpt>
      <trkpt lat="40.14881" lon="0.08901">
        <ele>256.0</ele>
      </trkpt>
      <trkpt lat="40.14797" lon="0.08851">
        <ele>250.0</ele>
      </trkpt>
      <trkpt lat="40.14722" lon="0.08888">
        <ele>244.0</ele>
      </trkpt>
      <trkpt lat="40.14681" lon="0.08879">
        <ele>240.0</ele>
      </trkpt>
      <trkpt lat="40.14663" lon="0.0889">
        <ele>238.0</ele>
      </trkpt>
      <trkpt lat="40.14534" lon="0.08842">
        <ele>229.0</ele>
      </trkpt>
      <trkpt lat="40.1452" lon="0.08844">
        <ele>227.0</ele>
      </trkpt>
      <trkpt lat="40.14492" lon="0.08893">
        <ele>220.0</ele>
      </trkpt>
      <trkpt lat="40.14457" lon="0.08869">
        <ele>217.0</ele>
      </trkpt>
      <trkpt lat="40.1442" lon="0.08874">
        <ele>214.0</ele>
      </trkpt>
      <trkpt lat="40.14399" lon="0.08918">
        <ele>212.0</ele>
      </trkpt>
      <trkpt lat="40.1439" lon="0.09042">
        <ele>208.0</ele>
      </trkpt>
      <trkpt lat="40.14452" lon="0.09214">
        <ele>209.0</ele>
      </trkpt>
      <trkpt lat="40.1429" lon="0.09354">
        <ele>193.0</ele>
      </trkpt>
      <trkpt lat="40.14274" lon="0.09382">
        <ele>189.0</ele>
      </trkpt>
      <trkpt lat="40.14249" lon="0.09694">
        <ele>182.0</ele>
      </trkpt>
      <trkpt lat="40.14198" lon="0.09763">
        <ele>171.0</ele>
      </trkpt>
      <trkpt lat="40.14222" lon="0.09827">
        <ele>167.0</ele>
      </trkpt>
      <trkpt lat="40.14203" lon="0.09992">
        <ele>158.0</ele>
      </trkpt>
      <trkpt lat="40.14166" lon="0.10031">
        <ele>148.0</ele>
      </trkpt>
      <trkpt lat="40.14152" lon="0.10092">
        <ele>146.0</ele>
      </trkpt>
      <trkpt lat="40.14163" lon="0.10139">
        <ele>146.0</ele>
      </trkpt>
      <trkpt lat="40.14244" lon="0.10204">
        <ele>146.0</ele>
      </trkpt>
      <trkpt lat="40.14253" lon="0.10262">
        <ele>146.0</ele>
      </trkpt>
      <trkpt lat="40.14285" lon="0.10315">
        <ele>146.0</ele>
      </trkpt>
      <trkpt lat="40.14323" lon="0.10319">
        <ele>146.0</ele>
      </trkpt>
      <trkpt lat="40.14343" lon="0.10345">
        <ele>146.0</ele>
      </trkpt>
      <trkpt lat="40.14347" lon="0.10378">
        <ele>145.0</ele>
      </trkpt>
      <trkpt lat="40.14327" lon="0.10431">
        <ele>144.0</ele>
      </trkpt>
      <trkpt lat="40.14323" lon="0.10528">
        <ele>143.0</ele>
      </trkpt>
      <trkpt lat="40.14375" lon="0.10785">
        <ele>135.0</ele>
      </trkpt>
      <trkpt lat="40.14405" lon="0.10866">
        <ele>127.0</ele>
      </trkpt>
      <trkpt lat="40.14409" lon="0.10973">
        <ele>116.0</ele>
      </trkpt>
      <trkpt lat="40.14355" lon="0.11079">
        <ele>110.0</ele>
      </trkpt>
      <trkpt lat="40.14313" lon="0.11117">
        <ele>106.0</ele>
      </trkpt>
      <trkpt lat="40.14212" lon="0.11172">
        <ele>101.0</ele>
      </trkpt>
      <trkpt lat="40.14161" lon="0.11267">
        <ele>97.0</ele>
      </trkpt>
      <trkpt lat="40.14135" lon="0.11344">
        <ele>92.0</ele>
      </trkpt>
      <trkpt lat="40.14145" lon="0.11437">
        <ele>84.0</ele>
      </trkpt>
      <trkpt lat="40.14048" lon="0.11585">
        <ele>78.0</ele>
      </trkpt>
      <trkpt lat="40.14012" lon="0.1172">
        <ele>75.0</ele>
      </trkpt>
      <trkpt lat="40.13943" lon="0.11878">
        <ele>69.0</ele>
      </trkpt>
      <trkpt lat="40.13857" lon="0.1229">
        <ele>60.0</ele>
      </trkpt>
      <trkpt lat="40.13739" lon="0.12753">
        <ele>41.0</ele>
      </trkpt>
      <trkpt lat="40.13678" lon="0.13289">
        <ele>38.0</ele>
      </trkpt>
      <trkpt lat="40.13945" lon="0.13771">
        <ele>27.0</ele>
      </trkpt>
      <trkpt lat="40.1395" lon="0.13805">
        <ele>25.0</ele>
      </trkpt>
      <trkpt lat="40.13923" lon="0.14114">
        <ele>22.0</ele>
      </trkpt>
      <trkpt lat="40.13883" lon="0.14353">
        <ele>20.0</ele>
      </trkpt>
      <trkpt lat="40.13903" lon="0.14579">
        <ele>15.0</ele>
      </trkpt>
      <trkpt lat="40.13893" lon="0.1508">
        <ele>11.0</ele>
      </trkpt>
      <trkpt lat="40.13814" lon="0.15102">
        <ele>9.0</ele>
      </trkpt>
      <trkpt lat="40.12696" lon="0.14558">
        <ele>14.0</ele>
      </trkpt>
      <trkpt lat="40.11852" lon="0.14185">
        <ele>14.0</ele>
      </trkpt>
      <trkpt lat="40.10436" lon="0.13603">
        <ele>8.0</ele>
      </trkpt>
      <trkpt lat="40.09909" lon="0.1344">
        <ele>5.0</ele>
      </trkpt>
      <trkpt lat="40.09717" lon="0.13337">
        <ele>4.0</ele>
      </trkpt>
      <trkpt lat="40.09377" lon="0.13121">
        <ele>11.0</ele>
      </trkpt>
      <trkpt lat="40.09223" lon="0.12986">
        <ele>16.0</ele>
      </trkpt>
      <trkpt lat="40.08997" lon="0.12686">
        <ele>24.0</ele>
      </trkpt>
      <trkpt lat="40.08147" lon="0.11791">
        <ele>54.0</ele>
      </trkpt>
      <trkpt lat="40.0755" lon="0.11141">
        <ele>91.0</ele>
      </trkpt>
      <trkpt lat="40.07168" lon="0.10899">
        <ele>113.0</ele>
      </trkpt>
      <trkpt lat="40.07102" lon="0.10877">
        <ele>114.0</ele>
      </trkpt>
      <trkpt lat="40.06991" lon="0.10892">
        <ele>112.0</ele>
      </trkpt>
      <trkpt lat="40.06929" lon="0.10856">
        <ele>108.0</ele>
      </trkpt>
      <trkpt lat="40.06873" lon="0.10701">
        <ele>96.0</ele>
      </trkpt>
      <trkpt lat="40.06764" lon="0.10517">
        <ele>80.0</ele>
      </trkpt>
      <trkpt lat="40.06723" lon="0.10361">
        <ele>70.0</ele>
      </trkpt>
      <trkpt lat="40.06644" lon="0.10208">
        <ele>55.0</ele>
      </trkpt>
      <trkpt lat="40.06457" lon="0.0997">
        <ele>40.0</ele>
      </trkpt>
      <trkpt lat="40.06406" lon="0.09929">
        <ele>35.0</ele>
      </trkpt>
      <trkpt lat="40.06285" lon="0.09868">
        <ele>27.0</ele>
      </trkpt>
      <trkpt lat="40.06237" lon="0.09818">
        <ele>24.0</ele>
      </trkpt>
      <trkpt lat="40.06209" lon="0.09823">
        <ele>23.0</ele>
      </trkpt>
      <trkpt lat="40.06063" lon="0.0975">
        <ele>20.0</ele>
      </trkpt>
      <trkpt lat="40.05948" lon="0.09729">
        <ele>17.0</ele>
      </trkpt>
      <trkpt lat="40.0587" lon="0.09661">
        <ele>15.0</ele>
      </trkpt>
      <trkpt lat="40.05851" lon="0.09608">
        <ele>13.0</ele>
      </trkpt>
      <trkpt lat="40.05834" lon="0.09333">
        <ele>17.0</ele>
      </trkpt>
      <trkpt lat="40.05804" lon="0.09288">
        <ele>20.0</ele>
      </trkpt>
      <trkpt lat="40.05738" lon="0.09252">
        <ele>23.0</ele>
      </trkpt>
      <trkpt lat="40.05717" lon="0.09219">
        <ele>25.0</ele>
      </trkpt>
      <trkpt lat="40.05713" lon="0.09117">
        <ele>23.0</ele>
      </trkpt>
      <trkpt lat="40.05696" lon="0.09087">
        <ele>21.0</ele>
      </trkpt>
      <trkpt lat="40.05628" lon="0.09053">
        <ele>14.0</ele>
      </trkpt>
      <trkpt lat="40.05608" lon="0.09026">
        <ele>11.0</ele>
      </trkpt>
      <trkpt lat="40.05624" lon="0.089">
        <ele>10.0</ele>
      </trkpt>
      <trkpt lat="40.05771" lon="0.08518">
        <ele>7.0</ele>
      </trkpt>
      <trkpt lat="40.05775" lon="0.08483">
        <ele>6.0</ele>
      </trkpt>
      <trkpt lat="40.05631" lon="0.06581">
        <ele>19.0</ele>
      </trkpt>
      <trkpt lat="40.05289" lon="0.05997">
        <ele>24.0</ele>
      </trkpt>
      <trkpt lat="40.05394" lon="0.05875">
        <ele>27.0</ele>
      </trkpt>
      <trkpt lat="40.05437" lon="0.05768">
        <ele>29.0</ele>
      </trkpt>
      <trkpt lat="40.05456" lon="0.05194">
        <ele>38.0</ele>
      </trkpt>
      <trkpt lat="40.05488" lon="0.04703">
        <ele>57.0</ele>
      </trkpt>
      <trkpt lat="40.05555" lon="0.04583">
        <ele>64.0</ele>
      </trkpt>
      <trkpt lat="40.05678" lon="0.04519">
        <ele>73.0</ele>
      </trkpt>
      <trkpt lat="40.05755" lon="0.04538">
        <ele>78.0</ele>
      </trkpt>
      <trkpt lat="40.05871" lon="0.04605">
        <ele>79.0</ele>
      </trkpt>
      <trkpt lat="40.05913" lon="0.04597">
        <ele>81.0</ele>
      </trkpt>
      <trkpt lat="40.06091" lon="0.04478">
        <ele>87.0</ele>
      </trkpt>
      <trkpt lat="40.06239" lon="0.04405">
        <ele>101.0</ele>
      </trkpt>
      <trkpt lat="40.06296" lon="0.04298">
        <ele>110.0</ele>
      </trkpt>
      <trkpt lat="40.06325" lon="0.04267">
        <ele>113.0</ele>
      </trkpt>
      <trkpt lat="40.06566" lon="0.04131">
        <ele>128.0</ele>
      </trkpt>
      <trkpt lat="40.06622" lon="0.04124">
        <ele>134.0</ele>
      </trkpt>
      <trkpt lat="40.06702" lon="0.04061">
        <ele>142.0</ele>
      </trkpt>
      <trkpt lat="40.0685" lon="0.04029">
        <ele>150.0</ele>
      </trkpt>
      <trkpt lat="40.06939" lon="0.04048">
        <ele>162.0</ele>
      </trkpt>
      <trkpt lat="40.07034" lon="0.04035">
        <ele>171.0</ele>
      </trkpt>
      <trkpt lat="40.07117" lon="0.04043">
        <ele>180.0</ele>
      </trkpt>
      <trkpt lat="40.07174" lon="0.03993">
        <ele>188.0</ele>
      </trkpt>
      <trkpt lat="40.07246" lon="0.03963">
        <ele>194.0</ele>
      </trkpt>
      <trkpt lat="40.07261" lon="0.03982">
        <ele>198.0</ele>
      </trkpt>
      <trkpt lat="40.07259" lon="0.04007">
        <ele>201.0</ele>
      </trkpt>
      <trkpt lat="40.07198" lon="0.04022">
        <ele>206.0</ele>
      </trkpt>
      <trkpt lat="40.07191" lon="0.04048">
        <ele>209.0</ele>
      </trkpt>
      <trkpt lat="40.07216" lon="0.04069">
        <ele>212.0</ele>
      </trkpt>
      <trkpt lat="40.07258" lon="0.04047">
        <ele>215.0</ele>
      </trkpt>
      <trkpt lat="40.07277" lon="0.04069">
        <ele>217.0</ele>
      </trkpt>
      <trkpt lat="40.07275" lon="0.04091">
        <ele>219.0</ele>
      </trkpt>
      <trkpt lat="40.07248" lon="0.04106">
        <ele>221.0</ele>
      </trkpt>
      <trkpt lat="40.07192" lon="0.04093">
        <ele>224.0</ele>
      </trkpt>
      <trkpt lat="40.07121" lon="0.04133">
        <ele>229.0</ele>
      </trkpt>
      <trkpt lat="40.07135" lon="0.04242">
        <ele>236.0</ele>
      </trkpt>
      <trkpt lat="40.07148" lon="0.04264">
        <ele>238.0</ele>
      </trkpt>
      <trkpt lat="40.0717" lon="0.04268">
        <ele>239.0</ele>
      </trkpt>
      <trkpt lat="40.07193" lon="0.04239">
        <ele>240.0</ele>
      </trkpt>
      <trkpt lat="40.07179" lon="0.0416">
        <ele>242.0</ele>
      </trkpt>
      <trkpt lat="40.07199" lon="0.04141">
        <ele>243.0</ele>
      </trkpt>
      <trkpt lat="40.07257" lon="0.04182">
        <ele>247.0</ele>
      </trkpt>
      <trkpt lat="40.07334" lon="0.0418">
        <ele>256.0</ele>
      </trkpt>
      <trkpt lat="40.07386" lon="0.04239">
        <ele>265.0</ele>
      </trkpt>
      <trkpt lat="40.07554" lon="0.04225">
        <ele>270.0</ele>
      </trkpt>
      <trkpt lat="40.07568" lon="0.04242">
        <ele>271.0</ele>
      </trkpt>
      <trkpt lat="40.07569" lon="0.04268">
        <ele>273.0</ele>
      </trkpt>
      <trkpt lat="40.0754" lon="0.04295">
        <ele>275.0</ele>
      </trkpt>
      <trkpt lat="40.07447" lon="0.04303">
        <ele>282.0</ele>
      </trkpt>
      <trkpt lat="40.07411" lon="0.04363">
        <ele>287.0</ele>
      </trkpt>
      <trkpt lat="40.07335" lon="0.04338">
        <ele>293.0</ele>
      </trkpt>
      <trkpt lat="40.07265" lon="0.04391">
        <ele>295.0</ele>
      </trkpt>
      <trkpt lat="40.07159" lon="0.04419">
        <ele>297.0</ele>
      </trkpt>
      <trkpt lat="40.07143" lon="0.04433">
        <ele>298.0</ele>
      </trkpt>
      <trkpt lat="40.07142" lon="0.0446">
        <ele>298.0</ele>
      </trkpt>
      <trkpt lat="40.07161" lon="0.04473">
        <ele>298.0</ele>
      </trkpt>
      <trkpt lat="40.07217" lon="0.04433">
        <ele>301.0</ele>
      </trkpt>
      <trkpt lat="40.07304" lon="0.04424">
        <ele>306.0</ele>
      </trkpt>
      <trkpt lat="40.07431" lon="0.04496">
        <ele>321.0</ele>
      </trkpt>
      <trkpt lat="40.076" lon="0.04489">
        <ele>337.0</ele>
      </trkpt>
      <trkpt lat="40.07691" lon="0.04409">
        <ele>343.0</ele>
      </trkpt>
      <trkpt lat="40.07807" lon="0.04348">
        <ele>353.0</ele>
      </trkpt>
      <trkpt lat="40.07853" lon="0.04259">
        <ele>361.0</ele>
      </trkpt>
      <trkpt lat="40.07927" lon="0.04225">
        <ele>368.0</ele>
      </trkpt>
      <trkpt lat="40.07957" lon="0.04151">
        <ele>373.0</ele>
      </trkpt>
      <trkpt lat="40.08009" lon="0.04106">
        <ele>380.0</ele>
      </trkpt>
      <trkpt lat="40.08002" lon="0.04088">
        <ele>382.0</ele>
      </trkpt>
      <trkpt lat="40.07951" lon="0.04055">
        <ele>385.0</ele>
      </trkpt>
      <trkpt lat="40.07955" lon="0.03961">
        <ele>386.0</ele>
      </trkpt>
      <trkpt lat="40.07945" lon="0.03937">
        <ele>386.0</ele>
      </trkpt>
      <trkpt lat="40.07892" lon="0.03939">
        <ele>386.0</ele>
      </trkpt>
      <trkpt lat="40.07848" lon="0.03912">
        <ele>386.0</ele>
      </trkpt>
      <trkpt lat="40.0779" lon="0.03785">
        <ele>384.0</ele>
      </trkpt>
      <trkpt lat="40.07812" lon="0.03678">
        <ele>381.0</ele>
      </trkpt>
      <trkpt lat="40.0781" lon="0.0345">
        <ele>375.0</ele>
      </trkpt>
      <trkpt lat="40.07902" lon="0.03294">
        <ele>378.0</ele>
      </trkpt>
      <trkpt lat="40.07899" lon="0.03235">
        <ele>382.0</ele>
      </trkpt>
      <trkpt lat="40.07882" lon="0.03203">
        <ele>383.0</ele>
      </trkpt>
      <trkpt lat="40.07833" lon="0.0316">
        <ele>384.0</ele>
      </trkpt>
      <trkpt lat="40.07805" lon="0.03086">
        <ele>386.0</ele>
      </trkpt>
      <trkpt lat="40.07731" lon="0.02994">
        <ele>387.0</ele>
      </trkpt>
      <trkpt lat="40.07647" lon="0.02981">
        <ele>391.0</ele>
      </trkpt>
      <trkpt lat="40.07632" lon="0.02869">
        <ele>397.0</ele>
      </trkpt>
      <trkpt lat="40.0761" lon="0.0281">
        <ele>402.0</ele>
      </trkpt>
      <trkpt lat="40.07628" lon="0.02719">
        <ele>409.0</ele>
      </trkpt>
      <trkpt lat="40.07589" lon="0.02674">
        <ele>412.0</ele>
      </trkpt>
      <trkpt lat="40.07418" lon="0.02694">
        <ele>418.0</ele>
      </trkpt>
      <trkpt lat="40.0729" lon="0.02751">
        <ele>415.0</ele>
      </trkpt>
      <trkpt lat="40.07237" lon="0.02725">
        <ele>413.0</ele>
      </trkpt>
      <trkpt lat="40.07168" lon="0.02817">
        <ele>411.0</ele>
      </trkpt>
      <trkpt lat="40.07104" lon="0.02822">
        <ele>408.0</ele>
      </trkpt>
      <trkpt lat="40.0708" lon="0.02808">
        <ele>404.0</ele>
      </trkpt>
      <trkpt lat="40.07072" lon="0.02775">
        <ele>401.0</ele>
      </trkpt>
      <trkpt lat="40.07094" lon="0.02699">
        <ele>395.0</ele>
      </trkpt>
      <trkpt lat="40.07093" lon="0.02622">
        <ele>389.0</ele>
      </trkpt>
      <trkpt lat="40.07103" lon="0.02605">
        <ele>388.0</ele>
      </trkpt>
      <trkpt lat="40.07142" lon="0.02593">
        <ele>386.0</ele>
      </trkpt>
      <trkpt lat="40.07169" lon="0.02555">
        <ele>385.0</ele>
      </trkpt>
      <trkpt lat="40.07145" lon="0.02464">
        <ele>382.0</ele>
      </trkpt>
      <trkpt lat="40.07161" lon="0.02372">
        <ele>380.0</ele>
      </trkpt>
      <trkpt lat="40.07111" lon="0.0228">
        <ele>377.0</ele>
      </trkpt>
      <trkpt lat="40.07044" lon="0.02219">
        <ele>372.0</ele>
      </trkpt>
      <trkpt lat="40.06968" lon="0.02237">
        <ele>368.0</ele>
      </trkpt>
      <trkpt lat="40.06897" lon="0.02204">
        <ele>364.0</ele>
      </trkpt>
      <trkpt lat="40.06815" lon="0.02232">
        <ele>358.0</ele>
      </trkpt>
      <trkpt lat="40.06763" lon="0.02157">
        <ele>351.0</ele>
      </trkpt>
      <trkpt lat="40.06715" lon="0.02115">
        <ele>347.0</ele>
      </trkpt>
      <trkpt lat="40.06715" lon="0.02081">
        <ele>346.0</ele>
      </trkpt>
      <trkpt lat="40.06762" lon="0.01963">
        <ele>342.0</ele>
      </trkpt>
      <trkpt lat="40.06751" lon="0.0193">
        <ele>339.0</ele>
      </trkpt>
      <trkpt lat="40.06682" lon="0.0189">
        <ele>337.0</ele>
      </trkpt>
      <trkpt lat="40.06659" lon="0.01851">
        <ele>336.0</ele>
      </trkpt>
      <trkpt lat="40.06672" lon="0.01738">
        <ele>334.0</ele>
      </trkpt>
      <trkpt lat="40.06654" lon="0.01659">
        <ele>332.0</ele>
      </trkpt>
      <trkpt lat="40.06658" lon="0.01608">
        <ele>331.0</ele>
      </trkpt>
      <trkpt lat="40.06705" lon="0.01462">
        <ele>325.0</ele>
      </trkpt>
      <trkpt lat="40.06687" lon="0.01424">
        <ele>322.0</ele>
      </trkpt>
      <trkpt lat="40.06664" lon="0.01426">
        <ele>321.0</ele>
      </trkpt>
      <trkpt lat="40.06606" lon="0.01493">
        <ele>316.0</ele>
      </trkpt>
      <trkpt lat="40.06392" lon="0.01541">
        <ele>308.0</ele>
      </trkpt>
      <trkpt lat="40.06349" lon="0.01588">
        <ele>304.0</ele>
      </trkpt>
      <trkpt lat="40.06315" lon="0.01598">
        <ele>299.0</ele>
      </trkpt>
      <trkpt lat="40.06296" lon="0.01578">
        <ele>297.0</ele>
      </trkpt>
      <trkpt lat="40.06287" lon="0.01514">
        <ele>294.0</ele>
      </trkpt>
      <trkpt lat="40.06225" lon="0.01455">
        <ele>291.0</ele>
      </trkpt>
      <trkpt lat="40.06178" lon="0.01351">
        <ele>286.0</ele>
      </trkpt>
      <trkpt lat="40.0614" lon="0.01341">
        <ele>284.0</ele>
      </trkpt>
      <trkpt lat="40.06061" lon="0.01359">
        <ele>278.0</ele>
      </trkpt>
      <trkpt lat="40.05936" lon="0.01208">
        <ele>268.0</ele>
      </trkpt>
      <trkpt lat="40.05851" lon="0.0115">
        <ele>261.0</ele>
      </trkpt>
      <trkpt lat="40.05818" lon="0.01146">
        <ele>254.0</ele>
      </trkpt>
      <trkpt lat="40.05748" lon="0.01172">
        <ele>250.0</ele>
      </trkpt>
      <trkpt lat="40.0557" lon="0.01162">
        <ele>242.0</ele>
      </trkpt>
      <trkpt lat="40.05464" lon="0.01115">
        <ele>238.0</ele>
      </trkpt>
      <trkpt lat="40.05371" lon="0.01119">
        <ele>233.0</ele>
      </trkpt>
      <trkpt lat="40.05309" lon="0.01099">
        <ele>227.0</ele>
      </trkpt>
      <trkpt lat="40.05306" lon="0.01067">
        <ele>224.0</ele>
      </trkpt>
      <trkpt lat="40.05366" lon="0.00876">
        <ele>214.0</ele>
      </trkpt>
      <trkpt lat="40.05393" lon="0.00854">
        <ele>212.0</ele>
      </trkpt>
      <trkpt lat="40.0547" lon="0.00838">
        <ele>210.0</ele>
      </trkpt>
      <trkpt lat="40.05517" lon="0.00784">
        <ele>207.0</ele>
      </trkpt>
      <trkpt lat="40.05508" lon="0.0063">
        <ele>203.0</ele>
      </trkpt>
      <trkpt lat="40.05485" lon="0.00544">
        <ele>199.0</ele>
      </trkpt>
      <trkpt lat="40.05398" lon="0.00461">
        <ele>190.0</ele>
      </trkpt>
      <trkpt lat="40.05329" lon="0.00477">
        <ele>186.0</ele>
      </trkpt>
      <trkpt lat="40.05274" lon="0.00548">
        <ele>180.0</ele>
      </trkpt>
      <trkpt lat="40.05216" lon="0.00573">
        <ele>177.0</ele>
      </trkpt>
      <trkpt lat="40.05129" lon="0.00534">
        <ele>169.0</ele>
      </trkpt>
      <trkpt lat="40.05061" lon="0.00583">
        <ele>162.0</ele>
      </trkpt>
      <trkpt lat="40.05029" lon="0.00565">
        <ele>159.0</ele>
      </trkpt>
      <trkpt lat="40.04971" lon="0.00397">
        <ele>154.0</ele>
      </trkpt>
      <trkpt lat="40.04957" lon="0.00234">
        <ele>149.0</ele>
      </trkpt>
      <trkpt lat="40.04973" lon="0.00178">
        <ele>144.0</ele>
      </trkpt>
      <trkpt lat="40.04953" lon="0.00082">
        <ele>137.0</ele>
      </trkpt>
      <trkpt lat="40.04977" lon="0.00034">
        <ele>132.0</ele>
      </trkpt>
      <trkpt lat="40.05049" lon="0.00024">
        <ele>129.0</ele>
      </trkpt>
      <trkpt lat="40.05062" lon="-0.00017">
        <ele>128.0</ele>
      </trkpt>
      <trkpt lat="40.05046" lon="-0.00054">
        <ele>127.0</ele>
      </trkpt>
      <trkpt lat="40.04973" lon="-0.00106">
        <ele>126.0</ele>
      </trkpt>
      <trkpt lat="40.04946" lon="-0.00108">
        <ele>124.0</ele>
      </trkpt>
      <trkpt lat="40.04929" lon="-0.00089">
        <ele>123.0</ele>
      </trkpt>
      <trkpt lat="40.04903" lon="-0.00004">
        <ele>119.0</ele>
      </trkpt>
      <trkpt lat="40.04853" lon="0.0004">
        <ele>117.0</ele>
      </trkpt>
      <trkpt lat="40.04669" lon="0.00091">
        <ele>108.0</ele>
      </trkpt>
      <trkpt lat="40.04478" lon="-0.00042">
        <ele>105.0</ele>
      </trkpt>
      <trkpt lat="40.0438" lon="-0.00196">
        <ele>95.0</ele>
      </trkpt>
      <trkpt lat="40.03693" lon="-0.00652">
        <ele>70.0</ele>
      </trkpt>
      <trkpt lat="40.03394" lon="-0.00721">
        <ele>62.0</ele>
      </trkpt>
      <trkpt lat="40.03307" lon="-0.00656">
        <ele>57.0</ele>
      </trkpt>
      <trkpt lat="40.03277" lon="-0.0065">
        <ele>56.0</ele>
      </trkpt>
      <trkpt lat="40.02668" lon="-0.0081">
        <ele>33.0</ele>
      </trkpt>
      <trkpt lat="40.02615" lon="-0.00853">
        <ele>28.0</ele>
      </trkpt>
      <trkpt lat="40.02529" lon="-0.00763">
        <ele>26.0</ele>
      </trkpt>
      <trkpt lat="40.02517" lon="-0.00707">
        <ele>25.0</ele>
      </trkpt>
      <trkpt lat="40.02522" lon="-0.00475">
        <ele>25.0</ele>
      </trkpt>
      <trkpt lat="40.02605" lon="-0.00284">
        <ele>25.0</ele>
      </trkpt>
      <trkpt lat="40.02594" lon="-0.00238">
        <ele>25.0</ele>
      </trkpt>
      <trkpt lat="40.02592" lon="-0.00078">
        <ele>24.0</ele>
      </trkpt>
      <trkpt lat="40.02761" lon="0.00329">
        <ele>19.0</ele>
      </trkpt>
      <trkpt lat="40.02783" lon="0.00534">
        <ele>16.0</ele>
      </trkpt>
      <trkpt lat="40.02759" lon="0.0071">
        <ele>15.0</ele>
      </trkpt>
      <trkpt lat="40.0261" lon="0.01338">
        <ele>6.0</ele>
      </trkpt>
      <trkpt lat="40.02552" lon="0.01537">
        <ele>2.0</ele>
      </trkpt>
      <trkpt lat="40.02519" lon="0.01583">
      </trkpt>
      <trkpt lat="40.02521" lon="0.01622">
      </trkpt>
      <trkpt lat="40.02538" lon="0.01645">
      </trkpt>
      <trkpt lat="40.02592" lon="0.0166">
      </trkpt>
      <trkpt lat="40.03458" lon="0.02785">
        <ele>17.0</ele>
      </trkpt>
      <trkpt lat="40.03448" lon="0.02816">
        <ele>19.0</ele>
      </trkpt>
      <trkpt lat="40.03374" lon="0.02864">
        <ele>18.0</ele>
      </trkpt>
      <trkpt lat="40.03303" lon="0.02885">
        <ele>16.0</ele>
      </trkpt>
      <trkpt lat="40.03296" lon="0.02908">
        <ele>15.0</ele>
      </trkpt>
      <trkpt lat="40.03354" lon="0.03016">
        <ele>15.0</ele>
      </trkpt>
      <trkpt lat="40.03513" lon="0.03462">
        <ele>14.0</ele>
      </trkpt>
      <trkpt lat="40.03542" lon="0.03569">
        <ele>13.0</ele>
      </trkpt>
      <trkpt lat="40.03544" lon="0.03631">
        <ele>12.0</ele>
      </trkpt>
      <trkpt lat="40.0357" lon="0.03648">
        <ele>12.0</ele>
      </trkpt>
      <trkpt lat="40.03586" lon="0.03686">
        <ele>12.0</ele>
      </trkpt>
      <trkpt lat="40.03785" lon="0.04243">
        <ele>12.0</ele>
      </trkpt>
      <trkpt lat="40.04007" lon="0.04953">
        <ele>13.0</ele>
      </trkpt>
      <trkpt lat="40.04038" lon="0.05062">
        <ele>14.0</ele>
      </trkpt>
      <trkpt lat="40.04035" lon="0.05106">
        <ele>16.0</ele>
      </trkpt>
      <trkpt lat="40.04059" lon="0.05137">
        <ele>15.0</ele>
      </trkpt>
      <trkpt lat="40.04094" lon="0.05241">
        <ele>14.0</ele>
      </trkpt>
      <trkpt lat="40.04392" lon="0.05715">
        <ele>15.0</ele>
      </trkpt>
      <trkpt lat="40.04401" lon="0.05749">
        <ele>15.0</ele>
      </trkpt>
      <trkpt lat="40.04429" lon="0.05768">
        <ele>15.0</ele>
      </trkpt>
      <trkpt lat="40.04998" lon="0.06549">
        <ele>10.0</ele>
      </trkpt>
      <trkpt lat="40.05189" lon="0.0684">
        <ele>9.0</ele>
      </trkpt>
      <trkpt lat="40.05397" lon="0.07116">
        <ele>6.0</ele>
      </trkpt>
      <trkpt lat="40.05405" lon="0.07159">
        <ele>5.0</ele>
      </trkpt>
      <trkpt lat="40.05423" lon="0.0716">
        <ele>5.0</ele>
      </trkpt>
      <trkpt lat="40.05434" lon="0.07121">
        <ele>4.0</ele>
      </trkpt>
      <trkpt lat="40.05654" lon="0.0688">
        <ele>9.0</ele>
      </trkpt>
      <trkpt lat="40.05628" lon="0.06567">
        <ele>19.0</ele>
      </trkpt>
      <trkpt lat="40.05582" lon="0.06506">
        <ele>18.0</ele>
      </trkpt>
      <trkpt lat="40.05289" lon="0.05997">
        <ele>24.0</ele>
      </trkpt>
      <trkpt lat="40.05394" lon="0.05875">
        <ele>27.0</ele>
      </trkpt>
      <trkpt lat="40.05434" lon="0.05786">
        <ele>28.0</ele>
      </trkpt>
      <trkpt lat="40.05481" lon="0.04737">
        <ele>53.0</ele>
      </trkpt>
      <trkpt lat="40.05488" lon="0.04703">
        <ele>57.0</ele>
      </trkpt>
      <trkpt lat="40.05566" lon="0.04573">
        <ele>66.0</ele>
      </trkpt>
      <trkpt lat="40.05694" lon="0.04518">
        <ele>75.0</ele>
      </trkpt>
      <trkpt lat="40.05871" lon="0.04605">
        <ele>79.0</ele>
      </trkpt>
      <trkpt lat="40.05899" lon="0.04603">
        <ele>80.0</ele>
      </trkpt>
      <trkpt lat="40.06091" lon="0.04478">
        <ele>87.0</ele>
      </trkpt>
      <trkpt lat="40.06239" lon="0.04405">
        <ele>101.0</ele>
      </trkpt>
      <trkpt lat="40.06296" lon="0.04298">
        <ele>110.0</ele>
      </trkpt>
      <trkpt lat="40.06325" lon="0.04267">
        <ele>113.0</ele>
      </trkpt>
      <trkpt lat="40.06566" lon="0.04131">
        <ele>128.0</ele>
      </trkpt>
      <trkpt lat="40.06622" lon="0.04124">
        <ele>134.0</ele>
      </trkpt>
      <trkpt lat="40.06687" lon="0.04068">
        <ele>140.0</ele>
      </trkpt>
      <trkpt lat="40.0685" lon="0.04029">
        <ele>150.0</ele>
      </trkpt>
      <trkpt lat="40.06939" lon="0.04048">
        <ele>162.0</ele>
      </trkpt>
      <trkpt lat="40.07034" lon="0.04035">
        <ele>171.0</ele>
      </trkpt>
      <trkpt lat="40.07117" lon="0.04043">
        <ele>180.0</ele>
      </trkpt>
      <trkpt lat="40.07174" lon="0.03993">
        <ele>188.0</ele>
      </trkpt>
      <trkpt lat="40.07246" lon="0.03963">
        <ele>194.0</ele>
      </trkpt>
      <trkpt lat="40.07261" lon="0.03982">
        <ele>198.0</ele>
      </trkpt>
      <trkpt lat="40.07259" lon="0.04007">
        <ele>201.0</ele>
      </trkpt>
      <trkpt lat="40.07198" lon="0.04022">
        <ele>206.0</ele>
      </trkpt>
      <trkpt lat="40.07191" lon="0.04048">
        <ele>209.0</ele>
      </trkpt>
      <trkpt lat="40.07216" lon="0.04069">
        <ele>212.0</ele>
      </trkpt>
      <trkpt lat="40.07258" lon="0.04047">
        <ele>215.0</ele>
      </trkpt>
      <trkpt lat="40.07277" lon="0.04069">
        <ele>217.0</ele>
      </trkpt>
      <trkpt lat="40.07275" lon="0.04091">
        <ele>219.0</ele>
      </trkpt>
      <trkpt lat="40.07248" lon="0.04106">
        <ele>221.0</ele>
      </trkpt>
      <trkpt lat="40.07192" lon="0.04093">
        <ele>224.0</ele>
      </trkpt>
      <trkpt lat="40.07121" lon="0.04133">
        <ele>229.0</ele>
      </trkpt>
      <trkpt lat="40.07135" lon="0.04242">
        <ele>236.0</ele>
      </trkpt>
      <trkpt lat="40.07148" lon="0.04264">
        <ele>238.0</ele>
      </trkpt>
      <trkpt lat="40.0717" lon="0.04268">
        <ele>239.0</ele>
      </trkpt>
      <trkpt lat="40.07193" lon="0.04239">
        <ele>240.0</ele>
      </trkpt>
      <trkpt lat="40.07179" lon="0.0416">
        <ele>242.0</ele>
      </trkpt>
      <trkpt lat="40.07199" lon="0.04141">
        <ele>243.0</ele>
      </trkpt>
      <trkpt lat="40.07257" lon="0.04182">
        <ele>247.0</ele>
      </trkpt>
      <trkpt lat="40.07334" lon="0.0418">
        <ele>256.0</ele>
      </trkpt>
      <trkpt lat="40.07386" lon="0.04239">
        <ele>265.0</ele>
      </trkpt>
      <trkpt lat="40.07554" lon="0.04225">
        <ele>270.0</ele>
      </trkpt>
      <trkpt lat="40.07568" lon="0.04242">
        <ele>271.0</ele>
      </trkpt>
      <trkpt lat="40.07569" lon="0.04268">
        <ele>273.0</ele>
      </trkpt>
      <trkpt lat="40.0754" lon="0.04295">
        <ele>275.0</ele>
      </trkpt>
      <trkpt lat="40.07447" lon="0.04303">
        <ele>282.0</ele>
      </trkpt>
      <trkpt lat="40.07411" lon="0.04363">
        <ele>287.0</ele>
      </trkpt>
      <trkpt lat="40.07335" lon="0.04338">
        <ele>293.0</ele>
      </trkpt>
      <trkpt lat="40.07265" lon="0.04391">
        <ele>295.0</ele>
      </trkpt>
      <trkpt lat="40.07159" lon="0.04419">
        <ele>297.0</ele>
      </trkpt>
      <trkpt lat="40.0714" lon="0.04441">
        <ele>298.0</ele>
      </trkpt>
      <trkpt lat="40.07153" lon="0.04472">
        <ele>298.0</ele>
      </trkpt>
      <trkpt lat="40.07217" lon="0.04433">
        <ele>301.0</ele>
      </trkpt>
      <trkpt lat="40.07304" lon="0.04424">
        <ele>306.0</ele>
      </trkpt>
      <trkpt lat="40.07431" lon="0.04496">
        <ele>321.0</ele>
      </trkpt>
      <trkpt lat="40.07582" lon="0.04496">
        <ele>334.0</ele>
      </trkpt>
      <trkpt lat="40.07691" lon="0.04409">
        <ele>344.0</ele>
      </trkpt>
      <trkpt lat="40.07787" lon="0.04391">
        <ele>352.0</ele>
      </trkpt>
      <trkpt lat="40.07855" lon="0.04295">
        <ele>359.0</ele>
      </trkpt>
      <trkpt lat="40.07908" lon="0.04251">
        <ele>364.0</ele>
      </trkpt>
      <trkpt lat="40.07925" lon="0.04266">
        <ele>369.0</ele>
      </trkpt>
      <trkpt lat="40.07962" lon="0.04416">
        <ele>374.0</ele>
      </trkpt>
      <trkpt lat="40.08029" lon="0.04401">
        <ele>378.0</ele>
      </trkpt>
      <trkpt lat="40.08072" lon="0.04497">
        <ele>383.0</ele>
      </trkpt>
      <trkpt lat="40.08134" lon="0.04546">
        <ele>392.0</ele>
      </trkpt>
      <trkpt lat="40.08129" lon="0.04568">
        <ele>395.0</ele>
      </trkpt>
      <trkpt lat="40.08102" lon="0.04585">
        <ele>399.0</ele>
      </trkpt>
      <trkpt lat="40.08105" lon="0.04598">
        <ele>402.0</ele>
      </trkpt>
      <trkpt lat="40.08136" lon="0.046">
        <ele>405.0</ele>
      </trkpt>
      <trkpt lat="40.08204" lon="0.04545">
        <ele>414.0</ele>
      </trkpt>
      <trkpt lat="40.08446" lon="0.04634">
        <ele>449.0</ele>
      </trkpt>
      <trkpt lat="40.08502" lon="0.04592">
        <ele>459.0</ele>
      </trkpt>
      <trkpt lat="40.08565" lon="0.04611">
        <ele>467.0</ele>
      </trkpt>
      <trkpt lat="40.08595" lon="0.04604">
        <ele>470.0</ele>
      </trkpt>
      <trkpt lat="40.08616" lon="0.04624">
        <ele>472.0</ele>
      </trkpt>
      <trkpt lat="40.08712" lon="0.04643">
        <ele>481.0</ele>
      </trkpt>
      <trkpt lat="40.0871" lon="0.04624">
        <ele>483.0</ele>
      </trkpt>
      <trkpt lat="40.0867" lon="0.046">
        <ele>486.0</ele>
      </trkpt>
      <trkpt lat="40.08748" lon="0.04577">
        <ele>498.0</ele>
      </trkpt>
      <trkpt lat="40.08748" lon="0.04541">
        <ele>502.0</ele>
      </trkpt>
      <trkpt lat="40.0873" lon="0.0449">
        <ele>506.0</ele>
      </trkpt>
      <trkpt lat="40.08665" lon="0.04399">
        <ele>523.0</ele>
      </trkpt>
      <trkpt lat="40.08657" lon="0.04363">
        <ele>529.0</ele>
      </trkpt>
      <trkpt lat="40.08671" lon="0.04206">
        <ele>544.0</ele>
      </trkpt>
      <trkpt lat="40.08678" lon="0.0418">
        <ele>549.0</ele>
      </trkpt>
      <trkpt lat="40.08717" lon="0.04139">
        <ele>562.0</ele>
      </trkpt>
      <trkpt lat="40.08645" lon="0.04109">
        <ele>567.0</ele>
      </trkpt>
      <trkpt lat="40.08562" lon="0.04109">
        <ele>579.0</ele>
      </trkpt>
      <trkpt lat="40.08512" lon="0.0409">
        <ele>587.0</ele>
      </trkpt>
      <trkpt lat="40.08481" lon="0.04019">
        <ele>595.0</ele>
      </trkpt>
      <trkpt lat="40.08497" lon="0.04004">
        <ele>600.0</ele>
      </trkpt>
      <trkpt lat="40.08554" lon="0.04023">
        <ele>605.0</ele>
      </trkpt>
      <trkpt lat="40.08593" lon="0.03991">
        <ele>611.0</ele>
      </trkpt>
      <trkpt lat="40.08634" lon="0.03985">
        <ele>618.0</ele>
      </trkpt>
      <trkpt lat="40.08586" lon="0.03956">
        <ele>627.0</ele>
      </trkpt>
      <trkpt lat="40.08571" lon="0.0387">
        <ele>636.0</ele>
      </trkpt>
      <trkpt lat="40.08538" lon="0.03846">
        <ele>642.0</ele>
      </trkpt>
      <trkpt lat="40.08583" lon="0.03824">
        <ele>647.0</ele>
      </trkpt>
      <trkpt lat="40.08641" lon="0.03848">
        <ele>655.0</ele>
      </trkpt>
      <trkpt lat="40.08673" lon="0.03837">
        <ele>659.0</ele>
      </trkpt>
      <trkpt lat="40.08695" lon="0.03787">
        <ele>663.0</ele>
      </trkpt>
      <trkpt lat="40.08707" lon="0.03709">
        <ele>669.0</ele>
      </trkpt>
      <trkpt lat="40.08742" lon="0.03669">
        <ele>678.0</ele>
      </trkpt>
      <trkpt lat="40.08771" lon="0.0356">
        <ele>681.0</ele>
      </trkpt>
      <trkpt lat="40.08763" lon="0.03534">
        <ele>679.0</ele>
      </trkpt>
      <trkpt lat="40.08733" lon="0.03518">
        <ele>678.0</ele>
      </trkpt>
      <trkpt lat="40.08696" lon="0.03427">
        <ele>672.0</ele>
      </trkpt>
      <trkpt lat="40.08636" lon="0.03375">
        <ele>669.0</ele>
      </trkpt>
      <trkpt lat="40.08627" lon="0.03287">
        <ele>668.0</ele>
      </trkpt>
      <trkpt lat="40.08659" lon="0.03282">
        <ele>668.0</ele>
      </trkpt>
      <trkpt lat="40.08772" lon="0.03331">
        <ele>665.0</ele>
      </trkpt>
      <trkpt lat="40.08832" lon="0.0334">
        <ele>662.0</ele>
      </trkpt>
      <trkpt lat="40.08866" lon="0.03329">
        <ele>659.0</ele>
      </trkpt>
      <trkpt lat="40.08876" lon="0.03304">
        <ele>658.0</ele>
      </trkpt>
      <trkpt lat="40.08826" lon="0.03294">
        <ele>663.0</ele>
      </trkpt>
      <trkpt lat="40.08593" lon="0.03156">
        <ele>694.0</ele>
      </trkpt>
      <trkpt lat="40.08579" lon="0.03119">
        <ele>700.0</ele>
      </trkpt>
      <trkpt lat="40.08572" lon="0.02892">
        <ele>692.0</ele>
      </trkpt>
      <trkpt lat="40.08443" lon="0.02768">
        <ele>683.0</ele>
      </trkpt>
      <trkpt lat="40.08412" lon="0.02694">
        <ele>681.0</ele>
      </trkpt>
      <trkpt lat="40.08362" lon="0.02676">
        <ele>678.0</ele>
      </trkpt>
      <trkpt lat="40.08326" lon="0.02604">
        <ele>672.0</ele>
      </trkpt>
      <trkpt lat="40.08262" lon="0.0254">
        <ele>666.0</ele>
      </trkpt>
      <trkpt lat="40.08234" lon="0.02532">
        <ele>662.0</ele>
      </trkpt>
      <trkpt lat="40.07959" lon="0.02337">
        <ele>628.0</ele>
      </trkpt>
      <trkpt lat="40.07847" lon="0.0228">
        <ele>615.0</ele>
      </trkpt>
      <trkpt lat="40.0778" lon="0.02208">
        <ele>604.0</ele>
      </trkpt>
      <trkpt lat="40.07762" lon="0.02144">
        <ele>597.0</ele>
      </trkpt>
      <trkpt lat="40.07686" lon="0.02103">
        <ele>582.0</ele>
      </trkpt>
      <trkpt lat="40.07686" lon="0.02122">
        <ele>579.0</ele>
      </trkpt>
      <trkpt lat="40.07736" lon="0.02177">
        <ele>572.0</ele>
      </trkpt>
      <trkpt lat="40.07716" lon="0.02255">
        <ele>564.0</ele>
      </trkpt>
      <trkpt lat="40.07666" lon="0.02285">
        <ele>550.0</ele>
      </trkpt>
      <trkpt lat="40.07646" lon="0.02253">
        <ele>541.0</ele>
      </trkpt>
      <trkpt lat="40.0761" lon="0.02239">
        <ele>534.0</ele>
      </trkpt>
      <trkpt lat="40.07602" lon="0.0232">
        <ele>523.0</ele>
      </trkpt>
      <trkpt lat="40.07625" lon="0.0235">
        <ele>518.0</ele>
      </trkpt>
      <trkpt lat="40.07701" lon="0.02376">
        <ele>509.0</ele>
      </trkpt>
      <trkpt lat="40.07715" lon="0.02437">
        <ele>503.0</ele>
      </trkpt>
      <trkpt lat="40.07805" lon="0.02543">
        <ele>487.0</ele>
      </trkpt>
      <trkpt lat="40.07805" lon="0.02642">
        <ele>477.0</ele>
      </trkpt>
      <trkpt lat="40.07821" lon="0.02722">
        <ele>471.0</ele>
      </trkpt>
      <trkpt lat="40.07806" lon="0.02761">
        <ele>467.0</ele>
      </trkpt>
      <trkpt lat="40.07788" lon="0.02764">
        <ele>465.0</ele>
      </trkpt>
      <trkpt lat="40.0775" lon="0.02592">
        <ele>455.0</ele>
      </trkpt>
      <trkpt lat="40.07626" lon="0.02566">
        <ele>444.0</ele>
      </trkpt>
      <trkpt lat="40.07583" lon="0.02607">
        <ele>438.0</ele>
      </trkpt>
      <trkpt lat="40.07528" lon="0.02631">
        <ele>433.0</ele>
      </trkpt>
      <trkpt lat="40.075" lon="0.02679">
        <ele>427.0</ele>
      </trkpt>
      <trkpt lat="40.07418" lon="0.02694">
        <ele>420.0</ele>
      </trkpt>
      <trkpt lat="40.07302" lon="0.02749">
        <ele>416.0</ele>
      </trkpt>
      <trkpt lat="40.07237" lon="0.02725">
        <ele>413.0</ele>
      </trkpt>
      <trkpt lat="40.07168" lon="0.02817">
        <ele>411.0</ele>
      </trkpt>
      <trkpt lat="40.07086" lon="0.02816">
        <ele>405.0</ele>
      </trkpt>
      <trkpt lat="40.07072" lon="0.02775">
        <ele>401.0</ele>
      </trkpt>
      <trkpt lat="40.07094" lon="0.02699">
        <ele>395.0</ele>
      </trkpt>
      <trkpt lat="40.07093" lon="0.02622">
        <ele>389.0</ele>
      </trkpt>
      <trkpt lat="40.07103" lon="0.02605">
        <ele>388.0</ele>
      </trkpt>
      <trkpt lat="40.07142" lon="0.02593">
        <ele>386.0</ele>
      </trkpt>
      <trkpt lat="40.07169" lon="0.02555">
        <ele>385.0</ele>
      </trkpt>
      <trkpt lat="40.07145" lon="0.02464">
        <ele>382.0</ele>
      </trkpt>
      <trkpt lat="40.07161" lon="0.02372">
        <ele>380.0</ele>
      </trkpt>
      <trkpt lat="40.07111" lon="0.0228">
        <ele>377.0</ele>
      </trkpt>
      <trkpt lat="40.07044" lon="0.02219">
        <ele>372.0</ele>
      </trkpt>
      <trkpt lat="40.06968" lon="0.02237">
        <ele>368.0</ele>
      </trkpt>
      <trkpt lat="40.06897" lon="0.02204">
        <ele>364.0</ele>
      </trkpt>
      <trkpt lat="40.06815" lon="0.02232">
        <ele>358.0</ele>
      </trkpt>
      <trkpt lat="40.06763" lon="0.02157">
        <ele>351.0</ele>
      </trkpt>
      <trkpt lat="40.06715" lon="0.02115">
        <ele>347.0</ele>
      </trkpt>
      <trkpt lat="40.06715" lon="0.02081">
        <ele>346.0</ele>
      </trkpt>
      <trkpt lat="40.06762" lon="0.01963">
        <ele>342.0</ele>
      </trkpt>
      <trkpt lat="40.06751" lon="0.0193">
        <ele>339.0</ele>
      </trkpt>
      <trkpt lat="40.06682" lon="0.0189">
        <ele>337.0</ele>
      </trkpt>
      <trkpt lat="40.06659" lon="0.01851">
        <ele>336.0</ele>
      </trkpt>
      <trkpt lat="40.06672" lon="0.01738">
        <ele>334.0</ele>
      </trkpt>
      <trkpt lat="40.06655" lon="0.01637">
        <ele>332.0</ele>
      </trkpt>
      <trkpt lat="40.06671" lon="0.01544">
        <ele>329.0</ele>
      </trkpt>
      <trkpt lat="40.06705" lon="0.01462">
        <ele>325.0</ele>
      </trkpt>
      <trkpt lat="40.06696" lon="0.01432">
        <ele>323.0</ele>
      </trkpt>
      <trkpt lat="40.06664" lon="0.01426">
        <ele>321.0</ele>
      </trkpt>
      <trkpt lat="40.06606" lon="0.01493">
        <ele>316.0</ele>
      </trkpt>
      <trkpt lat="40.06392" lon="0.01541">
        <ele>308.0</ele>
      </trkpt>
      <trkpt lat="40.06349" lon="0.01588">
        <ele>304.0</ele>
      </trkpt>
      <trkpt lat="40.06315" lon="0.01598">
        <ele>299.0</ele>
      </trkpt>
      <trkpt lat="40.06296" lon="0.01578">
        <ele>297.0</ele>
      </trkpt>
      <trkpt lat="40.06287" lon="0.01514">
        <ele>294.0</ele>
      </trkpt>
      <trkpt lat="40.06225" lon="0.01455">
        <ele>291.0</ele>
      </trkpt>
      <trkpt lat="40.06178" lon="0.01351">
        <ele>286.0</ele>
      </trkpt>
      <trkpt lat="40.0614" lon="0.01341">
        <ele>284.0</ele>
      </trkpt>
      <trkpt lat="40.06061" lon="0.01359">
        <ele>278.0</ele>
      </trkpt>
      <trkpt lat="40.05936" lon="0.01208">
        <ele>268.0</ele>
      </trkpt>
      <trkpt lat="40.05851" lon="0.0115">
        <ele>261.0</ele>
      </trkpt>
      <trkpt lat="40.05818" lon="0.01146">
        <ele>254.0</ele>
      </trkpt>
      <trkpt lat="40.05748" lon="0.01172">
        <ele>250.0</ele>
      </trkpt>
      <trkpt lat="40.0557" lon="0.01162">
        <ele>243.0</ele>
      </trkpt>
      <trkpt lat="40.05451" lon="0.01112">
        <ele>237.0</ele>
      </trkpt>
      <trkpt lat="40.05371" lon="0.01119">
        <ele>233.0</ele>
      </trkpt>
      <trkpt lat="40.05316" lon="0.01106">
        <ele>229.0</ele>
      </trkpt>
      <trkpt lat="40.05306" lon="0.01067">
        <ele>224.0</ele>
      </trkpt>
      <trkpt lat="40.05366" lon="0.00876">
        <ele>214.0</ele>
      </trkpt>
      <trkpt lat="40.05393" lon="0.00854">
        <ele>212.0</ele>
      </trkpt>
      <trkpt lat="40.0547" lon="0.00838">
        <ele>210.0</ele>
      </trkpt>
      <trkpt lat="40.05517" lon="0.00784">
        <ele>207.0</ele>
      </trkpt>
      <trkpt lat="40.05508" lon="0.0063">
        <ele>203.0</ele>
      </trkpt>
      <trkpt lat="40.05485" lon="0.00544">
        <ele>199.0</ele>
      </trkpt>
      <trkpt lat="40.05398" lon="0.00461">
        <ele>190.0</ele>
      </trkpt>
      <trkpt lat="40.05329" lon="0.00477">
        <ele>186.0</ele>
      </trkpt>
      <trkpt lat="40.05274" lon="0.00548">
        <ele>180.0</ele>
      </trkpt>
      <trkpt lat="40.05216" lon="0.00573">
        <ele>177.0</ele>
      </trkpt>
      <trkpt lat="40.05129" lon="0.00534">
        <ele>169.0</ele>
      </trkpt>
      <trkpt lat="40.05061" lon="0.00583">
        <ele>162.0</ele>
      </trkpt>
      <trkpt lat="40.05029" lon="0.00565">
        <ele>159.0</ele>
      </trkpt>
      <trkpt lat="40.04971" lon="0.00397">
        <ele>154.0</ele>
      </trkpt>
      <trkpt lat="40.04957" lon="0.00234">
        <ele>149.0</ele>
      </trkpt>
      <trkpt lat="40.04973" lon="0.00178">
        <ele>144.0</ele>
      </trkpt>
      <trkpt lat="40.04953" lon="0.00082">
        <ele>137.0</ele>
      </trkpt>
      <trkpt lat="40.04977" lon="0.00034">
        <ele>132.0</ele>
      </trkpt>
      <trkpt lat="40.05049" lon="0.00024">
        <ele>129.0</ele>
      </trkpt>
      <trkpt lat="40.05062" lon="-0.00017">
        <ele>128.0</ele>
      </trkpt>
      <trkpt lat="40.05046" lon="-0.00054">
        <ele>127.0</ele>
      </trkpt>
      <trkpt lat="40.04973" lon="-0.00106">
        <ele>126.0</ele>
      </trkpt>
      <trkpt lat="40.04946" lon="-0.00108">
        <ele>124.0</ele>
      </trkpt>
      <trkpt lat="40.04929" lon="-0.00089">
        <ele>123.0</ele>
      </trkpt>
      <trkpt lat="40.04903" lon="-0.00004">
        <ele>119.0</ele>
      </trkpt>
      <trkpt lat="40.04853" lon="0.0004">
        <ele>117.0</ele>
      </trkpt>
      <trkpt lat="40.04669" lon="0.00091">
        <ele>108.0</ele>
      </trkpt>
      <trkpt lat="40.04478" lon="-0.00042">
        <ele>105.0</ele>
      </trkpt>
      <trkpt lat="40.0438" lon="-0.00196">
        <ele>95.0</ele>
      </trkpt>
      <trkpt lat="40.03693" lon="-0.00652">
        <ele>70.0</ele>
      </trkpt>
      <trkpt lat="40.03394" lon="-0.00721">
        <ele>62.0</ele>
      </trkpt>
      <trkpt lat="40.03307" lon="-0.00656">
        <ele>57.0</ele>
      </trkpt>
      <trkpt lat="40.03277" lon="-0.0065">
        <ele>56.0</ele>
      </trkpt>
      <trkpt lat="40.02646" lon="-0.0082">
        <ele>34.0</ele>
      </trkpt>
      <trkpt lat="40.02592" lon="-0.00896">
        <ele>29.0</ele>
      </trkpt>
      <trkpt lat="40.02551" lon="-0.01069">
        <ele>26.0</ele>
      </trkpt>
      <trkpt lat="40.02454" lon="-0.02004">
        <ele>24.0</ele>
      </trkpt>
      <trkpt lat="40.02367" lon="-0.02572">
        <ele>26.0</ele>
      </trkpt>
      <trkpt lat="40.01958" lon="-0.03343">
        <ele>25.0</ele>
      </trkpt>
      <trkpt lat="40.01906" lon="-0.03391">
        <ele>26.0</ele>
      </trkpt>
      <trkpt lat="40.01684" lon="-0.03525">
        <ele>27.0</ele>
      </trkpt>
      <trkpt lat="40.01647" lon="-0.03593">
        <ele>28.0</ele>
      </trkpt>
      <trkpt lat="40.01586" lon="-0.03584">
        <ele>29.0</ele>
      </trkpt>
      <trkpt lat="40.00568" lon="-0.0419">
        <ele>25.0</ele>
      </trkpt>
      <trkpt lat="40.00526" lon="-0.04278">
        <ele>24.0</ele>
      </trkpt>
      <trkpt lat="40.00491" lon="-0.04279">
        <ele>24.0</ele>
      </trkpt>
      <trkpt lat="40.00467" lon="-0.04249">
        <ele>24.0</ele>
      </trkpt>
      <trkpt lat="40.00463" lon="-0.04222">
        <ele>23.0</ele>
      </trkpt>
      <trkpt lat="40.0048" lon="-0.04181">
        <ele>23.0</ele>
      </trkpt>
      <trkpt lat="40.0048" lon="-0.04147">
        <ele>23.0</ele>
      </trkpt>
      <trkpt lat="40.00392" lon="-0.03907">
        <ele>21.0</ele>
      </trkpt>
      <trkpt lat="40.00346" lon="-0.03878">
        <ele>21.0</ele>
      </trkpt>
      <trkpt lat="40.00334" lon="-0.03856">
        <ele>21.0</ele>
      </trkpt>
      <trkpt lat="40.00345" lon="-0.03776">
        <ele>21.0</ele>
      </trkpt>
      <trkpt lat="40.00148" lon="-0.03231">
        <ele>19.0</ele>
      </trkpt>
      <trkpt lat="40.00101" lon="-0.03176">
        <ele>17.0</ele>
      </trkpt>
      <trkpt lat="40.00104" lon="-0.03112">
        <ele>17.0</ele>
      </trkpt>
      <trkpt lat="40.00004" lon="-0.02874">
        <ele>15.0</ele>
      </trkpt>
      <trkpt lat="39.99935" lon="-0.02786">
        <ele>16.0</ele>
      </trkpt>
      <trkpt lat="39.99545" lon="-0.024">
        <ele>17.0</ele>
      </trkpt>
      <trkpt lat="39.99502" lon="-0.02394">
        <ele>16.0</ele>
      </trkpt>
      <trkpt lat="39.99491" lon="-0.02354">
        <ele>16.0</ele>
      </trkpt>
      <trkpt lat="39.99462" lon="-0.02319">
        <ele>15.0</ele>
      </trkpt>
      <trkpt lat="39.99387" lon="-0.02269">
        <ele>15.0</ele>
      </trkpt>
      <trkpt lat="39.99306" lon="-0.02245">
        <ele>15.0</ele>
      </trkpt>
      <trkpt lat="39.9922" lon="-0.02245">
        <ele>14.0</ele>
      </trkpt>
      <trkpt lat="39.98771" lon="-0.02343">
        <ele>17.0</ele>
      </trkpt>
      <trkpt lat="39.98735" lon="-0.0238">
        <ele>17.0</ele>
      </trkpt>
      <trkpt lat="39.98685" lon="-0.02367">
        <ele>16.0</ele>
      </trkpt>
      <trkpt lat="39.98422" lon="-0.02464">
        <ele>17.0</ele>
      </trkpt>
      <trkpt lat="39.98385" lon="-0.02503">
        <ele>16.0</ele>
      </trkpt>
      <trkpt lat="39.98362" lon="-0.02496">
        <ele>15.0</ele>
      </trkpt>
      <trkpt lat="39.98119" lon="-0.02593">
        <ele>14.0</ele>
      </trkpt>
      <trkpt lat="39.97502" lon="-0.02944">
        <ele>17.0</ele>
      </trkpt>
      <trkpt lat="39.97483" lon="-0.02968">
        <ele>18.0</ele>
      </trkpt>
      <trkpt lat="39.97484" lon="-0.03068">
        <ele>19.0</ele>
      </trkpt>
      <trkpt lat="39.97593" lon="-0.03382">
        <ele>20.0</ele>
      </trkpt>
      <trkpt lat="39.97628" lon="-0.03428">
        <ele>23.0</ele>
      </trkpt>
      <trkpt lat="39.97627" lon="-0.03478">
        <ele>24.0</ele>
      </trkpt>
      <trkpt lat="39.97739" lon="-0.03805">
        <ele>27.0</ele>
      </trkpt>
    </trkseg>
  </trk>
</gpx>