<?xml version="1.0" encoding="UTF-8"?>
<gpx xmlns="http://www.topografix.com/GPX/1/0" xmlns:xsi="http://www.w3.org/2001/XMLSchema-instance" xsi:schemaLocation="http://www.topografix.com/GPX/1/0 http://www.topografix.com/GPX/1/0/gpx.xsd" version="1.0" creator="GPSBabel - https://www.gpsbabel.org">
  <time>2025-12-19T08:03:01.134000Z</time>
  <bounds minlat="37.1415" maxlat="37.92014" minlon="-6.92525" maxlon="-6.50835" />
  <trk>
    <trkseg>
      <trkpt lat="37.91232" lon="-6.82166">
        <ele>652.0</ele>
      </trkpt>
      <trkpt lat="37.91122" lon="-6.82097">
        <ele>659.0</ele>
      </trkpt>
      <trkpt lat="37.90992" lon="-6.82069">
        <ele>674.0</ele>
      </trkpt>
      <trkpt lat="37.90996" lon="-6.82007">
        <ele>676.0</ele>
      </trkpt>
      <trkpt lat="37.91007" lon="-6.81961">
        <ele>679.0</ele>
      </trkpt>
      <trkpt lat="37.91117" lon="-6.8193">
        <ele>681.0</ele>
      </trkpt>
      <trkpt lat="37.91242" lon="-6.81799">
        <ele>679.0</ele>
      </trkpt>
      <trkpt lat="37.91321" lon="-6.81785">
        <ele>675.0</ele>
      </trkpt>
      <trkpt lat="37.91338" lon="-6.81769">
        <ele>675.0</ele>
      </trkpt>
      <trkpt lat="37.91318" lon="-6.81362">
        <ele>653.0</ele>
      </trkpt>
      <trkpt lat="37.91294" lon="-6.81247">
        <ele>639.0</ele>
      </trkpt>
      <trkpt lat="37.91235" lon="-6.81154">
        <ele>631.0</ele>
      </trkpt>
      <trkpt lat="37.90986" lon="-6.80952">
        <ele>617.0</ele>
      </trkpt>
      <trkpt lat="37.90918" lon="-6.80924">
        <ele>606.0</ele>
      </trkpt>
      <trkpt lat="37.90764" lon="-6.809">
        <ele>594.0</ele>
      </trkpt>
      <trkpt lat="37.90704" lon="-6.80864">
        <ele>594.0</ele>
      </trkpt>
      <trkpt lat="37.90631" lon="-6.80762">
        <ele>598.0</ele>
      </trkpt>
      <trkpt lat="37.90606" lon="-6.80658">
        <ele>601.0</ele>
      </trkpt>
      <trkpt lat="37.90617" lon="-6.80532">
        <ele>604.0</ele>
      </trkpt>
      <trkpt lat="37.90738" lon="-6.79947">
        <ele>583.0</ele>
      </trkpt>
      <trkpt lat="37.90732" lon="-6.7973">
        <ele>573.0</ele>
      </trkpt>
      <trkpt lat="37.90694" lon="-6.79408">
        <ele>560.0</ele>
      </trkpt>
      <trkpt lat="37.90705" lon="-6.79318">
        <ele>556.0</ele>
      </trkpt>
      <trkpt lat="37.90776" lon="-6.79077">
        <ele>543.0</ele>
      </trkpt>
      <trkpt lat="37.9077" lon="-6.78834">
        <ele>533.0</ele>
      </trkpt>
      <trkpt lat="37.90802" lon="-6.78729">
        <ele>531.0</ele>
      </trkpt>
      <trkpt lat="37.9087" lon="-6.7865">
        <ele>531.0</ele>
      </trkpt>
      <trkpt lat="37.91089" lon="-6.78517">
        <ele>528.0</ele>
      </trkpt>
      <trkpt lat="37.91237" lon="-6.78489">
        <ele>528.0</ele>
      </trkpt>
      <trkpt lat="37.91298" lon="-6.78459">
        <ele>526.0</ele>
      </trkpt>
      <trkpt lat="37.915" lon="-6.78209">
        <ele>501.0</ele>
      </trkpt>
      <trkpt lat="37.91798" lon="-6.78019">
        <ele>473.0</ele>
      </trkpt>
      <trkpt lat="37.91844" lon="-6.77952">
        <ele>464.0</ele>
      </trkpt>
      <trkpt lat="37.91869" lon="-6.77884">
        <ele>458.0</ele>
      </trkpt>
      <trkpt lat="37.91885" lon="-6.77689">
        <ele>449.0</ele>
      </trkpt>
      <trkpt lat="37.91902" lon="-6.77609">
        <ele>444.0</ele>
      </trkpt>
      <trkpt lat="37.91942" lon="-6.77545">
        <ele>441.0</ele>
      </trkpt>
      <trkpt lat="37.92009" lon="-6.7748">
        <ele>438.0</ele>
      </trkpt>
      <trkpt lat="37.92012" lon="-6.77456">
        <ele>436.0</ele>
      </trkpt>
      <trkpt lat="37.91907" lon="-6.77397">
        <ele>434.0</ele>
      </trkpt>
      <trkpt lat="37.91781" lon="-6.77471">
        <ele>434.0</ele>
      </trkpt>
      <trkpt lat="37.91718" lon="-6.77475">
        <ele>434.0</ele>
      </trkpt>
      <trkpt lat="37.91641" lon="-6.77452">
        <ele>436.0</ele>
      </trkpt>
      <trkpt lat="37.91574" lon="-6.77454">
        <ele>437.0</ele>
      </trkpt>
      <trkpt lat="37.91456" lon="-6.77302">
        <ele>439.0</ele>
      </trkpt>
      <trkpt lat="37.91341" lon="-6.77211">
        <ele>440.0</ele>
      </trkpt>
      <trkpt lat="37.91266" lon="-6.77046">
        <ele>442.0</ele>
      </trkpt>
      <trkpt lat="37.90984" lon="-6.76899">
        <ele>444.0</ele>
      </trkpt>
      <trkpt lat="37.90902" lon="-6.76897">
        <ele>445.0</ele>
      </trkpt>
      <trkpt lat="37.90845" lon="-6.76867">
        <ele>446.0</ele>
      </trkpt>
      <trkpt lat="37.90807" lon="-6.76814">
        <ele>448.0</ele>
      </trkpt>
      <trkpt lat="37.9077" lon="-6.76788">
        <ele>449.0</ele>
      </trkpt>
      <trkpt lat="37.90717" lon="-6.76687">
        <ele>451.0</ele>
      </trkpt>
      <trkpt lat="37.90701" lon="-6.76609">
        <ele>452.0</ele>
      </trkpt>
      <trkpt lat="37.90631" lon="-6.76515">
        <ele>455.0</ele>
      </trkpt>
      <trkpt lat="37.90471" lon="-6.76408">
        <ele>462.0</ele>
      </trkpt>
      <trkpt lat="37.90407" lon="-6.76383">
        <ele>465.0</ele>
      </trkpt>
      <trkpt lat="37.9034" lon="-6.763">
        <ele>469.0</ele>
      </trkpt>
      <trkpt lat="37.90228" lon="-6.76197">
        <ele>471.0</ele>
      </trkpt>
      <trkpt lat="37.90061" lon="-6.76104">
        <ele>478.0</ele>
      </trkpt>
      <trkpt lat="37.90038" lon="-6.76067">
        <ele>481.0</ele>
      </trkpt>
      <trkpt lat="37.90033" lon="-6.75968">
        <ele>486.0</ele>
      </trkpt>
      <trkpt lat="37.89942" lon="-6.75863">
        <ele>490.0</ele>
      </trkpt>
      <trkpt lat="37.89893" lon="-6.75772">
        <ele>494.0</ele>
      </trkpt>
      <trkpt lat="37.89676" lon="-6.75636">
        <ele>498.0</ele>
      </trkpt>
      <trkpt lat="37.89593" lon="-6.75618">
        <ele>500.0</ele>
      </trkpt>
      <trkpt lat="37.89536" lon="-6.75561">
        <ele>500.0</ele>
      </trkpt>
      <trkpt lat="37.89392" lon="-6.75307">
        <ele>510.0</ele>
      </trkpt>
      <trkpt lat="37.89392" lon="-6.75201">
        <ele>513.0</ele>
      </trkpt>
      <trkpt lat="37.89404" lon="-6.75155">
        <ele>515.0</ele>
      </trkpt>
      <trkpt lat="37.89388" lon="-6.75087">
        <ele>517.0</ele>
      </trkpt>
      <trkpt lat="37.89391" lon="-6.75009">
        <ele>519.0</ele>
      </trkpt>
      <trkpt lat="37.89272" lon="-6.74792">
        <ele>524.0</ele>
      </trkpt>
      <trkpt lat="37.89243" lon="-6.74762">
        <ele>526.0</ele>
      </trkpt>
      <trkpt lat="37.89153" lon="-6.7474">
        <ele>531.0</ele>
      </trkpt>
      <trkpt lat="37.8909" lon="-6.74697">
        <ele>538.0</ele>
      </trkpt>
      <trkpt lat="37.88978" lon="-6.74671">
        <ele>542.0</ele>
      </trkpt>
      <trkpt lat="37.88907" lon="-6.7467">
        <ele>551.0</ele>
      </trkpt>
      <trkpt lat="37.88831" lon="-6.74696">
        <ele>557.0</ele>
      </trkpt>
      <trkpt lat="37.88747" lon="-6.74816">
        <ele>565.0</ele>
      </trkpt>
      <trkpt lat="37.8869" lon="-6.74831">
        <ele>568.0</ele>
      </trkpt>
      <trkpt lat="37.8863" lon="-6.74787">
        <ele>570.0</ele>
      </trkpt>
      <trkpt lat="37.88561" lon="-6.7478">
        <ele>572.0</ele>
      </trkpt>
      <trkpt lat="37.88537" lon="-6.7474">
        <ele>573.0</ele>
      </trkpt>
      <trkpt lat="37.88515" lon="-6.74632">
        <ele>575.0</ele>
      </trkpt>
      <trkpt lat="37.88481" lon="-6.74585">
        <ele>578.0</ele>
      </trkpt>
      <trkpt lat="37.88454" lon="-6.74581">
        <ele>579.0</ele>
      </trkpt>
      <trkpt lat="37.88385" lon="-6.74608">
        <ele>582.0</ele>
      </trkpt>
      <trkpt lat="37.8825" lon="-6.74604">
        <ele>585.0</ele>
      </trkpt>
      <trkpt lat="37.88189" lon="-6.74588">
        <ele>590.0</ele>
      </trkpt>
      <trkpt lat="37.88116" lon="-6.74533">
        <ele>595.0</ele>
      </trkpt>
      <trkpt lat="37.88001" lon="-6.74478">
        <ele>601.0</ele>
      </trkpt>
      <trkpt lat="37.8784" lon="-6.74358">
        <ele>610.0</ele>
      </trkpt>
      <trkpt lat="37.87841" lon="-6.74329">
        <ele>612.0</ele>
      </trkpt>
      <trkpt lat="37.88082" lon="-6.74407">
        <ele>624.0</ele>
      </trkpt>
      <trkpt lat="37.88146" lon="-6.74397">
        <ele>630.0</ele>
      </trkpt>
      <trkpt lat="37.88195" lon="-6.74339">
        <ele>633.0</ele>
      </trkpt>
      <trkpt lat="37.88237" lon="-6.74165">
        <ele>633.0</ele>
      </trkpt>
      <trkpt lat="37.88274" lon="-6.74132">
        <ele>634.0</ele>
      </trkpt>
      <trkpt lat="37.88348" lon="-6.74097">
        <ele>638.0</ele>
      </trkpt>
      <trkpt lat="37.88376" lon="-6.74056">
        <ele>640.0</ele>
      </trkpt>
      <trkpt lat="37.88365" lon="-6.73909">
        <ele>643.0</ele>
      </trkpt>
      <trkpt lat="37.88394" lon="-6.73845">
        <ele>644.0</ele>
      </trkpt>
      <trkpt lat="37.88429" lon="-6.73825">
        <ele>645.0</ele>
      </trkpt>
      <trkpt lat="37.88551" lon="-6.73867">
        <ele>648.0</ele>
      </trkpt>
      <trkpt lat="37.88597" lon="-6.73869">
        <ele>651.0</ele>
      </trkpt>
      <trkpt lat="37.88624" lon="-6.73851">
        <ele>652.0</ele>
      </trkpt>
      <trkpt lat="37.88677" lon="-6.73753">
        <ele>655.0</ele>
      </trkpt>
      <trkpt lat="37.88705" lon="-6.73726">
        <ele>657.0</ele>
      </trkpt>
      <trkpt lat="37.88838" lon="-6.73699">
        <ele>666.0</ele>
      </trkpt>
      <trkpt lat="37.88911" lon="-6.73656">
        <ele>673.0</ele>
      </trkpt>
      <trkpt lat="37.88966" lon="-6.7366">
        <ele>674.0</ele>
      </trkpt>
      <trkpt lat="37.89018" lon="-6.7369">
        <ele>673.0</ele>
      </trkpt>
      <trkpt lat="37.89045" lon="-6.73752">
        <ele>672.0</ele>
      </trkpt>
      <trkpt lat="37.89071" lon="-6.739">
        <ele>672.0</ele>
      </trkpt>
      <trkpt lat="37.89172" lon="-6.74055">
        <ele>673.0</ele>
      </trkpt>
      <trkpt lat="37.89201" lon="-6.7408">
        <ele>674.0</ele>
      </trkpt>
      <trkpt lat="37.89253" lon="-6.74096">
        <ele>675.0</ele>
      </trkpt>
      <trkpt lat="37.89324" lon="-6.7407">
        <ele>676.0</ele>
      </trkpt>
      <trkpt lat="37.89364" lon="-6.74017">
        <ele>676.0</ele>
      </trkpt>
      <trkpt lat="37.89381" lon="-6.73939">
        <ele>676.0</ele>
      </trkpt>
      <trkpt lat="37.89379" lon="-6.73765">
        <ele>674.0</ele>
      </trkpt>
      <trkpt lat="37.89312" lon="-6.73564">
        <ele>670.0</ele>
      </trkpt>
      <trkpt lat="37.89297" lon="-6.73464">
        <ele>666.0</ele>
      </trkpt>
      <trkpt lat="37.89305" lon="-6.73385">
        <ele>665.0</ele>
      </trkpt>
      <trkpt lat="37.89339" lon="-6.73299">
        <ele>661.0</ele>
      </trkpt>
      <trkpt lat="37.89385" lon="-6.73252">
        <ele>657.0</ele>
      </trkpt>
      <trkpt lat="37.89441" lon="-6.73241">
        <ele>653.0</ele>
      </trkpt>
      <trkpt lat="37.89621" lon="-6.73341">
        <ele>655.0</ele>
      </trkpt>
      <trkpt lat="37.89657" lon="-6.73344">
        <ele>655.0</ele>
      </trkpt>
      <trkpt lat="37.89801" lon="-6.7328">
        <ele>649.0</ele>
      </trkpt>
      <trkpt lat="37.89838" lon="-6.73217">
        <ele>650.0</ele>
      </trkpt>
      <trkpt lat="37.89844" lon="-6.73161">
        <ele>652.0</ele>
      </trkpt>
      <trkpt lat="37.8978" lon="-6.72941">
        <ele>657.0</ele>
      </trkpt>
      <trkpt lat="37.89776" lon="-6.72882">
        <ele>656.0</ele>
      </trkpt>
      <trkpt lat="37.89798" lon="-6.72817">
        <ele>655.0</ele>
      </trkpt>
      <trkpt lat="37.89839" lon="-6.72777">
        <ele>654.0</ele>
      </trkpt>
      <trkpt lat="37.89931" lon="-6.7274">
        <ele>655.0</ele>
      </trkpt>
      <trkpt lat="37.90125" lon="-6.72555">
        <ele>653.0</ele>
      </trkpt>
      <trkpt lat="37.90231" lon="-6.72497">
        <ele>654.0</ele>
      </trkpt>
      <trkpt lat="37.90161" lon="-6.72444">
        <ele>656.0</ele>
      </trkpt>
      <trkpt lat="37.90142" lon="-6.72387">
        <ele>658.0</ele>
      </trkpt>
      <trkpt lat="37.90039" lon="-6.72352">
        <ele>662.0</ele>
      </trkpt>
      <trkpt lat="37.89964" lon="-6.72246">
        <ele>665.0</ele>
      </trkpt>
      <trkpt lat="37.89956" lon="-6.7219">
        <ele>666.0</ele>
      </trkpt>
      <trkpt lat="37.89932" lon="-6.72162">
        <ele>667.0</ele>
      </trkpt>
      <trkpt lat="37.89881" lon="-6.72151">
        <ele>667.0</ele>
      </trkpt>
      <trkpt lat="37.89829" lon="-6.72168">
        <ele>669.0</ele>
      </trkpt>
      <trkpt lat="37.89797" lon="-6.72091">
        <ele>672.0</ele>
      </trkpt>
      <trkpt lat="37.89769" lon="-6.72072">
        <ele>674.0</ele>
      </trkpt>
      <trkpt lat="37.89734" lon="-6.7207">
        <ele>676.0</ele>
      </trkpt>
      <trkpt lat="37.89683" lon="-6.72004">
        <ele>676.0</ele>
      </trkpt>
      <trkpt lat="37.89531" lon="-6.71988">
        <ele>673.0</ele>
      </trkpt>
      <trkpt lat="37.89513" lon="-6.71991">
        <ele>672.0</ele>
      </trkpt>
      <trkpt lat="37.89496" lon="-6.72031">
        <ele>671.0</ele>
      </trkpt>
      <trkpt lat="37.89479" lon="-6.72041">
        <ele>671.0</ele>
      </trkpt>
      <trkpt lat="37.89442" lon="-6.72038">
        <ele>670.0</ele>
      </trkpt>
      <trkpt lat="37.89434" lon="-6.72019">
        <ele>669.0</ele>
      </trkpt>
      <trkpt lat="37.89459" lon="-6.71945">
        <ele>668.0</ele>
      </trkpt>
      <trkpt lat="37.89435" lon="-6.71913">
        <ele>668.0</ele>
      </trkpt>
      <trkpt lat="37.89308" lon="-6.71855">
        <ele>670.0</ele>
      </trkpt>
      <trkpt lat="37.89297" lon="-6.71826">
        <ele>670.0</ele>
      </trkpt>
      <trkpt lat="37.89318" lon="-6.71781">
        <ele>669.0</ele>
      </trkpt>
      <trkpt lat="37.89352" lon="-6.71759">
        <ele>669.0</ele>
      </trkpt>
      <trkpt lat="37.89352" lon="-6.71729">
        <ele>668.0</ele>
      </trkpt>
      <trkpt lat="37.89276" lon="-6.71643">
        <ele>667.0</ele>
      </trkpt>
      <trkpt lat="37.8926" lon="-6.71555">
        <ele>667.0</ele>
      </trkpt>
      <trkpt lat="37.89218" lon="-6.71499">
        <ele>668.0</ele>
      </trkpt>
      <trkpt lat="37.89191" lon="-6.71431">
        <ele>670.0</ele>
      </trkpt>
      <trkpt lat="37.89202" lon="-6.71404">
        <ele>672.0</ele>
      </trkpt>
      <trkpt lat="37.89216" lon="-6.71404">
        <ele>672.0</ele>
      </trkpt>
      <trkpt lat="37.89261" lon="-6.71444">
        <ele>673.0</ele>
      </trkpt>
      <trkpt lat="37.89299" lon="-6.71448">
        <ele>674.0</ele>
      </trkpt>
      <trkpt lat="37.8936" lon="-6.71497">
        <ele>675.0</ele>
      </trkpt>
      <trkpt lat="37.89383" lon="-6.71498">
        <ele>676.0</ele>
      </trkpt>
      <trkpt lat="37.89434" lon="-6.71448">
        <ele>679.0</ele>
      </trkpt>
      <trkpt lat="37.89493" lon="-6.7142">
        <ele>683.0</ele>
      </trkpt>
      <trkpt lat="37.89534" lon="-6.71365">
        <ele>687.0</ele>
      </trkpt>
      <trkpt lat="37.89545" lon="-6.71257">
        <ele>693.0</ele>
      </trkpt>
      <trkpt lat="37.89501" lon="-6.71197">
        <ele>698.0</ele>
      </trkpt>
      <trkpt lat="37.89453" lon="-6.7117">
        <ele>703.0</ele>
      </trkpt>
      <trkpt lat="37.8943" lon="-6.71117">
        <ele>704.0</ele>
      </trkpt>
      <trkpt lat="37.89416" lon="-6.71043">
        <ele>707.0</ele>
      </trkpt>
      <trkpt lat="37.89442" lon="-6.70965">
        <ele>709.0</ele>
      </trkpt>
      <trkpt lat="37.89391" lon="-6.70889">
        <ele>710.0</ele>
      </trkpt>
      <trkpt lat="37.89387" lon="-6.70854">
        <ele>710.0</ele>
      </trkpt>
      <trkpt lat="37.89402" lon="-6.7082">
        <ele>710.0</ele>
      </trkpt>
      <trkpt lat="37.89467" lon="-6.70756">
        <ele>711.0</ele>
      </trkpt>
      <trkpt lat="37.89632" lon="-6.70693">
        <ele>721.0</ele>
      </trkpt>
      <trkpt lat="37.89697" lon="-6.70653">
        <ele>730.0</ele>
      </trkpt>
      <trkpt lat="37.89729" lon="-6.70608">
        <ele>736.0</ele>
      </trkpt>
      <trkpt lat="37.89749" lon="-6.70542">
        <ele>743.0</ele>
      </trkpt>
      <trkpt lat="37.89773" lon="-6.70347">
        <ele>754.0</ele>
      </trkpt>
      <trkpt lat="37.89819" lon="-6.70174">
        <ele>773.0</ele>
      </trkpt>
      <trkpt lat="37.89856" lon="-6.69962">
        <ele>797.0</ele>
      </trkpt>
      <trkpt lat="37.89776" lon="-6.69324">
        <ele>800.0</ele>
      </trkpt>
      <trkpt lat="37.89815" lon="-6.6901">
        <ele>788.0</ele>
      </trkpt>
      <trkpt lat="37.89882" lon="-6.68807">
        <ele>771.0</ele>
      </trkpt>
      <trkpt lat="37.90165" lon="-6.68521">
        <ele>756.0</ele>
      </trkpt>
      <trkpt lat="37.90193" lon="-6.68478">
        <ele>746.0</ele>
      </trkpt>
      <trkpt lat="37.90205" lon="-6.68404">
        <ele>740.0</ele>
      </trkpt>
      <trkpt lat="37.90152" lon="-6.68245">
        <ele>724.0</ele>
      </trkpt>
      <trkpt lat="37.90159" lon="-6.68134">
        <ele>718.0</ele>
      </trkpt>
      <trkpt lat="37.90209" lon="-6.68033">
        <ele>719.0</ele>
      </trkpt>
      <trkpt lat="37.90295" lon="-6.67967">
        <ele>723.0</ele>
      </trkpt>
      <trkpt lat="37.90322" lon="-6.67929">
        <ele>727.0</ele>
      </trkpt>
      <trkpt lat="37.90357" lon="-6.67787">
        <ele>734.0</ele>
      </trkpt>
      <trkpt lat="37.90408" lon="-6.67711">
        <ele>738.0</ele>
      </trkpt>
      <trkpt lat="37.90428" lon="-6.67659">
        <ele>739.0</ele>
      </trkpt>
      <trkpt lat="37.90438" lon="-6.67559">
        <ele>740.0</ele>
      </trkpt>
      <trkpt lat="37.90418" lon="-6.67431">
        <ele>739.0</ele>
      </trkpt>
      <trkpt lat="37.9034" lon="-6.67274">
        <ele>737.0</ele>
      </trkpt>
      <trkpt lat="37.90322" lon="-6.67213">
        <ele>737.0</ele>
      </trkpt>
      <trkpt lat="37.90293" lon="-6.66723">
        <ele>735.0</ele>
      </trkpt>
      <trkpt lat="37.90246" lon="-6.66523">
        <ele>741.0</ele>
      </trkpt>
      <trkpt lat="37.90216" lon="-6.66467">
        <ele>740.0</ele>
      </trkpt>
      <trkpt lat="37.90135" lon="-6.66387">
        <ele>736.0</ele>
      </trkpt>
      <trkpt lat="37.90126" lon="-6.66262">
        <ele>738.0</ele>
      </trkpt>
      <trkpt lat="37.90055" lon="-6.6612">
        <ele>740.0</ele>
      </trkpt>
      <trkpt lat="37.89948" lon="-6.66051">
        <ele>736.0</ele>
      </trkpt>
      <trkpt lat="37.89894" lon="-6.65998">
        <ele>732.0</ele>
      </trkpt>
      <trkpt lat="37.89863" lon="-6.66002">
        <ele>733.0</ele>
      </trkpt>
      <trkpt lat="37.89767" lon="-6.66054">
        <ele>738.0</ele>
      </trkpt>
      <trkpt lat="37.89715" lon="-6.66057">
        <ele>742.0</ele>
      </trkpt>
      <trkpt lat="37.89598" lon="-6.66161">
        <ele>753.0</ele>
      </trkpt>
      <trkpt lat="37.89531" lon="-6.66188">
        <ele>760.0</ele>
      </trkpt>
      <trkpt lat="37.89473" lon="-6.66196">
        <ele>767.0</ele>
      </trkpt>
      <trkpt lat="37.89266" lon="-6.6618">
        <ele>779.0</ele>
      </trkpt>
      <trkpt lat="37.89156" lon="-6.66198">
        <ele>790.0</ele>
      </trkpt>
      <trkpt lat="37.89035" lon="-6.66255">
        <ele>801.0</ele>
      </trkpt>
      <trkpt lat="37.88997" lon="-6.6626">
        <ele>805.0</ele>
      </trkpt>
      <trkpt lat="37.88885" lon="-6.66257">
        <ele>810.0</ele>
      </trkpt>
      <trkpt lat="37.88773" lon="-6.66148">
        <ele>815.0</ele>
      </trkpt>
      <trkpt lat="37.88565" lon="-6.66084">
        <ele>827.0</ele>
      </trkpt>
      <trkpt lat="37.88509" lon="-6.66043">
        <ele>831.0</ele>
      </trkpt>
      <trkpt lat="37.8848" lon="-6.65935">
        <ele>831.0</ele>
      </trkpt>
      <trkpt lat="37.8849" lon="-6.65737">
        <ele>823.0</ele>
      </trkpt>
      <trkpt lat="37.88544" lon="-6.65624">
        <ele>816.0</ele>
      </trkpt>
      <trkpt lat="37.88532" lon="-6.65485">
        <ele>810.0</ele>
      </trkpt>
      <trkpt lat="37.88523" lon="-6.65492">
        <ele>810.0</ele>
      </trkpt>
      <trkpt lat="37.88519" lon="-6.65572">
        <ele>807.0</ele>
      </trkpt>
      <trkpt lat="37.88499" lon="-6.65617">
        <ele>805.0</ele>
      </trkpt>
      <trkpt lat="37.88419" lon="-6.65681">
        <ele>795.0</ele>
      </trkpt>
      <trkpt lat="37.8841" lon="-6.65751">
        <ele>789.0</ele>
      </trkpt>
      <trkpt lat="37.88352" lon="-6.65962">
        <ele>773.0</ele>
      </trkpt>
      <trkpt lat="37.88286" lon="-6.66031">
        <ele>766.0</ele>
      </trkpt>
      <trkpt lat="37.88217" lon="-6.66057">
        <ele>757.0</ele>
      </trkpt>
      <trkpt lat="37.88191" lon="-6.66104">
        <ele>752.0</ele>
      </trkpt>
      <trkpt lat="37.88117" lon="-6.66106">
        <ele>744.0</ele>
      </trkpt>
      <trkpt lat="37.88087" lon="-6.66142">
        <ele>741.0</ele>
      </trkpt>
      <trkpt lat="37.88079" lon="-6.66199">
        <ele>740.0</ele>
      </trkpt>
      <trkpt lat="37.88103" lon="-6.66277">
        <ele>738.0</ele>
      </trkpt>
      <trkpt lat="37.88092" lon="-6.66316">
        <ele>737.0</ele>
      </trkpt>
      <trkpt lat="37.88065" lon="-6.66374">
        <ele>734.0</ele>
      </trkpt>
      <trkpt lat="37.87977" lon="-6.66481">
        <ele>726.0</ele>
      </trkpt>
      <trkpt lat="37.87917" lon="-6.66629">
        <ele>718.0</ele>
      </trkpt>
      <trkpt lat="37.87893" lon="-6.66655">
        <ele>715.0</ele>
      </trkpt>
      <trkpt lat="37.87888" lon="-6.66644">
        <ele>714.0</ele>
      </trkpt>
      <trkpt lat="37.87909" lon="-6.66616">
        <ele>713.0</ele>
      </trkpt>
      <trkpt lat="37.87926" lon="-6.66557">
        <ele>710.0</ele>
      </trkpt>
      <trkpt lat="37.87928" lon="-6.66449">
        <ele>702.0</ele>
      </trkpt>
      <trkpt lat="37.87978" lon="-6.66351">
        <ele>696.0</ele>
      </trkpt>
      <trkpt lat="37.87993" lon="-6.66284">
        <ele>691.0</ele>
      </trkpt>
      <trkpt lat="37.87973" lon="-6.66198">
        <ele>684.0</ele>
      </trkpt>
      <trkpt lat="37.87979" lon="-6.66031">
        <ele>675.0</ele>
      </trkpt>
      <trkpt lat="37.87962" lon="-6.65955">
        <ele>671.0</ele>
      </trkpt>
      <trkpt lat="37.87947" lon="-6.65964">
        <ele>669.0</ele>
      </trkpt>
      <trkpt lat="37.87946" lon="-6.66033">
        <ele>665.0</ele>
      </trkpt>
      <trkpt lat="37.87897" lon="-6.66151">
        <ele>658.0</ele>
      </trkpt>
      <trkpt lat="37.87844" lon="-6.66234">
        <ele>650.0</ele>
      </trkpt>
      <trkpt lat="37.8783" lon="-6.66235">
        <ele>647.0</ele>
      </trkpt>
      <trkpt lat="37.87822" lon="-6.66218">
        <ele>646.0</ele>
      </trkpt>
      <trkpt lat="37.87812" lon="-6.66143">
        <ele>641.0</ele>
      </trkpt>
      <trkpt lat="37.87902" lon="-6.65817">
        <ele>639.0</ele>
      </trkpt>
      <trkpt lat="37.87911" lon="-6.65698">
        <ele>643.0</ele>
      </trkpt>
      <trkpt lat="37.87955" lon="-6.65624">
        <ele>646.0</ele>
      </trkpt>
      <trkpt lat="37.87986" lon="-6.65513">
        <ele>650.0</ele>
      </trkpt>
      <trkpt lat="37.88039" lon="-6.65471">
        <ele>655.0</ele>
      </trkpt>
      <trkpt lat="37.88075" lon="-6.65329">
        <ele>660.0</ele>
      </trkpt>
      <trkpt lat="37.88131" lon="-6.65278">
        <ele>669.0</ele>
      </trkpt>
      <trkpt lat="37.88121" lon="-6.65247">
        <ele>671.0</ele>
      </trkpt>
      <trkpt lat="37.88081" lon="-6.65219">
        <ele>675.0</ele>
      </trkpt>
      <trkpt lat="37.88097" lon="-6.65162">
        <ele>678.0</ele>
      </trkpt>
      <trkpt lat="37.88081" lon="-6.65079">
        <ele>680.0</ele>
      </trkpt>
      <trkpt lat="37.88121" lon="-6.65043">
        <ele>681.0</ele>
      </trkpt>
      <trkpt lat="37.88128" lon="-6.65016">
        <ele>681.0</ele>
      </trkpt>
      <trkpt lat="37.88105" lon="-6.64929">
        <ele>682.0</ele>
      </trkpt>
      <trkpt lat="37.88106" lon="-6.64856">
        <ele>683.0</ele>
      </trkpt>
      <trkpt lat="37.88066" lon="-6.64792">
        <ele>688.0</ele>
      </trkpt>
      <trkpt lat="37.88061" lon="-6.6475">
        <ele>691.0</ele>
      </trkpt>
      <trkpt lat="37.88079" lon="-6.647">
        <ele>694.0</ele>
      </trkpt>
      <trkpt lat="37.88087" lon="-6.64593">
        <ele>696.0</ele>
      </trkpt>
      <trkpt lat="37.88153" lon="-6.64551">
        <ele>694.0</ele>
      </trkpt>
      <trkpt lat="37.8818" lon="-6.64475">
        <ele>693.0</ele>
      </trkpt>
      <trkpt lat="37.88162" lon="-6.64401">
        <ele>688.0</ele>
      </trkpt>
      <trkpt lat="37.88193" lon="-6.64321">
        <ele>684.0</ele>
      </trkpt>
      <trkpt lat="37.88191" lon="-6.64217">
        <ele>675.0</ele>
      </trkpt>
      <trkpt lat="37.88231" lon="-6.64153">
        <ele>673.0</ele>
      </trkpt>
      <trkpt lat="37.88229" lon="-6.64079">
        <ele>669.0</ele>
      </trkpt>
      <trkpt lat="37.88266" lon="-6.63938">
        <ele>665.0</ele>
      </trkpt>
      <trkpt lat="37.88258" lon="-6.63869">
        <ele>661.0</ele>
      </trkpt>
      <trkpt lat="37.88231" lon="-6.63794">
        <ele>656.0</ele>
      </trkpt>
      <trkpt lat="37.88274" lon="-6.6371">
        <ele>651.0</ele>
      </trkpt>
      <trkpt lat="37.88272" lon="-6.63532">
        <ele>644.0</ele>
      </trkpt>
      <trkpt lat="37.88302" lon="-6.63396">
        <ele>640.0</ele>
      </trkpt>
      <trkpt lat="37.88301" lon="-6.63371">
        <ele>636.0</ele>
      </trkpt>
      <trkpt lat="37.88263" lon="-6.63323">
        <ele>630.0</ele>
      </trkpt>
      <trkpt lat="37.88309" lon="-6.63252">
        <ele>623.0</ele>
      </trkpt>
      <trkpt lat="37.88281" lon="-6.6317">
        <ele>618.0</ele>
      </trkpt>
      <trkpt lat="37.88295" lon="-6.63105">
        <ele>615.0</ele>
      </trkpt>
      <trkpt lat="37.88273" lon="-6.63037">
        <ele>612.0</ele>
      </trkpt>
      <trkpt lat="37.88285" lon="-6.62955">
        <ele>609.0</ele>
      </trkpt>
      <trkpt lat="37.88231" lon="-6.6287">
        <ele>605.0</ele>
      </trkpt>
      <trkpt lat="37.88226" lon="-6.62842">
        <ele>604.0</ele>
      </trkpt>
      <trkpt lat="37.88233" lon="-6.62801">
        <ele>602.0</ele>
      </trkpt>
      <trkpt lat="37.88262" lon="-6.62759">
        <ele>600.0</ele>
      </trkpt>
      <trkpt lat="37.88271" lon="-6.62721">
        <ele>599.0</ele>
      </trkpt>
      <trkpt lat="37.8824" lon="-6.62388">
        <ele>592.0</ele>
      </trkpt>
      <trkpt lat="37.88255" lon="-6.62272">
        <ele>587.0</ele>
      </trkpt>
      <trkpt lat="37.88291" lon="-6.62129">
        <ele>585.0</ele>
      </trkpt>
      <trkpt lat="37.883" lon="-6.62028">
        <ele>584.0</ele>
      </trkpt>
      <trkpt lat="37.88341" lon="-6.61934">
        <ele>582.0</ele>
      </trkpt>
      <trkpt lat="37.88352" lon="-6.61832">
        <ele>582.0</ele>
      </trkpt>
      <trkpt lat="37.88374" lon="-6.61752">
        <ele>581.0</ele>
      </trkpt>
      <trkpt lat="37.88397" lon="-6.61706">
        <ele>580.0</ele>
      </trkpt>
      <trkpt lat="37.88426" lon="-6.61692">
        <ele>579.0</ele>
      </trkpt>
      <trkpt lat="37.88573" lon="-6.61912">
        <ele>576.0</ele>
      </trkpt>
      <trkpt lat="37.88718" lon="-6.62192">
        <ele>571.0</ele>
      </trkpt>
      <trkpt lat="37.88738" lon="-6.62197">
        <ele>571.0</ele>
      </trkpt>
      <trkpt lat="37.88817" lon="-6.62169">
        <ele>571.0</ele>
      </trkpt>
      <trkpt lat="37.88817" lon="-6.62143">
        <ele>572.0</ele>
      </trkpt>
      <trkpt lat="37.88792" lon="-6.62094">
        <ele>575.0</ele>
      </trkpt>
      <trkpt lat="37.88842" lon="-6.62028">
        <ele>579.0</ele>
      </trkpt>
      <trkpt lat="37.88842" lon="-6.62006">
        <ele>581.0</ele>
      </trkpt>
      <trkpt lat="37.88794" lon="-6.61969">
        <ele>584.0</ele>
      </trkpt>
      <trkpt lat="37.88765" lon="-6.61902">
        <ele>588.0</ele>
      </trkpt>
      <trkpt lat="37.88756" lon="-6.61783">
        <ele>591.0</ele>
      </trkpt>
      <trkpt lat="37.88763" lon="-6.61728">
        <ele>594.0</ele>
      </trkpt>
      <trkpt lat="37.88734" lon="-6.61658">
        <ele>598.0</ele>
      </trkpt>
      <trkpt lat="37.88734" lon="-6.6163">
        <ele>599.0</ele>
      </trkpt>
      <trkpt lat="37.88806" lon="-6.61597">
        <ele>601.0</ele>
      </trkpt>
      <trkpt lat="37.88814" lon="-6.61555">
        <ele>602.0</ele>
      </trkpt>
      <trkpt lat="37.88799" lon="-6.61478">
        <ele>605.0</ele>
      </trkpt>
      <trkpt lat="37.88844" lon="-6.61429">
        <ele>606.0</ele>
      </trkpt>
      <trkpt lat="37.88879" lon="-6.61346">
        <ele>609.0</ele>
      </trkpt>
      <trkpt lat="37.88938" lon="-6.61319">
        <ele>612.0</ele>
      </trkpt>
      <trkpt lat="37.88944" lon="-6.61191">
        <ele>617.0</ele>
      </trkpt>
      <trkpt lat="37.88963" lon="-6.61161">
        <ele>619.0</ele>
      </trkpt>
      <trkpt lat="37.8901" lon="-6.61135">
        <ele>620.0</ele>
      </trkpt>
      <trkpt lat="37.89028" lon="-6.61099">
        <ele>623.0</ele>
      </trkpt>
      <trkpt lat="37.89016" lon="-6.61001">
        <ele>626.0</ele>
      </trkpt>
      <trkpt lat="37.89041" lon="-6.60924">
        <ele>630.0</ele>
      </trkpt>
      <trkpt lat="37.88962" lon="-6.60852">
        <ele>632.0</ele>
      </trkpt>
      <trkpt lat="37.88925" lon="-6.60783">
        <ele>635.0</ele>
      </trkpt>
      <trkpt lat="37.88922" lon="-6.60729">
        <ele>638.0</ele>
      </trkpt>
      <trkpt lat="37.88965" lon="-6.60605">
        <ele>648.0</ele>
      </trkpt>
      <trkpt lat="37.88939" lon="-6.60486">
        <ele>651.0</ele>
      </trkpt>
      <trkpt lat="37.88879" lon="-6.60412">
        <ele>652.0</ele>
      </trkpt>
      <trkpt lat="37.88872" lon="-6.60377">
        <ele>653.0</ele>
      </trkpt>
      <trkpt lat="37.88875" lon="-6.60208">
        <ele>662.0</ele>
      </trkpt>
      <trkpt lat="37.88916" lon="-6.60144">
        <ele>670.0</ele>
      </trkpt>
      <trkpt lat="37.88926" lon="-6.60025">
        <ele>676.0</ele>
      </trkpt>
      <trkpt lat="37.8895" lon="-6.59947">
        <ele>680.0</ele>
      </trkpt>
      <trkpt lat="37.8895" lon="-6.59911">
        <ele>684.0</ele>
      </trkpt>
      <trkpt lat="37.88917" lon="-6.59828">
        <ele>688.0</ele>
      </trkpt>
      <trkpt lat="37.88834" lon="-6.59771">
        <ele>696.0</ele>
      </trkpt>
      <trkpt lat="37.88819" lon="-6.59688">
        <ele>699.0</ele>
      </trkpt>
      <trkpt lat="37.88824" lon="-6.5954">
        <ele>702.0</ele>
      </trkpt>
      <trkpt lat="37.88812" lon="-6.59511">
        <ele>701.0</ele>
      </trkpt>
      <trkpt lat="37.8879" lon="-6.59502">
        <ele>700.0</ele>
      </trkpt>
      <trkpt lat="37.88729" lon="-6.59527">
        <ele>697.0</ele>
      </trkpt>
      <trkpt lat="37.88695" lon="-6.59521">
        <ele>694.0</ele>
      </trkpt>
      <trkpt lat="37.88584" lon="-6.59404">
        <ele>691.0</ele>
      </trkpt>
      <trkpt lat="37.8855" lon="-6.59028">
        <ele>687.0</ele>
      </trkpt>
      <trkpt lat="37.8849" lon="-6.58766">
        <ele>684.0</ele>
      </trkpt>
      <trkpt lat="37.88504" lon="-6.58688">
        <ele>682.0</ele>
      </trkpt>
      <trkpt lat="37.88489" lon="-6.58591">
        <ele>680.0</ele>
      </trkpt>
      <trkpt lat="37.88519" lon="-6.58466">
        <ele>677.0</ele>
      </trkpt>
      <trkpt lat="37.88738" lon="-6.58088">
        <ele>673.0</ele>
      </trkpt>
      <trkpt lat="37.88798" lon="-6.57733">
        <ele>669.0</ele>
      </trkpt>
      <trkpt lat="37.8879" lon="-6.57717">
        <ele>666.0</ele>
      </trkpt>
      <trkpt lat="37.88802" lon="-6.57707">
        <ele>665.0</ele>
      </trkpt>
      <trkpt lat="37.88814" lon="-6.57636">
        <ele>665.0</ele>
      </trkpt>
      <trkpt lat="37.88975" lon="-6.57149">
        <ele>655.0</ele>
      </trkpt>
      <trkpt lat="37.88969" lon="-6.57124">
        <ele>653.0</ele>
      </trkpt>
      <trkpt lat="37.88905" lon="-6.57037">
        <ele>650.0</ele>
      </trkpt>
      <trkpt lat="37.88876" lon="-6.56964">
        <ele>647.0</ele>
      </trkpt>
      <trkpt lat="37.88618" lon="-6.56904">
        <ele>644.0</ele>
      </trkpt>
      <trkpt lat="37.88598" lon="-6.56912">
        <ele>644.0</ele>
      </trkpt>
      <trkpt lat="37.8852" lon="-6.56837">
        <ele>644.0</ele>
      </trkpt>
      <trkpt lat="37.88477" lon="-6.56819">
        <ele>640.0</ele>
      </trkpt>
      <trkpt lat="37.88364" lon="-6.5693">
        <ele>629.0</ele>
      </trkpt>
      <trkpt lat="37.88232" lon="-6.56977">
        <ele>620.0</ele>
      </trkpt>
      <trkpt lat="37.8809" lon="-6.57052">
        <ele>613.0</ele>
      </trkpt>
      <trkpt lat="37.87841" lon="-6.5705">
        <ele>603.0</ele>
      </trkpt>
      <trkpt lat="37.87775" lon="-6.5703">
        <ele>600.0</ele>
      </trkpt>
      <trkpt lat="37.87718" lon="-6.56975">
        <ele>600.0</ele>
      </trkpt>
      <trkpt lat="37.87612" lon="-6.56711">
        <ele>603.0</ele>
      </trkpt>
      <trkpt lat="37.87555" lon="-6.56653">
        <ele>604.0</ele>
      </trkpt>
      <trkpt lat="37.87494" lon="-6.56625">
        <ele>603.0</ele>
      </trkpt>
      <trkpt lat="37.87398" lon="-6.56631">
        <ele>600.0</ele>
      </trkpt>
      <trkpt lat="37.87332" lon="-6.56662">
        <ele>598.0</ele>
      </trkpt>
      <trkpt lat="37.8716" lon="-6.56782">
        <ele>595.0</ele>
      </trkpt>
      <trkpt lat="37.8704" lon="-6.56826">
        <ele>583.0</ele>
      </trkpt>
      <trkpt lat="37.86941" lon="-6.56797">
        <ele>576.0</ele>
      </trkpt>
      <trkpt lat="37.86804" lon="-6.56662">
        <ele>569.0</ele>
      </trkpt>
      <trkpt lat="37.86707" lon="-6.56605">
        <ele>563.0</ele>
      </trkpt>
      <trkpt lat="37.86601" lon="-6.56595">
        <ele>556.0</ele>
      </trkpt>
      <trkpt lat="37.86123" lon="-6.56642">
        <ele>538.0</ele>
      </trkpt>
      <trkpt lat="37.86041" lon="-6.56593">
        <ele>529.0</ele>
      </trkpt>
      <trkpt lat="37.86012" lon="-6.56554">
        <ele>528.0</ele>
      </trkpt>
      <trkpt lat="37.85976" lon="-6.56473">
        <ele>527.0</ele>
      </trkpt>
      <trkpt lat="37.8594" lon="-6.56339">
        <ele>528.0</ele>
      </trkpt>
      <trkpt lat="37.85869" lon="-6.56213">
        <ele>536.0</ele>
      </trkpt>
      <trkpt lat="37.85812" lon="-6.5617">
        <ele>544.0</ele>
      </trkpt>
      <trkpt lat="37.85771" lon="-6.56161">
        <ele>548.0</ele>
      </trkpt>
      <trkpt lat="37.85706" lon="-6.56184">
        <ele>553.0</ele>
      </trkpt>
      <trkpt lat="37.8568" lon="-6.56212">
        <ele>554.0</ele>
      </trkpt>
      <trkpt lat="37.85621" lon="-6.56358">
        <ele>554.0</ele>
      </trkpt>
      <trkpt lat="37.85518" lon="-6.56474">
        <ele>555.0</ele>
      </trkpt>
      <trkpt lat="37.85483" lon="-6.56564">
        <ele>555.0</ele>
      </trkpt>
      <trkpt lat="37.85448" lon="-6.56766">
        <ele>557.0</ele>
      </trkpt>
      <trkpt lat="37.85399" lon="-6.56951">
        <ele>558.0</ele>
      </trkpt>
      <trkpt lat="37.85282" lon="-6.57202">
        <ele>557.0</ele>
      </trkpt>
      <trkpt lat="37.85198" lon="-6.57304">
        <ele>557.0</ele>
      </trkpt>
      <trkpt lat="37.85104" lon="-6.57372">
        <ele>556.0</ele>
      </trkpt>
      <trkpt lat="37.85025" lon="-6.57395">
        <ele>556.0</ele>
      </trkpt>
      <trkpt lat="37.84967" lon="-6.57391">
        <ele>555.0</ele>
      </trkpt>
      <trkpt lat="37.84842" lon="-6.57353">
        <ele>555.0</ele>
      </trkpt>
      <trkpt lat="37.84778" lon="-6.57364">
        <ele>556.0</ele>
      </trkpt>
      <trkpt lat="37.84707" lon="-6.57418">
        <ele>557.0</ele>
      </trkpt>
      <trkpt lat="37.84619" lon="-6.57533">
        <ele>559.0</ele>
      </trkpt>
      <trkpt lat="37.84557" lon="-6.57576">
        <ele>559.0</ele>
      </trkpt>
      <trkpt lat="37.84237" lon="-6.57645">
        <ele>559.0</ele>
      </trkpt>
      <trkpt lat="37.84163" lon="-6.5764">
        <ele>557.0</ele>
      </trkpt>
      <trkpt lat="37.84093" lon="-6.57595">
        <ele>556.0</ele>
      </trkpt>
      <trkpt lat="37.83895" lon="-6.57399">
        <ele>553.0</ele>
      </trkpt>
      <trkpt lat="37.83645" lon="-6.57062">
        <ele>539.0</ele>
      </trkpt>
      <trkpt lat="37.83561" lon="-6.57013">
        <ele>533.0</ele>
      </trkpt>
      <trkpt lat="37.83201" lon="-6.5689">
        <ele>526.0</ele>
      </trkpt>
      <trkpt lat="37.83125" lon="-6.56835">
        <ele>523.0</ele>
      </trkpt>
      <trkpt lat="37.83078" lon="-6.56746">
        <ele>523.0</ele>
      </trkpt>
      <trkpt lat="37.82996" lon="-6.5651">
        <ele>524.0</ele>
      </trkpt>
      <trkpt lat="37.82867" lon="-6.5589">
        <ele>524.0</ele>
      </trkpt>
      <trkpt lat="37.82818" lon="-6.55786">
        <ele>522.0</ele>
      </trkpt>
      <trkpt lat="37.82754" lon="-6.55722">
        <ele>521.0</ele>
      </trkpt>
      <trkpt lat="37.82715" lon="-6.55702">
        <ele>521.0</ele>
      </trkpt>
      <trkpt lat="37.82655" lon="-6.55695">
        <ele>522.0</ele>
      </trkpt>
      <trkpt lat="37.825" lon="-6.55762">
        <ele>519.0</ele>
      </trkpt>
      <trkpt lat="37.82424" lon="-6.55766">
        <ele>517.0</ele>
      </trkpt>
      <trkpt lat="37.8208" lon="-6.55619">
        <ele>505.0</ele>
      </trkpt>
      <trkpt lat="37.81866" lon="-6.55591">
        <ele>485.0</ele>
      </trkpt>
      <trkpt lat="37.817" lon="-6.55514">
        <ele>482.0</ele>
      </trkpt>
      <trkpt lat="37.81382" lon="-6.55548">
        <ele>466.0</ele>
      </trkpt>
      <trkpt lat="37.81321" lon="-6.55536">
        <ele>457.0</ele>
      </trkpt>
      <trkpt lat="37.81258" lon="-6.55488">
        <ele>451.0</ele>
      </trkpt>
      <trkpt lat="37.81164" lon="-6.55358">
        <ele>443.0</ele>
      </trkpt>
      <trkpt lat="37.81089" lon="-6.55317">
        <ele>435.0</ele>
      </trkpt>
      <trkpt lat="37.80849" lon="-6.55286">
        <ele>430.0</ele>
      </trkpt>
      <trkpt lat="37.80704" lon="-6.55321">
        <ele>417.0</ele>
      </trkpt>
      <trkpt lat="37.80612" lon="-6.55311">
        <ele>405.0</ele>
      </trkpt>
      <trkpt lat="37.80517" lon="-6.55254">
        <ele>396.0</ele>
      </trkpt>
      <trkpt lat="37.80455" lon="-6.5518">
        <ele>389.0</ele>
      </trkpt>
      <trkpt lat="37.80412" lon="-6.55092">
        <ele>385.0</ele>
      </trkpt>
      <trkpt lat="37.80363" lon="-6.54928">
        <ele>378.0</ele>
      </trkpt>
      <trkpt lat="37.80328" lon="-6.54863">
        <ele>371.0</ele>
      </trkpt>
      <trkpt lat="37.80267" lon="-6.54815">
        <ele>362.0</ele>
      </trkpt>
      <trkpt lat="37.80201" lon="-6.54808">
        <ele>355.0</ele>
      </trkpt>
      <trkpt lat="37.80139" lon="-6.54837">
        <ele>348.0</ele>
      </trkpt>
      <trkpt lat="37.80093" lon="-6.54899">
        <ele>342.0</ele>
      </trkpt>
      <trkpt lat="37.80074" lon="-6.54984">
        <ele>336.0</ele>
      </trkpt>
      <trkpt lat="37.80077" lon="-6.55226">
        <ele>323.0</ele>
      </trkpt>
      <trkpt lat="37.8004" lon="-6.55316">
        <ele>321.0</ele>
      </trkpt>
      <trkpt lat="37.79973" lon="-6.55378">
        <ele>321.0</ele>
      </trkpt>
      <trkpt lat="37.79898" lon="-6.55396">
        <ele>323.0</ele>
      </trkpt>
      <trkpt lat="37.79729" lon="-6.55366">
        <ele>330.0</ele>
      </trkpt>
      <trkpt lat="37.79673" lon="-6.55378">
        <ele>333.0</ele>
      </trkpt>
      <trkpt lat="37.79566" lon="-6.55443">
        <ele>338.0</ele>
      </trkpt>
      <trkpt lat="37.79453" lon="-6.55565">
        <ele>348.0</ele>
      </trkpt>
      <trkpt lat="37.79342" lon="-6.55601">
        <ele>358.0</ele>
      </trkpt>
      <trkpt lat="37.79274" lon="-6.55589">
        <ele>366.0</ele>
      </trkpt>
      <trkpt lat="37.79188" lon="-6.55506">
        <ele>373.0</ele>
      </trkpt>
      <trkpt lat="37.79137" lon="-6.55483">
        <ele>378.0</ele>
      </trkpt>
      <trkpt lat="37.79066" lon="-6.55502">
        <ele>382.0</ele>
      </trkpt>
      <trkpt lat="37.78987" lon="-6.55559">
        <ele>388.0</ele>
      </trkpt>
      <trkpt lat="37.78894" lon="-6.55717">
        <ele>392.0</ele>
      </trkpt>
      <trkpt lat="37.78858" lon="-6.5581">
        <ele>399.0</ele>
      </trkpt>
      <trkpt lat="37.78821" lon="-6.56311">
        <ele>418.0</ele>
      </trkpt>
      <trkpt lat="37.78797" lon="-6.56404">
        <ele>431.0</ele>
      </trkpt>
      <trkpt lat="37.78751" lon="-6.56471">
        <ele>437.0</ele>
      </trkpt>
      <trkpt lat="37.78617" lon="-6.5659">
        <ele>444.0</ele>
      </trkpt>
      <trkpt lat="37.78505" lon="-6.56714">
        <ele>453.0</ele>
      </trkpt>
      <trkpt lat="37.78457" lon="-6.56723">
        <ele>455.0</ele>
      </trkpt>
      <trkpt lat="37.78339" lon="-6.56713">
        <ele>455.0</ele>
      </trkpt>
      <trkpt lat="37.78258" lon="-6.56728">
        <ele>455.0</ele>
      </trkpt>
      <trkpt lat="37.78201" lon="-6.56754">
        <ele>455.0</ele>
      </trkpt>
      <trkpt lat="37.78128" lon="-6.56858">
        <ele>457.0</ele>
      </trkpt>
      <trkpt lat="37.78088" lon="-6.56893">
        <ele>458.0</ele>
      </trkpt>
      <trkpt lat="37.78041" lon="-6.56904">
        <ele>458.0</ele>
      </trkpt>
      <trkpt lat="37.77954" lon="-6.56894">
        <ele>456.0</ele>
      </trkpt>
      <trkpt lat="37.77903" lon="-6.56864">
        <ele>455.0</ele>
      </trkpt>
      <trkpt lat="37.77875" lon="-6.5682">
        <ele>453.0</ele>
      </trkpt>
      <trkpt lat="37.77771" lon="-6.56519">
        <ele>449.0</ele>
      </trkpt>
      <trkpt lat="37.77732" lon="-6.56452">
        <ele>444.0</ele>
      </trkpt>
      <trkpt lat="37.77394" lon="-6.56269">
        <ele>444.0</ele>
      </trkpt>
      <trkpt lat="37.77321" lon="-6.56255">
        <ele>447.0</ele>
      </trkpt>
      <trkpt lat="37.77273" lon="-6.56273">
        <ele>450.0</ele>
      </trkpt>
      <trkpt lat="37.77227" lon="-6.56314">
        <ele>454.0</ele>
      </trkpt>
      <trkpt lat="37.76588" lon="-6.5707">
        <ele>495.0</ele>
      </trkpt>
      <trkpt lat="37.76496" lon="-6.57147">
        <ele>518.0</ele>
      </trkpt>
      <trkpt lat="37.76486" lon="-6.57242">
        <ele>522.0</ele>
      </trkpt>
      <trkpt lat="37.76462" lon="-6.5728">
        <ele>525.0</ele>
      </trkpt>
      <trkpt lat="37.76426" lon="-6.5728">
        <ele>528.0</ele>
      </trkpt>
      <trkpt lat="37.76388" lon="-6.57237">
        <ele>531.0</ele>
      </trkpt>
      <trkpt lat="37.76362" lon="-6.57141">
        <ele>537.0</ele>
      </trkpt>
      <trkpt lat="37.76368" lon="-6.5701">
        <ele>546.0</ele>
      </trkpt>
      <trkpt lat="37.76343" lon="-6.57003">
        <ele>549.0</ele>
      </trkpt>
      <trkpt lat="37.76177" lon="-6.5725">
        <ele>559.0</ele>
      </trkpt>
      <trkpt lat="37.76129" lon="-6.57356">
        <ele>552.0</ele>
      </trkpt>
      <trkpt lat="37.7611" lon="-6.57496">
        <ele>539.0</ele>
      </trkpt>
      <trkpt lat="37.76119" lon="-6.57681">
        <ele>533.0</ele>
      </trkpt>
      <trkpt lat="37.76087" lon="-6.57776">
        <ele>527.0</ele>
      </trkpt>
      <trkpt lat="37.75925" lon="-6.58024">
        <ele>513.0</ele>
      </trkpt>
      <trkpt lat="37.75801" lon="-6.58275">
        <ele>497.0</ele>
      </trkpt>
      <trkpt lat="37.75727" lon="-6.58393">
        <ele>491.0</ele>
      </trkpt>
      <trkpt lat="37.75576" lon="-6.58569">
        <ele>481.0</ele>
      </trkpt>
      <trkpt lat="37.75427" lon="-6.58686">
        <ele>467.0</ele>
      </trkpt>
      <trkpt lat="37.75185" lon="-6.58757">
        <ele>464.0</ele>
      </trkpt>
      <trkpt lat="37.75115" lon="-6.58746">
        <ele>466.0</ele>
      </trkpt>
      <trkpt lat="37.75053" lon="-6.58688">
        <ele>467.0</ele>
      </trkpt>
      <trkpt lat="37.74975" lon="-6.58568">
        <ele>467.0</ele>
      </trkpt>
      <trkpt lat="37.7486" lon="-6.58513">
        <ele>466.0</ele>
      </trkpt>
      <trkpt lat="37.74753" lon="-6.58375">
        <ele>463.0</ele>
      </trkpt>
      <trkpt lat="37.74699" lon="-6.58356">
        <ele>460.0</ele>
      </trkpt>
      <trkpt lat="37.74572" lon="-6.58434">
        <ele>455.0</ele>
      </trkpt>
      <trkpt lat="37.74469" lon="-6.58478">
        <ele>452.0</ele>
      </trkpt>
      <trkpt lat="37.74344" lon="-6.58567">
        <ele>444.0</ele>
      </trkpt>
      <trkpt lat="37.74138" lon="-6.58647">
        <ele>428.0</ele>
      </trkpt>
      <trkpt lat="37.74106" lon="-6.58679">
        <ele>423.0</ele>
      </trkpt>
      <trkpt lat="37.74084" lon="-6.58727">
        <ele>419.0</ele>
      </trkpt>
      <trkpt lat="37.74072" lon="-6.58853">
        <ele>412.0</ele>
      </trkpt>
      <trkpt lat="37.74057" lon="-6.58892">
        <ele>410.0</ele>
      </trkpt>
      <trkpt lat="37.74006" lon="-6.5894">
        <ele>406.0</ele>
      </trkpt>
      <trkpt lat="37.73943" lon="-6.58948">
        <ele>402.0</ele>
      </trkpt>
      <trkpt lat="37.73648" lon="-6.58746">
        <ele>388.0</ele>
      </trkpt>
      <trkpt lat="37.73476" lon="-6.58683">
        <ele>379.0</ele>
      </trkpt>
      <trkpt lat="37.73386" lon="-6.58615">
        <ele>376.0</ele>
      </trkpt>
      <trkpt lat="37.72865" lon="-6.58339">
        <ele>378.0</ele>
      </trkpt>
      <trkpt lat="37.72761" lon="-6.58346">
        <ele>382.0</ele>
      </trkpt>
      <trkpt lat="37.72633" lon="-6.58458">
        <ele>386.0</ele>
      </trkpt>
      <trkpt lat="37.72546" lon="-6.585">
        <ele>388.0</ele>
      </trkpt>
      <trkpt lat="37.72443" lon="-6.58507">
        <ele>389.0</ele>
      </trkpt>
      <trkpt lat="37.72347" lon="-6.58483">
        <ele>390.0</ele>
      </trkpt>
      <trkpt lat="37.72229" lon="-6.58382">
        <ele>400.0</ele>
      </trkpt>
      <trkpt lat="37.72068" lon="-6.58106">
        <ele>415.0</ele>
      </trkpt>
      <trkpt lat="37.71959" lon="-6.57992">
        <ele>416.0</ele>
      </trkpt>
      <trkpt lat="37.71833" lon="-6.57926">
        <ele>421.0</ele>
      </trkpt>
      <trkpt lat="37.71698" lon="-6.57888">
        <ele>427.0</ele>
      </trkpt>
      <trkpt lat="37.71634" lon="-6.57889">
        <ele>432.0</ele>
      </trkpt>
      <trkpt lat="37.71548" lon="-6.5792">
        <ele>436.0</ele>
      </trkpt>
      <trkpt lat="37.71325" lon="-6.58096">
        <ele>443.0</ele>
      </trkpt>
      <trkpt lat="37.71277" lon="-6.58148">
        <ele>446.0</ele>
      </trkpt>
      <trkpt lat="37.71249" lon="-6.5826">
        <ele>451.0</ele>
      </trkpt>
      <trkpt lat="37.71284" lon="-6.5854">
        <ele>449.0</ele>
      </trkpt>
      <trkpt lat="37.71282" lon="-6.58604">
        <ele>447.0</ele>
      </trkpt>
      <trkpt lat="37.71257" lon="-6.58697">
        <ele>444.0</ele>
      </trkpt>
      <trkpt lat="37.71106" lon="-6.58976">
        <ele>435.0</ele>
      </trkpt>
      <trkpt lat="37.70965" lon="-6.59076">
        <ele>430.0</ele>
      </trkpt>
      <trkpt lat="37.70797" lon="-6.59303">
        <ele>427.0</ele>
      </trkpt>
      <trkpt lat="37.70688" lon="-6.59349">
        <ele>428.0</ele>
      </trkpt>
      <trkpt lat="37.70245" lon="-6.59302">
        <ele>418.0</ele>
      </trkpt>
      <trkpt lat="37.69874" lon="-6.59341">
        <ele>436.0</ele>
      </trkpt>
      <trkpt lat="37.69823" lon="-6.59373">
        <ele>436.0</ele>
      </trkpt>
      <trkpt lat="37.69807" lon="-6.59359">
        <ele>435.0</ele>
      </trkpt>
      <trkpt lat="37.69809" lon="-6.59311">
        <ele>435.0</ele>
      </trkpt>
      <trkpt lat="37.69797" lon="-6.59283">
        <ele>434.0</ele>
      </trkpt>
      <trkpt lat="37.69622" lon="-6.59207">
        <ele>432.0</ele>
      </trkpt>
      <trkpt lat="37.69496" lon="-6.5904">
        <ele>429.0</ele>
      </trkpt>
      <trkpt lat="37.69345" lon="-6.58929">
        <ele>420.0</ele>
      </trkpt>
      <trkpt lat="37.69283" lon="-6.58868">
        <ele>414.0</ele>
      </trkpt>
      <trkpt lat="37.68854" lon="-6.58281">
        <ele>396.0</ele>
      </trkpt>
      <trkpt lat="37.68805" lon="-6.5819">
        <ele>394.0</ele>
      </trkpt>
      <trkpt lat="37.68769" lon="-6.58078">
        <ele>392.0</ele>
      </trkpt>
      <trkpt lat="37.68759" lon="-6.58008">
        <ele>391.0</ele>
      </trkpt>
      <trkpt lat="37.68765" lon="-6.57928">
        <ele>393.0</ele>
      </trkpt>
      <trkpt lat="37.68818" lon="-6.5777">
        <ele>396.0</ele>
      </trkpt>
      <trkpt lat="37.68831" lon="-6.57693">
        <ele>395.0</ele>
      </trkpt>
      <trkpt lat="37.68785" lon="-6.57211">
        <ele>383.0</ele>
      </trkpt>
      <trkpt lat="37.6879" lon="-6.57101">
        <ele>380.0</ele>
      </trkpt>
      <trkpt lat="37.6881" lon="-6.57003">
        <ele>377.0</ele>
      </trkpt>
      <trkpt lat="37.68937" lon="-6.56689">
        <ele>358.0</ele>
      </trkpt>
      <trkpt lat="37.69021" lon="-6.5654">
        <ele>338.0</ele>
      </trkpt>
      <trkpt lat="37.69124" lon="-6.56407">
        <ele>327.0</ele>
      </trkpt>
      <trkpt lat="37.69266" lon="-6.56286">
        <ele>325.0</ele>
      </trkpt>
      <trkpt lat="37.69316" lon="-6.56226">
        <ele>327.0</ele>
      </trkpt>
      <trkpt lat="37.69356" lon="-6.56123">
        <ele>324.0</ele>
      </trkpt>
      <trkpt lat="37.69364" lon="-6.56034">
        <ele>321.0</ele>
      </trkpt>
      <trkpt lat="37.69357" lon="-6.55954">
        <ele>320.0</ele>
      </trkpt>
      <trkpt lat="37.69208" lon="-6.55275">
        <ele>334.0</ele>
      </trkpt>
      <trkpt lat="37.69208" lon="-6.54977">
        <ele>344.0</ele>
      </trkpt>
      <trkpt lat="37.69178" lon="-6.54837">
        <ele>348.0</ele>
      </trkpt>
      <trkpt lat="37.69136" lon="-6.54749">
        <ele>354.0</ele>
      </trkpt>
      <trkpt lat="37.69023" lon="-6.5466">
        <ele>365.0</ele>
      </trkpt>
      <trkpt lat="37.68924" lon="-6.54551">
        <ele>374.0</ele>
      </trkpt>
      <trkpt lat="37.68878" lon="-6.54474">
        <ele>383.0</ele>
      </trkpt>
      <trkpt lat="37.68704" lon="-6.53916">
        <ele>382.0</ele>
      </trkpt>
      <trkpt lat="37.68691" lon="-6.53838">
        <ele>383.0</ele>
      </trkpt>
      <trkpt lat="37.68692" lon="-6.53723">
        <ele>385.0</ele>
      </trkpt>
      <trkpt lat="37.68676" lon="-6.53701">
        <ele>384.0</ele>
      </trkpt>
      <trkpt lat="37.68636" lon="-6.53692">
        <ele>384.0</ele>
      </trkpt>
      <trkpt lat="37.68598" lon="-6.53725">
        <ele>383.0</ele>
      </trkpt>
      <trkpt lat="37.68568" lon="-6.53782">
        <ele>382.0</ele>
      </trkpt>
      <trkpt lat="37.68519" lon="-6.53834">
        <ele>378.0</ele>
      </trkpt>
      <trkpt lat="37.68439" lon="-6.53859">
        <ele>371.0</ele>
      </trkpt>
      <trkpt lat="37.68181" lon="-6.53746">
        <ele>347.0</ele>
      </trkpt>
      <trkpt lat="37.68145" lon="-6.53689">
        <ele>345.0</ele>
      </trkpt>
      <trkpt lat="37.68138" lon="-6.53598">
        <ele>344.0</ele>
      </trkpt>
      <trkpt lat="37.68049" lon="-6.5357">
        <ele>343.0</ele>
      </trkpt>
      <trkpt lat="37.67945" lon="-6.53496">
        <ele>343.0</ele>
      </trkpt>
      <trkpt lat="37.67904" lon="-6.53441">
        <ele>343.0</ele>
      </trkpt>
      <trkpt lat="37.67859" lon="-6.53354">
        <ele>342.0</ele>
      </trkpt>
      <trkpt lat="37.67793" lon="-6.53146">
        <ele>340.0</ele>
      </trkpt>
      <trkpt lat="37.67746" lon="-6.53114">
        <ele>338.0</ele>
      </trkpt>
      <trkpt lat="37.67638" lon="-6.53129">
        <ele>336.0</ele>
      </trkpt>
      <trkpt lat="37.67589" lon="-6.53121">
        <ele>334.0</ele>
      </trkpt>
      <trkpt lat="37.67463" lon="-6.53024">
        <ele>333.0</ele>
      </trkpt>
      <trkpt lat="37.67449" lon="-6.52961">
        <ele>334.0</ele>
      </trkpt>
      <trkpt lat="37.67459" lon="-6.5287">
        <ele>333.0</ele>
      </trkpt>
      <trkpt lat="37.67399" lon="-6.52727">
        <ele>330.0</ele>
      </trkpt>
      <trkpt lat="37.67348" lon="-6.52674">
        <ele>328.0</ele>
      </trkpt>
      <trkpt lat="37.67238" lon="-6.52655">
        <ele>323.0</ele>
      </trkpt>
      <trkpt lat="37.67215" lon="-6.5263">
        <ele>322.0</ele>
      </trkpt>
      <trkpt lat="37.67146" lon="-6.52451">
        <ele>321.0</ele>
      </trkpt>
      <trkpt lat="37.67074" lon="-6.5214">
        <ele>308.0</ele>
      </trkpt>
      <trkpt lat="37.6703" lon="-6.52118">
        <ele>303.0</ele>
      </trkpt>
      <trkpt lat="37.66781" lon="-6.5212">
        <ele>284.0</ele>
      </trkpt>
      <trkpt lat="37.66732" lon="-6.52073">
        <ele>272.0</ele>
      </trkpt>
      <trkpt lat="37.66681" lon="-6.51955">
        <ele>265.0</ele>
      </trkpt>
      <trkpt lat="37.66656" lon="-6.51931">
        <ele>261.0</ele>
      </trkpt>
      <trkpt lat="37.66585" lon="-6.51921">
        <ele>257.0</ele>
      </trkpt>
      <trkpt lat="37.66486" lon="-6.5196">
        <ele>244.0</ele>
      </trkpt>
      <trkpt lat="37.66398" lon="-6.51905">
        <ele>230.0</ele>
      </trkpt>
      <trkpt lat="37.66255" lon="-6.51951">
        <ele>213.0</ele>
      </trkpt>
      <trkpt lat="37.66223" lon="-6.5199">
        <ele>211.0</ele>
      </trkpt>
      <trkpt lat="37.66225" lon="-6.52015">
        <ele>211.0</ele>
      </trkpt>
      <trkpt lat="37.66325" lon="-6.52084">
        <ele>216.0</ele>
      </trkpt>
      <trkpt lat="37.66348" lon="-6.52124">
        <ele>219.0</ele>
      </trkpt>
      <trkpt lat="37.66349" lon="-6.52152">
        <ele>221.0</ele>
      </trkpt>
      <trkpt lat="37.6634" lon="-6.52193">
        <ele>225.0</ele>
      </trkpt>
      <trkpt lat="37.66324" lon="-6.5221">
        <ele>227.0</ele>
      </trkpt>
      <trkpt lat="37.66281" lon="-6.52217">
        <ele>231.0</ele>
      </trkpt>
      <trkpt lat="37.66252" lon="-6.5226">
        <ele>236.0</ele>
      </trkpt>
      <trkpt lat="37.66257" lon="-6.52439">
        <ele>243.0</ele>
      </trkpt>
      <trkpt lat="37.66143" lon="-6.52606">
        <ele>248.0</ele>
      </trkpt>
      <trkpt lat="37.6611" lon="-6.52623">
        <ele>250.0</ele>
      </trkpt>
      <trkpt lat="37.6604" lon="-6.52628">
        <ele>256.0</ele>
      </trkpt>
      <trkpt lat="37.65933" lon="-6.52564">
        <ele>263.0</ele>
      </trkpt>
      <trkpt lat="37.65857" lon="-6.5261">
        <ele>269.0</ele>
      </trkpt>
      <trkpt lat="37.65849" lon="-6.526">
        <ele>269.0</ele>
      </trkpt>
      <trkpt lat="37.65874" lon="-6.52531">
        <ele>272.0</ele>
      </trkpt>
      <trkpt lat="37.65875" lon="-6.52468">
        <ele>275.0</ele>
      </trkpt>
      <trkpt lat="37.65846" lon="-6.52371">
        <ele>280.0</ele>
      </trkpt>
      <trkpt lat="37.65811" lon="-6.52331">
        <ele>286.0</ele>
      </trkpt>
      <trkpt lat="37.65778" lon="-6.52252">
        <ele>286.0</ele>
      </trkpt>
      <trkpt lat="37.65698" lon="-6.52198">
        <ele>284.0</ele>
      </trkpt>
      <trkpt lat="37.65625" lon="-6.52088">
        <ele>276.0</ele>
      </trkpt>
      <trkpt lat="37.65547" lon="-6.52072">
        <ele>270.0</ele>
      </trkpt>
      <trkpt lat="37.65479" lon="-6.51996">
        <ele>268.0</ele>
      </trkpt>
      <trkpt lat="37.65373" lon="-6.51913">
        <ele>267.0</ele>
      </trkpt>
      <trkpt lat="37.65299" lon="-6.51761">
        <ele>270.0</ele>
      </trkpt>
      <trkpt lat="37.65291" lon="-6.51687">
        <ele>273.0</ele>
      </trkpt>
      <trkpt lat="37.65231" lon="-6.51607">
        <ele>275.0</ele>
      </trkpt>
      <trkpt lat="37.65131" lon="-6.51344">
        <ele>285.0</ele>
      </trkpt>
      <trkpt lat="37.65078" lon="-6.51256">
        <ele>294.0</ele>
      </trkpt>
      <trkpt lat="37.65016" lon="-6.5119">
        <ele>301.0</ele>
      </trkpt>
      <trkpt lat="37.64979" lon="-6.51177">
        <ele>305.0</ele>
      </trkpt>
      <trkpt lat="37.64793" lon="-6.5118">
        <ele>323.0</ele>
      </trkpt>
      <trkpt lat="37.64723" lon="-6.51149">
        <ele>330.0</ele>
      </trkpt>
      <trkpt lat="37.64706" lon="-6.51158">
        <ele>333.0</ele>
      </trkpt>
      <trkpt lat="37.64704" lon="-6.51174">
        <ele>334.0</ele>
      </trkpt>
      <trkpt lat="37.64737" lon="-6.51279">
        <ele>340.0</ele>
      </trkpt>
      <trkpt lat="37.64737" lon="-6.51317">
        <ele>343.0</ele>
      </trkpt>
      <trkpt lat="37.64724" lon="-6.51341">
        <ele>346.0</ele>
      </trkpt>
      <trkpt lat="37.64708" lon="-6.51346">
        <ele>347.0</ele>
      </trkpt>
      <trkpt lat="37.6461" lon="-6.51262">
        <ele>353.0</ele>
      </trkpt>
      <trkpt lat="37.64573" lon="-6.51251">
        <ele>357.0</ele>
      </trkpt>
      <trkpt lat="37.64541" lon="-6.51135">
        <ele>358.0</ele>
      </trkpt>
      <trkpt lat="37.64545" lon="-6.5106">
        <ele>358.0</ele>
      </trkpt>
      <trkpt lat="37.64528" lon="-6.51041">
        <ele>358.0</ele>
      </trkpt>
      <trkpt lat="37.64483" lon="-6.50903">
        <ele>357.0</ele>
      </trkpt>
      <trkpt lat="37.645" lon="-6.50835">
        <ele>357.0</ele>
      </trkpt>
      <trkpt lat="37.6443" lon="-6.50899">
        <ele>355.0</ele>
      </trkpt>
      <trkpt lat="37.64345" lon="-6.51187">
        <ele>349.0</ele>
      </trkpt>
      <trkpt lat="37.64309" lon="-6.51271">
        <ele>342.0</ele>
      </trkpt>
      <trkpt lat="37.64285" lon="-6.51298">
        <ele>338.0</ele>
      </trkpt>
      <trkpt lat="37.64174" lon="-6.51326">
        <ele>335.0</ele>
      </trkpt>
      <trkpt lat="37.64127" lon="-6.51363">
        <ele>335.0</ele>
      </trkpt>
      <trkpt lat="37.64099" lon="-6.51451">
        <ele>332.0</ele>
      </trkpt>
      <trkpt lat="37.64088" lon="-6.51534">
        <ele>329.0</ele>
      </trkpt>
      <trkpt lat="37.64055" lon="-6.51571">
        <ele>325.0</ele>
      </trkpt>
      <trkpt lat="37.63938" lon="-6.51575">
        <ele>321.0</ele>
      </trkpt>
      <trkpt lat="37.63861" lon="-6.51626">
        <ele>319.0</ele>
      </trkpt>
      <trkpt lat="37.63809" lon="-6.51712">
        <ele>315.0</ele>
      </trkpt>
      <trkpt lat="37.63722" lon="-6.51715">
        <ele>307.0</ele>
      </trkpt>
      <trkpt lat="37.63717" lon="-6.5176">
        <ele>305.0</ele>
      </trkpt>
      <trkpt lat="37.63695" lon="-6.51786">
        <ele>304.0</ele>
      </trkpt>
      <trkpt lat="37.63671" lon="-6.51782">
        <ele>303.0</ele>
      </trkpt>
      <trkpt lat="37.63592" lon="-6.51695">
        <ele>300.0</ele>
      </trkpt>
      <trkpt lat="37.63564" lon="-6.51693">
        <ele>298.0</ele>
      </trkpt>
      <trkpt lat="37.63513" lon="-6.51726">
        <ele>297.0</ele>
      </trkpt>
      <trkpt lat="37.63429" lon="-6.51731">
        <ele>292.0</ele>
      </trkpt>
      <trkpt lat="37.63368" lon="-6.51686">
        <ele>288.0</ele>
      </trkpt>
      <trkpt lat="37.63338" lon="-6.51763">
        <ele>288.0</ele>
      </trkpt>
      <trkpt lat="37.63311" lon="-6.5179">
        <ele>287.0</ele>
      </trkpt>
      <trkpt lat="37.63241" lon="-6.51792">
        <ele>286.0</ele>
      </trkpt>
      <trkpt lat="37.63182" lon="-6.51766">
        <ele>284.0</ele>
      </trkpt>
      <trkpt lat="37.63153" lon="-6.51775">
        <ele>282.0</ele>
      </trkpt>
      <trkpt lat="37.63097" lon="-6.51914">
        <ele>277.0</ele>
      </trkpt>
      <trkpt lat="37.63066" lon="-6.51931">
        <ele>275.0</ele>
      </trkpt>
      <trkpt lat="37.6304" lon="-6.51912">
        <ele>274.0</ele>
      </trkpt>
      <trkpt lat="37.63026" lon="-6.51837">
        <ele>272.0</ele>
      </trkpt>
      <trkpt lat="37.6298" lon="-6.5181">
        <ele>270.0</ele>
      </trkpt>
      <trkpt lat="37.62832" lon="-6.51797">
        <ele>261.0</ele>
      </trkpt>
      <trkpt lat="37.62724" lon="-6.51851">
        <ele>258.0</ele>
      </trkpt>
      <trkpt lat="37.62695" lon="-6.5185">
        <ele>258.0</ele>
      </trkpt>
      <trkpt lat="37.62681" lon="-6.51823">
        <ele>259.0</ele>
      </trkpt>
      <trkpt lat="37.62686" lon="-6.51784">
        <ele>259.0</ele>
      </trkpt>
      <trkpt lat="37.62676" lon="-6.51741">
        <ele>256.0</ele>
      </trkpt>
      <trkpt lat="37.62616" lon="-6.51658">
        <ele>246.0</ele>
      </trkpt>
      <trkpt lat="37.62552" lon="-6.51659">
        <ele>238.0</ele>
      </trkpt>
      <trkpt lat="37.62493" lon="-6.51689">
        <ele>231.0</ele>
      </trkpt>
      <trkpt lat="37.62417" lon="-6.51664">
        <ele>223.0</ele>
      </trkpt>
      <trkpt lat="37.62397" lon="-6.51875">
        <ele>214.0</ele>
      </trkpt>
      <trkpt lat="37.62333" lon="-6.51944">
        <ele>211.0</ele>
      </trkpt>
      <trkpt lat="37.62244" lon="-6.51983">
        <ele>201.0</ele>
      </trkpt>
      <trkpt lat="37.62177" lon="-6.5204">
        <ele>192.0</ele>
      </trkpt>
      <trkpt lat="37.62172" lon="-6.52158">
        <ele>186.0</ele>
      </trkpt>
      <trkpt lat="37.62146" lon="-6.52215">
        <ele>185.0</ele>
      </trkpt>
      <trkpt lat="37.62119" lon="-6.5222">
        <ele>185.0</ele>
      </trkpt>
      <trkpt lat="37.61994" lon="-6.52136">
        <ele>184.0</ele>
      </trkpt>
      <trkpt lat="37.61937" lon="-6.52124">
        <ele>187.0</ele>
      </trkpt>
      <trkpt lat="37.6191" lon="-6.52135">
        <ele>190.0</ele>
      </trkpt>
      <trkpt lat="37.61852" lon="-6.52193">
        <ele>194.0</ele>
      </trkpt>
      <trkpt lat="37.61776" lon="-6.52221">
        <ele>201.0</ele>
      </trkpt>
      <trkpt lat="37.61761" lon="-6.52236">
        <ele>205.0</ele>
      </trkpt>
      <trkpt lat="37.61736" lon="-6.52474">
        <ele>217.0</ele>
      </trkpt>
      <trkpt lat="37.61722" lon="-6.52496">
        <ele>222.0</ele>
      </trkpt>
      <trkpt lat="37.61707" lon="-6.5249">
        <ele>223.0</ele>
      </trkpt>
      <trkpt lat="37.61698" lon="-6.52434">
        <ele>226.0</ele>
      </trkpt>
      <trkpt lat="37.6166" lon="-6.52367">
        <ele>228.0</ele>
      </trkpt>
      <trkpt lat="37.61668" lon="-6.52309">
        <ele>234.0</ele>
      </trkpt>
      <trkpt lat="37.61592" lon="-6.52241">
        <ele>241.0</ele>
      </trkpt>
      <trkpt lat="37.61614" lon="-6.52135">
        <ele>250.0</ele>
      </trkpt>
      <trkpt lat="37.61537" lon="-6.52084">
        <ele>259.0</ele>
      </trkpt>
      <trkpt lat="37.61504" lon="-6.5197">
        <ele>264.0</ele>
      </trkpt>
      <trkpt lat="37.61467" lon="-6.51908">
        <ele>264.0</ele>
      </trkpt>
      <trkpt lat="37.6133" lon="-6.51757">
        <ele>265.0</ele>
      </trkpt>
      <trkpt lat="37.61239" lon="-6.51742">
        <ele>266.0</ele>
      </trkpt>
      <trkpt lat="37.6119" lon="-6.51753">
        <ele>267.0</ele>
      </trkpt>
      <trkpt lat="37.61051" lon="-6.51954">
        <ele>265.0</ele>
      </trkpt>
      <trkpt lat="37.61028" lon="-6.52006">
        <ele>265.0</ele>
      </trkpt>
      <trkpt lat="37.61022" lon="-6.52103">
        <ele>265.0</ele>
      </trkpt>
      <trkpt lat="37.61053" lon="-6.52212">
        <ele>266.0</ele>
      </trkpt>
      <trkpt lat="37.61048" lon="-6.52355">
        <ele>267.0</ele>
      </trkpt>
      <trkpt lat="37.61008" lon="-6.52498">
        <ele>274.0</ele>
      </trkpt>
      <trkpt lat="37.61021" lon="-6.52595">
        <ele>280.0</ele>
      </trkpt>
      <trkpt lat="37.61142" lon="-6.52832">
        <ele>283.0</ele>
      </trkpt>
      <trkpt lat="37.61176" lon="-6.52968">
        <ele>286.0</ele>
      </trkpt>
      <trkpt lat="37.6126" lon="-6.5304">
        <ele>287.0</ele>
      </trkpt>
      <trkpt lat="37.61279" lon="-6.53165">
        <ele>286.0</ele>
      </trkpt>
      <trkpt lat="37.61275" lon="-6.53215">
        <ele>285.0</ele>
      </trkpt>
      <trkpt lat="37.6125" lon="-6.53267">
        <ele>284.0</ele>
      </trkpt>
      <trkpt lat="37.61138" lon="-6.53317">
        <ele>285.0</ele>
      </trkpt>
      <trkpt lat="37.61108" lon="-6.53441">
        <ele>287.0</ele>
      </trkpt>
      <trkpt lat="37.61113" lon="-6.53508">
        <ele>288.0</ele>
      </trkpt>
      <trkpt lat="37.6122" lon="-6.53721">
        <ele>298.0</ele>
      </trkpt>
      <trkpt lat="37.61214" lon="-6.53743">
        <ele>300.0</ele>
      </trkpt>
      <trkpt lat="37.61171" lon="-6.5378">
        <ele>305.0</ele>
      </trkpt>
      <trkpt lat="37.6118" lon="-6.53831">
        <ele>306.0</ele>
      </trkpt>
      <trkpt lat="37.61172" lon="-6.53881">
        <ele>305.0</ele>
      </trkpt>
      <trkpt lat="37.61196" lon="-6.53921">
        <ele>304.0</ele>
      </trkpt>
      <trkpt lat="37.61203" lon="-6.53985">
        <ele>302.0</ele>
      </trkpt>
      <trkpt lat="37.61167" lon="-6.54009">
        <ele>302.0</ele>
      </trkpt>
      <trkpt lat="37.61097" lon="-6.54005">
        <ele>305.0</ele>
      </trkpt>
      <trkpt lat="37.60905" lon="-6.54037">
        <ele>313.0</ele>
      </trkpt>
      <trkpt lat="37.60809" lon="-6.54031">
        <ele>315.0</ele>
      </trkpt>
      <trkpt lat="37.60732" lon="-6.5405">
        <ele>315.0</ele>
      </trkpt>
      <trkpt lat="37.6068" lon="-6.5425">
        <ele>311.0</ele>
      </trkpt>
      <trkpt lat="37.60696" lon="-6.5426">
        <ele>310.0</ele>
      </trkpt>
      <trkpt lat="37.6075" lon="-6.54232">
        <ele>307.0</ele>
      </trkpt>
      <trkpt lat="37.60782" lon="-6.54249">
        <ele>304.0</ele>
      </trkpt>
      <trkpt lat="37.60757" lon="-6.54256">
        <ele>303.0</ele>
      </trkpt>
      <trkpt lat="37.60713" lon="-6.54316">
        <ele>299.0</ele>
      </trkpt>
      <trkpt lat="37.60632" lon="-6.54353">
        <ele>293.0</ele>
      </trkpt>
      <trkpt lat="37.60565" lon="-6.54356">
        <ele>288.0</ele>
      </trkpt>
      <trkpt lat="37.60471" lon="-6.54336">
        <ele>281.0</ele>
      </trkpt>
      <trkpt lat="37.60437" lon="-6.54349">
        <ele>277.0</ele>
      </trkpt>
      <trkpt lat="37.60422" lon="-6.54368">
        <ele>275.0</ele>
      </trkpt>
      <trkpt lat="37.60409" lon="-6.54426">
        <ele>272.0</ele>
      </trkpt>
      <trkpt lat="37.60352" lon="-6.54514">
        <ele>267.0</ele>
      </trkpt>
      <trkpt lat="37.60237" lon="-6.54624">
        <ele>254.0</ele>
      </trkpt>
      <trkpt lat="37.60106" lon="-6.54633">
        <ele>244.0</ele>
      </trkpt>
      <trkpt lat="37.60044" lon="-6.54605">
        <ele>240.0</ele>
      </trkpt>
      <trkpt lat="37.60001" lon="-6.54511">
        <ele>233.0</ele>
      </trkpt>
      <trkpt lat="37.60041" lon="-6.54469">
        <ele>229.0</ele>
      </trkpt>
      <trkpt lat="37.60041" lon="-6.5442">
        <ele>226.0</ele>
      </trkpt>
      <trkpt lat="37.59952" lon="-6.54242">
        <ele>218.0</ele>
      </trkpt>
      <trkpt lat="37.59889" lon="-6.54213">
        <ele>213.0</ele>
      </trkpt>
      <trkpt lat="37.59822" lon="-6.54264">
        <ele>209.0</ele>
      </trkpt>
      <trkpt lat="37.59749" lon="-6.54281">
        <ele>208.0</ele>
      </trkpt>
      <trkpt lat="37.59602" lon="-6.54403">
        <ele>207.0</ele>
      </trkpt>
      <trkpt lat="37.59569" lon="-6.54484">
        <ele>205.0</ele>
      </trkpt>
      <trkpt lat="37.59593" lon="-6.5461">
        <ele>202.0</ele>
      </trkpt>
      <trkpt lat="37.5958" lon="-6.5467">
        <ele>201.0</ele>
      </trkpt>
      <trkpt lat="37.59542" lon="-6.54714">
        <ele>200.0</ele>
      </trkpt>
      <trkpt lat="37.59471" lon="-6.54762">
        <ele>199.0</ele>
      </trkpt>
      <trkpt lat="37.59334" lon="-6.5476">
        <ele>195.0</ele>
      </trkpt>
      <trkpt lat="37.59146" lon="-6.54632">
        <ele>181.0</ele>
      </trkpt>
      <trkpt lat="37.59107" lon="-6.54623">
        <ele>177.0</ele>
      </trkpt>
      <trkpt lat="37.58994" lon="-6.54694">
        <ele>171.0</ele>
      </trkpt>
      <trkpt lat="37.58828" lon="-6.54714">
        <ele>163.0</ele>
      </trkpt>
      <trkpt lat="37.58533" lon="-6.54917">
        <ele>133.0</ele>
      </trkpt>
      <trkpt lat="37.58502" lon="-6.54898">
        <ele>128.0</ele>
      </trkpt>
      <trkpt lat="37.58477" lon="-6.54821">
        <ele>124.0</ele>
      </trkpt>
      <trkpt lat="37.58494" lon="-6.54727">
        <ele>121.0</ele>
      </trkpt>
      <trkpt lat="37.58487" lon="-6.54701">
        <ele>121.0</ele>
      </trkpt>
      <trkpt lat="37.58415" lon="-6.54591">
        <ele>125.0</ele>
      </trkpt>
      <trkpt lat="37.5833" lon="-6.54523">
        <ele>134.0</ele>
      </trkpt>
      <trkpt lat="37.58226" lon="-6.54471">
        <ele>144.0</ele>
      </trkpt>
      <trkpt lat="37.58163" lon="-6.54507">
        <ele>149.0</ele>
      </trkpt>
      <trkpt lat="37.58125" lon="-6.54554">
        <ele>151.0</ele>
      </trkpt>
      <trkpt lat="37.58055" lon="-6.54564">
        <ele>152.0</ele>
      </trkpt>
      <trkpt lat="37.57977" lon="-6.5455">
        <ele>153.0</ele>
      </trkpt>
      <trkpt lat="37.57904" lon="-6.54509">
        <ele>156.0</ele>
      </trkpt>
      <trkpt lat="37.57712" lon="-6.54442">
        <ele>171.0</ele>
      </trkpt>
      <trkpt lat="37.57651" lon="-6.54373">
        <ele>180.0</ele>
      </trkpt>
      <trkpt lat="37.57571" lon="-6.54321">
        <ele>185.0</ele>
      </trkpt>
      <trkpt lat="37.57475" lon="-6.54361">
        <ele>193.0</ele>
      </trkpt>
      <trkpt lat="37.57427" lon="-6.54342">
        <ele>198.0</ele>
      </trkpt>
      <trkpt lat="37.57368" lon="-6.54371">
        <ele>204.0</ele>
      </trkpt>
      <trkpt lat="37.57287" lon="-6.5436">
        <ele>212.0</ele>
      </trkpt>
      <trkpt lat="37.57248" lon="-6.54418">
        <ele>218.0</ele>
      </trkpt>
      <trkpt lat="37.57179" lon="-6.54451">
        <ele>222.0</ele>
      </trkpt>
      <trkpt lat="37.57152" lon="-6.54385">
        <ele>227.0</ele>
      </trkpt>
      <trkpt lat="37.57134" lon="-6.54373">
        <ele>229.0</ele>
      </trkpt>
      <trkpt lat="37.57002" lon="-6.54366">
        <ele>238.0</ele>
      </trkpt>
      <trkpt lat="37.5697" lon="-6.54351">
        <ele>241.0</ele>
      </trkpt>
      <trkpt lat="37.56895" lon="-6.5436">
        <ele>249.0</ele>
      </trkpt>
      <trkpt lat="37.56869" lon="-6.54348">
        <ele>252.0</ele>
      </trkpt>
      <trkpt lat="37.5684" lon="-6.54253">
        <ele>259.0</ele>
      </trkpt>
      <trkpt lat="37.56781" lon="-6.54207">
        <ele>263.0</ele>
      </trkpt>
      <trkpt lat="37.56764" lon="-6.54115">
        <ele>266.0</ele>
      </trkpt>
      <trkpt lat="37.56695" lon="-6.54042">
        <ele>267.0</ele>
      </trkpt>
      <trkpt lat="37.56646" lon="-6.54033">
        <ele>267.0</ele>
      </trkpt>
      <trkpt lat="37.56585" lon="-6.54067">
        <ele>268.0</ele>
      </trkpt>
      <trkpt lat="37.56545" lon="-6.54072">
        <ele>269.0</ele>
      </trkpt>
      <trkpt lat="37.56439" lon="-6.54032">
        <ele>271.0</ele>
      </trkpt>
      <trkpt lat="37.56334" lon="-6.54081">
        <ele>273.0</ele>
      </trkpt>
      <trkpt lat="37.56247" lon="-6.54052">
        <ele>275.0</ele>
      </trkpt>
      <trkpt lat="37.56172" lon="-6.54063">
        <ele>277.0</ele>
      </trkpt>
      <trkpt lat="37.56099" lon="-6.54055">
        <ele>278.0</ele>
      </trkpt>
      <trkpt lat="37.56053" lon="-6.54017">
        <ele>281.0</ele>
      </trkpt>
      <trkpt lat="37.56014" lon="-6.53912">
        <ele>282.0</ele>
      </trkpt>
      <trkpt lat="37.55969" lon="-6.53837">
        <ele>283.0</ele>
      </trkpt>
      <trkpt lat="37.55946" lon="-6.53827">
        <ele>284.0</ele>
      </trkpt>
      <trkpt lat="37.55871" lon="-6.53863">
        <ele>285.0</ele>
      </trkpt>
      <trkpt lat="37.55829" lon="-6.53844">
        <ele>286.0</ele>
      </trkpt>
      <trkpt lat="37.55756" lon="-6.53887">
        <ele>288.0</ele>
      </trkpt>
      <trkpt lat="37.55707" lon="-6.53851">
        <ele>291.0</ele>
      </trkpt>
      <trkpt lat="37.55675" lon="-6.53801">
        <ele>293.0</ele>
      </trkpt>
      <trkpt lat="37.55657" lon="-6.53686">
        <ele>300.0</ele>
      </trkpt>
      <trkpt lat="37.55577" lon="-6.53626">
        <ele>304.0</ele>
      </trkpt>
      <trkpt lat="37.55565" lon="-6.53638">
        <ele>305.0</ele>
      </trkpt>
      <trkpt lat="37.5556" lon="-6.53694">
        <ele>308.0</ele>
      </trkpt>
      <trkpt lat="37.55546" lon="-6.53709">
        <ele>309.0</ele>
      </trkpt>
      <trkpt lat="37.55504" lon="-6.53721">
        <ele>311.0</ele>
      </trkpt>
      <trkpt lat="37.55385" lon="-6.53824">
        <ele>314.0</ele>
      </trkpt>
      <trkpt lat="37.55335" lon="-6.53836">
        <ele>317.0</ele>
      </trkpt>
      <trkpt lat="37.55184" lon="-6.53728">
        <ele>326.0</ele>
      </trkpt>
      <trkpt lat="37.55127" lon="-6.53628">
        <ele>328.0</ele>
      </trkpt>
      <trkpt lat="37.55104" lon="-6.5361">
        <ele>328.0</ele>
      </trkpt>
      <trkpt lat="37.54965" lon="-6.53581">
        <ele>330.0</ele>
      </trkpt>
      <trkpt lat="37.54899" lon="-6.53549">
        <ele>331.0</ele>
      </trkpt>
      <trkpt lat="37.54804" lon="-6.53563">
        <ele>332.0</ele>
      </trkpt>
      <trkpt lat="37.54756" lon="-6.53538">
        <ele>332.0</ele>
      </trkpt>
      <trkpt lat="37.54673" lon="-6.53358">
        <ele>334.0</ele>
      </trkpt>
      <trkpt lat="37.5465" lon="-6.53202">
        <ele>336.0</ele>
      </trkpt>
      <trkpt lat="37.54601" lon="-6.53062">
        <ele>334.0</ele>
      </trkpt>
      <trkpt lat="37.54572" lon="-6.53034">
        <ele>332.0</ele>
      </trkpt>
      <trkpt lat="37.54471" lon="-6.52992">
        <ele>330.0</ele>
      </trkpt>
      <trkpt lat="37.54374" lon="-6.52812">
        <ele>328.0</ele>
      </trkpt>
      <trkpt lat="37.54286" lon="-6.52812">
        <ele>327.0</ele>
      </trkpt>
      <trkpt lat="37.54193" lon="-6.52744">
        <ele>326.0</ele>
      </trkpt>
      <trkpt lat="37.54106" lon="-6.52735">
        <ele>325.0</ele>
      </trkpt>
      <trkpt lat="37.54059" lon="-6.52751">
        <ele>324.0</ele>
      </trkpt>
      <trkpt lat="37.54035" lon="-6.52781">
        <ele>324.0</ele>
      </trkpt>
      <trkpt lat="37.53959" lon="-6.52928">
        <ele>320.0</ele>
      </trkpt>
      <trkpt lat="37.53945" lon="-6.53017">
        <ele>317.0</ele>
      </trkpt>
      <trkpt lat="37.53924" lon="-6.53054">
        <ele>315.0</ele>
      </trkpt>
      <trkpt lat="37.53855" lon="-6.53113">
        <ele>312.0</ele>
      </trkpt>
      <trkpt lat="37.53677" lon="-6.53424">
        <ele>310.0</ele>
      </trkpt>
      <trkpt lat="37.53633" lon="-6.5345">
        <ele>310.0</ele>
      </trkpt>
      <trkpt lat="37.53542" lon="-6.53469">
        <ele>308.0</ele>
      </trkpt>
      <trkpt lat="37.53477" lon="-6.53525">
        <ele>304.0</ele>
      </trkpt>
      <trkpt lat="37.53457" lon="-6.53576">
        <ele>302.0</ele>
      </trkpt>
      <trkpt lat="37.53472" lon="-6.53694">
        <ele>295.0</ele>
      </trkpt>
      <trkpt lat="37.53446" lon="-6.53743">
        <ele>292.0</ele>
      </trkpt>
      <trkpt lat="37.53319" lon="-6.53751">
        <ele>284.0</ele>
      </trkpt>
      <trkpt lat="37.53294" lon="-6.53771">
        <ele>282.0</ele>
      </trkpt>
      <trkpt lat="37.53247" lon="-6.53859">
        <ele>277.0</ele>
      </trkpt>
      <trkpt lat="37.53159" lon="-6.53909">
        <ele>274.0</ele>
      </trkpt>
      <trkpt lat="37.53063" lon="-6.53904">
        <ele>269.0</ele>
      </trkpt>
      <trkpt lat="37.5297" lon="-6.5393">
        <ele>263.0</ele>
      </trkpt>
      <trkpt lat="37.52925" lon="-6.53919">
        <ele>261.0</ele>
      </trkpt>
      <trkpt lat="37.52849" lon="-6.53952">
        <ele>258.0</ele>
      </trkpt>
      <trkpt lat="37.52814" lon="-6.53951">
        <ele>258.0</ele>
      </trkpt>
      <trkpt lat="37.52718" lon="-6.53914">
        <ele>259.0</ele>
      </trkpt>
      <trkpt lat="37.52671" lon="-6.53851">
        <ele>259.0</ele>
      </trkpt>
      <trkpt lat="37.52627" lon="-6.53824">
        <ele>259.0</ele>
      </trkpt>
      <trkpt lat="37.52521" lon="-6.53822">
        <ele>258.0</ele>
      </trkpt>
      <trkpt lat="37.52336" lon="-6.53769">
        <ele>255.0</ele>
      </trkpt>
      <trkpt lat="37.52249" lon="-6.53786">
        <ele>251.0</ele>
      </trkpt>
      <trkpt lat="37.52141" lon="-6.53864">
        <ele>249.0</ele>
      </trkpt>
      <trkpt lat="37.52095" lon="-6.53871">
        <ele>248.0</ele>
      </trkpt>
      <trkpt lat="37.52004" lon="-6.53805">
        <ele>246.0</ele>
      </trkpt>
      <trkpt lat="37.51911" lon="-6.53763">
        <ele>245.0</ele>
      </trkpt>
      <trkpt lat="37.5188" lon="-6.53764">
        <ele>245.0</ele>
      </trkpt>
      <trkpt lat="37.51853" lon="-6.53774">
        <ele>244.0</ele>
      </trkpt>
      <trkpt lat="37.51727" lon="-6.53889">
        <ele>244.0</ele>
      </trkpt>
      <trkpt lat="37.51629" lon="-6.53918">
        <ele>244.0</ele>
      </trkpt>
      <trkpt lat="37.51504" lon="-6.54041">
        <ele>244.0</ele>
      </trkpt>
      <trkpt lat="37.5134" lon="-6.54033">
        <ele>237.0</ele>
      </trkpt>
      <trkpt lat="37.51259" lon="-6.54045">
        <ele>235.0</ele>
      </trkpt>
      <trkpt lat="37.51153" lon="-6.54017">
        <ele>229.0</ele>
      </trkpt>
      <trkpt lat="37.51073" lon="-6.54096">
        <ele>226.0</ele>
      </trkpt>
      <trkpt lat="37.50991" lon="-6.54113">
        <ele>223.0</ele>
      </trkpt>
      <trkpt lat="37.50845" lon="-6.54174">
        <ele>217.0</ele>
      </trkpt>
      <trkpt lat="37.50801" lon="-6.54164">
        <ele>214.0</ele>
      </trkpt>
      <trkpt lat="37.50751" lon="-6.54068">
        <ele>212.0</ele>
      </trkpt>
      <trkpt lat="37.50672" lon="-6.53987">
        <ele>207.0</ele>
      </trkpt>
      <trkpt lat="37.50603" lon="-6.53971">
        <ele>206.0</ele>
      </trkpt>
      <trkpt lat="37.5053" lon="-6.53995">
        <ele>205.0</ele>
      </trkpt>
      <trkpt lat="37.5044" lon="-6.5396">
        <ele>205.0</ele>
      </trkpt>
      <trkpt lat="37.50388" lon="-6.53981">
        <ele>204.0</ele>
      </trkpt>
      <trkpt lat="37.50356" lon="-6.54091">
        <ele>203.0</ele>
      </trkpt>
      <trkpt lat="37.50307" lon="-6.5414">
        <ele>200.0</ele>
      </trkpt>
      <trkpt lat="37.5029" lon="-6.54138">
        <ele>199.0</ele>
      </trkpt>
      <trkpt lat="37.50196" lon="-6.54038">
        <ele>192.0</ele>
      </trkpt>
      <trkpt lat="37.50133" lon="-6.54046">
        <ele>188.0</ele>
      </trkpt>
      <trkpt lat="37.49996" lon="-6.54102">
        <ele>181.0</ele>
      </trkpt>
      <trkpt lat="37.49874" lon="-6.54038">
        <ele>174.0</ele>
      </trkpt>
      <trkpt lat="37.49698" lon="-6.541">
        <ele>162.0</ele>
      </trkpt>
      <trkpt lat="37.4957" lon="-6.54089">
        <ele>154.0</ele>
      </trkpt>
      <trkpt lat="37.49479" lon="-6.54156">
        <ele>151.0</ele>
      </trkpt>
      <trkpt lat="37.49296" lon="-6.54214">
        <ele>144.0</ele>
      </trkpt>
      <trkpt lat="37.49216" lon="-6.54181">
        <ele>141.0</ele>
      </trkpt>
      <trkpt lat="37.49088" lon="-6.54264">
        <ele>136.0</ele>
      </trkpt>
      <trkpt lat="37.48968" lon="-6.54278">
        <ele>133.0</ele>
      </trkpt>
      <trkpt lat="37.48876" lon="-6.5427">
        <ele>131.0</ele>
      </trkpt>
      <trkpt lat="37.4865" lon="-6.54287">
        <ele>127.0</ele>
      </trkpt>
      <trkpt lat="37.48595" lon="-6.54266">
        <ele>126.0</ele>
      </trkpt>
      <trkpt lat="37.4851" lon="-6.542">
        <ele>124.0</ele>
      </trkpt>
      <trkpt lat="37.48251" lon="-6.54144">
        <ele>121.0</ele>
      </trkpt>
      <trkpt lat="37.48181" lon="-6.54187">
        <ele>119.0</ele>
      </trkpt>
      <trkpt lat="37.4808" lon="-6.54351">
        <ele>116.0</ele>
      </trkpt>
      <trkpt lat="37.47975" lon="-6.54409">
        <ele>114.0</ele>
      </trkpt>
      <trkpt lat="37.47914" lon="-6.54504">
        <ele>113.0</ele>
      </trkpt>
      <trkpt lat="37.47833" lon="-6.54533">
        <ele>111.0</ele>
      </trkpt>
      <trkpt lat="37.47834" lon="-6.54732">
        <ele>108.0</ele>
      </trkpt>
      <trkpt lat="37.47778" lon="-6.54833">
        <ele>107.0</ele>
      </trkpt>
      <trkpt lat="37.47737" lon="-6.54883">
        <ele>107.0</ele>
      </trkpt>
      <trkpt lat="37.477" lon="-6.54906">
        <ele>107.0</ele>
      </trkpt>
      <trkpt lat="37.47518" lon="-6.54961">
        <ele>106.0</ele>
      </trkpt>
      <trkpt lat="37.47236" lon="-6.54947">
        <ele>105.0</ele>
      </trkpt>
      <trkpt lat="37.47132" lon="-6.54975">
        <ele>104.0</ele>
      </trkpt>
      <trkpt lat="37.47084" lon="-6.54961">
        <ele>103.0</ele>
      </trkpt>
      <trkpt lat="37.47003" lon="-6.54899">
        <ele>101.0</ele>
      </trkpt>
      <trkpt lat="37.46789" lon="-6.54857">
        <ele>101.0</ele>
      </trkpt>
      <trkpt lat="37.46751" lon="-6.54898">
        <ele>102.0</ele>
      </trkpt>
      <trkpt lat="37.46692" lon="-6.55011">
        <ele>107.0</ele>
      </trkpt>
      <trkpt lat="37.46617" lon="-6.55049">
        <ele>115.0</ele>
      </trkpt>
      <trkpt lat="37.46453" lon="-6.55075">
        <ele>125.0</ele>
      </trkpt>
      <trkpt lat="37.46322" lon="-6.55076">
        <ele>126.0</ele>
      </trkpt>
      <trkpt lat="37.46142" lon="-6.55113">
        <ele>122.0</ele>
      </trkpt>
      <trkpt lat="37.46067" lon="-6.55112">
        <ele>119.0</ele>
      </trkpt>
      <trkpt lat="37.4597" lon="-6.55129">
        <ele>117.0</ele>
      </trkpt>
      <trkpt lat="37.45868" lon="-6.55171">
        <ele>112.0</ele>
      </trkpt>
      <trkpt lat="37.45844" lon="-6.5519">
        <ele>110.0</ele>
      </trkpt>
      <trkpt lat="37.45801" lon="-6.55265">
        <ele>105.0</ele>
      </trkpt>
      <trkpt lat="37.45753" lon="-6.55417">
        <ele>103.0</ele>
      </trkpt>
      <trkpt lat="37.45654" lon="-6.55474">
        <ele>108.0</ele>
      </trkpt>
      <trkpt lat="37.45601" lon="-6.55533">
        <ele>109.0</ele>
      </trkpt>
      <trkpt lat="37.45486" lon="-6.55578">
        <ele>108.0</ele>
      </trkpt>
      <trkpt lat="37.45427" lon="-6.55728">
        <ele>110.0</ele>
      </trkpt>
      <trkpt lat="37.45281" lon="-6.55798">
        <ele>110.0</ele>
      </trkpt>
      <trkpt lat="37.45213" lon="-6.55879">
        <ele>108.0</ele>
      </trkpt>
      <trkpt lat="37.45187" lon="-6.55992">
        <ele>106.0</ele>
      </trkpt>
      <trkpt lat="37.45178" lon="-6.56254">
        <ele>104.0</ele>
      </trkpt>
      <trkpt lat="37.45186" lon="-6.56333">
        <ele>102.0</ele>
      </trkpt>
      <trkpt lat="37.45219" lon="-6.56411">
        <ele>101.0</ele>
      </trkpt>
      <trkpt lat="37.45224" lon="-6.56468">
        <ele>101.0</ele>
      </trkpt>
      <trkpt lat="37.45193" lon="-6.56534">
        <ele>100.0</ele>
      </trkpt>
      <trkpt lat="37.45088" lon="-6.56614">
        <ele>98.0</ele>
      </trkpt>
      <trkpt lat="37.45042" lon="-6.56836">
        <ele>91.0</ele>
      </trkpt>
      <trkpt lat="37.44969" lon="-6.56928">
        <ele>84.0</ele>
      </trkpt>
      <trkpt lat="37.44963" lon="-6.56995">
        <ele>79.0</ele>
      </trkpt>
      <trkpt lat="37.45012" lon="-6.57174">
        <ele>78.0</ele>
      </trkpt>
      <trkpt lat="37.44981" lon="-6.57242">
        <ele>78.0</ele>
      </trkpt>
      <trkpt lat="37.44836" lon="-6.57302">
        <ele>78.0</ele>
      </trkpt>
      <trkpt lat="37.4476" lon="-6.57358">
        <ele>77.0</ele>
      </trkpt>
      <trkpt lat="37.44727" lon="-6.57362">
        <ele>75.0</ele>
      </trkpt>
      <trkpt lat="37.44601" lon="-6.57356">
        <ele>73.0</ele>
      </trkpt>
      <trkpt lat="37.44538" lon="-6.57305">
        <ele>75.0</ele>
      </trkpt>
      <trkpt lat="37.44492" lon="-6.57292">
        <ele>77.0</ele>
      </trkpt>
      <trkpt lat="37.44337" lon="-6.57322">
        <ele>81.0</ele>
      </trkpt>
      <trkpt lat="37.44273" lon="-6.57275">
        <ele>83.0</ele>
      </trkpt>
      <trkpt lat="37.44239" lon="-6.5727">
        <ele>84.0</ele>
      </trkpt>
      <trkpt lat="37.44197" lon="-6.57297">
        <ele>86.0</ele>
      </trkpt>
      <trkpt lat="37.44168" lon="-6.574">
        <ele>87.0</ele>
      </trkpt>
      <trkpt lat="37.44138" lon="-6.57434">
        <ele>88.0</ele>
      </trkpt>
      <trkpt lat="37.44066" lon="-6.57447">
        <ele>90.0</ele>
      </trkpt>
      <trkpt lat="37.43963" lon="-6.57415">
        <ele>92.0</ele>
      </trkpt>
      <trkpt lat="37.4386" lon="-6.57413">
        <ele>91.0</ele>
      </trkpt>
      <trkpt lat="37.43806" lon="-6.57429">
        <ele>89.0</ele>
      </trkpt>
      <trkpt lat="37.43672" lon="-6.57505">
        <ele>87.0</ele>
      </trkpt>
      <trkpt lat="37.43598" lon="-6.57525">
        <ele>83.0</ele>
      </trkpt>
      <trkpt lat="37.43507" lon="-6.57505">
        <ele>81.0</ele>
      </trkpt>
      <trkpt lat="37.43422" lon="-6.57425">
        <ele>79.0</ele>
      </trkpt>
      <trkpt lat="37.43285" lon="-6.57094">
        <ele>79.0</ele>
      </trkpt>
      <trkpt lat="37.4307" lon="-6.5688">
        <ele>78.0</ele>
      </trkpt>
      <trkpt lat="37.4304" lon="-6.56816">
        <ele>78.0</ele>
      </trkpt>
      <trkpt lat="37.42964" lon="-6.56526">
        <ele>78.0</ele>
      </trkpt>
      <trkpt lat="37.42887" lon="-6.5643">
        <ele>76.0</ele>
      </trkpt>
      <trkpt lat="37.42836" lon="-6.56396">
        <ele>76.0</ele>
      </trkpt>
      <trkpt lat="37.42381" lon="-6.56262">
        <ele>76.0</ele>
      </trkpt>
      <trkpt lat="37.42095" lon="-6.5622">
        <ele>77.0</ele>
      </trkpt>
      <trkpt lat="37.41276" lon="-6.56036">
        <ele>65.0</ele>
      </trkpt>
      <trkpt lat="37.41005" lon="-6.55971">
        <ele>59.0</ele>
      </trkpt>
      <trkpt lat="37.40868" lon="-6.5592">
        <ele>60.0</ele>
      </trkpt>
      <trkpt lat="37.40639" lon="-6.5586">
        <ele>64.0</ele>
      </trkpt>
      <trkpt lat="37.40171" lon="-6.55665">
        <ele>69.0</ele>
      </trkpt>
      <trkpt lat="37.39939" lon="-6.55552">
        <ele>71.0</ele>
      </trkpt>
      <trkpt lat="37.39408" lon="-6.55334">
        <ele>80.0</ele>
      </trkpt>
      <trkpt lat="37.39314" lon="-6.5531">
        <ele>83.0</ele>
      </trkpt>
      <trkpt lat="37.39283" lon="-6.55697">
        <ele>82.0</ele>
      </trkpt>
      <trkpt lat="37.39199" lon="-6.56033">
        <ele>82.0</ele>
      </trkpt>
      <trkpt lat="37.39197" lon="-6.56098">
        <ele>81.0</ele>
      </trkpt>
      <trkpt lat="37.3917" lon="-6.56136">
        <ele>81.0</ele>
      </trkpt>
      <trkpt lat="37.38949" lon="-6.56866">
        <ele>82.0</ele>
      </trkpt>
      <trkpt lat="37.38939" lon="-6.56908">
        <ele>82.0</ele>
      </trkpt>
      <trkpt lat="37.38953" lon="-6.56981">
        <ele>82.0</ele>
      </trkpt>
      <trkpt lat="37.38914" lon="-6.57046">
        <ele>82.0</ele>
      </trkpt>
      <trkpt lat="37.38753" lon="-6.59334">
        <ele>78.0</ele>
      </trkpt>
      <trkpt lat="37.38714" lon="-6.60109">
        <ele>74.0</ele>
      </trkpt>
      <trkpt lat="37.38591" lon="-6.60811">
        <ele>71.0</ele>
      </trkpt>
      <trkpt lat="37.37338" lon="-6.65378">
        <ele>44.0</ele>
      </trkpt>
      <trkpt lat="37.37326" lon="-6.65459">
        <ele>43.0</ele>
      </trkpt>
      <trkpt lat="37.37321" lon="-6.6594">
        <ele>39.0</ele>
      </trkpt>
      <trkpt lat="37.37309" lon="-6.66051">
        <ele>34.0</ele>
      </trkpt>
      <trkpt lat="37.37265" lon="-6.66161">
        <ele>32.0</ele>
      </trkpt>
      <trkpt lat="37.36946" lon="-6.66726">
        <ele>28.0</ele>
      </trkpt>
      <trkpt lat="37.36449" lon="-6.67261">
        <ele>22.0</ele>
      </trkpt>
      <trkpt lat="37.36267" lon="-6.67228">
        <ele>25.0</ele>
      </trkpt>
      <trkpt lat="37.3604" lon="-6.67015">
        <ele>29.0</ele>
      </trkpt>
      <trkpt lat="37.35714" lon="-6.6683">
        <ele>40.0</ele>
      </trkpt>
      <trkpt lat="37.35694" lon="-6.66847">
        <ele>41.0</ele>
      </trkpt>
      <trkpt lat="37.35631" lon="-6.66976">
        <ele>43.0</ele>
      </trkpt>
      <trkpt lat="37.35497" lon="-6.67126">
        <ele>43.0</ele>
      </trkpt>
      <trkpt lat="37.35159" lon="-6.675">
        <ele>49.0</ele>
      </trkpt>
      <trkpt lat="37.35064" lon="-6.67553">
        <ele>51.0</ele>
      </trkpt>
      <trkpt lat="37.3499" lon="-6.67585">
        <ele>52.0</ele>
      </trkpt>
      <trkpt lat="37.34811" lon="-6.67603">
        <ele>55.0</ele>
      </trkpt>
      <trkpt lat="37.34679" lon="-6.67636">
        <ele>56.0</ele>
      </trkpt>
      <trkpt lat="37.3409" lon="-6.67661">
        <ele>63.0</ele>
      </trkpt>
      <trkpt lat="37.33853" lon="-6.67589">
        <ele>71.0</ele>
      </trkpt>
      <trkpt lat="37.33736" lon="-6.67532">
        <ele>78.0</ele>
      </trkpt>
      <trkpt lat="37.33641" lon="-6.67446">
        <ele>84.0</ele>
      </trkpt>
      <trkpt lat="37.33472" lon="-6.67213">
        <ele>91.0</ele>
      </trkpt>
      <trkpt lat="37.33382" lon="-6.67138">
        <ele>94.0</ele>
      </trkpt>
      <trkpt lat="37.333" lon="-6.67103">
        <ele>98.0</ele>
      </trkpt>
      <trkpt lat="37.33024" lon="-6.67052">
        <ele>108.0</ele>
      </trkpt>
      <trkpt lat="37.32922" lon="-6.67018">
        <ele>114.0</ele>
      </trkpt>
      <trkpt lat="37.32513" lon="-6.66735">
        <ele>138.0</ele>
      </trkpt>
      <trkpt lat="37.32073" lon="-6.66305">
        <ele>133.0</ele>
      </trkpt>
      <trkpt lat="37.31519" lon="-6.65915">
        <ele>129.0</ele>
      </trkpt>
      <trkpt lat="37.31388" lon="-6.65805">
        <ele>124.0</ele>
      </trkpt>
      <trkpt lat="37.31221" lon="-6.65617">
        <ele>115.0</ele>
      </trkpt>
      <trkpt lat="37.31071" lon="-6.65389">
        <ele>108.0</ele>
      </trkpt>
      <trkpt lat="37.30972" lon="-6.65201">
        <ele>105.0</ele>
      </trkpt>
      <trkpt lat="37.30949" lon="-6.65171">
        <ele>103.0</ele>
      </trkpt>
      <trkpt lat="37.30929" lon="-6.65178">
        <ele>102.0</ele>
      </trkpt>
      <trkpt lat="37.30934" lon="-6.65226">
        <ele>102.0</ele>
      </trkpt>
      <trkpt lat="37.30985" lon="-6.65332">
        <ele>103.0</ele>
      </trkpt>
      <trkpt lat="37.31031" lon="-6.65598">
        <ele>106.0</ele>
      </trkpt>
      <trkpt lat="37.31025" lon="-6.65843">
        <ele>112.0</ele>
      </trkpt>
      <trkpt lat="37.31008" lon="-6.65952">
        <ele>116.0</ele>
      </trkpt>
      <trkpt lat="37.30561" lon="-6.66854">
        <ele>125.0</ele>
      </trkpt>
      <trkpt lat="37.30203" lon="-6.6769">
        <ele>126.0</ele>
      </trkpt>
      <trkpt lat="37.2999" lon="-6.68222">
        <ele>125.0</ele>
      </trkpt>
      <trkpt lat="37.29877" lon="-6.68448">
        <ele>129.0</ele>
      </trkpt>
      <trkpt lat="37.29832" lon="-6.68654">
        <ele>130.0</ele>
      </trkpt>
      <trkpt lat="37.29754" lon="-6.69327">
        <ele>128.0</ele>
      </trkpt>
      <trkpt lat="37.29723" lon="-6.70241">
        <ele>127.0</ele>
      </trkpt>
      <trkpt lat="37.29736" lon="-6.70433">
        <ele>127.0</ele>
      </trkpt>
      <trkpt lat="37.2977" lon="-6.70563">
        <ele>126.0</ele>
      </trkpt>
      <trkpt lat="37.29872" lon="-6.70821">
        <ele>128.0</ele>
      </trkpt>
      <trkpt lat="37.2993" lon="-6.7119">
        <ele>127.0</ele>
      </trkpt>
      <trkpt lat="37.29958" lon="-6.71276">
        <ele>126.0</ele>
      </trkpt>
      <trkpt lat="37.30026" lon="-6.7141">
        <ele>123.0</ele>
      </trkpt>
      <trkpt lat="37.30048" lon="-6.71529">
        <ele>116.0</ele>
      </trkpt>
      <trkpt lat="37.30044" lon="-6.71599">
        <ele>112.0</ele>
      </trkpt>
      <trkpt lat="37.3002" lon="-6.71682">
        <ele>109.0</ele>
      </trkpt>
      <trkpt lat="37.29874" lon="-6.719">
        <ele>102.0</ele>
      </trkpt>
      <trkpt lat="37.29815" lon="-6.72082">
        <ele>94.0</ele>
      </trkpt>
      <trkpt lat="37.29808" lon="-6.72251">
        <ele>91.0</ele>
      </trkpt>
      <trkpt lat="37.2985" lon="-6.72917">
        <ele>85.0</ele>
      </trkpt>
      <trkpt lat="37.29883" lon="-6.73065">
        <ele>84.0</ele>
      </trkpt>
      <trkpt lat="37.29944" lon="-6.73196">
        <ele>82.0</ele>
      </trkpt>
      <trkpt lat="37.30016" lon="-6.73287">
        <ele>76.0</ele>
      </trkpt>
      <trkpt lat="37.30162" lon="-6.73407">
        <ele>71.0</ele>
      </trkpt>
      <trkpt lat="37.30248" lon="-6.7354">
        <ele>62.0</ele>
      </trkpt>
      <trkpt lat="37.30281" lon="-6.73655">
        <ele>54.0</ele>
      </trkpt>
      <trkpt lat="37.30304" lon="-6.73875">
        <ele>41.0</ele>
      </trkpt>
      <trkpt lat="37.30408" lon="-6.74114">
        <ele>29.0</ele>
      </trkpt>
      <trkpt lat="37.30429" lon="-6.74229">
        <ele>26.0</ele>
      </trkpt>
      <trkpt lat="37.30418" lon="-6.74628">
        <ele>22.0</ele>
      </trkpt>
      <trkpt lat="37.30355" lon="-6.75188">
        <ele>12.0</ele>
      </trkpt>
      <trkpt lat="37.3019" lon="-6.77619">
        <ele>6.0</ele>
      </trkpt>
      <trkpt lat="37.30195" lon="-6.77726">
        <ele>5.0</ele>
      </trkpt>
      <trkpt lat="37.30216" lon="-6.7783">
        <ele>5.0</ele>
      </trkpt>
      <trkpt lat="37.30408" lon="-6.78441">
        <ele>4.0</ele>
      </trkpt>
      <trkpt lat="37.30421" lon="-6.78531">
        <ele>4.0</ele>
      </trkpt>
      <trkpt lat="37.30163" lon="-6.80032">
        <ele>5.0</ele>
      </trkpt>
      <trkpt lat="37.30153" lon="-6.8015">
        <ele>6.0</ele>
      </trkpt>
      <trkpt lat="37.30183" lon="-6.80736">
        <ele>6.0</ele>
      </trkpt>
      <trkpt lat="37.30167" lon="-6.81118">
        <ele>4.0</ele>
      </trkpt>
      <trkpt lat="37.30201" lon="-6.81898">
        <ele>4.0</ele>
      </trkpt>
      <trkpt lat="37.30219" lon="-6.82016">
        <ele>3.0</ele>
      </trkpt>
      <trkpt lat="37.30246" lon="-6.82047">
        <ele>3.0</ele>
      </trkpt>
      <trkpt lat="37.3028" lon="-6.82124">
        <ele>3.0</ele>
      </trkpt>
      <trkpt lat="37.30165" lon="-6.82257">
        <ele>3.0</ele>
      </trkpt>
      <trkpt lat="37.29867" lon="-6.82769">
        <ele>4.0</ele>
      </trkpt>
      <trkpt lat="37.29771" lon="-6.82856">
        <ele>5.0</ele>
      </trkpt>
      <trkpt lat="37.29648" lon="-6.82907">
        <ele>6.0</ele>
      </trkpt>
      <trkpt lat="37.28977" lon="-6.8299">
        <ele>20.0</ele>
      </trkpt>
      <trkpt lat="37.28552" lon="-6.83025">
        <ele>29.0</ele>
      </trkpt>
      <trkpt lat="37.28328" lon="-6.82988">
        <ele>57.0</ele>
      </trkpt>
      <trkpt lat="37.28182" lon="-6.82924">
        <ele>61.0</ele>
      </trkpt>
      <trkpt lat="37.28094" lon="-6.82914">
        <ele>63.0</ele>
      </trkpt>
      <trkpt lat="37.27966" lon="-6.82924">
        <ele>64.0</ele>
      </trkpt>
      <trkpt lat="37.27442" lon="-6.83037">
        <ele>54.0</ele>
      </trkpt>
      <trkpt lat="37.27314" lon="-6.83097">
        <ele>49.0</ele>
      </trkpt>
      <trkpt lat="37.27189" lon="-6.83188">
        <ele>44.0</ele>
      </trkpt>
      <trkpt lat="37.26608" lon="-6.83805">
        <ele>35.0</ele>
      </trkpt>
      <trkpt lat="37.26441" lon="-6.84024">
        <ele>38.0</ele>
      </trkpt>
      <trkpt lat="37.26329" lon="-6.84197">
        <ele>38.0</ele>
      </trkpt>
      <trkpt lat="37.25966" lon="-6.84796">
        <ele>39.0</ele>
      </trkpt>
      <trkpt lat="37.25756" lon="-6.85326">
        <ele>34.0</ele>
      </trkpt>
      <trkpt lat="37.25368" lon="-6.85959">
        <ele>40.0</ele>
      </trkpt>
      <trkpt lat="37.25018" lon="-6.86579">
        <ele>40.0</ele>
      </trkpt>
      <trkpt lat="37.24981" lon="-6.86661">
        <ele>39.0</ele>
      </trkpt>
      <trkpt lat="37.249" lon="-6.8692">
        <ele>40.0</ele>
      </trkpt>
      <trkpt lat="37.24752" lon="-6.87271">
        <ele>31.0</ele>
      </trkpt>
      <trkpt lat="37.24568" lon="-6.87497">
        <ele>28.0</ele>
      </trkpt>
      <trkpt lat="37.24397" lon="-6.87801">
        <ele>34.0</ele>
      </trkpt>
      <trkpt lat="37.24232" lon="-6.88015">
        <ele>36.0</ele>
      </trkpt>
      <trkpt lat="37.24192" lon="-6.88058">
        <ele>36.0</ele>
      </trkpt>
      <trkpt lat="37.2406" lon="-6.8815">
        <ele>35.0</ele>
      </trkpt>
      <trkpt lat="37.24029" lon="-6.88188">
        <ele>34.0</ele>
      </trkpt>
      <trkpt lat="37.23972" lon="-6.88148">
        <ele>33.0</ele>
      </trkpt>
      <trkpt lat="37.23801" lon="-6.88127">
        <ele>31.0</ele>
      </trkpt>
      <trkpt lat="37.23668" lon="-6.88068">
        <ele>29.0</ele>
      </trkpt>
      <trkpt lat="37.22815" lon="-6.87302">
        <ele>37.0</ele>
      </trkpt>
      <trkpt lat="37.22718" lon="-6.87239">
        <ele>44.0</ele>
      </trkpt>
      <trkpt lat="37.2255" lon="-6.87184">
        <ele>47.0</ele>
      </trkpt>
      <trkpt lat="37.22461" lon="-6.87174">
        <ele>47.0</ele>
      </trkpt>
      <trkpt lat="37.22355" lon="-6.87182">
        <ele>46.0</ele>
      </trkpt>
      <trkpt lat="37.2197" lon="-6.87329">
        <ele>42.0</ele>
      </trkpt>
      <trkpt lat="37.21816" lon="-6.8735">
        <ele>40.0</ele>
      </trkpt>
      <trkpt lat="37.21625" lon="-6.87331">
        <ele>35.0</ele>
      </trkpt>
      <trkpt lat="37.21261" lon="-6.87212">
        <ele>25.0</ele>
      </trkpt>
      <trkpt lat="37.21019" lon="-6.87186">
        <ele>19.0</ele>
      </trkpt>
      <trkpt lat="37.20739" lon="-6.87214">
        <ele>16.0</ele>
      </trkpt>
      <trkpt lat="37.20594" lon="-6.87255">
        <ele>10.0</ele>
      </trkpt>
      <trkpt lat="37.20337" lon="-6.87357">
        <ele>8.0</ele>
      </trkpt>
      <trkpt lat="37.20107" lon="-6.874">
        <ele>21.0</ele>
      </trkpt>
      <trkpt lat="37.19958" lon="-6.87397">
        <ele>26.0</ele>
      </trkpt>
      <trkpt lat="37.19817" lon="-6.87372">
        <ele>30.0</ele>
      </trkpt>
      <trkpt lat="37.19587" lon="-6.87288">
        <ele>31.0</ele>
      </trkpt>
      <trkpt lat="37.19432" lon="-6.87186">
        <ele>31.0</ele>
      </trkpt>
      <trkpt lat="37.18997" lon="-6.86821">
        <ele>28.0</ele>
      </trkpt>
      <trkpt lat="37.16951" lon="-6.85063">
        <ele>31.0</ele>
      </trkpt>
      <trkpt lat="37.16889" lon="-6.84991">
        <ele>30.0</ele>
      </trkpt>
      <trkpt lat="37.16592" lon="-6.84544">
        <ele>27.0</ele>
      </trkpt>
      <trkpt lat="37.16536" lon="-6.84489">
        <ele>26.0</ele>
      </trkpt>
      <trkpt lat="37.16291" lon="-6.84361">
        <ele>20.0</ele>
      </trkpt>
      <trkpt lat="37.16063" lon="-6.84141">
        <ele>14.0</ele>
      </trkpt>
      <trkpt lat="37.15996" lon="-6.84096">
        <ele>15.0</ele>
      </trkpt>
      <trkpt lat="37.15301" lon="-6.83844">
        <ele>26.0</ele>
      </trkpt>
      <trkpt lat="37.14229" lon="-6.83101">
        <ele>36.0</ele>
      </trkpt>
      <trkpt lat="37.14192" lon="-6.83083">
        <ele>35.0</ele>
      </trkpt>
      <trkpt lat="37.14161" lon="-6.83093">
        <ele>35.0</ele>
      </trkpt>
      <trkpt lat="37.14151" lon="-6.83117">
        <ele>35.0</ele>
      </trkpt>
      <trkpt lat="37.14155" lon="-6.83166">
        <ele>35.0</ele>
      </trkpt>
      <trkpt lat="37.14206" lon="-6.83314">
        <ele>36.0</ele>
      </trkpt>
      <trkpt lat="37.1471" lon="-6.84147">
        <ele>36.0</ele>
      </trkpt>
      <trkpt lat="37.14798" lon="-6.8433">
        <ele>32.0</ele>
      </trkpt>
      <trkpt lat="37.14904" lon="-6.84628">
        <ele>27.0</ele>
      </trkpt>
      <trkpt lat="37.14987" lon="-6.85008">
        <ele>24.0</ele>
      </trkpt>
      <trkpt lat="37.15017" lon="-6.85352">
        <ele>21.0</ele>
      </trkpt>
      <trkpt lat="37.15073" lon="-6.86428">
        <ele>20.0</ele>
      </trkpt>
      <trkpt lat="37.15097" lon="-6.86569">
        <ele>18.0</ele>
      </trkpt>
      <trkpt lat="37.15132" lon="-6.86686">
        <ele>14.0</ele>
      </trkpt>
      <trkpt lat="37.15204" lon="-6.86843">
        <ele>12.0</ele>
      </trkpt>
      <trkpt lat="37.15393" lon="-6.87134">
        <ele>11.0</ele>
      </trkpt>
      <trkpt lat="37.15656" lon="-6.87455">
        <ele>10.0</ele>
      </trkpt>
      <trkpt lat="37.15718" lon="-6.87552">
        <ele>8.0</ele>
      </trkpt>
      <trkpt lat="37.15975" lon="-6.88115">
        <ele>10.0</ele>
      </trkpt>
      <trkpt lat="37.16122" lon="-6.88377">
        <ele>10.0</ele>
      </trkpt>
      <trkpt lat="37.16267" lon="-6.88729">
        <ele>8.0</ele>
      </trkpt>
      <trkpt lat="37.16327" lon="-6.88824">
        <ele>7.0</ele>
      </trkpt>
      <trkpt lat="37.16432" lon="-6.88926">
        <ele>7.0</ele>
      </trkpt>
      <trkpt lat="37.16631" lon="-6.89065">
        <ele>7.0</ele>
      </trkpt>
      <trkpt lat="37.16712" lon="-6.89137">
        <ele>8.0</ele>
      </trkpt>
      <trkpt lat="37.16819" lon="-6.89241">
        <ele>10.0</ele>
      </trkpt>
      <trkpt lat="37.16941" lon="-6.89388">
        <ele>11.0</ele>
      </trkpt>
      <trkpt lat="37.17289" lon="-6.89966">
        <ele>9.0</ele>
      </trkpt>
      <trkpt lat="37.17339" lon="-6.90008">
        <ele>11.0</ele>
      </trkpt>
      <trkpt lat="37.17352" lon="-6.90072">
        <ele>12.0</ele>
      </trkpt>
      <trkpt lat="37.1765" lon="-6.90562">
        <ele>13.0</ele>
      </trkpt>
      <trkpt lat="37.18477" lon="-6.91626">
        <ele>7.0</ele>
      </trkpt>
      <trkpt lat="37.18651" lon="-6.91806">
        <ele>7.0</ele>
      </trkpt>
      <trkpt lat="37.19375" lon="-6.92407">
        <ele>7.0</ele>
      </trkpt>
      <trkpt lat="37.1956" lon="-6.92522">
        <ele>5.0</ele>
      </trkpt>
      <trkpt lat="37.19611" lon="-6.92523">
        <ele>5.0</ele>
      </trkpt>
      <trkpt lat="37.20081" lon="-6.92353">
        <ele>5.0</ele>
      </trkpt>
      <trkpt lat="37.20124" lon="-6.92315">
        <ele>9.0</ele>
      </trkpt>
      <trkpt lat="37.20166" lon="-6.92322">
        <ele>11.0</ele>
      </trkpt>
      <trkpt lat="37.20849" lon="-6.92073">
        <ele>26.0</ele>
      </trkpt>
    </trkseg>
  </trk>
</gpx>